<?xml version="1.0" encoding="UTF-8"?>
<TrainingCenterDatabase
  xsi:schemaLocation="http://www.garmin.com/xmlschemas/TrainingCenterDatabase/v2 http://www.garmin.com/xmlschemas/TrainingCenterDatabasev2.xsd"
  xmlns:ns5="http://www.garmin.com/xmlschemas/ActivityGoals/v1"
  xmlns:ns3="http://www.garmin.com/xmlschemas/ActivityExtension/v2"
  xmlns:ns2="http://www.garmin.com/xmlschemas/UserProfile/v2"
  xmlns="http://www.garmin.com/xmlschemas/TrainingCenterDatabase/v2"
  xmlns:xsi="http://www.w3.org/2001/XMLSchema-instance" xmlns:ns4="http://www.garmin.com/xmlschemas/ProfileExtension/v1">
  <Activities>
    <Activity Sport="Other">
      <Id>2026-06-11T16:41:03.000Z</Id>
      <Lap StartTime="2026-06-11T16:41:03.000Z">
        <TotalTimeSeconds>1715.663</TotalTimeSeconds>
        <DistanceMeters>0.0</DistanceMeters>
        <Calories>174</Calories>
        <AverageHeartRateBpm>
          <Value>96</Value>
        </AverageHeartRateBpm>
        <MaximumHeartRateBpm>
          <Value>112</Value>
        </MaximumHeartRateBpm>
        <Intensity>Active</Intensity>
        <TriggerMethod>Manual</TriggerMethod>
        <Track>
          <Trackpoint>
            <Time>2026-06-11T16:41:03.000Z</Time>
            <DistanceMeters>0.0</DistanceMeters>
            <HeartRateBpm>
              <Value>71</Value>
            </HeartRateBpm>
            <Extensions>
              <ns3:TPX/>
            </Extensions>
          </Trackpoint>
          <Trackpoint>
            <Time>2026-06-11T16:41:04.000Z</Time>
            <DistanceMeters>0.0</DistanceMeters>
            <HeartRateBpm>
              <Value>71</Value>
            </HeartRateBpm>
            <Extensions>
              <ns3:TPX/>
            </Extensions>
          </Trackpoint>
          <Trackpoint>
            <Time>2026-06-11T16:41:05.000Z</Time>
            <DistanceMeters>0.0</DistanceMeters>
            <HeartRateBpm>
              <Value>70</Value>
            </HeartRateBpm>
            <Extensions>
              <ns3:TPX/>
            </Extensions>
          </Trackpoint>
          <Trackpoint>
            <Time>2026-06-11T16:41:06.000Z</Time>
            <DistanceMeters>0.0</DistanceMeters>
            <HeartRateBpm>
              <Value>71</Value>
            </HeartRateBpm>
            <Extensions>
              <ns3:TPX/>
            </Extensions>
          </Trackpoint>
          <Trackpoint>
            <Time>2026-06-11T16:41:10.000Z</Time>
            <DistanceMeters>0.0</DistanceMeters>
            <HeartRateBpm>
              <Value>72</Value>
            </HeartRateBpm>
            <Extensions>
              <ns3:TPX/>
            </Extensions>
          </Trackpoint>
          <Trackpoint>
            <Time>2026-06-11T16:41:11.000Z</Time>
            <DistanceMeters>0.0</DistanceMeters>
            <HeartRateBpm>
              <Value>75</Value>
            </HeartRateBpm>
            <Extensions>
              <ns3:TPX/>
            </Extensions>
          </Trackpoint>
          <Trackpoint>
            <Time>2026-06-11T16:41:12.000Z</Time>
            <DistanceMeters>0.0</DistanceMeters>
            <HeartRateBpm>
              <Value>77</Value>
            </HeartRateBpm>
            <Extensions>
              <ns3:TPX/>
            </Extensions>
          </Trackpoint>
          <Trackpoint>
            <Time>2026-06-11T16:41:15.000Z</Time>
            <DistanceMeters>0.0</DistanceMeters>
            <HeartRateBpm>
              <Value>79</Value>
            </HeartRateBpm>
            <Extensions>
              <ns3:TPX/>
            </Extensions>
          </Trackpoint>
          <Trackpoint>
            <Time>2026-06-11T16:41:17.000Z</Time>
            <DistanceMeters>0.0</DistanceMeters>
            <HeartRateBpm>
              <Value>80</Value>
            </HeartRateBpm>
            <Extensions>
              <ns3:TPX/>
            </Extensions>
          </Trackpoint>
          <Trackpoint>
            <Time>2026-06-11T16:41:20.000Z</Time>
            <DistanceMeters>0.0</DistanceMeters>
            <HeartRateBpm>
              <Value>81</Value>
            </HeartRateBpm>
            <Extensions>
              <ns3:TPX/>
            </Extensions>
          </Trackpoint>
          <Trackpoint>
            <Time>2026-06-11T16:41:28.000Z</Time>
            <DistanceMeters>0.0</DistanceMeters>
            <HeartRateBpm>
              <Value>82</Value>
            </HeartRateBpm>
            <Extensions>
              <ns3:TPX/>
            </Extensions>
          </Trackpoint>
          <Trackpoint>
            <Time>2026-06-11T16:41:30.000Z</Time>
            <DistanceMeters>0.0</DistanceMeters>
            <HeartRateBpm>
              <Value>83</Value>
            </HeartRateBpm>
            <Extensions>
              <ns3:TPX/>
            </Extensions>
          </Trackpoint>
          <Trackpoint>
            <Time>2026-06-11T16:41:32.000Z</Time>
            <DistanceMeters>0.0</DistanceMeters>
            <HeartRateBpm>
              <Value>84</Value>
            </HeartRateBpm>
            <Extensions>
              <ns3:TPX/>
            </Extensions>
          </Trackpoint>
          <Trackpoint>
            <Time>2026-06-11T16:41:37.000Z</Time>
            <DistanceMeters>0.0</DistanceMeters>
            <HeartRateBpm>
              <Value>85</Value>
            </HeartRateBpm>
            <Extensions>
              <ns3:TPX/>
            </Extensions>
          </Trackpoint>
          <Trackpoint>
            <Time>2026-06-11T16:41:46.000Z</Time>
            <DistanceMeters>0.0</DistanceMeters>
            <HeartRateBpm>
              <Value>86</Value>
            </HeartRateBpm>
            <Extensions>
              <ns3:TPX/>
            </Extensions>
          </Trackpoint>
          <Trackpoint>
            <Time>2026-06-11T16:41:51.000Z</Time>
            <DistanceMeters>0.0</DistanceMeters>
            <HeartRateBpm>
              <Value>87</Value>
            </HeartRateBpm>
            <Extensions>
              <ns3:TPX/>
            </Extensions>
          </Trackpoint>
          <Trackpoint>
            <Time>2026-06-11T16:41:53.000Z</Time>
            <DistanceMeters>0.0</DistanceMeters>
            <HeartRateBpm>
              <Value>88</Value>
            </HeartRateBpm>
            <Extensions>
              <ns3:TPX/>
            </Extensions>
          </Trackpoint>
          <Trackpoint>
            <Time>2026-06-11T16:41:55.000Z</Time>
            <DistanceMeters>0.0</DistanceMeters>
            <HeartRateBpm>
              <Value>89</Value>
            </HeartRateBpm>
            <Extensions>
              <ns3:TPX/>
            </Extensions>
          </Trackpoint>
          <Trackpoint>
            <Time>2026-06-11T16:41:58.000Z</Time>
            <DistanceMeters>0.0</DistanceMeters>
            <HeartRateBpm>
              <Value>90</Value>
            </HeartRateBpm>
            <Extensions>
              <ns3:TPX/>
            </Extensions>
          </Trackpoint>
          <Trackpoint>
            <Time>2026-06-11T16:42:00.000Z</Time>
            <DistanceMeters>0.0</DistanceMeters>
            <HeartRateBpm>
              <Value>92</Value>
            </HeartRateBpm>
            <Extensions>
              <ns3:TPX/>
            </Extensions>
          </Trackpoint>
          <Trackpoint>
            <Time>2026-06-11T16:42:01.000Z</Time>
            <DistanceMeters>0.0</DistanceMeters>
            <HeartRateBpm>
              <Value>93</Value>
            </HeartRateBpm>
            <Extensions>
              <ns3:TPX/>
            </Extensions>
          </Trackpoint>
          <Trackpoint>
            <Time>2026-06-11T16:42:03.000Z</Time>
            <DistanceMeters>0.0</DistanceMeters>
            <HeartRateBpm>
              <Value>94</Value>
            </HeartRateBpm>
            <Extensions>
              <ns3:TPX/>
            </Extensions>
          </Trackpoint>
          <Trackpoint>
            <Time>2026-06-11T16:42:06.000Z</Time>
            <DistanceMeters>0.0</DistanceMeters>
            <HeartRateBpm>
              <Value>95</Value>
            </HeartRateBpm>
            <Extensions>
              <ns3:TPX/>
            </Extensions>
          </Trackpoint>
          <Trackpoint>
            <Time>2026-06-11T16:42:07.000Z</Time>
            <DistanceMeters>0.0</DistanceMeters>
            <HeartRateBpm>
              <Value>96</Value>
            </HeartRateBpm>
            <Extensions>
              <ns3:TPX/>
            </Extensions>
          </Trackpoint>
          <Trackpoint>
            <Time>2026-06-11T16:42:08.000Z</Time>
            <DistanceMeters>0.0</DistanceMeters>
            <HeartRateBpm>
              <Value>99</Value>
            </HeartRateBpm>
            <Extensions>
              <ns3:TPX/>
            </Extensions>
          </Trackpoint>
          <Trackpoint>
            <Time>2026-06-11T16:42:09.000Z</Time>
            <DistanceMeters>0.0</DistanceMeters>
            <HeartRateBpm>
              <Value>100</Value>
            </HeartRateBpm>
            <Extensions>
              <ns3:TPX/>
            </Extensions>
          </Trackpoint>
          <Trackpoint>
            <Time>2026-06-11T16:42:10.000Z</Time>
            <DistanceMeters>0.0</DistanceMeters>
            <HeartRateBpm>
              <Value>101</Value>
            </HeartRateBpm>
            <Extensions>
              <ns3:TPX/>
            </Extensions>
          </Trackpoint>
          <Trackpoint>
            <Time>2026-06-11T16:42:13.000Z</Time>
            <DistanceMeters>0.0</DistanceMeters>
            <HeartRateBpm>
              <Value>102</Value>
            </HeartRateBpm>
            <Extensions>
              <ns3:TPX/>
            </Extensions>
          </Trackpoint>
          <Trackpoint>
            <Time>2026-06-11T16:42:17.000Z</Time>
            <DistanceMeters>0.0</DistanceMeters>
            <HeartRateBpm>
              <Value>103</Value>
            </HeartRateBpm>
            <Extensions>
              <ns3:TPX/>
            </Extensions>
          </Trackpoint>
          <Trackpoint>
            <Time>2026-06-11T16:42:18.000Z</Time>
            <DistanceMeters>0.0</DistanceMeters>
            <HeartRateBpm>
              <Value>102</Value>
            </HeartRateBpm>
            <Extensions>
              <ns3:TPX/>
            </Extensions>
          </Trackpoint>
          <Trackpoint>
            <Time>2026-06-11T16:42:20.000Z</Time>
            <DistanceMeters>0.0</DistanceMeters>
            <HeartRateBpm>
              <Value>101</Value>
            </HeartRateBpm>
            <Extensions>
              <ns3:TPX/>
            </Extensions>
          </Trackpoint>
          <Trackpoint>
            <Time>2026-06-11T16:42:33.000Z</Time>
            <DistanceMeters>0.0</DistanceMeters>
            <HeartRateBpm>
              <Value>102</Value>
            </HeartRateBpm>
            <Extensions>
              <ns3:TPX/>
            </Extensions>
          </Trackpoint>
          <Trackpoint>
            <Time>2026-06-11T16:42:34.000Z</Time>
            <DistanceMeters>0.0</DistanceMeters>
            <HeartRateBpm>
              <Value>103</Value>
            </HeartRateBpm>
            <Extensions>
              <ns3:TPX/>
            </Extensions>
          </Trackpoint>
          <Trackpoint>
            <Time>2026-06-11T16:42:40.000Z</Time>
            <DistanceMeters>0.0</DistanceMeters>
            <HeartRateBpm>
              <Value>104</Value>
            </HeartRateBpm>
            <Extensions>
              <ns3:TPX/>
            </Extensions>
          </Trackpoint>
          <Trackpoint>
            <Time>2026-06-11T16:42:41.000Z</Time>
            <DistanceMeters>0.0</DistanceMeters>
            <HeartRateBpm>
              <Value>103</Value>
            </HeartRateBpm>
            <Extensions>
              <ns3:TPX/>
            </Extensions>
          </Trackpoint>
          <Trackpoint>
            <Time>2026-06-11T16:42:47.000Z</Time>
            <DistanceMeters>0.0</DistanceMeters>
            <HeartRateBpm>
              <Value>104</Value>
            </HeartRateBpm>
            <Extensions>
              <ns3:TPX/>
            </Extensions>
          </Trackpoint>
          <Trackpoint>
            <Time>2026-06-11T16:42:48.000Z</Time>
            <DistanceMeters>0.0</DistanceMeters>
            <HeartRateBpm>
              <Value>103</Value>
            </HeartRateBpm>
            <Extensions>
              <ns3:TPX/>
            </Extensions>
          </Trackpoint>
          <Trackpoint>
            <Time>2026-06-11T16:42:50.000Z</Time>
            <DistanceMeters>0.0</DistanceMeters>
            <HeartRateBpm>
              <Value>104</Value>
            </HeartRateBpm>
            <Extensions>
              <ns3:TPX/>
            </Extensions>
          </Trackpoint>
          <Trackpoint>
            <Time>2026-06-11T16:42:52.000Z</Time>
            <DistanceMeters>0.0</DistanceMeters>
            <HeartRateBpm>
              <Value>103</Value>
            </HeartRateBpm>
            <Extensions>
              <ns3:TPX/>
            </Extensions>
          </Trackpoint>
          <Trackpoint>
            <Time>2026-06-11T16:43:03.000Z</Time>
            <DistanceMeters>0.0</DistanceMeters>
            <HeartRateBpm>
              <Value>104</Value>
            </HeartRateBpm>
            <Extensions>
              <ns3:TPX/>
            </Extensions>
          </Trackpoint>
          <Trackpoint>
            <Time>2026-06-11T16:43:04.000Z</Time>
            <DistanceMeters>0.0</DistanceMeters>
            <HeartRateBpm>
              <Value>103</Value>
            </HeartRateBpm>
            <Extensions>
              <ns3:TPX/>
            </Extensions>
          </Trackpoint>
          <Trackpoint>
            <Time>2026-06-11T16:43:05.000Z</Time>
            <DistanceMeters>0.0</DistanceMeters>
            <HeartRateBpm>
              <Value>104</Value>
            </HeartRateBpm>
            <Extensions>
              <ns3:TPX/>
            </Extensions>
          </Trackpoint>
          <Trackpoint>
            <Time>2026-06-11T16:43:06.000Z</Time>
            <DistanceMeters>0.0</DistanceMeters>
            <HeartRateBpm>
              <Value>105</Value>
            </HeartRateBpm>
            <Extensions>
              <ns3:TPX/>
            </Extensions>
          </Trackpoint>
          <Trackpoint>
            <Time>2026-06-11T16:43:08.000Z</Time>
            <DistanceMeters>0.0</DistanceMeters>
            <HeartRateBpm>
              <Value>106</Value>
            </HeartRateBpm>
            <Extensions>
              <ns3:TPX/>
            </Extensions>
          </Trackpoint>
          <Trackpoint>
            <Time>2026-06-11T16:43:12.000Z</Time>
            <DistanceMeters>0.0</DistanceMeters>
            <HeartRateBpm>
              <Value>107</Value>
            </HeartRateBpm>
            <Extensions>
              <ns3:TPX/>
            </Extensions>
          </Trackpoint>
          <Trackpoint>
            <Time>2026-06-11T16:43:15.000Z</Time>
            <DistanceMeters>0.0</DistanceMeters>
            <HeartRateBpm>
              <Value>108</Value>
            </HeartRateBpm>
            <Extensions>
              <ns3:TPX/>
            </Extensions>
          </Trackpoint>
          <Trackpoint>
            <Time>2026-06-11T16:43:16.000Z</Time>
            <DistanceMeters>0.0</DistanceMeters>
            <HeartRateBpm>
              <Value>109</Value>
            </HeartRateBpm>
            <Extensions>
              <ns3:TPX/>
            </Extensions>
          </Trackpoint>
          <Trackpoint>
            <Time>2026-06-11T16:43:17.000Z</Time>
            <DistanceMeters>0.0</DistanceMeters>
            <HeartRateBpm>
              <Value>110</Value>
            </HeartRateBpm>
            <Extensions>
              <ns3:TPX/>
            </Extensions>
          </Trackpoint>
          <Trackpoint>
            <Time>2026-06-11T16:43:21.000Z</Time>
            <DistanceMeters>0.0</DistanceMeters>
            <HeartRateBpm>
              <Value>109</Value>
            </HeartRateBpm>
            <Extensions>
              <ns3:TPX/>
            </Extensions>
          </Trackpoint>
          <Trackpoint>
            <Time>2026-06-11T16:43:23.000Z</Time>
            <DistanceMeters>0.0</DistanceMeters>
            <HeartRateBpm>
              <Value>108</Value>
            </HeartRateBpm>
            <Extensions>
              <ns3:TPX/>
            </Extensions>
          </Trackpoint>
          <Trackpoint>
            <Time>2026-06-11T16:43:25.000Z</Time>
            <DistanceMeters>0.0</DistanceMeters>
            <HeartRateBpm>
              <Value>107</Value>
            </HeartRateBpm>
            <Extensions>
              <ns3:TPX/>
            </Extensions>
          </Trackpoint>
          <Trackpoint>
            <Time>2026-06-11T16:43:27.000Z</Time>
            <DistanceMeters>0.0</DistanceMeters>
            <HeartRateBpm>
              <Value>106</Value>
            </HeartRateBpm>
            <Extensions>
              <ns3:TPX/>
            </Extensions>
          </Trackpoint>
          <Trackpoint>
            <Time>2026-06-11T16:43:28.000Z</Time>
            <DistanceMeters>0.0</DistanceMeters>
            <HeartRateBpm>
              <Value>104</Value>
            </HeartRateBpm>
            <Extensions>
              <ns3:TPX/>
            </Extensions>
          </Trackpoint>
          <Trackpoint>
            <Time>2026-06-11T16:43:29.000Z</Time>
            <DistanceMeters>0.0</DistanceMeters>
            <HeartRateBpm>
              <Value>103</Value>
            </HeartRateBpm>
            <Extensions>
              <ns3:TPX/>
            </Extensions>
          </Trackpoint>
          <Trackpoint>
            <Time>2026-06-11T16:43:30.000Z</Time>
            <DistanceMeters>0.0</DistanceMeters>
            <HeartRateBpm>
              <Value>101</Value>
            </HeartRateBpm>
            <Extensions>
              <ns3:TPX/>
            </Extensions>
          </Trackpoint>
          <Trackpoint>
            <Time>2026-06-11T16:43:31.000Z</Time>
            <DistanceMeters>0.0</DistanceMeters>
            <HeartRateBpm>
              <Value>100</Value>
            </HeartRateBpm>
            <Extensions>
              <ns3:TPX/>
            </Extensions>
          </Trackpoint>
          <Trackpoint>
            <Time>2026-06-11T16:43:33.000Z</Time>
            <DistanceMeters>0.0</DistanceMeters>
            <HeartRateBpm>
              <Value>99</Value>
            </HeartRateBpm>
            <Extensions>
              <ns3:TPX/>
            </Extensions>
          </Trackpoint>
          <Trackpoint>
            <Time>2026-06-11T16:43:34.000Z</Time>
            <DistanceMeters>0.0</DistanceMeters>
            <HeartRateBpm>
              <Value>98</Value>
            </HeartRateBpm>
            <Extensions>
              <ns3:TPX/>
            </Extensions>
          </Trackpoint>
          <Trackpoint>
            <Time>2026-06-11T16:43:35.000Z</Time>
            <DistanceMeters>0.0</DistanceMeters>
            <HeartRateBpm>
              <Value>96</Value>
            </HeartRateBpm>
            <Extensions>
              <ns3:TPX/>
            </Extensions>
          </Trackpoint>
          <Trackpoint>
            <Time>2026-06-11T16:43:40.000Z</Time>
            <DistanceMeters>0.0</DistanceMeters>
            <HeartRateBpm>
              <Value>95</Value>
            </HeartRateBpm>
            <Extensions>
              <ns3:TPX/>
            </Extensions>
          </Trackpoint>
          <Trackpoint>
            <Time>2026-06-11T16:43:41.000Z</Time>
            <DistanceMeters>0.0</DistanceMeters>
            <HeartRateBpm>
              <Value>96</Value>
            </HeartRateBpm>
            <Extensions>
              <ns3:TPX/>
            </Extensions>
          </Trackpoint>
          <Trackpoint>
            <Time>2026-06-11T16:43:42.000Z</Time>
            <DistanceMeters>0.0</DistanceMeters>
            <HeartRateBpm>
              <Value>95</Value>
            </HeartRateBpm>
            <Extensions>
              <ns3:TPX/>
            </Extensions>
          </Trackpoint>
          <Trackpoint>
            <Time>2026-06-11T16:43:46.000Z</Time>
            <DistanceMeters>0.0</DistanceMeters>
            <HeartRateBpm>
              <Value>94</Value>
            </HeartRateBpm>
            <Extensions>
              <ns3:TPX/>
            </Extensions>
          </Trackpoint>
          <Trackpoint>
            <Time>2026-06-11T16:43:47.000Z</Time>
            <DistanceMeters>0.0</DistanceMeters>
            <HeartRateBpm>
              <Value>93</Value>
            </HeartRateBpm>
            <Extensions>
              <ns3:TPX/>
            </Extensions>
          </Trackpoint>
          <Trackpoint>
            <Time>2026-06-11T16:43:50.000Z</Time>
            <DistanceMeters>0.0</DistanceMeters>
            <HeartRateBpm>
              <Value>92</Value>
            </HeartRateBpm>
            <Extensions>
              <ns3:TPX/>
            </Extensions>
          </Trackpoint>
          <Trackpoint>
            <Time>2026-06-11T16:43:51.000Z</Time>
            <DistanceMeters>0.0</DistanceMeters>
            <HeartRateBpm>
              <Value>90</Value>
            </HeartRateBpm>
            <Extensions>
              <ns3:TPX/>
            </Extensions>
          </Trackpoint>
          <Trackpoint>
            <Time>2026-06-11T16:43:52.000Z</Time>
            <DistanceMeters>0.0</DistanceMeters>
            <HeartRateBpm>
              <Value>86</Value>
            </HeartRateBpm>
            <Extensions>
              <ns3:TPX/>
            </Extensions>
          </Trackpoint>
          <Trackpoint>
            <Time>2026-06-11T16:43:53.000Z</Time>
            <DistanceMeters>0.0</DistanceMeters>
            <HeartRateBpm>
              <Value>83</Value>
            </HeartRateBpm>
            <Extensions>
              <ns3:TPX/>
            </Extensions>
          </Trackpoint>
          <Trackpoint>
            <Time>2026-06-11T16:43:54.000Z</Time>
            <DistanceMeters>0.0</DistanceMeters>
            <HeartRateBpm>
              <Value>83</Value>
            </HeartRateBpm>
            <Extensions>
              <ns3:TPX/>
            </Extensions>
          </Trackpoint>
          <Trackpoint>
            <Time>2026-06-11T16:43:55.000Z</Time>
            <DistanceMeters>0.0</DistanceMeters>
            <HeartRateBpm>
              <Value>82</Value>
            </HeartRateBpm>
            <Extensions>
              <ns3:TPX/>
            </Extensions>
          </Trackpoint>
          <Trackpoint>
            <Time>2026-06-11T16:43:56.000Z</Time>
            <DistanceMeters>0.0</DistanceMeters>
            <HeartRateBpm>
              <Value>78</Value>
            </HeartRateBpm>
            <Extensions>
              <ns3:TPX/>
            </Extensions>
          </Trackpoint>
          <Trackpoint>
            <Time>2026-06-11T16:43:57.000Z</Time>
            <DistanceMeters>0.0</DistanceMeters>
            <HeartRateBpm>
              <Value>76</Value>
            </HeartRateBpm>
            <Extensions>
              <ns3:TPX/>
            </Extensions>
          </Trackpoint>
          <Trackpoint>
            <Time>2026-06-11T16:43:58.000Z</Time>
            <DistanceMeters>0.0</DistanceMeters>
            <HeartRateBpm>
              <Value>78</Value>
            </HeartRateBpm>
            <Extensions>
              <ns3:TPX/>
            </Extensions>
          </Trackpoint>
          <Trackpoint>
            <Time>2026-06-11T16:43:59.000Z</Time>
            <DistanceMeters>0.0</DistanceMeters>
            <HeartRateBpm>
              <Value>80</Value>
            </HeartRateBpm>
            <Extensions>
              <ns3:TPX/>
            </Extensions>
          </Trackpoint>
          <Trackpoint>
            <Time>2026-06-11T16:44:00.000Z</Time>
            <DistanceMeters>0.0</DistanceMeters>
            <HeartRateBpm>
              <Value>82</Value>
            </HeartRateBpm>
            <Extensions>
              <ns3:TPX/>
            </Extensions>
          </Trackpoint>
          <Trackpoint>
            <Time>2026-06-11T16:44:01.000Z</Time>
            <DistanceMeters>0.0</DistanceMeters>
            <HeartRateBpm>
              <Value>84</Value>
            </HeartRateBpm>
            <Extensions>
              <ns3:TPX/>
            </Extensions>
          </Trackpoint>
          <Trackpoint>
            <Time>2026-06-11T16:44:04.000Z</Time>
            <DistanceMeters>0.0</DistanceMeters>
            <HeartRateBpm>
              <Value>86</Value>
            </HeartRateBpm>
            <Extensions>
              <ns3:TPX/>
            </Extensions>
          </Trackpoint>
          <Trackpoint>
            <Time>2026-06-11T16:44:05.000Z</Time>
            <DistanceMeters>0.0</DistanceMeters>
            <HeartRateBpm>
              <Value>89</Value>
            </HeartRateBpm>
            <Extensions>
              <ns3:TPX/>
            </Extensions>
          </Trackpoint>
          <Trackpoint>
            <Time>2026-06-11T16:44:06.000Z</Time>
            <DistanceMeters>0.0</DistanceMeters>
            <HeartRateBpm>
              <Value>94</Value>
            </HeartRateBpm>
            <Extensions>
              <ns3:TPX/>
            </Extensions>
          </Trackpoint>
          <Trackpoint>
            <Time>2026-06-11T16:44:07.000Z</Time>
            <DistanceMeters>0.0</DistanceMeters>
            <HeartRateBpm>
              <Value>97</Value>
            </HeartRateBpm>
            <Extensions>
              <ns3:TPX/>
            </Extensions>
          </Trackpoint>
          <Trackpoint>
            <Time>2026-06-11T16:44:08.000Z</Time>
            <DistanceMeters>0.0</DistanceMeters>
            <HeartRateBpm>
              <Value>97</Value>
            </HeartRateBpm>
            <Extensions>
              <ns3:TPX/>
            </Extensions>
          </Trackpoint>
          <Trackpoint>
            <Time>2026-06-11T16:44:09.000Z</Time>
            <DistanceMeters>0.0</DistanceMeters>
            <HeartRateBpm>
              <Value>96</Value>
            </HeartRateBpm>
            <Extensions>
              <ns3:TPX/>
            </Extensions>
          </Trackpoint>
          <Trackpoint>
            <Time>2026-06-11T16:44:10.000Z</Time>
            <DistanceMeters>0.0</DistanceMeters>
            <HeartRateBpm>
              <Value>97</Value>
            </HeartRateBpm>
            <Extensions>
              <ns3:TPX/>
            </Extensions>
          </Trackpoint>
          <Trackpoint>
            <Time>2026-06-11T16:44:11.000Z</Time>
            <DistanceMeters>0.0</DistanceMeters>
            <HeartRateBpm>
              <Value>95</Value>
            </HeartRateBpm>
            <Extensions>
              <ns3:TPX/>
            </Extensions>
          </Trackpoint>
          <Trackpoint>
            <Time>2026-06-11T16:44:13.000Z</Time>
            <DistanceMeters>0.0</DistanceMeters>
            <HeartRateBpm>
              <Value>96</Value>
            </HeartRateBpm>
            <Extensions>
              <ns3:TPX/>
            </Extensions>
          </Trackpoint>
          <Trackpoint>
            <Time>2026-06-11T16:44:14.000Z</Time>
            <DistanceMeters>0.0</DistanceMeters>
            <HeartRateBpm>
              <Value>97</Value>
            </HeartRateBpm>
            <Extensions>
              <ns3:TPX/>
            </Extensions>
          </Trackpoint>
          <Trackpoint>
            <Time>2026-06-11T16:44:15.000Z</Time>
            <DistanceMeters>0.0</DistanceMeters>
            <HeartRateBpm>
              <Value>98</Value>
            </HeartRateBpm>
            <Extensions>
              <ns3:TPX/>
            </Extensions>
          </Trackpoint>
          <Trackpoint>
            <Time>2026-06-11T16:44:19.000Z</Time>
            <DistanceMeters>0.0</DistanceMeters>
            <HeartRateBpm>
              <Value>99</Value>
            </HeartRateBpm>
            <Extensions>
              <ns3:TPX/>
            </Extensions>
          </Trackpoint>
          <Trackpoint>
            <Time>2026-06-11T16:44:20.000Z</Time>
            <DistanceMeters>0.0</DistanceMeters>
            <HeartRateBpm>
              <Value>100</Value>
            </HeartRateBpm>
            <Extensions>
              <ns3:TPX/>
            </Extensions>
          </Trackpoint>
          <Trackpoint>
            <Time>2026-06-11T16:44:26.000Z</Time>
            <DistanceMeters>0.0</DistanceMeters>
            <HeartRateBpm>
              <Value>101</Value>
            </HeartRateBpm>
            <Extensions>
              <ns3:TPX/>
            </Extensions>
          </Trackpoint>
          <Trackpoint>
            <Time>2026-06-11T16:44:27.000Z</Time>
            <DistanceMeters>0.0</DistanceMeters>
            <HeartRateBpm>
              <Value>100</Value>
            </HeartRateBpm>
            <Extensions>
              <ns3:TPX/>
            </Extensions>
          </Trackpoint>
          <Trackpoint>
            <Time>2026-06-11T16:44:29.000Z</Time>
            <DistanceMeters>0.0</DistanceMeters>
            <HeartRateBpm>
              <Value>102</Value>
            </HeartRateBpm>
            <Extensions>
              <ns3:TPX/>
            </Extensions>
          </Trackpoint>
          <Trackpoint>
            <Time>2026-06-11T16:44:31.000Z</Time>
            <DistanceMeters>0.0</DistanceMeters>
            <HeartRateBpm>
              <Value>101</Value>
            </HeartRateBpm>
            <Extensions>
              <ns3:TPX/>
            </Extensions>
          </Trackpoint>
          <Trackpoint>
            <Time>2026-06-11T16:44:32.000Z</Time>
            <DistanceMeters>0.0</DistanceMeters>
            <HeartRateBpm>
              <Value>102</Value>
            </HeartRateBpm>
            <Extensions>
              <ns3:TPX/>
            </Extensions>
          </Trackpoint>
          <Trackpoint>
            <Time>2026-06-11T16:44:39.000Z</Time>
            <DistanceMeters>0.0</DistanceMeters>
            <HeartRateBpm>
              <Value>102</Value>
            </HeartRateBpm>
            <Extensions>
              <ns3:TPX/>
            </Extensions>
          </Trackpoint>
          <Trackpoint>
            <Time>2026-06-11T16:44:41.000Z</Time>
            <DistanceMeters>0.0</DistanceMeters>
            <HeartRateBpm>
              <Value>100</Value>
            </HeartRateBpm>
            <Extensions>
              <ns3:TPX/>
            </Extensions>
          </Trackpoint>
          <Trackpoint>
            <Time>2026-06-11T16:44:42.000Z</Time>
            <DistanceMeters>0.0</DistanceMeters>
            <HeartRateBpm>
              <Value>98</Value>
            </HeartRateBpm>
            <Extensions>
              <ns3:TPX/>
            </Extensions>
          </Trackpoint>
          <Trackpoint>
            <Time>2026-06-11T16:44:44.000Z</Time>
            <DistanceMeters>0.0</DistanceMeters>
            <HeartRateBpm>
              <Value>94</Value>
            </HeartRateBpm>
            <Extensions>
              <ns3:TPX/>
            </Extensions>
          </Trackpoint>
          <Trackpoint>
            <Time>2026-06-11T16:44:45.000Z</Time>
            <DistanceMeters>0.0</DistanceMeters>
            <HeartRateBpm>
              <Value>91</Value>
            </HeartRateBpm>
            <Extensions>
              <ns3:TPX/>
            </Extensions>
          </Trackpoint>
          <Trackpoint>
            <Time>2026-06-11T16:44:46.000Z</Time>
            <DistanceMeters>0.0</DistanceMeters>
            <HeartRateBpm>
              <Value>91</Value>
            </HeartRateBpm>
            <Extensions>
              <ns3:TPX/>
            </Extensions>
          </Trackpoint>
          <Trackpoint>
            <Time>2026-06-11T16:44:48.000Z</Time>
            <DistanceMeters>0.0</DistanceMeters>
            <HeartRateBpm>
              <Value>92</Value>
            </HeartRateBpm>
            <Extensions>
              <ns3:TPX/>
            </Extensions>
          </Trackpoint>
          <Trackpoint>
            <Time>2026-06-11T16:44:49.000Z</Time>
            <DistanceMeters>0.0</DistanceMeters>
            <HeartRateBpm>
              <Value>93</Value>
            </HeartRateBpm>
            <Extensions>
              <ns3:TPX/>
            </Extensions>
          </Trackpoint>
          <Trackpoint>
            <Time>2026-06-11T16:44:50.000Z</Time>
            <DistanceMeters>0.0</DistanceMeters>
            <HeartRateBpm>
              <Value>94</Value>
            </HeartRateBpm>
            <Extensions>
              <ns3:TPX/>
            </Extensions>
          </Trackpoint>
          <Trackpoint>
            <Time>2026-06-11T16:44:52.000Z</Time>
            <DistanceMeters>0.0</DistanceMeters>
            <HeartRateBpm>
              <Value>94</Value>
            </HeartRateBpm>
            <Extensions>
              <ns3:TPX/>
            </Extensions>
          </Trackpoint>
          <Trackpoint>
            <Time>2026-06-11T16:44:55.000Z</Time>
            <DistanceMeters>0.0</DistanceMeters>
            <HeartRateBpm>
              <Value>95</Value>
            </HeartRateBpm>
            <Extensions>
              <ns3:TPX/>
            </Extensions>
          </Trackpoint>
          <Trackpoint>
            <Time>2026-06-11T16:44:56.000Z</Time>
            <DistanceMeters>0.0</DistanceMeters>
            <HeartRateBpm>
              <Value>93</Value>
            </HeartRateBpm>
            <Extensions>
              <ns3:TPX/>
            </Extensions>
          </Trackpoint>
          <Trackpoint>
            <Time>2026-06-11T16:44:57.000Z</Time>
            <DistanceMeters>0.0</DistanceMeters>
            <HeartRateBpm>
              <Value>92</Value>
            </HeartRateBpm>
            <Extensions>
              <ns3:TPX/>
            </Extensions>
          </Trackpoint>
          <Trackpoint>
            <Time>2026-06-11T16:44:58.000Z</Time>
            <DistanceMeters>0.0</DistanceMeters>
            <HeartRateBpm>
              <Value>90</Value>
            </HeartRateBpm>
            <Extensions>
              <ns3:TPX/>
            </Extensions>
          </Trackpoint>
          <Trackpoint>
            <Time>2026-06-11T16:45:00.000Z</Time>
            <DistanceMeters>0.0</DistanceMeters>
            <HeartRateBpm>
              <Value>89</Value>
            </HeartRateBpm>
            <Extensions>
              <ns3:TPX/>
            </Extensions>
          </Trackpoint>
          <Trackpoint>
            <Time>2026-06-11T16:45:01.000Z</Time>
            <DistanceMeters>0.0</DistanceMeters>
            <HeartRateBpm>
              <Value>90</Value>
            </HeartRateBpm>
            <Extensions>
              <ns3:TPX/>
            </Extensions>
          </Trackpoint>
          <Trackpoint>
            <Time>2026-06-11T16:45:02.000Z</Time>
            <DistanceMeters>0.0</DistanceMeters>
            <HeartRateBpm>
              <Value>93</Value>
            </HeartRateBpm>
            <Extensions>
              <ns3:TPX/>
            </Extensions>
          </Trackpoint>
          <Trackpoint>
            <Time>2026-06-11T16:45:04.000Z</Time>
            <DistanceMeters>0.0</DistanceMeters>
            <HeartRateBpm>
              <Value>96</Value>
            </HeartRateBpm>
            <Extensions>
              <ns3:TPX/>
            </Extensions>
          </Trackpoint>
          <Trackpoint>
            <Time>2026-06-11T16:45:05.000Z</Time>
            <DistanceMeters>0.0</DistanceMeters>
            <HeartRateBpm>
              <Value>98</Value>
            </HeartRateBpm>
            <Extensions>
              <ns3:TPX/>
            </Extensions>
          </Trackpoint>
          <Trackpoint>
            <Time>2026-06-11T16:45:07.000Z</Time>
            <DistanceMeters>0.0</DistanceMeters>
            <HeartRateBpm>
              <Value>99</Value>
            </HeartRateBpm>
            <Extensions>
              <ns3:TPX/>
            </Extensions>
          </Trackpoint>
          <Trackpoint>
            <Time>2026-06-11T16:45:09.000Z</Time>
            <DistanceMeters>0.0</DistanceMeters>
            <HeartRateBpm>
              <Value>100</Value>
            </HeartRateBpm>
            <Extensions>
              <ns3:TPX/>
            </Extensions>
          </Trackpoint>
          <Trackpoint>
            <Time>2026-06-11T16:45:10.000Z</Time>
            <DistanceMeters>0.0</DistanceMeters>
            <HeartRateBpm>
              <Value>101</Value>
            </HeartRateBpm>
            <Extensions>
              <ns3:TPX/>
            </Extensions>
          </Trackpoint>
          <Trackpoint>
            <Time>2026-06-11T16:45:13.000Z</Time>
            <DistanceMeters>0.0</DistanceMeters>
            <HeartRateBpm>
              <Value>102</Value>
            </HeartRateBpm>
            <Extensions>
              <ns3:TPX/>
            </Extensions>
          </Trackpoint>
          <Trackpoint>
            <Time>2026-06-11T16:45:14.000Z</Time>
            <DistanceMeters>0.0</DistanceMeters>
            <HeartRateBpm>
              <Value>103</Value>
            </HeartRateBpm>
            <Extensions>
              <ns3:TPX/>
            </Extensions>
          </Trackpoint>
          <Trackpoint>
            <Time>2026-06-11T16:45:15.000Z</Time>
            <DistanceMeters>0.0</DistanceMeters>
            <HeartRateBpm>
              <Value>102</Value>
            </HeartRateBpm>
            <Extensions>
              <ns3:TPX/>
            </Extensions>
          </Trackpoint>
          <Trackpoint>
            <Time>2026-06-11T16:45:16.000Z</Time>
            <DistanceMeters>0.0</DistanceMeters>
            <HeartRateBpm>
              <Value>103</Value>
            </HeartRateBpm>
            <Extensions>
              <ns3:TPX/>
            </Extensions>
          </Trackpoint>
          <Trackpoint>
            <Time>2026-06-11T16:45:17.000Z</Time>
            <DistanceMeters>0.0</DistanceMeters>
            <HeartRateBpm>
              <Value>102</Value>
            </HeartRateBpm>
            <Extensions>
              <ns3:TPX/>
            </Extensions>
          </Trackpoint>
          <Trackpoint>
            <Time>2026-06-11T16:45:24.000Z</Time>
            <DistanceMeters>0.0</DistanceMeters>
            <HeartRateBpm>
              <Value>103</Value>
            </HeartRateBpm>
            <Extensions>
              <ns3:TPX/>
            </Extensions>
          </Trackpoint>
          <Trackpoint>
            <Time>2026-06-11T16:45:28.000Z</Time>
            <DistanceMeters>0.0</DistanceMeters>
            <HeartRateBpm>
              <Value>104</Value>
            </HeartRateBpm>
            <Extensions>
              <ns3:TPX/>
            </Extensions>
          </Trackpoint>
          <Trackpoint>
            <Time>2026-06-11T16:45:31.000Z</Time>
            <DistanceMeters>0.0</DistanceMeters>
            <HeartRateBpm>
              <Value>105</Value>
            </HeartRateBpm>
            <Extensions>
              <ns3:TPX/>
            </Extensions>
          </Trackpoint>
          <Trackpoint>
            <Time>2026-06-11T16:45:42.000Z</Time>
            <DistanceMeters>0.0</DistanceMeters>
            <HeartRateBpm>
              <Value>104</Value>
            </HeartRateBpm>
            <Extensions>
              <ns3:TPX/>
            </Extensions>
          </Trackpoint>
          <Trackpoint>
            <Time>2026-06-11T16:45:43.000Z</Time>
            <DistanceMeters>0.0</DistanceMeters>
            <HeartRateBpm>
              <Value>103</Value>
            </HeartRateBpm>
            <Extensions>
              <ns3:TPX/>
            </Extensions>
          </Trackpoint>
          <Trackpoint>
            <Time>2026-06-11T16:45:44.000Z</Time>
            <DistanceMeters>0.0</DistanceMeters>
            <HeartRateBpm>
              <Value>100</Value>
            </HeartRateBpm>
            <Extensions>
              <ns3:TPX/>
            </Extensions>
          </Trackpoint>
          <Trackpoint>
            <Time>2026-06-11T16:45:45.000Z</Time>
            <DistanceMeters>0.0</DistanceMeters>
            <HeartRateBpm>
              <Value>99</Value>
            </HeartRateBpm>
            <Extensions>
              <ns3:TPX/>
            </Extensions>
          </Trackpoint>
          <Trackpoint>
            <Time>2026-06-11T16:45:46.000Z</Time>
            <DistanceMeters>0.0</DistanceMeters>
            <HeartRateBpm>
              <Value>97</Value>
            </HeartRateBpm>
            <Extensions>
              <ns3:TPX/>
            </Extensions>
          </Trackpoint>
          <Trackpoint>
            <Time>2026-06-11T16:45:47.000Z</Time>
            <DistanceMeters>0.0</DistanceMeters>
            <HeartRateBpm>
              <Value>96</Value>
            </HeartRateBpm>
            <Extensions>
              <ns3:TPX/>
            </Extensions>
          </Trackpoint>
          <Trackpoint>
            <Time>2026-06-11T16:45:51.000Z</Time>
            <DistanceMeters>0.0</DistanceMeters>
            <HeartRateBpm>
              <Value>98</Value>
            </HeartRateBpm>
            <Extensions>
              <ns3:TPX/>
            </Extensions>
          </Trackpoint>
          <Trackpoint>
            <Time>2026-06-11T16:45:56.000Z</Time>
            <DistanceMeters>0.0</DistanceMeters>
            <HeartRateBpm>
              <Value>96</Value>
            </HeartRateBpm>
            <Extensions>
              <ns3:TPX/>
            </Extensions>
          </Trackpoint>
          <Trackpoint>
            <Time>2026-06-11T16:45:58.000Z</Time>
            <DistanceMeters>0.0</DistanceMeters>
            <HeartRateBpm>
              <Value>94</Value>
            </HeartRateBpm>
            <Extensions>
              <ns3:TPX/>
            </Extensions>
          </Trackpoint>
          <Trackpoint>
            <Time>2026-06-11T16:46:00.000Z</Time>
            <DistanceMeters>0.0</DistanceMeters>
            <HeartRateBpm>
              <Value>93</Value>
            </HeartRateBpm>
            <Extensions>
              <ns3:TPX/>
            </Extensions>
          </Trackpoint>
          <Trackpoint>
            <Time>2026-06-11T16:46:02.000Z</Time>
            <DistanceMeters>0.0</DistanceMeters>
            <HeartRateBpm>
              <Value>94</Value>
            </HeartRateBpm>
            <Extensions>
              <ns3:TPX/>
            </Extensions>
          </Trackpoint>
          <Trackpoint>
            <Time>2026-06-11T16:46:04.000Z</Time>
            <DistanceMeters>0.0</DistanceMeters>
            <HeartRateBpm>
              <Value>95</Value>
            </HeartRateBpm>
            <Extensions>
              <ns3:TPX/>
            </Extensions>
          </Trackpoint>
          <Trackpoint>
            <Time>2026-06-11T16:46:05.000Z</Time>
            <DistanceMeters>0.0</DistanceMeters>
            <HeartRateBpm>
              <Value>96</Value>
            </HeartRateBpm>
            <Extensions>
              <ns3:TPX/>
            </Extensions>
          </Trackpoint>
          <Trackpoint>
            <Time>2026-06-11T16:46:13.000Z</Time>
            <DistanceMeters>0.0</DistanceMeters>
            <HeartRateBpm>
              <Value>97</Value>
            </HeartRateBpm>
            <Extensions>
              <ns3:TPX/>
            </Extensions>
          </Trackpoint>
          <Trackpoint>
            <Time>2026-06-11T16:46:14.000Z</Time>
            <DistanceMeters>0.0</DistanceMeters>
            <HeartRateBpm>
              <Value>98</Value>
            </HeartRateBpm>
            <Extensions>
              <ns3:TPX/>
            </Extensions>
          </Trackpoint>
          <Trackpoint>
            <Time>2026-06-11T16:46:15.000Z</Time>
            <DistanceMeters>0.0</DistanceMeters>
            <HeartRateBpm>
              <Value>99</Value>
            </HeartRateBpm>
            <Extensions>
              <ns3:TPX/>
            </Extensions>
          </Trackpoint>
          <Trackpoint>
            <Time>2026-06-11T16:46:28.000Z</Time>
            <DistanceMeters>0.0</DistanceMeters>
            <HeartRateBpm>
              <Value>98</Value>
            </HeartRateBpm>
            <Extensions>
              <ns3:TPX/>
            </Extensions>
          </Trackpoint>
          <Trackpoint>
            <Time>2026-06-11T16:46:29.000Z</Time>
            <DistanceMeters>0.0</DistanceMeters>
            <HeartRateBpm>
              <Value>97</Value>
            </HeartRateBpm>
            <Extensions>
              <ns3:TPX/>
            </Extensions>
          </Trackpoint>
          <Trackpoint>
            <Time>2026-06-11T16:46:30.000Z</Time>
            <DistanceMeters>0.0</DistanceMeters>
            <HeartRateBpm>
              <Value>96</Value>
            </HeartRateBpm>
            <Extensions>
              <ns3:TPX/>
            </Extensions>
          </Trackpoint>
          <Trackpoint>
            <Time>2026-06-11T16:46:31.000Z</Time>
            <DistanceMeters>0.0</DistanceMeters>
            <HeartRateBpm>
              <Value>95</Value>
            </HeartRateBpm>
            <Extensions>
              <ns3:TPX/>
            </Extensions>
          </Trackpoint>
          <Trackpoint>
            <Time>2026-06-11T16:46:32.000Z</Time>
            <DistanceMeters>0.0</DistanceMeters>
            <HeartRateBpm>
              <Value>94</Value>
            </HeartRateBpm>
            <Extensions>
              <ns3:TPX/>
            </Extensions>
          </Trackpoint>
          <Trackpoint>
            <Time>2026-06-11T16:46:33.000Z</Time>
            <DistanceMeters>0.0</DistanceMeters>
            <HeartRateBpm>
              <Value>93</Value>
            </HeartRateBpm>
            <Extensions>
              <ns3:TPX/>
            </Extensions>
          </Trackpoint>
          <Trackpoint>
            <Time>2026-06-11T16:46:37.000Z</Time>
            <DistanceMeters>0.0</DistanceMeters>
            <HeartRateBpm>
              <Value>92</Value>
            </HeartRateBpm>
            <Extensions>
              <ns3:TPX/>
            </Extensions>
          </Trackpoint>
          <Trackpoint>
            <Time>2026-06-11T16:46:39.000Z</Time>
            <DistanceMeters>0.0</DistanceMeters>
            <HeartRateBpm>
              <Value>92</Value>
            </HeartRateBpm>
            <Extensions>
              <ns3:TPX/>
            </Extensions>
          </Trackpoint>
          <Trackpoint>
            <Time>2026-06-11T16:46:40.000Z</Time>
            <DistanceMeters>0.0</DistanceMeters>
            <HeartRateBpm>
              <Value>93</Value>
            </HeartRateBpm>
            <Extensions>
              <ns3:TPX/>
            </Extensions>
          </Trackpoint>
          <Trackpoint>
            <Time>2026-06-11T16:46:41.000Z</Time>
            <DistanceMeters>0.0</DistanceMeters>
            <HeartRateBpm>
              <Value>92</Value>
            </HeartRateBpm>
            <Extensions>
              <ns3:TPX/>
            </Extensions>
          </Trackpoint>
          <Trackpoint>
            <Time>2026-06-11T16:46:44.000Z</Time>
            <DistanceMeters>0.0</DistanceMeters>
            <HeartRateBpm>
              <Value>90</Value>
            </HeartRateBpm>
            <Extensions>
              <ns3:TPX/>
            </Extensions>
          </Trackpoint>
          <Trackpoint>
            <Time>2026-06-11T16:46:49.000Z</Time>
            <DistanceMeters>0.0</DistanceMeters>
            <HeartRateBpm>
              <Value>91</Value>
            </HeartRateBpm>
            <Extensions>
              <ns3:TPX/>
            </Extensions>
          </Trackpoint>
          <Trackpoint>
            <Time>2026-06-11T16:46:51.000Z</Time>
            <DistanceMeters>0.0</DistanceMeters>
            <HeartRateBpm>
              <Value>91</Value>
            </HeartRateBpm>
            <Extensions>
              <ns3:TPX/>
            </Extensions>
          </Trackpoint>
          <Trackpoint>
            <Time>2026-06-11T16:46:54.000Z</Time>
            <DistanceMeters>0.0</DistanceMeters>
            <HeartRateBpm>
              <Value>88</Value>
            </HeartRateBpm>
            <Extensions>
              <ns3:TPX/>
            </Extensions>
          </Trackpoint>
          <Trackpoint>
            <Time>2026-06-11T16:46:55.000Z</Time>
            <DistanceMeters>0.0</DistanceMeters>
            <HeartRateBpm>
              <Value>87</Value>
            </HeartRateBpm>
            <Extensions>
              <ns3:TPX/>
            </Extensions>
          </Trackpoint>
          <Trackpoint>
            <Time>2026-06-11T16:46:57.000Z</Time>
            <DistanceMeters>0.0</DistanceMeters>
            <HeartRateBpm>
              <Value>86</Value>
            </HeartRateBpm>
            <Extensions>
              <ns3:TPX/>
            </Extensions>
          </Trackpoint>
          <Trackpoint>
            <Time>2026-06-11T16:47:02.000Z</Time>
            <DistanceMeters>0.0</DistanceMeters>
            <HeartRateBpm>
              <Value>87</Value>
            </HeartRateBpm>
            <Extensions>
              <ns3:TPX/>
            </Extensions>
          </Trackpoint>
          <Trackpoint>
            <Time>2026-06-11T16:47:07.000Z</Time>
            <DistanceMeters>0.0</DistanceMeters>
            <HeartRateBpm>
              <Value>88</Value>
            </HeartRateBpm>
            <Extensions>
              <ns3:TPX/>
            </Extensions>
          </Trackpoint>
          <Trackpoint>
            <Time>2026-06-11T16:47:08.000Z</Time>
            <DistanceMeters>0.0</DistanceMeters>
            <HeartRateBpm>
              <Value>89</Value>
            </HeartRateBpm>
            <Extensions>
              <ns3:TPX/>
            </Extensions>
          </Trackpoint>
          <Trackpoint>
            <Time>2026-06-11T16:47:09.000Z</Time>
            <DistanceMeters>0.0</DistanceMeters>
            <HeartRateBpm>
              <Value>90</Value>
            </HeartRateBpm>
            <Extensions>
              <ns3:TPX/>
            </Extensions>
          </Trackpoint>
          <Trackpoint>
            <Time>2026-06-11T16:47:10.000Z</Time>
            <DistanceMeters>0.0</DistanceMeters>
            <HeartRateBpm>
              <Value>92</Value>
            </HeartRateBpm>
            <Extensions>
              <ns3:TPX/>
            </Extensions>
          </Trackpoint>
          <Trackpoint>
            <Time>2026-06-11T16:47:12.000Z</Time>
            <DistanceMeters>0.0</DistanceMeters>
            <HeartRateBpm>
              <Value>94</Value>
            </HeartRateBpm>
            <Extensions>
              <ns3:TPX/>
            </Extensions>
          </Trackpoint>
          <Trackpoint>
            <Time>2026-06-11T16:47:13.000Z</Time>
            <DistanceMeters>0.0</DistanceMeters>
            <HeartRateBpm>
              <Value>95</Value>
            </HeartRateBpm>
            <Extensions>
              <ns3:TPX/>
            </Extensions>
          </Trackpoint>
          <Trackpoint>
            <Time>2026-06-11T16:47:16.000Z</Time>
            <DistanceMeters>0.0</DistanceMeters>
            <HeartRateBpm>
              <Value>96</Value>
            </HeartRateBpm>
            <Extensions>
              <ns3:TPX/>
            </Extensions>
          </Trackpoint>
          <Trackpoint>
            <Time>2026-06-11T16:47:21.000Z</Time>
            <DistanceMeters>0.0</DistanceMeters>
            <HeartRateBpm>
              <Value>97</Value>
            </HeartRateBpm>
            <Extensions>
              <ns3:TPX/>
            </Extensions>
          </Trackpoint>
          <Trackpoint>
            <Time>2026-06-11T16:47:26.000Z</Time>
            <DistanceMeters>0.0</DistanceMeters>
            <HeartRateBpm>
              <Value>96</Value>
            </HeartRateBpm>
            <Extensions>
              <ns3:TPX/>
            </Extensions>
          </Trackpoint>
          <Trackpoint>
            <Time>2026-06-11T16:47:29.000Z</Time>
            <DistanceMeters>0.0</DistanceMeters>
            <HeartRateBpm>
              <Value>95</Value>
            </HeartRateBpm>
            <Extensions>
              <ns3:TPX/>
            </Extensions>
          </Trackpoint>
          <Trackpoint>
            <Time>2026-06-11T16:47:35.000Z</Time>
            <DistanceMeters>0.0</DistanceMeters>
            <HeartRateBpm>
              <Value>96</Value>
            </HeartRateBpm>
            <Extensions>
              <ns3:TPX/>
            </Extensions>
          </Trackpoint>
          <Trackpoint>
            <Time>2026-06-11T16:47:36.000Z</Time>
            <DistanceMeters>0.0</DistanceMeters>
            <HeartRateBpm>
              <Value>94</Value>
            </HeartRateBpm>
            <Extensions>
              <ns3:TPX/>
            </Extensions>
          </Trackpoint>
          <Trackpoint>
            <Time>2026-06-11T16:47:38.000Z</Time>
            <DistanceMeters>0.0</DistanceMeters>
            <HeartRateBpm>
              <Value>93</Value>
            </HeartRateBpm>
            <Extensions>
              <ns3:TPX/>
            </Extensions>
          </Trackpoint>
          <Trackpoint>
            <Time>2026-06-11T16:47:39.000Z</Time>
            <DistanceMeters>0.0</DistanceMeters>
            <HeartRateBpm>
              <Value>93</Value>
            </HeartRateBpm>
            <Extensions>
              <ns3:TPX/>
            </Extensions>
          </Trackpoint>
          <Trackpoint>
            <Time>2026-06-11T16:47:42.000Z</Time>
            <DistanceMeters>0.0</DistanceMeters>
            <HeartRateBpm>
              <Value>92</Value>
            </HeartRateBpm>
            <Extensions>
              <ns3:TPX/>
            </Extensions>
          </Trackpoint>
          <Trackpoint>
            <Time>2026-06-11T16:47:43.000Z</Time>
            <DistanceMeters>0.0</DistanceMeters>
            <HeartRateBpm>
              <Value>91</Value>
            </HeartRateBpm>
            <Extensions>
              <ns3:TPX/>
            </Extensions>
          </Trackpoint>
          <Trackpoint>
            <Time>2026-06-11T16:47:45.000Z</Time>
            <DistanceMeters>0.0</DistanceMeters>
            <HeartRateBpm>
              <Value>90</Value>
            </HeartRateBpm>
            <Extensions>
              <ns3:TPX/>
            </Extensions>
          </Trackpoint>
          <Trackpoint>
            <Time>2026-06-11T16:47:49.000Z</Time>
            <DistanceMeters>0.0</DistanceMeters>
            <HeartRateBpm>
              <Value>91</Value>
            </HeartRateBpm>
            <Extensions>
              <ns3:TPX/>
            </Extensions>
          </Trackpoint>
          <Trackpoint>
            <Time>2026-06-11T16:47:50.000Z</Time>
            <DistanceMeters>0.0</DistanceMeters>
            <HeartRateBpm>
              <Value>92</Value>
            </HeartRateBpm>
            <Extensions>
              <ns3:TPX/>
            </Extensions>
          </Trackpoint>
          <Trackpoint>
            <Time>2026-06-11T16:47:51.000Z</Time>
            <DistanceMeters>0.0</DistanceMeters>
            <HeartRateBpm>
              <Value>93</Value>
            </HeartRateBpm>
            <Extensions>
              <ns3:TPX/>
            </Extensions>
          </Trackpoint>
          <Trackpoint>
            <Time>2026-06-11T16:47:54.000Z</Time>
            <DistanceMeters>0.0</DistanceMeters>
            <HeartRateBpm>
              <Value>94</Value>
            </HeartRateBpm>
            <Extensions>
              <ns3:TPX/>
            </Extensions>
          </Trackpoint>
          <Trackpoint>
            <Time>2026-06-11T16:47:55.000Z</Time>
            <DistanceMeters>0.0</DistanceMeters>
            <HeartRateBpm>
              <Value>93</Value>
            </HeartRateBpm>
            <Extensions>
              <ns3:TPX/>
            </Extensions>
          </Trackpoint>
          <Trackpoint>
            <Time>2026-06-11T16:47:57.000Z</Time>
            <DistanceMeters>0.0</DistanceMeters>
            <HeartRateBpm>
              <Value>92</Value>
            </HeartRateBpm>
            <Extensions>
              <ns3:TPX/>
            </Extensions>
          </Trackpoint>
          <Trackpoint>
            <Time>2026-06-11T16:48:01.000Z</Time>
            <DistanceMeters>0.0</DistanceMeters>
            <HeartRateBpm>
              <Value>93</Value>
            </HeartRateBpm>
            <Extensions>
              <ns3:TPX/>
            </Extensions>
          </Trackpoint>
          <Trackpoint>
            <Time>2026-06-11T16:48:03.000Z</Time>
            <DistanceMeters>0.0</DistanceMeters>
            <HeartRateBpm>
              <Value>94</Value>
            </HeartRateBpm>
            <Extensions>
              <ns3:TPX/>
            </Extensions>
          </Trackpoint>
          <Trackpoint>
            <Time>2026-06-11T16:48:04.000Z</Time>
            <DistanceMeters>0.0</DistanceMeters>
            <HeartRateBpm>
              <Value>96</Value>
            </HeartRateBpm>
            <Extensions>
              <ns3:TPX/>
            </Extensions>
          </Trackpoint>
          <Trackpoint>
            <Time>2026-06-11T16:48:06.000Z</Time>
            <DistanceMeters>0.0</DistanceMeters>
            <HeartRateBpm>
              <Value>97</Value>
            </HeartRateBpm>
            <Extensions>
              <ns3:TPX/>
            </Extensions>
          </Trackpoint>
          <Trackpoint>
            <Time>2026-06-11T16:48:07.000Z</Time>
            <DistanceMeters>0.0</DistanceMeters>
            <HeartRateBpm>
              <Value>98</Value>
            </HeartRateBpm>
            <Extensions>
              <ns3:TPX/>
            </Extensions>
          </Trackpoint>
          <Trackpoint>
            <Time>2026-06-11T16:48:08.000Z</Time>
            <DistanceMeters>0.0</DistanceMeters>
            <HeartRateBpm>
              <Value>99</Value>
            </HeartRateBpm>
            <Extensions>
              <ns3:TPX/>
            </Extensions>
          </Trackpoint>
          <Trackpoint>
            <Time>2026-06-11T16:48:10.000Z</Time>
            <DistanceMeters>0.0</DistanceMeters>
            <HeartRateBpm>
              <Value>100</Value>
            </HeartRateBpm>
            <Extensions>
              <ns3:TPX/>
            </Extensions>
          </Trackpoint>
          <Trackpoint>
            <Time>2026-06-11T16:48:11.000Z</Time>
            <DistanceMeters>0.0</DistanceMeters>
            <HeartRateBpm>
              <Value>101</Value>
            </HeartRateBpm>
            <Extensions>
              <ns3:TPX/>
            </Extensions>
          </Trackpoint>
          <Trackpoint>
            <Time>2026-06-11T16:48:13.000Z</Time>
            <DistanceMeters>0.0</DistanceMeters>
            <HeartRateBpm>
              <Value>102</Value>
            </HeartRateBpm>
            <Extensions>
              <ns3:TPX/>
            </Extensions>
          </Trackpoint>
          <Trackpoint>
            <Time>2026-06-11T16:48:14.000Z</Time>
            <DistanceMeters>0.0</DistanceMeters>
            <HeartRateBpm>
              <Value>103</Value>
            </HeartRateBpm>
            <Extensions>
              <ns3:TPX/>
            </Extensions>
          </Trackpoint>
          <Trackpoint>
            <Time>2026-06-11T16:48:15.000Z</Time>
            <DistanceMeters>0.0</DistanceMeters>
            <HeartRateBpm>
              <Value>104</Value>
            </HeartRateBpm>
            <Extensions>
              <ns3:TPX/>
            </Extensions>
          </Trackpoint>
          <Trackpoint>
            <Time>2026-06-11T16:48:16.000Z</Time>
            <DistanceMeters>0.0</DistanceMeters>
            <HeartRateBpm>
              <Value>105</Value>
            </HeartRateBpm>
            <Extensions>
              <ns3:TPX/>
            </Extensions>
          </Trackpoint>
          <Trackpoint>
            <Time>2026-06-11T16:48:17.000Z</Time>
            <DistanceMeters>0.0</DistanceMeters>
            <HeartRateBpm>
              <Value>106</Value>
            </HeartRateBpm>
            <Extensions>
              <ns3:TPX/>
            </Extensions>
          </Trackpoint>
          <Trackpoint>
            <Time>2026-06-11T16:48:18.000Z</Time>
            <DistanceMeters>0.0</DistanceMeters>
            <HeartRateBpm>
              <Value>107</Value>
            </HeartRateBpm>
            <Extensions>
              <ns3:TPX/>
            </Extensions>
          </Trackpoint>
          <Trackpoint>
            <Time>2026-06-11T16:48:19.000Z</Time>
            <DistanceMeters>0.0</DistanceMeters>
            <HeartRateBpm>
              <Value>108</Value>
            </HeartRateBpm>
            <Extensions>
              <ns3:TPX/>
            </Extensions>
          </Trackpoint>
          <Trackpoint>
            <Time>2026-06-11T16:48:21.000Z</Time>
            <DistanceMeters>0.0</DistanceMeters>
            <HeartRateBpm>
              <Value>109</Value>
            </HeartRateBpm>
            <Extensions>
              <ns3:TPX/>
            </Extensions>
          </Trackpoint>
          <Trackpoint>
            <Time>2026-06-11T16:48:25.000Z</Time>
            <DistanceMeters>0.0</DistanceMeters>
            <HeartRateBpm>
              <Value>110</Value>
            </HeartRateBpm>
            <Extensions>
              <ns3:TPX/>
            </Extensions>
          </Trackpoint>
          <Trackpoint>
            <Time>2026-06-11T16:48:27.000Z</Time>
            <DistanceMeters>0.0</DistanceMeters>
            <HeartRateBpm>
              <Value>111</Value>
            </HeartRateBpm>
            <Extensions>
              <ns3:TPX/>
            </Extensions>
          </Trackpoint>
          <Trackpoint>
            <Time>2026-06-11T16:48:28.000Z</Time>
            <DistanceMeters>0.0</DistanceMeters>
            <HeartRateBpm>
              <Value>110</Value>
            </HeartRateBpm>
            <Extensions>
              <ns3:TPX/>
            </Extensions>
          </Trackpoint>
          <Trackpoint>
            <Time>2026-06-11T16:48:30.000Z</Time>
            <DistanceMeters>0.0</DistanceMeters>
            <HeartRateBpm>
              <Value>111</Value>
            </HeartRateBpm>
            <Extensions>
              <ns3:TPX/>
            </Extensions>
          </Trackpoint>
          <Trackpoint>
            <Time>2026-06-11T16:48:37.000Z</Time>
            <DistanceMeters>0.0</DistanceMeters>
            <HeartRateBpm>
              <Value>112</Value>
            </HeartRateBpm>
            <Extensions>
              <ns3:TPX/>
            </Extensions>
          </Trackpoint>
          <Trackpoint>
            <Time>2026-06-11T16:48:39.000Z</Time>
            <DistanceMeters>0.0</DistanceMeters>
            <HeartRateBpm>
              <Value>111</Value>
            </HeartRateBpm>
            <Extensions>
              <ns3:TPX/>
            </Extensions>
          </Trackpoint>
          <Trackpoint>
            <Time>2026-06-11T16:48:40.000Z</Time>
            <DistanceMeters>0.0</DistanceMeters>
            <HeartRateBpm>
              <Value>109</Value>
            </HeartRateBpm>
            <Extensions>
              <ns3:TPX/>
            </Extensions>
          </Trackpoint>
          <Trackpoint>
            <Time>2026-06-11T16:48:41.000Z</Time>
            <DistanceMeters>0.0</DistanceMeters>
            <HeartRateBpm>
              <Value>108</Value>
            </HeartRateBpm>
            <Extensions>
              <ns3:TPX/>
            </Extensions>
          </Trackpoint>
          <Trackpoint>
            <Time>2026-06-11T16:48:42.000Z</Time>
            <DistanceMeters>0.0</DistanceMeters>
            <HeartRateBpm>
              <Value>106</Value>
            </HeartRateBpm>
            <Extensions>
              <ns3:TPX/>
            </Extensions>
          </Trackpoint>
          <Trackpoint>
            <Time>2026-06-11T16:48:43.000Z</Time>
            <DistanceMeters>0.0</DistanceMeters>
            <HeartRateBpm>
              <Value>104</Value>
            </HeartRateBpm>
            <Extensions>
              <ns3:TPX/>
            </Extensions>
          </Trackpoint>
          <Trackpoint>
            <Time>2026-06-11T16:48:44.000Z</Time>
            <DistanceMeters>0.0</DistanceMeters>
            <HeartRateBpm>
              <Value>103</Value>
            </HeartRateBpm>
            <Extensions>
              <ns3:TPX/>
            </Extensions>
          </Trackpoint>
          <Trackpoint>
            <Time>2026-06-11T16:48:45.000Z</Time>
            <DistanceMeters>0.0</DistanceMeters>
            <HeartRateBpm>
              <Value>102</Value>
            </HeartRateBpm>
            <Extensions>
              <ns3:TPX/>
            </Extensions>
          </Trackpoint>
          <Trackpoint>
            <Time>2026-06-11T16:48:46.000Z</Time>
            <DistanceMeters>0.0</DistanceMeters>
            <HeartRateBpm>
              <Value>101</Value>
            </HeartRateBpm>
            <Extensions>
              <ns3:TPX/>
            </Extensions>
          </Trackpoint>
          <Trackpoint>
            <Time>2026-06-11T16:48:48.000Z</Time>
            <DistanceMeters>0.0</DistanceMeters>
            <HeartRateBpm>
              <Value>100</Value>
            </HeartRateBpm>
            <Extensions>
              <ns3:TPX/>
            </Extensions>
          </Trackpoint>
          <Trackpoint>
            <Time>2026-06-11T16:48:49.000Z</Time>
            <DistanceMeters>0.0</DistanceMeters>
            <HeartRateBpm>
              <Value>99</Value>
            </HeartRateBpm>
            <Extensions>
              <ns3:TPX/>
            </Extensions>
          </Trackpoint>
          <Trackpoint>
            <Time>2026-06-11T16:48:51.000Z</Time>
            <DistanceMeters>0.0</DistanceMeters>
            <HeartRateBpm>
              <Value>98</Value>
            </HeartRateBpm>
            <Extensions>
              <ns3:TPX/>
            </Extensions>
          </Trackpoint>
          <Trackpoint>
            <Time>2026-06-11T16:48:53.000Z</Time>
            <DistanceMeters>0.0</DistanceMeters>
            <HeartRateBpm>
              <Value>96</Value>
            </HeartRateBpm>
            <Extensions>
              <ns3:TPX/>
            </Extensions>
          </Trackpoint>
          <Trackpoint>
            <Time>2026-06-11T16:48:54.000Z</Time>
            <DistanceMeters>0.0</DistanceMeters>
            <HeartRateBpm>
              <Value>95</Value>
            </HeartRateBpm>
            <Extensions>
              <ns3:TPX/>
            </Extensions>
          </Trackpoint>
          <Trackpoint>
            <Time>2026-06-11T16:48:55.000Z</Time>
            <DistanceMeters>0.0</DistanceMeters>
            <HeartRateBpm>
              <Value>93</Value>
            </HeartRateBpm>
            <Extensions>
              <ns3:TPX/>
            </Extensions>
          </Trackpoint>
          <Trackpoint>
            <Time>2026-06-11T16:48:56.000Z</Time>
            <DistanceMeters>0.0</DistanceMeters>
            <HeartRateBpm>
              <Value>92</Value>
            </HeartRateBpm>
            <Extensions>
              <ns3:TPX/>
            </Extensions>
          </Trackpoint>
          <Trackpoint>
            <Time>2026-06-11T16:49:01.000Z</Time>
            <DistanceMeters>0.0</DistanceMeters>
            <HeartRateBpm>
              <Value>93</Value>
            </HeartRateBpm>
            <Extensions>
              <ns3:TPX/>
            </Extensions>
          </Trackpoint>
          <Trackpoint>
            <Time>2026-06-11T16:49:03.000Z</Time>
            <DistanceMeters>0.0</DistanceMeters>
            <HeartRateBpm>
              <Value>94</Value>
            </HeartRateBpm>
            <Extensions>
              <ns3:TPX/>
            </Extensions>
          </Trackpoint>
          <Trackpoint>
            <Time>2026-06-11T16:49:04.000Z</Time>
            <DistanceMeters>0.0</DistanceMeters>
            <HeartRateBpm>
              <Value>95</Value>
            </HeartRateBpm>
            <Extensions>
              <ns3:TPX/>
            </Extensions>
          </Trackpoint>
          <Trackpoint>
            <Time>2026-06-11T16:49:08.000Z</Time>
            <DistanceMeters>0.0</DistanceMeters>
            <HeartRateBpm>
              <Value>94</Value>
            </HeartRateBpm>
            <Extensions>
              <ns3:TPX/>
            </Extensions>
          </Trackpoint>
          <Trackpoint>
            <Time>2026-06-11T16:49:11.000Z</Time>
            <DistanceMeters>0.0</DistanceMeters>
            <HeartRateBpm>
              <Value>93</Value>
            </HeartRateBpm>
            <Extensions>
              <ns3:TPX/>
            </Extensions>
          </Trackpoint>
          <Trackpoint>
            <Time>2026-06-11T16:49:13.000Z</Time>
            <DistanceMeters>0.0</DistanceMeters>
            <HeartRateBpm>
              <Value>92</Value>
            </HeartRateBpm>
            <Extensions>
              <ns3:TPX/>
            </Extensions>
          </Trackpoint>
          <Trackpoint>
            <Time>2026-06-11T16:49:14.000Z</Time>
            <DistanceMeters>0.0</DistanceMeters>
            <HeartRateBpm>
              <Value>91</Value>
            </HeartRateBpm>
            <Extensions>
              <ns3:TPX/>
            </Extensions>
          </Trackpoint>
          <Trackpoint>
            <Time>2026-06-11T16:49:15.000Z</Time>
            <DistanceMeters>0.0</DistanceMeters>
            <HeartRateBpm>
              <Value>90</Value>
            </HeartRateBpm>
            <Extensions>
              <ns3:TPX/>
            </Extensions>
          </Trackpoint>
          <Trackpoint>
            <Time>2026-06-11T16:49:16.000Z</Time>
            <DistanceMeters>0.0</DistanceMeters>
            <HeartRateBpm>
              <Value>87</Value>
            </HeartRateBpm>
            <Extensions>
              <ns3:TPX/>
            </Extensions>
          </Trackpoint>
          <Trackpoint>
            <Time>2026-06-11T16:49:17.000Z</Time>
            <DistanceMeters>0.0</DistanceMeters>
            <HeartRateBpm>
              <Value>86</Value>
            </HeartRateBpm>
            <Extensions>
              <ns3:TPX/>
            </Extensions>
          </Trackpoint>
          <Trackpoint>
            <Time>2026-06-11T16:49:18.000Z</Time>
            <DistanceMeters>0.0</DistanceMeters>
            <HeartRateBpm>
              <Value>84</Value>
            </HeartRateBpm>
            <Extensions>
              <ns3:TPX/>
            </Extensions>
          </Trackpoint>
          <Trackpoint>
            <Time>2026-06-11T16:49:19.000Z</Time>
            <DistanceMeters>0.0</DistanceMeters>
            <HeartRateBpm>
              <Value>83</Value>
            </HeartRateBpm>
            <Extensions>
              <ns3:TPX/>
            </Extensions>
          </Trackpoint>
          <Trackpoint>
            <Time>2026-06-11T16:49:20.000Z</Time>
            <DistanceMeters>0.0</DistanceMeters>
            <HeartRateBpm>
              <Value>82</Value>
            </HeartRateBpm>
            <Extensions>
              <ns3:TPX/>
            </Extensions>
          </Trackpoint>
          <Trackpoint>
            <Time>2026-06-11T16:49:24.000Z</Time>
            <DistanceMeters>0.0</DistanceMeters>
            <HeartRateBpm>
              <Value>84</Value>
            </HeartRateBpm>
            <Extensions>
              <ns3:TPX/>
            </Extensions>
          </Trackpoint>
          <Trackpoint>
            <Time>2026-06-11T16:49:25.000Z</Time>
            <DistanceMeters>0.0</DistanceMeters>
            <HeartRateBpm>
              <Value>85</Value>
            </HeartRateBpm>
            <Extensions>
              <ns3:TPX/>
            </Extensions>
          </Trackpoint>
          <Trackpoint>
            <Time>2026-06-11T16:49:26.000Z</Time>
            <DistanceMeters>0.0</DistanceMeters>
            <HeartRateBpm>
              <Value>87</Value>
            </HeartRateBpm>
            <Extensions>
              <ns3:TPX/>
            </Extensions>
          </Trackpoint>
          <Trackpoint>
            <Time>2026-06-11T16:49:27.000Z</Time>
            <DistanceMeters>0.0</DistanceMeters>
            <HeartRateBpm>
              <Value>88</Value>
            </HeartRateBpm>
            <Extensions>
              <ns3:TPX/>
            </Extensions>
          </Trackpoint>
          <Trackpoint>
            <Time>2026-06-11T16:49:28.000Z</Time>
            <DistanceMeters>0.0</DistanceMeters>
            <HeartRateBpm>
              <Value>89</Value>
            </HeartRateBpm>
            <Extensions>
              <ns3:TPX/>
            </Extensions>
          </Trackpoint>
          <Trackpoint>
            <Time>2026-06-11T16:49:33.000Z</Time>
            <DistanceMeters>0.0</DistanceMeters>
            <HeartRateBpm>
              <Value>88</Value>
            </HeartRateBpm>
            <Extensions>
              <ns3:TPX/>
            </Extensions>
          </Trackpoint>
          <Trackpoint>
            <Time>2026-06-11T16:49:37.000Z</Time>
            <DistanceMeters>0.0</DistanceMeters>
            <HeartRateBpm>
              <Value>86</Value>
            </HeartRateBpm>
            <Extensions>
              <ns3:TPX/>
            </Extensions>
          </Trackpoint>
          <Trackpoint>
            <Time>2026-06-11T16:49:38.000Z</Time>
            <DistanceMeters>0.0</DistanceMeters>
            <HeartRateBpm>
              <Value>86</Value>
            </HeartRateBpm>
            <Extensions>
              <ns3:TPX/>
            </Extensions>
          </Trackpoint>
          <Trackpoint>
            <Time>2026-06-11T16:49:39.000Z</Time>
            <DistanceMeters>0.0</DistanceMeters>
            <HeartRateBpm>
              <Value>85</Value>
            </HeartRateBpm>
            <Extensions>
              <ns3:TPX/>
            </Extensions>
          </Trackpoint>
          <Trackpoint>
            <Time>2026-06-11T16:49:41.000Z</Time>
            <DistanceMeters>0.0</DistanceMeters>
            <HeartRateBpm>
              <Value>84</Value>
            </HeartRateBpm>
            <Extensions>
              <ns3:TPX/>
            </Extensions>
          </Trackpoint>
          <Trackpoint>
            <Time>2026-06-11T16:49:42.000Z</Time>
            <DistanceMeters>0.0</DistanceMeters>
            <HeartRateBpm>
              <Value>85</Value>
            </HeartRateBpm>
            <Extensions>
              <ns3:TPX/>
            </Extensions>
          </Trackpoint>
          <Trackpoint>
            <Time>2026-06-11T16:49:43.000Z</Time>
            <DistanceMeters>0.0</DistanceMeters>
            <HeartRateBpm>
              <Value>84</Value>
            </HeartRateBpm>
            <Extensions>
              <ns3:TPX/>
            </Extensions>
          </Trackpoint>
          <Trackpoint>
            <Time>2026-06-11T16:49:45.000Z</Time>
            <DistanceMeters>0.0</DistanceMeters>
            <HeartRateBpm>
              <Value>87</Value>
            </HeartRateBpm>
            <Extensions>
              <ns3:TPX/>
            </Extensions>
          </Trackpoint>
          <Trackpoint>
            <Time>2026-06-11T16:49:46.000Z</Time>
            <DistanceMeters>0.0</DistanceMeters>
            <HeartRateBpm>
              <Value>91</Value>
            </HeartRateBpm>
            <Extensions>
              <ns3:TPX/>
            </Extensions>
          </Trackpoint>
          <Trackpoint>
            <Time>2026-06-11T16:49:47.000Z</Time>
            <DistanceMeters>0.0</DistanceMeters>
            <HeartRateBpm>
              <Value>93</Value>
            </HeartRateBpm>
            <Extensions>
              <ns3:TPX/>
            </Extensions>
          </Trackpoint>
          <Trackpoint>
            <Time>2026-06-11T16:49:53.000Z</Time>
            <DistanceMeters>0.0</DistanceMeters>
            <HeartRateBpm>
              <Value>94</Value>
            </HeartRateBpm>
            <Extensions>
              <ns3:TPX/>
            </Extensions>
          </Trackpoint>
          <Trackpoint>
            <Time>2026-06-11T16:49:55.000Z</Time>
            <DistanceMeters>0.0</DistanceMeters>
            <HeartRateBpm>
              <Value>95</Value>
            </HeartRateBpm>
            <Extensions>
              <ns3:TPX/>
            </Extensions>
          </Trackpoint>
          <Trackpoint>
            <Time>2026-06-11T16:49:57.000Z</Time>
            <DistanceMeters>0.0</DistanceMeters>
            <HeartRateBpm>
              <Value>96</Value>
            </HeartRateBpm>
            <Extensions>
              <ns3:TPX/>
            </Extensions>
          </Trackpoint>
          <Trackpoint>
            <Time>2026-06-11T16:49:58.000Z</Time>
            <DistanceMeters>0.0</DistanceMeters>
            <HeartRateBpm>
              <Value>97</Value>
            </HeartRateBpm>
            <Extensions>
              <ns3:TPX/>
            </Extensions>
          </Trackpoint>
          <Trackpoint>
            <Time>2026-06-11T16:49:59.000Z</Time>
            <DistanceMeters>0.0</DistanceMeters>
            <HeartRateBpm>
              <Value>98</Value>
            </HeartRateBpm>
            <Extensions>
              <ns3:TPX/>
            </Extensions>
          </Trackpoint>
          <Trackpoint>
            <Time>2026-06-11T16:50:00.000Z</Time>
            <DistanceMeters>0.0</DistanceMeters>
            <HeartRateBpm>
              <Value>99</Value>
            </HeartRateBpm>
            <Extensions>
              <ns3:TPX/>
            </Extensions>
          </Trackpoint>
          <Trackpoint>
            <Time>2026-06-11T16:50:02.000Z</Time>
            <DistanceMeters>0.0</DistanceMeters>
            <HeartRateBpm>
              <Value>100</Value>
            </HeartRateBpm>
            <Extensions>
              <ns3:TPX/>
            </Extensions>
          </Trackpoint>
          <Trackpoint>
            <Time>2026-06-11T16:50:04.000Z</Time>
            <DistanceMeters>0.0</DistanceMeters>
            <HeartRateBpm>
              <Value>101</Value>
            </HeartRateBpm>
            <Extensions>
              <ns3:TPX/>
            </Extensions>
          </Trackpoint>
          <Trackpoint>
            <Time>2026-06-11T16:50:05.000Z</Time>
            <DistanceMeters>0.0</DistanceMeters>
            <HeartRateBpm>
              <Value>102</Value>
            </HeartRateBpm>
            <Extensions>
              <ns3:TPX/>
            </Extensions>
          </Trackpoint>
          <Trackpoint>
            <Time>2026-06-11T16:50:06.000Z</Time>
            <DistanceMeters>0.0</DistanceMeters>
            <HeartRateBpm>
              <Value>103</Value>
            </HeartRateBpm>
            <Extensions>
              <ns3:TPX/>
            </Extensions>
          </Trackpoint>
          <Trackpoint>
            <Time>2026-06-11T16:50:08.000Z</Time>
            <DistanceMeters>0.0</DistanceMeters>
            <HeartRateBpm>
              <Value>104</Value>
            </HeartRateBpm>
            <Extensions>
              <ns3:TPX/>
            </Extensions>
          </Trackpoint>
          <Trackpoint>
            <Time>2026-06-11T16:50:09.000Z</Time>
            <DistanceMeters>0.0</DistanceMeters>
            <HeartRateBpm>
              <Value>105</Value>
            </HeartRateBpm>
            <Extensions>
              <ns3:TPX/>
            </Extensions>
          </Trackpoint>
          <Trackpoint>
            <Time>2026-06-11T16:50:10.000Z</Time>
            <DistanceMeters>0.0</DistanceMeters>
            <HeartRateBpm>
              <Value>106</Value>
            </HeartRateBpm>
            <Extensions>
              <ns3:TPX/>
            </Extensions>
          </Trackpoint>
          <Trackpoint>
            <Time>2026-06-11T16:50:14.000Z</Time>
            <DistanceMeters>0.0</DistanceMeters>
            <HeartRateBpm>
              <Value>107</Value>
            </HeartRateBpm>
            <Extensions>
              <ns3:TPX/>
            </Extensions>
          </Trackpoint>
          <Trackpoint>
            <Time>2026-06-11T16:50:16.000Z</Time>
            <DistanceMeters>0.0</DistanceMeters>
            <HeartRateBpm>
              <Value>108</Value>
            </HeartRateBpm>
            <Extensions>
              <ns3:TPX/>
            </Extensions>
          </Trackpoint>
          <Trackpoint>
            <Time>2026-06-11T16:50:26.000Z</Time>
            <DistanceMeters>0.0</DistanceMeters>
            <HeartRateBpm>
              <Value>109</Value>
            </HeartRateBpm>
            <Extensions>
              <ns3:TPX/>
            </Extensions>
          </Trackpoint>
          <Trackpoint>
            <Time>2026-06-11T16:50:27.000Z</Time>
            <DistanceMeters>0.0</DistanceMeters>
            <HeartRateBpm>
              <Value>108</Value>
            </HeartRateBpm>
            <Extensions>
              <ns3:TPX/>
            </Extensions>
          </Trackpoint>
          <Trackpoint>
            <Time>2026-06-11T16:50:31.000Z</Time>
            <DistanceMeters>0.0</DistanceMeters>
            <HeartRateBpm>
              <Value>107</Value>
            </HeartRateBpm>
            <Extensions>
              <ns3:TPX/>
            </Extensions>
          </Trackpoint>
          <Trackpoint>
            <Time>2026-06-11T16:50:32.000Z</Time>
            <DistanceMeters>0.0</DistanceMeters>
            <HeartRateBpm>
              <Value>105</Value>
            </HeartRateBpm>
            <Extensions>
              <ns3:TPX/>
            </Extensions>
          </Trackpoint>
          <Trackpoint>
            <Time>2026-06-11T16:50:33.000Z</Time>
            <DistanceMeters>0.0</DistanceMeters>
            <HeartRateBpm>
              <Value>103</Value>
            </HeartRateBpm>
            <Extensions>
              <ns3:TPX/>
            </Extensions>
          </Trackpoint>
          <Trackpoint>
            <Time>2026-06-11T16:50:34.000Z</Time>
            <DistanceMeters>0.0</DistanceMeters>
            <HeartRateBpm>
              <Value>102</Value>
            </HeartRateBpm>
            <Extensions>
              <ns3:TPX/>
            </Extensions>
          </Trackpoint>
          <Trackpoint>
            <Time>2026-06-11T16:50:35.000Z</Time>
            <DistanceMeters>0.0</DistanceMeters>
            <HeartRateBpm>
              <Value>101</Value>
            </HeartRateBpm>
            <Extensions>
              <ns3:TPX/>
            </Extensions>
          </Trackpoint>
          <Trackpoint>
            <Time>2026-06-11T16:50:37.000Z</Time>
            <DistanceMeters>0.0</DistanceMeters>
            <HeartRateBpm>
              <Value>102</Value>
            </HeartRateBpm>
            <Extensions>
              <ns3:TPX/>
            </Extensions>
          </Trackpoint>
          <Trackpoint>
            <Time>2026-06-11T16:50:40.000Z</Time>
            <DistanceMeters>0.0</DistanceMeters>
            <HeartRateBpm>
              <Value>103</Value>
            </HeartRateBpm>
            <Extensions>
              <ns3:TPX/>
            </Extensions>
          </Trackpoint>
          <Trackpoint>
            <Time>2026-06-11T16:50:42.000Z</Time>
            <DistanceMeters>0.0</DistanceMeters>
            <HeartRateBpm>
              <Value>104</Value>
            </HeartRateBpm>
            <Extensions>
              <ns3:TPX/>
            </Extensions>
          </Trackpoint>
          <Trackpoint>
            <Time>2026-06-11T16:50:44.000Z</Time>
            <DistanceMeters>0.0</DistanceMeters>
            <HeartRateBpm>
              <Value>105</Value>
            </HeartRateBpm>
            <Extensions>
              <ns3:TPX/>
            </Extensions>
          </Trackpoint>
          <Trackpoint>
            <Time>2026-06-11T16:50:45.000Z</Time>
            <DistanceMeters>0.0</DistanceMeters>
            <HeartRateBpm>
              <Value>104</Value>
            </HeartRateBpm>
            <Extensions>
              <ns3:TPX/>
            </Extensions>
          </Trackpoint>
          <Trackpoint>
            <Time>2026-06-11T16:50:47.000Z</Time>
            <DistanceMeters>0.0</DistanceMeters>
            <HeartRateBpm>
              <Value>101</Value>
            </HeartRateBpm>
            <Extensions>
              <ns3:TPX/>
            </Extensions>
          </Trackpoint>
          <Trackpoint>
            <Time>2026-06-11T16:50:48.000Z</Time>
            <DistanceMeters>0.0</DistanceMeters>
            <HeartRateBpm>
              <Value>100</Value>
            </HeartRateBpm>
            <Extensions>
              <ns3:TPX/>
            </Extensions>
          </Trackpoint>
          <Trackpoint>
            <Time>2026-06-11T16:50:49.000Z</Time>
            <DistanceMeters>0.0</DistanceMeters>
            <HeartRateBpm>
              <Value>99</Value>
            </HeartRateBpm>
            <Extensions>
              <ns3:TPX/>
            </Extensions>
          </Trackpoint>
          <Trackpoint>
            <Time>2026-06-11T16:50:50.000Z</Time>
            <DistanceMeters>0.0</DistanceMeters>
            <HeartRateBpm>
              <Value>98</Value>
            </HeartRateBpm>
            <Extensions>
              <ns3:TPX/>
            </Extensions>
          </Trackpoint>
          <Trackpoint>
            <Time>2026-06-11T16:50:54.000Z</Time>
            <DistanceMeters>0.0</DistanceMeters>
            <HeartRateBpm>
              <Value>99</Value>
            </HeartRateBpm>
            <Extensions>
              <ns3:TPX/>
            </Extensions>
          </Trackpoint>
          <Trackpoint>
            <Time>2026-06-11T16:50:56.000Z</Time>
            <DistanceMeters>0.0</DistanceMeters>
            <HeartRateBpm>
              <Value>100</Value>
            </HeartRateBpm>
            <Extensions>
              <ns3:TPX/>
            </Extensions>
          </Trackpoint>
          <Trackpoint>
            <Time>2026-06-11T16:50:57.000Z</Time>
            <DistanceMeters>0.0</DistanceMeters>
            <HeartRateBpm>
              <Value>101</Value>
            </HeartRateBpm>
            <Extensions>
              <ns3:TPX/>
            </Extensions>
          </Trackpoint>
          <Trackpoint>
            <Time>2026-06-11T16:50:58.000Z</Time>
            <DistanceMeters>0.0</DistanceMeters>
            <HeartRateBpm>
              <Value>102</Value>
            </HeartRateBpm>
            <Extensions>
              <ns3:TPX/>
            </Extensions>
          </Trackpoint>
          <Trackpoint>
            <Time>2026-06-11T16:50:59.000Z</Time>
            <DistanceMeters>0.0</DistanceMeters>
            <HeartRateBpm>
              <Value>103</Value>
            </HeartRateBpm>
            <Extensions>
              <ns3:TPX/>
            </Extensions>
          </Trackpoint>
          <Trackpoint>
            <Time>2026-06-11T16:51:01.000Z</Time>
            <DistanceMeters>0.0</DistanceMeters>
            <HeartRateBpm>
              <Value>104</Value>
            </HeartRateBpm>
            <Extensions>
              <ns3:TPX/>
            </Extensions>
          </Trackpoint>
          <Trackpoint>
            <Time>2026-06-11T16:51:05.000Z</Time>
            <DistanceMeters>0.0</DistanceMeters>
            <HeartRateBpm>
              <Value>105</Value>
            </HeartRateBpm>
            <Extensions>
              <ns3:TPX/>
            </Extensions>
          </Trackpoint>
          <Trackpoint>
            <Time>2026-06-11T16:51:06.000Z</Time>
            <DistanceMeters>0.0</DistanceMeters>
            <HeartRateBpm>
              <Value>106</Value>
            </HeartRateBpm>
            <Extensions>
              <ns3:TPX/>
            </Extensions>
          </Trackpoint>
          <Trackpoint>
            <Time>2026-06-11T16:51:14.000Z</Time>
            <DistanceMeters>0.0</DistanceMeters>
            <HeartRateBpm>
              <Value>107</Value>
            </HeartRateBpm>
            <Extensions>
              <ns3:TPX/>
            </Extensions>
          </Trackpoint>
          <Trackpoint>
            <Time>2026-06-11T16:51:16.000Z</Time>
            <DistanceMeters>0.0</DistanceMeters>
            <HeartRateBpm>
              <Value>108</Value>
            </HeartRateBpm>
            <Extensions>
              <ns3:TPX/>
            </Extensions>
          </Trackpoint>
          <Trackpoint>
            <Time>2026-06-11T16:51:22.000Z</Time>
            <DistanceMeters>0.0</DistanceMeters>
            <HeartRateBpm>
              <Value>109</Value>
            </HeartRateBpm>
            <Extensions>
              <ns3:TPX/>
            </Extensions>
          </Trackpoint>
          <Trackpoint>
            <Time>2026-06-11T16:51:26.000Z</Time>
            <DistanceMeters>0.0</DistanceMeters>
            <HeartRateBpm>
              <Value>110</Value>
            </HeartRateBpm>
            <Extensions>
              <ns3:TPX/>
            </Extensions>
          </Trackpoint>
          <Trackpoint>
            <Time>2026-06-11T16:51:30.000Z</Time>
            <DistanceMeters>0.0</DistanceMeters>
            <HeartRateBpm>
              <Value>110</Value>
            </HeartRateBpm>
            <Extensions>
              <ns3:TPX/>
            </Extensions>
          </Trackpoint>
          <Trackpoint>
            <Time>2026-06-11T16:51:32.000Z</Time>
            <DistanceMeters>0.0</DistanceMeters>
            <HeartRateBpm>
              <Value>109</Value>
            </HeartRateBpm>
            <Extensions>
              <ns3:TPX/>
            </Extensions>
          </Trackpoint>
          <Trackpoint>
            <Time>2026-06-11T16:51:34.000Z</Time>
            <DistanceMeters>0.0</DistanceMeters>
            <HeartRateBpm>
              <Value>107</Value>
            </HeartRateBpm>
            <Extensions>
              <ns3:TPX/>
            </Extensions>
          </Trackpoint>
          <Trackpoint>
            <Time>2026-06-11T16:51:35.000Z</Time>
            <DistanceMeters>0.0</DistanceMeters>
            <HeartRateBpm>
              <Value>106</Value>
            </HeartRateBpm>
            <Extensions>
              <ns3:TPX/>
            </Extensions>
          </Trackpoint>
          <Trackpoint>
            <Time>2026-06-11T16:51:36.000Z</Time>
            <DistanceMeters>0.0</DistanceMeters>
            <HeartRateBpm>
              <Value>105</Value>
            </HeartRateBpm>
            <Extensions>
              <ns3:TPX/>
            </Extensions>
          </Trackpoint>
          <Trackpoint>
            <Time>2026-06-11T16:51:37.000Z</Time>
            <DistanceMeters>0.0</DistanceMeters>
            <HeartRateBpm>
              <Value>104</Value>
            </HeartRateBpm>
            <Extensions>
              <ns3:TPX/>
            </Extensions>
          </Trackpoint>
          <Trackpoint>
            <Time>2026-06-11T16:51:39.000Z</Time>
            <DistanceMeters>0.0</DistanceMeters>
            <HeartRateBpm>
              <Value>104</Value>
            </HeartRateBpm>
            <Extensions>
              <ns3:TPX/>
            </Extensions>
          </Trackpoint>
          <Trackpoint>
            <Time>2026-06-11T16:51:40.000Z</Time>
            <DistanceMeters>0.0</DistanceMeters>
            <HeartRateBpm>
              <Value>105</Value>
            </HeartRateBpm>
            <Extensions>
              <ns3:TPX/>
            </Extensions>
          </Trackpoint>
          <Trackpoint>
            <Time>2026-06-11T16:51:44.000Z</Time>
            <DistanceMeters>0.0</DistanceMeters>
            <HeartRateBpm>
              <Value>104</Value>
            </HeartRateBpm>
            <Extensions>
              <ns3:TPX/>
            </Extensions>
          </Trackpoint>
          <Trackpoint>
            <Time>2026-06-11T16:51:51.000Z</Time>
            <DistanceMeters>0.0</DistanceMeters>
            <HeartRateBpm>
              <Value>103</Value>
            </HeartRateBpm>
            <Extensions>
              <ns3:TPX/>
            </Extensions>
          </Trackpoint>
          <Trackpoint>
            <Time>2026-06-11T16:51:53.000Z</Time>
            <DistanceMeters>0.0</DistanceMeters>
            <HeartRateBpm>
              <Value>102</Value>
            </HeartRateBpm>
            <Extensions>
              <ns3:TPX/>
            </Extensions>
          </Trackpoint>
          <Trackpoint>
            <Time>2026-06-11T16:51:56.000Z</Time>
            <DistanceMeters>0.0</DistanceMeters>
            <HeartRateBpm>
              <Value>103</Value>
            </HeartRateBpm>
            <Extensions>
              <ns3:TPX/>
            </Extensions>
          </Trackpoint>
          <Trackpoint>
            <Time>2026-06-11T16:52:02.000Z</Time>
            <DistanceMeters>0.0</DistanceMeters>
            <HeartRateBpm>
              <Value>102</Value>
            </HeartRateBpm>
            <Extensions>
              <ns3:TPX/>
            </Extensions>
          </Trackpoint>
          <Trackpoint>
            <Time>2026-06-11T16:52:07.000Z</Time>
            <DistanceMeters>0.0</DistanceMeters>
            <HeartRateBpm>
              <Value>103</Value>
            </HeartRateBpm>
            <Extensions>
              <ns3:TPX/>
            </Extensions>
          </Trackpoint>
          <Trackpoint>
            <Time>2026-06-11T16:52:09.000Z</Time>
            <DistanceMeters>0.0</DistanceMeters>
            <HeartRateBpm>
              <Value>102</Value>
            </HeartRateBpm>
            <Extensions>
              <ns3:TPX/>
            </Extensions>
          </Trackpoint>
          <Trackpoint>
            <Time>2026-06-11T16:52:13.000Z</Time>
            <DistanceMeters>0.0</DistanceMeters>
            <HeartRateBpm>
              <Value>101</Value>
            </HeartRateBpm>
            <Extensions>
              <ns3:TPX/>
            </Extensions>
          </Trackpoint>
          <Trackpoint>
            <Time>2026-06-11T16:52:15.000Z</Time>
            <DistanceMeters>0.0</DistanceMeters>
            <HeartRateBpm>
              <Value>100</Value>
            </HeartRateBpm>
            <Extensions>
              <ns3:TPX/>
            </Extensions>
          </Trackpoint>
          <Trackpoint>
            <Time>2026-06-11T16:52:20.000Z</Time>
            <DistanceMeters>0.0</DistanceMeters>
            <HeartRateBpm>
              <Value>99</Value>
            </HeartRateBpm>
            <Extensions>
              <ns3:TPX/>
            </Extensions>
          </Trackpoint>
          <Trackpoint>
            <Time>2026-06-11T16:52:25.000Z</Time>
            <DistanceMeters>0.0</DistanceMeters>
            <HeartRateBpm>
              <Value>98</Value>
            </HeartRateBpm>
            <Extensions>
              <ns3:TPX/>
            </Extensions>
          </Trackpoint>
          <Trackpoint>
            <Time>2026-06-11T16:52:27.000Z</Time>
            <DistanceMeters>0.0</DistanceMeters>
            <HeartRateBpm>
              <Value>98</Value>
            </HeartRateBpm>
            <Extensions>
              <ns3:TPX/>
            </Extensions>
          </Trackpoint>
          <Trackpoint>
            <Time>2026-06-11T16:52:28.000Z</Time>
            <DistanceMeters>0.0</DistanceMeters>
            <HeartRateBpm>
              <Value>97</Value>
            </HeartRateBpm>
            <Extensions>
              <ns3:TPX/>
            </Extensions>
          </Trackpoint>
          <Trackpoint>
            <Time>2026-06-11T16:52:31.000Z</Time>
            <DistanceMeters>0.0</DistanceMeters>
            <HeartRateBpm>
              <Value>95</Value>
            </HeartRateBpm>
            <Extensions>
              <ns3:TPX/>
            </Extensions>
          </Trackpoint>
          <Trackpoint>
            <Time>2026-06-11T16:52:33.000Z</Time>
            <DistanceMeters>0.0</DistanceMeters>
            <HeartRateBpm>
              <Value>92</Value>
            </HeartRateBpm>
            <Extensions>
              <ns3:TPX/>
            </Extensions>
          </Trackpoint>
          <Trackpoint>
            <Time>2026-06-11T16:52:34.000Z</Time>
            <DistanceMeters>0.0</DistanceMeters>
            <HeartRateBpm>
              <Value>91</Value>
            </HeartRateBpm>
            <Extensions>
              <ns3:TPX/>
            </Extensions>
          </Trackpoint>
          <Trackpoint>
            <Time>2026-06-11T16:52:39.000Z</Time>
            <DistanceMeters>0.0</DistanceMeters>
            <HeartRateBpm>
              <Value>92</Value>
            </HeartRateBpm>
            <Extensions>
              <ns3:TPX/>
            </Extensions>
          </Trackpoint>
          <Trackpoint>
            <Time>2026-06-11T16:52:42.000Z</Time>
            <DistanceMeters>0.0</DistanceMeters>
            <HeartRateBpm>
              <Value>90</Value>
            </HeartRateBpm>
            <Extensions>
              <ns3:TPX/>
            </Extensions>
          </Trackpoint>
          <Trackpoint>
            <Time>2026-06-11T16:52:43.000Z</Time>
            <DistanceMeters>0.0</DistanceMeters>
            <HeartRateBpm>
              <Value>88</Value>
            </HeartRateBpm>
            <Extensions>
              <ns3:TPX/>
            </Extensions>
          </Trackpoint>
          <Trackpoint>
            <Time>2026-06-11T16:52:44.000Z</Time>
            <DistanceMeters>0.0</DistanceMeters>
            <HeartRateBpm>
              <Value>86</Value>
            </HeartRateBpm>
            <Extensions>
              <ns3:TPX/>
            </Extensions>
          </Trackpoint>
          <Trackpoint>
            <Time>2026-06-11T16:52:45.000Z</Time>
            <DistanceMeters>0.0</DistanceMeters>
            <HeartRateBpm>
              <Value>83</Value>
            </HeartRateBpm>
            <Extensions>
              <ns3:TPX/>
            </Extensions>
          </Trackpoint>
          <Trackpoint>
            <Time>2026-06-11T16:52:46.000Z</Time>
            <DistanceMeters>0.0</DistanceMeters>
            <HeartRateBpm>
              <Value>83</Value>
            </HeartRateBpm>
            <Extensions>
              <ns3:TPX/>
            </Extensions>
          </Trackpoint>
          <Trackpoint>
            <Time>2026-06-11T16:52:49.000Z</Time>
            <DistanceMeters>0.0</DistanceMeters>
            <HeartRateBpm>
              <Value>84</Value>
            </HeartRateBpm>
            <Extensions>
              <ns3:TPX/>
            </Extensions>
          </Trackpoint>
          <Trackpoint>
            <Time>2026-06-11T16:52:51.000Z</Time>
            <DistanceMeters>0.0</DistanceMeters>
            <HeartRateBpm>
              <Value>86</Value>
            </HeartRateBpm>
            <Extensions>
              <ns3:TPX/>
            </Extensions>
          </Trackpoint>
          <Trackpoint>
            <Time>2026-06-11T16:52:52.000Z</Time>
            <DistanceMeters>0.0</DistanceMeters>
            <HeartRateBpm>
              <Value>87</Value>
            </HeartRateBpm>
            <Extensions>
              <ns3:TPX/>
            </Extensions>
          </Trackpoint>
          <Trackpoint>
            <Time>2026-06-11T16:52:53.000Z</Time>
            <DistanceMeters>0.0</DistanceMeters>
            <HeartRateBpm>
              <Value>90</Value>
            </HeartRateBpm>
            <Extensions>
              <ns3:TPX/>
            </Extensions>
          </Trackpoint>
          <Trackpoint>
            <Time>2026-06-11T16:52:54.000Z</Time>
            <DistanceMeters>0.0</DistanceMeters>
            <HeartRateBpm>
              <Value>91</Value>
            </HeartRateBpm>
            <Extensions>
              <ns3:TPX/>
            </Extensions>
          </Trackpoint>
          <Trackpoint>
            <Time>2026-06-11T16:52:55.000Z</Time>
            <DistanceMeters>0.0</DistanceMeters>
            <HeartRateBpm>
              <Value>92</Value>
            </HeartRateBpm>
            <Extensions>
              <ns3:TPX/>
            </Extensions>
          </Trackpoint>
          <Trackpoint>
            <Time>2026-06-11T16:52:56.000Z</Time>
            <DistanceMeters>0.0</DistanceMeters>
            <HeartRateBpm>
              <Value>93</Value>
            </HeartRateBpm>
            <Extensions>
              <ns3:TPX/>
            </Extensions>
          </Trackpoint>
          <Trackpoint>
            <Time>2026-06-11T16:53:00.000Z</Time>
            <DistanceMeters>0.0</DistanceMeters>
            <HeartRateBpm>
              <Value>94</Value>
            </HeartRateBpm>
            <Extensions>
              <ns3:TPX/>
            </Extensions>
          </Trackpoint>
          <Trackpoint>
            <Time>2026-06-11T16:53:03.000Z</Time>
            <DistanceMeters>0.0</DistanceMeters>
            <HeartRateBpm>
              <Value>95</Value>
            </HeartRateBpm>
            <Extensions>
              <ns3:TPX/>
            </Extensions>
          </Trackpoint>
          <Trackpoint>
            <Time>2026-06-11T16:53:04.000Z</Time>
            <DistanceMeters>0.0</DistanceMeters>
            <HeartRateBpm>
              <Value>96</Value>
            </HeartRateBpm>
            <Extensions>
              <ns3:TPX/>
            </Extensions>
          </Trackpoint>
          <Trackpoint>
            <Time>2026-06-11T16:53:06.000Z</Time>
            <DistanceMeters>0.0</DistanceMeters>
            <HeartRateBpm>
              <Value>97</Value>
            </HeartRateBpm>
            <Extensions>
              <ns3:TPX/>
            </Extensions>
          </Trackpoint>
          <Trackpoint>
            <Time>2026-06-11T16:53:08.000Z</Time>
            <DistanceMeters>0.0</DistanceMeters>
            <HeartRateBpm>
              <Value>98</Value>
            </HeartRateBpm>
            <Extensions>
              <ns3:TPX/>
            </Extensions>
          </Trackpoint>
          <Trackpoint>
            <Time>2026-06-11T16:53:10.000Z</Time>
            <DistanceMeters>0.0</DistanceMeters>
            <HeartRateBpm>
              <Value>99</Value>
            </HeartRateBpm>
            <Extensions>
              <ns3:TPX/>
            </Extensions>
          </Trackpoint>
          <Trackpoint>
            <Time>2026-06-11T16:53:12.000Z</Time>
            <DistanceMeters>0.0</DistanceMeters>
            <HeartRateBpm>
              <Value>100</Value>
            </HeartRateBpm>
            <Extensions>
              <ns3:TPX/>
            </Extensions>
          </Trackpoint>
          <Trackpoint>
            <Time>2026-06-11T16:53:17.000Z</Time>
            <DistanceMeters>0.0</DistanceMeters>
            <HeartRateBpm>
              <Value>101</Value>
            </HeartRateBpm>
            <Extensions>
              <ns3:TPX/>
            </Extensions>
          </Trackpoint>
          <Trackpoint>
            <Time>2026-06-11T16:53:18.000Z</Time>
            <DistanceMeters>0.0</DistanceMeters>
            <HeartRateBpm>
              <Value>102</Value>
            </HeartRateBpm>
            <Extensions>
              <ns3:TPX/>
            </Extensions>
          </Trackpoint>
          <Trackpoint>
            <Time>2026-06-11T16:53:19.000Z</Time>
            <DistanceMeters>0.0</DistanceMeters>
            <HeartRateBpm>
              <Value>103</Value>
            </HeartRateBpm>
            <Extensions>
              <ns3:TPX/>
            </Extensions>
          </Trackpoint>
          <Trackpoint>
            <Time>2026-06-11T16:53:28.000Z</Time>
            <DistanceMeters>0.0</DistanceMeters>
            <HeartRateBpm>
              <Value>102</Value>
            </HeartRateBpm>
            <Extensions>
              <ns3:TPX/>
            </Extensions>
          </Trackpoint>
          <Trackpoint>
            <Time>2026-06-11T16:53:30.000Z</Time>
            <DistanceMeters>0.0</DistanceMeters>
            <HeartRateBpm>
              <Value>101</Value>
            </HeartRateBpm>
            <Extensions>
              <ns3:TPX/>
            </Extensions>
          </Trackpoint>
          <Trackpoint>
            <Time>2026-06-11T16:53:32.000Z</Time>
            <DistanceMeters>0.0</DistanceMeters>
            <HeartRateBpm>
              <Value>100</Value>
            </HeartRateBpm>
            <Extensions>
              <ns3:TPX/>
            </Extensions>
          </Trackpoint>
          <Trackpoint>
            <Time>2026-06-11T16:53:34.000Z</Time>
            <DistanceMeters>0.0</DistanceMeters>
            <HeartRateBpm>
              <Value>98</Value>
            </HeartRateBpm>
            <Extensions>
              <ns3:TPX/>
            </Extensions>
          </Trackpoint>
          <Trackpoint>
            <Time>2026-06-11T16:53:35.000Z</Time>
            <DistanceMeters>0.0</DistanceMeters>
            <HeartRateBpm>
              <Value>97</Value>
            </HeartRateBpm>
            <Extensions>
              <ns3:TPX/>
            </Extensions>
          </Trackpoint>
          <Trackpoint>
            <Time>2026-06-11T16:53:36.000Z</Time>
            <DistanceMeters>0.0</DistanceMeters>
            <HeartRateBpm>
              <Value>96</Value>
            </HeartRateBpm>
            <Extensions>
              <ns3:TPX/>
            </Extensions>
          </Trackpoint>
          <Trackpoint>
            <Time>2026-06-11T16:53:40.000Z</Time>
            <DistanceMeters>0.0</DistanceMeters>
            <HeartRateBpm>
              <Value>97</Value>
            </HeartRateBpm>
            <Extensions>
              <ns3:TPX/>
            </Extensions>
          </Trackpoint>
          <Trackpoint>
            <Time>2026-06-11T16:53:41.000Z</Time>
            <DistanceMeters>0.0</DistanceMeters>
            <HeartRateBpm>
              <Value>97</Value>
            </HeartRateBpm>
            <Extensions>
              <ns3:TPX/>
            </Extensions>
          </Trackpoint>
          <Trackpoint>
            <Time>2026-06-11T16:53:42.000Z</Time>
            <DistanceMeters>0.0</DistanceMeters>
            <HeartRateBpm>
              <Value>98</Value>
            </HeartRateBpm>
            <Extensions>
              <ns3:TPX/>
            </Extensions>
          </Trackpoint>
          <Trackpoint>
            <Time>2026-06-11T16:53:43.000Z</Time>
            <DistanceMeters>0.0</DistanceMeters>
            <HeartRateBpm>
              <Value>99</Value>
            </HeartRateBpm>
            <Extensions>
              <ns3:TPX/>
            </Extensions>
          </Trackpoint>
          <Trackpoint>
            <Time>2026-06-11T16:53:45.000Z</Time>
            <DistanceMeters>0.0</DistanceMeters>
            <HeartRateBpm>
              <Value>100</Value>
            </HeartRateBpm>
            <Extensions>
              <ns3:TPX/>
            </Extensions>
          </Trackpoint>
          <Trackpoint>
            <Time>2026-06-11T16:53:46.000Z</Time>
            <DistanceMeters>0.0</DistanceMeters>
            <HeartRateBpm>
              <Value>99</Value>
            </HeartRateBpm>
            <Extensions>
              <ns3:TPX/>
            </Extensions>
          </Trackpoint>
          <Trackpoint>
            <Time>2026-06-11T16:53:47.000Z</Time>
            <DistanceMeters>0.0</DistanceMeters>
            <HeartRateBpm>
              <Value>100</Value>
            </HeartRateBpm>
            <Extensions>
              <ns3:TPX/>
            </Extensions>
          </Trackpoint>
          <Trackpoint>
            <Time>2026-06-11T16:53:48.000Z</Time>
            <DistanceMeters>0.0</DistanceMeters>
            <HeartRateBpm>
              <Value>99</Value>
            </HeartRateBpm>
            <Extensions>
              <ns3:TPX/>
            </Extensions>
          </Trackpoint>
          <Trackpoint>
            <Time>2026-06-11T16:53:54.000Z</Time>
            <DistanceMeters>0.0</DistanceMeters>
            <HeartRateBpm>
              <Value>100</Value>
            </HeartRateBpm>
            <Extensions>
              <ns3:TPX/>
            </Extensions>
          </Trackpoint>
          <Trackpoint>
            <Time>2026-06-11T16:53:56.000Z</Time>
            <DistanceMeters>0.0</DistanceMeters>
            <HeartRateBpm>
              <Value>101</Value>
            </HeartRateBpm>
            <Extensions>
              <ns3:TPX/>
            </Extensions>
          </Trackpoint>
          <Trackpoint>
            <Time>2026-06-11T16:53:57.000Z</Time>
            <DistanceMeters>0.0</DistanceMeters>
            <HeartRateBpm>
              <Value>102</Value>
            </HeartRateBpm>
            <Extensions>
              <ns3:TPX/>
            </Extensions>
          </Trackpoint>
          <Trackpoint>
            <Time>2026-06-11T16:53:59.000Z</Time>
            <DistanceMeters>0.0</DistanceMeters>
            <HeartRateBpm>
              <Value>103</Value>
            </HeartRateBpm>
            <Extensions>
              <ns3:TPX/>
            </Extensions>
          </Trackpoint>
          <Trackpoint>
            <Time>2026-06-11T16:54:01.000Z</Time>
            <DistanceMeters>0.0</DistanceMeters>
            <HeartRateBpm>
              <Value>104</Value>
            </HeartRateBpm>
            <Extensions>
              <ns3:TPX/>
            </Extensions>
          </Trackpoint>
          <Trackpoint>
            <Time>2026-06-11T16:54:09.000Z</Time>
            <DistanceMeters>0.0</DistanceMeters>
            <HeartRateBpm>
              <Value>105</Value>
            </HeartRateBpm>
            <Extensions>
              <ns3:TPX/>
            </Extensions>
          </Trackpoint>
          <Trackpoint>
            <Time>2026-06-11T16:54:11.000Z</Time>
            <DistanceMeters>0.0</DistanceMeters>
            <HeartRateBpm>
              <Value>106</Value>
            </HeartRateBpm>
            <Extensions>
              <ns3:TPX/>
            </Extensions>
          </Trackpoint>
          <Trackpoint>
            <Time>2026-06-11T16:54:13.000Z</Time>
            <DistanceMeters>0.0</DistanceMeters>
            <HeartRateBpm>
              <Value>107</Value>
            </HeartRateBpm>
            <Extensions>
              <ns3:TPX/>
            </Extensions>
          </Trackpoint>
          <Trackpoint>
            <Time>2026-06-11T16:54:16.000Z</Time>
            <DistanceMeters>0.0</DistanceMeters>
            <HeartRateBpm>
              <Value>108</Value>
            </HeartRateBpm>
            <Extensions>
              <ns3:TPX/>
            </Extensions>
          </Trackpoint>
          <Trackpoint>
            <Time>2026-06-11T16:54:18.000Z</Time>
            <DistanceMeters>0.0</DistanceMeters>
            <HeartRateBpm>
              <Value>109</Value>
            </HeartRateBpm>
            <Extensions>
              <ns3:TPX/>
            </Extensions>
          </Trackpoint>
          <Trackpoint>
            <Time>2026-06-11T16:54:19.000Z</Time>
            <DistanceMeters>0.0</DistanceMeters>
            <HeartRateBpm>
              <Value>108</Value>
            </HeartRateBpm>
            <Extensions>
              <ns3:TPX/>
            </Extensions>
          </Trackpoint>
          <Trackpoint>
            <Time>2026-06-11T16:54:20.000Z</Time>
            <DistanceMeters>0.0</DistanceMeters>
            <HeartRateBpm>
              <Value>109</Value>
            </HeartRateBpm>
            <Extensions>
              <ns3:TPX/>
            </Extensions>
          </Trackpoint>
          <Trackpoint>
            <Time>2026-06-11T16:54:23.000Z</Time>
            <DistanceMeters>0.0</DistanceMeters>
            <HeartRateBpm>
              <Value>108</Value>
            </HeartRateBpm>
            <Extensions>
              <ns3:TPX/>
            </Extensions>
          </Trackpoint>
          <Trackpoint>
            <Time>2026-06-11T16:54:24.000Z</Time>
            <DistanceMeters>0.0</DistanceMeters>
            <HeartRateBpm>
              <Value>109</Value>
            </HeartRateBpm>
            <Extensions>
              <ns3:TPX/>
            </Extensions>
          </Trackpoint>
          <Trackpoint>
            <Time>2026-06-11T16:54:26.000Z</Time>
            <DistanceMeters>0.0</DistanceMeters>
            <HeartRateBpm>
              <Value>110</Value>
            </HeartRateBpm>
            <Extensions>
              <ns3:TPX/>
            </Extensions>
          </Trackpoint>
          <Trackpoint>
            <Time>2026-06-11T16:54:29.000Z</Time>
            <DistanceMeters>0.0</DistanceMeters>
            <HeartRateBpm>
              <Value>110</Value>
            </HeartRateBpm>
            <Extensions>
              <ns3:TPX/>
            </Extensions>
          </Trackpoint>
          <Trackpoint>
            <Time>2026-06-11T16:54:30.000Z</Time>
            <DistanceMeters>0.0</DistanceMeters>
            <HeartRateBpm>
              <Value>109</Value>
            </HeartRateBpm>
            <Extensions>
              <ns3:TPX/>
            </Extensions>
          </Trackpoint>
          <Trackpoint>
            <Time>2026-06-11T16:54:32.000Z</Time>
            <DistanceMeters>0.0</DistanceMeters>
            <HeartRateBpm>
              <Value>107</Value>
            </HeartRateBpm>
            <Extensions>
              <ns3:TPX/>
            </Extensions>
          </Trackpoint>
          <Trackpoint>
            <Time>2026-06-11T16:54:33.000Z</Time>
            <DistanceMeters>0.0</DistanceMeters>
            <HeartRateBpm>
              <Value>105</Value>
            </HeartRateBpm>
            <Extensions>
              <ns3:TPX/>
            </Extensions>
          </Trackpoint>
          <Trackpoint>
            <Time>2026-06-11T16:54:34.000Z</Time>
            <DistanceMeters>0.0</DistanceMeters>
            <HeartRateBpm>
              <Value>104</Value>
            </HeartRateBpm>
            <Extensions>
              <ns3:TPX/>
            </Extensions>
          </Trackpoint>
          <Trackpoint>
            <Time>2026-06-11T16:54:36.000Z</Time>
            <DistanceMeters>0.0</DistanceMeters>
            <HeartRateBpm>
              <Value>103</Value>
            </HeartRateBpm>
            <Extensions>
              <ns3:TPX/>
            </Extensions>
          </Trackpoint>
          <Trackpoint>
            <Time>2026-06-11T16:54:37.000Z</Time>
            <DistanceMeters>0.0</DistanceMeters>
            <HeartRateBpm>
              <Value>104</Value>
            </HeartRateBpm>
            <Extensions>
              <ns3:TPX/>
            </Extensions>
          </Trackpoint>
          <Trackpoint>
            <Time>2026-06-11T16:54:39.000Z</Time>
            <DistanceMeters>0.0</DistanceMeters>
            <HeartRateBpm>
              <Value>105</Value>
            </HeartRateBpm>
            <Extensions>
              <ns3:TPX/>
            </Extensions>
          </Trackpoint>
          <Trackpoint>
            <Time>2026-06-11T16:54:44.000Z</Time>
            <DistanceMeters>0.0</DistanceMeters>
            <HeartRateBpm>
              <Value>104</Value>
            </HeartRateBpm>
            <Extensions>
              <ns3:TPX/>
            </Extensions>
          </Trackpoint>
          <Trackpoint>
            <Time>2026-06-11T16:54:46.000Z</Time>
            <DistanceMeters>0.0</DistanceMeters>
            <HeartRateBpm>
              <Value>103</Value>
            </HeartRateBpm>
            <Extensions>
              <ns3:TPX/>
            </Extensions>
          </Trackpoint>
          <Trackpoint>
            <Time>2026-06-11T16:54:48.000Z</Time>
            <DistanceMeters>0.0</DistanceMeters>
            <HeartRateBpm>
              <Value>102</Value>
            </HeartRateBpm>
            <Extensions>
              <ns3:TPX/>
            </Extensions>
          </Trackpoint>
          <Trackpoint>
            <Time>2026-06-11T16:54:49.000Z</Time>
            <DistanceMeters>0.0</DistanceMeters>
            <HeartRateBpm>
              <Value>101</Value>
            </HeartRateBpm>
            <Extensions>
              <ns3:TPX/>
            </Extensions>
          </Trackpoint>
          <Trackpoint>
            <Time>2026-06-11T16:54:51.000Z</Time>
            <DistanceMeters>0.0</DistanceMeters>
            <HeartRateBpm>
              <Value>100</Value>
            </HeartRateBpm>
            <Extensions>
              <ns3:TPX/>
            </Extensions>
          </Trackpoint>
          <Trackpoint>
            <Time>2026-06-11T16:54:53.000Z</Time>
            <DistanceMeters>0.0</DistanceMeters>
            <HeartRateBpm>
              <Value>98</Value>
            </HeartRateBpm>
            <Extensions>
              <ns3:TPX/>
            </Extensions>
          </Trackpoint>
          <Trackpoint>
            <Time>2026-06-11T16:54:57.000Z</Time>
            <DistanceMeters>0.0</DistanceMeters>
            <HeartRateBpm>
              <Value>97</Value>
            </HeartRateBpm>
            <Extensions>
              <ns3:TPX/>
            </Extensions>
          </Trackpoint>
          <Trackpoint>
            <Time>2026-06-11T16:54:58.000Z</Time>
            <DistanceMeters>0.0</DistanceMeters>
            <HeartRateBpm>
              <Value>98</Value>
            </HeartRateBpm>
            <Extensions>
              <ns3:TPX/>
            </Extensions>
          </Trackpoint>
          <Trackpoint>
            <Time>2026-06-11T16:55:00.000Z</Time>
            <DistanceMeters>0.0</DistanceMeters>
            <HeartRateBpm>
              <Value>99</Value>
            </HeartRateBpm>
            <Extensions>
              <ns3:TPX/>
            </Extensions>
          </Trackpoint>
          <Trackpoint>
            <Time>2026-06-11T16:55:01.000Z</Time>
            <DistanceMeters>0.0</DistanceMeters>
            <HeartRateBpm>
              <Value>98</Value>
            </HeartRateBpm>
            <Extensions>
              <ns3:TPX/>
            </Extensions>
          </Trackpoint>
          <Trackpoint>
            <Time>2026-06-11T16:55:04.000Z</Time>
            <DistanceMeters>0.0</DistanceMeters>
            <HeartRateBpm>
              <Value>97</Value>
            </HeartRateBpm>
            <Extensions>
              <ns3:TPX/>
            </Extensions>
          </Trackpoint>
          <Trackpoint>
            <Time>2026-06-11T16:55:05.000Z</Time>
            <DistanceMeters>0.0</DistanceMeters>
            <HeartRateBpm>
              <Value>98</Value>
            </HeartRateBpm>
            <Extensions>
              <ns3:TPX/>
            </Extensions>
          </Trackpoint>
          <Trackpoint>
            <Time>2026-06-11T16:55:06.000Z</Time>
            <DistanceMeters>0.0</DistanceMeters>
            <HeartRateBpm>
              <Value>97</Value>
            </HeartRateBpm>
            <Extensions>
              <ns3:TPX/>
            </Extensions>
          </Trackpoint>
          <Trackpoint>
            <Time>2026-06-11T16:55:07.000Z</Time>
            <DistanceMeters>0.0</DistanceMeters>
            <HeartRateBpm>
              <Value>98</Value>
            </HeartRateBpm>
            <Extensions>
              <ns3:TPX/>
            </Extensions>
          </Trackpoint>
          <Trackpoint>
            <Time>2026-06-11T16:55:11.000Z</Time>
            <DistanceMeters>0.0</DistanceMeters>
            <HeartRateBpm>
              <Value>99</Value>
            </HeartRateBpm>
            <Extensions>
              <ns3:TPX/>
            </Extensions>
          </Trackpoint>
          <Trackpoint>
            <Time>2026-06-11T16:55:12.000Z</Time>
            <DistanceMeters>0.0</DistanceMeters>
            <HeartRateBpm>
              <Value>100</Value>
            </HeartRateBpm>
            <Extensions>
              <ns3:TPX/>
            </Extensions>
          </Trackpoint>
          <Trackpoint>
            <Time>2026-06-11T16:55:15.000Z</Time>
            <DistanceMeters>0.0</DistanceMeters>
            <HeartRateBpm>
              <Value>99</Value>
            </HeartRateBpm>
            <Extensions>
              <ns3:TPX/>
            </Extensions>
          </Trackpoint>
          <Trackpoint>
            <Time>2026-06-11T16:55:17.000Z</Time>
            <DistanceMeters>0.0</DistanceMeters>
            <HeartRateBpm>
              <Value>98</Value>
            </HeartRateBpm>
            <Extensions>
              <ns3:TPX/>
            </Extensions>
          </Trackpoint>
          <Trackpoint>
            <Time>2026-06-11T16:55:18.000Z</Time>
            <DistanceMeters>0.0</DistanceMeters>
            <HeartRateBpm>
              <Value>96</Value>
            </HeartRateBpm>
            <Extensions>
              <ns3:TPX/>
            </Extensions>
          </Trackpoint>
          <Trackpoint>
            <Time>2026-06-11T16:55:19.000Z</Time>
            <DistanceMeters>0.0</DistanceMeters>
            <HeartRateBpm>
              <Value>94</Value>
            </HeartRateBpm>
            <Extensions>
              <ns3:TPX/>
            </Extensions>
          </Trackpoint>
          <Trackpoint>
            <Time>2026-06-11T16:55:20.000Z</Time>
            <DistanceMeters>0.0</DistanceMeters>
            <HeartRateBpm>
              <Value>93</Value>
            </HeartRateBpm>
            <Extensions>
              <ns3:TPX/>
            </Extensions>
          </Trackpoint>
          <Trackpoint>
            <Time>2026-06-11T16:55:22.000Z</Time>
            <DistanceMeters>0.0</DistanceMeters>
            <HeartRateBpm>
              <Value>92</Value>
            </HeartRateBpm>
            <Extensions>
              <ns3:TPX/>
            </Extensions>
          </Trackpoint>
          <Trackpoint>
            <Time>2026-06-11T16:55:23.000Z</Time>
            <DistanceMeters>0.0</DistanceMeters>
            <HeartRateBpm>
              <Value>93</Value>
            </HeartRateBpm>
            <Extensions>
              <ns3:TPX/>
            </Extensions>
          </Trackpoint>
          <Trackpoint>
            <Time>2026-06-11T16:55:29.000Z</Time>
            <DistanceMeters>0.0</DistanceMeters>
            <HeartRateBpm>
              <Value>92</Value>
            </HeartRateBpm>
            <Extensions>
              <ns3:TPX/>
            </Extensions>
          </Trackpoint>
          <Trackpoint>
            <Time>2026-06-11T16:55:33.000Z</Time>
            <DistanceMeters>0.0</DistanceMeters>
            <HeartRateBpm>
              <Value>91</Value>
            </HeartRateBpm>
            <Extensions>
              <ns3:TPX/>
            </Extensions>
          </Trackpoint>
          <Trackpoint>
            <Time>2026-06-11T16:55:42.000Z</Time>
            <DistanceMeters>0.0</DistanceMeters>
            <HeartRateBpm>
              <Value>92</Value>
            </HeartRateBpm>
            <Extensions>
              <ns3:TPX/>
            </Extensions>
          </Trackpoint>
          <Trackpoint>
            <Time>2026-06-11T16:55:46.000Z</Time>
            <DistanceMeters>0.0</DistanceMeters>
            <HeartRateBpm>
              <Value>91</Value>
            </HeartRateBpm>
            <Extensions>
              <ns3:TPX/>
            </Extensions>
          </Trackpoint>
          <Trackpoint>
            <Time>2026-06-11T16:55:47.000Z</Time>
            <DistanceMeters>0.0</DistanceMeters>
            <HeartRateBpm>
              <Value>90</Value>
            </HeartRateBpm>
            <Extensions>
              <ns3:TPX/>
            </Extensions>
          </Trackpoint>
          <Trackpoint>
            <Time>2026-06-11T16:55:48.000Z</Time>
            <DistanceMeters>0.0</DistanceMeters>
            <HeartRateBpm>
              <Value>87</Value>
            </HeartRateBpm>
            <Extensions>
              <ns3:TPX/>
            </Extensions>
          </Trackpoint>
          <Trackpoint>
            <Time>2026-06-11T16:55:49.000Z</Time>
            <DistanceMeters>0.0</DistanceMeters>
            <HeartRateBpm>
              <Value>86</Value>
            </HeartRateBpm>
            <Extensions>
              <ns3:TPX/>
            </Extensions>
          </Trackpoint>
          <Trackpoint>
            <Time>2026-06-11T16:55:51.000Z</Time>
            <DistanceMeters>0.0</DistanceMeters>
            <HeartRateBpm>
              <Value>85</Value>
            </HeartRateBpm>
            <Extensions>
              <ns3:TPX/>
            </Extensions>
          </Trackpoint>
          <Trackpoint>
            <Time>2026-06-11T16:55:57.000Z</Time>
            <DistanceMeters>0.0</DistanceMeters>
            <HeartRateBpm>
              <Value>84</Value>
            </HeartRateBpm>
            <Extensions>
              <ns3:TPX/>
            </Extensions>
          </Trackpoint>
          <Trackpoint>
            <Time>2026-06-11T16:55:58.000Z</Time>
            <DistanceMeters>0.0</DistanceMeters>
            <HeartRateBpm>
              <Value>83</Value>
            </HeartRateBpm>
            <Extensions>
              <ns3:TPX/>
            </Extensions>
          </Trackpoint>
          <Trackpoint>
            <Time>2026-06-11T16:55:59.000Z</Time>
            <DistanceMeters>0.0</DistanceMeters>
            <HeartRateBpm>
              <Value>81</Value>
            </HeartRateBpm>
            <Extensions>
              <ns3:TPX/>
            </Extensions>
          </Trackpoint>
          <Trackpoint>
            <Time>2026-06-11T16:56:01.000Z</Time>
            <DistanceMeters>0.0</DistanceMeters>
            <HeartRateBpm>
              <Value>82</Value>
            </HeartRateBpm>
            <Extensions>
              <ns3:TPX/>
            </Extensions>
          </Trackpoint>
          <Trackpoint>
            <Time>2026-06-11T16:56:03.000Z</Time>
            <DistanceMeters>0.0</DistanceMeters>
            <HeartRateBpm>
              <Value>83</Value>
            </HeartRateBpm>
            <Extensions>
              <ns3:TPX/>
            </Extensions>
          </Trackpoint>
          <Trackpoint>
            <Time>2026-06-11T16:56:04.000Z</Time>
            <DistanceMeters>0.0</DistanceMeters>
            <HeartRateBpm>
              <Value>88</Value>
            </HeartRateBpm>
            <Extensions>
              <ns3:TPX/>
            </Extensions>
          </Trackpoint>
          <Trackpoint>
            <Time>2026-06-11T16:56:05.000Z</Time>
            <DistanceMeters>0.0</DistanceMeters>
            <HeartRateBpm>
              <Value>90</Value>
            </HeartRateBpm>
            <Extensions>
              <ns3:TPX/>
            </Extensions>
          </Trackpoint>
          <Trackpoint>
            <Time>2026-06-11T16:56:06.000Z</Time>
            <DistanceMeters>0.0</DistanceMeters>
            <HeartRateBpm>
              <Value>91</Value>
            </HeartRateBpm>
            <Extensions>
              <ns3:TPX/>
            </Extensions>
          </Trackpoint>
          <Trackpoint>
            <Time>2026-06-11T16:56:10.000Z</Time>
            <DistanceMeters>0.0</DistanceMeters>
            <HeartRateBpm>
              <Value>90</Value>
            </HeartRateBpm>
            <Extensions>
              <ns3:TPX/>
            </Extensions>
          </Trackpoint>
          <Trackpoint>
            <Time>2026-06-11T16:56:11.000Z</Time>
            <DistanceMeters>0.0</DistanceMeters>
            <HeartRateBpm>
              <Value>88</Value>
            </HeartRateBpm>
            <Extensions>
              <ns3:TPX/>
            </Extensions>
          </Trackpoint>
          <Trackpoint>
            <Time>2026-06-11T16:56:12.000Z</Time>
            <DistanceMeters>0.0</DistanceMeters>
            <HeartRateBpm>
              <Value>87</Value>
            </HeartRateBpm>
            <Extensions>
              <ns3:TPX/>
            </Extensions>
          </Trackpoint>
          <Trackpoint>
            <Time>2026-06-11T16:56:16.000Z</Time>
            <DistanceMeters>0.0</DistanceMeters>
            <HeartRateBpm>
              <Value>88</Value>
            </HeartRateBpm>
            <Extensions>
              <ns3:TPX/>
            </Extensions>
          </Trackpoint>
          <Trackpoint>
            <Time>2026-06-11T16:56:19.000Z</Time>
            <DistanceMeters>0.0</DistanceMeters>
            <HeartRateBpm>
              <Value>87</Value>
            </HeartRateBpm>
            <Extensions>
              <ns3:TPX/>
            </Extensions>
          </Trackpoint>
          <Trackpoint>
            <Time>2026-06-11T16:56:22.000Z</Time>
            <DistanceMeters>0.0</DistanceMeters>
            <HeartRateBpm>
              <Value>86</Value>
            </HeartRateBpm>
            <Extensions>
              <ns3:TPX/>
            </Extensions>
          </Trackpoint>
          <Trackpoint>
            <Time>2026-06-11T16:56:26.000Z</Time>
            <DistanceMeters>0.0</DistanceMeters>
            <HeartRateBpm>
              <Value>87</Value>
            </HeartRateBpm>
            <Extensions>
              <ns3:TPX/>
            </Extensions>
          </Trackpoint>
          <Trackpoint>
            <Time>2026-06-11T16:56:27.000Z</Time>
            <DistanceMeters>0.0</DistanceMeters>
            <HeartRateBpm>
              <Value>89</Value>
            </HeartRateBpm>
            <Extensions>
              <ns3:TPX/>
            </Extensions>
          </Trackpoint>
          <Trackpoint>
            <Time>2026-06-11T16:56:28.000Z</Time>
            <DistanceMeters>0.0</DistanceMeters>
            <HeartRateBpm>
              <Value>92</Value>
            </HeartRateBpm>
            <Extensions>
              <ns3:TPX/>
            </Extensions>
          </Trackpoint>
          <Trackpoint>
            <Time>2026-06-11T16:56:29.000Z</Time>
            <DistanceMeters>0.0</DistanceMeters>
            <HeartRateBpm>
              <Value>94</Value>
            </HeartRateBpm>
            <Extensions>
              <ns3:TPX/>
            </Extensions>
          </Trackpoint>
          <Trackpoint>
            <Time>2026-06-11T16:56:30.000Z</Time>
            <DistanceMeters>0.0</DistanceMeters>
            <HeartRateBpm>
              <Value>95</Value>
            </HeartRateBpm>
            <Extensions>
              <ns3:TPX/>
            </Extensions>
          </Trackpoint>
          <Trackpoint>
            <Time>2026-06-11T16:56:34.000Z</Time>
            <DistanceMeters>0.0</DistanceMeters>
            <HeartRateBpm>
              <Value>94</Value>
            </HeartRateBpm>
            <Extensions>
              <ns3:TPX/>
            </Extensions>
          </Trackpoint>
          <Trackpoint>
            <Time>2026-06-11T16:56:35.000Z</Time>
            <DistanceMeters>0.0</DistanceMeters>
            <HeartRateBpm>
              <Value>93</Value>
            </HeartRateBpm>
            <Extensions>
              <ns3:TPX/>
            </Extensions>
          </Trackpoint>
          <Trackpoint>
            <Time>2026-06-11T16:56:36.000Z</Time>
            <DistanceMeters>0.0</DistanceMeters>
            <HeartRateBpm>
              <Value>92</Value>
            </HeartRateBpm>
            <Extensions>
              <ns3:TPX/>
            </Extensions>
          </Trackpoint>
          <Trackpoint>
            <Time>2026-06-11T16:56:40.000Z</Time>
            <DistanceMeters>0.0</DistanceMeters>
            <HeartRateBpm>
              <Value>93</Value>
            </HeartRateBpm>
            <Extensions>
              <ns3:TPX/>
            </Extensions>
          </Trackpoint>
          <Trackpoint>
            <Time>2026-06-11T16:56:42.000Z</Time>
            <DistanceMeters>0.0</DistanceMeters>
            <HeartRateBpm>
              <Value>94</Value>
            </HeartRateBpm>
            <Extensions>
              <ns3:TPX/>
            </Extensions>
          </Trackpoint>
          <Trackpoint>
            <Time>2026-06-11T16:56:44.000Z</Time>
            <DistanceMeters>0.0</DistanceMeters>
            <HeartRateBpm>
              <Value>95</Value>
            </HeartRateBpm>
            <Extensions>
              <ns3:TPX/>
            </Extensions>
          </Trackpoint>
          <Trackpoint>
            <Time>2026-06-11T16:56:49.000Z</Time>
            <DistanceMeters>0.0</DistanceMeters>
            <HeartRateBpm>
              <Value>96</Value>
            </HeartRateBpm>
            <Extensions>
              <ns3:TPX/>
            </Extensions>
          </Trackpoint>
          <Trackpoint>
            <Time>2026-06-11T16:57:01.000Z</Time>
            <DistanceMeters>0.0</DistanceMeters>
            <HeartRateBpm>
              <Value>97</Value>
            </HeartRateBpm>
            <Extensions>
              <ns3:TPX/>
            </Extensions>
          </Trackpoint>
          <Trackpoint>
            <Time>2026-06-11T16:57:09.000Z</Time>
            <DistanceMeters>0.0</DistanceMeters>
            <HeartRateBpm>
              <Value>97</Value>
            </HeartRateBpm>
            <Extensions>
              <ns3:TPX/>
            </Extensions>
          </Trackpoint>
          <Trackpoint>
            <Time>2026-06-11T16:57:10.000Z</Time>
            <DistanceMeters>0.0</DistanceMeters>
            <HeartRateBpm>
              <Value>98</Value>
            </HeartRateBpm>
            <Extensions>
              <ns3:TPX/>
            </Extensions>
          </Trackpoint>
          <Trackpoint>
            <Time>2026-06-11T16:57:11.000Z</Time>
            <DistanceMeters>0.0</DistanceMeters>
            <HeartRateBpm>
              <Value>97</Value>
            </HeartRateBpm>
            <Extensions>
              <ns3:TPX/>
            </Extensions>
          </Trackpoint>
          <Trackpoint>
            <Time>2026-06-11T16:57:13.000Z</Time>
            <DistanceMeters>0.0</DistanceMeters>
            <HeartRateBpm>
              <Value>96</Value>
            </HeartRateBpm>
            <Extensions>
              <ns3:TPX/>
            </Extensions>
          </Trackpoint>
          <Trackpoint>
            <Time>2026-06-11T16:57:14.000Z</Time>
            <DistanceMeters>0.0</DistanceMeters>
            <HeartRateBpm>
              <Value>95</Value>
            </HeartRateBpm>
            <Extensions>
              <ns3:TPX/>
            </Extensions>
          </Trackpoint>
          <Trackpoint>
            <Time>2026-06-11T16:57:15.000Z</Time>
            <DistanceMeters>0.0</DistanceMeters>
            <HeartRateBpm>
              <Value>94</Value>
            </HeartRateBpm>
            <Extensions>
              <ns3:TPX/>
            </Extensions>
          </Trackpoint>
          <Trackpoint>
            <Time>2026-06-11T16:57:17.000Z</Time>
            <DistanceMeters>0.0</DistanceMeters>
            <HeartRateBpm>
              <Value>95</Value>
            </HeartRateBpm>
            <Extensions>
              <ns3:TPX/>
            </Extensions>
          </Trackpoint>
          <Trackpoint>
            <Time>2026-06-11T16:57:19.000Z</Time>
            <DistanceMeters>0.0</DistanceMeters>
            <HeartRateBpm>
              <Value>96</Value>
            </HeartRateBpm>
            <Extensions>
              <ns3:TPX/>
            </Extensions>
          </Trackpoint>
          <Trackpoint>
            <Time>2026-06-11T16:57:21.000Z</Time>
            <DistanceMeters>0.0</DistanceMeters>
            <HeartRateBpm>
              <Value>97</Value>
            </HeartRateBpm>
            <Extensions>
              <ns3:TPX/>
            </Extensions>
          </Trackpoint>
          <Trackpoint>
            <Time>2026-06-11T16:57:22.000Z</Time>
            <DistanceMeters>0.0</DistanceMeters>
            <HeartRateBpm>
              <Value>97</Value>
            </HeartRateBpm>
            <Extensions>
              <ns3:TPX/>
            </Extensions>
          </Trackpoint>
          <Trackpoint>
            <Time>2026-06-11T16:57:23.000Z</Time>
            <DistanceMeters>0.0</DistanceMeters>
            <HeartRateBpm>
              <Value>96</Value>
            </HeartRateBpm>
            <Extensions>
              <ns3:TPX/>
            </Extensions>
          </Trackpoint>
          <Trackpoint>
            <Time>2026-06-11T16:57:27.000Z</Time>
            <DistanceMeters>0.0</DistanceMeters>
            <HeartRateBpm>
              <Value>97</Value>
            </HeartRateBpm>
            <Extensions>
              <ns3:TPX/>
            </Extensions>
          </Trackpoint>
          <Trackpoint>
            <Time>2026-06-11T16:57:28.000Z</Time>
            <DistanceMeters>0.0</DistanceMeters>
            <HeartRateBpm>
              <Value>98</Value>
            </HeartRateBpm>
            <Extensions>
              <ns3:TPX/>
            </Extensions>
          </Trackpoint>
          <Trackpoint>
            <Time>2026-06-11T16:57:32.000Z</Time>
            <DistanceMeters>0.0</DistanceMeters>
            <HeartRateBpm>
              <Value>96</Value>
            </HeartRateBpm>
            <Extensions>
              <ns3:TPX/>
            </Extensions>
          </Trackpoint>
          <Trackpoint>
            <Time>2026-06-11T16:57:33.000Z</Time>
            <DistanceMeters>0.0</DistanceMeters>
            <HeartRateBpm>
              <Value>95</Value>
            </HeartRateBpm>
            <Extensions>
              <ns3:TPX/>
            </Extensions>
          </Trackpoint>
          <Trackpoint>
            <Time>2026-06-11T16:57:34.000Z</Time>
            <DistanceMeters>0.0</DistanceMeters>
            <HeartRateBpm>
              <Value>94</Value>
            </HeartRateBpm>
            <Extensions>
              <ns3:TPX/>
            </Extensions>
          </Trackpoint>
          <Trackpoint>
            <Time>2026-06-11T16:57:37.000Z</Time>
            <DistanceMeters>0.0</DistanceMeters>
            <HeartRateBpm>
              <Value>95</Value>
            </HeartRateBpm>
            <Extensions>
              <ns3:TPX/>
            </Extensions>
          </Trackpoint>
          <Trackpoint>
            <Time>2026-06-11T16:57:38.000Z</Time>
            <DistanceMeters>0.0</DistanceMeters>
            <HeartRateBpm>
              <Value>96</Value>
            </HeartRateBpm>
            <Extensions>
              <ns3:TPX/>
            </Extensions>
          </Trackpoint>
          <Trackpoint>
            <Time>2026-06-11T16:57:39.000Z</Time>
            <DistanceMeters>0.0</DistanceMeters>
            <HeartRateBpm>
              <Value>97</Value>
            </HeartRateBpm>
            <Extensions>
              <ns3:TPX/>
            </Extensions>
          </Trackpoint>
          <Trackpoint>
            <Time>2026-06-11T16:57:40.000Z</Time>
            <DistanceMeters>0.0</DistanceMeters>
            <HeartRateBpm>
              <Value>98</Value>
            </HeartRateBpm>
            <Extensions>
              <ns3:TPX/>
            </Extensions>
          </Trackpoint>
          <Trackpoint>
            <Time>2026-06-11T16:58:00.000Z</Time>
            <DistanceMeters>0.0</DistanceMeters>
            <HeartRateBpm>
              <Value>99</Value>
            </HeartRateBpm>
            <Extensions>
              <ns3:TPX/>
            </Extensions>
          </Trackpoint>
          <Trackpoint>
            <Time>2026-06-11T16:58:03.000Z</Time>
            <DistanceMeters>0.0</DistanceMeters>
            <HeartRateBpm>
              <Value>98</Value>
            </HeartRateBpm>
            <Extensions>
              <ns3:TPX/>
            </Extensions>
          </Trackpoint>
          <Trackpoint>
            <Time>2026-06-11T16:58:04.000Z</Time>
            <DistanceMeters>0.0</DistanceMeters>
            <HeartRateBpm>
              <Value>99</Value>
            </HeartRateBpm>
            <Extensions>
              <ns3:TPX/>
            </Extensions>
          </Trackpoint>
          <Trackpoint>
            <Time>2026-06-11T16:58:05.000Z</Time>
            <DistanceMeters>0.0</DistanceMeters>
            <HeartRateBpm>
              <Value>98</Value>
            </HeartRateBpm>
            <Extensions>
              <ns3:TPX/>
            </Extensions>
          </Trackpoint>
          <Trackpoint>
            <Time>2026-06-11T16:58:06.000Z</Time>
            <DistanceMeters>0.0</DistanceMeters>
            <HeartRateBpm>
              <Value>99</Value>
            </HeartRateBpm>
            <Extensions>
              <ns3:TPX/>
            </Extensions>
          </Trackpoint>
          <Trackpoint>
            <Time>2026-06-11T16:58:12.000Z</Time>
            <DistanceMeters>0.0</DistanceMeters>
            <HeartRateBpm>
              <Value>99</Value>
            </HeartRateBpm>
            <Extensions>
              <ns3:TPX/>
            </Extensions>
          </Trackpoint>
          <Trackpoint>
            <Time>2026-06-11T16:58:14.000Z</Time>
            <DistanceMeters>0.0</DistanceMeters>
            <HeartRateBpm>
              <Value>98</Value>
            </HeartRateBpm>
            <Extensions>
              <ns3:TPX/>
            </Extensions>
          </Trackpoint>
          <Trackpoint>
            <Time>2026-06-11T16:58:15.000Z</Time>
            <DistanceMeters>0.0</DistanceMeters>
            <HeartRateBpm>
              <Value>95</Value>
            </HeartRateBpm>
            <Extensions>
              <ns3:TPX/>
            </Extensions>
          </Trackpoint>
          <Trackpoint>
            <Time>2026-06-11T16:58:18.000Z</Time>
            <DistanceMeters>0.0</DistanceMeters>
            <HeartRateBpm>
              <Value>91</Value>
            </HeartRateBpm>
            <Extensions>
              <ns3:TPX/>
            </Extensions>
          </Trackpoint>
          <Trackpoint>
            <Time>2026-06-11T16:58:20.000Z</Time>
            <DistanceMeters>0.0</DistanceMeters>
            <HeartRateBpm>
              <Value>90</Value>
            </HeartRateBpm>
            <Extensions>
              <ns3:TPX/>
            </Extensions>
          </Trackpoint>
          <Trackpoint>
            <Time>2026-06-11T16:58:22.000Z</Time>
            <DistanceMeters>0.0</DistanceMeters>
            <HeartRateBpm>
              <Value>92</Value>
            </HeartRateBpm>
            <Extensions>
              <ns3:TPX/>
            </Extensions>
          </Trackpoint>
          <Trackpoint>
            <Time>2026-06-11T16:58:23.000Z</Time>
            <DistanceMeters>0.0</DistanceMeters>
            <HeartRateBpm>
              <Value>94</Value>
            </HeartRateBpm>
            <Extensions>
              <ns3:TPX/>
            </Extensions>
          </Trackpoint>
          <Trackpoint>
            <Time>2026-06-11T16:58:24.000Z</Time>
            <DistanceMeters>0.0</DistanceMeters>
            <HeartRateBpm>
              <Value>95</Value>
            </HeartRateBpm>
            <Extensions>
              <ns3:TPX/>
            </Extensions>
          </Trackpoint>
          <Trackpoint>
            <Time>2026-06-11T16:58:25.000Z</Time>
            <DistanceMeters>0.0</DistanceMeters>
            <HeartRateBpm>
              <Value>95</Value>
            </HeartRateBpm>
            <Extensions>
              <ns3:TPX/>
            </Extensions>
          </Trackpoint>
          <Trackpoint>
            <Time>2026-06-11T16:58:26.000Z</Time>
            <DistanceMeters>0.0</DistanceMeters>
            <HeartRateBpm>
              <Value>96</Value>
            </HeartRateBpm>
            <Extensions>
              <ns3:TPX/>
            </Extensions>
          </Trackpoint>
          <Trackpoint>
            <Time>2026-06-11T16:58:27.000Z</Time>
            <DistanceMeters>0.0</DistanceMeters>
            <HeartRateBpm>
              <Value>97</Value>
            </HeartRateBpm>
            <Extensions>
              <ns3:TPX/>
            </Extensions>
          </Trackpoint>
          <Trackpoint>
            <Time>2026-06-11T16:58:28.000Z</Time>
            <DistanceMeters>0.0</DistanceMeters>
            <HeartRateBpm>
              <Value>98</Value>
            </HeartRateBpm>
            <Extensions>
              <ns3:TPX/>
            </Extensions>
          </Trackpoint>
          <Trackpoint>
            <Time>2026-06-11T16:58:32.000Z</Time>
            <DistanceMeters>0.0</DistanceMeters>
            <HeartRateBpm>
              <Value>97</Value>
            </HeartRateBpm>
            <Extensions>
              <ns3:TPX/>
            </Extensions>
          </Trackpoint>
          <Trackpoint>
            <Time>2026-06-11T16:58:34.000Z</Time>
            <DistanceMeters>0.0</DistanceMeters>
            <HeartRateBpm>
              <Value>96</Value>
            </HeartRateBpm>
            <Extensions>
              <ns3:TPX/>
            </Extensions>
          </Trackpoint>
          <Trackpoint>
            <Time>2026-06-11T16:58:39.000Z</Time>
            <DistanceMeters>0.0</DistanceMeters>
            <HeartRateBpm>
              <Value>97</Value>
            </HeartRateBpm>
            <Extensions>
              <ns3:TPX/>
            </Extensions>
          </Trackpoint>
          <Trackpoint>
            <Time>2026-06-11T16:58:40.000Z</Time>
            <DistanceMeters>0.0</DistanceMeters>
            <HeartRateBpm>
              <Value>98</Value>
            </HeartRateBpm>
            <Extensions>
              <ns3:TPX/>
            </Extensions>
          </Trackpoint>
          <Trackpoint>
            <Time>2026-06-11T16:58:41.000Z</Time>
            <DistanceMeters>0.0</DistanceMeters>
            <HeartRateBpm>
              <Value>99</Value>
            </HeartRateBpm>
            <Extensions>
              <ns3:TPX/>
            </Extensions>
          </Trackpoint>
          <Trackpoint>
            <Time>2026-06-11T16:58:43.000Z</Time>
            <DistanceMeters>0.0</DistanceMeters>
            <HeartRateBpm>
              <Value>100</Value>
            </HeartRateBpm>
            <Extensions>
              <ns3:TPX/>
            </Extensions>
          </Trackpoint>
          <Trackpoint>
            <Time>2026-06-11T16:58:47.000Z</Time>
            <DistanceMeters>0.0</DistanceMeters>
            <HeartRateBpm>
              <Value>99</Value>
            </HeartRateBpm>
            <Extensions>
              <ns3:TPX/>
            </Extensions>
          </Trackpoint>
          <Trackpoint>
            <Time>2026-06-11T16:58:52.000Z</Time>
            <DistanceMeters>0.0</DistanceMeters>
            <HeartRateBpm>
              <Value>100</Value>
            </HeartRateBpm>
            <Extensions>
              <ns3:TPX/>
            </Extensions>
          </Trackpoint>
          <Trackpoint>
            <Time>2026-06-11T16:58:57.000Z</Time>
            <DistanceMeters>0.0</DistanceMeters>
            <HeartRateBpm>
              <Value>101</Value>
            </HeartRateBpm>
            <Extensions>
              <ns3:TPX/>
            </Extensions>
          </Trackpoint>
          <Trackpoint>
            <Time>2026-06-11T16:59:00.000Z</Time>
            <DistanceMeters>0.0</DistanceMeters>
            <HeartRateBpm>
              <Value>100</Value>
            </HeartRateBpm>
            <Extensions>
              <ns3:TPX/>
            </Extensions>
          </Trackpoint>
          <Trackpoint>
            <Time>2026-06-11T16:59:01.000Z</Time>
            <DistanceMeters>0.0</DistanceMeters>
            <HeartRateBpm>
              <Value>101</Value>
            </HeartRateBpm>
            <Extensions>
              <ns3:TPX/>
            </Extensions>
          </Trackpoint>
          <Trackpoint>
            <Time>2026-06-11T16:59:02.000Z</Time>
            <DistanceMeters>0.0</DistanceMeters>
            <HeartRateBpm>
              <Value>100</Value>
            </HeartRateBpm>
            <Extensions>
              <ns3:TPX/>
            </Extensions>
          </Trackpoint>
          <Trackpoint>
            <Time>2026-06-11T16:59:08.000Z</Time>
            <DistanceMeters>0.0</DistanceMeters>
            <HeartRateBpm>
              <Value>101</Value>
            </HeartRateBpm>
            <Extensions>
              <ns3:TPX/>
            </Extensions>
          </Trackpoint>
          <Trackpoint>
            <Time>2026-06-11T16:59:09.000Z</Time>
            <DistanceMeters>0.0</DistanceMeters>
            <HeartRateBpm>
              <Value>101</Value>
            </HeartRateBpm>
            <Extensions>
              <ns3:TPX/>
            </Extensions>
          </Trackpoint>
          <Trackpoint>
            <Time>2026-06-11T16:59:11.000Z</Time>
            <DistanceMeters>0.0</DistanceMeters>
            <HeartRateBpm>
              <Value>100</Value>
            </HeartRateBpm>
            <Extensions>
              <ns3:TPX/>
            </Extensions>
          </Trackpoint>
          <Trackpoint>
            <Time>2026-06-11T16:59:12.000Z</Time>
            <DistanceMeters>0.0</DistanceMeters>
            <HeartRateBpm>
              <Value>98</Value>
            </HeartRateBpm>
            <Extensions>
              <ns3:TPX/>
            </Extensions>
          </Trackpoint>
          <Trackpoint>
            <Time>2026-06-11T16:59:13.000Z</Time>
            <DistanceMeters>0.0</DistanceMeters>
            <HeartRateBpm>
              <Value>97</Value>
            </HeartRateBpm>
            <Extensions>
              <ns3:TPX/>
            </Extensions>
          </Trackpoint>
          <Trackpoint>
            <Time>2026-06-11T16:59:14.000Z</Time>
            <DistanceMeters>0.0</DistanceMeters>
            <HeartRateBpm>
              <Value>95</Value>
            </HeartRateBpm>
            <Extensions>
              <ns3:TPX/>
            </Extensions>
          </Trackpoint>
          <Trackpoint>
            <Time>2026-06-11T16:59:15.000Z</Time>
            <DistanceMeters>0.0</DistanceMeters>
            <HeartRateBpm>
              <Value>93</Value>
            </HeartRateBpm>
            <Extensions>
              <ns3:TPX/>
            </Extensions>
          </Trackpoint>
          <Trackpoint>
            <Time>2026-06-11T16:59:16.000Z</Time>
            <DistanceMeters>0.0</DistanceMeters>
            <HeartRateBpm>
              <Value>92</Value>
            </HeartRateBpm>
            <Extensions>
              <ns3:TPX/>
            </Extensions>
          </Trackpoint>
          <Trackpoint>
            <Time>2026-06-11T16:59:17.000Z</Time>
            <DistanceMeters>0.0</DistanceMeters>
            <HeartRateBpm>
              <Value>91</Value>
            </HeartRateBpm>
            <Extensions>
              <ns3:TPX/>
            </Extensions>
          </Trackpoint>
          <Trackpoint>
            <Time>2026-06-11T16:59:18.000Z</Time>
            <DistanceMeters>0.0</DistanceMeters>
            <HeartRateBpm>
              <Value>90</Value>
            </HeartRateBpm>
            <Extensions>
              <ns3:TPX/>
            </Extensions>
          </Trackpoint>
          <Trackpoint>
            <Time>2026-06-11T16:59:20.000Z</Time>
            <DistanceMeters>0.0</DistanceMeters>
            <HeartRateBpm>
              <Value>90</Value>
            </HeartRateBpm>
            <Extensions>
              <ns3:TPX/>
            </Extensions>
          </Trackpoint>
          <Trackpoint>
            <Time>2026-06-11T16:59:21.000Z</Time>
            <DistanceMeters>0.0</DistanceMeters>
            <HeartRateBpm>
              <Value>91</Value>
            </HeartRateBpm>
            <Extensions>
              <ns3:TPX/>
            </Extensions>
          </Trackpoint>
          <Trackpoint>
            <Time>2026-06-11T16:59:22.000Z</Time>
            <DistanceMeters>0.0</DistanceMeters>
            <HeartRateBpm>
              <Value>92</Value>
            </HeartRateBpm>
            <Extensions>
              <ns3:TPX/>
            </Extensions>
          </Trackpoint>
          <Trackpoint>
            <Time>2026-06-11T16:59:24.000Z</Time>
            <DistanceMeters>0.0</DistanceMeters>
            <HeartRateBpm>
              <Value>94</Value>
            </HeartRateBpm>
            <Extensions>
              <ns3:TPX/>
            </Extensions>
          </Trackpoint>
          <Trackpoint>
            <Time>2026-06-11T16:59:27.000Z</Time>
            <DistanceMeters>0.0</DistanceMeters>
            <HeartRateBpm>
              <Value>93</Value>
            </HeartRateBpm>
            <Extensions>
              <ns3:TPX/>
            </Extensions>
          </Trackpoint>
          <Trackpoint>
            <Time>2026-06-11T16:59:33.000Z</Time>
            <DistanceMeters>0.0</DistanceMeters>
            <HeartRateBpm>
              <Value>94</Value>
            </HeartRateBpm>
            <Extensions>
              <ns3:TPX/>
            </Extensions>
          </Trackpoint>
          <Trackpoint>
            <Time>2026-06-11T16:59:34.000Z</Time>
            <DistanceMeters>0.0</DistanceMeters>
            <HeartRateBpm>
              <Value>96</Value>
            </HeartRateBpm>
            <Extensions>
              <ns3:TPX/>
            </Extensions>
          </Trackpoint>
          <Trackpoint>
            <Time>2026-06-11T16:59:35.000Z</Time>
            <DistanceMeters>0.0</DistanceMeters>
            <HeartRateBpm>
              <Value>99</Value>
            </HeartRateBpm>
            <Extensions>
              <ns3:TPX/>
            </Extensions>
          </Trackpoint>
          <Trackpoint>
            <Time>2026-06-11T16:59:36.000Z</Time>
            <DistanceMeters>0.0</DistanceMeters>
            <HeartRateBpm>
              <Value>99</Value>
            </HeartRateBpm>
            <Extensions>
              <ns3:TPX/>
            </Extensions>
          </Trackpoint>
          <Trackpoint>
            <Time>2026-06-11T16:59:38.000Z</Time>
            <DistanceMeters>0.0</DistanceMeters>
            <HeartRateBpm>
              <Value>100</Value>
            </HeartRateBpm>
            <Extensions>
              <ns3:TPX/>
            </Extensions>
          </Trackpoint>
          <Trackpoint>
            <Time>2026-06-11T16:59:39.000Z</Time>
            <DistanceMeters>0.0</DistanceMeters>
            <HeartRateBpm>
              <Value>101</Value>
            </HeartRateBpm>
            <Extensions>
              <ns3:TPX/>
            </Extensions>
          </Trackpoint>
          <Trackpoint>
            <Time>2026-06-11T16:59:41.000Z</Time>
            <DistanceMeters>0.0</DistanceMeters>
            <HeartRateBpm>
              <Value>102</Value>
            </HeartRateBpm>
            <Extensions>
              <ns3:TPX/>
            </Extensions>
          </Trackpoint>
          <Trackpoint>
            <Time>2026-06-11T16:59:43.000Z</Time>
            <DistanceMeters>0.0</DistanceMeters>
            <HeartRateBpm>
              <Value>103</Value>
            </HeartRateBpm>
            <Extensions>
              <ns3:TPX/>
            </Extensions>
          </Trackpoint>
          <Trackpoint>
            <Time>2026-06-11T16:59:48.000Z</Time>
            <DistanceMeters>0.0</DistanceMeters>
            <HeartRateBpm>
              <Value>104</Value>
            </HeartRateBpm>
            <Extensions>
              <ns3:TPX/>
            </Extensions>
          </Trackpoint>
          <Trackpoint>
            <Time>2026-06-11T16:59:49.000Z</Time>
            <DistanceMeters>0.0</DistanceMeters>
            <HeartRateBpm>
              <Value>103</Value>
            </HeartRateBpm>
            <Extensions>
              <ns3:TPX/>
            </Extensions>
          </Trackpoint>
          <Trackpoint>
            <Time>2026-06-11T16:59:51.000Z</Time>
            <DistanceMeters>0.0</DistanceMeters>
            <HeartRateBpm>
              <Value>104</Value>
            </HeartRateBpm>
            <Extensions>
              <ns3:TPX/>
            </Extensions>
          </Trackpoint>
          <Trackpoint>
            <Time>2026-06-11T16:59:53.000Z</Time>
            <DistanceMeters>0.0</DistanceMeters>
            <HeartRateBpm>
              <Value>105</Value>
            </HeartRateBpm>
            <Extensions>
              <ns3:TPX/>
            </Extensions>
          </Trackpoint>
          <Trackpoint>
            <Time>2026-06-11T16:59:58.000Z</Time>
            <DistanceMeters>0.0</DistanceMeters>
            <HeartRateBpm>
              <Value>104</Value>
            </HeartRateBpm>
            <Extensions>
              <ns3:TPX/>
            </Extensions>
          </Trackpoint>
          <Trackpoint>
            <Time>2026-06-11T16:59:59.000Z</Time>
            <DistanceMeters>0.0</DistanceMeters>
            <HeartRateBpm>
              <Value>105</Value>
            </HeartRateBpm>
            <Extensions>
              <ns3:TPX/>
            </Extensions>
          </Trackpoint>
          <Trackpoint>
            <Time>2026-06-11T17:00:06.000Z</Time>
            <DistanceMeters>0.0</DistanceMeters>
            <HeartRateBpm>
              <Value>106</Value>
            </HeartRateBpm>
            <Extensions>
              <ns3:TPX/>
            </Extensions>
          </Trackpoint>
          <Trackpoint>
            <Time>2026-06-11T17:00:07.000Z</Time>
            <DistanceMeters>0.0</DistanceMeters>
            <HeartRateBpm>
              <Value>106</Value>
            </HeartRateBpm>
            <Extensions>
              <ns3:TPX/>
            </Extensions>
          </Trackpoint>
          <Trackpoint>
            <Time>2026-06-11T17:00:08.000Z</Time>
            <DistanceMeters>0.0</DistanceMeters>
            <HeartRateBpm>
              <Value>105</Value>
            </HeartRateBpm>
            <Extensions>
              <ns3:TPX/>
            </Extensions>
          </Trackpoint>
          <Trackpoint>
            <Time>2026-06-11T17:00:09.000Z</Time>
            <DistanceMeters>0.0</DistanceMeters>
            <HeartRateBpm>
              <Value>104</Value>
            </HeartRateBpm>
            <Extensions>
              <ns3:TPX/>
            </Extensions>
          </Trackpoint>
          <Trackpoint>
            <Time>2026-06-11T17:00:10.000Z</Time>
            <DistanceMeters>0.0</DistanceMeters>
            <HeartRateBpm>
              <Value>103</Value>
            </HeartRateBpm>
            <Extensions>
              <ns3:TPX/>
            </Extensions>
          </Trackpoint>
          <Trackpoint>
            <Time>2026-06-11T17:00:11.000Z</Time>
            <DistanceMeters>0.0</DistanceMeters>
            <HeartRateBpm>
              <Value>100</Value>
            </HeartRateBpm>
            <Extensions>
              <ns3:TPX/>
            </Extensions>
          </Trackpoint>
          <Trackpoint>
            <Time>2026-06-11T17:00:12.000Z</Time>
            <DistanceMeters>0.0</DistanceMeters>
            <HeartRateBpm>
              <Value>98</Value>
            </HeartRateBpm>
            <Extensions>
              <ns3:TPX/>
            </Extensions>
          </Trackpoint>
          <Trackpoint>
            <Time>2026-06-11T17:00:13.000Z</Time>
            <DistanceMeters>0.0</DistanceMeters>
            <HeartRateBpm>
              <Value>97</Value>
            </HeartRateBpm>
            <Extensions>
              <ns3:TPX/>
            </Extensions>
          </Trackpoint>
          <Trackpoint>
            <Time>2026-06-11T17:00:14.000Z</Time>
            <DistanceMeters>0.0</DistanceMeters>
            <HeartRateBpm>
              <Value>96</Value>
            </HeartRateBpm>
            <Extensions>
              <ns3:TPX/>
            </Extensions>
          </Trackpoint>
          <Trackpoint>
            <Time>2026-06-11T17:00:16.000Z</Time>
            <DistanceMeters>0.0</DistanceMeters>
            <HeartRateBpm>
              <Value>96</Value>
            </HeartRateBpm>
            <Extensions>
              <ns3:TPX/>
            </Extensions>
          </Trackpoint>
          <Trackpoint>
            <Time>2026-06-11T17:00:17.000Z</Time>
            <DistanceMeters>0.0</DistanceMeters>
            <HeartRateBpm>
              <Value>95</Value>
            </HeartRateBpm>
            <Extensions>
              <ns3:TPX/>
            </Extensions>
          </Trackpoint>
          <Trackpoint>
            <Time>2026-06-11T17:00:23.000Z</Time>
            <DistanceMeters>0.0</DistanceMeters>
            <HeartRateBpm>
              <Value>96</Value>
            </HeartRateBpm>
            <Extensions>
              <ns3:TPX/>
            </Extensions>
          </Trackpoint>
          <Trackpoint>
            <Time>2026-06-11T17:00:24.000Z</Time>
            <DistanceMeters>0.0</DistanceMeters>
            <HeartRateBpm>
              <Value>97</Value>
            </HeartRateBpm>
            <Extensions>
              <ns3:TPX/>
            </Extensions>
          </Trackpoint>
          <Trackpoint>
            <Time>2026-06-11T17:00:25.000Z</Time>
            <DistanceMeters>0.0</DistanceMeters>
            <HeartRateBpm>
              <Value>98</Value>
            </HeartRateBpm>
            <Extensions>
              <ns3:TPX/>
            </Extensions>
          </Trackpoint>
          <Trackpoint>
            <Time>2026-06-11T17:00:26.000Z</Time>
            <DistanceMeters>0.0</DistanceMeters>
            <HeartRateBpm>
              <Value>100</Value>
            </HeartRateBpm>
            <Extensions>
              <ns3:TPX/>
            </Extensions>
          </Trackpoint>
          <Trackpoint>
            <Time>2026-06-11T17:00:27.000Z</Time>
            <DistanceMeters>0.0</DistanceMeters>
            <HeartRateBpm>
              <Value>102</Value>
            </HeartRateBpm>
            <Extensions>
              <ns3:TPX/>
            </Extensions>
          </Trackpoint>
          <Trackpoint>
            <Time>2026-06-11T17:00:29.000Z</Time>
            <DistanceMeters>0.0</DistanceMeters>
            <HeartRateBpm>
              <Value>103</Value>
            </HeartRateBpm>
            <Extensions>
              <ns3:TPX/>
            </Extensions>
          </Trackpoint>
          <Trackpoint>
            <Time>2026-06-11T17:00:32.000Z</Time>
            <DistanceMeters>0.0</DistanceMeters>
            <HeartRateBpm>
              <Value>104</Value>
            </HeartRateBpm>
            <Extensions>
              <ns3:TPX/>
            </Extensions>
          </Trackpoint>
          <Trackpoint>
            <Time>2026-06-11T17:00:34.000Z</Time>
            <DistanceMeters>0.0</DistanceMeters>
            <HeartRateBpm>
              <Value>103</Value>
            </HeartRateBpm>
            <Extensions>
              <ns3:TPX/>
            </Extensions>
          </Trackpoint>
          <Trackpoint>
            <Time>2026-06-11T17:00:35.000Z</Time>
            <DistanceMeters>0.0</DistanceMeters>
            <HeartRateBpm>
              <Value>102</Value>
            </HeartRateBpm>
            <Extensions>
              <ns3:TPX/>
            </Extensions>
          </Trackpoint>
          <Trackpoint>
            <Time>2026-06-11T17:00:37.000Z</Time>
            <DistanceMeters>0.0</DistanceMeters>
            <HeartRateBpm>
              <Value>101</Value>
            </HeartRateBpm>
            <Extensions>
              <ns3:TPX/>
            </Extensions>
          </Trackpoint>
          <Trackpoint>
            <Time>2026-06-11T17:00:40.000Z</Time>
            <DistanceMeters>0.0</DistanceMeters>
            <HeartRateBpm>
              <Value>102</Value>
            </HeartRateBpm>
            <Extensions>
              <ns3:TPX/>
            </Extensions>
          </Trackpoint>
          <Trackpoint>
            <Time>2026-06-11T17:00:42.000Z</Time>
            <DistanceMeters>0.0</DistanceMeters>
            <HeartRateBpm>
              <Value>103</Value>
            </HeartRateBpm>
            <Extensions>
              <ns3:TPX/>
            </Extensions>
          </Trackpoint>
          <Trackpoint>
            <Time>2026-06-11T17:00:43.000Z</Time>
            <DistanceMeters>0.0</DistanceMeters>
            <HeartRateBpm>
              <Value>104</Value>
            </HeartRateBpm>
            <Extensions>
              <ns3:TPX/>
            </Extensions>
          </Trackpoint>
          <Trackpoint>
            <Time>2026-06-11T17:00:48.000Z</Time>
            <DistanceMeters>0.0</DistanceMeters>
            <HeartRateBpm>
              <Value>103</Value>
            </HeartRateBpm>
            <Extensions>
              <ns3:TPX/>
            </Extensions>
          </Trackpoint>
          <Trackpoint>
            <Time>2026-06-11T17:00:55.000Z</Time>
            <DistanceMeters>0.0</DistanceMeters>
            <HeartRateBpm>
              <Value>104</Value>
            </HeartRateBpm>
            <Extensions>
              <ns3:TPX/>
            </Extensions>
          </Trackpoint>
          <Trackpoint>
            <Time>2026-06-11T17:00:57.000Z</Time>
            <DistanceMeters>0.0</DistanceMeters>
            <HeartRateBpm>
              <Value>105</Value>
            </HeartRateBpm>
            <Extensions>
              <ns3:TPX/>
            </Extensions>
          </Trackpoint>
          <Trackpoint>
            <Time>2026-06-11T17:01:01.000Z</Time>
            <DistanceMeters>0.0</DistanceMeters>
            <HeartRateBpm>
              <Value>104</Value>
            </HeartRateBpm>
            <Extensions>
              <ns3:TPX/>
            </Extensions>
          </Trackpoint>
          <Trackpoint>
            <Time>2026-06-11T17:01:03.000Z</Time>
            <DistanceMeters>0.0</DistanceMeters>
            <HeartRateBpm>
              <Value>103</Value>
            </HeartRateBpm>
            <Extensions>
              <ns3:TPX/>
            </Extensions>
          </Trackpoint>
          <Trackpoint>
            <Time>2026-06-11T17:01:04.000Z</Time>
            <DistanceMeters>0.0</DistanceMeters>
            <HeartRateBpm>
              <Value>102</Value>
            </HeartRateBpm>
            <Extensions>
              <ns3:TPX/>
            </Extensions>
          </Trackpoint>
          <Trackpoint>
            <Time>2026-06-11T17:01:08.000Z</Time>
            <DistanceMeters>0.0</DistanceMeters>
            <HeartRateBpm>
              <Value>101</Value>
            </HeartRateBpm>
            <Extensions>
              <ns3:TPX/>
            </Extensions>
          </Trackpoint>
          <Trackpoint>
            <Time>2026-06-11T17:01:11.000Z</Time>
            <DistanceMeters>0.0</DistanceMeters>
            <HeartRateBpm>
              <Value>100</Value>
            </HeartRateBpm>
            <Extensions>
              <ns3:TPX/>
            </Extensions>
          </Trackpoint>
          <Trackpoint>
            <Time>2026-06-11T17:01:13.000Z</Time>
            <DistanceMeters>0.0</DistanceMeters>
            <HeartRateBpm>
              <Value>97</Value>
            </HeartRateBpm>
            <Extensions>
              <ns3:TPX/>
            </Extensions>
          </Trackpoint>
          <Trackpoint>
            <Time>2026-06-11T17:01:14.000Z</Time>
            <DistanceMeters>0.0</DistanceMeters>
            <HeartRateBpm>
              <Value>94</Value>
            </HeartRateBpm>
            <Extensions>
              <ns3:TPX/>
            </Extensions>
          </Trackpoint>
          <Trackpoint>
            <Time>2026-06-11T17:01:15.000Z</Time>
            <DistanceMeters>0.0</DistanceMeters>
            <HeartRateBpm>
              <Value>91</Value>
            </HeartRateBpm>
            <Extensions>
              <ns3:TPX/>
            </Extensions>
          </Trackpoint>
          <Trackpoint>
            <Time>2026-06-11T17:01:16.000Z</Time>
            <DistanceMeters>0.0</DistanceMeters>
            <HeartRateBpm>
              <Value>90</Value>
            </HeartRateBpm>
            <Extensions>
              <ns3:TPX/>
            </Extensions>
          </Trackpoint>
          <Trackpoint>
            <Time>2026-06-11T17:01:20.000Z</Time>
            <DistanceMeters>0.0</DistanceMeters>
            <HeartRateBpm>
              <Value>91</Value>
            </HeartRateBpm>
            <Extensions>
              <ns3:TPX/>
            </Extensions>
          </Trackpoint>
          <Trackpoint>
            <Time>2026-06-11T17:01:22.000Z</Time>
            <DistanceMeters>0.0</DistanceMeters>
            <HeartRateBpm>
              <Value>93</Value>
            </HeartRateBpm>
            <Extensions>
              <ns3:TPX/>
            </Extensions>
          </Trackpoint>
          <Trackpoint>
            <Time>2026-06-11T17:01:28.000Z</Time>
            <DistanceMeters>0.0</DistanceMeters>
            <HeartRateBpm>
              <Value>92</Value>
            </HeartRateBpm>
            <Extensions>
              <ns3:TPX/>
            </Extensions>
          </Trackpoint>
          <Trackpoint>
            <Time>2026-06-11T17:01:29.000Z</Time>
            <DistanceMeters>0.0</DistanceMeters>
            <HeartRateBpm>
              <Value>91</Value>
            </HeartRateBpm>
            <Extensions>
              <ns3:TPX/>
            </Extensions>
          </Trackpoint>
          <Trackpoint>
            <Time>2026-06-11T17:01:35.000Z</Time>
            <DistanceMeters>0.0</DistanceMeters>
            <HeartRateBpm>
              <Value>92</Value>
            </HeartRateBpm>
            <Extensions>
              <ns3:TPX/>
            </Extensions>
          </Trackpoint>
          <Trackpoint>
            <Time>2026-06-11T17:01:41.000Z</Time>
            <DistanceMeters>0.0</DistanceMeters>
            <HeartRateBpm>
              <Value>91</Value>
            </HeartRateBpm>
            <Extensions>
              <ns3:TPX/>
            </Extensions>
          </Trackpoint>
          <Trackpoint>
            <Time>2026-06-11T17:01:43.000Z</Time>
            <DistanceMeters>0.0</DistanceMeters>
            <HeartRateBpm>
              <Value>90</Value>
            </HeartRateBpm>
            <Extensions>
              <ns3:TPX/>
            </Extensions>
          </Trackpoint>
          <Trackpoint>
            <Time>2026-06-11T17:01:48.000Z</Time>
            <DistanceMeters>0.0</DistanceMeters>
            <HeartRateBpm>
              <Value>91</Value>
            </HeartRateBpm>
            <Extensions>
              <ns3:TPX/>
            </Extensions>
          </Trackpoint>
          <Trackpoint>
            <Time>2026-06-11T17:01:49.000Z</Time>
            <DistanceMeters>0.0</DistanceMeters>
            <HeartRateBpm>
              <Value>92</Value>
            </HeartRateBpm>
            <Extensions>
              <ns3:TPX/>
            </Extensions>
          </Trackpoint>
          <Trackpoint>
            <Time>2026-06-11T17:01:51.000Z</Time>
            <DistanceMeters>0.0</DistanceMeters>
            <HeartRateBpm>
              <Value>93</Value>
            </HeartRateBpm>
            <Extensions>
              <ns3:TPX/>
            </Extensions>
          </Trackpoint>
          <Trackpoint>
            <Time>2026-06-11T17:01:55.000Z</Time>
            <DistanceMeters>0.0</DistanceMeters>
            <HeartRateBpm>
              <Value>92</Value>
            </HeartRateBpm>
            <Extensions>
              <ns3:TPX/>
            </Extensions>
          </Trackpoint>
          <Trackpoint>
            <Time>2026-06-11T17:01:56.000Z</Time>
            <DistanceMeters>0.0</DistanceMeters>
            <HeartRateBpm>
              <Value>91</Value>
            </HeartRateBpm>
            <Extensions>
              <ns3:TPX/>
            </Extensions>
          </Trackpoint>
          <Trackpoint>
            <Time>2026-06-11T17:01:57.000Z</Time>
            <DistanceMeters>0.0</DistanceMeters>
            <HeartRateBpm>
              <Value>90</Value>
            </HeartRateBpm>
            <Extensions>
              <ns3:TPX/>
            </Extensions>
          </Trackpoint>
          <Trackpoint>
            <Time>2026-06-11T17:01:58.000Z</Time>
            <DistanceMeters>0.0</DistanceMeters>
            <HeartRateBpm>
              <Value>89</Value>
            </HeartRateBpm>
            <Extensions>
              <ns3:TPX/>
            </Extensions>
          </Trackpoint>
          <Trackpoint>
            <Time>2026-06-11T17:01:59.000Z</Time>
            <DistanceMeters>0.0</DistanceMeters>
            <HeartRateBpm>
              <Value>88</Value>
            </HeartRateBpm>
            <Extensions>
              <ns3:TPX/>
            </Extensions>
          </Trackpoint>
          <Trackpoint>
            <Time>2026-06-11T17:02:02.000Z</Time>
            <DistanceMeters>0.0</DistanceMeters>
            <HeartRateBpm>
              <Value>87</Value>
            </HeartRateBpm>
            <Extensions>
              <ns3:TPX/>
            </Extensions>
          </Trackpoint>
          <Trackpoint>
            <Time>2026-06-11T17:02:05.000Z</Time>
            <DistanceMeters>0.0</DistanceMeters>
            <HeartRateBpm>
              <Value>87</Value>
            </HeartRateBpm>
            <Extensions>
              <ns3:TPX/>
            </Extensions>
          </Trackpoint>
          <Trackpoint>
            <Time>2026-06-11T17:02:06.000Z</Time>
            <DistanceMeters>0.0</DistanceMeters>
            <HeartRateBpm>
              <Value>88</Value>
            </HeartRateBpm>
            <Extensions>
              <ns3:TPX/>
            </Extensions>
          </Trackpoint>
          <Trackpoint>
            <Time>2026-06-11T17:02:11.000Z</Time>
            <DistanceMeters>0.0</DistanceMeters>
            <HeartRateBpm>
              <Value>89</Value>
            </HeartRateBpm>
            <Extensions>
              <ns3:TPX/>
            </Extensions>
          </Trackpoint>
          <Trackpoint>
            <Time>2026-06-11T17:02:13.000Z</Time>
            <DistanceMeters>0.0</DistanceMeters>
            <HeartRateBpm>
              <Value>92</Value>
            </HeartRateBpm>
            <Extensions>
              <ns3:TPX/>
            </Extensions>
          </Trackpoint>
          <Trackpoint>
            <Time>2026-06-11T17:02:15.000Z</Time>
            <DistanceMeters>0.0</DistanceMeters>
            <HeartRateBpm>
              <Value>93</Value>
            </HeartRateBpm>
            <Extensions>
              <ns3:TPX/>
            </Extensions>
          </Trackpoint>
          <Trackpoint>
            <Time>2026-06-11T17:02:19.000Z</Time>
            <DistanceMeters>0.0</DistanceMeters>
            <HeartRateBpm>
              <Value>91</Value>
            </HeartRateBpm>
            <Extensions>
              <ns3:TPX/>
            </Extensions>
          </Trackpoint>
          <Trackpoint>
            <Time>2026-06-11T17:02:22.000Z</Time>
            <DistanceMeters>0.0</DistanceMeters>
            <HeartRateBpm>
              <Value>92</Value>
            </HeartRateBpm>
            <Extensions>
              <ns3:TPX/>
            </Extensions>
          </Trackpoint>
          <Trackpoint>
            <Time>2026-06-11T17:02:24.000Z</Time>
            <DistanceMeters>0.0</DistanceMeters>
            <HeartRateBpm>
              <Value>94</Value>
            </HeartRateBpm>
            <Extensions>
              <ns3:TPX/>
            </Extensions>
          </Trackpoint>
          <Trackpoint>
            <Time>2026-06-11T17:02:25.000Z</Time>
            <DistanceMeters>0.0</DistanceMeters>
            <HeartRateBpm>
              <Value>95</Value>
            </HeartRateBpm>
            <Extensions>
              <ns3:TPX/>
            </Extensions>
          </Trackpoint>
          <Trackpoint>
            <Time>2026-06-11T17:02:26.000Z</Time>
            <DistanceMeters>0.0</DistanceMeters>
            <HeartRateBpm>
              <Value>96</Value>
            </HeartRateBpm>
            <Extensions>
              <ns3:TPX/>
            </Extensions>
          </Trackpoint>
          <Trackpoint>
            <Time>2026-06-11T17:02:32.000Z</Time>
            <DistanceMeters>0.0</DistanceMeters>
            <HeartRateBpm>
              <Value>95</Value>
            </HeartRateBpm>
            <Extensions>
              <ns3:TPX/>
            </Extensions>
          </Trackpoint>
          <Trackpoint>
            <Time>2026-06-11T17:02:37.000Z</Time>
            <DistanceMeters>0.0</DistanceMeters>
            <HeartRateBpm>
              <Value>96</Value>
            </HeartRateBpm>
            <Extensions>
              <ns3:TPX/>
            </Extensions>
          </Trackpoint>
          <Trackpoint>
            <Time>2026-06-11T17:02:47.000Z</Time>
            <DistanceMeters>0.0</DistanceMeters>
            <HeartRateBpm>
              <Value>97</Value>
            </HeartRateBpm>
            <Extensions>
              <ns3:TPX/>
            </Extensions>
          </Trackpoint>
          <Trackpoint>
            <Time>2026-06-11T17:02:49.000Z</Time>
            <DistanceMeters>0.0</DistanceMeters>
            <HeartRateBpm>
              <Value>98</Value>
            </HeartRateBpm>
            <Extensions>
              <ns3:TPX/>
            </Extensions>
          </Trackpoint>
          <Trackpoint>
            <Time>2026-06-11T17:02:51.000Z</Time>
            <DistanceMeters>0.0</DistanceMeters>
            <HeartRateBpm>
              <Value>99</Value>
            </HeartRateBpm>
            <Extensions>
              <ns3:TPX/>
            </Extensions>
          </Trackpoint>
          <Trackpoint>
            <Time>2026-06-11T17:02:56.000Z</Time>
            <DistanceMeters>0.0</DistanceMeters>
            <HeartRateBpm>
              <Value>98</Value>
            </HeartRateBpm>
            <Extensions>
              <ns3:TPX/>
            </Extensions>
          </Trackpoint>
          <Trackpoint>
            <Time>2026-06-11T17:02:57.000Z</Time>
            <DistanceMeters>0.0</DistanceMeters>
            <HeartRateBpm>
              <Value>96</Value>
            </HeartRateBpm>
            <Extensions>
              <ns3:TPX/>
            </Extensions>
          </Trackpoint>
          <Trackpoint>
            <Time>2026-06-11T17:02:58.000Z</Time>
            <DistanceMeters>0.0</DistanceMeters>
            <HeartRateBpm>
              <Value>95</Value>
            </HeartRateBpm>
            <Extensions>
              <ns3:TPX/>
            </Extensions>
          </Trackpoint>
          <Trackpoint>
            <Time>2026-06-11T17:02:59.000Z</Time>
            <DistanceMeters>0.0</DistanceMeters>
            <HeartRateBpm>
              <Value>93</Value>
            </HeartRateBpm>
            <Extensions>
              <ns3:TPX/>
            </Extensions>
          </Trackpoint>
          <Trackpoint>
            <Time>2026-06-11T17:03:01.000Z</Time>
            <DistanceMeters>0.0</DistanceMeters>
            <HeartRateBpm>
              <Value>92</Value>
            </HeartRateBpm>
            <Extensions>
              <ns3:TPX/>
            </Extensions>
          </Trackpoint>
          <Trackpoint>
            <Time>2026-06-11T17:03:02.000Z</Time>
            <DistanceMeters>0.0</DistanceMeters>
            <HeartRateBpm>
              <Value>91</Value>
            </HeartRateBpm>
            <Extensions>
              <ns3:TPX/>
            </Extensions>
          </Trackpoint>
          <Trackpoint>
            <Time>2026-06-11T17:03:06.000Z</Time>
            <DistanceMeters>0.0</DistanceMeters>
            <HeartRateBpm>
              <Value>92</Value>
            </HeartRateBpm>
            <Extensions>
              <ns3:TPX/>
            </Extensions>
          </Trackpoint>
          <Trackpoint>
            <Time>2026-06-11T17:03:07.000Z</Time>
            <DistanceMeters>0.0</DistanceMeters>
            <HeartRateBpm>
              <Value>93</Value>
            </HeartRateBpm>
            <Extensions>
              <ns3:TPX/>
            </Extensions>
          </Trackpoint>
          <Trackpoint>
            <Time>2026-06-11T17:03:08.000Z</Time>
            <DistanceMeters>0.0</DistanceMeters>
            <HeartRateBpm>
              <Value>93</Value>
            </HeartRateBpm>
            <Extensions>
              <ns3:TPX/>
            </Extensions>
          </Trackpoint>
          <Trackpoint>
            <Time>2026-06-11T17:03:09.000Z</Time>
            <DistanceMeters>0.0</DistanceMeters>
            <HeartRateBpm>
              <Value>94</Value>
            </HeartRateBpm>
            <Extensions>
              <ns3:TPX/>
            </Extensions>
          </Trackpoint>
          <Trackpoint>
            <Time>2026-06-11T17:03:12.000Z</Time>
            <DistanceMeters>0.0</DistanceMeters>
            <HeartRateBpm>
              <Value>95</Value>
            </HeartRateBpm>
            <Extensions>
              <ns3:TPX/>
            </Extensions>
          </Trackpoint>
          <Trackpoint>
            <Time>2026-06-11T17:03:13.000Z</Time>
            <DistanceMeters>0.0</DistanceMeters>
            <HeartRateBpm>
              <Value>96</Value>
            </HeartRateBpm>
            <Extensions>
              <ns3:TPX/>
            </Extensions>
          </Trackpoint>
          <Trackpoint>
            <Time>2026-06-11T17:03:19.000Z</Time>
            <DistanceMeters>0.0</DistanceMeters>
            <HeartRateBpm>
              <Value>97</Value>
            </HeartRateBpm>
            <Extensions>
              <ns3:TPX/>
            </Extensions>
          </Trackpoint>
          <Trackpoint>
            <Time>2026-06-11T17:03:25.000Z</Time>
            <DistanceMeters>0.0</DistanceMeters>
            <HeartRateBpm>
              <Value>98</Value>
            </HeartRateBpm>
            <Extensions>
              <ns3:TPX/>
            </Extensions>
          </Trackpoint>
          <Trackpoint>
            <Time>2026-06-11T17:03:33.000Z</Time>
            <DistanceMeters>0.0</DistanceMeters>
            <HeartRateBpm>
              <Value>99</Value>
            </HeartRateBpm>
            <Extensions>
              <ns3:TPX/>
            </Extensions>
          </Trackpoint>
          <Trackpoint>
            <Time>2026-06-11T17:03:36.000Z</Time>
            <DistanceMeters>0.0</DistanceMeters>
            <HeartRateBpm>
              <Value>100</Value>
            </HeartRateBpm>
            <Extensions>
              <ns3:TPX/>
            </Extensions>
          </Trackpoint>
          <Trackpoint>
            <Time>2026-06-11T17:03:48.000Z</Time>
            <DistanceMeters>0.0</DistanceMeters>
            <HeartRateBpm>
              <Value>101</Value>
            </HeartRateBpm>
            <Extensions>
              <ns3:TPX/>
            </Extensions>
          </Trackpoint>
          <Trackpoint>
            <Time>2026-06-11T17:03:58.000Z</Time>
            <DistanceMeters>0.0</DistanceMeters>
            <HeartRateBpm>
              <Value>101</Value>
            </HeartRateBpm>
            <Extensions>
              <ns3:TPX/>
            </Extensions>
          </Trackpoint>
          <Trackpoint>
            <Time>2026-06-11T17:04:00.000Z</Time>
            <DistanceMeters>0.0</DistanceMeters>
            <HeartRateBpm>
              <Value>100</Value>
            </HeartRateBpm>
            <Extensions>
              <ns3:TPX/>
            </Extensions>
          </Trackpoint>
          <Trackpoint>
            <Time>2026-06-11T17:04:01.000Z</Time>
            <DistanceMeters>0.0</DistanceMeters>
            <HeartRateBpm>
              <Value>96</Value>
            </HeartRateBpm>
            <Extensions>
              <ns3:TPX/>
            </Extensions>
          </Trackpoint>
          <Trackpoint>
            <Time>2026-06-11T17:04:02.000Z</Time>
            <DistanceMeters>0.0</DistanceMeters>
            <HeartRateBpm>
              <Value>92</Value>
            </HeartRateBpm>
            <Extensions>
              <ns3:TPX/>
            </Extensions>
          </Trackpoint>
          <Trackpoint>
            <Time>2026-06-11T17:04:03.000Z</Time>
            <DistanceMeters>0.0</DistanceMeters>
            <HeartRateBpm>
              <Value>87</Value>
            </HeartRateBpm>
            <Extensions>
              <ns3:TPX/>
            </Extensions>
          </Trackpoint>
          <Trackpoint>
            <Time>2026-06-11T17:04:04.000Z</Time>
            <DistanceMeters>0.0</DistanceMeters>
            <HeartRateBpm>
              <Value>86</Value>
            </HeartRateBpm>
            <Extensions>
              <ns3:TPX/>
            </Extensions>
          </Trackpoint>
          <Trackpoint>
            <Time>2026-06-11T17:04:08.000Z</Time>
            <DistanceMeters>0.0</DistanceMeters>
            <HeartRateBpm>
              <Value>87</Value>
            </HeartRateBpm>
            <Extensions>
              <ns3:TPX/>
            </Extensions>
          </Trackpoint>
          <Trackpoint>
            <Time>2026-06-11T17:04:09.000Z</Time>
            <DistanceMeters>0.0</DistanceMeters>
            <HeartRateBpm>
              <Value>89</Value>
            </HeartRateBpm>
            <Extensions>
              <ns3:TPX/>
            </Extensions>
          </Trackpoint>
          <Trackpoint>
            <Time>2026-06-11T17:04:11.000Z</Time>
            <DistanceMeters>0.0</DistanceMeters>
            <HeartRateBpm>
              <Value>90</Value>
            </HeartRateBpm>
            <Extensions>
              <ns3:TPX/>
            </Extensions>
          </Trackpoint>
          <Trackpoint>
            <Time>2026-06-11T17:04:12.000Z</Time>
            <DistanceMeters>0.0</DistanceMeters>
            <HeartRateBpm>
              <Value>91</Value>
            </HeartRateBpm>
            <Extensions>
              <ns3:TPX/>
            </Extensions>
          </Trackpoint>
          <Trackpoint>
            <Time>2026-06-11T17:04:14.000Z</Time>
            <DistanceMeters>0.0</DistanceMeters>
            <HeartRateBpm>
              <Value>92</Value>
            </HeartRateBpm>
            <Extensions>
              <ns3:TPX/>
            </Extensions>
          </Trackpoint>
          <Trackpoint>
            <Time>2026-06-11T17:04:16.000Z</Time>
            <DistanceMeters>0.0</DistanceMeters>
            <HeartRateBpm>
              <Value>93</Value>
            </HeartRateBpm>
            <Extensions>
              <ns3:TPX/>
            </Extensions>
          </Trackpoint>
          <Trackpoint>
            <Time>2026-06-11T17:04:20.000Z</Time>
            <DistanceMeters>0.0</DistanceMeters>
            <HeartRateBpm>
              <Value>92</Value>
            </HeartRateBpm>
            <Extensions>
              <ns3:TPX/>
            </Extensions>
          </Trackpoint>
          <Trackpoint>
            <Time>2026-06-11T17:04:25.000Z</Time>
            <DistanceMeters>0.0</DistanceMeters>
            <HeartRateBpm>
              <Value>93</Value>
            </HeartRateBpm>
            <Extensions>
              <ns3:TPX/>
            </Extensions>
          </Trackpoint>
          <Trackpoint>
            <Time>2026-06-11T17:04:27.000Z</Time>
            <DistanceMeters>0.0</DistanceMeters>
            <HeartRateBpm>
              <Value>96</Value>
            </HeartRateBpm>
            <Extensions>
              <ns3:TPX/>
            </Extensions>
          </Trackpoint>
          <Trackpoint>
            <Time>2026-06-11T17:04:28.000Z</Time>
            <DistanceMeters>0.0</DistanceMeters>
            <HeartRateBpm>
              <Value>97</Value>
            </HeartRateBpm>
            <Extensions>
              <ns3:TPX/>
            </Extensions>
          </Trackpoint>
          <Trackpoint>
            <Time>2026-06-11T17:04:29.000Z</Time>
            <DistanceMeters>0.0</DistanceMeters>
            <HeartRateBpm>
              <Value>98</Value>
            </HeartRateBpm>
            <Extensions>
              <ns3:TPX/>
            </Extensions>
          </Trackpoint>
          <Trackpoint>
            <Time>2026-06-11T17:04:31.000Z</Time>
            <DistanceMeters>0.0</DistanceMeters>
            <HeartRateBpm>
              <Value>99</Value>
            </HeartRateBpm>
            <Extensions>
              <ns3:TPX/>
            </Extensions>
          </Trackpoint>
          <Trackpoint>
            <Time>2026-06-11T17:04:38.000Z</Time>
            <DistanceMeters>0.0</DistanceMeters>
            <HeartRateBpm>
              <Value>100</Value>
            </HeartRateBpm>
            <Extensions>
              <ns3:TPX/>
            </Extensions>
          </Trackpoint>
          <Trackpoint>
            <Time>2026-06-11T17:04:40.000Z</Time>
            <DistanceMeters>0.0</DistanceMeters>
            <HeartRateBpm>
              <Value>101</Value>
            </HeartRateBpm>
            <Extensions>
              <ns3:TPX/>
            </Extensions>
          </Trackpoint>
          <Trackpoint>
            <Time>2026-06-11T17:04:45.000Z</Time>
            <DistanceMeters>0.0</DistanceMeters>
            <HeartRateBpm>
              <Value>102</Value>
            </HeartRateBpm>
            <Extensions>
              <ns3:TPX/>
            </Extensions>
          </Trackpoint>
          <Trackpoint>
            <Time>2026-06-11T17:04:52.000Z</Time>
            <DistanceMeters>0.0</DistanceMeters>
            <HeartRateBpm>
              <Value>103</Value>
            </HeartRateBpm>
            <Extensions>
              <ns3:TPX/>
            </Extensions>
          </Trackpoint>
          <Trackpoint>
            <Time>2026-06-11T17:04:57.000Z</Time>
            <DistanceMeters>0.0</DistanceMeters>
            <HeartRateBpm>
              <Value>102</Value>
            </HeartRateBpm>
            <Extensions>
              <ns3:TPX/>
            </Extensions>
          </Trackpoint>
          <Trackpoint>
            <Time>2026-06-11T17:04:59.000Z</Time>
            <DistanceMeters>0.0</DistanceMeters>
            <HeartRateBpm>
              <Value>101</Value>
            </HeartRateBpm>
            <Extensions>
              <ns3:TPX/>
            </Extensions>
          </Trackpoint>
          <Trackpoint>
            <Time>2026-06-11T17:05:00.000Z</Time>
            <DistanceMeters>0.0</DistanceMeters>
            <HeartRateBpm>
              <Value>100</Value>
            </HeartRateBpm>
            <Extensions>
              <ns3:TPX/>
            </Extensions>
          </Trackpoint>
          <Trackpoint>
            <Time>2026-06-11T17:05:01.000Z</Time>
            <DistanceMeters>0.0</DistanceMeters>
            <HeartRateBpm>
              <Value>98</Value>
            </HeartRateBpm>
            <Extensions>
              <ns3:TPX/>
            </Extensions>
          </Trackpoint>
          <Trackpoint>
            <Time>2026-06-11T17:05:02.000Z</Time>
            <DistanceMeters>0.0</DistanceMeters>
            <HeartRateBpm>
              <Value>97</Value>
            </HeartRateBpm>
            <Extensions>
              <ns3:TPX/>
            </Extensions>
          </Trackpoint>
          <Trackpoint>
            <Time>2026-06-11T17:05:03.000Z</Time>
            <DistanceMeters>0.0</DistanceMeters>
            <HeartRateBpm>
              <Value>94</Value>
            </HeartRateBpm>
            <Extensions>
              <ns3:TPX/>
            </Extensions>
          </Trackpoint>
          <Trackpoint>
            <Time>2026-06-11T17:05:04.000Z</Time>
            <DistanceMeters>0.0</DistanceMeters>
            <HeartRateBpm>
              <Value>93</Value>
            </HeartRateBpm>
            <Extensions>
              <ns3:TPX/>
            </Extensions>
          </Trackpoint>
          <Trackpoint>
            <Time>2026-06-11T17:05:05.000Z</Time>
            <DistanceMeters>0.0</DistanceMeters>
            <HeartRateBpm>
              <Value>91</Value>
            </HeartRateBpm>
            <Extensions>
              <ns3:TPX/>
            </Extensions>
          </Trackpoint>
          <Trackpoint>
            <Time>2026-06-11T17:05:10.000Z</Time>
            <DistanceMeters>0.0</DistanceMeters>
            <HeartRateBpm>
              <Value>92</Value>
            </HeartRateBpm>
            <Extensions>
              <ns3:TPX/>
            </Extensions>
          </Trackpoint>
          <Trackpoint>
            <Time>2026-06-11T17:05:12.000Z</Time>
            <DistanceMeters>0.0</DistanceMeters>
            <HeartRateBpm>
              <Value>93</Value>
            </HeartRateBpm>
            <Extensions>
              <ns3:TPX/>
            </Extensions>
          </Trackpoint>
          <Trackpoint>
            <Time>2026-06-11T17:05:13.000Z</Time>
            <DistanceMeters>0.0</DistanceMeters>
            <HeartRateBpm>
              <Value>94</Value>
            </HeartRateBpm>
            <Extensions>
              <ns3:TPX/>
            </Extensions>
          </Trackpoint>
          <Trackpoint>
            <Time>2026-06-11T17:05:20.000Z</Time>
            <DistanceMeters>0.0</DistanceMeters>
            <HeartRateBpm>
              <Value>93</Value>
            </HeartRateBpm>
            <Extensions>
              <ns3:TPX/>
            </Extensions>
          </Trackpoint>
          <Trackpoint>
            <Time>2026-06-11T17:05:22.000Z</Time>
            <DistanceMeters>0.0</DistanceMeters>
            <HeartRateBpm>
              <Value>95</Value>
            </HeartRateBpm>
            <Extensions>
              <ns3:TPX/>
            </Extensions>
          </Trackpoint>
          <Trackpoint>
            <Time>2026-06-11T17:05:24.000Z</Time>
            <DistanceMeters>0.0</DistanceMeters>
            <HeartRateBpm>
              <Value>97</Value>
            </HeartRateBpm>
            <Extensions>
              <ns3:TPX/>
            </Extensions>
          </Trackpoint>
          <Trackpoint>
            <Time>2026-06-11T17:05:27.000Z</Time>
            <DistanceMeters>0.0</DistanceMeters>
            <HeartRateBpm>
              <Value>98</Value>
            </HeartRateBpm>
            <Extensions>
              <ns3:TPX/>
            </Extensions>
          </Trackpoint>
          <Trackpoint>
            <Time>2026-06-11T17:05:33.000Z</Time>
            <DistanceMeters>0.0</DistanceMeters>
            <HeartRateBpm>
              <Value>99</Value>
            </HeartRateBpm>
            <Extensions>
              <ns3:TPX/>
            </Extensions>
          </Trackpoint>
          <Trackpoint>
            <Time>2026-06-11T17:05:35.000Z</Time>
            <DistanceMeters>0.0</DistanceMeters>
            <HeartRateBpm>
              <Value>100</Value>
            </HeartRateBpm>
            <Extensions>
              <ns3:TPX/>
            </Extensions>
          </Trackpoint>
          <Trackpoint>
            <Time>2026-06-11T17:05:36.000Z</Time>
            <DistanceMeters>0.0</DistanceMeters>
            <HeartRateBpm>
              <Value>101</Value>
            </HeartRateBpm>
            <Extensions>
              <ns3:TPX/>
            </Extensions>
          </Trackpoint>
          <Trackpoint>
            <Time>2026-06-11T17:05:37.000Z</Time>
            <DistanceMeters>0.0</DistanceMeters>
            <HeartRateBpm>
              <Value>102</Value>
            </HeartRateBpm>
            <Extensions>
              <ns3:TPX/>
            </Extensions>
          </Trackpoint>
          <Trackpoint>
            <Time>2026-06-11T17:05:41.000Z</Time>
            <DistanceMeters>0.0</DistanceMeters>
            <HeartRateBpm>
              <Value>103</Value>
            </HeartRateBpm>
            <Extensions>
              <ns3:TPX/>
            </Extensions>
          </Trackpoint>
          <Trackpoint>
            <Time>2026-06-11T17:05:47.000Z</Time>
            <DistanceMeters>0.0</DistanceMeters>
            <HeartRateBpm>
              <Value>104</Value>
            </HeartRateBpm>
            <Extensions>
              <ns3:TPX/>
            </Extensions>
          </Trackpoint>
          <Trackpoint>
            <Time>2026-06-11T17:05:51.000Z</Time>
            <DistanceMeters>0.0</DistanceMeters>
            <HeartRateBpm>
              <Value>105</Value>
            </HeartRateBpm>
            <Extensions>
              <ns3:TPX/>
            </Extensions>
          </Trackpoint>
          <Trackpoint>
            <Time>2026-06-11T17:05:53.000Z</Time>
            <DistanceMeters>0.0</DistanceMeters>
            <HeartRateBpm>
              <Value>106</Value>
            </HeartRateBpm>
            <Extensions>
              <ns3:TPX/>
            </Extensions>
          </Trackpoint>
          <Trackpoint>
            <Time>2026-06-11T17:05:55.000Z</Time>
            <DistanceMeters>0.0</DistanceMeters>
            <HeartRateBpm>
              <Value>105</Value>
            </HeartRateBpm>
            <Extensions>
              <ns3:TPX/>
            </Extensions>
          </Trackpoint>
          <Trackpoint>
            <Time>2026-06-11T17:05:58.000Z</Time>
            <DistanceMeters>0.0</DistanceMeters>
            <HeartRateBpm>
              <Value>104</Value>
            </HeartRateBpm>
            <Extensions>
              <ns3:TPX/>
            </Extensions>
          </Trackpoint>
          <Trackpoint>
            <Time>2026-06-11T17:05:59.000Z</Time>
            <DistanceMeters>0.0</DistanceMeters>
            <HeartRateBpm>
              <Value>103</Value>
            </HeartRateBpm>
            <Extensions>
              <ns3:TPX/>
            </Extensions>
          </Trackpoint>
          <Trackpoint>
            <Time>2026-06-11T17:06:00.000Z</Time>
            <DistanceMeters>0.0</DistanceMeters>
            <HeartRateBpm>
              <Value>102</Value>
            </HeartRateBpm>
            <Extensions>
              <ns3:TPX/>
            </Extensions>
          </Trackpoint>
          <Trackpoint>
            <Time>2026-06-11T17:06:01.000Z</Time>
            <DistanceMeters>0.0</DistanceMeters>
            <HeartRateBpm>
              <Value>100</Value>
            </HeartRateBpm>
            <Extensions>
              <ns3:TPX/>
            </Extensions>
          </Trackpoint>
          <Trackpoint>
            <Time>2026-06-11T17:06:02.000Z</Time>
            <DistanceMeters>0.0</DistanceMeters>
            <HeartRateBpm>
              <Value>99</Value>
            </HeartRateBpm>
            <Extensions>
              <ns3:TPX/>
            </Extensions>
          </Trackpoint>
          <Trackpoint>
            <Time>2026-06-11T17:06:03.000Z</Time>
            <DistanceMeters>0.0</DistanceMeters>
            <HeartRateBpm>
              <Value>98</Value>
            </HeartRateBpm>
            <Extensions>
              <ns3:TPX/>
            </Extensions>
          </Trackpoint>
          <Trackpoint>
            <Time>2026-06-11T17:06:04.000Z</Time>
            <DistanceMeters>0.0</DistanceMeters>
            <HeartRateBpm>
              <Value>97</Value>
            </HeartRateBpm>
            <Extensions>
              <ns3:TPX/>
            </Extensions>
          </Trackpoint>
          <Trackpoint>
            <Time>2026-06-11T17:06:07.000Z</Time>
            <DistanceMeters>0.0</DistanceMeters>
            <HeartRateBpm>
              <Value>97</Value>
            </HeartRateBpm>
            <Extensions>
              <ns3:TPX/>
            </Extensions>
          </Trackpoint>
          <Trackpoint>
            <Time>2026-06-11T17:06:11.000Z</Time>
            <DistanceMeters>0.0</DistanceMeters>
            <HeartRateBpm>
              <Value>98</Value>
            </HeartRateBpm>
            <Extensions>
              <ns3:TPX/>
            </Extensions>
          </Trackpoint>
          <Trackpoint>
            <Time>2026-06-11T17:06:13.000Z</Time>
            <DistanceMeters>0.0</DistanceMeters>
            <HeartRateBpm>
              <Value>99</Value>
            </HeartRateBpm>
            <Extensions>
              <ns3:TPX/>
            </Extensions>
          </Trackpoint>
          <Trackpoint>
            <Time>2026-06-11T17:06:14.000Z</Time>
            <DistanceMeters>0.0</DistanceMeters>
            <HeartRateBpm>
              <Value>100</Value>
            </HeartRateBpm>
            <Extensions>
              <ns3:TPX/>
            </Extensions>
          </Trackpoint>
          <Trackpoint>
            <Time>2026-06-11T17:06:15.000Z</Time>
            <DistanceMeters>0.0</DistanceMeters>
            <HeartRateBpm>
              <Value>101</Value>
            </HeartRateBpm>
            <Extensions>
              <ns3:TPX/>
            </Extensions>
          </Trackpoint>
          <Trackpoint>
            <Time>2026-06-11T17:06:17.000Z</Time>
            <DistanceMeters>0.0</DistanceMeters>
            <HeartRateBpm>
              <Value>102</Value>
            </HeartRateBpm>
            <Extensions>
              <ns3:TPX/>
            </Extensions>
          </Trackpoint>
          <Trackpoint>
            <Time>2026-06-11T17:06:20.000Z</Time>
            <DistanceMeters>0.0</DistanceMeters>
            <HeartRateBpm>
              <Value>101</Value>
            </HeartRateBpm>
            <Extensions>
              <ns3:TPX/>
            </Extensions>
          </Trackpoint>
          <Trackpoint>
            <Time>2026-06-11T17:06:24.000Z</Time>
            <DistanceMeters>0.0</DistanceMeters>
            <HeartRateBpm>
              <Value>100</Value>
            </HeartRateBpm>
            <Extensions>
              <ns3:TPX/>
            </Extensions>
          </Trackpoint>
          <Trackpoint>
            <Time>2026-06-11T17:06:27.000Z</Time>
            <DistanceMeters>0.0</DistanceMeters>
            <HeartRateBpm>
              <Value>101</Value>
            </HeartRateBpm>
            <Extensions>
              <ns3:TPX/>
            </Extensions>
          </Trackpoint>
          <Trackpoint>
            <Time>2026-06-11T17:06:30.000Z</Time>
            <DistanceMeters>0.0</DistanceMeters>
            <HeartRateBpm>
              <Value>102</Value>
            </HeartRateBpm>
            <Extensions>
              <ns3:TPX/>
            </Extensions>
          </Trackpoint>
          <Trackpoint>
            <Time>2026-06-11T17:06:32.000Z</Time>
            <DistanceMeters>0.0</DistanceMeters>
            <HeartRateBpm>
              <Value>103</Value>
            </HeartRateBpm>
            <Extensions>
              <ns3:TPX/>
            </Extensions>
          </Trackpoint>
          <Trackpoint>
            <Time>2026-06-11T17:06:39.000Z</Time>
            <DistanceMeters>0.0</DistanceMeters>
            <HeartRateBpm>
              <Value>104</Value>
            </HeartRateBpm>
            <Extensions>
              <ns3:TPX/>
            </Extensions>
          </Trackpoint>
          <Trackpoint>
            <Time>2026-06-11T17:06:40.000Z</Time>
            <DistanceMeters>0.0</DistanceMeters>
            <HeartRateBpm>
              <Value>105</Value>
            </HeartRateBpm>
            <Extensions>
              <ns3:TPX/>
            </Extensions>
          </Trackpoint>
          <Trackpoint>
            <Time>2026-06-11T17:06:43.000Z</Time>
            <DistanceMeters>0.0</DistanceMeters>
            <HeartRateBpm>
              <Value>106</Value>
            </HeartRateBpm>
            <Extensions>
              <ns3:TPX/>
            </Extensions>
          </Trackpoint>
          <Trackpoint>
            <Time>2026-06-11T17:06:44.000Z</Time>
            <DistanceMeters>0.0</DistanceMeters>
            <HeartRateBpm>
              <Value>107</Value>
            </HeartRateBpm>
            <Extensions>
              <ns3:TPX/>
            </Extensions>
          </Trackpoint>
          <Trackpoint>
            <Time>2026-06-11T17:06:46.000Z</Time>
            <DistanceMeters>0.0</DistanceMeters>
            <HeartRateBpm>
              <Value>108</Value>
            </HeartRateBpm>
            <Extensions>
              <ns3:TPX/>
            </Extensions>
          </Trackpoint>
          <Trackpoint>
            <Time>2026-06-11T17:06:48.000Z</Time>
            <DistanceMeters>0.0</DistanceMeters>
            <HeartRateBpm>
              <Value>109</Value>
            </HeartRateBpm>
            <Extensions>
              <ns3:TPX/>
            </Extensions>
          </Trackpoint>
          <Trackpoint>
            <Time>2026-06-11T17:06:59.000Z</Time>
            <DistanceMeters>0.0</DistanceMeters>
            <HeartRateBpm>
              <Value>108</Value>
            </HeartRateBpm>
            <Extensions>
              <ns3:TPX/>
            </Extensions>
          </Trackpoint>
          <Trackpoint>
            <Time>2026-06-11T17:07:01.000Z</Time>
            <DistanceMeters>0.0</DistanceMeters>
            <HeartRateBpm>
              <Value>107</Value>
            </HeartRateBpm>
            <Extensions>
              <ns3:TPX/>
            </Extensions>
          </Trackpoint>
          <Trackpoint>
            <Time>2026-06-11T17:07:02.000Z</Time>
            <DistanceMeters>0.0</DistanceMeters>
            <HeartRateBpm>
              <Value>106</Value>
            </HeartRateBpm>
            <Extensions>
              <ns3:TPX/>
            </Extensions>
          </Trackpoint>
          <Trackpoint>
            <Time>2026-06-11T17:07:04.000Z</Time>
            <DistanceMeters>0.0</DistanceMeters>
            <HeartRateBpm>
              <Value>102</Value>
            </HeartRateBpm>
            <Extensions>
              <ns3:TPX/>
            </Extensions>
          </Trackpoint>
          <Trackpoint>
            <Time>2026-06-11T17:07:05.000Z</Time>
            <DistanceMeters>0.0</DistanceMeters>
            <HeartRateBpm>
              <Value>101</Value>
            </HeartRateBpm>
            <Extensions>
              <ns3:TPX/>
            </Extensions>
          </Trackpoint>
          <Trackpoint>
            <Time>2026-06-11T17:07:06.000Z</Time>
            <DistanceMeters>0.0</DistanceMeters>
            <HeartRateBpm>
              <Value>98</Value>
            </HeartRateBpm>
            <Extensions>
              <ns3:TPX/>
            </Extensions>
          </Trackpoint>
          <Trackpoint>
            <Time>2026-06-11T17:07:07.000Z</Time>
            <DistanceMeters>0.0</DistanceMeters>
            <HeartRateBpm>
              <Value>97</Value>
            </HeartRateBpm>
            <Extensions>
              <ns3:TPX/>
            </Extensions>
          </Trackpoint>
          <Trackpoint>
            <Time>2026-06-11T17:07:09.000Z</Time>
            <DistanceMeters>0.0</DistanceMeters>
            <HeartRateBpm>
              <Value>96</Value>
            </HeartRateBpm>
            <Extensions>
              <ns3:TPX/>
            </Extensions>
          </Trackpoint>
          <Trackpoint>
            <Time>2026-06-11T17:07:10.000Z</Time>
            <DistanceMeters>0.0</DistanceMeters>
            <HeartRateBpm>
              <Value>94</Value>
            </HeartRateBpm>
            <Extensions>
              <ns3:TPX/>
            </Extensions>
          </Trackpoint>
          <Trackpoint>
            <Time>2026-06-11T17:07:11.000Z</Time>
            <DistanceMeters>0.0</DistanceMeters>
            <HeartRateBpm>
              <Value>92</Value>
            </HeartRateBpm>
            <Extensions>
              <ns3:TPX/>
            </Extensions>
          </Trackpoint>
          <Trackpoint>
            <Time>2026-06-11T17:07:12.000Z</Time>
            <DistanceMeters>0.0</DistanceMeters>
            <HeartRateBpm>
              <Value>90</Value>
            </HeartRateBpm>
            <Extensions>
              <ns3:TPX/>
            </Extensions>
          </Trackpoint>
          <Trackpoint>
            <Time>2026-06-11T17:07:13.000Z</Time>
            <DistanceMeters>0.0</DistanceMeters>
            <HeartRateBpm>
              <Value>87</Value>
            </HeartRateBpm>
            <Extensions>
              <ns3:TPX/>
            </Extensions>
          </Trackpoint>
          <Trackpoint>
            <Time>2026-06-11T17:07:14.000Z</Time>
            <DistanceMeters>0.0</DistanceMeters>
            <HeartRateBpm>
              <Value>85</Value>
            </HeartRateBpm>
            <Extensions>
              <ns3:TPX/>
            </Extensions>
          </Trackpoint>
          <Trackpoint>
            <Time>2026-06-11T17:07:15.000Z</Time>
            <DistanceMeters>0.0</DistanceMeters>
            <HeartRateBpm>
              <Value>82</Value>
            </HeartRateBpm>
            <Extensions>
              <ns3:TPX/>
            </Extensions>
          </Trackpoint>
          <Trackpoint>
            <Time>2026-06-11T17:07:16.000Z</Time>
            <DistanceMeters>0.0</DistanceMeters>
            <HeartRateBpm>
              <Value>81</Value>
            </HeartRateBpm>
            <Extensions>
              <ns3:TPX/>
            </Extensions>
          </Trackpoint>
          <Trackpoint>
            <Time>2026-06-11T17:07:21.000Z</Time>
            <DistanceMeters>0.0</DistanceMeters>
            <HeartRateBpm>
              <Value>84</Value>
            </HeartRateBpm>
            <Extensions>
              <ns3:TPX/>
            </Extensions>
          </Trackpoint>
          <Trackpoint>
            <Time>2026-06-11T17:07:24.000Z</Time>
            <DistanceMeters>0.0</DistanceMeters>
            <HeartRateBpm>
              <Value>86</Value>
            </HeartRateBpm>
            <Extensions>
              <ns3:TPX/>
            </Extensions>
          </Trackpoint>
          <Trackpoint>
            <Time>2026-06-11T17:07:25.000Z</Time>
            <DistanceMeters>0.0</DistanceMeters>
            <HeartRateBpm>
              <Value>87</Value>
            </HeartRateBpm>
            <Extensions>
              <ns3:TPX/>
            </Extensions>
          </Trackpoint>
          <Trackpoint>
            <Time>2026-06-11T17:07:27.000Z</Time>
            <DistanceMeters>0.0</DistanceMeters>
            <HeartRateBpm>
              <Value>88</Value>
            </HeartRateBpm>
            <Extensions>
              <ns3:TPX/>
            </Extensions>
          </Trackpoint>
          <Trackpoint>
            <Time>2026-06-11T17:07:28.000Z</Time>
            <DistanceMeters>0.0</DistanceMeters>
            <HeartRateBpm>
              <Value>89</Value>
            </HeartRateBpm>
            <Extensions>
              <ns3:TPX/>
            </Extensions>
          </Trackpoint>
          <Trackpoint>
            <Time>2026-06-11T17:07:29.000Z</Time>
            <DistanceMeters>0.0</DistanceMeters>
            <HeartRateBpm>
              <Value>90</Value>
            </HeartRateBpm>
            <Extensions>
              <ns3:TPX/>
            </Extensions>
          </Trackpoint>
          <Trackpoint>
            <Time>2026-06-11T17:07:30.000Z</Time>
            <DistanceMeters>0.0</DistanceMeters>
            <HeartRateBpm>
              <Value>91</Value>
            </HeartRateBpm>
            <Extensions>
              <ns3:TPX/>
            </Extensions>
          </Trackpoint>
          <Trackpoint>
            <Time>2026-06-11T17:07:31.000Z</Time>
            <DistanceMeters>0.0</DistanceMeters>
            <HeartRateBpm>
              <Value>93</Value>
            </HeartRateBpm>
            <Extensions>
              <ns3:TPX/>
            </Extensions>
          </Trackpoint>
          <Trackpoint>
            <Time>2026-06-11T17:07:32.000Z</Time>
            <DistanceMeters>0.0</DistanceMeters>
            <HeartRateBpm>
              <Value>94</Value>
            </HeartRateBpm>
            <Extensions>
              <ns3:TPX/>
            </Extensions>
          </Trackpoint>
          <Trackpoint>
            <Time>2026-06-11T17:07:34.000Z</Time>
            <DistanceMeters>0.0</DistanceMeters>
            <HeartRateBpm>
              <Value>95</Value>
            </HeartRateBpm>
            <Extensions>
              <ns3:TPX/>
            </Extensions>
          </Trackpoint>
          <Trackpoint>
            <Time>2026-06-11T17:07:36.000Z</Time>
            <DistanceMeters>0.0</DistanceMeters>
            <HeartRateBpm>
              <Value>96</Value>
            </HeartRateBpm>
            <Extensions>
              <ns3:TPX/>
            </Extensions>
          </Trackpoint>
          <Trackpoint>
            <Time>2026-06-11T17:07:37.000Z</Time>
            <DistanceMeters>0.0</DistanceMeters>
            <HeartRateBpm>
              <Value>97</Value>
            </HeartRateBpm>
            <Extensions>
              <ns3:TPX/>
            </Extensions>
          </Trackpoint>
          <Trackpoint>
            <Time>2026-06-11T17:07:43.000Z</Time>
            <DistanceMeters>0.0</DistanceMeters>
            <HeartRateBpm>
              <Value>96</Value>
            </HeartRateBpm>
            <Extensions>
              <ns3:TPX/>
            </Extensions>
          </Trackpoint>
          <Trackpoint>
            <Time>2026-06-11T17:07:44.000Z</Time>
            <DistanceMeters>0.0</DistanceMeters>
            <HeartRateBpm>
              <Value>93</Value>
            </HeartRateBpm>
            <Extensions>
              <ns3:TPX/>
            </Extensions>
          </Trackpoint>
          <Trackpoint>
            <Time>2026-06-11T17:07:45.000Z</Time>
            <DistanceMeters>0.0</DistanceMeters>
            <HeartRateBpm>
              <Value>89</Value>
            </HeartRateBpm>
            <Extensions>
              <ns3:TPX/>
            </Extensions>
          </Trackpoint>
          <Trackpoint>
            <Time>2026-06-11T17:07:46.000Z</Time>
            <DistanceMeters>0.0</DistanceMeters>
            <HeartRateBpm>
              <Value>86</Value>
            </HeartRateBpm>
            <Extensions>
              <ns3:TPX/>
            </Extensions>
          </Trackpoint>
          <Trackpoint>
            <Time>2026-06-11T17:07:47.000Z</Time>
            <DistanceMeters>0.0</DistanceMeters>
            <HeartRateBpm>
              <Value>80</Value>
            </HeartRateBpm>
            <Extensions>
              <ns3:TPX/>
            </Extensions>
          </Trackpoint>
          <Trackpoint>
            <Time>2026-06-11T17:07:48.000Z</Time>
            <DistanceMeters>0.0</DistanceMeters>
            <HeartRateBpm>
              <Value>80</Value>
            </HeartRateBpm>
            <Extensions>
              <ns3:TPX/>
            </Extensions>
          </Trackpoint>
          <Trackpoint>
            <Time>2026-06-11T17:07:50.000Z</Time>
            <DistanceMeters>0.0</DistanceMeters>
            <HeartRateBpm>
              <Value>79</Value>
            </HeartRateBpm>
            <Extensions>
              <ns3:TPX/>
            </Extensions>
          </Trackpoint>
          <Trackpoint>
            <Time>2026-06-11T17:07:52.000Z</Time>
            <DistanceMeters>0.0</DistanceMeters>
            <HeartRateBpm>
              <Value>80</Value>
            </HeartRateBpm>
            <Extensions>
              <ns3:TPX/>
            </Extensions>
          </Trackpoint>
          <Trackpoint>
            <Time>2026-06-11T17:07:53.000Z</Time>
            <DistanceMeters>0.0</DistanceMeters>
            <HeartRateBpm>
              <Value>82</Value>
            </HeartRateBpm>
            <Extensions>
              <ns3:TPX/>
            </Extensions>
          </Trackpoint>
          <Trackpoint>
            <Time>2026-06-11T17:07:54.000Z</Time>
            <DistanceMeters>0.0</DistanceMeters>
            <HeartRateBpm>
              <Value>84</Value>
            </HeartRateBpm>
            <Extensions>
              <ns3:TPX/>
            </Extensions>
          </Trackpoint>
          <Trackpoint>
            <Time>2026-06-11T17:07:55.000Z</Time>
            <DistanceMeters>0.0</DistanceMeters>
            <HeartRateBpm>
              <Value>85</Value>
            </HeartRateBpm>
            <Extensions>
              <ns3:TPX/>
            </Extensions>
          </Trackpoint>
          <Trackpoint>
            <Time>2026-06-11T17:07:56.000Z</Time>
            <DistanceMeters>0.0</DistanceMeters>
            <HeartRateBpm>
              <Value>87</Value>
            </HeartRateBpm>
            <Extensions>
              <ns3:TPX/>
            </Extensions>
          </Trackpoint>
          <Trackpoint>
            <Time>2026-06-11T17:07:58.000Z</Time>
            <DistanceMeters>0.0</DistanceMeters>
            <HeartRateBpm>
              <Value>88</Value>
            </HeartRateBpm>
            <Extensions>
              <ns3:TPX/>
            </Extensions>
          </Trackpoint>
          <Trackpoint>
            <Time>2026-06-11T17:07:59.000Z</Time>
            <DistanceMeters>0.0</DistanceMeters>
            <HeartRateBpm>
              <Value>89</Value>
            </HeartRateBpm>
            <Extensions>
              <ns3:TPX/>
            </Extensions>
          </Trackpoint>
          <Trackpoint>
            <Time>2026-06-11T17:08:06.000Z</Time>
            <DistanceMeters>0.0</DistanceMeters>
            <HeartRateBpm>
              <Value>88</Value>
            </HeartRateBpm>
            <Extensions>
              <ns3:TPX/>
            </Extensions>
          </Trackpoint>
          <Trackpoint>
            <Time>2026-06-11T17:08:09.000Z</Time>
            <DistanceMeters>0.0</DistanceMeters>
            <HeartRateBpm>
              <Value>87</Value>
            </HeartRateBpm>
            <Extensions>
              <ns3:TPX/>
            </Extensions>
          </Trackpoint>
          <Trackpoint>
            <Time>2026-06-11T17:08:10.000Z</Time>
            <DistanceMeters>0.0</DistanceMeters>
            <HeartRateBpm>
              <Value>86</Value>
            </HeartRateBpm>
            <Extensions>
              <ns3:TPX/>
            </Extensions>
          </Trackpoint>
          <Trackpoint>
            <Time>2026-06-11T17:08:11.000Z</Time>
            <DistanceMeters>0.0</DistanceMeters>
            <HeartRateBpm>
              <Value>85</Value>
            </HeartRateBpm>
            <Extensions>
              <ns3:TPX/>
            </Extensions>
          </Trackpoint>
          <Trackpoint>
            <Time>2026-06-11T17:08:18.000Z</Time>
            <DistanceMeters>0.0</DistanceMeters>
            <HeartRateBpm>
              <Value>86</Value>
            </HeartRateBpm>
            <Extensions>
              <ns3:TPX/>
            </Extensions>
          </Trackpoint>
          <Trackpoint>
            <Time>2026-06-11T17:08:19.000Z</Time>
            <DistanceMeters>0.0</DistanceMeters>
            <HeartRateBpm>
              <Value>87</Value>
            </HeartRateBpm>
            <Extensions>
              <ns3:TPX/>
            </Extensions>
          </Trackpoint>
          <Trackpoint>
            <Time>2026-06-11T17:08:22.000Z</Time>
            <DistanceMeters>0.0</DistanceMeters>
            <HeartRateBpm>
              <Value>88</Value>
            </HeartRateBpm>
            <Extensions>
              <ns3:TPX/>
            </Extensions>
          </Trackpoint>
          <Trackpoint>
            <Time>2026-06-11T17:08:27.000Z</Time>
            <DistanceMeters>0.0</DistanceMeters>
            <HeartRateBpm>
              <Value>89</Value>
            </HeartRateBpm>
            <Extensions>
              <ns3:TPX/>
            </Extensions>
          </Trackpoint>
          <Trackpoint>
            <Time>2026-06-11T17:08:34.000Z</Time>
            <DistanceMeters>0.0</DistanceMeters>
            <HeartRateBpm>
              <Value>90</Value>
            </HeartRateBpm>
            <Extensions>
              <ns3:TPX/>
            </Extensions>
          </Trackpoint>
          <Trackpoint>
            <Time>2026-06-11T17:08:36.000Z</Time>
            <DistanceMeters>0.0</DistanceMeters>
            <HeartRateBpm>
              <Value>89</Value>
            </HeartRateBpm>
            <Extensions>
              <ns3:TPX/>
            </Extensions>
          </Trackpoint>
          <Trackpoint>
            <Time>2026-06-11T17:08:39.000Z</Time>
            <DistanceMeters>0.0</DistanceMeters>
            <HeartRateBpm>
              <Value>88</Value>
            </HeartRateBpm>
            <Extensions>
              <ns3:TPX/>
            </Extensions>
          </Trackpoint>
          <Trackpoint>
            <Time>2026-06-11T17:08:40.000Z</Time>
            <DistanceMeters>0.0</DistanceMeters>
            <HeartRateBpm>
              <Value>87</Value>
            </HeartRateBpm>
            <Extensions>
              <ns3:TPX/>
            </Extensions>
          </Trackpoint>
          <Trackpoint>
            <Time>2026-06-11T17:08:41.000Z</Time>
            <DistanceMeters>0.0</DistanceMeters>
            <HeartRateBpm>
              <Value>86</Value>
            </HeartRateBpm>
            <Extensions>
              <ns3:TPX/>
            </Extensions>
          </Trackpoint>
          <Trackpoint>
            <Time>2026-06-11T17:08:44.000Z</Time>
            <DistanceMeters>0.0</DistanceMeters>
            <HeartRateBpm>
              <Value>85</Value>
            </HeartRateBpm>
            <Extensions>
              <ns3:TPX/>
            </Extensions>
          </Trackpoint>
          <Trackpoint>
            <Time>2026-06-11T17:08:54.000Z</Time>
            <DistanceMeters>0.0</DistanceMeters>
            <HeartRateBpm>
              <Value>84</Value>
            </HeartRateBpm>
            <Extensions>
              <ns3:TPX/>
            </Extensions>
          </Trackpoint>
          <Trackpoint>
            <Time>2026-06-11T17:08:56.000Z</Time>
            <DistanceMeters>0.0</DistanceMeters>
            <HeartRateBpm>
              <Value>82</Value>
            </HeartRateBpm>
            <Extensions>
              <ns3:TPX/>
            </Extensions>
          </Trackpoint>
          <Trackpoint>
            <Time>2026-06-11T17:08:58.000Z</Time>
            <DistanceMeters>0.0</DistanceMeters>
            <HeartRateBpm>
              <Value>76</Value>
            </HeartRateBpm>
            <Extensions>
              <ns3:TPX/>
            </Extensions>
          </Trackpoint>
          <Trackpoint>
            <Time>2026-06-11T17:08:59.000Z</Time>
            <DistanceMeters>0.0</DistanceMeters>
            <HeartRateBpm>
              <Value>74</Value>
            </HeartRateBpm>
            <Extensions>
              <ns3:TPX/>
            </Extensions>
          </Trackpoint>
          <Trackpoint>
            <Time>2026-06-11T17:09:00.000Z</Time>
            <DistanceMeters>0.0</DistanceMeters>
            <HeartRateBpm>
              <Value>72</Value>
            </HeartRateBpm>
            <Extensions>
              <ns3:TPX/>
            </Extensions>
          </Trackpoint>
          <Trackpoint>
            <Time>2026-06-11T17:09:04.000Z</Time>
            <DistanceMeters>0.0</DistanceMeters>
            <HeartRateBpm>
              <Value>73</Value>
            </HeartRateBpm>
            <Extensions>
              <ns3:TPX/>
            </Extensions>
          </Trackpoint>
          <Trackpoint>
            <Time>2026-06-11T17:09:05.000Z</Time>
            <DistanceMeters>0.0</DistanceMeters>
            <HeartRateBpm>
              <Value>75</Value>
            </HeartRateBpm>
            <Extensions>
              <ns3:TPX/>
            </Extensions>
          </Trackpoint>
          <Trackpoint>
            <Time>2026-06-11T17:09:11.000Z</Time>
            <DistanceMeters>0.0</DistanceMeters>
            <HeartRateBpm>
              <Value>72</Value>
            </HeartRateBpm>
            <Extensions>
              <ns3:TPX/>
            </Extensions>
          </Trackpoint>
          <Trackpoint>
            <Time>2026-06-11T17:09:12.000Z</Time>
            <DistanceMeters>0.0</DistanceMeters>
            <HeartRateBpm>
              <Value>71</Value>
            </HeartRateBpm>
            <Extensions>
              <ns3:TPX/>
            </Extensions>
          </Trackpoint>
          <Trackpoint>
            <Time>2026-06-11T17:09:14.000Z</Time>
            <DistanceMeters>0.0</DistanceMeters>
            <HeartRateBpm>
              <Value>70</Value>
            </HeartRateBpm>
            <Extensions>
              <ns3:TPX/>
            </Extensions>
          </Trackpoint>
          <Trackpoint>
            <Time>2026-06-11T17:09:15.000Z</Time>
            <DistanceMeters>0.0</DistanceMeters>
            <HeartRateBpm>
              <Value>68</Value>
            </HeartRateBpm>
            <Extensions>
              <ns3:TPX/>
            </Extensions>
          </Trackpoint>
          <Trackpoint>
            <Time>2026-06-11T17:09:16.000Z</Time>
            <DistanceMeters>0.0</DistanceMeters>
            <HeartRateBpm>
              <Value>69</Value>
            </HeartRateBpm>
            <Extensions>
              <ns3:TPX/>
            </Extensions>
          </Trackpoint>
          <Trackpoint>
            <Time>2026-06-11T17:09:19.000Z</Time>
            <DistanceMeters>0.0</DistanceMeters>
            <HeartRateBpm>
              <Value>68</Value>
            </HeartRateBpm>
            <Extensions>
              <ns3:TPX/>
            </Extensions>
          </Trackpoint>
          <Trackpoint>
            <Time>2026-06-11T17:09:21.000Z</Time>
            <DistanceMeters>0.0</DistanceMeters>
            <HeartRateBpm>
              <Value>77</Value>
            </HeartRateBpm>
            <Extensions>
              <ns3:TPX/>
            </Extensions>
          </Trackpoint>
          <Trackpoint>
            <Time>2026-06-11T17:09:22.000Z</Time>
            <DistanceMeters>0.0</DistanceMeters>
            <HeartRateBpm>
              <Value>77</Value>
            </HeartRateBpm>
            <Extensions>
              <ns3:TPX/>
            </Extensions>
          </Trackpoint>
          <Trackpoint>
            <Time>2026-06-11T17:09:25.000Z</Time>
            <DistanceMeters>0.0</DistanceMeters>
            <HeartRateBpm>
              <Value>78</Value>
            </HeartRateBpm>
            <Extensions>
              <ns3:TPX/>
            </Extensions>
          </Trackpoint>
          <Trackpoint>
            <Time>2026-06-11T17:09:26.000Z</Time>
            <DistanceMeters>0.0</DistanceMeters>
            <HeartRateBpm>
              <Value>79</Value>
            </HeartRateBpm>
            <Extensions>
              <ns3:TPX/>
            </Extensions>
          </Trackpoint>
          <Trackpoint>
            <Time>2026-06-11T17:09:27.000Z</Time>
            <DistanceMeters>0.0</DistanceMeters>
            <HeartRateBpm>
              <Value>82</Value>
            </HeartRateBpm>
            <Extensions>
              <ns3:TPX/>
            </Extensions>
          </Trackpoint>
          <Trackpoint>
            <Time>2026-06-11T17:09:28.000Z</Time>
            <DistanceMeters>0.0</DistanceMeters>
            <HeartRateBpm>
              <Value>84</Value>
            </HeartRateBpm>
            <Extensions>
              <ns3:TPX/>
            </Extensions>
          </Trackpoint>
          <Trackpoint>
            <Time>2026-06-11T17:09:29.000Z</Time>
            <DistanceMeters>0.0</DistanceMeters>
            <HeartRateBpm>
              <Value>86</Value>
            </HeartRateBpm>
            <Extensions>
              <ns3:TPX/>
            </Extensions>
          </Trackpoint>
          <Trackpoint>
            <Time>2026-06-11T17:09:30.000Z</Time>
            <DistanceMeters>0.0</DistanceMeters>
            <HeartRateBpm>
              <Value>87</Value>
            </HeartRateBpm>
            <Extensions>
              <ns3:TPX/>
            </Extensions>
          </Trackpoint>
          <Trackpoint>
            <Time>2026-06-11T17:09:31.000Z</Time>
            <DistanceMeters>0.0</DistanceMeters>
            <HeartRateBpm>
              <Value>88</Value>
            </HeartRateBpm>
            <Extensions>
              <ns3:TPX/>
            </Extensions>
          </Trackpoint>
          <Trackpoint>
            <Time>2026-06-11T17:09:34.000Z</Time>
            <DistanceMeters>0.0</DistanceMeters>
            <HeartRateBpm>
              <Value>86</Value>
            </HeartRateBpm>
            <Extensions>
              <ns3:TPX/>
            </Extensions>
          </Trackpoint>
          <Trackpoint>
            <Time>2026-06-11T17:09:35.000Z</Time>
            <DistanceMeters>0.0</DistanceMeters>
            <HeartRateBpm>
              <Value>84</Value>
            </HeartRateBpm>
            <Extensions>
              <ns3:TPX/>
            </Extensions>
          </Trackpoint>
          <Trackpoint>
            <Time>2026-06-11T17:09:36.000Z</Time>
            <DistanceMeters>0.0</DistanceMeters>
            <HeartRateBpm>
              <Value>82</Value>
            </HeartRateBpm>
            <Extensions>
              <ns3:TPX/>
            </Extensions>
          </Trackpoint>
          <Trackpoint>
            <Time>2026-06-11T17:09:39.000Z</Time>
            <DistanceMeters>0.0</DistanceMeters>
            <HeartRateBpm>
              <Value>82</Value>
            </HeartRateBpm>
            <Extensions>
              <ns3:TPX/>
            </Extensions>
          </Trackpoint>
        </Track>
        <Extensions>
          <ns3:LX/>
        </Extensions>
      </Lap>
      <Creator xsi:type="Device_t">
        <Name>fenix 5X Plus</Name>
        <UnitId>3325297807</UnitId>
        <ProductID>3111</ProductID>
        <Version>
          <VersionMajor>19</VersionMajor>
          <VersionMinor>30</VersionMinor>
          <BuildMajor>0</BuildMajor>
          <BuildMinor>0</BuildMinor>
        </Version>
      </Creator>
    </Activity>
  </Activities>
  <Author xsi:type="Application_t">
    <Name>Connect Api</Name>
    <Build>
      <Version>
        <VersionMajor>26</VersionMajor>
        <VersionMinor>9</VersionMinor>
        <BuildMajor>0</BuildMajor>
        <BuildMinor>0</BuildMinor>
      </Version>
    </Build>
    <LangID>en</LangID>
    <PartNumber>006-D2449-00</PartNumber>
  </Author>
</TrainingCenterDatabase>
