<?xml version="1.0" encoding="UTF-8"?>
<TrainingCenterDatabase
  xsi:schemaLocation="http://www.garmin.com/xmlschemas/TrainingCenterDatabase/v2 http://www.garmin.com/xmlschemas/TrainingCenterDatabasev2.xsd"
  xmlns:ns5="http://www.garmin.com/xmlschemas/ActivityGoals/v1"
  xmlns:ns3="http://www.garmin.com/xmlschemas/ActivityExtension/v2"
  xmlns:ns2="http://www.garmin.com/xmlschemas/UserProfile/v2"
  xmlns="http://www.garmin.com/xmlschemas/TrainingCenterDatabase/v2"
  xmlns:xsi="http://www.w3.org/2001/XMLSchema-instance" xmlns:ns4="http://www.garmin.com/xmlschemas/ProfileExtension/v1">
  <Activities>
    <Activity Sport="Other">
      <Id>2026-06-17T20:49:24.000Z</Id>
      <Lap StartTime="2026-06-17T20:49:24.000Z">
        <TotalTimeSeconds>649.75</TotalTimeSeconds>
        <DistanceMeters>1000.0</DistanceMeters>
        <MaximumSpeed>2.2209999561309814</MaximumSpeed>
        <Calories>71</Calories>
        <AverageHeartRateBpm>
          <Value>97</Value>
        </AverageHeartRateBpm>
        <MaximumHeartRateBpm>
          <Value>137</Value>
        </MaximumHeartRateBpm>
        <Intensity>Active</Intensity>
        <TriggerMethod>Manual</TriggerMethod>
        <Track>
          <Trackpoint>
            <Time>2026-06-17T20:49:24.000Z</Time>
            <Position>
              <LatitudeDegrees>43.12791441567242</LatitudeDegrees>
              <LongitudeDegrees>-2.5859654042869806</LongitudeDegrees>
            </Position>
            <AltitudeMeters>176.60000610351562</AltitudeMeters>
            <DistanceMeters>0.0</DistanceMeters>
            <HeartRateBpm>
              <Value>66</Value>
            </HeartRateBpm>
            <Extensions>
              <ns3:TPX>
                <ns3:Speed>0.0</ns3:Speed>
              </ns3:TPX>
            </Extensions>
          </Trackpoint>
          <Trackpoint>
            <Time>2026-06-17T20:49:25.000Z</Time>
            <Position>
              <LatitudeDegrees>43.12791139818728</LatitudeDegrees>
              <LongitudeDegrees>-2.58594436571002</LongitudeDegrees>
            </Position>
            <AltitudeMeters>176.60000610351562</AltitudeMeters>
            <DistanceMeters>0.0</DistanceMeters>
            <HeartRateBpm>
              <Value>67</Value>
            </HeartRateBpm>
            <Extensions>
              <ns3:TPX>
                <ns3:Speed>0.0</ns3:Speed>
              </ns3:TPX>
            </Extensions>
          </Trackpoint>
          <Trackpoint>
            <Time>2026-06-17T20:49:28.000Z</Time>
            <Position>
              <LatitudeDegrees>43.12791491858661</LatitudeDegrees>
              <LongitudeDegrees>-2.585870185866952</LongitudeDegrees>
            </Position>
            <AltitudeMeters>176.60000610351562</AltitudeMeters>
            <DistanceMeters>0.5699999928474426</DistanceMeters>
            <HeartRateBpm>
              <Value>66</Value>
            </HeartRateBpm>
            <Extensions>
              <ns3:TPX>
                <ns3:Speed>2.2209999561309814</ns3:Speed>
              </ns3:TPX>
            </Extensions>
          </Trackpoint>
          <Trackpoint>
            <Time>2026-06-17T20:49:29.000Z</Time>
            <Position>
              <LatitudeDegrees>43.127921372652054</LatitudeDegrees>
              <LongitudeDegrees>-2.5858618039637804</LongitudeDegrees>
            </Position>
            <AltitudeMeters>176.39999389648438</AltitudeMeters>
            <DistanceMeters>1.600000023841858</DistanceMeters>
            <HeartRateBpm>
              <Value>71</Value>
            </HeartRateBpm>
            <Extensions>
              <ns3:TPX>
                <ns3:Speed>2.2209999561309814</ns3:Speed>
              </ns3:TPX>
            </Extensions>
          </Trackpoint>
          <Trackpoint>
            <Time>2026-06-17T20:49:30.000Z</Time>
            <Position>
              <LatitudeDegrees>43.12792858108878</LatitudeDegrees>
              <LongitudeDegrees>-2.5858559366315603</LongitudeDegrees>
            </Position>
            <AltitudeMeters>176.1999969482422</AltitudeMeters>
            <DistanceMeters>1.8799999952316284</DistanceMeters>
            <HeartRateBpm>
              <Value>74</Value>
            </HeartRateBpm>
            <Extensions>
              <ns3:TPX>
                <ns3:Speed>0.8489999771118164</ns3:Speed>
              </ns3:TPX>
            </Extensions>
          </Trackpoint>
          <Trackpoint>
            <Time>2026-06-17T20:49:31.000Z</Time>
            <Position>
              <LatitudeDegrees>43.127935538068414</LatitudeDegrees>
              <LongitudeDegrees>-2.585851578041911</LongitudeDegrees>
            </Position>
            <AltitudeMeters>176.0</AltitudeMeters>
            <DistanceMeters>2.4600000381469727</DistanceMeters>
            <HeartRateBpm>
              <Value>79</Value>
            </HeartRateBpm>
            <Extensions>
              <ns3:TPX>
                <ns3:Speed>0.0</ns3:Speed>
              </ns3:TPX>
            </Extensions>
          </Trackpoint>
          <Trackpoint>
            <Time>2026-06-17T20:49:32.000Z</Time>
            <Position>
              <LatitudeDegrees>43.12794459052384</LatitudeDegrees>
              <LongitudeDegrees>-2.5858478900045156</LongitudeDegrees>
            </Position>
            <AltitudeMeters>176.0</AltitudeMeters>
            <DistanceMeters>3.259999990463257</DistanceMeters>
            <HeartRateBpm>
              <Value>85</Value>
            </HeartRateBpm>
            <Extensions>
              <ns3:TPX>
                <ns3:Speed>0.0</ns3:Speed>
              </ns3:TPX>
            </Extensions>
          </Trackpoint>
          <Trackpoint>
            <Time>2026-06-17T20:49:33.000Z</Time>
            <Position>
              <LatitudeDegrees>43.127953223884106</LatitudeDegrees>
              <LongitudeDegrees>-2.585845375433564</LongitudeDegrees>
            </Position>
            <AltitudeMeters>176.0</AltitudeMeters>
            <DistanceMeters>4.139999866485596</DistanceMeters>
            <HeartRateBpm>
              <Value>89</Value>
            </HeartRateBpm>
            <Extensions>
              <ns3:TPX>
                <ns3:Speed>0.0</ns3:Speed>
              </ns3:TPX>
            </Extensions>
          </Trackpoint>
          <Trackpoint>
            <Time>2026-06-17T20:49:34.000Z</Time>
            <Position>
              <LatitudeDegrees>43.12796160578728</LatitudeDegrees>
              <LongitudeDegrees>-2.5858411006629467</LongitudeDegrees>
            </Position>
            <AltitudeMeters>176.0</AltitudeMeters>
            <DistanceMeters>4.539999961853027</DistanceMeters>
            <HeartRateBpm>
              <Value>92</Value>
            </HeartRateBpm>
            <Extensions>
              <ns3:TPX>
                <ns3:Speed>0.0</ns3:Speed>
              </ns3:TPX>
            </Extensions>
          </Trackpoint>
          <Trackpoint>
            <Time>2026-06-17T20:49:40.000Z</Time>
            <Position>
              <LatitudeDegrees>43.128035785630345</LatitudeDegrees>
              <LongitudeDegrees>-2.58580069988966</LongitudeDegrees>
            </Position>
            <AltitudeMeters>175.8000030517578</AltitudeMeters>
            <DistanceMeters>8.520000457763672</DistanceMeters>
            <HeartRateBpm>
              <Value>89</Value>
            </HeartRateBpm>
            <Extensions>
              <ns3:TPX>
                <ns3:Speed>0.8769999742507935</ns3:Speed>
              </ns3:TPX>
            </Extensions>
          </Trackpoint>
          <Trackpoint>
            <Time>2026-06-17T20:49:42.000Z</Time>
            <Position>
              <LatitudeDegrees>43.12806872650981</LatitudeDegrees>
              <LongitudeDegrees>-2.585796006023884</LongitudeDegrees>
            </Position>
            <AltitudeMeters>175.8000030517578</AltitudeMeters>
            <DistanceMeters>11.199999809265137</DistanceMeters>
            <HeartRateBpm>
              <Value>89</Value>
            </HeartRateBpm>
            <Extensions>
              <ns3:TPX>
                <ns3:Speed>1.0449999570846558</ns3:Speed>
              </ns3:TPX>
            </Extensions>
          </Trackpoint>
          <Trackpoint>
            <Time>2026-06-17T20:49:49.000Z</Time>
            <Position>
              <LatitudeDegrees>43.1281831394881</LatitudeDegrees>
              <LongitudeDegrees>-2.5856323074549437</LongitudeDegrees>
            </Position>
            <AltitudeMeters>175.39999389648438</AltitudeMeters>
            <DistanceMeters>22.809999465942383</DistanceMeters>
            <HeartRateBpm>
              <Value>90</Value>
            </HeartRateBpm>
            <Extensions>
              <ns3:TPX>
                <ns3:Speed>1.3530000448226929</ns3:Speed>
              </ns3:TPX>
            </Extensions>
          </Trackpoint>
          <Trackpoint>
            <Time>2026-06-17T20:49:53.000Z</Time>
            <Position>
              <LatitudeDegrees>43.128219433128834</LatitudeDegrees>
              <LongitudeDegrees>-2.585577657446265</LongitudeDegrees>
            </Position>
            <AltitudeMeters>175.39999389648438</AltitudeMeters>
            <DistanceMeters>29.559999465942383</DistanceMeters>
            <HeartRateBpm>
              <Value>90</Value>
            </HeartRateBpm>
            <Extensions>
              <ns3:TPX>
                <ns3:Speed>1.409000039100647</ns3:Speed>
              </ns3:TPX>
            </Extensions>
          </Trackpoint>
          <Trackpoint>
            <Time>2026-06-17T20:50:00.000Z</Time>
            <Position>
              <LatitudeDegrees>43.12831599265337</LatitudeDegrees>
              <LongitudeDegrees>-2.5855157990008593</LongitudeDegrees>
            </Position>
            <AltitudeMeters>175.39999389648438</AltitudeMeters>
            <DistanceMeters>42.16999816894531</DistanceMeters>
            <HeartRateBpm>
              <Value>89</Value>
            </HeartRateBpm>
            <Extensions>
              <ns3:TPX>
                <ns3:Speed>1.7730000019073486</ns3:Speed>
              </ns3:TPX>
            </Extensions>
          </Trackpoint>
          <Trackpoint>
            <Time>2026-06-17T20:50:06.000Z</Time>
            <Position>
              <LatitudeDegrees>43.128408528864384</LatitudeDegrees>
              <LongitudeDegrees>-2.5854401104152203</LongitudeDegrees>
            </Position>
            <AltitudeMeters>175.0</AltitudeMeters>
            <DistanceMeters>57.09000015258789</DistanceMeters>
            <HeartRateBpm>
              <Value>94</Value>
            </HeartRateBpm>
            <Extensions>
              <ns3:TPX>
                <ns3:Speed>1.315999984741211</ns3:Speed>
              </ns3:TPX>
            </Extensions>
          </Trackpoint>
          <Trackpoint>
            <Time>2026-06-17T20:50:07.000Z</Time>
            <Position>
              <LatitudeDegrees>43.128419341519475</LatitudeDegrees>
              <LongitudeDegrees>-2.585430135950446</LongitudeDegrees>
            </Position>
            <AltitudeMeters>175.0</AltitudeMeters>
            <DistanceMeters>57.810001373291016</DistanceMeters>
            <HeartRateBpm>
              <Value>95</Value>
            </HeartRateBpm>
            <Extensions>
              <ns3:TPX>
                <ns3:Speed>1.2690000534057617</ns3:Speed>
              </ns3:TPX>
            </Extensions>
          </Trackpoint>
          <Trackpoint>
            <Time>2026-06-17T20:50:09.000Z</Time>
            <Position>
              <LatitudeDegrees>43.12843652442098</LatitudeDegrees>
              <LongitudeDegrees>-2.5854164734482765</LongitudeDegrees>
            </Position>
            <AltitudeMeters>174.8000030517578</AltitudeMeters>
            <DistanceMeters>58.68000030517578</DistanceMeters>
            <HeartRateBpm>
              <Value>97</Value>
            </HeartRateBpm>
            <Extensions>
              <ns3:TPX>
                <ns3:Speed>1.184999942779541</ns3:Speed>
              </ns3:TPX>
            </Extensions>
          </Trackpoint>
          <Trackpoint>
            <Time>2026-06-17T20:50:11.000Z</Time>
            <Position>
              <LatitudeDegrees>43.12845077365637</LatitudeDegrees>
              <LongitudeDegrees>-2.5854096841067076</LongitudeDegrees>
            </Position>
            <AltitudeMeters>174.8000030517578</AltitudeMeters>
            <DistanceMeters>61.40999984741211</DistanceMeters>
            <HeartRateBpm>
              <Value>96</Value>
            </HeartRateBpm>
            <Extensions>
              <ns3:TPX>
                <ns3:Speed>1.0640000104904175</ns3:Speed>
              </ns3:TPX>
            </Extensions>
          </Trackpoint>
          <Trackpoint>
            <Time>2026-06-17T20:50:14.000Z</Time>
            <Position>
              <LatitudeDegrees>43.12848765403032</LatitudeDegrees>
              <LongitudeDegrees>-2.585396356880665</LongitudeDegrees>
            </Position>
            <AltitudeMeters>174.8000030517578</AltitudeMeters>
            <DistanceMeters>64.95999908447266</DistanceMeters>
            <HeartRateBpm>
              <Value>98</Value>
            </HeartRateBpm>
            <Extensions>
              <ns3:TPX>
                <ns3:Speed>0.9800000190734863</ns3:Speed>
              </ns3:TPX>
            </Extensions>
          </Trackpoint>
          <Trackpoint>
            <Time>2026-06-17T20:50:16.000Z</Time>
            <Position>
              <LatitudeDegrees>43.12851095572114</LatitudeDegrees>
              <LongitudeDegrees>-2.5853938423097134</LongitudeDegrees>
            </Position>
            <AltitudeMeters>174.8000030517578</AltitudeMeters>
            <DistanceMeters>66.83000183105469</DistanceMeters>
            <HeartRateBpm>
              <Value>97</Value>
            </HeartRateBpm>
            <Extensions>
              <ns3:TPX>
                <ns3:Speed>1.465000033378601</ns3:Speed>
              </ns3:TPX>
            </Extensions>
          </Trackpoint>
          <Trackpoint>
            <Time>2026-06-17T20:50:18.000Z</Time>
            <Position>
              <LatitudeDegrees>43.12853115610778</LatitudeDegrees>
              <LongitudeDegrees>-2.585391327738762</LongitudeDegrees>
            </Position>
            <AltitudeMeters>174.8000030517578</AltitudeMeters>
            <DistanceMeters>67.70999908447266</DistanceMeters>
            <HeartRateBpm>
              <Value>97</Value>
            </HeartRateBpm>
            <Extensions>
              <ns3:TPX>
                <ns3:Speed>0.9240000247955322</ns3:Speed>
              </ns3:TPX>
            </Extensions>
          </Trackpoint>
          <Trackpoint>
            <Time>2026-06-17T20:50:21.000Z</Time>
            <Position>
              <LatitudeDegrees>43.12855412252247</LatitudeDegrees>
              <LongitudeDegrees>-2.5853747315704823</LongitudeDegrees>
            </Position>
            <AltitudeMeters>174.60000610351562</AltitudeMeters>
            <DistanceMeters>71.2699966430664</DistanceMeters>
            <HeartRateBpm>
              <Value>98</Value>
            </HeartRateBpm>
            <Extensions>
              <ns3:TPX>
                <ns3:Speed>1.0080000162124634</ns3:Speed>
              </ns3:TPX>
            </Extensions>
          </Trackpoint>
          <Trackpoint>
            <Time>2026-06-17T20:50:22.000Z</Time>
            <Position>
              <LatitudeDegrees>43.128563426434994</LatitudeDegrees>
              <LongitudeDegrees>-2.5853681936860085</LongitudeDegrees>
            </Position>
            <AltitudeMeters>174.60000610351562</AltitudeMeters>
            <DistanceMeters>72.08000183105469</DistanceMeters>
            <HeartRateBpm>
              <Value>97</Value>
            </HeartRateBpm>
            <Extensions>
              <ns3:TPX>
                <ns3:Speed>1.2690000534057617</ns3:Speed>
              </ns3:TPX>
            </Extensions>
          </Trackpoint>
          <Trackpoint>
            <Time>2026-06-17T20:50:23.000Z</Time>
            <Position>
              <LatitudeDegrees>43.128572227433324</LatitudeDegrees>
              <LongitudeDegrees>-2.585359141230583</LongitudeDegrees>
            </Position>
            <AltitudeMeters>174.39999389648438</AltitudeMeters>
            <DistanceMeters>73.08999633789062</DistanceMeters>
            <HeartRateBpm>
              <Value>97</Value>
            </HeartRateBpm>
            <Extensions>
              <ns3:TPX>
                <ns3:Speed>1.305999994277954</ns3:Speed>
              </ns3:TPX>
            </Extensions>
          </Trackpoint>
          <Trackpoint>
            <Time>2026-06-17T20:50:27.000Z</Time>
            <Position>
              <LatitudeDegrees>43.1286046653986</LatitudeDegrees>
              <LongitudeDegrees>-2.5853168964385986</LongitudeDegrees>
            </Position>
            <AltitudeMeters>174.1999969482422</AltitudeMeters>
            <DistanceMeters>77.11000061035156</DistanceMeters>
            <HeartRateBpm>
              <Value>100</Value>
            </HeartRateBpm>
            <Extensions>
              <ns3:TPX>
                <ns3:Speed>1.222000002861023</ns3:Speed>
              </ns3:TPX>
            </Extensions>
          </Trackpoint>
          <Trackpoint>
            <Time>2026-06-17T20:50:29.000Z</Time>
            <Position>
              <LatitudeDegrees>43.12861598096788</LatitudeDegrees>
              <LongitudeDegrees>-2.585282865911722</LongitudeDegrees>
            </Position>
            <AltitudeMeters>174.1999969482422</AltitudeMeters>
            <DistanceMeters>79.16999816894531</DistanceMeters>
            <HeartRateBpm>
              <Value>98</Value>
            </HeartRateBpm>
            <Extensions>
              <ns3:TPX>
                <ns3:Speed>1.2039999961853027</ns3:Speed>
              </ns3:TPX>
            </Extensions>
          </Trackpoint>
          <Trackpoint>
            <Time>2026-06-17T20:50:32.000Z</Time>
            <Position>
              <LatitudeDegrees>43.12866107560694</LatitudeDegrees>
              <LongitudeDegrees>-2.5852353405207396</LongitudeDegrees>
            </Position>
            <AltitudeMeters>174.0</AltitudeMeters>
            <DistanceMeters>86.41000366210938</DistanceMeters>
            <HeartRateBpm>
              <Value>101</Value>
            </HeartRateBpm>
            <Extensions>
              <ns3:TPX>
                <ns3:Speed>1.2410000562667847</ns3:Speed>
              </ns3:TPX>
            </Extensions>
          </Trackpoint>
          <Trackpoint>
            <Time>2026-06-17T20:50:36.000Z</Time>
            <Position>
              <LatitudeDegrees>43.12872335314751</LatitudeDegrees>
              <LongitudeDegrees>-2.585187563672662</LongitudeDegrees>
            </Position>
            <AltitudeMeters>174.1999969482422</AltitudeMeters>
            <DistanceMeters>93.66000366210938</DistanceMeters>
            <HeartRateBpm>
              <Value>99</Value>
            </HeartRateBpm>
            <Extensions>
              <ns3:TPX>
                <ns3:Speed>1.3530000448226929</ns3:Speed>
              </ns3:TPX>
            </Extensions>
          </Trackpoint>
          <Trackpoint>
            <Time>2026-06-17T20:50:41.000Z</Time>
            <Position>
              <LatitudeDegrees>43.128790240734816</LatitudeDegrees>
              <LongitudeDegrees>-2.5850696302950382</LongitudeDegrees>
            </Position>
            <AltitudeMeters>174.1999969482422</AltitudeMeters>
            <DistanceMeters>100.33999633789062</DistanceMeters>
            <HeartRateBpm>
              <Value>99</Value>
            </HeartRateBpm>
            <Extensions>
              <ns3:TPX>
                <ns3:Speed>1.3339999914169312</ns3:Speed>
              </ns3:TPX>
            </Extensions>
          </Trackpoint>
          <Trackpoint>
            <Time>2026-06-17T20:50:43.000Z</Time>
            <Position>
              <LatitudeDegrees>43.12881228514016</LatitudeDegrees>
              <LongitudeDegrees>-2.5850401259958744</LongitudeDegrees>
            </Position>
            <AltitudeMeters>174.0</AltitudeMeters>
            <DistanceMeters>103.11000061035156</DistanceMeters>
            <HeartRateBpm>
              <Value>98</Value>
            </HeartRateBpm>
            <Extensions>
              <ns3:TPX>
                <ns3:Speed>1.3250000476837158</ns3:Speed>
              </ns3:TPX>
            </Extensions>
          </Trackpoint>
          <Trackpoint>
            <Time>2026-06-17T20:50:47.000Z</Time>
            <Position>
              <LatitudeDegrees>43.128841454163194</LatitudeDegrees>
              <LongitudeDegrees>-2.5849947798997164</LongitudeDegrees>
            </Position>
            <AltitudeMeters>173.60000610351562</AltitudeMeters>
            <DistanceMeters>108.88999938964844</DistanceMeters>
            <HeartRateBpm>
              <Value>99</Value>
            </HeartRateBpm>
            <Extensions>
              <ns3:TPX>
                <ns3:Speed>1.2879999876022339</ns3:Speed>
              </ns3:TPX>
            </Extensions>
          </Trackpoint>
          <Trackpoint>
            <Time>2026-06-17T20:50:50.000Z</Time>
            <Position>
              <LatitudeDegrees>43.1288549490273</LatitudeDegrees>
              <LongitudeDegrees>-2.5849687959998846</LongitudeDegrees>
            </Position>
            <AltitudeMeters>173.39999389648438</AltitudeMeters>
            <DistanceMeters>112.80999755859375</DistanceMeters>
            <HeartRateBpm>
              <Value>100</Value>
            </HeartRateBpm>
            <Extensions>
              <ns3:TPX>
                <ns3:Speed>1.184999942779541</ns3:Speed>
              </ns3:TPX>
            </Extensions>
          </Trackpoint>
          <Trackpoint>
            <Time>2026-06-17T20:50:53.000Z</Time>
            <Position>
              <LatitudeDegrees>43.1288808491081</LatitudeDegrees>
              <LongitudeDegrees>-2.584965694695711</LongitudeDegrees>
            </Position>
            <AltitudeMeters>173.1999969482422</AltitudeMeters>
            <DistanceMeters>116.77999877929688</DistanceMeters>
            <HeartRateBpm>
              <Value>96</Value>
            </HeartRateBpm>
            <Extensions>
              <ns3:TPX>
                <ns3:Speed>1.3530000448226929</ns3:Speed>
              </ns3:TPX>
            </Extensions>
          </Trackpoint>
          <Trackpoint>
            <Time>2026-06-17T20:50:54.000Z</Time>
            <Position>
              <LatitudeDegrees>43.128894763067365</LatitudeDegrees>
              <LongitudeDegrees>-2.58496368303895</LongitudeDegrees>
            </Position>
            <AltitudeMeters>173.1999969482422</AltitudeMeters>
            <DistanceMeters>117.05000305175781</DistanceMeters>
            <HeartRateBpm>
              <Value>96</Value>
            </HeartRateBpm>
            <Extensions>
              <ns3:TPX>
                <ns3:Speed>1.2039999961853027</ns3:Speed>
              </ns3:TPX>
            </Extensions>
          </Trackpoint>
          <Trackpoint>
            <Time>2026-06-17T20:50:55.000Z</Time>
            <Position>
              <LatitudeDegrees>43.128911862149835</LatitudeDegrees>
              <LongitudeDegrees>-2.584958067163825</LongitudeDegrees>
            </Position>
            <AltitudeMeters>173.1999969482422</AltitudeMeters>
            <DistanceMeters>118.22000122070312</DistanceMeters>
            <HeartRateBpm>
              <Value>96</Value>
            </HeartRateBpm>
            <Extensions>
              <ns3:TPX>
                <ns3:Speed>1.1660000085830688</ns3:Speed>
              </ns3:TPX>
            </Extensions>
          </Trackpoint>
          <Trackpoint>
            <Time>2026-06-17T20:50:57.000Z</Time>
            <Position>
              <LatitudeDegrees>43.12896106392145</LatitudeDegrees>
              <LongitudeDegrees>-2.584918085485697</LongitudeDegrees>
            </Position>
            <AltitudeMeters>173.39999389648438</AltitudeMeters>
            <DistanceMeters>120.79000091552734</DistanceMeters>
            <HeartRateBpm>
              <Value>98</Value>
            </HeartRateBpm>
            <Extensions>
              <ns3:TPX>
                <ns3:Speed>1.1380000114440918</ns3:Speed>
              </ns3:TPX>
            </Extensions>
          </Trackpoint>
          <Trackpoint>
            <Time>2026-06-17T20:51:00.000Z</Time>
            <Position>
              <LatitudeDegrees>43.12902292236686</LatitudeDegrees>
              <LongitudeDegrees>-2.584841977804899</LongitudeDegrees>
            </Position>
            <AltitudeMeters>173.1999969482422</AltitudeMeters>
            <DistanceMeters>126.66000366210938</DistanceMeters>
            <HeartRateBpm>
              <Value>97</Value>
            </HeartRateBpm>
            <Extensions>
              <ns3:TPX>
                <ns3:Speed>1.4739999771118164</ns3:Speed>
              </ns3:TPX>
            </Extensions>
          </Trackpoint>
          <Trackpoint>
            <Time>2026-06-17T20:51:01.000Z</Time>
            <Position>
              <LatitudeDegrees>43.12903834506869</LatitudeDegrees>
              <LongitudeDegrees>-2.584820603951812</LongitudeDegrees>
            </Position>
            <AltitudeMeters>173.0</AltitudeMeters>
            <DistanceMeters>128.66000366210938</DistanceMeters>
            <HeartRateBpm>
              <Value>100</Value>
            </HeartRateBpm>
            <Extensions>
              <ns3:TPX>
                <ns3:Speed>1.5859999656677246</ns3:Speed>
              </ns3:TPX>
            </Extensions>
          </Trackpoint>
          <Trackpoint>
            <Time>2026-06-17T20:51:02.000Z</Time>
            <Position>
              <LatitudeDegrees>43.129049660637975</LatitudeDegrees>
              <LongitudeDegrees>-2.5847976375371218</LongitudeDegrees>
            </Position>
            <AltitudeMeters>173.0</AltitudeMeters>
            <DistanceMeters>130.6300048828125</DistanceMeters>
            <HeartRateBpm>
              <Value>99</Value>
            </HeartRateBpm>
            <Extensions>
              <ns3:TPX>
                <ns3:Speed>1.6139999628067017</ns3:Speed>
              </ns3:TPX>
            </Extensions>
          </Trackpoint>
          <Trackpoint>
            <Time>2026-06-17T20:51:08.000Z</Time>
            <Position>
              <LatitudeDegrees>43.129060473293066</LatitudeDegrees>
              <LongitudeDegrees>-2.5846681371331215</LongitudeDegrees>
            </Position>
            <AltitudeMeters>172.60000610351562</AltitudeMeters>
            <DistanceMeters>142.32000732421875</DistanceMeters>
            <HeartRateBpm>
              <Value>95</Value>
            </HeartRateBpm>
            <Extensions>
              <ns3:TPX>
                <ns3:Speed>1.5959999561309814</ns3:Speed>
              </ns3:TPX>
            </Extensions>
          </Trackpoint>
          <Trackpoint>
            <Time>2026-06-17T20:51:09.000Z</Time>
            <Position>
              <LatitudeDegrees>43.129063909873366</LatitudeDegrees>
              <LongitudeDegrees>-2.5846512895077467</LongitudeDegrees>
            </Position>
            <AltitudeMeters>172.39999389648438</AltitudeMeters>
            <DistanceMeters>144.67999267578125</DistanceMeters>
            <HeartRateBpm>
              <Value>95</Value>
            </HeartRateBpm>
            <Extensions>
              <ns3:TPX>
                <ns3:Speed>1.8289999961853027</ns3:Speed>
              </ns3:TPX>
            </Extensions>
          </Trackpoint>
          <Trackpoint>
            <Time>2026-06-17T20:51:11.000Z</Time>
            <Position>
              <LatitudeDegrees>43.12907103449106</LatitudeDegrees>
              <LongitudeDegrees>-2.584611140191555</LongitudeDegrees>
            </Position>
            <AltitudeMeters>172.39999389648438</AltitudeMeters>
            <DistanceMeters>149.0500030517578</DistanceMeters>
            <HeartRateBpm>
              <Value>98</Value>
            </HeartRateBpm>
            <Extensions>
              <ns3:TPX>
                <ns3:Speed>1.875</ns3:Speed>
              </ns3:TPX>
            </Extensions>
          </Trackpoint>
          <Trackpoint>
            <Time>2026-06-17T20:51:14.000Z</Time>
            <Position>
              <LatitudeDegrees>43.12908519990742</LatitudeDegrees>
              <LongitudeDegrees>-2.5845542270690203</LongitudeDegrees>
            </Position>
            <AltitudeMeters>172.39999389648438</AltitudeMeters>
            <DistanceMeters>153.6300048828125</DistanceMeters>
            <HeartRateBpm>
              <Value>96</Value>
            </HeartRateBpm>
            <Extensions>
              <ns3:TPX>
                <ns3:Speed>1.6330000162124634</ns3:Speed>
              </ns3:TPX>
            </Extensions>
          </Trackpoint>
          <Trackpoint>
            <Time>2026-06-17T20:51:15.000Z</Time>
            <Position>
              <LatitudeDegrees>43.129088217392564</LatitudeDegrees>
              <LongitudeDegrees>-2.5845358707010746</LongitudeDegrees>
            </Position>
            <AltitudeMeters>172.1999969482422</AltitudeMeters>
            <DistanceMeters>155.1999969482422</DistanceMeters>
            <HeartRateBpm>
              <Value>96</Value>
            </HeartRateBpm>
            <Extensions>
              <ns3:TPX>
                <ns3:Speed>1.6139999628067017</ns3:Speed>
              </ns3:TPX>
            </Extensions>
          </Trackpoint>
          <Trackpoint>
            <Time>2026-06-17T20:51:16.000Z</Time>
            <Position>
              <LatitudeDegrees>43.12909500673413</LatitudeDegrees>
              <LongitudeDegrees>-2.5845205318182707</LongitudeDegrees>
            </Position>
            <AltitudeMeters>172.0</AltitudeMeters>
            <DistanceMeters>156.7100067138672</DistanceMeters>
            <HeartRateBpm>
              <Value>96</Value>
            </HeartRateBpm>
            <Extensions>
              <ns3:TPX>
                <ns3:Speed>1.5959999561309814</ns3:Speed>
              </ns3:TPX>
            </Extensions>
          </Trackpoint>
          <Trackpoint>
            <Time>2026-06-17T20:51:20.000Z</Time>
            <Position>
              <LatitudeDegrees>43.129116548225284</LatitudeDegrees>
              <LongitudeDegrees>-2.5844271574169397</LongitudeDegrees>
            </Position>
            <AltitudeMeters>171.60000610351562</AltitudeMeters>
            <DistanceMeters>161.92999267578125</DistanceMeters>
            <HeartRateBpm>
              <Value>92</Value>
            </HeartRateBpm>
            <Extensions>
              <ns3:TPX>
                <ns3:Speed>1.5119999647140503</ns3:Speed>
              </ns3:TPX>
            </Extensions>
          </Trackpoint>
          <Trackpoint>
            <Time>2026-06-17T20:51:21.000Z</Time>
            <Position>
              <LatitudeDegrees>43.1291036400944</LatitudeDegrees>
              <LongitudeDegrees>-2.5843963120132685</LongitudeDegrees>
            </Position>
            <AltitudeMeters>171.60000610351562</AltitudeMeters>
            <DistanceMeters>162.30999755859375</DistanceMeters>
            <HeartRateBpm>
              <Value>95</Value>
            </HeartRateBpm>
            <Extensions>
              <ns3:TPX>
                <ns3:Speed>1.5019999742507935</ns3:Speed>
              </ns3:TPX>
            </Extensions>
          </Trackpoint>
          <Trackpoint>
            <Time>2026-06-17T20:51:22.000Z</Time>
            <Position>
              <LatitudeDegrees>43.129107831045985</LatitudeDegrees>
              <LongitudeDegrees>-2.5843818113207817</LongitudeDegrees>
            </Position>
            <AltitudeMeters>171.60000610351562</AltitudeMeters>
            <DistanceMeters>162.6999969482422</DistanceMeters>
            <HeartRateBpm>
              <Value>94</Value>
            </HeartRateBpm>
            <Extensions>
              <ns3:TPX>
                <ns3:Speed>1.4930000305175781</ns3:Speed>
              </ns3:TPX>
            </Extensions>
          </Trackpoint>
          <Trackpoint>
            <Time>2026-06-17T20:51:25.000Z</Time>
            <Position>
              <LatitudeDegrees>43.12901068478823</LatitudeDegrees>
              <LongitudeDegrees>-2.5845132395625114</LongitudeDegrees>
            </Position>
            <AltitudeMeters>171.39999389648438</AltitudeMeters>
            <DistanceMeters>165.3800048828125</DistanceMeters>
            <HeartRateBpm>
              <Value>92</Value>
            </HeartRateBpm>
            <Extensions>
              <ns3:TPX>
                <ns3:Speed>1.38100004196167</ns3:Speed>
              </ns3:TPX>
            </Extensions>
          </Trackpoint>
          <Trackpoint>
            <Time>2026-06-17T20:51:26.000Z</Time>
            <Position>
              <LatitudeDegrees>43.12911939807236</LatitudeDegrees>
              <LongitudeDegrees>-2.58435339666903</LongitudeDegrees>
            </Position>
            <AltitudeMeters>171.39999389648438</AltitudeMeters>
            <DistanceMeters>166.33999633789062</DistanceMeters>
            <HeartRateBpm>
              <Value>95</Value>
            </HeartRateBpm>
            <Extensions>
              <ns3:TPX>
                <ns3:Speed>1.3250000476837158</ns3:Speed>
              </ns3:TPX>
            </Extensions>
          </Trackpoint>
          <Trackpoint>
            <Time>2026-06-17T20:51:27.000Z</Time>
            <Position>
              <LatitudeDegrees>43.12911629676819</LatitudeDegrees>
              <LongitudeDegrees>-2.584341075271368</LongitudeDegrees>
            </Position>
            <AltitudeMeters>171.1999969482422</AltitudeMeters>
            <DistanceMeters>167.08999633789062</DistanceMeters>
            <HeartRateBpm>
              <Value>93</Value>
            </HeartRateBpm>
            <Extensions>
              <ns3:TPX>
                <ns3:Speed>1.3250000476837158</ns3:Speed>
              </ns3:TPX>
            </Extensions>
          </Trackpoint>
          <Trackpoint>
            <Time>2026-06-17T20:51:31.000Z</Time>
            <Position>
              <LatitudeDegrees>43.12910011969507</LatitudeDegrees>
              <LongitudeDegrees>-2.5843279995024204</LongitudeDegrees>
            </Position>
            <AltitudeMeters>170.8000030517578</AltitudeMeters>
            <DistanceMeters>170.32000732421875</DistanceMeters>
            <HeartRateBpm>
              <Value>92</Value>
            </HeartRateBpm>
            <Extensions>
              <ns3:TPX>
                <ns3:Speed>1.277999997138977</ns3:Speed>
              </ns3:TPX>
            </Extensions>
          </Trackpoint>
          <Trackpoint>
            <Time>2026-06-17T20:51:32.000Z</Time>
            <Position>
              <LatitudeDegrees>43.12908494845033</LatitudeDegrees>
              <LongitudeDegrees>-2.584328083321452</LongitudeDegrees>
            </Position>
            <AltitudeMeters>170.39999389648438</AltitudeMeters>
            <DistanceMeters>170.64999389648438</DistanceMeters>
            <HeartRateBpm>
              <Value>91</Value>
            </HeartRateBpm>
            <Extensions>
              <ns3:TPX>
                <ns3:Speed>1.2970000505447388</ns3:Speed>
              </ns3:TPX>
            </Extensions>
          </Trackpoint>
          <Trackpoint>
            <Time>2026-06-17T20:51:33.000Z</Time>
            <Position>
              <LatitudeDegrees>43.12906960956752</LatitudeDegrees>
              <LongitudeDegrees>-2.58433286100626</LongitudeDegrees>
            </Position>
            <AltitudeMeters>170.0</AltitudeMeters>
            <DistanceMeters>170.82000732421875</DistanceMeters>
            <HeartRateBpm>
              <Value>93</Value>
            </HeartRateBpm>
            <Extensions>
              <ns3:TPX>
                <ns3:Speed>1.2970000505447388</ns3:Speed>
              </ns3:TPX>
            </Extensions>
          </Trackpoint>
          <Trackpoint>
            <Time>2026-06-17T20:51:34.000Z</Time>
            <Position>
              <LatitudeDegrees>43.12905091792345</LatitudeDegrees>
              <LongitudeDegrees>-2.5843379739671946</LongitudeDegrees>
            </Position>
            <AltitudeMeters>170.0</AltitudeMeters>
            <DistanceMeters>171.14999389648438</DistanceMeters>
            <HeartRateBpm>
              <Value>92</Value>
            </HeartRateBpm>
            <Extensions>
              <ns3:TPX>
                <ns3:Speed>1.25</ns3:Speed>
              </ns3:TPX>
            </Extensions>
          </Trackpoint>
          <Trackpoint>
            <Time>2026-06-17T20:51:36.000Z</Time>
            <Position>
              <LatitudeDegrees>43.12900456599891</LatitudeDegrees>
              <LongitudeDegrees>-2.584331100806594</LongitudeDegrees>
            </Position>
            <AltitudeMeters>170.1999969482422</AltitudeMeters>
            <DistanceMeters>172.49000549316406</DistanceMeters>
            <HeartRateBpm>
              <Value>93</Value>
            </HeartRateBpm>
            <Extensions>
              <ns3:TPX>
                <ns3:Speed>1.1380000114440918</ns3:Speed>
              </ns3:TPX>
            </Extensions>
          </Trackpoint>
          <Trackpoint>
            <Time>2026-06-17T20:51:39.000Z</Time>
            <Position>
              <LatitudeDegrees>43.12895360402763</LatitudeDegrees>
              <LongitudeDegrees>-2.58431576192379</LongitudeDegrees>
            </Position>
            <AltitudeMeters>170.39999389648438</AltitudeMeters>
            <DistanceMeters>175.9600067138672</DistanceMeters>
            <HeartRateBpm>
              <Value>92</Value>
            </HeartRateBpm>
            <Extensions>
              <ns3:TPX>
                <ns3:Speed>1.1100000143051147</ns3:Speed>
              </ns3:TPX>
            </Extensions>
          </Trackpoint>
          <Trackpoint>
            <Time>2026-06-17T20:51:40.000Z</Time>
            <Position>
              <LatitudeDegrees>43.12894245609641</LatitudeDegrees>
              <LongitudeDegrees>-2.5843020156025887</LongitudeDegrees>
            </Position>
            <AltitudeMeters>170.39999389648438</AltitudeMeters>
            <DistanceMeters>176.74000549316406</DistanceMeters>
            <HeartRateBpm>
              <Value>92</Value>
            </HeartRateBpm>
            <Extensions>
              <ns3:TPX>
                <ns3:Speed>1.1009999513626099</ns3:Speed>
              </ns3:TPX>
            </Extensions>
          </Trackpoint>
          <Trackpoint>
            <Time>2026-06-17T20:51:42.000Z</Time>
            <Position>
              <LatitudeDegrees>43.128926027566195</LatitudeDegrees>
              <LongitudeDegrees>-2.584265135228634</LongitudeDegrees>
            </Position>
            <AltitudeMeters>170.1999969482422</AltitudeMeters>
            <DistanceMeters>179.30999755859375</DistanceMeters>
            <HeartRateBpm>
              <Value>89</Value>
            </HeartRateBpm>
            <Extensions>
              <ns3:TPX>
                <ns3:Speed>1.0729999542236328</ns3:Speed>
              </ns3:TPX>
            </Extensions>
          </Trackpoint>
          <Trackpoint>
            <Time>2026-06-17T20:51:43.000Z</Time>
            <Position>
              <LatitudeDegrees>43.128917310386896</LatitudeDegrees>
              <LongitudeDegrees>-2.5842457730323076</LongitudeDegrees>
            </Position>
            <AltitudeMeters>170.1999969482422</AltitudeMeters>
            <DistanceMeters>180.89999389648438</DistanceMeters>
            <HeartRateBpm>
              <Value>92</Value>
            </HeartRateBpm>
            <Extensions>
              <ns3:TPX>
                <ns3:Speed>1.1009999513626099</ns3:Speed>
              </ns3:TPX>
            </Extensions>
          </Trackpoint>
          <Trackpoint>
            <Time>2026-06-17T20:51:44.000Z</Time>
            <Position>
              <LatitudeDegrees>43.12891119159758</LatitudeDegrees>
              <LongitudeDegrees>-2.5842257402837276</LongitudeDegrees>
            </Position>
            <AltitudeMeters>170.1999969482422</AltitudeMeters>
            <DistanceMeters>182.14999389648438</DistanceMeters>
            <HeartRateBpm>
              <Value>90</Value>
            </HeartRateBpm>
            <Extensions>
              <ns3:TPX>
                <ns3:Speed>1.1759999990463257</ns3:Speed>
              </ns3:TPX>
            </Extensions>
          </Trackpoint>
          <Trackpoint>
            <Time>2026-06-17T20:51:48.000Z</Time>
            <Position>
              <LatitudeDegrees>43.12890373170376</LatitudeDegrees>
              <LongitudeDegrees>-2.584027172997594</LongitudeDegrees>
            </Position>
            <AltitudeMeters>170.1999969482422</AltitudeMeters>
            <DistanceMeters>187.6999969482422</DistanceMeters>
            <HeartRateBpm>
              <Value>93</Value>
            </HeartRateBpm>
            <Extensions>
              <ns3:TPX>
                <ns3:Speed>1.2130000591278076</ns3:Speed>
              </ns3:TPX>
            </Extensions>
          </Trackpoint>
          <Trackpoint>
            <Time>2026-06-17T20:51:49.000Z</Time>
            <Position>
              <LatitudeDegrees>43.12890096567571</LatitudeDegrees>
              <LongitudeDegrees>-2.5839722715318203</LongitudeDegrees>
            </Position>
            <AltitudeMeters>170.1999969482422</AltitudeMeters>
            <DistanceMeters>189.00999450683594</DistanceMeters>
            <HeartRateBpm>
              <Value>90</Value>
            </HeartRateBpm>
            <Extensions>
              <ns3:TPX>
                <ns3:Speed>1.2130000591278076</ns3:Speed>
              </ns3:TPX>
            </Extensions>
          </Trackpoint>
          <Trackpoint>
            <Time>2026-06-17T20:51:50.000Z</Time>
            <Position>
              <LatitudeDegrees>43.128891326487064</LatitudeDegrees>
              <LongitudeDegrees>-2.58392047137022</LongitudeDegrees>
            </Position>
            <AltitudeMeters>170.1999969482422</AltitudeMeters>
            <DistanceMeters>189.00999450683594</DistanceMeters>
            <HeartRateBpm>
              <Value>93</Value>
            </HeartRateBpm>
            <Extensions>
              <ns3:TPX>
                <ns3:Speed>1.2130000591278076</ns3:Speed>
              </ns3:TPX>
            </Extensions>
          </Trackpoint>
          <Trackpoint>
            <Time>2026-06-17T20:51:51.000Z</Time>
            <Position>
              <LatitudeDegrees>43.12889451161027</LatitudeDegrees>
              <LongitudeDegrees>-2.5839001033455133</LongitudeDegrees>
            </Position>
            <AltitudeMeters>170.0</AltitudeMeters>
            <DistanceMeters>190.0800018310547</DistanceMeters>
            <HeartRateBpm>
              <Value>94</Value>
            </HeartRateBpm>
            <Extensions>
              <ns3:TPX>
                <ns3:Speed>1.25</ns3:Speed>
              </ns3:TPX>
            </Extensions>
          </Trackpoint>
          <Trackpoint>
            <Time>2026-06-17T20:51:53.000Z</Time>
            <Position>
              <LatitudeDegrees>43.12889258377254</LatitudeDegrees>
              <LongitudeDegrees>-2.5838484708219767</LongitudeDegrees>
            </Position>
            <AltitudeMeters>170.0</AltitudeMeters>
            <DistanceMeters>194.11000061035156</DistanceMeters>
            <HeartRateBpm>
              <Value>91</Value>
            </HeartRateBpm>
            <Extensions>
              <ns3:TPX>
                <ns3:Speed>1.277999997138977</ns3:Speed>
              </ns3:TPX>
            </Extensions>
          </Trackpoint>
          <Trackpoint>
            <Time>2026-06-17T20:51:55.000Z</Time>
            <Position>
              <LatitudeDegrees>43.12887975946069</LatitudeDegrees>
              <LongitudeDegrees>-2.5837952457368374</LongitudeDegrees>
            </Position>
            <AltitudeMeters>169.8000030517578</AltitudeMeters>
            <DistanceMeters>200.58999633789062</DistanceMeters>
            <HeartRateBpm>
              <Value>89</Value>
            </HeartRateBpm>
            <Extensions>
              <ns3:TPX>
                <ns3:Speed>1.2879999876022339</ns3:Speed>
              </ns3:TPX>
            </Extensions>
          </Trackpoint>
          <Trackpoint>
            <Time>2026-06-17T20:51:57.000Z</Time>
            <Position>
              <LatitudeDegrees>43.12887297011912</LatitudeDegrees>
              <LongitudeDegrees>-2.583767417818308</LongitudeDegrees>
            </Position>
            <AltitudeMeters>169.60000610351562</AltitudeMeters>
            <DistanceMeters>202.92999267578125</DistanceMeters>
            <HeartRateBpm>
              <Value>90</Value>
            </HeartRateBpm>
            <Extensions>
              <ns3:TPX>
                <ns3:Speed>1.2690000534057617</ns3:Speed>
              </ns3:TPX>
            </Extensions>
          </Trackpoint>
          <Trackpoint>
            <Time>2026-06-17T20:52:01.000Z</Time>
            <Position>
              <LatitudeDegrees>43.1288652587682</LatitudeDegrees>
              <LongitudeDegrees>-2.5837749615311623</LongitudeDegrees>
            </Position>
            <AltitudeMeters>169.60000610351562</AltitudeMeters>
            <DistanceMeters>205.1999969482422</DistanceMeters>
            <HeartRateBpm>
              <Value>92</Value>
            </HeartRateBpm>
            <Extensions>
              <ns3:TPX>
                <ns3:Speed>1.2319999933242798</ns3:Speed>
              </ns3:TPX>
            </Extensions>
          </Trackpoint>
          <Trackpoint>
            <Time>2026-06-17T20:52:02.000Z</Time>
            <Position>
              <LatitudeDegrees>43.128858637064695</LatitudeDegrees>
              <LongitudeDegrees>-2.5837726145982742</LongitudeDegrees>
            </Position>
            <AltitudeMeters>169.8000030517578</AltitudeMeters>
            <DistanceMeters>205.6300048828125</DistanceMeters>
            <HeartRateBpm>
              <Value>95</Value>
            </HeartRateBpm>
            <Extensions>
              <ns3:TPX>
                <ns3:Speed>1.194000005722046</ns3:Speed>
              </ns3:TPX>
            </Extensions>
          </Trackpoint>
          <Trackpoint>
            <Time>2026-06-17T20:52:04.000Z</Time>
            <Position>
              <LatitudeDegrees>43.1288446392864</LatitudeDegrees>
              <LongitudeDegrees>-2.5837431102991104</LongitudeDegrees>
            </Position>
            <AltitudeMeters>169.60000610351562</AltitudeMeters>
            <DistanceMeters>207.57000732421875</DistanceMeters>
            <HeartRateBpm>
              <Value>92</Value>
            </HeartRateBpm>
            <Extensions>
              <ns3:TPX>
                <ns3:Speed>1.1759999990463257</ns3:Speed>
              </ns3:TPX>
            </Extensions>
          </Trackpoint>
          <Trackpoint>
            <Time>2026-06-17T20:52:05.000Z</Time>
            <Position>
              <LatitudeDegrees>43.1288393586874</LatitudeDegrees>
              <LongitudeDegrees>-2.5837253406643867</LongitudeDegrees>
            </Position>
            <AltitudeMeters>169.60000610351562</AltitudeMeters>
            <DistanceMeters>208.47000122070312</DistanceMeters>
            <HeartRateBpm>
              <Value>92</Value>
            </HeartRateBpm>
            <Extensions>
              <ns3:TPX>
                <ns3:Speed>1.1480000019073486</ns3:Speed>
              </ns3:TPX>
            </Extensions>
          </Trackpoint>
          <Trackpoint>
            <Time>2026-06-17T20:52:06.000Z</Time>
            <Position>
              <LatitudeDegrees>43.128835167735815</LatitudeDegrees>
              <LongitudeDegrees>-2.583710588514805</LongitudeDegrees>
            </Position>
            <AltitudeMeters>169.60000610351562</AltitudeMeters>
            <DistanceMeters>210.0399932861328</DistanceMeters>
            <HeartRateBpm>
              <Value>92</Value>
            </HeartRateBpm>
            <Extensions>
              <ns3:TPX>
                <ns3:Speed>1.1660000085830688</ns3:Speed>
              </ns3:TPX>
            </Extensions>
          </Trackpoint>
          <Trackpoint>
            <Time>2026-06-17T20:52:10.000Z</Time>
            <Position>
              <LatitudeDegrees>43.12879962846637</LatitudeDegrees>
              <LongitudeDegrees>-2.583606904372573</LongitudeDegrees>
            </Position>
            <AltitudeMeters>169.60000610351562</AltitudeMeters>
            <DistanceMeters>218.19000244140625</DistanceMeters>
            <HeartRateBpm>
              <Value>89</Value>
            </HeartRateBpm>
            <Extensions>
              <ns3:TPX>
                <ns3:Speed>1.305999994277954</ns3:Speed>
              </ns3:TPX>
            </Extensions>
          </Trackpoint>
          <Trackpoint>
            <Time>2026-06-17T20:52:11.000Z</Time>
            <Position>
              <LatitudeDegrees>43.128788815811276</LatitudeDegrees>
              <LongitudeDegrees>-2.583582429215312</LongitudeDegrees>
            </Position>
            <AltitudeMeters>169.60000610351562</AltitudeMeters>
            <DistanceMeters>220.08999633789062</DistanceMeters>
            <HeartRateBpm>
              <Value>92</Value>
            </HeartRateBpm>
            <Extensions>
              <ns3:TPX>
                <ns3:Speed>1.343999981880188</ns3:Speed>
              </ns3:TPX>
            </Extensions>
          </Trackpoint>
          <Trackpoint>
            <Time>2026-06-17T20:52:13.000Z</Time>
            <Position>
              <LatitudeDegrees>43.12877775169909</LatitudeDegrees>
              <LongitudeDegrees>-2.5835406873375177</LongitudeDegrees>
            </Position>
            <AltitudeMeters>169.60000610351562</AltitudeMeters>
            <DistanceMeters>223.75</DistanceMeters>
            <HeartRateBpm>
              <Value>92</Value>
            </HeartRateBpm>
            <Extensions>
              <ns3:TPX>
                <ns3:Speed>1.371999979019165</ns3:Speed>
              </ns3:TPX>
            </Extensions>
          </Trackpoint>
          <Trackpoint>
            <Time>2026-06-17T20:52:14.000Z</Time>
            <Position>
              <LatitudeDegrees>43.128774063661695</LatitudeDegrees>
              <LongitudeDegrees>-2.583521995693445</LongitudeDegrees>
            </Position>
            <AltitudeMeters>169.60000610351562</AltitudeMeters>
            <DistanceMeters>225.91000366210938</DistanceMeters>
            <HeartRateBpm>
              <Value>92</Value>
            </HeartRateBpm>
            <Extensions>
              <ns3:TPX>
                <ns3:Speed>1.38100004196167</ns3:Speed>
              </ns3:TPX>
            </Extensions>
          </Trackpoint>
          <Trackpoint>
            <Time>2026-06-17T20:52:21.000Z</Time>
            <Position>
              <LatitudeDegrees>43.128782948479056</LatitudeDegrees>
              <LongitudeDegrees>-2.5833784975111485</LongitudeDegrees>
            </Position>
            <AltitudeMeters>169.39999389648438</AltitudeMeters>
            <DistanceMeters>239.0500030517578</DistanceMeters>
            <HeartRateBpm>
              <Value>91</Value>
            </HeartRateBpm>
            <Extensions>
              <ns3:TPX>
                <ns3:Speed>1.5210000276565552</ns3:Speed>
              </ns3:TPX>
            </Extensions>
          </Trackpoint>
          <Trackpoint>
            <Time>2026-06-17T20:52:24.000Z</Time>
            <Position>
              <LatitudeDegrees>43.12876299954951</LatitudeDegrees>
              <LongitudeDegrees>-2.5833461433649063</LongitudeDegrees>
            </Position>
            <AltitudeMeters>169.39999389648438</AltitudeMeters>
            <DistanceMeters>242.7899932861328</DistanceMeters>
            <HeartRateBpm>
              <Value>95</Value>
            </HeartRateBpm>
            <Extensions>
              <ns3:TPX>
                <ns3:Speed>1.399999976158142</ns3:Speed>
              </ns3:TPX>
            </Extensions>
          </Trackpoint>
          <Trackpoint>
            <Time>2026-06-17T20:52:27.000Z</Time>
            <Position>
              <LatitudeDegrees>43.128716731444</LatitudeDegrees>
              <LongitudeDegrees>-2.583319740369916</LongitudeDegrees>
            </Position>
            <AltitudeMeters>169.8000030517578</AltitudeMeters>
            <DistanceMeters>246.99000549316406</DistanceMeters>
            <HeartRateBpm>
              <Value>96</Value>
            </HeartRateBpm>
            <Extensions>
              <ns3:TPX>
                <ns3:Speed>1.399999976158142</ns3:Speed>
              </ns3:TPX>
            </Extensions>
          </Trackpoint>
          <Trackpoint>
            <Time>2026-06-17T20:52:32.000Z</Time>
            <Position>
              <LatitudeDegrees>43.12864565290511</LatitudeDegrees>
              <LongitudeDegrees>-2.5832500867545605</LongitudeDegrees>
            </Position>
            <AltitudeMeters>170.39999389648438</AltitudeMeters>
            <DistanceMeters>257.0199890136719</DistanceMeters>
            <HeartRateBpm>
              <Value>96</Value>
            </HeartRateBpm>
            <Extensions>
              <ns3:TPX>
                <ns3:Speed>1.5490000247955322</ns3:Speed>
              </ns3:TPX>
            </Extensions>
          </Trackpoint>
          <Trackpoint>
            <Time>2026-06-17T20:52:34.000Z</Time>
            <Position>
              <LatitudeDegrees>43.12862226739526</LatitudeDegrees>
              <LongitudeDegrees>-2.583225443959236</LongitudeDegrees>
            </Position>
            <AltitudeMeters>170.0</AltitudeMeters>
            <DistanceMeters>260.6300048828125</DistanceMeters>
            <HeartRateBpm>
              <Value>95</Value>
            </HeartRateBpm>
            <Extensions>
              <ns3:TPX>
                <ns3:Speed>1.5490000247955322</ns3:Speed>
              </ns3:TPX>
            </Extensions>
          </Trackpoint>
          <Trackpoint>
            <Time>2026-06-17T20:52:35.000Z</Time>
            <Position>
              <LatitudeDegrees>43.12861204147339</LatitudeDegrees>
              <LongitudeDegrees>-2.5832096859812737</LongitudeDegrees>
            </Position>
            <AltitudeMeters>170.0</AltitudeMeters>
            <DistanceMeters>262.2699890136719</DistanceMeters>
            <HeartRateBpm>
              <Value>94</Value>
            </HeartRateBpm>
            <Extensions>
              <ns3:TPX>
                <ns3:Speed>1.5770000219345093</ns3:Speed>
              </ns3:TPX>
            </Extensions>
          </Trackpoint>
          <Trackpoint>
            <Time>2026-06-17T20:52:40.000Z</Time>
            <Position>
              <LatitudeDegrees>43.12859125435352</LatitudeDegrees>
              <LongitudeDegrees>-2.583130896091461</LongitudeDegrees>
            </Position>
            <AltitudeMeters>169.1999969482422</AltitudeMeters>
            <DistanceMeters>271.45001220703125</DistanceMeters>
            <HeartRateBpm>
              <Value>95</Value>
            </HeartRateBpm>
            <Extensions>
              <ns3:TPX>
                <ns3:Speed>1.7910000085830688</ns3:Speed>
              </ns3:TPX>
            </Extensions>
          </Trackpoint>
          <Trackpoint>
            <Time>2026-06-17T20:52:43.000Z</Time>
            <Position>
              <LatitudeDegrees>43.12858656048775</LatitudeDegrees>
              <LongitudeDegrees>-2.583098541945219</LongitudeDegrees>
            </Position>
            <AltitudeMeters>169.0</AltitudeMeters>
            <DistanceMeters>273.75</DistanceMeters>
            <HeartRateBpm>
              <Value>94</Value>
            </HeartRateBpm>
            <Extensions>
              <ns3:TPX>
                <ns3:Speed>1.5770000219345093</ns3:Speed>
              </ns3:TPX>
            </Extensions>
          </Trackpoint>
          <Trackpoint>
            <Time>2026-06-17T20:52:46.000Z</Time>
            <Position>
              <LatitudeDegrees>43.12858337536454</LatitudeDegrees>
              <LongitudeDegrees>-2.5830634217709303</LongitudeDegrees>
            </Position>
            <AltitudeMeters>168.8000030517578</AltitudeMeters>
            <DistanceMeters>277.0899963378906</DistanceMeters>
            <HeartRateBpm>
              <Value>95</Value>
            </HeartRateBpm>
            <Extensions>
              <ns3:TPX>
                <ns3:Speed>1.4839999675750732</ns3:Speed>
              </ns3:TPX>
            </Extensions>
          </Trackpoint>
          <Trackpoint>
            <Time>2026-06-17T20:52:54.000Z</Time>
            <Position>
              <LatitudeDegrees>43.12862486578524</LatitudeDegrees>
              <LongitudeDegrees>-2.5829723943024874</LongitudeDegrees>
            </Position>
            <AltitudeMeters>168.60000610351562</AltitudeMeters>
            <DistanceMeters>287.3800048828125</DistanceMeters>
            <HeartRateBpm>
              <Value>94</Value>
            </HeartRateBpm>
            <Extensions>
              <ns3:TPX>
                <ns3:Speed>1.4930000305175781</ns3:Speed>
              </ns3:TPX>
            </Extensions>
          </Trackpoint>
          <Trackpoint>
            <Time>2026-06-17T20:52:56.000Z</Time>
            <Position>
              <LatitudeDegrees>43.12862595543265</LatitudeDegrees>
              <LongitudeDegrees>-2.582934172824025</LongitudeDegrees>
            </Position>
            <AltitudeMeters>168.60000610351562</AltitudeMeters>
            <DistanceMeters>290.25</DistanceMeters>
            <HeartRateBpm>
              <Value>96</Value>
            </HeartRateBpm>
            <Extensions>
              <ns3:TPX>
                <ns3:Speed>1.465000033378601</ns3:Speed>
              </ns3:TPX>
            </Extensions>
          </Trackpoint>
          <Trackpoint>
            <Time>2026-06-17T20:52:58.000Z</Time>
            <Position>
              <LatitudeDegrees>43.12862620688975</LatitudeDegrees>
              <LongitudeDegrees>-2.5828998908400536</LongitudeDegrees>
            </Position>
            <AltitudeMeters>168.60000610351562</AltitudeMeters>
            <DistanceMeters>292.7200012207031</DistanceMeters>
            <HeartRateBpm>
              <Value>94</Value>
            </HeartRateBpm>
            <Extensions>
              <ns3:TPX>
                <ns3:Speed>1.5119999647140503</ns3:Speed>
              </ns3:TPX>
            </Extensions>
          </Trackpoint>
          <Trackpoint>
            <Time>2026-06-17T20:53:00.000Z</Time>
            <Position>
              <LatitudeDegrees>43.12863148748875</LatitudeDegrees>
              <LongitudeDegrees>-2.5828592386096716</LongitudeDegrees>
            </Position>
            <AltitudeMeters>168.39999389648438</AltitudeMeters>
            <DistanceMeters>296.07000732421875</DistanceMeters>
            <HeartRateBpm>
              <Value>93</Value>
            </HeartRateBpm>
            <Extensions>
              <ns3:TPX>
                <ns3:Speed>1.5770000219345093</ns3:Speed>
              </ns3:TPX>
            </Extensions>
          </Trackpoint>
          <Trackpoint>
            <Time>2026-06-17T20:53:01.000Z</Time>
            <Position>
              <LatitudeDegrees>43.12863492406905</LatitudeDegrees>
              <LongitudeDegrees>-2.582842390984297</LongitudeDegrees>
            </Position>
            <AltitudeMeters>168.39999389648438</AltitudeMeters>
            <DistanceMeters>297.70001220703125</DistanceMeters>
            <HeartRateBpm>
              <Value>96</Value>
            </HeartRateBpm>
            <Extensions>
              <ns3:TPX>
                <ns3:Speed>1.6050000190734863</ns3:Speed>
              </ns3:TPX>
            </Extensions>
          </Trackpoint>
          <Trackpoint>
            <Time>2026-06-17T20:53:04.000Z</Time>
            <Position>
              <LatitudeDegrees>43.12864925712347</LatitudeDegrees>
              <LongitudeDegrees>-2.582794614136219</LongitudeDegrees>
            </Position>
            <AltitudeMeters>168.39999389648438</AltitudeMeters>
            <DistanceMeters>302.010009765625</DistanceMeters>
            <HeartRateBpm>
              <Value>97</Value>
            </HeartRateBpm>
            <Extensions>
              <ns3:TPX>
                <ns3:Speed>1.6419999599456787</ns3:Speed>
              </ns3:TPX>
            </Extensions>
          </Trackpoint>
          <Trackpoint>
            <Time>2026-06-17T20:53:05.000Z</Time>
            <Position>
              <LatitudeDegrees>43.12865160405636</LatitudeDegrees>
              <LongitudeDegrees>-2.5827800296247005</LongitudeDegrees>
            </Position>
            <AltitudeMeters>168.1999969482422</AltitudeMeters>
            <DistanceMeters>303.0299987792969</DistanceMeters>
            <HeartRateBpm>
              <Value>96</Value>
            </HeartRateBpm>
            <Extensions>
              <ns3:TPX>
                <ns3:Speed>1.6330000162124634</ns3:Speed>
              </ns3:TPX>
            </Extensions>
          </Trackpoint>
          <Trackpoint>
            <Time>2026-06-17T20:53:06.000Z</Time>
            <Position>
              <LatitudeDegrees>43.128652861341834</LatitudeDegrees>
              <LongitudeDegrees>-2.5827688816934824</LongitudeDegrees>
            </Position>
            <AltitudeMeters>168.1999969482422</AltitudeMeters>
            <DistanceMeters>303.8299865722656</DistanceMeters>
            <HeartRateBpm>
              <Value>97</Value>
            </HeartRateBpm>
            <Extensions>
              <ns3:TPX>
                <ns3:Speed>1.6050000190734863</ns3:Speed>
              </ns3:TPX>
            </Extensions>
          </Trackpoint>
          <Trackpoint>
            <Time>2026-06-17T20:53:08.000Z</Time>
            <Position>
              <LatitudeDegrees>43.12865411862731</LatitudeDegrees>
              <LongitudeDegrees>-2.5827511120587587</LongitudeDegrees>
            </Position>
            <AltitudeMeters>168.1999969482422</AltitudeMeters>
            <DistanceMeters>304.510009765625</DistanceMeters>
            <HeartRateBpm>
              <Value>98</Value>
            </HeartRateBpm>
            <Extensions>
              <ns3:TPX>
                <ns3:Speed>1.4739999771118164</ns3:Speed>
              </ns3:TPX>
            </Extensions>
          </Trackpoint>
          <Trackpoint>
            <Time>2026-06-17T20:53:12.000Z</Time>
            <Position>
              <LatitudeDegrees>43.12864682637155</LatitudeDegrees>
              <LongitudeDegrees>-2.5826861523091793</LongitudeDegrees>
            </Position>
            <AltitudeMeters>167.8000030517578</AltitudeMeters>
            <DistanceMeters>308.2699890136719</DistanceMeters>
            <HeartRateBpm>
              <Value>97</Value>
            </HeartRateBpm>
            <Extensions>
              <ns3:TPX>
                <ns3:Speed>1.3530000448226929</ns3:Speed>
              </ns3:TPX>
            </Extensions>
          </Trackpoint>
          <Trackpoint>
            <Time>2026-06-17T20:53:20.000Z</Time>
            <Position>
              <LatitudeDegrees>43.12861447222531</LatitudeDegrees>
              <LongitudeDegrees>-2.5825639441609383</LongitudeDegrees>
            </Position>
            <AltitudeMeters>167.60000610351562</AltitudeMeters>
            <DistanceMeters>320.6600036621094</DistanceMeters>
            <HeartRateBpm>
              <Value>94</Value>
            </HeartRateBpm>
            <Extensions>
              <ns3:TPX>
                <ns3:Speed>1.5119999647140503</ns3:Speed>
              </ns3:TPX>
            </Extensions>
          </Trackpoint>
          <Trackpoint>
            <Time>2026-06-17T20:53:26.000Z</Time>
            <Position>
              <LatitudeDegrees>43.128604497760534</LatitudeDegrees>
              <LongitudeDegrees>-2.5824643671512604</LongitudeDegrees>
            </Position>
            <AltitudeMeters>167.60000610351562</AltitudeMeters>
            <DistanceMeters>328.1099853515625</DistanceMeters>
            <HeartRateBpm>
              <Value>94</Value>
            </HeartRateBpm>
            <Extensions>
              <ns3:TPX>
                <ns3:Speed>1.38100004196167</ns3:Speed>
              </ns3:TPX>
            </Extensions>
          </Trackpoint>
          <Trackpoint>
            <Time>2026-06-17T20:53:28.000Z</Time>
            <Position>
              <LatitudeDegrees>43.12860039062798</LatitudeDegrees>
              <LongitudeDegrees>-2.5824198592454195</LongitudeDegrees>
            </Position>
            <AltitudeMeters>167.8000030517578</AltitudeMeters>
            <DistanceMeters>331.17999267578125</DistanceMeters>
            <HeartRateBpm>
              <Value>97</Value>
            </HeartRateBpm>
            <Extensions>
              <ns3:TPX>
                <ns3:Speed>1.399999976158142</ns3:Speed>
              </ns3:TPX>
            </Extensions>
          </Trackpoint>
          <Trackpoint>
            <Time>2026-06-17T20:53:32.000Z</Time>
            <Position>
              <LatitudeDegrees>43.12859879806638</LatitudeDegrees>
              <LongitudeDegrees>-2.582357246428728</LongitudeDegrees>
            </Position>
            <AltitudeMeters>167.8000030517578</AltitudeMeters>
            <DistanceMeters>336.6600036621094</DistanceMeters>
            <HeartRateBpm>
              <Value>97</Value>
            </HeartRateBpm>
            <Extensions>
              <ns3:TPX>
                <ns3:Speed>1.437000036239624</ns3:Speed>
              </ns3:TPX>
            </Extensions>
          </Trackpoint>
          <Trackpoint>
            <Time>2026-06-17T20:53:38.000Z</Time>
            <Position>
              <LatitudeDegrees>43.12858044169843</LatitudeDegrees>
              <LongitudeDegrees>-2.5822587590664625</LongitudeDegrees>
            </Position>
            <AltitudeMeters>167.39999389648438</AltitudeMeters>
            <DistanceMeters>344.2200012207031</DistanceMeters>
            <HeartRateBpm>
              <Value>99</Value>
            </HeartRateBpm>
            <Extensions>
              <ns3:TPX>
                <ns3:Speed>1.4179999828338623</ns3:Speed>
              </ns3:TPX>
            </Extensions>
          </Trackpoint>
          <Trackpoint>
            <Time>2026-06-17T20:53:40.000Z</Time>
            <Position>
              <LatitudeDegrees>43.12856568954885</LatitudeDegrees>
              <LongitudeDegrees>-2.582218861207366</LongitudeDegrees>
            </Position>
            <AltitudeMeters>167.1999969482422</AltitudeMeters>
            <DistanceMeters>346.1600036621094</DistanceMeters>
            <HeartRateBpm>
              <Value>95</Value>
            </HeartRateBpm>
            <Extensions>
              <ns3:TPX>
                <ns3:Speed>1.3250000476837158</ns3:Speed>
              </ns3:TPX>
            </Extensions>
          </Trackpoint>
          <Trackpoint>
            <Time>2026-06-17T20:53:42.000Z</Time>
            <Position>
              <LatitudeDegrees>43.1285563018173</LatitudeDegrees>
              <LongitudeDegrees>-2.5821860879659653</LongitudeDegrees>
            </Position>
            <AltitudeMeters>167.1999969482422</AltitudeMeters>
            <DistanceMeters>348.67999267578125</DistanceMeters>
            <HeartRateBpm>
              <Value>92</Value>
            </HeartRateBpm>
            <Extensions>
              <ns3:TPX>
                <ns3:Speed>1.2879999876022339</ns3:Speed>
              </ns3:TPX>
            </Extensions>
          </Trackpoint>
          <Trackpoint>
            <Time>2026-06-17T20:53:43.000Z</Time>
            <Position>
              <LatitudeDegrees>43.128552781417966</LatitudeDegrees>
              <LongitudeDegrees>-2.5821700785309076</LongitudeDegrees>
            </Position>
            <AltitudeMeters>167.39999389648438</AltitudeMeters>
            <DistanceMeters>350.5199890136719</DistanceMeters>
            <HeartRateBpm>
              <Value>93</Value>
            </HeartRateBpm>
            <Extensions>
              <ns3:TPX>
                <ns3:Speed>1.2879999876022339</ns3:Speed>
              </ns3:TPX>
            </Extensions>
          </Trackpoint>
          <Trackpoint>
            <Time>2026-06-17T20:53:46.000Z</Time>
            <Position>
              <LatitudeDegrees>43.128546327352524</LatitudeDegrees>
              <LongitudeDegrees>-2.5821135006844997</LongitudeDegrees>
            </Position>
            <AltitudeMeters>167.39999389648438</AltitudeMeters>
            <DistanceMeters>355.3900146484375</DistanceMeters>
            <HeartRateBpm>
              <Value>93</Value>
            </HeartRateBpm>
            <Extensions>
              <ns3:TPX>
                <ns3:Speed>1.305999994277954</ns3:Speed>
              </ns3:TPX>
            </Extensions>
          </Trackpoint>
          <Trackpoint>
            <Time>2026-06-17T20:53:54.000Z</Time>
            <Position>
              <LatitudeDegrees>43.12854087911546</LatitudeDegrees>
              <LongitudeDegrees>-2.5819555018097162</LongitudeDegrees>
            </Position>
            <AltitudeMeters>167.60000610351562</AltitudeMeters>
            <DistanceMeters>368.67999267578125</DistanceMeters>
            <HeartRateBpm>
              <Value>92</Value>
            </HeartRateBpm>
            <Extensions>
              <ns3:TPX>
                <ns3:Speed>1.3619999885559082</ns3:Speed>
              </ns3:TPX>
            </Extensions>
          </Trackpoint>
          <Trackpoint>
            <Time>2026-06-17T20:54:03.000Z</Time>
            <Position>
              <LatitudeDegrees>43.12853869982064</LatitudeDegrees>
              <LongitudeDegrees>-2.5817975029349327</LongitudeDegrees>
            </Position>
            <AltitudeMeters>167.39999389648438</AltitudeMeters>
            <DistanceMeters>382.8399963378906</DistanceMeters>
            <HeartRateBpm>
              <Value>92</Value>
            </HeartRateBpm>
            <Extensions>
              <ns3:TPX>
                <ns3:Speed>1.437000036239624</ns3:Speed>
              </ns3:TPX>
            </Extensions>
          </Trackpoint>
          <Trackpoint>
            <Time>2026-06-17T20:54:11.000Z</Time>
            <Position>
              <LatitudeDegrees>43.1285578943789</LatitudeDegrees>
              <LongitudeDegrees>-2.5816621351987123</LongitudeDegrees>
            </Position>
            <AltitudeMeters>167.39999389648438</AltitudeMeters>
            <DistanceMeters>394.7200012207031</DistanceMeters>
            <HeartRateBpm>
              <Value>91</Value>
            </HeartRateBpm>
            <Extensions>
              <ns3:TPX>
                <ns3:Speed>1.5210000276565552</ns3:Speed>
              </ns3:TPX>
            </Extensions>
          </Trackpoint>
          <Trackpoint>
            <Time>2026-06-17T20:54:16.000Z</Time>
            <Position>
              <LatitudeDegrees>43.12856074422598</LatitudeDegrees>
              <LongitudeDegrees>-2.581536155194044</LongitudeDegrees>
            </Position>
            <AltitudeMeters>167.1999969482422</AltitudeMeters>
            <DistanceMeters>404.239990234375</DistanceMeters>
            <HeartRateBpm>
              <Value>90</Value>
            </HeartRateBpm>
            <Extensions>
              <ns3:TPX>
                <ns3:Speed>1.5679999589920044</ns3:Speed>
              </ns3:TPX>
            </Extensions>
          </Trackpoint>
          <Trackpoint>
            <Time>2026-06-17T20:54:17.000Z</Time>
            <Position>
              <LatitudeDegrees>43.12856283970177</LatitudeDegrees>
              <LongitudeDegrees>-2.5815200619399548</LongitudeDegrees>
            </Position>
            <AltitudeMeters>167.1999969482422</AltitudeMeters>
            <DistanceMeters>405.8999938964844</DistanceMeters>
            <HeartRateBpm>
              <Value>90</Value>
            </HeartRateBpm>
            <Extensions>
              <ns3:TPX>
                <ns3:Speed>1.5859999656677246</ns3:Speed>
              </ns3:TPX>
            </Extensions>
          </Trackpoint>
          <Trackpoint>
            <Time>2026-06-17T20:54:24.000Z</Time>
            <Position>
              <LatitudeDegrees>43.128594690933824</LatitudeDegrees>
              <LongitudeDegrees>-2.5813795812427998</LongitudeDegrees>
            </Position>
            <AltitudeMeters>167.1999969482422</AltitudeMeters>
            <DistanceMeters>417.8599853515625</DistanceMeters>
            <HeartRateBpm>
              <Value>91</Value>
            </HeartRateBpm>
            <Extensions>
              <ns3:TPX>
                <ns3:Speed>1.6239999532699585</ns3:Speed>
              </ns3:TPX>
            </Extensions>
          </Trackpoint>
          <Trackpoint>
            <Time>2026-06-17T20:54:25.000Z</Time>
            <Position>
              <LatitudeDegrees>43.12859997153282</LatitudeDegrees>
              <LongitudeDegrees>-2.5813560280948877</LongitudeDegrees>
            </Position>
            <AltitudeMeters>167.1999969482422</AltitudeMeters>
            <DistanceMeters>419.5899963378906</DistanceMeters>
            <HeartRateBpm>
              <Value>92</Value>
            </HeartRateBpm>
            <Extensions>
              <ns3:TPX>
                <ns3:Speed>1.6239999532699585</ns3:Speed>
              </ns3:TPX>
            </Extensions>
          </Trackpoint>
          <Trackpoint>
            <Time>2026-06-17T20:54:30.000Z</Time>
            <Position>
              <LatitudeDegrees>43.12862721271813</LatitudeDegrees>
              <LongitudeDegrees>-2.5812774058431387</LongitudeDegrees>
            </Position>
            <AltitudeMeters>167.1999969482422</AltitudeMeters>
            <DistanceMeters>428.54998779296875</DistanceMeters>
            <HeartRateBpm>
              <Value>91</Value>
            </HeartRateBpm>
            <Extensions>
              <ns3:TPX>
                <ns3:Speed>1.6610000133514404</ns3:Speed>
              </ns3:TPX>
            </Extensions>
          </Trackpoint>
          <Trackpoint>
            <Time>2026-06-17T20:54:34.000Z</Time>
            <Position>
              <LatitudeDegrees>43.12863752245903</LatitudeDegrees>
              <LongitudeDegrees>-2.5812339037656784</LongitudeDegrees>
            </Position>
            <AltitudeMeters>167.0</AltitudeMeters>
            <DistanceMeters>433.9700012207031</DistanceMeters>
            <HeartRateBpm>
              <Value>89</Value>
            </HeartRateBpm>
            <Extensions>
              <ns3:TPX>
                <ns3:Speed>1.6610000133514404</ns3:Speed>
              </ns3:TPX>
            </Extensions>
          </Trackpoint>
          <Trackpoint>
            <Time>2026-06-17T20:54:37.000Z</Time>
            <Position>
              <LatitudeDegrees>43.12866451218724</LatitudeDegrees>
              <LongitudeDegrees>-2.5811714585870504</LongitudeDegrees>
            </Position>
            <AltitudeMeters>166.8000030517578</AltitudeMeters>
            <DistanceMeters>438.32000732421875</DistanceMeters>
            <HeartRateBpm>
              <Value>90</Value>
            </HeartRateBpm>
            <Extensions>
              <ns3:TPX>
                <ns3:Speed>1.6519999504089355</ns3:Speed>
              </ns3:TPX>
            </Extensions>
          </Trackpoint>
          <Trackpoint>
            <Time>2026-06-17T20:54:39.000Z</Time>
            <Position>
              <LatitudeDegrees>43.12869485467672</LatitudeDegrees>
              <LongitudeDegrees>-2.5811420381069183</LongitudeDegrees>
            </Position>
            <AltitudeMeters>166.8000030517578</AltitudeMeters>
            <DistanceMeters>441.45001220703125</DistanceMeters>
            <HeartRateBpm>
              <Value>94</Value>
            </HeartRateBpm>
            <Extensions>
              <ns3:TPX>
                <ns3:Speed>1.6699999570846558</ns3:Speed>
              </ns3:TPX>
            </Extensions>
          </Trackpoint>
          <Trackpoint>
            <Time>2026-06-17T20:54:42.000Z</Time>
            <Position>
              <LatitudeDegrees>43.128732489421964</LatitudeDegrees>
              <LongitudeDegrees>-2.581090908497572</LongitudeDegrees>
            </Position>
            <AltitudeMeters>166.8000030517578</AltitudeMeters>
            <DistanceMeters>446.3800048828125</DistanceMeters>
            <HeartRateBpm>
              <Value>92</Value>
            </HeartRateBpm>
            <Extensions>
              <ns3:TPX>
                <ns3:Speed>1.6610000133514404</ns3:Speed>
              </ns3:TPX>
            </Extensions>
          </Trackpoint>
          <Trackpoint>
            <Time>2026-06-17T20:54:49.000Z</Time>
            <Position>
              <LatitudeDegrees>43.12879191711545</LatitudeDegrees>
              <LongitudeDegrees>-2.580983955413103</LongitudeDegrees>
            </Position>
            <AltitudeMeters>166.8000030517578</AltitudeMeters>
            <DistanceMeters>459.4200134277344</DistanceMeters>
            <HeartRateBpm>
              <Value>94</Value>
            </HeartRateBpm>
            <Extensions>
              <ns3:TPX>
                <ns3:Speed>1.6890000104904175</ns3:Speed>
              </ns3:TPX>
            </Extensions>
          </Trackpoint>
          <Trackpoint>
            <Time>2026-06-17T20:54:53.000Z</Time>
            <Position>
              <LatitudeDegrees>43.12881982885301</LatitudeDegrees>
              <LongitudeDegrees>-2.5809122063219547</LongitudeDegrees>
            </Position>
            <AltitudeMeters>166.60000610351562</AltitudeMeters>
            <DistanceMeters>466.29998779296875</DistanceMeters>
            <HeartRateBpm>
              <Value>97</Value>
            </HeartRateBpm>
            <Extensions>
              <ns3:TPX>
                <ns3:Speed>1.7079999446868896</ns3:Speed>
              </ns3:TPX>
            </Extensions>
          </Trackpoint>
          <Trackpoint>
            <Time>2026-06-17T20:54:58.000Z</Time>
            <Position>
              <LatitudeDegrees>43.12885888852179</LatitudeDegrees>
              <LongitudeDegrees>-2.5808359310030937</LongitudeDegrees>
            </Position>
            <AltitudeMeters>166.8000030517578</AltitudeMeters>
            <DistanceMeters>474.3699951171875</DistanceMeters>
            <HeartRateBpm>
              <Value>97</Value>
            </HeartRateBpm>
            <Extensions>
              <ns3:TPX>
                <ns3:Speed>1.7079999446868896</ns3:Speed>
              </ns3:TPX>
            </Extensions>
          </Trackpoint>
          <Trackpoint>
            <Time>2026-06-17T20:54:59.000Z</Time>
            <Position>
              <LatitudeDegrees>43.12886634841561</LatitudeDegrees>
              <LongitudeDegrees>-2.5808233581483364</LongitudeDegrees>
            </Position>
            <AltitudeMeters>167.0</AltitudeMeters>
            <DistanceMeters>475.9700012207031</DistanceMeters>
            <HeartRateBpm>
              <Value>102</Value>
            </HeartRateBpm>
            <Extensions>
              <ns3:TPX>
                <ns3:Speed>1.7170000076293945</ns3:Speed>
              </ns3:TPX>
            </Extensions>
          </Trackpoint>
          <Trackpoint>
            <Time>2026-06-17T20:55:00.000Z</Time>
            <Position>
              <LatitudeDegrees>43.12887531705201</LatitudeDegrees>
              <LongitudeDegrees>-2.5808118749409914</LongitudeDegrees>
            </Position>
            <AltitudeMeters>166.8000030517578</AltitudeMeters>
            <DistanceMeters>477.79998779296875</DistanceMeters>
            <HeartRateBpm>
              <Value>102</Value>
            </HeartRateBpm>
            <Extensions>
              <ns3:TPX>
                <ns3:Speed>1.7170000076293945</ns3:Speed>
              </ns3:TPX>
            </Extensions>
          </Trackpoint>
          <Trackpoint>
            <Time>2026-06-17T20:55:05.000Z</Time>
            <Position>
              <LatitudeDegrees>43.12890917994082</LatitudeDegrees>
              <LongitudeDegrees>-2.5807223562151194</LongitudeDegrees>
            </Position>
            <AltitudeMeters>167.0</AltitudeMeters>
            <DistanceMeters>486.9599914550781</DistanceMeters>
            <HeartRateBpm>
              <Value>100</Value>
            </HeartRateBpm>
            <Extensions>
              <ns3:TPX>
                <ns3:Speed>1.7359999418258667</ns3:Speed>
              </ns3:TPX>
            </Extensions>
          </Trackpoint>
          <Trackpoint>
            <Time>2026-06-17T20:55:11.000Z</Time>
            <Position>
              <LatitudeDegrees>43.128953855484724</LatitudeDegrees>
              <LongitudeDegrees>-2.5806330051273108</LongitudeDegrees>
            </Position>
            <AltitudeMeters>166.8000030517578</AltitudeMeters>
            <DistanceMeters>495.7300109863281</DistanceMeters>
            <HeartRateBpm>
              <Value>104</Value>
            </HeartRateBpm>
            <Extensions>
              <ns3:TPX>
                <ns3:Speed>1.7259999513626099</ns3:Speed>
              </ns3:TPX>
            </Extensions>
          </Trackpoint>
          <Trackpoint>
            <Time>2026-06-17T20:55:14.000Z</Time>
            <Position>
              <LatitudeDegrees>43.12898067757487</LatitudeDegrees>
              <LongitudeDegrees>-2.5805927719920874</LongitudeDegrees>
            </Position>
            <AltitudeMeters>166.60000610351562</AltitudeMeters>
            <DistanceMeters>500.510009765625</DistanceMeters>
            <HeartRateBpm>
              <Value>100</Value>
            </HeartRateBpm>
            <Extensions>
              <ns3:TPX>
                <ns3:Speed>1.7259999513626099</ns3:Speed>
              </ns3:TPX>
            </Extensions>
          </Trackpoint>
          <Trackpoint>
            <Time>2026-06-17T20:55:15.000Z</Time>
            <Position>
              <LatitudeDegrees>43.12898729927838</LatitudeDegrees>
              <LongitudeDegrees>-2.5805770978331566</LongitudeDegrees>
            </Position>
            <AltitudeMeters>166.60000610351562</AltitudeMeters>
            <DistanceMeters>501.489990234375</DistanceMeters>
            <HeartRateBpm>
              <Value>100</Value>
            </HeartRateBpm>
            <Extensions>
              <ns3:TPX>
                <ns3:Speed>1.7259999513626099</ns3:Speed>
              </ns3:TPX>
            </Extensions>
          </Trackpoint>
          <Trackpoint>
            <Time>2026-06-17T20:55:19.000Z</Time>
            <Position>
              <LatitudeDegrees>43.12900984659791</LatitudeDegrees>
              <LongitudeDegrees>-2.5805023312568665</LongitudeDegrees>
            </Position>
            <AltitudeMeters>166.39999389648438</AltitudeMeters>
            <DistanceMeters>507.3299865722656</DistanceMeters>
            <HeartRateBpm>
              <Value>97</Value>
            </HeartRateBpm>
            <Extensions>
              <ns3:TPX>
                <ns3:Speed>1.7079999446868896</ns3:Speed>
              </ns3:TPX>
            </Extensions>
          </Trackpoint>
          <Trackpoint>
            <Time>2026-06-17T20:55:20.000Z</Time>
            <Position>
              <LatitudeDegrees>43.129015378654</LatitudeDegrees>
              <LongitudeDegrees>-2.580489842221141</LongitudeDegrees>
            </Position>
            <AltitudeMeters>166.39999389648438</AltitudeMeters>
            <DistanceMeters>508.6499938964844</DistanceMeters>
            <HeartRateBpm>
              <Value>98</Value>
            </HeartRateBpm>
            <Extensions>
              <ns3:TPX>
                <ns3:Speed>1.7079999446868896</ns3:Speed>
              </ns3:TPX>
            </Extensions>
          </Trackpoint>
          <Trackpoint>
            <Time>2026-06-17T20:55:22.000Z</Time>
            <Position>
              <LatitudeDegrees>43.12902837060392</LatitudeDegrees>
              <LongitudeDegrees>-2.580454722046852</LongitudeDegrees>
            </Position>
            <AltitudeMeters>166.1999969482422</AltitudeMeters>
            <DistanceMeters>511.5899963378906</DistanceMeters>
            <HeartRateBpm>
              <Value>99</Value>
            </HeartRateBpm>
            <Extensions>
              <ns3:TPX>
                <ns3:Speed>1.7079999446868896</ns3:Speed>
              </ns3:TPX>
            </Extensions>
          </Trackpoint>
          <Trackpoint>
            <Time>2026-06-17T20:55:23.000Z</Time>
            <Position>
              <LatitudeDegrees>43.129037003964186</LatitudeDegrees>
              <LongitudeDegrees>-2.5804357789456844</LongitudeDegrees>
            </Position>
            <AltitudeMeters>166.1999969482422</AltitudeMeters>
            <DistanceMeters>513.5999755859375</DistanceMeters>
            <HeartRateBpm>
              <Value>99</Value>
            </HeartRateBpm>
            <Extensions>
              <ns3:TPX>
                <ns3:Speed>1.6979999542236328</ns3:Speed>
              </ns3:TPX>
            </Extensions>
          </Trackpoint>
          <Trackpoint>
            <Time>2026-06-17T20:55:30.000Z</Time>
            <Position>
              <LatitudeDegrees>43.12907765619457</LatitudeDegrees>
              <LongitudeDegrees>-2.5803138222545385</LongitudeDegrees>
            </Position>
            <AltitudeMeters>166.0</AltitudeMeters>
            <DistanceMeters>524.1099853515625</DistanceMeters>
            <HeartRateBpm>
              <Value>95</Value>
            </HeartRateBpm>
            <Extensions>
              <ns3:TPX>
                <ns3:Speed>1.6890000104904175</ns3:Speed>
              </ns3:TPX>
            </Extensions>
          </Trackpoint>
          <Trackpoint>
            <Time>2026-06-17T20:55:31.000Z</Time>
            <Position>
              <LatitudeDegrees>43.129083439707756</LatitudeDegrees>
              <LongitudeDegrees>-2.5803015008568764</LongitudeDegrees>
            </Position>
            <AltitudeMeters>166.0</AltitudeMeters>
            <DistanceMeters>525.239990234375</DistanceMeters>
            <HeartRateBpm>
              <Value>96</Value>
            </HeartRateBpm>
            <Extensions>
              <ns3:TPX>
                <ns3:Speed>1.6890000104904175</ns3:Speed>
              </ns3:TPX>
            </Extensions>
          </Trackpoint>
          <Trackpoint>
            <Time>2026-06-17T20:55:35.000Z</Time>
            <Position>
              <LatitudeDegrees>43.12910573557019</LatitudeDegrees>
              <LongitudeDegrees>-2.580265710130334</LongitudeDegrees>
            </Position>
            <AltitudeMeters>166.0</AltitudeMeters>
            <DistanceMeters>529.8800048828125</DistanceMeters>
            <HeartRateBpm>
              <Value>95</Value>
            </HeartRateBpm>
            <Extensions>
              <ns3:TPX>
                <ns3:Speed>1.6519999504089355</ns3:Speed>
              </ns3:TPX>
            </Extensions>
          </Trackpoint>
          <Trackpoint>
            <Time>2026-06-17T20:55:39.000Z</Time>
            <Position>
              <LatitudeDegrees>43.129123924300075</LatitudeDegrees>
              <LongitudeDegrees>-2.5802090484648943</LongitudeDegrees>
            </Position>
            <AltitudeMeters>165.8000030517578</AltitudeMeters>
            <DistanceMeters>534.4199829101562</DistanceMeters>
            <HeartRateBpm>
              <Value>96</Value>
            </HeartRateBpm>
            <Extensions>
              <ns3:TPX>
                <ns3:Speed>1.5959999561309814</ns3:Speed>
              </ns3:TPX>
            </Extensions>
          </Trackpoint>
          <Trackpoint>
            <Time>2026-06-17T20:55:47.000Z</Time>
            <Position>
              <LatitudeDegrees>43.12917706556618</LatitudeDegrees>
              <LongitudeDegrees>-2.5801036041229963</LongitudeDegrees>
            </Position>
            <AltitudeMeters>165.60000610351562</AltitudeMeters>
            <DistanceMeters>545.0</DistanceMeters>
            <HeartRateBpm>
              <Value>93</Value>
            </HeartRateBpm>
            <Extensions>
              <ns3:TPX>
                <ns3:Speed>1.5579999685287476</ns3:Speed>
              </ns3:TPX>
            </Extensions>
          </Trackpoint>
          <Trackpoint>
            <Time>2026-06-17T20:55:54.000Z</Time>
            <Position>
              <LatitudeDegrees>43.12923674471676</LatitudeDegrees>
              <LongitudeDegrees>-2.5800192821770906</LongitudeDegrees>
            </Position>
            <AltitudeMeters>165.8000030517578</AltitudeMeters>
            <DistanceMeters>553.8400268554688</DistanceMeters>
            <HeartRateBpm>
              <Value>96</Value>
            </HeartRateBpm>
            <Extensions>
              <ns3:TPX>
                <ns3:Speed>1.4839999675750732</ns3:Speed>
              </ns3:TPX>
            </Extensions>
          </Trackpoint>
          <Trackpoint>
            <Time>2026-06-17T20:55:57.000Z</Time>
            <Position>
              <LatitudeDegrees>43.12927111051977</LatitudeDegrees>
              <LongitudeDegrees>-2.579957339912653</LongitudeDegrees>
            </Position>
            <AltitudeMeters>165.60000610351562</AltitudeMeters>
            <DistanceMeters>559.2000122070312</DistanceMeters>
            <HeartRateBpm>
              <Value>93</Value>
            </HeartRateBpm>
            <Extensions>
              <ns3:TPX>
                <ns3:Speed>1.4839999675750732</ns3:Speed>
              </ns3:TPX>
            </Extensions>
          </Trackpoint>
          <Trackpoint>
            <Time>2026-06-17T20:56:02.000Z</Time>
            <Position>
              <LatitudeDegrees>43.12931511551142</LatitudeDegrees>
              <LongitudeDegrees>-2.579841334372759</LongitudeDegrees>
            </Position>
            <AltitudeMeters>165.60000610351562</AltitudeMeters>
            <DistanceMeters>569.5800170898438</DistanceMeters>
            <HeartRateBpm>
              <Value>94</Value>
            </HeartRateBpm>
            <Extensions>
              <ns3:TPX>
                <ns3:Speed>1.5119999647140503</ns3:Speed>
              </ns3:TPX>
            </Extensions>
          </Trackpoint>
          <Trackpoint>
            <Time>2026-06-17T20:56:08.000Z</Time>
            <Position>
              <LatitudeDegrees>43.129364401102066</LatitudeDegrees>
              <LongitudeDegrees>-2.5797480437904596</LongitudeDegrees>
            </Position>
            <AltitudeMeters>165.1999969482422</AltitudeMeters>
            <DistanceMeters>581.280029296875</DistanceMeters>
            <HeartRateBpm>
              <Value>97</Value>
            </HeartRateBpm>
            <Extensions>
              <ns3:TPX>
                <ns3:Speed>1.6419999599456787</ns3:Speed>
              </ns3:TPX>
            </Extensions>
          </Trackpoint>
          <Trackpoint>
            <Time>2026-06-17T20:56:10.000Z</Time>
            <Position>
              <LatitudeDegrees>43.129373202100396</LatitudeDegrees>
              <LongitudeDegrees>-2.579730860888958</LongitudeDegrees>
            </Position>
            <AltitudeMeters>165.1999969482422</AltitudeMeters>
            <DistanceMeters>584.0700073242188</DistanceMeters>
            <HeartRateBpm>
              <Value>97</Value>
            </HeartRateBpm>
            <Extensions>
              <ns3:TPX>
                <ns3:Speed>1.6419999599456787</ns3:Speed>
              </ns3:TPX>
            </Extensions>
          </Trackpoint>
          <Trackpoint>
            <Time>2026-06-17T20:56:18.000Z</Time>
            <Position>
              <LatitudeDegrees>43.129440592601895</LatitudeDegrees>
              <LongitudeDegrees>-2.579570012167096</LongitudeDegrees>
            </Position>
            <AltitudeMeters>165.39999389648438</AltitudeMeters>
            <DistanceMeters>597.489990234375</DistanceMeters>
            <HeartRateBpm>
              <Value>97</Value>
            </HeartRateBpm>
            <Extensions>
              <ns3:TPX>
                <ns3:Speed>1.6419999599456787</ns3:Speed>
              </ns3:TPX>
            </Extensions>
          </Trackpoint>
          <Trackpoint>
            <Time>2026-06-17T20:56:25.000Z</Time>
            <Position>
              <LatitudeDegrees>43.12945442274213</LatitudeDegrees>
              <LongitudeDegrees>-2.5794156175106764</LongitudeDegrees>
            </Position>
            <AltitudeMeters>165.60000610351562</AltitudeMeters>
            <DistanceMeters>610.510009765625</DistanceMeters>
            <HeartRateBpm>
              <Value>98</Value>
            </HeartRateBpm>
            <Extensions>
              <ns3:TPX>
                <ns3:Speed>1.7640000581741333</ns3:Speed>
              </ns3:TPX>
            </Extensions>
          </Trackpoint>
          <Trackpoint>
            <Time>2026-06-17T20:56:28.000Z</Time>
            <Position>
              <LatitudeDegrees>43.12944729812443</LatitudeDegrees>
              <LongitudeDegrees>-2.579359458759427</LongitudeDegrees>
            </Position>
            <AltitudeMeters>165.60000610351562</AltitudeMeters>
            <DistanceMeters>615.9099731445312</DistanceMeters>
            <HeartRateBpm>
              <Value>95</Value>
            </HeartRateBpm>
            <Extensions>
              <ns3:TPX>
                <ns3:Speed>1.7640000581741333</ns3:Speed>
              </ns3:TPX>
            </Extensions>
          </Trackpoint>
          <Trackpoint>
            <Time>2026-06-17T20:56:31.000Z</Time>
            <Position>
              <LatitudeDegrees>43.12944076023996</LatitudeDegrees>
              <LongitudeDegrees>-2.579308245331049</LongitudeDegrees>
            </Position>
            <AltitudeMeters>165.8000030517578</AltitudeMeters>
            <DistanceMeters>620.510009765625</DistanceMeters>
            <HeartRateBpm>
              <Value>96</Value>
            </HeartRateBpm>
            <Extensions>
              <ns3:TPX>
                <ns3:Speed>1.7640000581741333</ns3:Speed>
              </ns3:TPX>
            </Extensions>
          </Trackpoint>
          <Trackpoint>
            <Time>2026-06-17T20:56:37.000Z</Time>
            <Position>
              <LatitudeDegrees>43.129432797431946</LatitudeDegrees>
              <LongitudeDegrees>-2.579185450449586</LongitudeDegrees>
            </Position>
            <AltitudeMeters>165.8000030517578</AltitudeMeters>
            <DistanceMeters>629.25</DistanceMeters>
            <HeartRateBpm>
              <Value>96</Value>
            </HeartRateBpm>
            <Extensions>
              <ns3:TPX>
                <ns3:Speed>1.7450000047683716</ns3:Speed>
              </ns3:TPX>
            </Extensions>
          </Trackpoint>
          <Trackpoint>
            <Time>2026-06-17T20:56:39.000Z</Time>
            <Position>
              <LatitudeDegrees>43.129444951191545</LatitudeDegrees>
              <LongitudeDegrees>-2.5791358295828104</LongitudeDegrees>
            </Position>
            <AltitudeMeters>165.8000030517578</AltitudeMeters>
            <DistanceMeters>632.6500244140625</DistanceMeters>
            <HeartRateBpm>
              <Value>96</Value>
            </HeartRateBpm>
            <Extensions>
              <ns3:TPX>
                <ns3:Speed>1.7359999418258667</ns3:Speed>
              </ns3:TPX>
            </Extensions>
          </Trackpoint>
          <Trackpoint>
            <Time>2026-06-17T20:56:43.000Z</Time>
            <Position>
              <LatitudeDegrees>43.12944067642093</LatitudeDegrees>
              <LongitudeDegrees>-2.579074641689658</LongitudeDegrees>
            </Position>
            <AltitudeMeters>166.0</AltitudeMeters>
            <DistanceMeters>638.3300170898438</DistanceMeters>
            <HeartRateBpm>
              <Value>96</Value>
            </HeartRateBpm>
            <Extensions>
              <ns3:TPX>
                <ns3:Speed>1.7079999446868896</ns3:Speed>
              </ns3:TPX>
            </Extensions>
          </Trackpoint>
          <Trackpoint>
            <Time>2026-06-17T20:56:44.000Z</Time>
            <Position>
              <LatitudeDegrees>43.12943732365966</LatitudeDegrees>
              <LongitudeDegrees>-2.5790526811033487</LongitudeDegrees>
            </Position>
            <AltitudeMeters>166.0</AltitudeMeters>
            <DistanceMeters>640.8200073242188</DistanceMeters>
            <HeartRateBpm>
              <Value>96</Value>
            </HeartRateBpm>
            <Extensions>
              <ns3:TPX>
                <ns3:Speed>1.7079999446868896</ns3:Speed>
              </ns3:TPX>
            </Extensions>
          </Trackpoint>
          <Trackpoint>
            <Time>2026-06-17T20:56:46.000Z</Time>
            <Position>
              <LatitudeDegrees>43.12942910939455</LatitudeDegrees>
              <LongitudeDegrees>-2.5790102686733007</LongitudeDegrees>
            </Position>
            <AltitudeMeters>166.1999969482422</AltitudeMeters>
            <DistanceMeters>644.9600219726562</DistanceMeters>
            <HeartRateBpm>
              <Value>97</Value>
            </HeartRateBpm>
            <Extensions>
              <ns3:TPX>
                <ns3:Speed>1.7259999513626099</ns3:Speed>
              </ns3:TPX>
            </Extensions>
          </Trackpoint>
          <Trackpoint>
            <Time>2026-06-17T20:56:50.000Z</Time>
            <Position>
              <LatitudeDegrees>43.12941988930106</LatitudeDegrees>
              <LongitudeDegrees>-2.5789128709584475</LongitudeDegrees>
            </Position>
            <AltitudeMeters>166.1999969482422</AltitudeMeters>
            <DistanceMeters>651.9199829101562</DistanceMeters>
            <HeartRateBpm>
              <Value>94</Value>
            </HeartRateBpm>
            <Extensions>
              <ns3:TPX>
                <ns3:Speed>1.7259999513626099</ns3:Speed>
              </ns3:TPX>
            </Extensions>
          </Trackpoint>
          <Trackpoint>
            <Time>2026-06-17T20:56:51.000Z</Time>
            <Position>
              <LatitudeDegrees>43.12941980548203</LatitudeDegrees>
              <LongitudeDegrees>-2.5788909941911697</LongitudeDegrees>
            </Position>
            <AltitudeMeters>166.1999969482422</AltitudeMeters>
            <DistanceMeters>653.4600219726562</DistanceMeters>
            <HeartRateBpm>
              <Value>97</Value>
            </HeartRateBpm>
            <Extensions>
              <ns3:TPX>
                <ns3:Speed>1.7259999513626099</ns3:Speed>
              </ns3:TPX>
            </Extensions>
          </Trackpoint>
          <Trackpoint>
            <Time>2026-06-17T20:56:56.000Z</Time>
            <Position>
              <LatitudeDegrees>43.129398599267006</LatitudeDegrees>
              <LongitudeDegrees>-2.57877079769969</LongitudeDegrees>
            </Position>
            <AltitudeMeters>166.1999969482422</AltitudeMeters>
            <DistanceMeters>662.260009765625</DistanceMeters>
            <HeartRateBpm>
              <Value>96</Value>
            </HeartRateBpm>
            <Extensions>
              <ns3:TPX>
                <ns3:Speed>1.7259999513626099</ns3:Speed>
              </ns3:TPX>
            </Extensions>
          </Trackpoint>
          <Trackpoint>
            <Time>2026-06-17T20:57:00.000Z</Time>
            <Position>
              <LatitudeDegrees>43.12939633615315</LatitudeDegrees>
              <LongitudeDegrees>-2.5786967016756535</LongitudeDegrees>
            </Position>
            <AltitudeMeters>166.1999969482422</AltitudeMeters>
            <DistanceMeters>669.7100219726562</DistanceMeters>
            <HeartRateBpm>
              <Value>96</Value>
            </HeartRateBpm>
            <Extensions>
              <ns3:TPX>
                <ns3:Speed>1.7359999418258667</ns3:Speed>
              </ns3:TPX>
            </Extensions>
          </Trackpoint>
          <Trackpoint>
            <Time>2026-06-17T20:57:02.000Z</Time>
            <Position>
              <LatitudeDegrees>43.12940161675215</LatitudeDegrees>
              <LongitudeDegrees>-2.578660072758794</LongitudeDegrees>
            </Position>
            <AltitudeMeters>166.1999969482422</AltitudeMeters>
            <DistanceMeters>672.75</DistanceMeters>
            <HeartRateBpm>
              <Value>97</Value>
            </HeartRateBpm>
            <Extensions>
              <ns3:TPX>
                <ns3:Speed>1.7359999418258667</ns3:Speed>
              </ns3:TPX>
            </Extensions>
          </Trackpoint>
          <Trackpoint>
            <Time>2026-06-17T20:57:10.000Z</Time>
            <Position>
              <LatitudeDegrees>43.12940010800958</LatitudeDegrees>
              <LongitudeDegrees>-2.5784926023334265</LongitudeDegrees>
            </Position>
            <AltitudeMeters>165.8000030517578</AltitudeMeters>
            <DistanceMeters>686.0599975585938</DistanceMeters>
            <HeartRateBpm>
              <Value>96</Value>
            </HeartRateBpm>
            <Extensions>
              <ns3:TPX>
                <ns3:Speed>1.7259999513626099</ns3:Speed>
              </ns3:TPX>
            </Extensions>
          </Trackpoint>
          <Trackpoint>
            <Time>2026-06-17T20:57:16.000Z</Time>
            <Position>
              <LatitudeDegrees>43.12939424067736</LatitudeDegrees>
              <LongitudeDegrees>-2.578383721411228</LongitudeDegrees>
            </Position>
            <AltitudeMeters>166.0</AltitudeMeters>
            <DistanceMeters>696.0599975585938</DistanceMeters>
            <HeartRateBpm>
              <Value>96</Value>
            </HeartRateBpm>
            <Extensions>
              <ns3:TPX>
                <ns3:Speed>1.7359999418258667</ns3:Speed>
              </ns3:TPX>
            </Extensions>
          </Trackpoint>
          <Trackpoint>
            <Time>2026-06-17T20:57:22.000Z</Time>
            <Position>
              <LatitudeDegrees>43.129393653944135</LatitudeDegrees>
              <LongitudeDegrees>-2.5782370381057262</LongitudeDegrees>
            </Position>
            <AltitudeMeters>166.39999389648438</AltitudeMeters>
            <DistanceMeters>706.489990234375</DistanceMeters>
            <HeartRateBpm>
              <Value>95</Value>
            </HeartRateBpm>
            <Extensions>
              <ns3:TPX>
                <ns3:Speed>1.753999948501587</ns3:Speed>
              </ns3:TPX>
            </Extensions>
          </Trackpoint>
          <Trackpoint>
            <Time>2026-06-17T20:57:31.000Z</Time>
            <Position>
              <LatitudeDegrees>43.129407400265336</LatitudeDegrees>
              <LongitudeDegrees>-2.5780593417584896</LongitudeDegrees>
            </Position>
            <AltitudeMeters>166.8000030517578</AltitudeMeters>
            <DistanceMeters>722.6599731445312</DistanceMeters>
            <HeartRateBpm>
              <Value>92</Value>
            </HeartRateBpm>
            <Extensions>
              <ns3:TPX>
                <ns3:Speed>1.8009999990463257</ns3:Speed>
              </ns3:TPX>
            </Extensions>
          </Trackpoint>
          <Trackpoint>
            <Time>2026-06-17T20:57:35.000Z</Time>
            <Position>
              <LatitudeDegrees>43.12940421514213</LatitudeDegrees>
              <LongitudeDegrees>-2.57798558101058</LongitudeDegrees>
            </Position>
            <AltitudeMeters>166.60000610351562</AltitudeMeters>
            <DistanceMeters>728.5</DistanceMeters>
            <HeartRateBpm>
              <Value>95</Value>
            </HeartRateBpm>
            <Extensions>
              <ns3:TPX>
                <ns3:Speed>1.7259999513626099</ns3:Speed>
              </ns3:TPX>
            </Extensions>
          </Trackpoint>
          <Trackpoint>
            <Time>2026-06-17T20:57:41.000Z</Time>
            <Position>
              <LatitudeDegrees>43.12938284128904</LatitudeDegrees>
              <LongitudeDegrees>-2.5778608582913876</LongitudeDegrees>
            </Position>
            <AltitudeMeters>166.60000610351562</AltitudeMeters>
            <DistanceMeters>738.3699951171875</DistanceMeters>
            <HeartRateBpm>
              <Value>93</Value>
            </HeartRateBpm>
            <Extensions>
              <ns3:TPX>
                <ns3:Speed>1.7079999446868896</ns3:Speed>
              </ns3:TPX>
            </Extensions>
          </Trackpoint>
          <Trackpoint>
            <Time>2026-06-17T20:57:45.000Z</Time>
            <Position>
              <LatitudeDegrees>43.129390720278025</LatitudeDegrees>
              <LongitudeDegrees>-2.5777786318212748</LongitudeDegrees>
            </Position>
            <AltitudeMeters>166.8000030517578</AltitudeMeters>
            <DistanceMeters>745.1300048828125</DistanceMeters>
            <HeartRateBpm>
              <Value>90</Value>
            </HeartRateBpm>
            <Extensions>
              <ns3:TPX>
                <ns3:Speed>1.7170000076293945</ns3:Speed>
              </ns3:TPX>
            </Extensions>
          </Trackpoint>
          <Trackpoint>
            <Time>2026-06-17T20:57:46.000Z</Time>
            <Position>
              <LatitudeDegrees>43.129393151029944</LatitudeDegrees>
              <LongitudeDegrees>-2.5777618680149317</LongitudeDegrees>
            </Position>
            <AltitudeMeters>167.0</AltitudeMeters>
            <DistanceMeters>746.75</DistanceMeters>
            <HeartRateBpm>
              <Value>93</Value>
            </HeartRateBpm>
            <Extensions>
              <ns3:TPX>
                <ns3:Speed>1.7170000076293945</ns3:Speed>
              </ns3:TPX>
            </Extensions>
          </Trackpoint>
          <Trackpoint>
            <Time>2026-06-17T20:57:49.000Z</Time>
            <Position>
              <LatitudeDegrees>43.12941527925432</LatitudeDegrees>
              <LongitudeDegrees>-2.5777066312730312</LongitudeDegrees>
            </Position>
            <AltitudeMeters>167.1999969482422</AltitudeMeters>
            <DistanceMeters>751.4199829101562</DistanceMeters>
            <HeartRateBpm>
              <Value>96</Value>
            </HeartRateBpm>
            <Extensions>
              <ns3:TPX>
                <ns3:Speed>1.6799999475479126</ns3:Speed>
              </ns3:TPX>
            </Extensions>
          </Trackpoint>
          <Trackpoint>
            <Time>2026-06-17T20:57:50.000Z</Time>
            <Position>
              <LatitudeDegrees>43.12942257151008</LatitudeDegrees>
              <LongitudeDegrees>-2.577690789476037</LongitudeDegrees>
            </Position>
            <AltitudeMeters>167.1999969482422</AltitudeMeters>
            <DistanceMeters>753.0499877929688</DistanceMeters>
            <HeartRateBpm>
              <Value>94</Value>
            </HeartRateBpm>
            <Extensions>
              <ns3:TPX>
                <ns3:Speed>1.6799999475479126</ns3:Speed>
              </ns3:TPX>
            </Extensions>
          </Trackpoint>
          <Trackpoint>
            <Time>2026-06-17T20:57:59.000Z</Time>
            <Position>
              <LatitudeDegrees>43.129465989768505</LatitudeDegrees>
              <LongitudeDegrees>-2.5774974189698696</LongitudeDegrees>
            </Position>
            <AltitudeMeters>167.39999389648438</AltitudeMeters>
            <DistanceMeters>768.8300170898438</DistanceMeters>
            <HeartRateBpm>
              <Value>94</Value>
            </HeartRateBpm>
            <Extensions>
              <ns3:TPX>
                <ns3:Speed>1.7640000581741333</ns3:Speed>
              </ns3:TPX>
            </Extensions>
          </Trackpoint>
          <Trackpoint>
            <Time>2026-06-17T20:58:05.000Z</Time>
            <Position>
              <LatitudeDegrees>43.129502702504396</LatitudeDegrees>
              <LongitudeDegrees>-2.5773849338293076</LongitudeDegrees>
            </Position>
            <AltitudeMeters>167.60000610351562</AltitudeMeters>
            <DistanceMeters>780.260009765625</DistanceMeters>
            <HeartRateBpm>
              <Value>93</Value>
            </HeartRateBpm>
            <Extensions>
              <ns3:TPX>
                <ns3:Speed>1.781999945640564</ns3:Speed>
              </ns3:TPX>
            </Extensions>
          </Trackpoint>
          <Trackpoint>
            <Time>2026-06-17T20:58:07.000Z</Time>
            <Position>
              <LatitudeDegrees>43.12951016239822</LatitudeDegrees>
              <LongitudeDegrees>-2.577335564419627</LongitudeDegrees>
            </Position>
            <AltitudeMeters>167.39999389648438</AltitudeMeters>
            <DistanceMeters>783.8099975585938</DistanceMeters>
            <HeartRateBpm>
              <Value>96</Value>
            </HeartRateBpm>
            <Extensions>
              <ns3:TPX>
                <ns3:Speed>1.781999945640564</ns3:Speed>
              </ns3:TPX>
            </Extensions>
          </Trackpoint>
          <Trackpoint>
            <Time>2026-06-17T20:58:09.000Z</Time>
            <Position>
              <LatitudeDegrees>43.12950974330306</LatitudeDegrees>
              <LongitudeDegrees>-2.5772948283702135</LongitudeDegrees>
            </Position>
            <AltitudeMeters>167.1999969482422</AltitudeMeters>
            <DistanceMeters>787.2100219726562</DistanceMeters>
            <HeartRateBpm>
              <Value>96</Value>
            </HeartRateBpm>
            <Extensions>
              <ns3:TPX>
                <ns3:Speed>1.7910000085830688</ns3:Speed>
              </ns3:TPX>
            </Extensions>
          </Trackpoint>
          <Trackpoint>
            <Time>2026-06-17T20:58:10.000Z</Time>
            <Position>
              <LatitudeDegrees>43.129509994760156</LatitudeDegrees>
              <LongitudeDegrees>-2.577270772308111</LongitudeDegrees>
            </Position>
            <AltitudeMeters>167.0</AltitudeMeters>
            <DistanceMeters>788.6799926757812</DistanceMeters>
            <HeartRateBpm>
              <Value>97</Value>
            </HeartRateBpm>
            <Extensions>
              <ns3:TPX>
                <ns3:Speed>1.6419999599456787</ns3:Speed>
              </ns3:TPX>
            </Extensions>
          </Trackpoint>
          <Trackpoint>
            <Time>2026-06-17T20:58:13.000Z</Time>
            <Position>
              <LatitudeDegrees>43.129514353349805</LatitudeDegrees>
              <LongitudeDegrees>-2.5772089138627052</LongitudeDegrees>
            </Position>
            <AltitudeMeters>167.0</AltitudeMeters>
            <DistanceMeters>794.1099853515625</DistanceMeters>
            <HeartRateBpm>
              <Value>92</Value>
            </HeartRateBpm>
            <Extensions>
              <ns3:TPX>
                <ns3:Speed>1.7910000085830688</ns3:Speed>
              </ns3:TPX>
            </Extensions>
          </Trackpoint>
          <Trackpoint>
            <Time>2026-06-17T20:58:18.000Z</Time>
            <Position>
              <LatitudeDegrees>43.129526088014245</LatitudeDegrees>
              <LongitudeDegrees>-2.5771037209779024</LongitudeDegrees>
            </Position>
            <AltitudeMeters>167.0</AltitudeMeters>
            <DistanceMeters>803.1599731445312</DistanceMeters>
            <HeartRateBpm>
              <Value>90</Value>
            </HeartRateBpm>
            <Extensions>
              <ns3:TPX>
                <ns3:Speed>1.7730000019073486</ns3:Speed>
              </ns3:TPX>
            </Extensions>
          </Trackpoint>
          <Trackpoint>
            <Time>2026-06-17T20:58:21.000Z</Time>
            <Position>
              <LatitudeDegrees>43.12953128479421</LatitudeDegrees>
              <LongitudeDegrees>-2.5770380906760693</LongitudeDegrees>
            </Position>
            <AltitudeMeters>166.60000610351562</AltitudeMeters>
            <DistanceMeters>808.6099853515625</DistanceMeters>
            <HeartRateBpm>
              <Value>92</Value>
            </HeartRateBpm>
            <Extensions>
              <ns3:TPX>
                <ns3:Speed>1.7640000581741333</ns3:Speed>
              </ns3:TPX>
            </Extensions>
          </Trackpoint>
          <Trackpoint>
            <Time>2026-06-17T20:58:23.000Z</Time>
            <Position>
              <LatitudeDegrees>43.12953773885965</LatitudeDegrees>
              <LongitudeDegrees>-2.5769986119121313</LongitudeDegrees>
            </Position>
            <AltitudeMeters>166.60000610351562</AltitudeMeters>
            <DistanceMeters>812.010009765625</DistanceMeters>
            <HeartRateBpm>
              <Value>91</Value>
            </HeartRateBpm>
            <Extensions>
              <ns3:TPX>
                <ns3:Speed>1.8009999990463257</ns3:Speed>
              </ns3:TPX>
            </Extensions>
          </Trackpoint>
          <Trackpoint>
            <Time>2026-06-17T20:58:26.000Z</Time>
            <Position>
              <LatitudeDegrees>43.12955383211374</LatitudeDegrees>
              <LongitudeDegrees>-2.576931556686759</LongitudeDegrees>
            </Position>
            <AltitudeMeters>166.60000610351562</AltitudeMeters>
            <DistanceMeters>817.47998046875</DistanceMeters>
            <HeartRateBpm>
              <Value>94</Value>
            </HeartRateBpm>
            <Extensions>
              <ns3:TPX>
                <ns3:Speed>1.781999945640564</ns3:Speed>
              </ns3:TPX>
            </Extensions>
          </Trackpoint>
          <Trackpoint>
            <Time>2026-06-17T20:58:30.000Z</Time>
            <Position>
              <LatitudeDegrees>43.1295508146286</LatitudeDegrees>
              <LongitudeDegrees>-2.5768577959388494</LongitudeDegrees>
            </Position>
            <AltitudeMeters>166.60000610351562</AltitudeMeters>
            <DistanceMeters>824.5</DistanceMeters>
            <HeartRateBpm>
              <Value>98</Value>
            </HeartRateBpm>
            <Extensions>
              <ns3:TPX>
                <ns3:Speed>1.8009999990463257</ns3:Speed>
              </ns3:TPX>
            </Extensions>
          </Trackpoint>
          <Trackpoint>
            <Time>2026-06-17T20:58:33.000Z</Time>
            <Position>
              <LatitudeDegrees>43.12954603694379</LatitudeDegrees>
              <LongitudeDegrees>-2.5768121983855963</LongitudeDegrees>
            </Position>
            <AltitudeMeters>166.60000610351562</AltitudeMeters>
            <DistanceMeters>829.2899780273438</DistanceMeters>
            <HeartRateBpm>
              <Value>99</Value>
            </HeartRateBpm>
            <Extensions>
              <ns3:TPX>
                <ns3:Speed>1.781999945640564</ns3:Speed>
              </ns3:TPX>
            </Extensions>
          </Trackpoint>
          <Trackpoint>
            <Time>2026-06-17T20:58:35.000Z</Time>
            <Position>
              <LatitudeDegrees>43.12954444438219</LatitudeDegrees>
              <LongitudeDegrees>-2.5767765752971172</LongitudeDegrees>
            </Position>
            <AltitudeMeters>166.39999389648438</AltitudeMeters>
            <DistanceMeters>832.3800048828125</DistanceMeters>
            <HeartRateBpm>
              <Value>99</Value>
            </HeartRateBpm>
            <Extensions>
              <ns3:TPX>
                <ns3:Speed>1.781999945640564</ns3:Speed>
              </ns3:TPX>
            </Extensions>
          </Trackpoint>
          <Trackpoint>
            <Time>2026-06-17T20:58:39.000Z</Time>
            <Position>
              <LatitudeDegrees>43.129540253430605</LatitudeDegrees>
              <LongitudeDegrees>-2.5767173152416945</LongitudeDegrees>
            </Position>
            <AltitudeMeters>166.1999969482422</AltitudeMeters>
            <DistanceMeters>839.0599975585938</DistanceMeters>
            <HeartRateBpm>
              <Value>98</Value>
            </HeartRateBpm>
            <Extensions>
              <ns3:TPX>
                <ns3:Speed>1.781999945640564</ns3:Speed>
              </ns3:TPX>
            </Extensions>
          </Trackpoint>
          <Trackpoint>
            <Time>2026-06-17T20:58:40.000Z</Time>
            <Position>
              <LatitudeDegrees>43.12954000197351</LatitudeDegrees>
              <LongitudeDegrees>-2.5767058320343494</LongitudeDegrees>
            </Position>
            <AltitudeMeters>166.1999969482422</AltitudeMeters>
            <DistanceMeters>839.8599853515625</DistanceMeters>
            <HeartRateBpm>
              <Value>98</Value>
            </HeartRateBpm>
            <Extensions>
              <ns3:TPX>
                <ns3:Speed>1.781999945640564</ns3:Speed>
              </ns3:TPX>
            </Extensions>
          </Trackpoint>
          <Trackpoint>
            <Time>2026-06-17T20:58:46.000Z</Time>
            <Position>
              <LatitudeDegrees>43.129553915932775</LatitudeDegrees>
              <LongitudeDegrees>-2.5766089372336864</LongitudeDegrees>
            </Position>
            <AltitudeMeters>166.0</AltitudeMeters>
            <DistanceMeters>847.3300170898438</DistanceMeters>
            <HeartRateBpm>
              <Value>98</Value>
            </HeartRateBpm>
            <Extensions>
              <ns3:TPX>
                <ns3:Speed>1.753999948501587</ns3:Speed>
              </ns3:TPX>
            </Extensions>
          </Trackpoint>
          <Trackpoint>
            <Time>2026-06-17T20:58:49.000Z</Time>
            <Position>
              <LatitudeDegrees>43.129569590091705</LatitudeDegrees>
              <LongitudeDegrees>-2.576559567824006</LongitudeDegrees>
            </Position>
            <AltitudeMeters>166.0</AltitudeMeters>
            <DistanceMeters>850.0</DistanceMeters>
            <HeartRateBpm>
              <Value>98</Value>
            </HeartRateBpm>
            <Extensions>
              <ns3:TPX>
                <ns3:Speed>1.7170000076293945</ns3:Speed>
              </ns3:TPX>
            </Extensions>
          </Trackpoint>
          <Trackpoint>
            <Time>2026-06-17T20:58:51.000Z</Time>
            <Position>
              <LatitudeDegrees>43.129576882347465</LatitudeDegrees>
              <LongitudeDegrees>-2.5765332486480474</LongitudeDegrees>
            </Position>
            <AltitudeMeters>166.0</AltitudeMeters>
            <DistanceMeters>852.1500244140625</DistanceMeters>
            <HeartRateBpm>
              <Value>99</Value>
            </HeartRateBpm>
            <Extensions>
              <ns3:TPX>
                <ns3:Speed>1.6799999475479126</ns3:Speed>
              </ns3:TPX>
            </Extensions>
          </Trackpoint>
          <Trackpoint>
            <Time>2026-06-17T20:58:58.000Z</Time>
            <Position>
              <LatitudeDegrees>43.129632622003555</LatitudeDegrees>
              <LongitudeDegrees>-2.5763915944844484</LongitudeDegrees>
            </Position>
            <AltitudeMeters>165.60000610351562</AltitudeMeters>
            <DistanceMeters>861.780029296875</DistanceMeters>
            <HeartRateBpm>
              <Value>99</Value>
            </HeartRateBpm>
            <Extensions>
              <ns3:TPX>
                <ns3:Speed>1.4839999675750732</ns3:Speed>
              </ns3:TPX>
            </Extensions>
          </Trackpoint>
          <Trackpoint>
            <Time>2026-06-17T20:59:02.000Z</Time>
            <Position>
              <LatitudeDegrees>43.12967251986265</LatitudeDegrees>
              <LongitudeDegrees>-2.5762750022113323</LongitudeDegrees>
            </Position>
            <AltitudeMeters>165.60000610351562</AltitudeMeters>
            <DistanceMeters>873.1300048828125</DistanceMeters>
            <HeartRateBpm>
              <Value>100</Value>
            </HeartRateBpm>
            <Extensions>
              <ns3:TPX>
                <ns3:Speed>1.9220000505447388</ns3:Speed>
              </ns3:TPX>
            </Extensions>
          </Trackpoint>
          <Trackpoint>
            <Time>2026-06-17T20:59:04.000Z</Time>
            <Position>
              <LatitudeDegrees>43.12966279685497</LatitudeDegrees>
              <LongitudeDegrees>-2.5762290693819523</LongitudeDegrees>
            </Position>
            <AltitudeMeters>165.39999389648438</AltitudeMeters>
            <DistanceMeters>877.260009765625</DistanceMeters>
            <HeartRateBpm>
              <Value>100</Value>
            </HeartRateBpm>
            <Extensions>
              <ns3:TPX>
                <ns3:Speed>1.7450000047683716</ns3:Speed>
              </ns3:TPX>
            </Extensions>
          </Trackpoint>
          <Trackpoint>
            <Time>2026-06-17T20:59:08.000Z</Time>
            <Position>
              <LatitudeDegrees>43.12963790260255</LatitudeDegrees>
              <LongitudeDegrees>-2.5761406403034925</LongitudeDegrees>
            </Position>
            <AltitudeMeters>165.1999969482422</AltitudeMeters>
            <DistanceMeters>885.219970703125</DistanceMeters>
            <HeartRateBpm>
              <Value>98</Value>
            </HeartRateBpm>
            <Extensions>
              <ns3:TPX>
                <ns3:Speed>1.809999942779541</ns3:Speed>
              </ns3:TPX>
            </Extensions>
          </Trackpoint>
          <Trackpoint>
            <Time>2026-06-17T20:59:09.000Z</Time>
            <Position>
              <LatitudeDegrees>43.129638489335775</LatitudeDegrees>
              <LongitudeDegrees>-2.576112812384963</LongitudeDegrees>
            </Position>
            <AltitudeMeters>165.0</AltitudeMeters>
            <DistanceMeters>887.1199951171875</DistanceMeters>
            <HeartRateBpm>
              <Value>97</Value>
            </HeartRateBpm>
            <Extensions>
              <ns3:TPX>
                <ns3:Speed>1.7910000085830688</ns3:Speed>
              </ns3:TPX>
            </Extensions>
          </Trackpoint>
          <Trackpoint>
            <Time>2026-06-17T20:59:13.000Z</Time>
            <Position>
              <LatitudeDegrees>43.12964611686766</LatitudeDegrees>
              <LongitudeDegrees>-2.576023628935218</LongitudeDegrees>
            </Position>
            <AltitudeMeters>165.0</AltitudeMeters>
            <DistanceMeters>895.239990234375</DistanceMeters>
            <HeartRateBpm>
              <Value>101</Value>
            </HeartRateBpm>
            <Extensions>
              <ns3:TPX>
                <ns3:Speed>1.7450000047683716</ns3:Speed>
              </ns3:TPX>
            </Extensions>
          </Trackpoint>
          <Trackpoint>
            <Time>2026-06-17T20:59:14.000Z</Time>
            <Position>
              <LatitudeDegrees>43.1296459492296</LatitudeDegrees>
              <LongitudeDegrees>-2.576004434376955</LongitudeDegrees>
            </Position>
            <AltitudeMeters>165.0</AltitudeMeters>
            <DistanceMeters>896.8599853515625</DistanceMeters>
            <HeartRateBpm>
              <Value>98</Value>
            </HeartRateBpm>
            <Extensions>
              <ns3:TPX>
                <ns3:Speed>1.7450000047683716</ns3:Speed>
              </ns3:TPX>
            </Extensions>
          </Trackpoint>
          <Trackpoint>
            <Time>2026-06-17T20:59:16.000Z</Time>
            <Position>
              <LatitudeDegrees>43.12963320873678</LatitudeDegrees>
              <LongitudeDegrees>-2.575962608680129</LongitudeDegrees>
            </Position>
            <AltitudeMeters>165.0</AltitudeMeters>
            <DistanceMeters>899.8900146484375</DistanceMeters>
            <HeartRateBpm>
              <Value>99</Value>
            </HeartRateBpm>
            <Extensions>
              <ns3:TPX>
                <ns3:Speed>1.7079999446868896</ns3:Speed>
              </ns3:TPX>
            </Extensions>
          </Trackpoint>
          <Trackpoint>
            <Time>2026-06-17T20:59:17.000Z</Time>
            <Position>
              <LatitudeDegrees>43.12962843105197</LatitudeDegrees>
              <LongitudeDegrees>-2.5759445875883102</LongitudeDegrees>
            </Position>
            <AltitudeMeters>165.0</AltitudeMeters>
            <DistanceMeters>901.3200073242188</DistanceMeters>
            <HeartRateBpm>
              <Value>99</Value>
            </HeartRateBpm>
            <Extensions>
              <ns3:TPX>
                <ns3:Speed>1.6239999532699585</ns3:Speed>
              </ns3:TPX>
            </Extensions>
          </Trackpoint>
          <Trackpoint>
            <Time>2026-06-17T20:59:23.000Z</Time>
            <Position>
              <LatitudeDegrees>43.12959314323962</LatitudeDegrees>
              <LongitudeDegrees>-2.575851297006011</LongitudeDegrees>
            </Position>
            <AltitudeMeters>165.1999969482422</AltitudeMeters>
            <DistanceMeters>911.280029296875</DistanceMeters>
            <HeartRateBpm>
              <Value>100</Value>
            </HeartRateBpm>
            <Extensions>
              <ns3:TPX>
                <ns3:Speed>1.6050000190734863</ns3:Speed>
              </ns3:TPX>
            </Extensions>
          </Trackpoint>
          <Trackpoint>
            <Time>2026-06-17T20:59:24.000Z</Time>
            <Position>
              <LatitudeDegrees>43.12958836555481</LatitudeDegrees>
              <LongitudeDegrees>-2.5758373830467463</LongitudeDegrees>
            </Position>
            <AltitudeMeters>165.1999969482422</AltitudeMeters>
            <DistanceMeters>912.6699829101562</DistanceMeters>
            <HeartRateBpm>
              <Value>100</Value>
            </HeartRateBpm>
            <Extensions>
              <ns3:TPX>
                <ns3:Speed>1.6050000190734863</ns3:Speed>
              </ns3:TPX>
            </Extensions>
          </Trackpoint>
          <Trackpoint>
            <Time>2026-06-17T20:59:29.000Z</Time>
            <Position>
              <LatitudeDegrees>43.12954989261925</LatitudeDegrees>
              <LongitudeDegrees>-2.575728753581643</LongitudeDegrees>
            </Position>
            <AltitudeMeters>165.60000610351562</AltitudeMeters>
            <DistanceMeters>920.6099853515625</DistanceMeters>
            <HeartRateBpm>
              <Value>97</Value>
            </HeartRateBpm>
            <Extensions>
              <ns3:TPX>
                <ns3:Speed>1.5579999685287476</ns3:Speed>
              </ns3:TPX>
            </Extensions>
          </Trackpoint>
          <Trackpoint>
            <Time>2026-06-17T20:59:30.000Z</Time>
            <Position>
              <LatitudeDegrees>43.12954293563962</LatitudeDegrees>
              <LongitudeDegrees>-2.5757073797285557</LongitudeDegrees>
            </Position>
            <AltitudeMeters>165.60000610351562</AltitudeMeters>
            <DistanceMeters>922.6900024414062</DistanceMeters>
            <HeartRateBpm>
              <Value>98</Value>
            </HeartRateBpm>
            <Extensions>
              <ns3:TPX>
                <ns3:Speed>1.5579999685287476</ns3:Speed>
              </ns3:TPX>
            </Extensions>
          </Trackpoint>
          <Trackpoint>
            <Time>2026-06-17T20:59:37.000Z</Time>
            <Position>
              <LatitudeDegrees>43.12950446270406</LatitudeDegrees>
              <LongitudeDegrees>-2.575533203780651</LongitudeDegrees>
            </Position>
            <AltitudeMeters>165.39999389648438</AltitudeMeters>
            <DistanceMeters>938.2000122070312</DistanceMeters>
            <HeartRateBpm>
              <Value>97</Value>
            </HeartRateBpm>
            <Extensions>
              <ns3:TPX>
                <ns3:Speed>1.6610000133514404</ns3:Speed>
              </ns3:TPX>
            </Extensions>
          </Trackpoint>
          <Trackpoint>
            <Time>2026-06-17T20:59:39.000Z</Time>
            <Position>
              <LatitudeDegrees>43.12949893064797</LatitudeDegrees>
              <LongitudeDegrees>-2.575496407225728</LongitudeDegrees>
            </Position>
            <AltitudeMeters>165.60000610351562</AltitudeMeters>
            <DistanceMeters>942.2899780273438</DistanceMeters>
            <HeartRateBpm>
              <Value>103</Value>
            </HeartRateBpm>
            <Extensions>
              <ns3:TPX>
                <ns3:Speed>1.6799999475479126</ns3:Speed>
              </ns3:TPX>
            </Extensions>
          </Trackpoint>
          <Trackpoint>
            <Time>2026-06-17T20:59:40.000Z</Time>
            <Position>
              <LatitudeDegrees>43.12949934974313</LatitudeDegrees>
              <LongitudeDegrees>-2.5754758715629578</LongitudeDegrees>
            </Position>
            <AltitudeMeters>165.8000030517578</AltitudeMeters>
            <DistanceMeters>944.1400146484375</DistanceMeters>
            <HeartRateBpm>
              <Value>108</Value>
            </HeartRateBpm>
            <Extensions>
              <ns3:TPX>
                <ns3:Speed>1.6890000104904175</ns3:Speed>
              </ns3:TPX>
            </Extensions>
          </Trackpoint>
          <Trackpoint>
            <Time>2026-06-17T20:59:41.000Z</Time>
            <Position>
              <LatitudeDegrees>43.129499265924096</LatitudeDegrees>
              <LongitudeDegrees>-2.575457850471139</LongitudeDegrees>
            </Position>
            <AltitudeMeters>165.8000030517578</AltitudeMeters>
            <DistanceMeters>945.739990234375</DistanceMeters>
            <HeartRateBpm>
              <Value>112</Value>
            </HeartRateBpm>
            <Extensions>
              <ns3:TPX>
                <ns3:Speed>1.6890000104904175</ns3:Speed>
              </ns3:TPX>
            </Extensions>
          </Trackpoint>
          <Trackpoint>
            <Time>2026-06-17T20:59:42.000Z</Time>
            <Position>
              <LatitudeDegrees>43.12950136139989</LatitudeDegrees>
              <LongitudeDegrees>-2.575440416112542</LongitudeDegrees>
            </Position>
            <AltitudeMeters>165.8000030517578</AltitudeMeters>
            <DistanceMeters>947.5700073242188</DistanceMeters>
            <HeartRateBpm>
              <Value>118</Value>
            </HeartRateBpm>
            <Extensions>
              <ns3:TPX>
                <ns3:Speed>1.6890000104904175</ns3:Speed>
              </ns3:TPX>
            </Extensions>
          </Trackpoint>
          <Trackpoint>
            <Time>2026-06-17T20:59:43.000Z</Time>
            <Position>
              <LatitudeDegrees>43.12950337305665</LatitudeDegrees>
              <LongitudeDegrees>-2.5754200480878353</LongitudeDegrees>
            </Position>
            <AltitudeMeters>165.8000030517578</AltitudeMeters>
            <DistanceMeters>948.9000244140625</DistanceMeters>
            <HeartRateBpm>
              <Value>118</Value>
            </HeartRateBpm>
            <Extensions>
              <ns3:TPX>
                <ns3:Speed>1.6890000104904175</ns3:Speed>
              </ns3:TPX>
            </Extensions>
          </Trackpoint>
          <Trackpoint>
            <Time>2026-06-17T20:59:44.000Z</Time>
            <Position>
              <LatitudeDegrees>43.129504127427936</LatitudeDegrees>
              <LongitudeDegrees>-2.575404793024063</LongitudeDegrees>
            </Position>
            <AltitudeMeters>166.0</AltitudeMeters>
            <DistanceMeters>950.1799926757812</DistanceMeters>
            <HeartRateBpm>
              <Value>118</Value>
            </HeartRateBpm>
            <Extensions>
              <ns3:TPX>
                <ns3:Speed>1.6610000133514404</ns3:Speed>
              </ns3:TPX>
            </Extensions>
          </Trackpoint>
          <Trackpoint>
            <Time>2026-06-17T20:59:45.000Z</Time>
            <Position>
              <LatitudeDegrees>43.1295077316463</LatitudeDegrees>
              <LongitudeDegrees>-2.5753843411803246</LongitudeDegrees>
            </Position>
            <AltitudeMeters>165.8000030517578</AltitudeMeters>
            <DistanceMeters>951.6400146484375</DistanceMeters>
            <HeartRateBpm>
              <Value>121</Value>
            </HeartRateBpm>
            <Extensions>
              <ns3:TPX>
                <ns3:Speed>1.6419999599456787</ns3:Speed>
              </ns3:TPX>
            </Extensions>
          </Trackpoint>
          <Trackpoint>
            <Time>2026-06-17T20:59:47.000Z</Time>
            <Position>
              <LatitudeDegrees>43.129506474360824</LatitudeDegrees>
              <LongitudeDegrees>-2.575342683121562</LongitudeDegrees>
            </Position>
            <AltitudeMeters>165.8000030517578</AltitudeMeters>
            <DistanceMeters>955.239990234375</DistanceMeters>
            <HeartRateBpm>
              <Value>124</Value>
            </HeartRateBpm>
            <Extensions>
              <ns3:TPX>
                <ns3:Speed>1.6419999599456787</ns3:Speed>
              </ns3:TPX>
            </Extensions>
          </Trackpoint>
          <Trackpoint>
            <Time>2026-06-17T20:59:51.000Z</Time>
            <Position>
              <LatitudeDegrees>43.1295061390847</LatitudeDegrees>
              <LongitudeDegrees>-2.5752700120210648</LongitudeDegrees>
            </Position>
            <AltitudeMeters>165.8000030517578</AltitudeMeters>
            <DistanceMeters>962.1699829101562</DistanceMeters>
            <HeartRateBpm>
              <Value>128</Value>
            </HeartRateBpm>
            <Extensions>
              <ns3:TPX>
                <ns3:Speed>1.6799999475479126</ns3:Speed>
              </ns3:TPX>
            </Extensions>
          </Trackpoint>
          <Trackpoint>
            <Time>2026-06-17T20:59:54.000Z</Time>
            <Position>
              <LatitudeDegrees>43.12951326370239</LatitudeDegrees>
              <LongitudeDegrees>-2.5752164516597986</LongitudeDegrees>
            </Position>
            <AltitudeMeters>165.8000030517578</AltitudeMeters>
            <DistanceMeters>967.52001953125</DistanceMeters>
            <HeartRateBpm>
              <Value>131</Value>
            </HeartRateBpm>
            <Extensions>
              <ns3:TPX>
                <ns3:Speed>1.6979999542236328</ns3:Speed>
              </ns3:TPX>
            </Extensions>
          </Trackpoint>
          <Trackpoint>
            <Time>2026-06-17T20:59:57.000Z</Time>
            <Position>
              <LatitudeDegrees>43.129512425512075</LatitudeDegrees>
              <LongitudeDegrees>-2.5751507375389338</LongitudeDegrees>
            </Position>
            <AltitudeMeters>166.1999969482422</AltitudeMeters>
            <DistanceMeters>973.0399780273438</DistanceMeters>
            <HeartRateBpm>
              <Value>135</Value>
            </HeartRateBpm>
            <Extensions>
              <ns3:TPX>
                <ns3:Speed>1.6979999542236328</ns3:Speed>
              </ns3:TPX>
            </Extensions>
          </Trackpoint>
          <Trackpoint>
            <Time>2026-06-17T20:59:58.000Z</Time>
            <Position>
              <LatitudeDegrees>43.12950974330306</LatitudeDegrees>
              <LongitudeDegrees>-2.575120395049453</LongitudeDegrees>
            </Position>
            <AltitudeMeters>166.1999969482422</AltitudeMeters>
            <DistanceMeters>975.0700073242188</DistanceMeters>
            <HeartRateBpm>
              <Value>135</Value>
            </HeartRateBpm>
            <Extensions>
              <ns3:TPX>
                <ns3:Speed>1.7079999446868896</ns3:Speed>
              </ns3:TPX>
            </Extensions>
          </Trackpoint>
          <Trackpoint>
            <Time>2026-06-17T21:00:04.000Z</Time>
            <Position>
              <LatitudeDegrees>43.12948149628937</LatitudeDegrees>
              <LongitudeDegrees>-2.575001707300544</LongitudeDegrees>
            </Position>
            <AltitudeMeters>166.0</AltitudeMeters>
            <DistanceMeters>985.6099853515625</DistanceMeters>
            <HeartRateBpm>
              <Value>135</Value>
            </HeartRateBpm>
            <Extensions>
              <ns3:TPX>
                <ns3:Speed>1.7259999513626099</ns3:Speed>
              </ns3:TPX>
            </Extensions>
          </Trackpoint>
          <Trackpoint>
            <Time>2026-06-17T21:00:05.000Z</Time>
            <Position>
              <LatitudeDegrees>43.12947847880423</LatitudeDegrees>
              <LongitudeDegrees>-2.5749787408858538</LongitudeDegrees>
            </Position>
            <AltitudeMeters>166.1999969482422</AltitudeMeters>
            <DistanceMeters>987.5599975585938</DistanceMeters>
            <HeartRateBpm>
              <Value>135</Value>
            </HeartRateBpm>
            <Extensions>
              <ns3:TPX>
                <ns3:Speed>1.7359999418258667</ns3:Speed>
              </ns3:TPX>
            </Extensions>
          </Trackpoint>
          <Trackpoint>
            <Time>2026-06-17T21:00:09.000Z</Time>
            <Position>
              <LatitudeDegrees>43.12947956845164</LatitudeDegrees>
              <LongitudeDegrees>-2.5748981069773436</LongitudeDegrees>
            </Position>
            <AltitudeMeters>166.1999969482422</AltitudeMeters>
            <DistanceMeters>993.760009765625</DistanceMeters>
            <HeartRateBpm>
              <Value>134</Value>
            </HeartRateBpm>
            <Extensions>
              <ns3:TPX>
                <ns3:Speed>1.7259999513626099</ns3:Speed>
              </ns3:TPX>
            </Extensions>
          </Trackpoint>
          <Trackpoint>
            <Time>2026-06-17T21:00:14.000Z</Time>
            <Position>
              <LatitudeDegrees>43.12949666753411</LatitudeDegrees>
              <LongitudeDegrees>-2.5748054031282663</LongitudeDegrees>
            </Position>
            <AltitudeMeters>166.39999389648438</AltitudeMeters>
            <DistanceMeters>1001.0</DistanceMeters>
            <HeartRateBpm>
              <Value>137</Value>
            </HeartRateBpm>
            <Extensions>
              <ns3:TPX>
                <ns3:Speed>1.7079999446868896</ns3:Speed>
              </ns3:TPX>
            </Extensions>
          </Trackpoint>
        </Track>
        <Extensions>
          <ns3:LX>
            <ns3:AvgSpeed>1.5390000343322754</ns3:AvgSpeed>
            <ns3:AvgRunCadence>52</ns3:AvgRunCadence>
            <ns3:MaxRunCadence>65</ns3:MaxRunCadence>
          </ns3:LX>
        </Extensions>
      </Lap>
      <Lap StartTime="2026-06-17T21:00:15.000Z">
        <TotalTimeSeconds>684.378</TotalTimeSeconds>
        <DistanceMeters>1000.0</DistanceMeters>
        <MaximumSpeed>2.1089999675750732</MaximumSpeed>
        <Calories>80</Calories>
        <AverageHeartRateBpm>
          <Value>103</Value>
        </AverageHeartRateBpm>
        <MaximumHeartRateBpm>
          <Value>137</Value>
        </MaximumHeartRateBpm>
        <Intensity>Active</Intensity>
        <TriggerMethod>Manual</TriggerMethod>
        <Track>
          <Trackpoint>
            <Time>2026-06-17T21:00:17.000Z</Time>
            <Position>
              <LatitudeDegrees>43.129520220682025</LatitudeDegrees>
              <LongitudeDegrees>-2.574752848595381</LongitudeDegrees>
            </Position>
            <AltitudeMeters>166.8000030517578</AltitudeMeters>
            <DistanceMeters>1006.1599731445312</DistanceMeters>
            <HeartRateBpm>
              <Value>136</Value>
            </HeartRateBpm>
            <Extensions>
              <ns3:TPX>
                <ns3:Speed>1.6979999542236328</ns3:Speed>
              </ns3:TPX>
            </Extensions>
          </Trackpoint>
          <Trackpoint>
            <Time>2026-06-17T21:00:21.000Z</Time>
            <Position>
              <LatitudeDegrees>43.12953187152743</LatitudeDegrees>
              <LongitudeDegrees>-2.5746828597038984</LongitudeDegrees>
            </Position>
            <AltitudeMeters>167.1999969482422</AltitudeMeters>
            <DistanceMeters>1011.3800048828125</DistanceMeters>
            <HeartRateBpm>
              <Value>134</Value>
            </HeartRateBpm>
            <Extensions>
              <ns3:TPX>
                <ns3:Speed>1.6419999599456787</ns3:Speed>
              </ns3:TPX>
            </Extensions>
          </Trackpoint>
          <Trackpoint>
            <Time>2026-06-17T21:00:22.000Z</Time>
            <Position>
              <LatitudeDegrees>43.12952985987067</LatitudeDegrees>
              <LongitudeDegrees>-2.5746655091643333</LongitudeDegrees>
            </Position>
            <AltitudeMeters>167.1999969482422</AltitudeMeters>
            <DistanceMeters>1012.8300170898438</DistanceMeters>
            <HeartRateBpm>
              <Value>133</Value>
            </HeartRateBpm>
            <Extensions>
              <ns3:TPX>
                <ns3:Speed>1.6330000162124634</ns3:Speed>
              </ns3:TPX>
            </Extensions>
          </Trackpoint>
          <Trackpoint>
            <Time>2026-06-17T21:00:23.000Z</Time>
            <Position>
              <LatitudeDegrees>43.129528015851974</LatitudeDegrees>
              <LongitudeDegrees>-2.574642291292548</LongitudeDegrees>
            </Position>
            <AltitudeMeters>167.39999389648438</AltitudeMeters>
            <DistanceMeters>1014.5800170898438</DistanceMeters>
            <HeartRateBpm>
              <Value>136</Value>
            </HeartRateBpm>
            <Extensions>
              <ns3:TPX>
                <ns3:Speed>1.6330000162124634</ns3:Speed>
              </ns3:TPX>
            </Extensions>
          </Trackpoint>
          <Trackpoint>
            <Time>2026-06-17T21:00:28.000Z</Time>
            <Position>
              <LatitudeDegrees>43.129512425512075</LatitudeDegrees>
              <LongitudeDegrees>-2.574554029852152</LongitudeDegrees>
            </Position>
            <AltitudeMeters>167.8000030517578</AltitudeMeters>
            <DistanceMeters>1022.760009765625</DistanceMeters>
            <HeartRateBpm>
              <Value>136</Value>
            </HeartRateBpm>
            <Extensions>
              <ns3:TPX>
                <ns3:Speed>1.6330000162124634</ns3:Speed>
              </ns3:TPX>
            </Extensions>
          </Trackpoint>
          <Trackpoint>
            <Time>2026-06-17T21:00:33.000Z</Time>
            <Position>
              <LatitudeDegrees>43.12951904721558</LatitudeDegrees>
              <LongitudeDegrees>-2.574457135051489</LongitudeDegrees>
            </Position>
            <AltitudeMeters>168.1999969482422</AltitudeMeters>
            <DistanceMeters>1029.8299560546875</DistanceMeters>
            <HeartRateBpm>
              <Value>133</Value>
            </HeartRateBpm>
            <Extensions>
              <ns3:TPX>
                <ns3:Speed>1.5859999656677246</ns3:Speed>
              </ns3:TPX>
            </Extensions>
          </Trackpoint>
          <Trackpoint>
            <Time>2026-06-17T21:00:35.000Z</Time>
            <Position>
              <LatitudeDegrees>43.129525166004896</LatitudeDegrees>
              <LongitudeDegrees>-2.574407262727618</LongitudeDegrees>
            </Position>
            <AltitudeMeters>168.1999969482422</AltitudeMeters>
            <DistanceMeters>1033.6199951171875</DistanceMeters>
            <HeartRateBpm>
              <Value>135</Value>
            </HeartRateBpm>
            <Extensions>
              <ns3:TPX>
                <ns3:Speed>1.5859999656677246</ns3:Speed>
              </ns3:TPX>
            </Extensions>
          </Trackpoint>
          <Trackpoint>
            <Time>2026-06-17T21:00:38.000Z</Time>
            <Position>
              <LatitudeDegrees>43.129527596756816</LatitudeDegrees>
              <LongitudeDegrees>-2.574342302978039</LongitudeDegrees>
            </Position>
            <AltitudeMeters>168.1999969482422</AltitudeMeters>
            <DistanceMeters>1038.72998046875</DistanceMeters>
            <HeartRateBpm>
              <Value>136</Value>
            </HeartRateBpm>
            <Extensions>
              <ns3:TPX>
                <ns3:Speed>1.6139999628067017</ns3:Speed>
              </ns3:TPX>
            </Extensions>
          </Trackpoint>
          <Trackpoint>
            <Time>2026-06-17T21:00:40.000Z</Time>
            <Position>
              <LatitudeDegrees>43.12952290289104</LatitudeDegrees>
              <LongitudeDegrees>-2.574305757880211</LongitudeDegrees>
            </Position>
            <AltitudeMeters>168.1999969482422</AltitudeMeters>
            <DistanceMeters>1041.6300048828125</DistanceMeters>
            <HeartRateBpm>
              <Value>134</Value>
            </HeartRateBpm>
            <Extensions>
              <ns3:TPX>
                <ns3:Speed>1.6139999628067017</ns3:Speed>
              </ns3:TPX>
            </Extensions>
          </Trackpoint>
          <Trackpoint>
            <Time>2026-06-17T21:00:44.000Z</Time>
            <Position>
              <LatitudeDegrees>43.1295164488256</LatitudeDegrees>
              <LongitudeDegrees>-2.5742402113974094</LongitudeDegrees>
            </Position>
            <AltitudeMeters>168.39999389648438</AltitudeMeters>
            <DistanceMeters>1047.4100341796875</DistanceMeters>
            <HeartRateBpm>
              <Value>136</Value>
            </HeartRateBpm>
            <Extensions>
              <ns3:TPX>
                <ns3:Speed>1.6050000190734863</ns3:Speed>
              </ns3:TPX>
            </Extensions>
          </Trackpoint>
          <Trackpoint>
            <Time>2026-06-17T21:00:46.000Z</Time>
            <Position>
              <LatitudeDegrees>43.12950094230473</LatitudeDegrees>
              <LongitudeDegrees>-2.574194697663188</LongitudeDegrees>
            </Position>
            <AltitudeMeters>168.39999389648438</AltitudeMeters>
            <DistanceMeters>1050.5400390625</DistanceMeters>
            <HeartRateBpm>
              <Value>134</Value>
            </HeartRateBpm>
            <Extensions>
              <ns3:TPX>
                <ns3:Speed>1.5959999561309814</ns3:Speed>
              </ns3:TPX>
            </Extensions>
          </Trackpoint>
          <Trackpoint>
            <Time>2026-06-17T21:00:50.000Z</Time>
            <Position>
              <LatitudeDegrees>43.12946523539722</LatitudeDegrees>
              <LongitudeDegrees>-2.5741052627563477</LongitudeDegrees>
            </Position>
            <AltitudeMeters>168.60000610351562</AltitudeMeters>
            <DistanceMeters>1057.6099853515625</DistanceMeters>
            <HeartRateBpm>
              <Value>131</Value>
            </HeartRateBpm>
            <Extensions>
              <ns3:TPX>
                <ns3:Speed>1.5959999561309814</ns3:Speed>
              </ns3:TPX>
            </Extensions>
          </Trackpoint>
          <Trackpoint>
            <Time>2026-06-17T21:00:54.000Z</Time>
            <Position>
              <LatitudeDegrees>43.12942952848971</LatitudeDegrees>
              <LongitudeDegrees>-2.574036531150341</LongitudeDegrees>
            </Position>
            <AltitudeMeters>168.8000030517578</AltitudeMeters>
            <DistanceMeters>1063.760009765625</DistanceMeters>
            <HeartRateBpm>
              <Value>131</Value>
            </HeartRateBpm>
            <Extensions>
              <ns3:TPX>
                <ns3:Speed>1.5959999561309814</ns3:Speed>
              </ns3:TPX>
            </Extensions>
          </Trackpoint>
          <Trackpoint>
            <Time>2026-06-17T21:00:58.000Z</Time>
            <Position>
              <LatitudeDegrees>43.129398515447974</LatitudeDegrees>
              <LongitudeDegrees>-2.573978193104267</LongitudeDegrees>
            </Position>
            <AltitudeMeters>169.1999969482422</AltitudeMeters>
            <DistanceMeters>1069.0400390625</DistanceMeters>
            <HeartRateBpm>
              <Value>130</Value>
            </HeartRateBpm>
            <Extensions>
              <ns3:TPX>
                <ns3:Speed>1.5579999685287476</ns3:Speed>
              </ns3:TPX>
            </Extensions>
          </Trackpoint>
          <Trackpoint>
            <Time>2026-06-17T21:01:00.000Z</Time>
            <Position>
              <LatitudeDegrees>43.129386864602566</LatitudeDegrees>
              <LongitudeDegrees>-2.573950281366706</LongitudeDegrees>
            </Position>
            <AltitudeMeters>169.60000610351562</AltitudeMeters>
            <DistanceMeters>1071.7099609375</DistanceMeters>
            <HeartRateBpm>
              <Value>131</Value>
            </HeartRateBpm>
            <Extensions>
              <ns3:TPX>
                <ns3:Speed>1.5210000276565552</ns3:Speed>
              </ns3:TPX>
            </Extensions>
          </Trackpoint>
          <Trackpoint>
            <Time>2026-06-17T21:01:02.000Z</Time>
            <Position>
              <LatitudeDegrees>43.129375046119094</LatitudeDegrees>
              <LongitudeDegrees>-2.573926141485572</LongitudeDegrees>
            </Position>
            <AltitudeMeters>169.60000610351562</AltitudeMeters>
            <DistanceMeters>1074.0799560546875</DistanceMeters>
            <HeartRateBpm>
              <Value>131</Value>
            </HeartRateBpm>
            <Extensions>
              <ns3:TPX>
                <ns3:Speed>1.4839999675750732</ns3:Speed>
              </ns3:TPX>
            </Extensions>
          </Trackpoint>
          <Trackpoint>
            <Time>2026-06-17T21:01:06.000Z</Time>
            <Position>
              <LatitudeDegrees>43.12933338806033</LatitudeDegrees>
              <LongitudeDegrees>-2.573885740712285</LongitudeDegrees>
            </Position>
            <AltitudeMeters>170.0</AltitudeMeters>
            <DistanceMeters>1078.530029296875</DistanceMeters>
            <HeartRateBpm>
              <Value>128</Value>
            </HeartRateBpm>
            <Extensions>
              <ns3:TPX>
                <ns3:Speed>1.4179999828338623</ns3:Speed>
              </ns3:TPX>
            </Extensions>
          </Trackpoint>
          <Trackpoint>
            <Time>2026-06-17T21:01:08.000Z</Time>
            <Position>
              <LatitudeDegrees>43.12930220738053</LatitudeDegrees>
              <LongitudeDegrees>-2.57386009208858</LongitudeDegrees>
            </Position>
            <AltitudeMeters>170.1999969482422</AltitudeMeters>
            <DistanceMeters>1082.510009765625</DistanceMeters>
            <HeartRateBpm>
              <Value>126</Value>
            </HeartRateBpm>
            <Extensions>
              <ns3:TPX>
                <ns3:Speed>1.4179999828338623</ns3:Speed>
              </ns3:TPX>
            </Extensions>
          </Trackpoint>
          <Trackpoint>
            <Time>2026-06-17T21:01:11.000Z</Time>
            <Position>
              <LatitudeDegrees>43.12926650047302</LatitudeDegrees>
              <LongitudeDegrees>-2.5738199427723885</LongitudeDegrees>
            </Position>
            <AltitudeMeters>170.39999389648438</AltitudeMeters>
            <DistanceMeters>1088.18994140625</DistanceMeters>
            <HeartRateBpm>
              <Value>123</Value>
            </HeartRateBpm>
            <Extensions>
              <ns3:TPX>
                <ns3:Speed>1.437000036239624</ns3:Speed>
              </ns3:TPX>
            </Extensions>
          </Trackpoint>
          <Trackpoint>
            <Time>2026-06-17T21:01:12.000Z</Time>
            <Position>
              <LatitudeDegrees>43.12925577163696</LatitudeDegrees>
              <LongitudeDegrees>-2.573813069611788</LongitudeDegrees>
            </Position>
            <AltitudeMeters>170.39999389648438</AltitudeMeters>
            <DistanceMeters>1089.9000244140625</DistanceMeters>
            <HeartRateBpm>
              <Value>121</Value>
            </HeartRateBpm>
            <Extensions>
              <ns3:TPX>
                <ns3:Speed>1.437000036239624</ns3:Speed>
              </ns3:TPX>
            </Extensions>
          </Trackpoint>
          <Trackpoint>
            <Time>2026-06-17T21:01:14.000Z</Time>
            <Position>
              <LatitudeDegrees>43.129234397783875</LatitudeDegrees>
              <LongitudeDegrees>-2.573795383796096</LongitudeDegrees>
            </Position>
            <AltitudeMeters>170.8000030517578</AltitudeMeters>
            <DistanceMeters>1093.030029296875</DistanceMeters>
            <HeartRateBpm>
              <Value>121</Value>
            </HeartRateBpm>
            <Extensions>
              <ns3:TPX>
                <ns3:Speed>1.4279999732971191</ns3:Speed>
              </ns3:TPX>
            </Extensions>
          </Trackpoint>
          <Trackpoint>
            <Time>2026-06-17T21:01:15.000Z</Time>
            <Position>
              <LatitudeDegrees>43.12922425568104</LatitudeDegrees>
              <LongitudeDegrees>-2.573783565312624</LongitudeDegrees>
            </Position>
            <AltitudeMeters>170.8000030517578</AltitudeMeters>
            <DistanceMeters>1094.8399658203125</DistanceMeters>
            <HeartRateBpm>
              <Value>122</Value>
            </HeartRateBpm>
            <Extensions>
              <ns3:TPX>
                <ns3:Speed>1.437000036239624</ns3:Speed>
              </ns3:TPX>
            </Extensions>
          </Trackpoint>
          <Trackpoint>
            <Time>2026-06-17T21:01:18.000Z</Time>
            <Position>
              <LatitudeDegrees>43.12920128926635</LatitudeDegrees>
              <LongitudeDegrees>-2.573706703260541</LongitudeDegrees>
            </Position>
            <AltitudeMeters>171.0</AltitudeMeters>
            <DistanceMeters>1101.010009765625</DistanceMeters>
            <HeartRateBpm>
              <Value>119</Value>
            </HeartRateBpm>
            <Extensions>
              <ns3:TPX>
                <ns3:Speed>1.4739999771118164</ns3:Speed>
              </ns3:TPX>
            </Extensions>
          </Trackpoint>
          <Trackpoint>
            <Time>2026-06-17T21:01:22.000Z</Time>
            <Position>
              <LatitudeDegrees>43.12919248826802</LatitudeDegrees>
              <LongitudeDegrees>-2.573616513982415</LongitudeDegrees>
            </Position>
            <AltitudeMeters>171.39999389648438</AltitudeMeters>
            <DistanceMeters>1108.06005859375</DistanceMeters>
            <HeartRateBpm>
              <Value>120</Value>
            </HeartRateBpm>
            <Extensions>
              <ns3:TPX>
                <ns3:Speed>1.5119999647140503</ns3:Speed>
              </ns3:TPX>
            </Extensions>
          </Trackpoint>
          <Trackpoint>
            <Time>2026-06-17T21:01:25.000Z</Time>
            <Position>
              <LatitudeDegrees>43.12919081188738</LatitudeDegrees>
              <LongitudeDegrees>-2.5735631212592125</LongitudeDegrees>
            </Position>
            <AltitudeMeters>171.60000610351562</AltitudeMeters>
            <DistanceMeters>1113.5899658203125</DistanceMeters>
            <HeartRateBpm>
              <Value>119</Value>
            </HeartRateBpm>
            <Extensions>
              <ns3:TPX>
                <ns3:Speed>1.5299999713897705</ns3:Speed>
              </ns3:TPX>
            </Extensions>
          </Trackpoint>
          <Trackpoint>
            <Time>2026-06-17T21:01:26.000Z</Time>
            <Position>
              <LatitudeDegrees>43.12919173389673</LatitudeDegrees>
              <LongitudeDegrees>-2.5735475309193134</LongitudeDegrees>
            </Position>
            <AltitudeMeters>171.8000030517578</AltitudeMeters>
            <DistanceMeters>1115.030029296875</DistanceMeters>
            <HeartRateBpm>
              <Value>119</Value>
            </HeartRateBpm>
            <Extensions>
              <ns3:TPX>
                <ns3:Speed>1.5299999713897705</ns3:Speed>
              </ns3:TPX>
            </Extensions>
          </Trackpoint>
          <Trackpoint>
            <Time>2026-06-17T21:01:28.000Z</Time>
            <Position>
              <LatitudeDegrees>43.129198187962174</LatitudeDegrees>
              <LongitudeDegrees>-2.57351266220212</LongitudeDegrees>
            </Position>
            <AltitudeMeters>171.8000030517578</AltitudeMeters>
            <DistanceMeters>1119.0</DistanceMeters>
            <HeartRateBpm>
              <Value>117</Value>
            </HeartRateBpm>
            <Extensions>
              <ns3:TPX>
                <ns3:Speed>1.5399999618530273</ns3:Speed>
              </ns3:TPX>
            </Extensions>
          </Trackpoint>
          <Trackpoint>
            <Time>2026-06-17T21:01:29.000Z</Time>
            <Position>
              <LatitudeDegrees>43.12919810414314</LatitudeDegrees>
              <LongitudeDegrees>-2.573494305834174</LongitudeDegrees>
            </Position>
            <AltitudeMeters>171.8000030517578</AltitudeMeters>
            <DistanceMeters>1120.8599853515625</DistanceMeters>
            <HeartRateBpm>
              <Value>117</Value>
            </HeartRateBpm>
            <Extensions>
              <ns3:TPX>
                <ns3:Speed>1.5579999685287476</ns3:Speed>
              </ns3:TPX>
            </Extensions>
          </Trackpoint>
          <Trackpoint>
            <Time>2026-06-17T21:01:33.000Z</Time>
            <Position>
              <LatitudeDegrees>43.129204558208585</LatitudeDegrees>
              <LongitudeDegrees>-2.573411827906966</LongitudeDegrees>
            </Position>
            <AltitudeMeters>171.8000030517578</AltitudeMeters>
            <DistanceMeters>1125.72998046875</DistanceMeters>
            <HeartRateBpm>
              <Value>116</Value>
            </HeartRateBpm>
            <Extensions>
              <ns3:TPX>
                <ns3:Speed>1.5399999618530273</ns3:Speed>
              </ns3:TPX>
            </Extensions>
          </Trackpoint>
          <Trackpoint>
            <Time>2026-06-17T21:01:35.000Z</Time>
            <Position>
              <LatitudeDegrees>43.129205061122775</LatitudeDegrees>
              <LongitudeDegrees>-2.5733614526689053</LongitudeDegrees>
            </Position>
            <AltitudeMeters>171.8000030517578</AltitudeMeters>
            <DistanceMeters>1128.739990234375</DistanceMeters>
            <HeartRateBpm>
              <Value>115</Value>
            </HeartRateBpm>
            <Extensions>
              <ns3:TPX>
                <ns3:Speed>1.5299999713897705</ns3:Speed>
              </ns3:TPX>
            </Extensions>
          </Trackpoint>
          <Trackpoint>
            <Time>2026-06-17T21:01:41.000Z</Time>
            <Position>
              <LatitudeDegrees>43.129193326458335</LatitudeDegrees>
              <LongitudeDegrees>-2.573222815990448</LongitudeDegrees>
            </Position>
            <AltitudeMeters>171.8000030517578</AltitudeMeters>
            <DistanceMeters>1139.31005859375</DistanceMeters>
            <HeartRateBpm>
              <Value>112</Value>
            </HeartRateBpm>
            <Extensions>
              <ns3:TPX>
                <ns3:Speed>1.6139999628067017</ns3:Speed>
              </ns3:TPX>
            </Extensions>
          </Trackpoint>
          <Trackpoint>
            <Time>2026-06-17T21:01:43.000Z</Time>
            <Position>
              <LatitudeDegrees>43.129189386963844</LatitudeDegrees>
              <LongitudeDegrees>-2.573186606168747</LongitudeDegrees>
            </Position>
            <AltitudeMeters>172.0</AltitudeMeters>
            <DistanceMeters>1143.010009765625</DistanceMeters>
            <HeartRateBpm>
              <Value>114</Value>
            </HeartRateBpm>
            <Extensions>
              <ns3:TPX>
                <ns3:Speed>1.6419999599456787</ns3:Speed>
              </ns3:TPX>
            </Extensions>
          </Trackpoint>
          <Trackpoint>
            <Time>2026-06-17T21:01:51.000Z</Time>
            <Position>
              <LatitudeDegrees>43.12919064424932</LatitudeDegrees>
              <LongitudeDegrees>-2.5730471312999725</LongitudeDegrees>
            </Position>
            <AltitudeMeters>172.1999969482422</AltitudeMeters>
            <DistanceMeters>1155.97998046875</DistanceMeters>
            <HeartRateBpm>
              <Value>112</Value>
            </HeartRateBpm>
            <Extensions>
              <ns3:TPX>
                <ns3:Speed>1.6419999599456787</ns3:Speed>
              </ns3:TPX>
            </Extensions>
          </Trackpoint>
          <Trackpoint>
            <Time>2026-06-17T21:01:55.000Z</Time>
            <Position>
              <LatitudeDegrees>43.12919257208705</LatitudeDegrees>
              <LongitudeDegrees>-2.5729794055223465</LongitudeDegrees>
            </Position>
            <AltitudeMeters>172.39999389648438</AltitudeMeters>
            <DistanceMeters>1161.31005859375</DistanceMeters>
            <HeartRateBpm>
              <Value>109</Value>
            </HeartRateBpm>
            <Extensions>
              <ns3:TPX>
                <ns3:Speed>1.5859999656677246</ns3:Speed>
              </ns3:TPX>
            </Extensions>
          </Trackpoint>
          <Trackpoint>
            <Time>2026-06-17T21:01:58.000Z</Time>
            <Position>
              <LatitudeDegrees>43.129198271781206</LatitudeDegrees>
              <LongitudeDegrees>-2.5729158706963062</LongitudeDegrees>
            </Position>
            <AltitudeMeters>172.39999389648438</AltitudeMeters>
            <DistanceMeters>1166.52001953125</DistanceMeters>
            <HeartRateBpm>
              <Value>107</Value>
            </HeartRateBpm>
            <Extensions>
              <ns3:TPX>
                <ns3:Speed>1.6050000190734863</ns3:Speed>
              </ns3:TPX>
            </Extensions>
          </Trackpoint>
          <Trackpoint>
            <Time>2026-06-17T21:02:00.000Z</Time>
            <Position>
              <LatitudeDegrees>43.12919366173446</LatitudeDegrees>
              <LongitudeDegrees>-2.5728747993707657</LongitudeDegrees>
            </Position>
            <AltitudeMeters>172.39999389648438</AltitudeMeters>
            <DistanceMeters>1169.6099853515625</DistanceMeters>
            <HeartRateBpm>
              <Value>106</Value>
            </HeartRateBpm>
            <Extensions>
              <ns3:TPX>
                <ns3:Speed>1.6050000190734863</ns3:Speed>
              </ns3:TPX>
            </Extensions>
          </Trackpoint>
          <Trackpoint>
            <Time>2026-06-17T21:02:06.000Z</Time>
            <Position>
              <LatitudeDegrees>43.129206486046314</LatitudeDegrees>
              <LongitudeDegrees>-2.5727638229727745</LongitudeDegrees>
            </Position>
            <AltitudeMeters>172.60000610351562</AltitudeMeters>
            <DistanceMeters>1178.8900146484375</DistanceMeters>
            <HeartRateBpm>
              <Value>107</Value>
            </HeartRateBpm>
            <Extensions>
              <ns3:TPX>
                <ns3:Speed>1.6050000190734863</ns3:Speed>
              </ns3:TPX>
            </Extensions>
          </Trackpoint>
          <Trackpoint>
            <Time>2026-06-17T21:02:12.000Z</Time>
            <Position>
              <LatitudeDegrees>43.12921369448304</LatitudeDegrees>
              <LongitudeDegrees>-2.572638764977455</LongitudeDegrees>
            </Position>
            <AltitudeMeters>172.8000030517578</AltitudeMeters>
            <DistanceMeters>1189.1800537109375</DistanceMeters>
            <HeartRateBpm>
              <Value>109</Value>
            </HeartRateBpm>
            <Extensions>
              <ns3:TPX>
                <ns3:Speed>1.6139999628067017</ns3:Speed>
              </ns3:TPX>
            </Extensions>
          </Trackpoint>
          <Trackpoint>
            <Time>2026-06-17T21:02:13.000Z</Time>
            <Position>
              <LatitudeDegrees>43.12921377830207</LatitudeDegrees>
              <LongitudeDegrees>-2.5726220849901438</LongitudeDegrees>
            </Position>
            <AltitudeMeters>172.8000030517578</AltitudeMeters>
            <DistanceMeters>1190.8499755859375</DistanceMeters>
            <HeartRateBpm>
              <Value>112</Value>
            </HeartRateBpm>
            <Extensions>
              <ns3:TPX>
                <ns3:Speed>1.6139999628067017</ns3:Speed>
              </ns3:TPX>
            </Extensions>
          </Trackpoint>
          <Trackpoint>
            <Time>2026-06-17T21:02:14.000Z</Time>
            <Position>
              <LatitudeDegrees>43.12921637669206</LatitudeDegrees>
              <LongitudeDegrees>-2.572601046413183</LongitudeDegrees>
            </Position>
            <AltitudeMeters>172.8000030517578</AltitudeMeters>
            <DistanceMeters>1192.5400390625</DistanceMeters>
            <HeartRateBpm>
              <Value>112</Value>
            </HeartRateBpm>
            <Extensions>
              <ns3:TPX>
                <ns3:Speed>1.6139999628067017</ns3:Speed>
              </ns3:TPX>
            </Extensions>
          </Trackpoint>
          <Trackpoint>
            <Time>2026-06-17T21:02:21.000Z</Time>
            <Position>
              <LatitudeDegrees>43.1292315479368</LatitudeDegrees>
              <LongitudeDegrees>-2.572459476068616</LongitudeDegrees>
            </Position>
            <AltitudeMeters>173.1999969482422</AltitudeMeters>
            <DistanceMeters>1203.4300537109375</DistanceMeters>
            <HeartRateBpm>
              <Value>112</Value>
            </HeartRateBpm>
            <Extensions>
              <ns3:TPX>
                <ns3:Speed>1.6239999532699585</ns3:Speed>
              </ns3:TPX>
            </Extensions>
          </Trackpoint>
          <Trackpoint>
            <Time>2026-06-17T21:02:23.000Z</Time>
            <Position>
              <LatitudeDegrees>43.12923464924097</LatitudeDegrees>
              <LongitudeDegrees>-2.5724163092672825</LongitudeDegrees>
            </Position>
            <AltitudeMeters>173.1999969482422</AltitudeMeters>
            <DistanceMeters>1207.4300537109375</DistanceMeters>
            <HeartRateBpm>
              <Value>109</Value>
            </HeartRateBpm>
            <Extensions>
              <ns3:TPX>
                <ns3:Speed>1.6330000162124634</ns3:Speed>
              </ns3:TPX>
            </Extensions>
          </Trackpoint>
          <Trackpoint>
            <Time>2026-06-17T21:02:27.000Z</Time>
            <Position>
              <LatitudeDegrees>43.129250071942806</LatitudeDegrees>
              <LongitudeDegrees>-2.572346907109022</LongitudeDegrees>
            </Position>
            <AltitudeMeters>173.39999389648438</AltitudeMeters>
            <DistanceMeters>1214.0899658203125</DistanceMeters>
            <HeartRateBpm>
              <Value>109</Value>
            </HeartRateBpm>
            <Extensions>
              <ns3:TPX>
                <ns3:Speed>1.6419999599456787</ns3:Speed>
              </ns3:TPX>
            </Extensions>
          </Trackpoint>
          <Trackpoint>
            <Time>2026-06-17T21:02:28.000Z</Time>
            <Position>
              <LatitudeDegrees>43.12925074249506</LatitudeDegrees>
              <LongitudeDegrees>-2.5723333284258842</LongitudeDegrees>
            </Position>
            <AltitudeMeters>173.39999389648438</AltitudeMeters>
            <DistanceMeters>1215.4599609375</DistanceMeters>
            <HeartRateBpm>
              <Value>108</Value>
            </HeartRateBpm>
            <Extensions>
              <ns3:TPX>
                <ns3:Speed>1.6419999599456787</ns3:Speed>
              </ns3:TPX>
            </Extensions>
          </Trackpoint>
          <Trackpoint>
            <Time>2026-06-17T21:02:34.000Z</Time>
            <Position>
              <LatitudeDegrees>43.12924579717219</LatitudeDegrees>
              <LongitudeDegrees>-2.572203576564789</LongitudeDegrees>
            </Position>
            <AltitudeMeters>173.60000610351562</AltitudeMeters>
            <DistanceMeters>1224.8699951171875</DistanceMeters>
            <HeartRateBpm>
              <Value>109</Value>
            </HeartRateBpm>
            <Extensions>
              <ns3:TPX>
                <ns3:Speed>1.6419999599456787</ns3:Speed>
              </ns3:TPX>
            </Extensions>
          </Trackpoint>
          <Trackpoint>
            <Time>2026-06-17T21:02:41.000Z</Time>
            <Position>
              <LatitudeDegrees>43.129237750545144</LatitudeDegrees>
              <LongitudeDegrees>-2.5720554683357477</LongitudeDegrees>
            </Position>
            <AltitudeMeters>173.60000610351562</AltitudeMeters>
            <DistanceMeters>1237.280029296875</DistanceMeters>
            <HeartRateBpm>
              <Value>108</Value>
            </HeartRateBpm>
            <Extensions>
              <ns3:TPX>
                <ns3:Speed>1.6610000133514404</ns3:Speed>
              </ns3:TPX>
            </Extensions>
          </Trackpoint>
          <Trackpoint>
            <Time>2026-06-17T21:02:45.000Z</Time>
            <Position>
              <LatitudeDegrees>43.12922433950007</LatitudeDegrees>
              <LongitudeDegrees>-2.571981456130743</LongitudeDegrees>
            </Position>
            <AltitudeMeters>173.8000030517578</AltitudeMeters>
            <DistanceMeters>1243.8299560546875</DistanceMeters>
            <HeartRateBpm>
              <Value>110</Value>
            </HeartRateBpm>
            <Extensions>
              <ns3:TPX>
                <ns3:Speed>1.6519999504089355</ns3:Speed>
              </ns3:TPX>
            </Extensions>
          </Trackpoint>
          <Trackpoint>
            <Time>2026-06-17T21:02:48.000Z</Time>
            <Position>
              <LatitudeDegrees>43.129228949546814</LatitudeDegrees>
              <LongitudeDegrees>-2.5719200167804956</LongitudeDegrees>
            </Position>
            <AltitudeMeters>174.0</AltitudeMeters>
            <DistanceMeters>1248.510009765625</DistanceMeters>
            <HeartRateBpm>
              <Value>108</Value>
            </HeartRateBpm>
            <Extensions>
              <ns3:TPX>
                <ns3:Speed>1.6519999504089355</ns3:Speed>
              </ns3:TPX>
            </Extensions>
          </Trackpoint>
          <Trackpoint>
            <Time>2026-06-17T21:02:51.000Z</Time>
            <Position>
              <LatitudeDegrees>43.129228949546814</LatitudeDegrees>
              <LongitudeDegrees>-2.571847178041935</LongitudeDegrees>
            </Position>
            <AltitudeMeters>174.0</AltitudeMeters>
            <DistanceMeters>1254.1600341796875</DistanceMeters>
            <HeartRateBpm>
              <Value>105</Value>
            </HeartRateBpm>
            <Extensions>
              <ns3:TPX>
                <ns3:Speed>1.6610000133514404</ns3:Speed>
              </ns3:TPX>
            </Extensions>
          </Trackpoint>
          <Trackpoint>
            <Time>2026-06-17T21:02:54.000Z</Time>
            <Position>
              <LatitudeDegrees>43.129229536280036</LatitudeDegrees>
              <LongitudeDegrees>-2.5718019157648087</LongitudeDegrees>
            </Position>
            <AltitudeMeters>174.1999969482422</AltitudeMeters>
            <DistanceMeters>1258.3299560546875</DistanceMeters>
            <HeartRateBpm>
              <Value>105</Value>
            </HeartRateBpm>
            <Extensions>
              <ns3:TPX>
                <ns3:Speed>1.6610000133514404</ns3:Speed>
              </ns3:TPX>
            </Extensions>
          </Trackpoint>
          <Trackpoint>
            <Time>2026-06-17T21:02:59.000Z</Time>
            <Position>
              <LatitudeDegrees>43.129243701696396</LatitudeDegrees>
              <LongitudeDegrees>-2.5717106368392706</LongitudeDegrees>
            </Position>
            <AltitudeMeters>174.60000610351562</AltitudeMeters>
            <DistanceMeters>1265.5</DistanceMeters>
            <HeartRateBpm>
              <Value>106</Value>
            </HeartRateBpm>
            <Extensions>
              <ns3:TPX>
                <ns3:Speed>1.6239999532699585</ns3:Speed>
              </ns3:TPX>
            </Extensions>
          </Trackpoint>
          <Trackpoint>
            <Time>2026-06-17T21:03:01.000Z</Time>
            <Position>
              <LatitudeDegrees>43.12924579717219</LatitudeDegrees>
              <LongitudeDegrees>-2.5716741755604744</LongitudeDegrees>
            </Position>
            <AltitudeMeters>174.60000610351562</AltitudeMeters>
            <DistanceMeters>1267.989990234375</DistanceMeters>
            <HeartRateBpm>
              <Value>104</Value>
            </HeartRateBpm>
            <Extensions>
              <ns3:TPX>
                <ns3:Speed>1.6050000190734863</ns3:Speed>
              </ns3:TPX>
            </Extensions>
          </Trackpoint>
          <Trackpoint>
            <Time>2026-06-17T21:03:07.000Z</Time>
            <Position>
              <LatitudeDegrees>43.12924445606768</LatitudeDegrees>
              <LongitudeDegrees>-2.571568563580513</LongitudeDegrees>
            </Position>
            <AltitudeMeters>174.60000610351562</AltitudeMeters>
            <DistanceMeters>1276.1700439453125</DistanceMeters>
            <HeartRateBpm>
              <Value>105</Value>
            </HeartRateBpm>
            <Extensions>
              <ns3:TPX>
                <ns3:Speed>1.5770000219345093</ns3:Speed>
              </ns3:TPX>
            </Extensions>
          </Trackpoint>
          <Trackpoint>
            <Time>2026-06-17T21:03:08.000Z</Time>
            <Position>
              <LatitudeDegrees>43.12924386933446</LatitudeDegrees>
              <LongitudeDegrees>-2.5715513806790113</LongitudeDegrees>
            </Position>
            <AltitudeMeters>174.60000610351562</AltitudeMeters>
            <DistanceMeters>1277.3900146484375</DistanceMeters>
            <HeartRateBpm>
              <Value>102</Value>
            </HeartRateBpm>
            <Extensions>
              <ns3:TPX>
                <ns3:Speed>1.5679999589920044</ns3:Speed>
              </ns3:TPX>
            </Extensions>
          </Trackpoint>
          <Trackpoint>
            <Time>2026-06-17T21:03:12.000Z</Time>
            <Position>
              <LatitudeDegrees>43.129240684211254</LatitudeDegrees>
              <LongitudeDegrees>-2.571481140330434</LongitudeDegrees>
            </Position>
            <AltitudeMeters>174.8000030517578</AltitudeMeters>
            <DistanceMeters>1284.1500244140625</DistanceMeters>
            <HeartRateBpm>
              <Value>103</Value>
            </HeartRateBpm>
            <Extensions>
              <ns3:TPX>
                <ns3:Speed>1.5579999685287476</ns3:Speed>
              </ns3:TPX>
            </Extensions>
          </Trackpoint>
          <Trackpoint>
            <Time>2026-06-17T21:03:14.000Z</Time>
            <Position>
              <LatitudeDegrees>43.12924479134381</LatitudeDegrees>
              <LongitudeDegrees>-2.571440488100052</LongitudeDegrees>
            </Position>
            <AltitudeMeters>174.8000030517578</AltitudeMeters>
            <DistanceMeters>1287.0699462890625</DistanceMeters>
            <HeartRateBpm>
              <Value>102</Value>
            </HeartRateBpm>
            <Extensions>
              <ns3:TPX>
                <ns3:Speed>1.5490000247955322</ns3:Speed>
              </ns3:TPX>
            </Extensions>
          </Trackpoint>
          <Trackpoint>
            <Time>2026-06-17T21:03:22.000Z</Time>
            <Position>
              <LatitudeDegrees>43.12924839556217</LatitudeDegrees>
              <LongitudeDegrees>-2.5712706707417965</LongitudeDegrees>
            </Position>
            <AltitudeMeters>175.1999969482422</AltitudeMeters>
            <DistanceMeters>1302.06005859375</DistanceMeters>
            <HeartRateBpm>
              <Value>102</Value>
            </HeartRateBpm>
            <Extensions>
              <ns3:TPX>
                <ns3:Speed>1.5859999656677246</ns3:Speed>
              </ns3:TPX>
            </Extensions>
          </Trackpoint>
          <Trackpoint>
            <Time>2026-06-17T21:03:25.000Z</Time>
            <Position>
              <LatitudeDegrees>43.12922383658588</LatitudeDegrees>
              <LongitudeDegrees>-2.571201017126441</LongitudeDegrees>
            </Position>
            <AltitudeMeters>175.60000610351562</AltitudeMeters>
            <DistanceMeters>1307.6300048828125</DistanceMeters>
            <HeartRateBpm>
              <Value>99</Value>
            </HeartRateBpm>
            <Extensions>
              <ns3:TPX>
                <ns3:Speed>1.6419999599456787</ns3:Speed>
              </ns3:TPX>
            </Extensions>
          </Trackpoint>
          <Trackpoint>
            <Time>2026-06-17T21:03:28.000Z</Time>
            <Position>
              <LatitudeDegrees>43.129189973697066</LatitudeDegrees>
              <LongitudeDegrees>-2.5711372308433056</LongitudeDegrees>
            </Position>
            <AltitudeMeters>176.0</AltitudeMeters>
            <DistanceMeters>1312.449951171875</DistanceMeters>
            <HeartRateBpm>
              <Value>97</Value>
            </HeartRateBpm>
            <Extensions>
              <ns3:TPX>
                <ns3:Speed>1.6519999504089355</ns3:Speed>
              </ns3:TPX>
            </Extensions>
          </Trackpoint>
          <Trackpoint>
            <Time>2026-06-17T21:03:29.000Z</Time>
            <Position>
              <LatitudeDegrees>43.12918268144131</LatitudeDegrees>
              <LongitudeDegrees>-2.571119796484709</LongitudeDegrees>
            </Position>
            <AltitudeMeters>176.0</AltitudeMeters>
            <DistanceMeters>1314.010009765625</DistanceMeters>
            <HeartRateBpm>
              <Value>96</Value>
            </HeartRateBpm>
            <Extensions>
              <ns3:TPX>
                <ns3:Speed>1.6519999504089355</ns3:Speed>
              </ns3:TPX>
            </Extensions>
          </Trackpoint>
          <Trackpoint>
            <Time>2026-06-17T21:03:33.000Z</Time>
            <Position>
              <LatitudeDegrees>43.12916927039623</LatitudeDegrees>
              <LongitudeDegrees>-2.571046454831958</LongitudeDegrees>
            </Position>
            <AltitudeMeters>177.0</AltitudeMeters>
            <DistanceMeters>1320.0999755859375</DistanceMeters>
            <HeartRateBpm>
              <Value>97</Value>
            </HeartRateBpm>
            <Extensions>
              <ns3:TPX>
                <ns3:Speed>1.6519999504089355</ns3:Speed>
              </ns3:TPX>
            </Extensions>
          </Trackpoint>
          <Trackpoint>
            <Time>2026-06-17T21:03:36.000Z</Time>
            <Position>
              <LatitudeDegrees>43.129179161041975</LatitudeDegrees>
              <LongitudeDegrees>-2.5709920562803745</LongitudeDegrees>
            </Position>
            <AltitudeMeters>177.39999389648438</AltitudeMeters>
            <DistanceMeters>1324.780029296875</DistanceMeters>
            <HeartRateBpm>
              <Value>96</Value>
            </HeartRateBpm>
            <Extensions>
              <ns3:TPX>
                <ns3:Speed>1.6519999504089355</ns3:Speed>
              </ns3:TPX>
            </Extensions>
          </Trackpoint>
          <Trackpoint>
            <Time>2026-06-17T21:03:39.000Z</Time>
            <Position>
              <LatitudeDegrees>43.129203049466014</LatitudeDegrees>
              <LongitudeDegrees>-2.570927683264017</LongitudeDegrees>
            </Position>
            <AltitudeMeters>177.1999969482422</AltitudeMeters>
            <DistanceMeters>1329.199951171875</DistanceMeters>
            <HeartRateBpm>
              <Value>97</Value>
            </HeartRateBpm>
            <Extensions>
              <ns3:TPX>
                <ns3:Speed>1.6419999599456787</ns3:Speed>
              </ns3:TPX>
            </Extensions>
          </Trackpoint>
          <Trackpoint>
            <Time>2026-06-17T21:03:41.000Z</Time>
            <Position>
              <LatitudeDegrees>43.12921788543463</LatitudeDegrees>
              <LongitudeDegrees>-2.5708848517388105</LongitudeDegrees>
            </Position>
            <AltitudeMeters>177.0</AltitudeMeters>
            <DistanceMeters>1334.489990234375</DistanceMeters>
            <HeartRateBpm>
              <Value>95</Value>
            </HeartRateBpm>
            <Extensions>
              <ns3:TPX>
                <ns3:Speed>1.6610000133514404</ns3:Speed>
              </ns3:TPX>
            </Extensions>
          </Trackpoint>
          <Trackpoint>
            <Time>2026-06-17T21:03:43.000Z</Time>
            <Position>
              <LatitudeDegrees>43.12923179939389</LatitudeDegrees>
              <LongitudeDegrees>-2.570844367146492</LongitudeDegrees>
            </Position>
            <AltitudeMeters>176.8000030517578</AltitudeMeters>
            <DistanceMeters>1337.9200439453125</DistanceMeters>
            <HeartRateBpm>
              <Value>98</Value>
            </HeartRateBpm>
            <Extensions>
              <ns3:TPX>
                <ns3:Speed>1.6890000104904175</ns3:Speed>
              </ns3:TPX>
            </Extensions>
          </Trackpoint>
          <Trackpoint>
            <Time>2026-06-17T21:03:44.000Z</Time>
            <Position>
              <LatitudeDegrees>43.12923506833613</LatitudeDegrees>
              <LongitudeDegrees>-2.5708309561014175</LongitudeDegrees>
            </Position>
            <AltitudeMeters>176.8000030517578</AltitudeMeters>
            <DistanceMeters>1339.9100341796875</DistanceMeters>
            <HeartRateBpm>
              <Value>98</Value>
            </HeartRateBpm>
            <Extensions>
              <ns3:TPX>
                <ns3:Speed>1.6890000104904175</ns3:Speed>
              </ns3:TPX>
            </Extensions>
          </Trackpoint>
          <Trackpoint>
            <Time>2026-06-17T21:03:47.000Z</Time>
            <Position>
              <LatitudeDegrees>43.129239762201905</LatitudeDegrees>
              <LongitudeDegrees>-2.5707817543298006</LongitudeDegrees>
            </Position>
            <AltitudeMeters>176.1999969482422</AltitudeMeters>
            <DistanceMeters>1345.4599609375</DistanceMeters>
            <HeartRateBpm>
              <Value>99</Value>
            </HeartRateBpm>
            <Extensions>
              <ns3:TPX>
                <ns3:Speed>1.7079999446868896</ns3:Speed>
              </ns3:TPX>
            </Extensions>
          </Trackpoint>
          <Trackpoint>
            <Time>2026-06-17T21:03:49.000Z</Time>
            <Position>
              <LatitudeDegrees>43.12924244441092</LatitudeDegrees>
              <LongitudeDegrees>-2.5707281939685345</LongitudeDegrees>
            </Position>
            <AltitudeMeters>176.0</AltitudeMeters>
            <DistanceMeters>1348.6500244140625</DistanceMeters>
            <HeartRateBpm>
              <Value>97</Value>
            </HeartRateBpm>
            <Extensions>
              <ns3:TPX>
                <ns3:Speed>1.6979999542236328</ns3:Speed>
              </ns3:TPX>
            </Extensions>
          </Trackpoint>
          <Trackpoint>
            <Time>2026-06-17T21:03:50.000Z</Time>
            <Position>
              <LatitudeDegrees>43.12924386933446</LatitudeDegrees>
              <LongitudeDegrees>-2.5707052275538445</LongitudeDegrees>
            </Position>
            <AltitudeMeters>176.0</AltitudeMeters>
            <DistanceMeters>1350.47998046875</DistanceMeters>
            <HeartRateBpm>
              <Value>100</Value>
            </HeartRateBpm>
            <Extensions>
              <ns3:TPX>
                <ns3:Speed>1.6979999542236328</ns3:Speed>
              </ns3:TPX>
            </Extensions>
          </Trackpoint>
          <Trackpoint>
            <Time>2026-06-17T21:03:52.000Z</Time>
            <Position>
              <LatitudeDegrees>43.129243114963174</LatitudeDegrees>
              <LongitudeDegrees>-2.570659462362528</LongitudeDegrees>
            </Position>
            <AltitudeMeters>175.60000610351562</AltitudeMeters>
            <DistanceMeters>1354.1400146484375</DistanceMeters>
            <HeartRateBpm>
              <Value>98</Value>
            </HeartRateBpm>
            <Extensions>
              <ns3:TPX>
                <ns3:Speed>1.7079999446868896</ns3:Speed>
              </ns3:TPX>
            </Extensions>
          </Trackpoint>
          <Trackpoint>
            <Time>2026-06-17T21:03:59.000Z</Time>
            <Position>
              <LatitudeDegrees>43.12926582992077</LatitudeDegrees>
              <LongitudeDegrees>-2.5705349911004305</LongitudeDegrees>
            </Position>
            <AltitudeMeters>174.8000030517578</AltitudeMeters>
            <DistanceMeters>1365.489990234375</DistanceMeters>
            <HeartRateBpm>
              <Value>97</Value>
            </HeartRateBpm>
            <Extensions>
              <ns3:TPX>
                <ns3:Speed>1.7170000076293945</ns3:Speed>
              </ns3:TPX>
            </Extensions>
          </Trackpoint>
          <Trackpoint>
            <Time>2026-06-17T21:04:01.000Z</Time>
            <Position>
              <LatitudeDegrees>43.12926926650107</LatitudeDegrees>
              <LongitudeDegrees>-2.5704849511384964</LongitudeDegrees>
            </Position>
            <AltitudeMeters>174.1999969482422</AltitudeMeters>
            <DistanceMeters>1368.9200439453125</DistanceMeters>
            <HeartRateBpm>
              <Value>97</Value>
            </HeartRateBpm>
            <Extensions>
              <ns3:TPX>
                <ns3:Speed>1.7170000076293945</ns3:Speed>
              </ns3:TPX>
            </Extensions>
          </Trackpoint>
          <Trackpoint>
            <Time>2026-06-17T21:04:04.000Z</Time>
            <Position>
              <LatitudeDegrees>43.12927328981459</LatitudeDegrees>
              <LongitudeDegrees>-2.570422003045678</LongitudeDegrees>
            </Position>
            <AltitudeMeters>174.0</AltitudeMeters>
            <DistanceMeters>1373.8299560546875</DistanceMeters>
            <HeartRateBpm>
              <Value>100</Value>
            </HeartRateBpm>
            <Extensions>
              <ns3:TPX>
                <ns3:Speed>1.7259999513626099</ns3:Speed>
              </ns3:TPX>
            </Extensions>
          </Trackpoint>
          <Trackpoint>
            <Time>2026-06-17T21:04:06.000Z</Time>
            <Position>
              <LatitudeDegrees>43.129276894032955</LatitudeDegrees>
              <LongitudeDegrees>-2.5703832786530256</LongitudeDegrees>
            </Position>
            <AltitudeMeters>173.60000610351562</AltitudeMeters>
            <DistanceMeters>1377.4000244140625</DistanceMeters>
            <HeartRateBpm>
              <Value>100</Value>
            </HeartRateBpm>
            <Extensions>
              <ns3:TPX>
                <ns3:Speed>1.7359999418258667</ns3:Speed>
              </ns3:TPX>
            </Extensions>
          </Trackpoint>
          <Trackpoint>
            <Time>2026-06-17T21:04:09.000Z</Time>
            <Position>
              <LatitudeDegrees>43.12927999533713</LatitudeDegrees>
              <LongitudeDegrees>-2.5703247729688883</LongitudeDegrees>
            </Position>
            <AltitudeMeters>173.1999969482422</AltitudeMeters>
            <DistanceMeters>1382.25</DistanceMeters>
            <HeartRateBpm>
              <Value>99</Value>
            </HeartRateBpm>
            <Extensions>
              <ns3:TPX>
                <ns3:Speed>1.7359999418258667</ns3:Speed>
              </ns3:TPX>
            </Extensions>
          </Trackpoint>
          <Trackpoint>
            <Time>2026-06-17T21:04:13.000Z</Time>
            <Position>
              <LatitudeDegrees>43.12927572056651</LatitudeDegrees>
              <LongitudeDegrees>-2.5702424626797438</LongitudeDegrees>
            </Position>
            <AltitudeMeters>172.39999389648438</AltitudeMeters>
            <DistanceMeters>1388.780029296875</DistanceMeters>
            <HeartRateBpm>
              <Value>97</Value>
            </HeartRateBpm>
            <Extensions>
              <ns3:TPX>
                <ns3:Speed>1.7170000076293945</ns3:Speed>
              </ns3:TPX>
            </Extensions>
          </Trackpoint>
          <Trackpoint>
            <Time>2026-06-17T21:04:16.000Z</Time>
            <Position>
              <LatitudeDegrees>43.12928804196417</LatitudeDegrees>
              <LongitudeDegrees>-2.570194099098444</LongitudeDegrees>
            </Position>
            <AltitudeMeters>172.0</AltitudeMeters>
            <DistanceMeters>1393.0400390625</DistanceMeters>
            <HeartRateBpm>
              <Value>96</Value>
            </HeartRateBpm>
            <Extensions>
              <ns3:TPX>
                <ns3:Speed>1.6979999542236328</ns3:Speed>
              </ns3:TPX>
            </Extensions>
          </Trackpoint>
          <Trackpoint>
            <Time>2026-06-17T21:04:20.000Z</Time>
            <Position>
              <LatitudeDegrees>43.12931704334915</LatitudeDegrees>
              <LongitudeDegrees>-2.5701143871992826</LongitudeDegrees>
            </Position>
            <AltitudeMeters>171.1999969482422</AltitudeMeters>
            <DistanceMeters>1400.280029296875</DistanceMeters>
            <HeartRateBpm>
              <Value>94</Value>
            </HeartRateBpm>
            <Extensions>
              <ns3:TPX>
                <ns3:Speed>1.7170000076293945</ns3:Speed>
              </ns3:TPX>
            </Extensions>
          </Trackpoint>
          <Trackpoint>
            <Time>2026-06-17T21:04:22.000Z</Time>
            <Position>
              <LatitudeDegrees>43.12932450324297</LatitudeDegrees>
              <LongitudeDegrees>-2.5700690411031246</LongitudeDegrees>
            </Position>
            <AltitudeMeters>171.0</AltitudeMeters>
            <DistanceMeters>1403.6400146484375</DistanceMeters>
            <HeartRateBpm>
              <Value>97</Value>
            </HeartRateBpm>
            <Extensions>
              <ns3:TPX>
                <ns3:Speed>1.7170000076293945</ns3:Speed>
              </ns3:TPX>
            </Extensions>
          </Trackpoint>
          <Trackpoint>
            <Time>2026-06-17T21:04:30.000Z</Time>
            <Position>
              <LatitudeDegrees>43.12936171889305</LatitudeDegrees>
              <LongitudeDegrees>-2.569925794377923</LongitudeDegrees>
            </Position>
            <AltitudeMeters>170.39999389648438</AltitudeMeters>
            <DistanceMeters>1416.8599853515625</DistanceMeters>
            <HeartRateBpm>
              <Value>97</Value>
            </HeartRateBpm>
            <Extensions>
              <ns3:TPX>
                <ns3:Speed>1.6139999628067017</ns3:Speed>
              </ns3:TPX>
            </Extensions>
          </Trackpoint>
          <Trackpoint>
            <Time>2026-06-17T21:04:31.000Z</Time>
            <Position>
              <LatitudeDegrees>43.12936498783529</LatitudeDegrees>
              <LongitudeDegrees>-2.5699100363999605</LongitudeDegrees>
            </Position>
            <AltitudeMeters>170.1999969482422</AltitudeMeters>
            <DistanceMeters>1418.3299560546875</DistanceMeters>
            <HeartRateBpm>
              <Value>97</Value>
            </HeartRateBpm>
            <Extensions>
              <ns3:TPX>
                <ns3:Speed>1.6139999628067017</ns3:Speed>
              </ns3:TPX>
            </Extensions>
          </Trackpoint>
          <Trackpoint>
            <Time>2026-06-17T21:04:32.000Z</Time>
            <Position>
              <LatitudeDegrees>43.12936884351075</LatitudeDegrees>
              <LongitudeDegrees>-2.5698885787278414</LongitudeDegrees>
            </Position>
            <AltitudeMeters>170.0</AltitudeMeters>
            <DistanceMeters>1420.02001953125</DistanceMeters>
            <HeartRateBpm>
              <Value>97</Value>
            </HeartRateBpm>
            <Extensions>
              <ns3:TPX>
                <ns3:Speed>1.6139999628067017</ns3:Speed>
              </ns3:TPX>
            </Extensions>
          </Trackpoint>
          <Trackpoint>
            <Time>2026-06-17T21:04:34.000Z</Time>
            <Position>
              <LatitudeDegrees>43.12937060371041</LatitudeDegrees>
              <LongitudeDegrees>-2.569846836850047</LongitudeDegrees>
            </Position>
            <AltitudeMeters>169.8000030517578</AltitudeMeters>
            <DistanceMeters>1423.2900390625</DistanceMeters>
            <HeartRateBpm>
              <Value>100</Value>
            </HeartRateBpm>
            <Extensions>
              <ns3:TPX>
                <ns3:Speed>1.6799999475479126</ns3:Speed>
              </ns3:TPX>
            </Extensions>
          </Trackpoint>
          <Trackpoint>
            <Time>2026-06-17T21:04:36.000Z</Time>
            <Position>
              <LatitudeDegrees>43.12938108108938</LatitudeDegrees>
              <LongitudeDegrees>-2.5698092859238386</LongitudeDegrees>
            </Position>
            <AltitudeMeters>169.39999389648438</AltitudeMeters>
            <DistanceMeters>1426.31005859375</DistanceMeters>
            <HeartRateBpm>
              <Value>97</Value>
            </HeartRateBpm>
            <Extensions>
              <ns3:TPX>
                <ns3:Speed>1.6699999570846558</ns3:Speed>
              </ns3:TPX>
            </Extensions>
          </Trackpoint>
          <Trackpoint>
            <Time>2026-06-17T21:04:41.000Z</Time>
            <Position>
              <LatitudeDegrees>43.12942525371909</LatitudeDegrees>
              <LongitudeDegrees>-2.569735189899802</LongitudeDegrees>
            </Position>
            <AltitudeMeters>169.1999969482422</AltitudeMeters>
            <DistanceMeters>1434.47998046875</DistanceMeters>
            <HeartRateBpm>
              <Value>95</Value>
            </HeartRateBpm>
            <Extensions>
              <ns3:TPX>
                <ns3:Speed>1.6699999570846558</ns3:Speed>
              </ns3:TPX>
            </Extensions>
          </Trackpoint>
          <Trackpoint>
            <Time>2026-06-17T21:04:42.000Z</Time>
            <Position>
              <LatitudeDegrees>43.12943195924163</LatitudeDegrees>
              <LongitudeDegrees>-2.569719683378935</LongitudeDegrees>
            </Position>
            <AltitudeMeters>169.0</AltitudeMeters>
            <DistanceMeters>1436.2900390625</DistanceMeters>
            <HeartRateBpm>
              <Value>95</Value>
            </HeartRateBpm>
            <Extensions>
              <ns3:TPX>
                <ns3:Speed>1.6699999570846558</ns3:Speed>
              </ns3:TPX>
            </Extensions>
          </Trackpoint>
          <Trackpoint>
            <Time>2026-06-17T21:04:48.000Z</Time>
            <Position>
              <LatitudeDegrees>43.12946381047368</LatitudeDegrees>
              <LongitudeDegrees>-2.569613317027688</LongitudeDegrees>
            </Position>
            <AltitudeMeters>168.60000610351562</AltitudeMeters>
            <DistanceMeters>1446.530029296875</DistanceMeters>
            <HeartRateBpm>
              <Value>95</Value>
            </HeartRateBpm>
            <Extensions>
              <ns3:TPX>
                <ns3:Speed>1.7259999513626099</ns3:Speed>
              </ns3:TPX>
            </Extensions>
          </Trackpoint>
          <Trackpoint>
            <Time>2026-06-17T21:04:57.000Z</Time>
            <Position>
              <LatitudeDegrees>43.12948149628937</LatitudeDegrees>
              <LongitudeDegrees>-2.569429250434041</LongitudeDegrees>
            </Position>
            <AltitudeMeters>168.60000610351562</AltitudeMeters>
            <DistanceMeters>1461.0699462890625</DistanceMeters>
            <HeartRateBpm>
              <Value>92</Value>
            </HeartRateBpm>
            <Extensions>
              <ns3:TPX>
                <ns3:Speed>1.6890000104904175</ns3:Speed>
              </ns3:TPX>
            </Extensions>
          </Trackpoint>
          <Trackpoint>
            <Time>2026-06-17T21:04:59.000Z</Time>
            <Position>
              <LatitudeDegrees>43.12948577105999</LatitudeDegrees>
              <LongitudeDegrees>-2.5693858321756124</LongitudeDegrees>
            </Position>
            <AltitudeMeters>168.39999389648438</AltitudeMeters>
            <DistanceMeters>1464.3900146484375</DistanceMeters>
            <HeartRateBpm>
              <Value>95</Value>
            </HeartRateBpm>
            <Extensions>
              <ns3:TPX>
                <ns3:Speed>1.6799999475479126</ns3:Speed>
              </ns3:TPX>
            </Extensions>
          </Trackpoint>
          <Trackpoint>
            <Time>2026-06-17T21:05:03.000Z</Time>
            <Position>
              <LatitudeDegrees>43.12949306331575</LatitudeDegrees>
              <LongitudeDegrees>-2.5693178549408913</LongitudeDegrees>
            </Position>
            <AltitudeMeters>168.1999969482422</AltitudeMeters>
            <DistanceMeters>1470.6300048828125</DistanceMeters>
            <HeartRateBpm>
              <Value>92</Value>
            </HeartRateBpm>
            <Extensions>
              <ns3:TPX>
                <ns3:Speed>1.6050000190734863</ns3:Speed>
              </ns3:TPX>
            </Extensions>
          </Trackpoint>
          <Trackpoint>
            <Time>2026-06-17T21:05:06.000Z</Time>
            <Position>
              <LatitudeDegrees>43.129503624513745</LatitudeDegrees>
              <LongitudeDegrees>-2.5692751072347164</LongitudeDegrees>
            </Position>
            <AltitudeMeters>168.39999389648438</AltitudeMeters>
            <DistanceMeters>1475.3199462890625</DistanceMeters>
            <HeartRateBpm>
              <Value>95</Value>
            </HeartRateBpm>
            <Extensions>
              <ns3:TPX>
                <ns3:Speed>1.6139999628067017</ns3:Speed>
              </ns3:TPX>
            </Extensions>
          </Trackpoint>
          <Trackpoint>
            <Time>2026-06-17T21:05:08.000Z</Time>
            <Position>
              <LatitudeDegrees>43.12951250933111</LatitudeDegrees>
              <LongitudeDegrees>-2.569237807765603</LongitudeDegrees>
            </Position>
            <AltitudeMeters>168.39999389648438</AltitudeMeters>
            <DistanceMeters>1478.449951171875</DistanceMeters>
            <HeartRateBpm>
              <Value>95</Value>
            </HeartRateBpm>
            <Extensions>
              <ns3:TPX>
                <ns3:Speed>1.6239999532699585</ns3:Speed>
              </ns3:TPX>
            </Extensions>
          </Trackpoint>
          <Trackpoint>
            <Time>2026-06-17T21:05:16.000Z</Time>
            <Position>
              <LatitudeDegrees>43.129580821841955</LatitudeDegrees>
              <LongitudeDegrees>-2.569156838580966</LongitudeDegrees>
            </Position>
            <AltitudeMeters>168.60000610351562</AltitudeMeters>
            <DistanceMeters>1489.4300537109375</DistanceMeters>
            <HeartRateBpm>
              <Value>95</Value>
            </HeartRateBpm>
            <Extensions>
              <ns3:TPX>
                <ns3:Speed>1.3899999856948853</ns3:Speed>
              </ns3:TPX>
            </Extensions>
          </Trackpoint>
          <Trackpoint>
            <Time>2026-06-17T21:05:21.000Z</Time>
            <Position>
              <LatitudeDegrees>43.129638405516744</LatitudeDegrees>
              <LongitudeDegrees>-2.569174189120531</LongitudeDegrees>
            </Position>
            <AltitudeMeters>168.60000610351562</AltitudeMeters>
            <DistanceMeters>1496.8699951171875</DistanceMeters>
            <HeartRateBpm>
              <Value>92</Value>
            </HeartRateBpm>
            <Extensions>
              <ns3:TPX>
                <ns3:Speed>1.5679999589920044</ns3:Speed>
              </ns3:TPX>
            </Extensions>
          </Trackpoint>
          <Trackpoint>
            <Time>2026-06-17T21:05:24.000Z</Time>
            <Position>
              <LatitudeDegrees>43.129674196243286</LatitudeDegrees>
              <LongitudeDegrees>-2.5691793859004974</LongitudeDegrees>
            </Position>
            <AltitudeMeters>168.39999389648438</AltitudeMeters>
            <DistanceMeters>1501.3499755859375</DistanceMeters>
            <HeartRateBpm>
              <Value>94</Value>
            </HeartRateBpm>
            <Extensions>
              <ns3:TPX>
                <ns3:Speed>1.5859999656677246</ns3:Speed>
              </ns3:TPX>
            </Extensions>
          </Trackpoint>
          <Trackpoint>
            <Time>2026-06-17T21:05:29.000Z</Time>
            <Position>
              <LatitudeDegrees>43.12974074855447</LatitudeDegrees>
              <LongitudeDegrees>-2.5691767036914825</LongitudeDegrees>
            </Position>
            <AltitudeMeters>168.39999389648438</AltitudeMeters>
            <DistanceMeters>1507.9200439453125</DistanceMeters>
            <HeartRateBpm>
              <Value>97</Value>
            </HeartRateBpm>
            <Extensions>
              <ns3:TPX>
                <ns3:Speed>1.4459999799728394</ns3:Speed>
              </ns3:TPX>
            </Extensions>
          </Trackpoint>
          <Trackpoint>
            <Time>2026-06-17T21:05:33.000Z</Time>
            <Position>
              <LatitudeDegrees>43.12980445101857</LatitudeDegrees>
              <LongitudeDegrees>-2.5692055374383926</LongitudeDegrees>
            </Position>
            <AltitudeMeters>168.39999389648438</AltitudeMeters>
            <DistanceMeters>1513.780029296875</DistanceMeters>
            <HeartRateBpm>
              <Value>95</Value>
            </HeartRateBpm>
            <Extensions>
              <ns3:TPX>
                <ns3:Speed>1.4459999799728394</ns3:Speed>
              </ns3:TPX>
            </Extensions>
          </Trackpoint>
          <Trackpoint>
            <Time>2026-06-17T21:05:36.000Z</Time>
            <Position>
              <LatitudeDegrees>43.129826663061976</LatitudeDegrees>
              <LongitudeDegrees>-2.569244848564267</LongitudeDegrees>
            </Position>
            <AltitudeMeters>168.39999389648438</AltitudeMeters>
            <DistanceMeters>1517.800048828125</DistanceMeters>
            <HeartRateBpm>
              <Value>98</Value>
            </HeartRateBpm>
            <Extensions>
              <ns3:TPX>
                <ns3:Speed>1.4559999704360962</ns3:Speed>
              </ns3:TPX>
            </Extensions>
          </Trackpoint>
          <Trackpoint>
            <Time>2026-06-17T21:05:37.000Z</Time>
            <Position>
              <LatitudeDegrees>43.12983864918351</LatitudeDegrees>
              <LongitudeDegrees>-2.569241328164935</LongitudeDegrees>
            </Position>
            <AltitudeMeters>168.1999969482422</AltitudeMeters>
            <DistanceMeters>1519.18994140625</DistanceMeters>
            <HeartRateBpm>
              <Value>95</Value>
            </HeartRateBpm>
            <Extensions>
              <ns3:TPX>
                <ns3:Speed>1.4559999704360962</ns3:Speed>
              </ns3:TPX>
            </Extensions>
          </Trackpoint>
          <Trackpoint>
            <Time>2026-06-17T21:05:41.000Z</Time>
            <Position>
              <LatitudeDegrees>43.129911655560136</LatitudeDegrees>
              <LongitudeDegrees>-2.569224564358592</LongitudeDegrees>
            </Position>
            <AltitudeMeters>168.39999389648438</AltitudeMeters>
            <DistanceMeters>1525.1300048828125</DistanceMeters>
            <HeartRateBpm>
              <Value>93</Value>
            </HeartRateBpm>
            <Extensions>
              <ns3:TPX>
                <ns3:Speed>1.4559999704360962</ns3:Speed>
              </ns3:TPX>
            </Extensions>
          </Trackpoint>
          <Trackpoint>
            <Time>2026-06-17T21:05:52.000Z</Time>
            <Position>
              <LatitudeDegrees>43.13007988035679</LatitudeDegrees>
              <LongitudeDegrees>-2.5692839920520782</LongitudeDegrees>
            </Position>
            <AltitudeMeters>168.60000610351562</AltitudeMeters>
            <DistanceMeters>1542.530029296875</DistanceMeters>
            <HeartRateBpm>
              <Value>97</Value>
            </HeartRateBpm>
            <Extensions>
              <ns3:TPX>
                <ns3:Speed>1.5210000276565552</ns3:Speed>
              </ns3:TPX>
            </Extensions>
          </Trackpoint>
          <Trackpoint>
            <Time>2026-06-17T21:05:56.000Z</Time>
            <Position>
              <LatitudeDegrees>43.13014534302056</LatitudeDegrees>
              <LongitudeDegrees>-2.5693036895245314</LongitudeDegrees>
            </Position>
            <AltitudeMeters>168.60000610351562</AltitudeMeters>
            <DistanceMeters>1549.1300048828125</DistanceMeters>
            <HeartRateBpm>
              <Value>94</Value>
            </HeartRateBpm>
            <Extensions>
              <ns3:TPX>
                <ns3:Speed>1.5399999618530273</ns3:Speed>
              </ns3:TPX>
            </Extensions>
          </Trackpoint>
          <Trackpoint>
            <Time>2026-06-17T21:06:03.000Z</Time>
            <Position>
              <LatitudeDegrees>43.130229162052274</LatitudeDegrees>
              <LongitudeDegrees>-2.5693227164447308</LongitudeDegrees>
            </Position>
            <AltitudeMeters>169.0</AltitudeMeters>
            <DistanceMeters>1559.8800048828125</DistanceMeters>
            <HeartRateBpm>
              <Value>94</Value>
            </HeartRateBpm>
            <Extensions>
              <ns3:TPX>
                <ns3:Speed>1.5399999618530273</ns3:Speed>
              </ns3:TPX>
            </Extensions>
          </Trackpoint>
          <Trackpoint>
            <Time>2026-06-17T21:06:11.000Z</Time>
            <Position>
              <LatitudeDegrees>43.13030627556145</LatitudeDegrees>
              <LongitudeDegrees>-2.569305533543229</LongitudeDegrees>
            </Position>
            <AltitudeMeters>169.60000610351562</AltitudeMeters>
            <DistanceMeters>1572.4599609375</DistanceMeters>
            <HeartRateBpm>
              <Value>95</Value>
            </HeartRateBpm>
            <Extensions>
              <ns3:TPX>
                <ns3:Speed>1.5579999685287476</ns3:Speed>
              </ns3:TPX>
            </Extensions>
          </Trackpoint>
          <Trackpoint>
            <Time>2026-06-17T21:06:15.000Z</Time>
            <Position>
              <LatitudeDegrees>43.130350951105356</LatitudeDegrees>
              <LongitudeDegrees>-2.5692910328507423</LongitudeDegrees>
            </Position>
            <AltitudeMeters>169.39999389648438</AltitudeMeters>
            <DistanceMeters>1577.31005859375</DistanceMeters>
            <HeartRateBpm>
              <Value>92</Value>
            </HeartRateBpm>
            <Extensions>
              <ns3:TPX>
                <ns3:Speed>1.5490000247955322</ns3:Speed>
              </ns3:TPX>
            </Extensions>
          </Trackpoint>
          <Trackpoint>
            <Time>2026-06-17T21:06:17.000Z</Time>
            <Position>
              <LatitudeDegrees>43.130375342443585</LatitudeDegrees>
              <LongitudeDegrees>-2.569291954860091</LongitudeDegrees>
            </Position>
            <AltitudeMeters>169.39999389648438</AltitudeMeters>
            <DistanceMeters>1579.0799560546875</DistanceMeters>
            <HeartRateBpm>
              <Value>96</Value>
            </HeartRateBpm>
            <Extensions>
              <ns3:TPX>
                <ns3:Speed>1.5299999713897705</ns3:Speed>
              </ns3:TPX>
            </Extensions>
          </Trackpoint>
          <Trackpoint>
            <Time>2026-06-17T21:06:19.000Z</Time>
            <Position>
              <LatitudeDegrees>43.1303988955915</LatitudeDegrees>
              <LongitudeDegrees>-2.5692882668226957</LongitudeDegrees>
            </Position>
            <AltitudeMeters>169.39999389648438</AltitudeMeters>
            <DistanceMeters>1581.2900390625</DistanceMeters>
            <HeartRateBpm>
              <Value>97</Value>
            </HeartRateBpm>
            <Extensions>
              <ns3:TPX>
                <ns3:Speed>1.5019999742507935</ns3:Speed>
              </ns3:TPX>
            </Extensions>
          </Trackpoint>
          <Trackpoint>
            <Time>2026-06-17T21:06:26.000Z</Time>
            <Position>
              <LatitudeDegrees>43.1305212713778</LatitudeDegrees>
              <LongitudeDegrees>-2.569268736988306</LongitudeDegrees>
            </Position>
            <AltitudeMeters>169.1999969482422</AltitudeMeters>
            <DistanceMeters>1591.68994140625</DistanceMeters>
            <HeartRateBpm>
              <Value>96</Value>
            </HeartRateBpm>
            <Extensions>
              <ns3:TPX>
                <ns3:Speed>1.4839999675750732</ns3:Speed>
              </ns3:TPX>
            </Extensions>
          </Trackpoint>
          <Trackpoint>
            <Time>2026-06-17T21:06:29.000Z</Time>
            <Position>
              <LatitudeDegrees>43.13058556057513</LatitudeDegrees>
              <LongitudeDegrees>-2.569226324558258</LongitudeDegrees>
            </Position>
            <AltitudeMeters>169.1999969482422</AltitudeMeters>
            <DistanceMeters>1596.8599853515625</DistanceMeters>
            <HeartRateBpm>
              <Value>99</Value>
            </HeartRateBpm>
            <Extensions>
              <ns3:TPX>
                <ns3:Speed>1.4839999675750732</ns3:Speed>
              </ns3:TPX>
            </Extensions>
          </Trackpoint>
          <Trackpoint>
            <Time>2026-06-17T21:06:31.000Z</Time>
            <Position>
              <LatitudeDegrees>43.130625542253256</LatitudeDegrees>
              <LongitudeDegrees>-2.569162119179964</LongitudeDegrees>
            </Position>
            <AltitudeMeters>169.1999969482422</AltitudeMeters>
            <DistanceMeters>1602.0699462890625</DistanceMeters>
            <HeartRateBpm>
              <Value>97</Value>
            </HeartRateBpm>
            <Extensions>
              <ns3:TPX>
                <ns3:Speed>1.5119999647140503</ns3:Speed>
              </ns3:TPX>
            </Extensions>
          </Trackpoint>
          <Trackpoint>
            <Time>2026-06-17T21:06:32.000Z</Time>
            <Position>
              <LatitudeDegrees>43.130641132593155</LatitudeDegrees>
              <LongitudeDegrees>-2.569131525233388</LongitudeDegrees>
            </Position>
            <AltitudeMeters>169.1999969482422</AltitudeMeters>
            <DistanceMeters>1604.760009765625</DistanceMeters>
            <HeartRateBpm>
              <Value>97</Value>
            </HeartRateBpm>
            <Extensions>
              <ns3:TPX>
                <ns3:Speed>1.5210000276565552</ns3:Speed>
              </ns3:TPX>
            </Extensions>
          </Trackpoint>
          <Trackpoint>
            <Time>2026-06-17T21:06:39.000Z</Time>
            <Position>
              <LatitudeDegrees>43.13071137294173</LatitudeDegrees>
              <LongitudeDegrees>-2.568961875513196</LongitudeDegrees>
            </Position>
            <AltitudeMeters>169.0</AltitudeMeters>
            <DistanceMeters>1619.6300048828125</DistanceMeters>
            <HeartRateBpm>
              <Value>98</Value>
            </HeartRateBpm>
            <Extensions>
              <ns3:TPX>
                <ns3:Speed>1.809999942779541</ns3:Speed>
              </ns3:TPX>
            </Extensions>
          </Trackpoint>
          <Trackpoint>
            <Time>2026-06-17T21:06:50.000Z</Time>
            <Position>
              <LatitudeDegrees>43.130745654925704</LatitudeDegrees>
              <LongitudeDegrees>-2.568727098405361</LongitudeDegrees>
            </Position>
            <AltitudeMeters>168.60000610351562</AltitudeMeters>
            <DistanceMeters>1639.8299560546875</DistanceMeters>
            <HeartRateBpm>
              <Value>97</Value>
            </HeartRateBpm>
            <Extensions>
              <ns3:TPX>
                <ns3:Speed>1.753999948501587</ns3:Speed>
              </ns3:TPX>
            </Extensions>
          </Trackpoint>
          <Trackpoint>
            <Time>2026-06-17T21:06:58.000Z</Time>
            <Position>
              <LatitudeDegrees>43.13076501712203</LatitudeDegrees>
              <LongitudeDegrees>-2.568595167249441</LongitudeDegrees>
            </Position>
            <AltitudeMeters>168.1999969482422</AltitudeMeters>
            <DistanceMeters>1653.25</DistanceMeters>
            <HeartRateBpm>
              <Value>96</Value>
            </HeartRateBpm>
            <Extensions>
              <ns3:TPX>
                <ns3:Speed>1.7079999446868896</ns3:Speed>
              </ns3:TPX>
            </Extensions>
          </Trackpoint>
          <Trackpoint>
            <Time>2026-06-17T21:07:02.000Z</Time>
            <Position>
              <LatitudeDegrees>43.130764933303</LatitudeDegrees>
              <LongitudeDegrees>-2.5685043912380934</LongitudeDegrees>
            </Position>
            <AltitudeMeters>168.1999969482422</AltitudeMeters>
            <DistanceMeters>1659.4599609375</DistanceMeters>
            <HeartRateBpm>
              <Value>99</Value>
            </HeartRateBpm>
            <Extensions>
              <ns3:TPX>
                <ns3:Speed>1.6799999475479126</ns3:Speed>
              </ns3:TPX>
            </Extensions>
          </Trackpoint>
          <Trackpoint>
            <Time>2026-06-17T21:07:06.000Z</Time>
            <Position>
              <LatitudeDegrees>43.13076602295041</LatitudeDegrees>
              <LongitudeDegrees>-2.5684427842497826</LongitudeDegrees>
            </Position>
            <AltitudeMeters>168.39999389648438</AltitudeMeters>
            <DistanceMeters>1665.72998046875</DistanceMeters>
            <HeartRateBpm>
              <Value>97</Value>
            </HeartRateBpm>
            <Extensions>
              <ns3:TPX>
                <ns3:Speed>1.6610000133514404</ns3:Speed>
              </ns3:TPX>
            </Extensions>
          </Trackpoint>
          <Trackpoint>
            <Time>2026-06-17T21:07:09.000Z</Time>
            <Position>
              <LatitudeDegrees>43.13076560385525</LatitudeDegrees>
              <LongitudeDegrees>-2.5683976896107197</LongitudeDegrees>
            </Position>
            <AltitudeMeters>168.39999389648438</AltitudeMeters>
            <DistanceMeters>1669.1800537109375</DistanceMeters>
            <HeartRateBpm>
              <Value>94</Value>
            </HeartRateBpm>
            <Extensions>
              <ns3:TPX>
                <ns3:Speed>1.6419999599456787</ns3:Speed>
              </ns3:TPX>
            </Extensions>
          </Trackpoint>
          <Trackpoint>
            <Time>2026-06-17T21:07:11.000Z</Time>
            <Position>
              <LatitudeDegrees>43.13076065853238</LatitudeDegrees>
              <LongitudeDegrees>-2.568356702104211</LongitudeDegrees>
            </Position>
            <AltitudeMeters>168.39999389648438</AltitudeMeters>
            <DistanceMeters>1671.4100341796875</DistanceMeters>
            <HeartRateBpm>
              <Value>96</Value>
            </HeartRateBpm>
            <Extensions>
              <ns3:TPX>
                <ns3:Speed>1.6139999628067017</ns3:Speed>
              </ns3:TPX>
            </Extensions>
          </Trackpoint>
          <Trackpoint>
            <Time>2026-06-17T21:07:13.000Z</Time>
            <Position>
              <LatitudeDegrees>43.13074783422053</LatitudeDegrees>
              <LongitudeDegrees>-2.5683059077709913</LongitudeDegrees>
            </Position>
            <AltitudeMeters>168.1999969482422</AltitudeMeters>
            <DistanceMeters>1674.02001953125</DistanceMeters>
            <HeartRateBpm>
              <Value>93</Value>
            </HeartRateBpm>
            <Extensions>
              <ns3:TPX>
                <ns3:Speed>1.6050000190734863</ns3:Speed>
              </ns3:TPX>
            </Extensions>
          </Trackpoint>
          <Trackpoint>
            <Time>2026-06-17T21:07:18.000Z</Time>
            <Position>
              <LatitudeDegrees>43.13072796911001</LatitudeDegrees>
              <LongitudeDegrees>-2.5681868009269238</LongitudeDegrees>
            </Position>
            <AltitudeMeters>168.1999969482422</AltitudeMeters>
            <DistanceMeters>1682.6700439453125</DistanceMeters>
            <HeartRateBpm>
              <Value>97</Value>
            </HeartRateBpm>
            <Extensions>
              <ns3:TPX>
                <ns3:Speed>1.5859999656677246</ns3:Speed>
              </ns3:TPX>
            </Extensions>
          </Trackpoint>
          <Trackpoint>
            <Time>2026-06-17T21:07:19.000Z</Time>
            <Position>
              <LatitudeDegrees>43.13072453252971</LatitudeDegrees>
              <LongitudeDegrees>-2.568162241950631</LongitudeDegrees>
            </Position>
            <AltitudeMeters>168.1999969482422</AltitudeMeters>
            <DistanceMeters>1684.3299560546875</DistanceMeters>
            <HeartRateBpm>
              <Value>96</Value>
            </HeartRateBpm>
            <Extensions>
              <ns3:TPX>
                <ns3:Speed>1.5859999656677246</ns3:Speed>
              </ns3:TPX>
            </Extensions>
          </Trackpoint>
          <Trackpoint>
            <Time>2026-06-17T21:07:27.000Z</Time>
            <Position>
              <LatitudeDegrees>43.130691926926374</LatitudeDegrees>
              <LongitudeDegrees>-2.5680237729102373</LongitudeDegrees>
            </Position>
            <AltitudeMeters>168.39999389648438</AltitudeMeters>
            <DistanceMeters>1699.9000244140625</DistanceMeters>
            <HeartRateBpm>
              <Value>96</Value>
            </HeartRateBpm>
            <Extensions>
              <ns3:TPX>
                <ns3:Speed>1.6239999532699585</ns3:Speed>
              </ns3:TPX>
            </Extensions>
          </Trackpoint>
          <Trackpoint>
            <Time>2026-06-17T21:07:30.000Z</Time>
            <Position>
              <LatitudeDegrees>43.1306682061404</LatitudeDegrees>
              <LongitudeDegrees>-2.5680113676935434</LongitudeDegrees>
            </Position>
            <AltitudeMeters>168.39999389648438</AltitudeMeters>
            <DistanceMeters>1704.22998046875</DistanceMeters>
            <HeartRateBpm>
              <Value>97</Value>
            </HeartRateBpm>
            <Extensions>
              <ns3:TPX>
                <ns3:Speed>1.6239999532699585</ns3:Speed>
              </ns3:TPX>
            </Extensions>
          </Trackpoint>
          <Trackpoint>
            <Time>2026-06-17T21:07:32.000Z</Time>
            <Position>
              <LatitudeDegrees>43.13064490444958</LatitudeDegrees>
              <LongitudeDegrees>-2.568024108186364</LongitudeDegrees>
            </Position>
            <AltitudeMeters>168.39999389648438</AltitudeMeters>
            <DistanceMeters>1705.22998046875</DistanceMeters>
            <HeartRateBpm>
              <Value>94</Value>
            </HeartRateBpm>
            <Extensions>
              <ns3:TPX>
                <ns3:Speed>1.5959999561309814</ns3:Speed>
              </ns3:TPX>
            </Extensions>
          </Trackpoint>
          <Trackpoint>
            <Time>2026-06-17T21:07:33.000Z</Time>
            <Position>
              <LatitudeDegrees>43.13063350506127</LatitudeDegrees>
              <LongitudeDegrees>-2.568028047680855</LongitudeDegrees>
            </Position>
            <AltitudeMeters>168.39999389648438</AltitudeMeters>
            <DistanceMeters>1705.5400390625</DistanceMeters>
            <HeartRateBpm>
              <Value>93</Value>
            </HeartRateBpm>
            <Extensions>
              <ns3:TPX>
                <ns3:Speed>1.5959999561309814</ns3:Speed>
              </ns3:TPX>
            </Extensions>
          </Trackpoint>
          <Trackpoint>
            <Time>2026-06-17T21:07:38.000Z</Time>
            <Position>
              <LatitudeDegrees>43.13061648979783</LatitudeDegrees>
              <LongitudeDegrees>-2.568003488704562</LongitudeDegrees>
            </Position>
            <AltitudeMeters>168.39999389648438</AltitudeMeters>
            <DistanceMeters>1707.31005859375</DistanceMeters>
            <HeartRateBpm>
              <Value>96</Value>
            </HeartRateBpm>
            <Extensions>
              <ns3:TPX>
                <ns3:Speed>0.5509999990463257</ns3:Speed>
              </ns3:TPX>
            </Extensions>
          </Trackpoint>
          <Trackpoint>
            <Time>2026-06-17T21:07:39.000Z</Time>
            <Position>
              <LatitudeDegrees>43.13062336295843</LatitudeDegrees>
              <LongitudeDegrees>-2.567994939163327</LongitudeDegrees>
            </Position>
            <AltitudeMeters>168.1999969482422</AltitudeMeters>
            <DistanceMeters>1707.4100341796875</DistanceMeters>
            <HeartRateBpm>
              <Value>94</Value>
            </HeartRateBpm>
            <Extensions>
              <ns3:TPX>
                <ns3:Speed>0.47600001096725464</ns3:Speed>
              </ns3:TPX>
            </Extensions>
          </Trackpoint>
          <Trackpoint>
            <Time>2026-06-17T21:07:44.000Z</Time>
            <Position>
              <LatitudeDegrees>43.13063258305192</LatitudeDegrees>
              <LongitudeDegrees>-2.5679863896220922</LongitudeDegrees>
            </Position>
            <AltitudeMeters>168.0</AltitudeMeters>
            <DistanceMeters>1708.6099853515625</DistanceMeters>
            <HeartRateBpm>
              <Value>93</Value>
            </HeartRateBpm>
            <Extensions>
              <ns3:TPX>
                <ns3:Speed>0.0</ns3:Speed>
              </ns3:TPX>
            </Extensions>
          </Trackpoint>
          <Trackpoint>
            <Time>2026-06-17T21:07:46.000Z</Time>
            <Position>
              <LatitudeDegrees>43.13062923029065</LatitudeDegrees>
              <LongitudeDegrees>-2.567981444299221</LongitudeDegrees>
            </Position>
            <AltitudeMeters>168.0</AltitudeMeters>
            <DistanceMeters>1709.6199951171875</DistanceMeters>
            <HeartRateBpm>
              <Value>94</Value>
            </HeartRateBpm>
            <Extensions>
              <ns3:TPX>
                <ns3:Speed>0.0</ns3:Speed>
              </ns3:TPX>
            </Extensions>
          </Trackpoint>
          <Trackpoint>
            <Time>2026-06-17T21:07:56.000Z</Time>
            <Position>
              <LatitudeDegrees>43.13067357055843</LatitudeDegrees>
              <LongitudeDegrees>-2.5679538678377867</LongitudeDegrees>
            </Position>
            <AltitudeMeters>168.0</AltitudeMeters>
            <DistanceMeters>1710.4200439453125</DistanceMeters>
            <HeartRateBpm>
              <Value>94</Value>
            </HeartRateBpm>
            <Extensions>
              <ns3:TPX>
                <ns3:Speed>0.0</ns3:Speed>
              </ns3:TPX>
            </Extensions>
          </Trackpoint>
          <Trackpoint>
            <Time>2026-06-17T21:08:02.000Z</Time>
            <Position>
              <LatitudeDegrees>43.13070382922888</LatitudeDegrees>
              <LongitudeDegrees>-2.567938780412078</LongitudeDegrees>
            </Position>
            <AltitudeMeters>168.1999969482422</AltitudeMeters>
            <DistanceMeters>1711.6600341796875</DistanceMeters>
            <HeartRateBpm>
              <Value>94</Value>
            </HeartRateBpm>
            <Extensions>
              <ns3:TPX>
                <ns3:Speed>0.0</ns3:Speed>
              </ns3:TPX>
            </Extensions>
          </Trackpoint>
          <Trackpoint>
            <Time>2026-06-17T21:08:04.000Z</Time>
            <Position>
              <LatitudeDegrees>43.1307009793818</LatitudeDegrees>
              <LongitudeDegrees>-2.56793693639338</LongitudeDegrees>
            </Position>
            <AltitudeMeters>168.1999969482422</AltitudeMeters>
            <DistanceMeters>1712.2099609375</DistanceMeters>
            <HeartRateBpm>
              <Value>91</Value>
            </HeartRateBpm>
            <Extensions>
              <ns3:TPX>
                <ns3:Speed>0.0</ns3:Speed>
              </ns3:TPX>
            </Extensions>
          </Trackpoint>
          <Trackpoint>
            <Time>2026-06-17T21:08:09.000Z</Time>
            <Position>
              <LatitudeDegrees>43.1306837964803</LatitudeDegrees>
              <LongitudeDegrees>-2.567903408780694</LongitudeDegrees>
            </Position>
            <AltitudeMeters>167.8000030517578</AltitudeMeters>
            <DistanceMeters>1714.9599609375</DistanceMeters>
            <HeartRateBpm>
              <Value>91</Value>
            </HeartRateBpm>
            <Extensions>
              <ns3:TPX>
                <ns3:Speed>0.0</ns3:Speed>
              </ns3:TPX>
            </Extensions>
          </Trackpoint>
          <Trackpoint>
            <Time>2026-06-17T21:08:11.000Z</Time>
            <Position>
              <LatitudeDegrees>43.130658734589815</LatitudeDegrees>
              <LongitudeDegrees>-2.567872814834118</LongitudeDegrees>
            </Position>
            <AltitudeMeters>167.8000030517578</AltitudeMeters>
            <DistanceMeters>1719.2900390625</DistanceMeters>
            <HeartRateBpm>
              <Value>92</Value>
            </HeartRateBpm>
            <Extensions>
              <ns3:TPX>
                <ns3:Speed>2.1089999675750732</ns3:Speed>
              </ns3:TPX>
            </Extensions>
          </Trackpoint>
          <Trackpoint>
            <Time>2026-06-17T21:08:15.000Z</Time>
            <Position>
              <LatitudeDegrees>43.13063585199416</LatitudeDegrees>
              <LongitudeDegrees>-2.567811459302902</LongitudeDegrees>
            </Position>
            <AltitudeMeters>167.8000030517578</AltitudeMeters>
            <DistanceMeters>1724.25</DistanceMeters>
            <HeartRateBpm>
              <Value>94</Value>
            </HeartRateBpm>
            <Extensions>
              <ns3:TPX>
                <ns3:Speed>1.38100004196167</ns3:Speed>
              </ns3:TPX>
            </Extensions>
          </Trackpoint>
          <Trackpoint>
            <Time>2026-06-17T21:08:24.000Z</Time>
            <Position>
              <LatitudeDegrees>43.130632834509015</LatitudeDegrees>
              <LongitudeDegrees>-2.5676515325903893</LongitudeDegrees>
            </Position>
            <AltitudeMeters>168.1999969482422</AltitudeMeters>
            <DistanceMeters>1735.0999755859375</DistanceMeters>
            <HeartRateBpm>
              <Value>94</Value>
            </HeartRateBpm>
            <Extensions>
              <ns3:TPX>
                <ns3:Speed>1.25</ns3:Speed>
              </ns3:TPX>
            </Extensions>
          </Trackpoint>
          <Trackpoint>
            <Time>2026-06-17T21:08:25.000Z</Time>
            <Position>
              <LatitudeDegrees>43.130631325766444</LatitudeDegrees>
              <LongitudeDegrees>-2.5676287338137627</LongitudeDegrees>
            </Position>
            <AltitudeMeters>168.1999969482422</AltitudeMeters>
            <DistanceMeters>1736.8699951171875</DistanceMeters>
            <HeartRateBpm>
              <Value>97</Value>
            </HeartRateBpm>
            <Extensions>
              <ns3:TPX>
                <ns3:Speed>1.25</ns3:Speed>
              </ns3:TPX>
            </Extensions>
          </Trackpoint>
          <Trackpoint>
            <Time>2026-06-17T21:08:30.000Z</Time>
            <Position>
              <LatitudeDegrees>43.130625458434224</LatitudeDegrees>
              <LongitudeDegrees>-2.567528821527958</LongitudeDegrees>
            </Position>
            <AltitudeMeters>168.0</AltitudeMeters>
            <DistanceMeters>1744.8599853515625</DistanceMeters>
            <HeartRateBpm>
              <Value>94</Value>
            </HeartRateBpm>
            <Extensions>
              <ns3:TPX>
                <ns3:Speed>1.437000036239624</ns3:Speed>
              </ns3:TPX>
            </Extensions>
          </Trackpoint>
          <Trackpoint>
            <Time>2026-06-17T21:08:32.000Z</Time>
            <Position>
              <LatitudeDegrees>43.13063124194741</LatitudeDegrees>
              <LongitudeDegrees>-2.567499317228794</LongitudeDegrees>
            </Position>
            <AltitudeMeters>167.8000030517578</AltitudeMeters>
            <DistanceMeters>1747.5799560546875</DistanceMeters>
            <HeartRateBpm>
              <Value>96</Value>
            </HeartRateBpm>
            <Extensions>
              <ns3:TPX>
                <ns3:Speed>1.4279999732971191</ns3:Speed>
              </ns3:TPX>
            </Extensions>
          </Trackpoint>
          <Trackpoint>
            <Time>2026-06-17T21:08:35.000Z</Time>
            <Position>
              <LatitudeDegrees>43.13063828274608</LatitudeDegrees>
              <LongitudeDegrees>-2.567454893141985</LongitudeDegrees>
            </Position>
            <AltitudeMeters>168.0</AltitudeMeters>
            <DistanceMeters>1751.9000244140625</DistanceMeters>
            <HeartRateBpm>
              <Value>100</Value>
            </HeartRateBpm>
            <Extensions>
              <ns3:TPX>
                <ns3:Speed>1.4279999732971191</ns3:Speed>
              </ns3:TPX>
            </Extensions>
          </Trackpoint>
          <Trackpoint>
            <Time>2026-06-17T21:08:40.000Z</Time>
            <Position>
              <LatitudeDegrees>43.130638701841235</LatitudeDegrees>
              <LongitudeDegrees>-2.567370990291238</LongitudeDegrees>
            </Position>
            <AltitudeMeters>168.1999969482422</AltitudeMeters>
            <DistanceMeters>1759.469970703125</DistanceMeters>
            <HeartRateBpm>
              <Value>99</Value>
            </HeartRateBpm>
            <Extensions>
              <ns3:TPX>
                <ns3:Speed>1.465000033378601</ns3:Speed>
              </ns3:TPX>
            </Extensions>
          </Trackpoint>
          <Trackpoint>
            <Time>2026-06-17T21:08:45.000Z</Time>
            <Position>
              <LatitudeDegrees>43.13063694164157</LatitudeDegrees>
              <LongitudeDegrees>-2.567288763821125</LongitudeDegrees>
            </Position>
            <AltitudeMeters>168.0</AltitudeMeters>
            <DistanceMeters>1767.6700439453125</DistanceMeters>
            <HeartRateBpm>
              <Value>100</Value>
            </HeartRateBpm>
            <Extensions>
              <ns3:TPX>
                <ns3:Speed>1.5019999742507935</ns3:Speed>
              </ns3:TPX>
            </Extensions>
          </Trackpoint>
          <Trackpoint>
            <Time>2026-06-17T21:08:47.000Z</Time>
            <Position>
              <LatitudeDegrees>43.13063710927963</LatitudeDegrees>
              <LongitudeDegrees>-2.5672577507793903</LongitudeDegrees>
            </Position>
            <AltitudeMeters>168.0</AltitudeMeters>
            <DistanceMeters>1769.449951171875</DistanceMeters>
            <HeartRateBpm>
              <Value>99</Value>
            </HeartRateBpm>
            <Extensions>
              <ns3:TPX>
                <ns3:Speed>1.4930000305175781</ns3:Speed>
              </ns3:TPX>
            </Extensions>
          </Trackpoint>
          <Trackpoint>
            <Time>2026-06-17T21:08:54.000Z</Time>
            <Position>
              <LatitudeDegrees>43.13063023611903</LatitudeDegrees>
              <LongitudeDegrees>-2.567143002524972</LongitudeDegrees>
            </Position>
            <AltitudeMeters>168.0</AltitudeMeters>
            <DistanceMeters>1778.1099853515625</DistanceMeters>
            <HeartRateBpm>
              <Value>99</Value>
            </HeartRateBpm>
            <Extensions>
              <ns3:TPX>
                <ns3:Speed>1.2039999961853027</ns3:Speed>
              </ns3:TPX>
            </Extensions>
          </Trackpoint>
          <Trackpoint>
            <Time>2026-06-17T21:08:55.000Z</Time>
            <Position>
              <LatitudeDegrees>43.13062562607229</LatitudeDegrees>
              <LongitudeDegrees>-2.567127412185073</LongitudeDegrees>
            </Position>
            <AltitudeMeters>168.1999969482422</AltitudeMeters>
            <DistanceMeters>1779.2099609375</DistanceMeters>
            <HeartRateBpm>
              <Value>100</Value>
            </HeartRateBpm>
            <Extensions>
              <ns3:TPX>
                <ns3:Speed>1.2039999961853027</ns3:Speed>
              </ns3:TPX>
            </Extensions>
          </Trackpoint>
          <Trackpoint>
            <Time>2026-06-17T21:08:59.000Z</Time>
            <Position>
              <LatitudeDegrees>43.13059117645025</LatitudeDegrees>
              <LongitudeDegrees>-2.5670594349503517</LongitudeDegrees>
            </Position>
            <AltitudeMeters>168.0</AltitudeMeters>
            <DistanceMeters>1784.5699462890625</DistanceMeters>
            <HeartRateBpm>
              <Value>100</Value>
            </HeartRateBpm>
            <Extensions>
              <ns3:TPX>
                <ns3:Speed>1.409000039100647</ns3:Speed>
              </ns3:TPX>
            </Extensions>
          </Trackpoint>
          <Trackpoint>
            <Time>2026-06-17T21:09:01.000Z</Time>
            <Position>
              <LatitudeDegrees>43.13058162108064</LatitudeDegrees>
              <LongitudeDegrees>-2.567034624516964</LongitudeDegrees>
            </Position>
            <AltitudeMeters>168.0</AltitudeMeters>
            <DistanceMeters>1787.1099853515625</DistanceMeters>
            <HeartRateBpm>
              <Value>101</Value>
            </HeartRateBpm>
            <Extensions>
              <ns3:TPX>
                <ns3:Speed>1.4279999732971191</ns3:Speed>
              </ns3:TPX>
            </Extensions>
          </Trackpoint>
          <Trackpoint>
            <Time>2026-06-17T21:09:07.000Z</Time>
            <Position>
              <LatitudeDegrees>43.13050392083824</LatitudeDegrees>
              <LongitudeDegrees>-2.56707645021379</LongitudeDegrees>
            </Position>
            <AltitudeMeters>167.8000030517578</AltitudeMeters>
            <DistanceMeters>1795.280029296875</DistanceMeters>
            <HeartRateBpm>
              <Value>102</Value>
            </HeartRateBpm>
            <Extensions>
              <ns3:TPX>
                <ns3:Speed>1.5210000276565552</ns3:Speed>
              </ns3:TPX>
            </Extensions>
          </Trackpoint>
          <Trackpoint>
            <Time>2026-06-17T21:09:08.000Z</Time>
            <Position>
              <LatitudeDegrees>43.13049235381186</LatitudeDegrees>
              <LongitudeDegrees>-2.5670974887907505</LongitudeDegrees>
            </Position>
            <AltitudeMeters>167.8000030517578</AltitudeMeters>
            <DistanceMeters>1796.52001953125</DistanceMeters>
            <HeartRateBpm>
              <Value>99</Value>
            </HeartRateBpm>
            <Extensions>
              <ns3:TPX>
                <ns3:Speed>1.5210000276565552</ns3:Speed>
              </ns3:TPX>
            </Extensions>
          </Trackpoint>
          <Trackpoint>
            <Time>2026-06-17T21:09:10.000Z</Time>
            <Position>
              <LatitudeDegrees>43.130484307184815</LatitudeDegrees>
              <LongitudeDegrees>-2.5671404879540205</LongitudeDegrees>
            </Position>
            <AltitudeMeters>167.60000610351562</AltitudeMeters>
            <DistanceMeters>1798.8299560546875</DistanceMeters>
            <HeartRateBpm>
              <Value>103</Value>
            </HeartRateBpm>
            <Extensions>
              <ns3:TPX>
                <ns3:Speed>1.5119999647140503</ns3:Speed>
              </ns3:TPX>
            </Extensions>
          </Trackpoint>
          <Trackpoint>
            <Time>2026-06-17T21:09:12.000Z</Time>
            <Position>
              <LatitudeDegrees>43.130478942766786</LatitudeDegrees>
              <LongitudeDegrees>-2.5671785417944193</LongitudeDegrees>
            </Position>
            <AltitudeMeters>167.60000610351562</AltitudeMeters>
            <DistanceMeters>1800.6800537109375</DistanceMeters>
            <HeartRateBpm>
              <Value>103</Value>
            </HeartRateBpm>
            <Extensions>
              <ns3:TPX>
                <ns3:Speed>1.4839999675750732</ns3:Speed>
              </ns3:TPX>
            </Extensions>
          </Trackpoint>
          <Trackpoint>
            <Time>2026-06-17T21:09:14.000Z</Time>
            <Position>
              <LatitudeDegrees>43.13047567382455</LatitudeDegrees>
              <LongitudeDegrees>-2.5672217085957527</LongitudeDegrees>
            </Position>
            <AltitudeMeters>167.39999389648438</AltitudeMeters>
            <DistanceMeters>1803.47998046875</DistanceMeters>
            <HeartRateBpm>
              <Value>102</Value>
            </HeartRateBpm>
            <Extensions>
              <ns3:TPX>
                <ns3:Speed>1.465000033378601</ns3:Speed>
              </ns3:TPX>
            </Extensions>
          </Trackpoint>
          <Trackpoint>
            <Time>2026-06-17T21:09:18.000Z</Time>
            <Position>
              <LatitudeDegrees>43.130470644682646</LatitudeDegrees>
              <LongitudeDegrees>-2.5672937091439962</LongitudeDegrees>
            </Position>
            <AltitudeMeters>167.39999389648438</AltitudeMeters>
            <DistanceMeters>1809.3199462890625</DistanceMeters>
            <HeartRateBpm>
              <Value>105</Value>
            </HeartRateBpm>
            <Extensions>
              <ns3:TPX>
                <ns3:Speed>1.4459999799728394</ns3:Speed>
              </ns3:TPX>
            </Extensions>
          </Trackpoint>
          <Trackpoint>
            <Time>2026-06-17T21:09:21.000Z</Time>
            <Position>
              <LatitudeDegrees>43.130468130111694</LatitudeDegrees>
              <LongitudeDegrees>-2.567345341667533</LongitudeDegrees>
            </Position>
            <AltitudeMeters>167.60000610351562</AltitudeMeters>
            <DistanceMeters>1813.9000244140625</DistanceMeters>
            <HeartRateBpm>
              <Value>103</Value>
            </HeartRateBpm>
            <Extensions>
              <ns3:TPX>
                <ns3:Speed>1.437000036239624</ns3:Speed>
              </ns3:TPX>
            </Extensions>
          </Trackpoint>
          <Trackpoint>
            <Time>2026-06-17T21:09:27.000Z</Time>
            <Position>
              <LatitudeDegrees>43.13046704046428</LatitudeDegrees>
              <LongitudeDegrees>-2.5674372911453247</LongitudeDegrees>
            </Position>
            <AltitudeMeters>168.0</AltitudeMeters>
            <DistanceMeters>1823.010009765625</DistanceMeters>
            <HeartRateBpm>
              <Value>106</Value>
            </HeartRateBpm>
            <Extensions>
              <ns3:TPX>
                <ns3:Speed>1.409000039100647</ns3:Speed>
              </ns3:TPX>
            </Extensions>
          </Trackpoint>
          <Trackpoint>
            <Time>2026-06-17T21:09:28.000Z</Time>
            <Position>
              <LatitudeDegrees>43.13046595081687</LatitudeDegrees>
              <LongitudeDegrees>-2.567456318065524</LongitudeDegrees>
            </Position>
            <AltitudeMeters>168.0</AltitudeMeters>
            <DistanceMeters>1824.2099609375</DistanceMeters>
            <HeartRateBpm>
              <Value>105</Value>
            </HeartRateBpm>
            <Extensions>
              <ns3:TPX>
                <ns3:Speed>1.409000039100647</ns3:Speed>
              </ns3:TPX>
            </Extensions>
          </Trackpoint>
          <Trackpoint>
            <Time>2026-06-17T21:09:33.000Z</Time>
            <Position>
              <LatitudeDegrees>43.13045312650502</LatitudeDegrees>
              <LongitudeDegrees>-2.567549357190728</LongitudeDegrees>
            </Position>
            <AltitudeMeters>167.60000610351562</AltitudeMeters>
            <DistanceMeters>1831.9200439453125</DistanceMeters>
            <HeartRateBpm>
              <Value>102</Value>
            </HeartRateBpm>
            <Extensions>
              <ns3:TPX>
                <ns3:Speed>1.409000039100647</ns3:Speed>
              </ns3:TPX>
            </Extensions>
          </Trackpoint>
          <Trackpoint>
            <Time>2026-06-17T21:09:34.000Z</Time>
            <Position>
              <LatitudeDegrees>43.13044977374375</LatitudeDegrees>
              <LongitudeDegrees>-2.567565366625786</LongitudeDegrees>
            </Position>
            <AltitudeMeters>167.60000610351562</AltitudeMeters>
            <DistanceMeters>1833.1700439453125</DistanceMeters>
            <HeartRateBpm>
              <Value>103</Value>
            </HeartRateBpm>
            <Extensions>
              <ns3:TPX>
                <ns3:Speed>1.409000039100647</ns3:Speed>
              </ns3:TPX>
            </Extensions>
          </Trackpoint>
          <Trackpoint>
            <Time>2026-06-17T21:09:35.000Z</Time>
            <Position>
              <LatitudeDegrees>43.130442816764116</LatitudeDegrees>
              <LongitudeDegrees>-2.567580956965685</LongitudeDegrees>
            </Position>
            <AltitudeMeters>167.60000610351562</AltitudeMeters>
            <DistanceMeters>1834.4300537109375</DistanceMeters>
            <HeartRateBpm>
              <Value>104</Value>
            </HeartRateBpm>
            <Extensions>
              <ns3:TPX>
                <ns3:Speed>1.409000039100647</ns3:Speed>
              </ns3:TPX>
            </Extensions>
          </Trackpoint>
          <Trackpoint>
            <Time>2026-06-17T21:09:42.000Z</Time>
            <Position>
              <LatitudeDegrees>43.13041758723557</LatitudeDegrees>
              <LongitudeDegrees>-2.5677041709423065</LongitudeDegrees>
            </Position>
            <AltitudeMeters>167.60000610351562</AltitudeMeters>
            <DistanceMeters>1843.5799560546875</DistanceMeters>
            <HeartRateBpm>
              <Value>105</Value>
            </HeartRateBpm>
            <Extensions>
              <ns3:TPX>
                <ns3:Speed>1.315999984741211</ns3:Speed>
              </ns3:TPX>
            </Extensions>
          </Trackpoint>
          <Trackpoint>
            <Time>2026-06-17T21:09:43.000Z</Time>
            <Position>
              <LatitudeDegrees>43.130419347435236</LatitudeDegrees>
              <LongitudeDegrees>-2.567723784595728</LongitudeDegrees>
            </Position>
            <AltitudeMeters>167.39999389648438</AltitudeMeters>
            <DistanceMeters>1845.1700439453125</DistanceMeters>
            <HeartRateBpm>
              <Value>102</Value>
            </HeartRateBpm>
            <Extensions>
              <ns3:TPX>
                <ns3:Speed>1.315999984741211</ns3:Speed>
              </ns3:TPX>
            </Extensions>
          </Trackpoint>
          <Trackpoint>
            <Time>2026-06-17T21:09:49.000Z</Time>
            <Position>
              <LatitudeDegrees>43.13043409958482</LatitudeDegrees>
              <LongitudeDegrees>-2.5678323302417994</LongitudeDegrees>
            </Position>
            <AltitudeMeters>167.60000610351562</AltitudeMeters>
            <DistanceMeters>1854.4100341796875</DistanceMeters>
            <HeartRateBpm>
              <Value>102</Value>
            </HeartRateBpm>
            <Extensions>
              <ns3:TPX>
                <ns3:Speed>1.343999981880188</ns3:Speed>
              </ns3:TPX>
            </Extensions>
          </Trackpoint>
          <Trackpoint>
            <Time>2026-06-17T21:09:57.000Z</Time>
            <Position>
              <LatitudeDegrees>43.13047433272004</LatitudeDegrees>
              <LongitudeDegrees>-2.567984461784363</LongitudeDegrees>
            </Position>
            <AltitudeMeters>167.39999389648438</AltitudeMeters>
            <DistanceMeters>1865.6400146484375</DistanceMeters>
            <HeartRateBpm>
              <Value>101</Value>
            </HeartRateBpm>
            <Extensions>
              <ns3:TPX>
                <ns3:Speed>1.2690000534057617</ns3:Speed>
              </ns3:TPX>
            </Extensions>
          </Trackpoint>
          <Trackpoint>
            <Time>2026-06-17T21:09:58.000Z</Time>
            <Position>
              <LatitudeDegrees>43.13048606738448</LatitudeDegrees>
              <LongitudeDegrees>-2.567995022982359</LongitudeDegrees>
            </Position>
            <AltitudeMeters>167.1999969482422</AltitudeMeters>
            <DistanceMeters>1866.9000244140625</DistanceMeters>
            <HeartRateBpm>
              <Value>101</Value>
            </HeartRateBpm>
            <Extensions>
              <ns3:TPX>
                <ns3:Speed>1.277999997138977</ns3:Speed>
              </ns3:TPX>
            </Extensions>
          </Trackpoint>
          <Trackpoint>
            <Time>2026-06-17T21:10:03.000Z</Time>
            <Position>
              <LatitudeDegrees>43.130530742928386</LatitudeDegrees>
              <LongitudeDegrees>-2.568016815930605</LongitudeDegrees>
            </Position>
            <AltitudeMeters>167.0</AltitudeMeters>
            <DistanceMeters>1871.5699462890625</DistanceMeters>
            <HeartRateBpm>
              <Value>101</Value>
            </HeartRateBpm>
            <Extensions>
              <ns3:TPX>
                <ns3:Speed>1.2690000534057617</ns3:Speed>
              </ns3:TPX>
            </Extensions>
          </Trackpoint>
          <Trackpoint>
            <Time>2026-06-17T21:10:05.000Z</Time>
            <Position>
              <LatitudeDegrees>43.130543902516365</LatitudeDegrees>
              <LongitudeDegrees>-2.568031568080187</LongitudeDegrees>
            </Position>
            <AltitudeMeters>167.0</AltitudeMeters>
            <DistanceMeters>1873.0699462890625</DistanceMeters>
            <HeartRateBpm>
              <Value>101</Value>
            </HeartRateBpm>
            <Extensions>
              <ns3:TPX>
                <ns3:Speed>1.25</ns3:Speed>
              </ns3:TPX>
            </Extensions>
          </Trackpoint>
          <Trackpoint>
            <Time>2026-06-17T21:10:08.000Z</Time>
            <Position>
              <LatitudeDegrees>43.130588326603174</LatitudeDegrees>
              <LongitudeDegrees>-2.5679174065589905</LongitudeDegrees>
            </Position>
            <AltitudeMeters>167.0</AltitudeMeters>
            <DistanceMeters>1877.489990234375</DistanceMeters>
            <HeartRateBpm>
              <Value>102</Value>
            </HeartRateBpm>
            <Extensions>
              <ns3:TPX>
                <ns3:Speed>1.2599999904632568</ns3:Speed>
              </ns3:TPX>
            </Extensions>
          </Trackpoint>
          <Trackpoint>
            <Time>2026-06-17T21:10:13.000Z</Time>
            <Position>
              <LatitudeDegrees>43.13063635490835</LatitudeDegrees>
              <LongitudeDegrees>-2.567797126248479</LongitudeDegrees>
            </Position>
            <AltitudeMeters>167.0</AltitudeMeters>
            <DistanceMeters>1886.8900146484375</DistanceMeters>
            <HeartRateBpm>
              <Value>105</Value>
            </HeartRateBpm>
            <Extensions>
              <ns3:TPX>
                <ns3:Speed>1.6979999542236328</ns3:Speed>
              </ns3:TPX>
            </Extensions>
          </Trackpoint>
          <Trackpoint>
            <Time>2026-06-17T21:10:14.000Z</Time>
            <Position>
              <LatitudeDegrees>43.130637276917696</LatitudeDegrees>
              <LongitudeDegrees>-2.567778518423438</LongitudeDegrees>
            </Position>
            <AltitudeMeters>167.0</AltitudeMeters>
            <DistanceMeters>1888.56005859375</DistanceMeters>
            <HeartRateBpm>
              <Value>105</Value>
            </HeartRateBpm>
            <Extensions>
              <ns3:TPX>
                <ns3:Speed>1.6699999570846558</ns3:Speed>
              </ns3:TPX>
            </Extensions>
          </Trackpoint>
          <Trackpoint>
            <Time>2026-06-17T21:10:17.000Z</Time>
            <Position>
              <LatitudeDegrees>43.13063744455576</LatitudeDegrees>
              <LongitudeDegrees>-2.567718755453825</LongitudeDegrees>
            </Position>
            <AltitudeMeters>167.0</AltitudeMeters>
            <DistanceMeters>1892.56005859375</DistanceMeters>
            <HeartRateBpm>
              <Value>102</Value>
            </HeartRateBpm>
            <Extensions>
              <ns3:TPX>
                <ns3:Speed>1.3339999914169312</ns3:Speed>
              </ns3:TPX>
            </Extensions>
          </Trackpoint>
          <Trackpoint>
            <Time>2026-06-17T21:10:21.000Z</Time>
            <Position>
              <LatitudeDegrees>43.13063350506127</LatitudeDegrees>
              <LongitudeDegrees>-2.5676355231553316</LongitudeDegrees>
            </Position>
            <AltitudeMeters>167.0</AltitudeMeters>
            <DistanceMeters>1898.969970703125</DistanceMeters>
            <HeartRateBpm>
              <Value>101</Value>
            </HeartRateBpm>
            <Extensions>
              <ns3:TPX>
                <ns3:Speed>1.5770000219345093</ns3:Speed>
              </ns3:TPX>
            </Extensions>
          </Trackpoint>
          <Trackpoint>
            <Time>2026-06-17T21:10:29.000Z</Time>
            <Position>
              <LatitudeDegrees>43.130645491182804</LatitudeDegrees>
              <LongitudeDegrees>-2.5674773566424847</LongitudeDegrees>
            </Position>
            <AltitudeMeters>166.8000030517578</AltitudeMeters>
            <DistanceMeters>1910.6099853515625</DistanceMeters>
            <HeartRateBpm>
              <Value>102</Value>
            </HeartRateBpm>
            <Extensions>
              <ns3:TPX>
                <ns3:Speed>1.4179999828338623</ns3:Speed>
              </ns3:TPX>
            </Extensions>
          </Trackpoint>
          <Trackpoint>
            <Time>2026-06-17T21:10:35.000Z</Time>
            <Position>
              <LatitudeDegrees>43.130639623850584</LatitudeDegrees>
              <LongitudeDegrees>-2.567370068281889</LongitudeDegrees>
            </Position>
            <AltitudeMeters>168.60000610351562</AltitudeMeters>
            <DistanceMeters>1920.260009765625</DistanceMeters>
            <HeartRateBpm>
              <Value>100</Value>
            </HeartRateBpm>
            <Extensions>
              <ns3:TPX>
                <ns3:Speed>1.4279999732971191</ns3:Speed>
              </ns3:TPX>
            </Extensions>
          </Trackpoint>
          <Trackpoint>
            <Time>2026-06-17T21:10:43.000Z</Time>
            <Position>
              <LatitudeDegrees>43.13065177761018</LatitudeDegrees>
              <LongitudeDegrees>-2.5672337785363197</LongitudeDegrees>
            </Position>
            <AltitudeMeters>168.1999969482422</AltitudeMeters>
            <DistanceMeters>1932.8499755859375</DistanceMeters>
            <HeartRateBpm>
              <Value>100</Value>
            </HeartRateBpm>
            <Extensions>
              <ns3:TPX>
                <ns3:Speed>1.4739999771118164</ns3:Speed>
              </ns3:TPX>
            </Extensions>
          </Trackpoint>
          <Trackpoint>
            <Time>2026-06-17T21:10:49.000Z</Time>
            <Position>
              <LatitudeDegrees>43.13066736795008</LatitudeDegrees>
              <LongitudeDegrees>-2.567177703604102</LongitudeDegrees>
            </Position>
            <AltitudeMeters>167.8000030517578</AltitudeMeters>
            <DistanceMeters>1940.47998046875</DistanceMeters>
            <HeartRateBpm>
              <Value>100</Value>
            </HeartRateBpm>
            <Extensions>
              <ns3:TPX>
                <ns3:Speed>1.4179999828338623</ns3:Speed>
              </ns3:TPX>
            </Extensions>
          </Trackpoint>
          <Trackpoint>
            <Time>2026-06-17T21:10:50.000Z</Time>
            <Position>
              <LatitudeDegrees>43.13066787086427</LatitudeDegrees>
              <LongitudeDegrees>-2.567178625613451</LongitudeDegrees>
            </Position>
            <AltitudeMeters>167.8000030517578</AltitudeMeters>
            <DistanceMeters>1940.47998046875</DistanceMeters>
            <HeartRateBpm>
              <Value>97</Value>
            </HeartRateBpm>
            <Extensions>
              <ns3:TPX>
                <ns3:Speed>1.371999979019165</ns3:Speed>
              </ns3:TPX>
            </Extensions>
          </Trackpoint>
          <Trackpoint>
            <Time>2026-06-17T21:10:51.000Z</Time>
            <Position>
              <LatitudeDegrees>43.130665021017194</LatitudeDegrees>
              <LongitudeDegrees>-2.567180134356022</LongitudeDegrees>
            </Position>
            <AltitudeMeters>167.8000030517578</AltitudeMeters>
            <DistanceMeters>1940.56005859375</DistanceMeters>
            <HeartRateBpm>
              <Value>99</Value>
            </HeartRateBpm>
            <Extensions>
              <ns3:TPX>
                <ns3:Speed>0.47600001096725464</ns3:Speed>
              </ns3:TPX>
            </Extensions>
          </Trackpoint>
          <Trackpoint>
            <Time>2026-06-17T21:10:57.000Z</Time>
            <Position>
              <LatitudeDegrees>43.13064331188798</LatitudeDegrees>
              <LongitudeDegrees>-2.5672046933323145</LongitudeDegrees>
            </Position>
            <AltitudeMeters>167.8000030517578</AltitudeMeters>
            <DistanceMeters>1941.8499755859375</DistanceMeters>
            <HeartRateBpm>
              <Value>97</Value>
            </HeartRateBpm>
            <Extensions>
              <ns3:TPX>
                <ns3:Speed>0.0</ns3:Speed>
              </ns3:TPX>
            </Extensions>
          </Trackpoint>
          <Trackpoint>
            <Time>2026-06-17T21:11:03.000Z</Time>
            <Position>
              <LatitudeDegrees>43.130656220018864</LatitudeDegrees>
              <LongitudeDegrees>-2.567316759377718</LongitudeDegrees>
            </Position>
            <AltitudeMeters>168.0</AltitudeMeters>
            <DistanceMeters>1949.239990234375</DistanceMeters>
            <HeartRateBpm>
              <Value>98</Value>
            </HeartRateBpm>
            <Extensions>
              <ns3:TPX>
                <ns3:Speed>1.2690000534057617</ns3:Speed>
              </ns3:TPX>
            </Extensions>
          </Trackpoint>
          <Trackpoint>
            <Time>2026-06-17T21:11:06.000Z</Time>
            <Position>
              <LatitudeDegrees>43.13065253198147</LatitudeDegrees>
              <LongitudeDegrees>-2.5673754326999187</LongitudeDegrees>
            </Position>
            <AltitudeMeters>167.8000030517578</AltitudeMeters>
            <DistanceMeters>1953.739990234375</DistanceMeters>
            <HeartRateBpm>
              <Value>102</Value>
            </HeartRateBpm>
            <Extensions>
              <ns3:TPX>
                <ns3:Speed>1.5490000247955322</ns3:Speed>
              </ns3:TPX>
            </Extensions>
          </Trackpoint>
          <Trackpoint>
            <Time>2026-06-17T21:11:12.000Z</Time>
            <Position>
              <LatitudeDegrees>43.13064683228731</LatitudeDegrees>
              <LongitudeDegrees>-2.5674786139279604</LongitudeDegrees>
            </Position>
            <AltitudeMeters>168.0</AltitudeMeters>
            <DistanceMeters>1962.219970703125</DistanceMeters>
            <HeartRateBpm>
              <Value>102</Value>
            </HeartRateBpm>
            <Extensions>
              <ns3:TPX>
                <ns3:Speed>1.4179999828338623</ns3:Speed>
              </ns3:TPX>
            </Extensions>
          </Trackpoint>
          <Trackpoint>
            <Time>2026-06-17T21:11:15.000Z</Time>
            <Position>
              <LatitudeDegrees>43.13064783811569</LatitudeDegrees>
              <LongitudeDegrees>-2.5675177574157715</LongitudeDegrees>
            </Position>
            <AltitudeMeters>168.0</AltitudeMeters>
            <DistanceMeters>1966.75</DistanceMeters>
            <HeartRateBpm>
              <Value>105</Value>
            </HeartRateBpm>
            <Extensions>
              <ns3:TPX>
                <ns3:Speed>1.5019999742507935</ns3:Speed>
              </ns3:TPX>
            </Extensions>
          </Trackpoint>
          <Trackpoint>
            <Time>2026-06-17T21:11:17.000Z</Time>
            <Position>
              <LatitudeDegrees>43.13065026886761</LatitudeDegrees>
              <LongitudeDegrees>-2.5675516203045845</LongitudeDegrees>
            </Position>
            <AltitudeMeters>168.1999969482422</AltitudeMeters>
            <DistanceMeters>1969.2099609375</DistanceMeters>
            <HeartRateBpm>
              <Value>102</Value>
            </HeartRateBpm>
            <Extensions>
              <ns3:TPX>
                <ns3:Speed>1.4459999799728394</ns3:Speed>
              </ns3:TPX>
            </Extensions>
          </Trackpoint>
          <Trackpoint>
            <Time>2026-06-17T21:11:20.000Z</Time>
            <Position>
              <LatitudeDegrees>43.13064825721085</LatitudeDegrees>
              <LongitudeDegrees>-2.5676123052835464</LongitudeDegrees>
            </Position>
            <AltitudeMeters>167.8000030517578</AltitudeMeters>
            <DistanceMeters>1973.1600341796875</DistanceMeters>
            <HeartRateBpm>
              <Value>99</Value>
            </HeartRateBpm>
            <Extensions>
              <ns3:TPX>
                <ns3:Speed>1.3899999856948853</ns3:Speed>
              </ns3:TPX>
            </Extensions>
          </Trackpoint>
          <Trackpoint>
            <Time>2026-06-17T21:11:21.000Z</Time>
            <Position>
              <LatitudeDegrees>43.13064859248698</LatitudeDegrees>
              <LongitudeDegrees>-2.5676358584314585</LongitudeDegrees>
            </Position>
            <AltitudeMeters>167.8000030517578</AltitudeMeters>
            <DistanceMeters>1974.75</DistanceMeters>
            <HeartRateBpm>
              <Value>103</Value>
            </HeartRateBpm>
            <Extensions>
              <ns3:TPX>
                <ns3:Speed>1.3899999856948853</ns3:Speed>
              </ns3:TPX>
            </Extensions>
          </Trackpoint>
          <Trackpoint>
            <Time>2026-06-17T21:11:24.000Z</Time>
            <Position>
              <LatitudeDegrees>43.130647419020534</LatitudeDegrees>
              <LongitudeDegrees>-2.5677055958658457</LongitudeDegrees>
            </Position>
            <AltitudeMeters>167.60000610351562</AltitudeMeters>
            <DistanceMeters>1979.6099853515625</DistanceMeters>
            <HeartRateBpm>
              <Value>102</Value>
            </HeartRateBpm>
            <Extensions>
              <ns3:TPX>
                <ns3:Speed>1.4279999732971191</ns3:Speed>
              </ns3:TPX>
            </Extensions>
          </Trackpoint>
          <Trackpoint>
            <Time>2026-06-17T21:11:30.000Z</Time>
            <Position>
              <LatitudeDegrees>43.13065848313272</LatitudeDegrees>
              <LongitudeDegrees>-2.567825708538294</LongitudeDegrees>
            </Position>
            <AltitudeMeters>167.8000030517578</AltitudeMeters>
            <DistanceMeters>1988.3399658203125</DistanceMeters>
            <HeartRateBpm>
              <Value>103</Value>
            </HeartRateBpm>
            <Extensions>
              <ns3:TPX>
                <ns3:Speed>1.4179999828338623</ns3:Speed>
              </ns3:TPX>
            </Extensions>
          </Trackpoint>
          <Trackpoint>
            <Time>2026-06-17T21:11:38.000Z</Time>
            <Position>
              <LatitudeDegrees>43.13065689057112</LatitudeDegrees>
              <LongitudeDegrees>-2.567972056567669</LongitudeDegrees>
            </Position>
            <AltitudeMeters>167.8000030517578</AltitudeMeters>
            <DistanceMeters>2000.5</DistanceMeters>
            <HeartRateBpm>
              <Value>103</Value>
            </HeartRateBpm>
            <Extensions>
              <ns3:TPX>
                <ns3:Speed>1.4179999828338623</ns3:Speed>
              </ns3:TPX>
            </Extensions>
          </Trackpoint>
          <Trackpoint>
            <Time>2026-06-17T21:11:39.000Z</Time>
            <Position>
              <LatitudeDegrees>43.130662674084306</LatitudeDegrees>
              <LongitudeDegrees>-2.5679936818778515</LongitudeDegrees>
            </Position>
            <AltitudeMeters>167.8000030517578</AltitudeMeters>
            <DistanceMeters>2001.93994140625</DistanceMeters>
            <HeartRateBpm>
              <Value>103</Value>
            </HeartRateBpm>
            <Extensions>
              <ns3:TPX>
                <ns3:Speed>1.409000039100647</ns3:Speed>
              </ns3:TPX>
            </Extensions>
          </Trackpoint>
        </Track>
        <Extensions>
          <ns3:LX>
            <ns3:AvgSpeed>1.4609999656677246</ns3:AvgSpeed>
            <ns3:AvgRunCadence>47</ns3:AvgRunCadence>
            <ns3:MaxRunCadence>57</ns3:MaxRunCadence>
          </ns3:LX>
        </Extensions>
      </Lap>
      <Lap StartTime="2026-06-17T21:11:39.000Z">
        <TotalTimeSeconds>666.208</TotalTimeSeconds>
        <DistanceMeters>1000.0</DistanceMeters>
        <MaximumSpeed>1.940999984741211</MaximumSpeed>
        <Calories>70</Calories>
        <AverageHeartRateBpm>
          <Value>106</Value>
        </AverageHeartRateBpm>
        <MaximumHeartRateBpm>
          <Value>113</Value>
        </MaximumHeartRateBpm>
        <Intensity>Active</Intensity>
        <TriggerMethod>Manual</TriggerMethod>
        <Track>
          <Trackpoint>
            <Time>2026-06-17T21:11:39.000Z</Time>
            <Position>
              <LatitudeDegrees>43.130662674084306</LatitudeDegrees>
              <LongitudeDegrees>-2.5679936818778515</LongitudeDegrees>
            </Position>
            <AltitudeMeters>167.8000030517578</AltitudeMeters>
            <DistanceMeters>2001.93994140625</DistanceMeters>
            <HeartRateBpm>
              <Value>103</Value>
            </HeartRateBpm>
            <Extensions>
              <ns3:TPX>
                <ns3:Speed>1.409000039100647</ns3:Speed>
              </ns3:TPX>
            </Extensions>
          </Trackpoint>
          <Trackpoint>
            <Time>2026-06-17T21:11:41.000Z</Time>
            <Position>
              <LatitudeDegrees>43.13067298382521</LatitudeDegrees>
              <LongitudeDegrees>-2.5680413749068975</LongitudeDegrees>
            </Position>
            <AltitudeMeters>168.60000610351562</AltitudeMeters>
            <DistanceMeters>2006.739990234375</DistanceMeters>
            <HeartRateBpm>
              <Value>105</Value>
            </HeartRateBpm>
            <Extensions>
              <ns3:TPX>
                <ns3:Speed>1.4279999732971191</ns3:Speed>
              </ns3:TPX>
            </Extensions>
          </Trackpoint>
          <Trackpoint>
            <Time>2026-06-17T21:11:44.000Z</Time>
            <Position>
              <LatitudeDegrees>43.13069016672671</LatitudeDegrees>
              <LongitudeDegrees>-2.5680808536708355</LongitudeDegrees>
            </Position>
            <AltitudeMeters>168.60000610351562</AltitudeMeters>
            <DistanceMeters>2009.6300048828125</DistanceMeters>
            <HeartRateBpm>
              <Value>104</Value>
            </HeartRateBpm>
            <Extensions>
              <ns3:TPX>
                <ns3:Speed>1.409000039100647</ns3:Speed>
              </ns3:TPX>
            </Extensions>
          </Trackpoint>
          <Trackpoint>
            <Time>2026-06-17T21:11:47.000Z</Time>
            <Position>
              <LatitudeDegrees>43.130697291344404</LatitudeDegrees>
              <LongitudeDegrees>-2.568124942481518</LongitudeDegrees>
            </Position>
            <AltitudeMeters>168.60000610351562</AltitudeMeters>
            <DistanceMeters>2012.5699462890625</DistanceMeters>
            <HeartRateBpm>
              <Value>104</Value>
            </HeartRateBpm>
            <Extensions>
              <ns3:TPX>
                <ns3:Speed>1.343999981880188</ns3:Speed>
              </ns3:TPX>
            </Extensions>
          </Trackpoint>
          <Trackpoint>
            <Time>2026-06-17T21:11:49.000Z</Time>
            <Position>
              <LatitudeDegrees>43.13069058582187</LatitudeDegrees>
              <LongitudeDegrees>-2.568154027685523</LongitudeDegrees>
            </Position>
            <AltitudeMeters>168.8000030517578</AltitudeMeters>
            <DistanceMeters>2016.47998046875</DistanceMeters>
            <HeartRateBpm>
              <Value>104</Value>
            </HeartRateBpm>
            <Extensions>
              <ns3:TPX>
                <ns3:Speed>1.315999984741211</ns3:Speed>
              </ns3:TPX>
            </Extensions>
          </Trackpoint>
          <Trackpoint>
            <Time>2026-06-17T21:11:51.000Z</Time>
            <Position>
              <LatitudeDegrees>43.13067424111068</LatitudeDegrees>
              <LongitudeDegrees>-2.5681888964027166</LongitudeDegrees>
            </Position>
            <AltitudeMeters>168.8000030517578</AltitudeMeters>
            <DistanceMeters>2018.93994140625</DistanceMeters>
            <HeartRateBpm>
              <Value>104</Value>
            </HeartRateBpm>
            <Extensions>
              <ns3:TPX>
                <ns3:Speed>1.305999994277954</ns3:Speed>
              </ns3:TPX>
            </Extensions>
          </Trackpoint>
          <Trackpoint>
            <Time>2026-06-17T21:11:57.000Z</Time>
            <Position>
              <LatitudeDegrees>43.130667535588145</LatitudeDegrees>
              <LongitudeDegrees>-2.568274810910225</LongitudeDegrees>
            </Position>
            <AltitudeMeters>168.8000030517578</AltitudeMeters>
            <DistanceMeters>2025.1600341796875</DistanceMeters>
            <HeartRateBpm>
              <Value>105</Value>
            </HeartRateBpm>
            <Extensions>
              <ns3:TPX>
                <ns3:Speed>1.2319999933242798</ns3:Speed>
              </ns3:TPX>
            </Extensions>
          </Trackpoint>
          <Trackpoint>
            <Time>2026-06-17T21:11:59.000Z</Time>
            <Position>
              <LatitudeDegrees>43.130665523931384</LatitudeDegrees>
              <LongitudeDegrees>-2.568318312987685</LongitudeDegrees>
            </Position>
            <AltitudeMeters>168.8000030517578</AltitudeMeters>
            <DistanceMeters>2027.18994140625</DistanceMeters>
            <HeartRateBpm>
              <Value>107</Value>
            </HeartRateBpm>
            <Extensions>
              <ns3:TPX>
                <ns3:Speed>1.222000002861023</ns3:Speed>
              </ns3:TPX>
            </Extensions>
          </Trackpoint>
          <Trackpoint>
            <Time>2026-06-17T21:12:01.000Z</Time>
            <Position>
              <LatitudeDegrees>43.130664099007845</LatitudeDegrees>
              <LongitudeDegrees>-2.5683556124567986</LongitudeDegrees>
            </Position>
            <AltitudeMeters>168.8000030517578</AltitudeMeters>
            <DistanceMeters>2030.1400146484375</DistanceMeters>
            <HeartRateBpm>
              <Value>106</Value>
            </HeartRateBpm>
            <Extensions>
              <ns3:TPX>
                <ns3:Speed>1.222000002861023</ns3:Speed>
              </ns3:TPX>
            </Extensions>
          </Trackpoint>
          <Trackpoint>
            <Time>2026-06-17T21:12:06.000Z</Time>
            <Position>
              <LatitudeDegrees>43.13067751005292</LatitudeDegrees>
              <LongitudeDegrees>-2.5684398505836725</LongitudeDegrees>
            </Position>
            <AltitudeMeters>168.8000030517578</AltitudeMeters>
            <DistanceMeters>2037.5699462890625</DistanceMeters>
            <HeartRateBpm>
              <Value>108</Value>
            </HeartRateBpm>
            <Extensions>
              <ns3:TPX>
                <ns3:Speed>1.2319999933242798</ns3:Speed>
              </ns3:TPX>
            </Extensions>
          </Trackpoint>
          <Trackpoint>
            <Time>2026-06-17T21:12:13.000Z</Time>
            <Position>
              <LatitudeDegrees>43.13068647868931</LatitudeDegrees>
              <LongitudeDegrees>-2.5685861986130476</LongitudeDegrees>
            </Position>
            <AltitudeMeters>168.60000610351562</AltitudeMeters>
            <DistanceMeters>2049.320068359375</DistanceMeters>
            <HeartRateBpm>
              <Value>107</Value>
            </HeartRateBpm>
            <Extensions>
              <ns3:TPX>
                <ns3:Speed>1.277999997138977</ns3:Speed>
              </ns3:TPX>
            </Extensions>
          </Trackpoint>
          <Trackpoint>
            <Time>2026-06-17T21:12:15.000Z</Time>
            <Position>
              <LatitudeDegrees>43.13068287447095</LatitudeDegrees>
              <LongitudeDegrees>-2.5686247553676367</LongitudeDegrees>
            </Position>
            <AltitudeMeters>168.60000610351562</AltitudeMeters>
            <DistanceMeters>2051.489990234375</DistanceMeters>
            <HeartRateBpm>
              <Value>108</Value>
            </HeartRateBpm>
            <Extensions>
              <ns3:TPX>
                <ns3:Speed>1.277999997138977</ns3:Speed>
              </ns3:TPX>
            </Extensions>
          </Trackpoint>
          <Trackpoint>
            <Time>2026-06-17T21:12:19.000Z</Time>
            <Position>
              <LatitudeDegrees>43.13066242262721</LatitudeDegrees>
              <LongitudeDegrees>-2.5686978455632925</LongitudeDegrees>
            </Position>
            <AltitudeMeters>168.60000610351562</AltitudeMeters>
            <DistanceMeters>2058.35009765625</DistanceMeters>
            <HeartRateBpm>
              <Value>109</Value>
            </HeartRateBpm>
            <Extensions>
              <ns3:TPX>
                <ns3:Speed>1.2690000534057617</ns3:Speed>
              </ns3:TPX>
            </Extensions>
          </Trackpoint>
          <Trackpoint>
            <Time>2026-06-17T21:12:20.000Z</Time>
            <Position>
              <LatitudeDegrees>43.13065756112337</LatitudeDegrees>
              <LongitudeDegrees>-2.568717459216714</LongitudeDegrees>
            </Position>
            <AltitudeMeters>168.60000610351562</AltitudeMeters>
            <DistanceMeters>2060.179931640625</DistanceMeters>
            <HeartRateBpm>
              <Value>109</Value>
            </HeartRateBpm>
            <Extensions>
              <ns3:TPX>
                <ns3:Speed>1.277999997138977</ns3:Speed>
              </ns3:TPX>
            </Extensions>
          </Trackpoint>
          <Trackpoint>
            <Time>2026-06-17T21:12:28.000Z</Time>
            <Position>
              <LatitudeDegrees>43.130633253604174</LatitudeDegrees>
              <LongitudeDegrees>-2.5688551738858223</LongitudeDegrees>
            </Position>
            <AltitudeMeters>168.60000610351562</AltitudeMeters>
            <DistanceMeters>2071.760009765625</DistanceMeters>
            <HeartRateBpm>
              <Value>109</Value>
            </HeartRateBpm>
            <Extensions>
              <ns3:TPX>
                <ns3:Speed>1.2970000505447388</ns3:Speed>
              </ns3:TPX>
            </Extensions>
          </Trackpoint>
          <Trackpoint>
            <Time>2026-06-17T21:12:29.000Z</Time>
            <Position>
              <LatitudeDegrees>43.130628895014524</LatitudeDegrees>
              <LongitudeDegrees>-2.5688730273395777</LongitudeDegrees>
            </Position>
            <AltitudeMeters>168.60000610351562</AltitudeMeters>
            <DistanceMeters>2073.639892578125</DistanceMeters>
            <HeartRateBpm>
              <Value>112</Value>
            </HeartRateBpm>
            <Extensions>
              <ns3:TPX>
                <ns3:Speed>1.305999994277954</ns3:Speed>
              </ns3:TPX>
            </Extensions>
          </Trackpoint>
          <Trackpoint>
            <Time>2026-06-17T21:12:32.000Z</Time>
            <Position>
              <LatitudeDegrees>43.13060877844691</LatitudeDegrees>
              <LongitudeDegrees>-2.5689102429896593</LongitudeDegrees>
            </Position>
            <AltitudeMeters>168.60000610351562</AltitudeMeters>
            <DistanceMeters>2078.300048828125</DistanceMeters>
            <HeartRateBpm>
              <Value>109</Value>
            </HeartRateBpm>
            <Extensions>
              <ns3:TPX>
                <ns3:Speed>1.3250000476837158</ns3:Speed>
              </ns3:TPX>
            </Extensions>
          </Trackpoint>
          <Trackpoint>
            <Time>2026-06-17T21:12:36.000Z</Time>
            <Position>
              <LatitudeDegrees>43.130591847002506</LatitudeDegrees>
              <LongitudeDegrees>-2.5689899548888206</LongitudeDegrees>
            </Position>
            <AltitudeMeters>168.60000610351562</AltitudeMeters>
            <DistanceMeters>2084.3701171875</DistanceMeters>
            <HeartRateBpm>
              <Value>106</Value>
            </HeartRateBpm>
            <Extensions>
              <ns3:TPX>
                <ns3:Speed>1.343999981880188</ns3:Speed>
              </ns3:TPX>
            </Extensions>
          </Trackpoint>
          <Trackpoint>
            <Time>2026-06-17T21:12:37.000Z</Time>
            <Position>
              <LatitudeDegrees>43.13058899715543</LatitudeDegrees>
              <LongitudeDegrees>-2.569008395075798</LongitudeDegrees>
            </Position>
            <AltitudeMeters>168.60000610351562</AltitudeMeters>
            <DistanceMeters>2085.739990234375</DistanceMeters>
            <HeartRateBpm>
              <Value>109</Value>
            </HeartRateBpm>
            <Extensions>
              <ns3:TPX>
                <ns3:Speed>1.3530000448226929</ns3:Speed>
              </ns3:TPX>
            </Extensions>
          </Trackpoint>
          <Trackpoint>
            <Time>2026-06-17T21:12:39.000Z</Time>
            <Position>
              <LatitudeDegrees>43.13058287836611</LatitudeDegrees>
              <LongitudeDegrees>-2.5690364744514227</LongitudeDegrees>
            </Position>
            <AltitudeMeters>168.60000610351562</AltitudeMeters>
            <DistanceMeters>2089.989990234375</DistanceMeters>
            <HeartRateBpm>
              <Value>108</Value>
            </HeartRateBpm>
            <Extensions>
              <ns3:TPX>
                <ns3:Speed>1.343999981880188</ns3:Speed>
              </ns3:TPX>
            </Extensions>
          </Trackpoint>
          <Trackpoint>
            <Time>2026-06-17T21:12:42.000Z</Time>
            <Position>
              <LatitudeDegrees>43.13055546954274</LatitudeDegrees>
              <LongitudeDegrees>-2.569095902144909</LongitudeDegrees>
            </Position>
            <AltitudeMeters>168.60000610351562</AltitudeMeters>
            <DistanceMeters>2095.4599609375</DistanceMeters>
            <HeartRateBpm>
              <Value>107</Value>
            </HeartRateBpm>
            <Extensions>
              <ns3:TPX>
                <ns3:Speed>1.38100004196167</ns3:Speed>
              </ns3:TPX>
            </Extensions>
          </Trackpoint>
          <Trackpoint>
            <Time>2026-06-17T21:12:47.000Z</Time>
            <Position>
              <LatitudeDegrees>43.13049771822989</LatitudeDegrees>
              <LongitudeDegrees>-2.5691345427185297</LongitudeDegrees>
            </Position>
            <AltitudeMeters>168.8000030517578</AltitudeMeters>
            <DistanceMeters>2101.7099609375</DistanceMeters>
            <HeartRateBpm>
              <Value>107</Value>
            </HeartRateBpm>
            <Extensions>
              <ns3:TPX>
                <ns3:Speed>1.38100004196167</ns3:Speed>
              </ns3:TPX>
            </Extensions>
          </Trackpoint>
          <Trackpoint>
            <Time>2026-06-17T21:12:48.000Z</Time>
            <Position>
              <LatitudeDegrees>43.130484223365784</LatitudeDegrees>
              <LongitudeDegrees>-2.5691417511552572</LongitudeDegrees>
            </Position>
            <AltitudeMeters>168.8000030517578</AltitudeMeters>
            <DistanceMeters>2103.1201171875</DistanceMeters>
            <HeartRateBpm>
              <Value>106</Value>
            </HeartRateBpm>
            <Extensions>
              <ns3:TPX>
                <ns3:Speed>1.38100004196167</ns3:Speed>
              </ns3:TPX>
            </Extensions>
          </Trackpoint>
          <Trackpoint>
            <Time>2026-06-17T21:12:51.000Z</Time>
            <Position>
              <LatitudeDegrees>43.13045429997146</LatitudeDegrees>
              <LongitudeDegrees>-2.569161783903837</LongitudeDegrees>
            </Position>
            <AltitudeMeters>169.0</AltitudeMeters>
            <DistanceMeters>2108.68994140625</DistanceMeters>
            <HeartRateBpm>
              <Value>106</Value>
            </HeartRateBpm>
            <Extensions>
              <ns3:TPX>
                <ns3:Speed>1.399999976158142</ns3:Speed>
              </ns3:TPX>
            </Extensions>
          </Trackpoint>
          <Trackpoint>
            <Time>2026-06-17T21:12:55.000Z</Time>
            <Position>
              <LatitudeDegrees>43.13040442764759</LatitudeDegrees>
              <LongitudeDegrees>-2.569164466112852</LongitudeDegrees>
            </Position>
            <AltitudeMeters>169.39999389648438</AltitudeMeters>
            <DistanceMeters>2113.719970703125</DistanceMeters>
            <HeartRateBpm>
              <Value>101</Value>
            </HeartRateBpm>
            <Extensions>
              <ns3:TPX>
                <ns3:Speed>1.399999976158142</ns3:Speed>
              </ns3:TPX>
            </Extensions>
          </Trackpoint>
          <Trackpoint>
            <Time>2026-06-17T21:12:56.000Z</Time>
            <Position>
              <LatitudeDegrees>43.130385652184486</LatitudeDegrees>
              <LongitudeDegrees>-2.5691652204841375</LongitudeDegrees>
            </Position>
            <AltitudeMeters>169.39999389648438</AltitudeMeters>
            <DistanceMeters>2115.2099609375</DistanceMeters>
            <HeartRateBpm>
              <Value>103</Value>
            </HeartRateBpm>
            <Extensions>
              <ns3:TPX>
                <ns3:Speed>1.399999976158142</ns3:Speed>
              </ns3:TPX>
            </Extensions>
          </Trackpoint>
          <Trackpoint>
            <Time>2026-06-17T21:13:00.000Z</Time>
            <Position>
              <LatitudeDegrees>43.13033066689968</LatitudeDegrees>
              <LongitudeDegrees>-2.5691750273108482</LongitudeDegrees>
            </Position>
            <AltitudeMeters>169.39999389648438</AltitudeMeters>
            <DistanceMeters>2120.159912109375</DistanceMeters>
            <HeartRateBpm>
              <Value>100</Value>
            </HeartRateBpm>
            <Extensions>
              <ns3:TPX>
                <ns3:Speed>1.399999976158142</ns3:Speed>
              </ns3:TPX>
            </Extensions>
          </Trackpoint>
          <Trackpoint>
            <Time>2026-06-17T21:13:04.000Z</Time>
            <Position>
              <LatitudeDegrees>43.130293199792504</LatitudeDegrees>
              <LongitudeDegrees>-2.569170668721199</LongitudeDegrees>
            </Position>
            <AltitudeMeters>169.1999969482422</AltitudeMeters>
            <DistanceMeters>2125.030029296875</DistanceMeters>
            <HeartRateBpm>
              <Value>101</Value>
            </HeartRateBpm>
            <Extensions>
              <ns3:TPX>
                <ns3:Speed>1.371999979019165</ns3:Speed>
              </ns3:TPX>
            </Extensions>
          </Trackpoint>
          <Trackpoint>
            <Time>2026-06-17T21:13:13.000Z</Time>
            <Position>
              <LatitudeDegrees>43.130153976380825</LatitudeDegrees>
              <LongitudeDegrees>-2.56916631013155</LongitudeDegrees>
            </Position>
            <AltitudeMeters>169.1999969482422</AltitudeMeters>
            <DistanceMeters>2143.030029296875</DistanceMeters>
            <HeartRateBpm>
              <Value>103</Value>
            </HeartRateBpm>
            <Extensions>
              <ns3:TPX>
                <ns3:Speed>1.8660000562667847</ns3:Speed>
              </ns3:TPX>
            </Extensions>
          </Trackpoint>
          <Trackpoint>
            <Time>2026-06-17T21:13:21.000Z</Time>
            <Position>
              <LatitudeDegrees>43.13004802912474</LatitudeDegrees>
              <LongitudeDegrees>-2.5691573414951563</LongitudeDegrees>
            </Position>
            <AltitudeMeters>168.60000610351562</AltitudeMeters>
            <DistanceMeters>2156.570068359375</DistanceMeters>
            <HeartRateBpm>
              <Value>103</Value>
            </HeartRateBpm>
            <Extensions>
              <ns3:TPX>
                <ns3:Speed>1.819000005722046</ns3:Speed>
              </ns3:TPX>
            </Extensions>
          </Trackpoint>
          <Trackpoint>
            <Time>2026-06-17T21:13:26.000Z</Time>
            <Position>
              <LatitudeDegrees>43.12997309491038</LatitudeDegrees>
              <LongitudeDegrees>-2.5691614486277103</LongitudeDegrees>
            </Position>
            <AltitudeMeters>168.60000610351562</AltitudeMeters>
            <DistanceMeters>2164.080078125</DistanceMeters>
            <HeartRateBpm>
              <Value>106</Value>
            </HeartRateBpm>
            <Extensions>
              <ns3:TPX>
                <ns3:Speed>1.7259999513626099</ns3:Speed>
              </ns3:TPX>
            </Extensions>
          </Trackpoint>
          <Trackpoint>
            <Time>2026-06-17T21:13:29.000Z</Time>
            <Position>
              <LatitudeDegrees>43.12992489896715</LatitudeDegrees>
              <LongitudeDegrees>-2.56916337646544</LongitudeDegrees>
            </Position>
            <AltitudeMeters>168.39999389648438</AltitudeMeters>
            <DistanceMeters>2168.97998046875</DistanceMeters>
            <HeartRateBpm>
              <Value>104</Value>
            </HeartRateBpm>
            <Extensions>
              <ns3:TPX>
                <ns3:Speed>1.7450000047683716</ns3:Speed>
              </ns3:TPX>
            </Extensions>
          </Trackpoint>
          <Trackpoint>
            <Time>2026-06-17T21:13:37.000Z</Time>
            <Position>
              <LatitudeDegrees>43.12982347793877</LatitudeDegrees>
              <LongitudeDegrees>-2.569134207442403</LongitudeDegrees>
            </Position>
            <AltitudeMeters>168.39999389648438</AltitudeMeters>
            <DistanceMeters>2181.47998046875</DistanceMeters>
            <HeartRateBpm>
              <Value>103</Value>
            </HeartRateBpm>
            <Extensions>
              <ns3:TPX>
                <ns3:Speed>1.6890000104904175</ns3:Speed>
              </ns3:TPX>
            </Extensions>
          </Trackpoint>
          <Trackpoint>
            <Time>2026-06-17T21:13:39.000Z</Time>
            <Position>
              <LatitudeDegrees>43.129793386906385</LatitudeDegrees>
              <LongitudeDegrees>-2.569121802225709</LongitudeDegrees>
            </Position>
            <AltitudeMeters>168.1999969482422</AltitudeMeters>
            <DistanceMeters>2184.7900390625</DistanceMeters>
            <HeartRateBpm>
              <Value>106</Value>
            </HeartRateBpm>
            <Extensions>
              <ns3:TPX>
                <ns3:Speed>1.7079999446868896</ns3:Speed>
              </ns3:TPX>
            </Extensions>
          </Trackpoint>
          <Trackpoint>
            <Time>2026-06-17T21:13:41.000Z</Time>
            <Position>
              <LatitudeDegrees>43.129766480997205</LatitudeDegrees>
              <LongitudeDegrees>-2.5691149290651083</LongitudeDegrees>
            </Position>
            <AltitudeMeters>168.1999969482422</AltitudeMeters>
            <DistanceMeters>2188.260009765625</DistanceMeters>
            <HeartRateBpm>
              <Value>101</Value>
            </HeartRateBpm>
            <Extensions>
              <ns3:TPX>
                <ns3:Speed>1.7170000076293945</ns3:Speed>
              </ns3:TPX>
            </Extensions>
          </Trackpoint>
          <Trackpoint>
            <Time>2026-06-17T21:13:44.000Z</Time>
            <Position>
              <LatitudeDegrees>43.12973362393677</LatitudeDegrees>
              <LongitudeDegrees>-2.569119706749916</LongitudeDegrees>
            </Position>
            <AltitudeMeters>168.1999969482422</AltitudeMeters>
            <DistanceMeters>2192.260009765625</DistanceMeters>
            <HeartRateBpm>
              <Value>104</Value>
            </HeartRateBpm>
            <Extensions>
              <ns3:TPX>
                <ns3:Speed>1.7359999418258667</ns3:Speed>
              </ns3:TPX>
            </Extensions>
          </Trackpoint>
          <Trackpoint>
            <Time>2026-06-17T21:13:52.000Z</Time>
            <Position>
              <LatitudeDegrees>43.12961367890239</LatitudeDegrees>
              <LongitudeDegrees>-2.569125322625041</LongitudeDegrees>
            </Position>
            <AltitudeMeters>168.0</AltitudeMeters>
            <DistanceMeters>2205.320068359375</DistanceMeters>
            <HeartRateBpm>
              <Value>103</Value>
            </HeartRateBpm>
            <Extensions>
              <ns3:TPX>
                <ns3:Speed>1.7910000085830688</ns3:Speed>
              </ns3:TPX>
            </Extensions>
          </Trackpoint>
          <Trackpoint>
            <Time>2026-06-17T21:14:00.000Z</Time>
            <Position>
              <LatitudeDegrees>43.12951519154012</LatitudeDegrees>
              <LongitudeDegrees>-2.569173015654087</LongitudeDegrees>
            </Position>
            <AltitudeMeters>168.0</AltitudeMeters>
            <DistanceMeters>2217.669921875</DistanceMeters>
            <HeartRateBpm>
              <Value>100</Value>
            </HeartRateBpm>
            <Extensions>
              <ns3:TPX>
                <ns3:Speed>1.7640000581741333</ns3:Speed>
              </ns3:TPX>
            </Extensions>
          </Trackpoint>
          <Trackpoint>
            <Time>2026-06-17T21:14:07.000Z</Time>
            <Position>
              <LatitudeDegrees>43.1294437777251</LatitudeDegrees>
              <LongitudeDegrees>-2.5692547392100096</LongitudeDegrees>
            </Position>
            <AltitudeMeters>167.8000030517578</AltitudeMeters>
            <DistanceMeters>2226.820068359375</DistanceMeters>
            <HeartRateBpm>
              <Value>101</Value>
            </HeartRateBpm>
            <Extensions>
              <ns3:TPX>
                <ns3:Speed>1.7259999513626099</ns3:Speed>
              </ns3:TPX>
            </Extensions>
          </Trackpoint>
          <Trackpoint>
            <Time>2026-06-17T21:14:17.000Z</Time>
            <Position>
              <LatitudeDegrees>43.129433803260326</LatitudeDegrees>
              <LongitudeDegrees>-2.569426065310836</LongitudeDegrees>
            </Position>
            <AltitudeMeters>167.8000030517578</AltitudeMeters>
            <DistanceMeters>2239.60009765625</DistanceMeters>
            <HeartRateBpm>
              <Value>102</Value>
            </HeartRateBpm>
            <Extensions>
              <ns3:TPX>
                <ns3:Speed>1.5770000219345093</ns3:Speed>
              </ns3:TPX>
            </Extensions>
          </Trackpoint>
          <Trackpoint>
            <Time>2026-06-17T21:14:26.000Z</Time>
            <Position>
              <LatitudeDegrees>43.12940178439021</LatitudeDegrees>
              <LongitudeDegrees>-2.5695833936333656</LongitudeDegrees>
            </Position>
            <AltitudeMeters>168.1999969482422</AltitudeMeters>
            <DistanceMeters>2252.800048828125</DistanceMeters>
            <HeartRateBpm>
              <Value>101</Value>
            </HeartRateBpm>
            <Extensions>
              <ns3:TPX>
                <ns3:Speed>1.4739999771118164</ns3:Speed>
              </ns3:TPX>
            </Extensions>
          </Trackpoint>
          <Trackpoint>
            <Time>2026-06-17T21:14:34.000Z</Time>
            <Position>
              <LatitudeDegrees>43.12934294342995</LatitudeDegrees>
              <LongitudeDegrees>-2.5696889217942953</LongitudeDegrees>
            </Position>
            <AltitudeMeters>168.1999969482422</AltitudeMeters>
            <DistanceMeters>2264.780029296875</DistanceMeters>
            <HeartRateBpm>
              <Value>99</Value>
            </HeartRateBpm>
            <Extensions>
              <ns3:TPX>
                <ns3:Speed>1.4839999675750732</ns3:Speed>
              </ns3:TPX>
            </Extensions>
          </Trackpoint>
          <Trackpoint>
            <Time>2026-06-17T21:14:38.000Z</Time>
            <Position>
              <LatitudeDegrees>43.12931712716818</LatitudeDegrees>
              <LongitudeDegrees>-2.56975170224905</LongitudeDegrees>
            </Position>
            <AltitudeMeters>167.8000030517578</AltitudeMeters>
            <DistanceMeters>2269.840087890625</DistanceMeters>
            <HeartRateBpm>
              <Value>98</Value>
            </HeartRateBpm>
            <Extensions>
              <ns3:TPX>
                <ns3:Speed>1.465000033378601</ns3:Speed>
              </ns3:TPX>
            </Extensions>
          </Trackpoint>
          <Trackpoint>
            <Time>2026-06-17T21:14:41.000Z</Time>
            <Position>
              <LatitudeDegrees>43.12930162064731</LatitudeDegrees>
              <LongitudeDegrees>-2.569807358086109</LongitudeDegrees>
            </Position>
            <AltitudeMeters>167.8000030517578</AltitudeMeters>
            <DistanceMeters>2274.2900390625</DistanceMeters>
            <HeartRateBpm>
              <Value>100</Value>
            </HeartRateBpm>
            <Extensions>
              <ns3:TPX>
                <ns3:Speed>1.4559999704360962</ns3:Speed>
              </ns3:TPX>
            </Extensions>
          </Trackpoint>
          <Trackpoint>
            <Time>2026-06-17T21:14:44.000Z</Time>
            <Position>
              <LatitudeDegrees>43.129292065277696</LatitudeDegrees>
              <LongitudeDegrees>-2.569861588999629</LongitudeDegrees>
            </Position>
            <AltitudeMeters>168.1999969482422</AltitudeMeters>
            <DistanceMeters>2279.14990234375</DistanceMeters>
            <HeartRateBpm>
              <Value>103</Value>
            </HeartRateBpm>
            <Extensions>
              <ns3:TPX>
                <ns3:Speed>1.465000033378601</ns3:Speed>
              </ns3:TPX>
            </Extensions>
          </Trackpoint>
          <Trackpoint>
            <Time>2026-06-17T21:14:46.000Z</Time>
            <Position>
              <LatitudeDegrees>43.12929189763963</LatitudeDegrees>
              <LongitudeDegrees>-2.569897882640362</LongitudeDegrees>
            </Position>
            <AltitudeMeters>168.39999389648438</AltitudeMeters>
            <DistanceMeters>2282.010009765625</DistanceMeters>
            <HeartRateBpm>
              <Value>104</Value>
            </HeartRateBpm>
            <Extensions>
              <ns3:TPX>
                <ns3:Speed>1.465000033378601</ns3:Speed>
              </ns3:TPX>
            </Extensions>
          </Trackpoint>
          <Trackpoint>
            <Time>2026-06-17T21:14:48.000Z</Time>
            <Position>
              <LatitudeDegrees>43.12929466366768</LatitudeDegrees>
              <LongitudeDegrees>-2.5699356850236654</LongitudeDegrees>
            </Position>
            <AltitudeMeters>168.60000610351562</AltitudeMeters>
            <DistanceMeters>2284.7099609375</DistanceMeters>
            <HeartRateBpm>
              <Value>103</Value>
            </HeartRateBpm>
            <Extensions>
              <ns3:TPX>
                <ns3:Speed>1.4559999704360962</ns3:Speed>
              </ns3:TPX>
            </Extensions>
          </Trackpoint>
          <Trackpoint>
            <Time>2026-06-17T21:14:50.000Z</Time>
            <Position>
              <LatitudeDegrees>43.12931226566434</LatitudeDegrees>
              <LongitudeDegrees>-2.569974157959223</LongitudeDegrees>
            </Position>
            <AltitudeMeters>169.0</AltitudeMeters>
            <DistanceMeters>2287.570068359375</DistanceMeters>
            <HeartRateBpm>
              <Value>106</Value>
            </HeartRateBpm>
            <Extensions>
              <ns3:TPX>
                <ns3:Speed>1.4559999704360962</ns3:Speed>
              </ns3:TPX>
            </Extensions>
          </Trackpoint>
          <Trackpoint>
            <Time>2026-06-17T21:14:53.000Z</Time>
            <Position>
              <LatitudeDegrees>43.129321821033955</LatitudeDegrees>
              <LongitudeDegrees>-2.570031825453043</LongitudeDegrees>
            </Position>
            <AltitudeMeters>169.60000610351562</AltitudeMeters>
            <DistanceMeters>2292.280029296875</DistanceMeters>
            <HeartRateBpm>
              <Value>105</Value>
            </HeartRateBpm>
            <Extensions>
              <ns3:TPX>
                <ns3:Speed>1.4559999704360962</ns3:Speed>
              </ns3:TPX>
            </Extensions>
          </Trackpoint>
          <Trackpoint>
            <Time>2026-06-17T21:14:55.000Z</Time>
            <Position>
              <LatitudeDegrees>43.12932592816651</LatitudeDegrees>
              <LongitudeDegrees>-2.5700666941702366</LongitudeDegrees>
            </Position>
            <AltitudeMeters>169.8000030517578</AltitudeMeters>
            <DistanceMeters>2295.0</DistanceMeters>
            <HeartRateBpm>
              <Value>105</Value>
            </HeartRateBpm>
            <Extensions>
              <ns3:TPX>
                <ns3:Speed>1.4559999704360962</ns3:Speed>
              </ns3:TPX>
            </Extensions>
          </Trackpoint>
          <Trackpoint>
            <Time>2026-06-17T21:14:58.000Z</Time>
            <Position>
              <LatitudeDegrees>43.129325760528445</LatitudeDegrees>
              <LongitudeDegrees>-2.570126624777913</LongitudeDegrees>
            </Position>
            <AltitudeMeters>170.0</AltitudeMeters>
            <DistanceMeters>2299.5</DistanceMeters>
            <HeartRateBpm>
              <Value>102</Value>
            </HeartRateBpm>
            <Extensions>
              <ns3:TPX>
                <ns3:Speed>1.4559999704360962</ns3:Speed>
              </ns3:TPX>
            </Extensions>
          </Trackpoint>
          <Trackpoint>
            <Time>2026-06-17T21:15:03.000Z</Time>
            <Position>
              <LatitudeDegrees>43.12931410968304</LatitudeDegrees>
              <LongitudeDegrees>-2.570212036371231</LongitudeDegrees>
            </Position>
            <AltitudeMeters>170.39999389648438</AltitudeMeters>
            <DistanceMeters>2306.550048828125</DistanceMeters>
            <HeartRateBpm>
              <Value>102</Value>
            </HeartRateBpm>
            <Extensions>
              <ns3:TPX>
                <ns3:Speed>1.4459999799728394</ns3:Speed>
              </ns3:TPX>
            </Extensions>
          </Trackpoint>
          <Trackpoint>
            <Time>2026-06-17T21:15:05.000Z</Time>
            <Position>
              <LatitudeDegrees>43.12931092455983</LatitudeDegrees>
              <LongitudeDegrees>-2.570243300870061</LongitudeDegrees>
            </Position>
            <AltitudeMeters>170.60000610351562</AltitudeMeters>
            <DistanceMeters>2309.169921875</DistanceMeters>
            <HeartRateBpm>
              <Value>105</Value>
            </HeartRateBpm>
            <Extensions>
              <ns3:TPX>
                <ns3:Speed>1.437000036239624</ns3:Speed>
              </ns3:TPX>
            </Extensions>
          </Trackpoint>
          <Trackpoint>
            <Time>2026-06-17T21:15:06.000Z</Time>
            <Position>
              <LatitudeDegrees>43.12930539250374</LatitudeDegrees>
              <LongitudeDegrees>-2.570259142667055</LongitudeDegrees>
            </Position>
            <AltitudeMeters>170.60000610351562</AltitudeMeters>
            <DistanceMeters>2311.260009765625</DistanceMeters>
            <HeartRateBpm>
              <Value>103</Value>
            </HeartRateBpm>
            <Extensions>
              <ns3:TPX>
                <ns3:Speed>1.437000036239624</ns3:Speed>
              </ns3:TPX>
            </Extensions>
          </Trackpoint>
          <Trackpoint>
            <Time>2026-06-17T21:15:09.000Z</Time>
            <Position>
              <LatitudeDegrees>43.129291478544474</LatitudeDegrees>
              <LongitudeDegrees>-2.5703106075525284</LongitudeDegrees>
            </Position>
            <AltitudeMeters>171.0</AltitudeMeters>
            <DistanceMeters>2315.60009765625</DistanceMeters>
            <HeartRateBpm>
              <Value>105</Value>
            </HeartRateBpm>
            <Extensions>
              <ns3:TPX>
                <ns3:Speed>1.4459999799728394</ns3:Speed>
              </ns3:TPX>
            </Extensions>
          </Trackpoint>
          <Trackpoint>
            <Time>2026-06-17T21:15:15.000Z</Time>
            <Position>
              <LatitudeDegrees>43.12927270308137</LatitudeDegrees>
              <LongitudeDegrees>-2.570394929498434</LongitudeDegrees>
            </Position>
            <AltitudeMeters>171.60000610351562</AltitudeMeters>
            <DistanceMeters>2323.43994140625</DistanceMeters>
            <HeartRateBpm>
              <Value>104</Value>
            </HeartRateBpm>
            <Extensions>
              <ns3:TPX>
                <ns3:Speed>1.4459999799728394</ns3:Speed>
              </ns3:TPX>
            </Extensions>
          </Trackpoint>
          <Trackpoint>
            <Time>2026-06-17T21:15:17.000Z</Time>
            <Position>
              <LatitudeDegrees>43.12926214188337</LatitudeDegrees>
              <LongitudeDegrees>-2.570431474596262</LongitudeDegrees>
            </Position>
            <AltitudeMeters>172.0</AltitudeMeters>
            <DistanceMeters>2326.090087890625</DistanceMeters>
            <HeartRateBpm>
              <Value>106</Value>
            </HeartRateBpm>
            <Extensions>
              <ns3:TPX>
                <ns3:Speed>1.4279999732971191</ns3:Speed>
              </ns3:TPX>
            </Extensions>
          </Trackpoint>
          <Trackpoint>
            <Time>2026-06-17T21:15:23.000Z</Time>
            <Position>
              <LatitudeDegrees>43.12924630008638</LatitudeDegrees>
              <LongitudeDegrees>-2.570550497621298</LongitudeDegrees>
            </Position>
            <AltitudeMeters>172.8000030517578</AltitudeMeters>
            <DistanceMeters>2335.10009765625</DistanceMeters>
            <HeartRateBpm>
              <Value>102</Value>
            </HeartRateBpm>
            <Extensions>
              <ns3:TPX>
                <ns3:Speed>1.4279999732971191</ns3:Speed>
              </ns3:TPX>
            </Extensions>
          </Trackpoint>
          <Trackpoint>
            <Time>2026-06-17T21:15:27.000Z</Time>
            <Position>
              <LatitudeDegrees>43.12924252822995</LatitudeDegrees>
              <LongitudeDegrees>-2.5706386752426624</LongitudeDegrees>
            </Position>
            <AltitudeMeters>173.0</AltitudeMeters>
            <DistanceMeters>2340.31005859375</DistanceMeters>
            <HeartRateBpm>
              <Value>104</Value>
            </HeartRateBpm>
            <Extensions>
              <ns3:TPX>
                <ns3:Speed>1.4279999732971191</ns3:Speed>
              </ns3:TPX>
            </Extensions>
          </Trackpoint>
          <Trackpoint>
            <Time>2026-06-17T21:15:28.000Z</Time>
            <Position>
              <LatitudeDegrees>43.12923456542194</LatitudeDegrees>
              <LongitudeDegrees>-2.5706557743251324</LongitudeDegrees>
            </Position>
            <AltitudeMeters>173.1999969482422</AltitudeMeters>
            <DistanceMeters>2341.840087890625</DistanceMeters>
            <HeartRateBpm>
              <Value>102</Value>
            </HeartRateBpm>
            <Extensions>
              <ns3:TPX>
                <ns3:Speed>1.4179999828338623</ns3:Speed>
              </ns3:TPX>
            </Extensions>
          </Trackpoint>
          <Trackpoint>
            <Time>2026-06-17T21:15:31.000Z</Time>
            <Position>
              <LatitudeDegrees>43.12921470031142</LatitudeDegrees>
              <LongitudeDegrees>-2.5707184709608555</LongitudeDegrees>
            </Position>
            <AltitudeMeters>173.8000030517578</AltitudeMeters>
            <DistanceMeters>2346.030029296875</DistanceMeters>
            <HeartRateBpm>
              <Value>104</Value>
            </HeartRateBpm>
            <Extensions>
              <ns3:TPX>
                <ns3:Speed>1.4179999828338623</ns3:Speed>
              </ns3:TPX>
            </Extensions>
          </Trackpoint>
          <Trackpoint>
            <Time>2026-06-17T21:15:34.000Z</Time>
            <Position>
              <LatitudeDegrees>43.129192404448986</LatitudeDegrees>
              <LongitudeDegrees>-2.570774545893073</LongitudeDegrees>
            </Position>
            <AltitudeMeters>174.0</AltitudeMeters>
            <DistanceMeters>2349.43994140625</DistanceMeters>
            <HeartRateBpm>
              <Value>104</Value>
            </HeartRateBpm>
            <Extensions>
              <ns3:TPX>
                <ns3:Speed>1.305999994277954</ns3:Speed>
              </ns3:TPX>
            </Extensions>
          </Trackpoint>
          <Trackpoint>
            <Time>2026-06-17T21:15:41.000Z</Time>
            <Position>
              <LatitudeDegrees>43.12918678857386</LatitudeDegrees>
              <LongitudeDegrees>-2.5708963349461555</LongitudeDegrees>
            </Position>
            <AltitudeMeters>174.8000030517578</AltitudeMeters>
            <DistanceMeters>2359.830078125</DistanceMeters>
            <HeartRateBpm>
              <Value>109</Value>
            </HeartRateBpm>
            <Extensions>
              <ns3:TPX>
                <ns3:Speed>1.2410000562667847</ns3:Speed>
              </ns3:TPX>
            </Extensions>
          </Trackpoint>
          <Trackpoint>
            <Time>2026-06-17T21:15:42.000Z</Time>
            <Position>
              <LatitudeDegrees>43.129189386963844</LatitudeDegrees>
              <LongitudeDegrees>-2.570912931114435</LongitudeDegrees>
            </Position>
            <AltitudeMeters>174.8000030517578</AltitudeMeters>
            <DistanceMeters>2360.739990234375</DistanceMeters>
            <HeartRateBpm>
              <Value>107</Value>
            </HeartRateBpm>
            <Extensions>
              <ns3:TPX>
                <ns3:Speed>1.0260000228881836</ns3:Speed>
              </ns3:TPX>
            </Extensions>
          </Trackpoint>
          <Trackpoint>
            <Time>2026-06-17T21:15:43.000Z</Time>
            <Position>
              <LatitudeDegrees>43.12919491901994</LatitudeDegrees>
              <LongitudeDegrees>-2.570925587788224</LongitudeDegrees>
            </Position>
            <AltitudeMeters>174.8000030517578</AltitudeMeters>
            <DistanceMeters>2361.639892578125</DistanceMeters>
            <HeartRateBpm>
              <Value>107</Value>
            </HeartRateBpm>
            <Extensions>
              <ns3:TPX>
                <ns3:Speed>1.0260000228881836</ns3:Speed>
              </ns3:TPX>
            </Extensions>
          </Trackpoint>
          <Trackpoint>
            <Time>2026-06-17T21:15:44.000Z</Time>
            <Position>
              <LatitudeDegrees>43.129205061122775</LatitudeDegrees>
              <LongitudeDegrees>-2.570935981348157</LongitudeDegrees>
            </Position>
            <AltitudeMeters>174.8000030517578</AltitudeMeters>
            <DistanceMeters>2363.360107421875</DistanceMeters>
            <HeartRateBpm>
              <Value>104</Value>
            </HeartRateBpm>
            <Extensions>
              <ns3:TPX>
                <ns3:Speed>1.0449999570846558</ns3:Speed>
              </ns3:TPX>
            </Extensions>
          </Trackpoint>
          <Trackpoint>
            <Time>2026-06-17T21:15:46.000Z</Time>
            <Position>
              <LatitudeDegrees>43.129219226539135</LatitudeDegrees>
              <LongitudeDegrees>-2.5709576066583395</LongitudeDegrees>
            </Position>
            <AltitudeMeters>174.8000030517578</AltitudeMeters>
            <DistanceMeters>2365.610107421875</DistanceMeters>
            <HeartRateBpm>
              <Value>104</Value>
            </HeartRateBpm>
            <Extensions>
              <ns3:TPX>
                <ns3:Speed>1.2410000562667847</ns3:Speed>
              </ns3:TPX>
            </Extensions>
          </Trackpoint>
          <Trackpoint>
            <Time>2026-06-17T21:15:49.000Z</Time>
            <Position>
              <LatitudeDegrees>43.1292365770787</LatitudeDegrees>
              <LongitudeDegrees>-2.570999851450324</LongitudeDegrees>
            </Position>
            <AltitudeMeters>175.0</AltitudeMeters>
            <DistanceMeters>2369.5</DistanceMeters>
            <HeartRateBpm>
              <Value>102</Value>
            </HeartRateBpm>
            <Extensions>
              <ns3:TPX>
                <ns3:Speed>1.0820000171661377</ns3:Speed>
              </ns3:TPX>
            </Extensions>
          </Trackpoint>
          <Trackpoint>
            <Time>2026-06-17T21:15:56.000Z</Time>
            <Position>
              <LatitudeDegrees>43.129243617877364</LatitudeDegrees>
              <LongitudeDegrees>-2.571129435673356</LongitudeDegrees>
            </Position>
            <AltitudeMeters>175.1999969482422</AltitudeMeters>
            <DistanceMeters>2377.610107421875</DistanceMeters>
            <HeartRateBpm>
              <Value>104</Value>
            </HeartRateBpm>
            <Extensions>
              <ns3:TPX>
                <ns3:Speed>1.3250000476837158</ns3:Speed>
              </ns3:TPX>
            </Extensions>
          </Trackpoint>
          <Trackpoint>
            <Time>2026-06-17T21:16:00.000Z</Time>
            <Position>
              <LatitudeDegrees>43.12921687960625</LatitudeDegrees>
              <LongitudeDegrees>-2.5712193734943867</LongitudeDegrees>
            </Position>
            <AltitudeMeters>175.1999969482422</AltitudeMeters>
            <DistanceMeters>2383.97998046875</DistanceMeters>
            <HeartRateBpm>
              <Value>107</Value>
            </HeartRateBpm>
            <Extensions>
              <ns3:TPX>
                <ns3:Speed>1.315999984741211</ns3:Speed>
              </ns3:TPX>
            </Extensions>
          </Trackpoint>
          <Trackpoint>
            <Time>2026-06-17T21:16:02.000Z</Time>
            <Position>
              <LatitudeDegrees>43.12920279800892</LatitudeDegrees>
              <LongitudeDegrees>-2.5712942238897085</LongitudeDegrees>
            </Position>
            <AltitudeMeters>176.0</AltitudeMeters>
            <DistanceMeters>2387.6298828125</DistanceMeters>
            <HeartRateBpm>
              <Value>106</Value>
            </HeartRateBpm>
            <Extensions>
              <ns3:TPX>
                <ns3:Speed>1.399999976158142</ns3:Speed>
              </ns3:TPX>
            </Extensions>
          </Trackpoint>
          <Trackpoint>
            <Time>2026-06-17T21:16:04.000Z</Time>
            <Position>
              <LatitudeDegrees>43.12920137308538</LatitudeDegrees>
              <LongitudeDegrees>-2.5713242311030626</LongitudeDegrees>
            </Position>
            <AltitudeMeters>176.0</AltitudeMeters>
            <DistanceMeters>2391.14990234375</DistanceMeters>
            <HeartRateBpm>
              <Value>106</Value>
            </HeartRateBpm>
            <Extensions>
              <ns3:TPX>
                <ns3:Speed>1.4559999704360962</ns3:Speed>
              </ns3:TPX>
            </Extensions>
          </Trackpoint>
          <Trackpoint>
            <Time>2026-06-17T21:16:09.000Z</Time>
            <Position>
              <LatitudeDegrees>43.12920338474214</LatitudeDegrees>
              <LongitudeDegrees>-2.571383072063327</LongitudeDegrees>
            </Position>
            <AltitudeMeters>175.1999969482422</AltitudeMeters>
            <DistanceMeters>2398.159912109375</DistanceMeters>
            <HeartRateBpm>
              <Value>109</Value>
            </HeartRateBpm>
            <Extensions>
              <ns3:TPX>
                <ns3:Speed>1.4739999771118164</ns3:Speed>
              </ns3:TPX>
            </Extensions>
          </Trackpoint>
          <Trackpoint>
            <Time>2026-06-17T21:16:11.000Z</Time>
            <Position>
              <LatitudeDegrees>43.129211347550154</LatitudeDegrees>
              <LongitudeDegrees>-2.571411654353142</LongitudeDegrees>
            </Position>
            <AltitudeMeters>174.8000030517578</AltitudeMeters>
            <DistanceMeters>2401.22998046875</DistanceMeters>
            <HeartRateBpm>
              <Value>107</Value>
            </HeartRateBpm>
            <Extensions>
              <ns3:TPX>
                <ns3:Speed>1.4739999771118164</ns3:Speed>
              </ns3:TPX>
            </Extensions>
          </Trackpoint>
          <Trackpoint>
            <Time>2026-06-17T21:16:12.000Z</Time>
            <Position>
              <LatitudeDegrees>43.12921495176852</LatitudeDegrees>
              <LongitudeDegrees>-2.571427160874009</LongitudeDegrees>
            </Position>
            <AltitudeMeters>174.60000610351562</AltitudeMeters>
            <DistanceMeters>2402.719970703125</DistanceMeters>
            <HeartRateBpm>
              <Value>106</Value>
            </HeartRateBpm>
            <Extensions>
              <ns3:TPX>
                <ns3:Speed>1.4839999675750732</ns3:Speed>
              </ns3:TPX>
            </Extensions>
          </Trackpoint>
          <Trackpoint>
            <Time>2026-06-17T21:16:18.000Z</Time>
            <Position>
              <LatitudeDegrees>43.129214784130454</LatitudeDegrees>
              <LongitudeDegrees>-2.5715369638055563</LongitudeDegrees>
            </Position>
            <AltitudeMeters>174.1999969482422</AltitudeMeters>
            <DistanceMeters>2411.360107421875</DistanceMeters>
            <HeartRateBpm>
              <Value>105</Value>
            </HeartRateBpm>
            <Extensions>
              <ns3:TPX>
                <ns3:Speed>1.465000033378601</ns3:Speed>
              </ns3:TPX>
            </Extensions>
          </Trackpoint>
          <Trackpoint>
            <Time>2026-06-17T21:16:25.000Z</Time>
            <Position>
              <LatitudeDegrees>43.1292088329792</LatitudeDegrees>
              <LongitudeDegrees>-2.5716652907431126</LongitudeDegrees>
            </Position>
            <AltitudeMeters>173.8000030517578</AltitudeMeters>
            <DistanceMeters>2420.929931640625</DistanceMeters>
            <HeartRateBpm>
              <Value>106</Value>
            </HeartRateBpm>
            <Extensions>
              <ns3:TPX>
                <ns3:Speed>1.4739999771118164</ns3:Speed>
              </ns3:TPX>
            </Extensions>
          </Trackpoint>
          <Trackpoint>
            <Time>2026-06-17T21:16:27.000Z</Time>
            <Position>
              <LatitudeDegrees>43.12921402975917</LatitudeDegrees>
              <LongitudeDegrees>-2.5716912746429443</LongitudeDegrees>
            </Position>
            <AltitudeMeters>173.8000030517578</AltitudeMeters>
            <DistanceMeters>2422.72998046875</DistanceMeters>
            <HeartRateBpm>
              <Value>107</Value>
            </HeartRateBpm>
            <Extensions>
              <ns3:TPX>
                <ns3:Speed>1.437000036239624</ns3:Speed>
              </ns3:TPX>
            </Extensions>
          </Trackpoint>
          <Trackpoint>
            <Time>2026-06-17T21:16:29.000Z</Time>
            <Position>
              <LatitudeDegrees>43.12922249548137</LatitudeDegrees>
              <LongitudeDegrees>-2.571727316826582</LongitudeDegrees>
            </Position>
            <AltitudeMeters>173.60000610351562</AltitudeMeters>
            <DistanceMeters>2425.429931640625</DistanceMeters>
            <HeartRateBpm>
              <Value>109</Value>
            </HeartRateBpm>
            <Extensions>
              <ns3:TPX>
                <ns3:Speed>1.4179999828338623</ns3:Speed>
              </ns3:TPX>
            </Extensions>
          </Trackpoint>
          <Trackpoint>
            <Time>2026-06-17T21:16:34.000Z</Time>
            <Position>
              <LatitudeDegrees>43.12922383658588</LatitudeDegrees>
              <LongitudeDegrees>-2.571813650429249</LongitudeDegrees>
            </Position>
            <AltitudeMeters>173.39999389648438</AltitudeMeters>
            <DistanceMeters>2432.340087890625</DistanceMeters>
            <HeartRateBpm>
              <Value>108</Value>
            </HeartRateBpm>
            <Extensions>
              <ns3:TPX>
                <ns3:Speed>1.38100004196167</ns3:Speed>
              </ns3:TPX>
            </Extensions>
          </Trackpoint>
          <Trackpoint>
            <Time>2026-06-17T21:16:37.000Z</Time>
            <Position>
              <LatitudeDegrees>43.12922936864197</LatitudeDegrees>
              <LongitudeDegrees>-2.571871066465974</LongitudeDegrees>
            </Position>
            <AltitudeMeters>173.39999389648438</AltitudeMeters>
            <DistanceMeters>2435.969970703125</DistanceMeters>
            <HeartRateBpm>
              <Value>108</Value>
            </HeartRateBpm>
            <Extensions>
              <ns3:TPX>
                <ns3:Speed>1.343999981880188</ns3:Speed>
              </ns3:TPX>
            </Extensions>
          </Trackpoint>
          <Trackpoint>
            <Time>2026-06-17T21:16:39.000Z</Time>
            <Position>
              <LatitudeDegrees>43.12923464924097</LatitudeDegrees>
              <LongitudeDegrees>-2.571906941011548</LongitudeDegrees>
            </Position>
            <AltitudeMeters>173.39999389648438</AltitudeMeters>
            <DistanceMeters>2438.39990234375</DistanceMeters>
            <HeartRateBpm>
              <Value>108</Value>
            </HeartRateBpm>
            <Extensions>
              <ns3:TPX>
                <ns3:Speed>1.3339999914169312</ns3:Speed>
              </ns3:TPX>
            </Extensions>
          </Trackpoint>
          <Trackpoint>
            <Time>2026-06-17T21:16:41.000Z</Time>
            <Position>
              <LatitudeDegrees>43.12923900783062</LatitudeDegrees>
              <LongitudeDegrees>-2.5719447433948517</LongitudeDegrees>
            </Position>
            <AltitudeMeters>173.1999969482422</AltitudeMeters>
            <DistanceMeters>2441.8798828125</DistanceMeters>
            <HeartRateBpm>
              <Value>108</Value>
            </HeartRateBpm>
            <Extensions>
              <ns3:TPX>
                <ns3:Speed>1.343999981880188</ns3:Speed>
              </ns3:TPX>
            </Extensions>
          </Trackpoint>
          <Trackpoint>
            <Time>2026-06-17T21:16:47.000Z</Time>
            <Position>
              <LatitudeDegrees>43.12922668643296</LatitudeDegrees>
              <LongitudeDegrees>-2.572044488042593</LongitudeDegrees>
            </Position>
            <AltitudeMeters>172.8000030517578</AltitudeMeters>
            <DistanceMeters>2451.219970703125</DistanceMeters>
            <HeartRateBpm>
              <Value>107</Value>
            </HeartRateBpm>
            <Extensions>
              <ns3:TPX>
                <ns3:Speed>1.343999981880188</ns3:Speed>
              </ns3:TPX>
            </Extensions>
          </Trackpoint>
          <Trackpoint>
            <Time>2026-06-17T21:16:52.000Z</Time>
            <Position>
              <LatitudeDegrees>43.12920229509473</LatitudeDegrees>
              <LongitudeDegrees>-2.5721397902816534</LongitudeDegrees>
            </Position>
            <AltitudeMeters>172.8000030517578</AltitudeMeters>
            <DistanceMeters>2458.969970703125</DistanceMeters>
            <HeartRateBpm>
              <Value>106</Value>
            </HeartRateBpm>
            <Extensions>
              <ns3:TPX>
                <ns3:Speed>1.3530000448226929</ns3:Speed>
              </ns3:TPX>
            </Extensions>
          </Trackpoint>
          <Trackpoint>
            <Time>2026-06-17T21:16:55.000Z</Time>
            <Position>
              <LatitudeDegrees>43.129198271781206</LatitudeDegrees>
              <LongitudeDegrees>-2.572195529937744</LongitudeDegrees>
            </Position>
            <AltitudeMeters>172.8000030517578</AltitudeMeters>
            <DistanceMeters>2463.5</DistanceMeters>
            <HeartRateBpm>
              <Value>108</Value>
            </HeartRateBpm>
            <Extensions>
              <ns3:TPX>
                <ns3:Speed>1.3530000448226929</ns3:Speed>
              </ns3:TPX>
            </Extensions>
          </Trackpoint>
          <Trackpoint>
            <Time>2026-06-17T21:17:00.000Z</Time>
            <Position>
              <LatitudeDegrees>43.12918083742261</LatitudeDegrees>
              <LongitudeDegrees>-2.572275996208191</LongitudeDegrees>
            </Position>
            <AltitudeMeters>172.60000610351562</AltitudeMeters>
            <DistanceMeters>2470.030029296875</DistanceMeters>
            <HeartRateBpm>
              <Value>106</Value>
            </HeartRateBpm>
            <Extensions>
              <ns3:TPX>
                <ns3:Speed>1.3530000448226929</ns3:Speed>
              </ns3:TPX>
            </Extensions>
          </Trackpoint>
          <Trackpoint>
            <Time>2026-06-17T21:17:03.000Z</Time>
            <Position>
              <LatitudeDegrees>43.12917337752879</LatitudeDegrees>
              <LongitudeDegrees>-2.5723333284258842</LongitudeDegrees>
            </Position>
            <AltitudeMeters>172.60000610351562</AltitudeMeters>
            <DistanceMeters>2473.510009765625</DistanceMeters>
            <HeartRateBpm>
              <Value>106</Value>
            </HeartRateBpm>
            <Extensions>
              <ns3:TPX>
                <ns3:Speed>1.3530000448226929</ns3:Speed>
              </ns3:TPX>
            </Extensions>
          </Trackpoint>
          <Trackpoint>
            <Time>2026-06-17T21:17:08.000Z</Time>
            <Position>
              <LatitudeDegrees>43.12918561510742</LatitudeDegrees>
              <LongitudeDegrees>-2.572445645928383</LongitudeDegrees>
            </Position>
            <AltitudeMeters>172.39999389648438</AltitudeMeters>
            <DistanceMeters>2480.530029296875</DistanceMeters>
            <HeartRateBpm>
              <Value>107</Value>
            </HeartRateBpm>
            <Extensions>
              <ns3:TPX>
                <ns3:Speed>1.3250000476837158</ns3:Speed>
              </ns3:TPX>
            </Extensions>
          </Trackpoint>
          <Trackpoint>
            <Time>2026-06-17T21:17:12.000Z</Time>
            <Position>
              <LatitudeDegrees>43.129187962040305</LatitudeDegrees>
              <LongitudeDegrees>-2.5725414510816336</LongitudeDegrees>
            </Position>
            <AltitudeMeters>172.39999389648438</AltitudeMeters>
            <DistanceMeters>2488.800048828125</DistanceMeters>
            <HeartRateBpm>
              <Value>106</Value>
            </HeartRateBpm>
            <Extensions>
              <ns3:TPX>
                <ns3:Speed>1.3530000448226929</ns3:Speed>
              </ns3:TPX>
            </Extensions>
          </Trackpoint>
          <Trackpoint>
            <Time>2026-06-17T21:17:16.000Z</Time>
            <Position>
              <LatitudeDegrees>43.12918377108872</LatitudeDegrees>
              <LongitudeDegrees>-2.572620827704668</LongitudeDegrees>
            </Position>
            <AltitudeMeters>172.1999969482422</AltitudeMeters>
            <DistanceMeters>2495.43994140625</DistanceMeters>
            <HeartRateBpm>
              <Value>105</Value>
            </HeartRateBpm>
            <Extensions>
              <ns3:TPX>
                <ns3:Speed>1.371999979019165</ns3:Speed>
              </ns3:TPX>
            </Extensions>
          </Trackpoint>
          <Trackpoint>
            <Time>2026-06-17T21:17:19.000Z</Time>
            <Position>
              <LatitudeDegrees>43.129180669784546</LatitudeDegrees>
              <LongitudeDegrees>-2.57267857901752</LongitudeDegrees>
            </Position>
            <AltitudeMeters>171.8000030517578</AltitudeMeters>
            <DistanceMeters>2500.4599609375</DistanceMeters>
            <HeartRateBpm>
              <Value>106</Value>
            </HeartRateBpm>
            <Extensions>
              <ns3:TPX>
                <ns3:Speed>1.399999976158142</ns3:Speed>
              </ns3:TPX>
            </Extensions>
          </Trackpoint>
          <Trackpoint>
            <Time>2026-06-17T21:17:21.000Z</Time>
            <Position>
              <LatitudeDegrees>43.129170360043645</LatitudeDegrees>
              <LongitudeDegrees>-2.572725098580122</LongitudeDegrees>
            </Position>
            <AltitudeMeters>171.8000030517578</AltitudeMeters>
            <DistanceMeters>2503.77001953125</DistanceMeters>
            <HeartRateBpm>
              <Value>106</Value>
            </HeartRateBpm>
            <Extensions>
              <ns3:TPX>
                <ns3:Speed>1.437000036239624</ns3:Speed>
              </ns3:TPX>
            </Extensions>
          </Trackpoint>
          <Trackpoint>
            <Time>2026-06-17T21:17:27.000Z</Time>
            <Position>
              <LatitudeDegrees>43.129159631207585</LatitudeDegrees>
              <LongitudeDegrees>-2.572838757187128</LongitudeDegrees>
            </Position>
            <AltitudeMeters>171.1999969482422</AltitudeMeters>
            <DistanceMeters>2515.22998046875</DistanceMeters>
            <HeartRateBpm>
              <Value>107</Value>
            </HeartRateBpm>
            <Extensions>
              <ns3:TPX>
                <ns3:Speed>1.5770000219345093</ns3:Speed>
              </ns3:TPX>
            </Extensions>
          </Trackpoint>
          <Trackpoint>
            <Time>2026-06-17T21:17:34.000Z</Time>
            <Position>
              <LatitudeDegrees>43.12916583381593</LatitudeDegrees>
              <LongitudeDegrees>-2.5729649886488914</LongitudeDegrees>
            </Position>
            <AltitudeMeters>171.0</AltitudeMeters>
            <DistanceMeters>2526.22998046875</DistanceMeters>
            <HeartRateBpm>
              <Value>107</Value>
            </HeartRateBpm>
            <Extensions>
              <ns3:TPX>
                <ns3:Speed>1.5859999656677246</ns3:Speed>
              </ns3:TPX>
            </Extensions>
          </Trackpoint>
          <Trackpoint>
            <Time>2026-06-17T21:17:41.000Z</Time>
            <Position>
              <LatitudeDegrees>43.129158206284046</LatitudeDegrees>
              <LongitudeDegrees>-2.573107648640871</LongitudeDegrees>
            </Position>
            <AltitudeMeters>170.8000030517578</AltitudeMeters>
            <DistanceMeters>2537.5400390625</DistanceMeters>
            <HeartRateBpm>
              <Value>108</Value>
            </HeartRateBpm>
            <Extensions>
              <ns3:TPX>
                <ns3:Speed>1.6050000190734863</ns3:Speed>
              </ns3:TPX>
            </Extensions>
          </Trackpoint>
          <Trackpoint>
            <Time>2026-06-17T21:17:42.000Z</Time>
            <Position>
              <LatitudeDegrees>43.129157200455666</LatitudeDegrees>
              <LongitudeDegrees>-2.57312910631299</LongitudeDegrees>
            </Position>
            <AltitudeMeters>170.8000030517578</AltitudeMeters>
            <DistanceMeters>2539.320068359375</DistanceMeters>
            <HeartRateBpm>
              <Value>106</Value>
            </HeartRateBpm>
            <Extensions>
              <ns3:TPX>
                <ns3:Speed>1.6050000190734863</ns3:Speed>
              </ns3:TPX>
            </Extensions>
          </Trackpoint>
          <Trackpoint>
            <Time>2026-06-17T21:17:50.000Z</Time>
            <Position>
              <LatitudeDegrees>43.12918184325099</LatitudeDegrees>
              <LongitudeDegrees>-2.5732704252004623</LongitudeDegrees>
            </Position>
            <AltitudeMeters>170.60000610351562</AltitudeMeters>
            <DistanceMeters>2551.969970703125</DistanceMeters>
            <HeartRateBpm>
              <Value>109</Value>
            </HeartRateBpm>
            <Extensions>
              <ns3:TPX>
                <ns3:Speed>1.6330000162124634</ns3:Speed>
              </ns3:TPX>
            </Extensions>
          </Trackpoint>
          <Trackpoint>
            <Time>2026-06-17T21:17:58.000Z</Time>
            <Position>
              <LatitudeDegrees>43.12917253933847</LatitudeDegrees>
              <LongitudeDegrees>-2.5734267476946115</LongitudeDegrees>
            </Position>
            <AltitudeMeters>170.39999389648438</AltitudeMeters>
            <DistanceMeters>2565.760009765625</DistanceMeters>
            <HeartRateBpm>
              <Value>109</Value>
            </HeartRateBpm>
            <Extensions>
              <ns3:TPX>
                <ns3:Speed>1.6519999504089355</ns3:Speed>
              </ns3:TPX>
            </Extensions>
          </Trackpoint>
          <Trackpoint>
            <Time>2026-06-17T21:18:06.000Z</Time>
            <Position>
              <LatitudeDegrees>43.129168348386884</LatitudeDegrees>
              <LongitudeDegrees>-2.573599833995104</LongitudeDegrees>
            </Position>
            <AltitudeMeters>170.0</AltitudeMeters>
            <DistanceMeters>2579.199951171875</DistanceMeters>
            <HeartRateBpm>
              <Value>110</Value>
            </HeartRateBpm>
            <Extensions>
              <ns3:TPX>
                <ns3:Speed>1.6890000104904175</ns3:Speed>
              </ns3:TPX>
            </Extensions>
          </Trackpoint>
          <Trackpoint>
            <Time>2026-06-17T21:18:14.000Z</Time>
            <Position>
              <LatitudeDegrees>43.12918326817453</LatitudeDegrees>
              <LongitudeDegrees>-2.5737695675343275</LongitudeDegrees>
            </Position>
            <AltitudeMeters>169.8000030517578</AltitudeMeters>
            <DistanceMeters>2593.510009765625</DistanceMeters>
            <HeartRateBpm>
              <Value>112</Value>
            </HeartRateBpm>
            <Extensions>
              <ns3:TPX>
                <ns3:Speed>1.7450000047683716</ns3:Speed>
              </ns3:TPX>
            </Extensions>
          </Trackpoint>
          <Trackpoint>
            <Time>2026-06-17T21:18:15.000Z</Time>
            <Position>
              <LatitudeDegrees>43.129184106364846</LatitudeDegrees>
              <LongitudeDegrees>-2.5737889297306538</LongitudeDegrees>
            </Position>
            <AltitudeMeters>169.8000030517578</AltitudeMeters>
            <DistanceMeters>2594.8701171875</DistanceMeters>
            <HeartRateBpm>
              <Value>109</Value>
            </HeartRateBpm>
            <Extensions>
              <ns3:TPX>
                <ns3:Speed>1.7359999418258667</ns3:Speed>
              </ns3:TPX>
            </Extensions>
          </Trackpoint>
          <Trackpoint>
            <Time>2026-06-17T21:18:16.000Z</Time>
            <Position>
              <LatitudeDegrees>43.12918687239289</LatitudeDegrees>
              <LongitudeDegrees>-2.5738055258989334</LongitudeDegrees>
            </Position>
            <AltitudeMeters>169.60000610351562</AltitudeMeters>
            <DistanceMeters>2596.260009765625</DistanceMeters>
            <HeartRateBpm>
              <Value>109</Value>
            </HeartRateBpm>
            <Extensions>
              <ns3:TPX>
                <ns3:Speed>1.7259999513626099</ns3:Speed>
              </ns3:TPX>
            </Extensions>
          </Trackpoint>
          <Trackpoint>
            <Time>2026-06-17T21:18:20.000Z</Time>
            <Position>
              <LatitudeDegrees>43.129224171862006</LatitudeDegrees>
              <LongitudeDegrees>-2.57386839017272</LongitudeDegrees>
            </Position>
            <AltitudeMeters>169.39999389648438</AltitudeMeters>
            <DistanceMeters>2601.68994140625</DistanceMeters>
            <HeartRateBpm>
              <Value>110</Value>
            </HeartRateBpm>
            <Extensions>
              <ns3:TPX>
                <ns3:Speed>1.6799999475479126</ns3:Speed>
              </ns3:TPX>
            </Extensions>
          </Trackpoint>
          <Trackpoint>
            <Time>2026-06-17T21:18:22.000Z</Time>
            <Position>
              <LatitudeDegrees>43.129243198782206</LatitudeDegrees>
              <LongitudeDegrees>-2.5739023368805647</LongitudeDegrees>
            </Position>
            <AltitudeMeters>169.39999389648438</AltitudeMeters>
            <DistanceMeters>2604.929931640625</DistanceMeters>
            <HeartRateBpm>
              <Value>109</Value>
            </HeartRateBpm>
            <Extensions>
              <ns3:TPX>
                <ns3:Speed>1.6610000133514404</ns3:Speed>
              </ns3:TPX>
            </Extensions>
          </Trackpoint>
          <Trackpoint>
            <Time>2026-06-17T21:18:28.000Z</Time>
            <Position>
              <LatitudeDegrees>43.12932735309005</LatitudeDegrees>
              <LongitudeDegrees>-2.5739663746207952</LongitudeDegrees>
            </Position>
            <AltitudeMeters>168.60000610351562</AltitudeMeters>
            <DistanceMeters>2615.530029296875</DistanceMeters>
            <HeartRateBpm>
              <Value>109</Value>
            </HeartRateBpm>
            <Extensions>
              <ns3:TPX>
                <ns3:Speed>1.6610000133514404</ns3:Speed>
              </ns3:TPX>
            </Extensions>
          </Trackpoint>
          <Trackpoint>
            <Time>2026-06-17T21:18:29.000Z</Time>
            <Position>
              <LatitudeDegrees>43.12934068031609</LatitudeDegrees>
              <LongitudeDegrees>-2.573975343257189</LongitudeDegrees>
            </Position>
            <AltitudeMeters>168.60000610351562</AltitudeMeters>
            <DistanceMeters>2617.159912109375</DistanceMeters>
            <HeartRateBpm>
              <Value>109</Value>
            </HeartRateBpm>
            <Extensions>
              <ns3:TPX>
                <ns3:Speed>1.6610000133514404</ns3:Speed>
              </ns3:TPX>
            </Extensions>
          </Trackpoint>
          <Trackpoint>
            <Time>2026-06-17T21:18:32.000Z</Time>
            <Position>
              <LatitudeDegrees>43.129377476871014</LatitudeDegrees>
              <LongitudeDegrees>-2.5740075297653675</LongitudeDegrees>
            </Position>
            <AltitudeMeters>168.39999389648438</AltitudeMeters>
            <DistanceMeters>2622.389892578125</DistanceMeters>
            <HeartRateBpm>
              <Value>112</Value>
            </HeartRateBpm>
            <Extensions>
              <ns3:TPX>
                <ns3:Speed>1.6799999475479126</ns3:Speed>
              </ns3:TPX>
            </Extensions>
          </Trackpoint>
          <Trackpoint>
            <Time>2026-06-17T21:18:39.000Z</Time>
            <Position>
              <LatitudeDegrees>43.12942701391876</LatitudeDegrees>
              <LongitudeDegrees>-2.5741099566221237</LongitudeDegrees>
            </Position>
            <AltitudeMeters>167.60000610351562</AltitudeMeters>
            <DistanceMeters>2633.06005859375</DistanceMeters>
            <HeartRateBpm>
              <Value>112</Value>
            </HeartRateBpm>
            <Extensions>
              <ns3:TPX>
                <ns3:Speed>1.6699999570846558</ns3:Speed>
              </ns3:TPX>
            </Extensions>
          </Trackpoint>
          <Trackpoint>
            <Time>2026-06-17T21:18:40.000Z</Time>
            <Position>
              <LatitudeDegrees>43.129434222355485</LatitudeDegrees>
              <LongitudeDegrees>-2.5741226971149445</LongitudeDegrees>
            </Position>
            <AltitudeMeters>167.60000610351562</AltitudeMeters>
            <DistanceMeters>2634.580078125</DistanceMeters>
            <HeartRateBpm>
              <Value>112</Value>
            </HeartRateBpm>
            <Extensions>
              <ns3:TPX>
                <ns3:Speed>1.6699999570846558</ns3:Speed>
              </ns3:TPX>
            </Extensions>
          </Trackpoint>
          <Trackpoint>
            <Time>2026-06-17T21:18:45.000Z</Time>
            <Position>
              <LatitudeDegrees>43.12945551238954</LatitudeDegrees>
              <LongitudeDegrees>-2.5741883274167776</LongitudeDegrees>
            </Position>
            <AltitudeMeters>167.0</AltitudeMeters>
            <DistanceMeters>2641.4599609375</DistanceMeters>
            <HeartRateBpm>
              <Value>112</Value>
            </HeartRateBpm>
            <Extensions>
              <ns3:TPX>
                <ns3:Speed>1.6610000133514404</ns3:Speed>
              </ns3:TPX>
            </Extensions>
          </Trackpoint>
          <Trackpoint>
            <Time>2026-06-17T21:18:48.000Z</Time>
            <Position>
              <LatitudeDegrees>43.12947546131909</LatitudeDegrees>
              <LongitudeDegrees>-2.5742340087890625</LongitudeDegrees>
            </Position>
            <AltitudeMeters>166.8000030517578</AltitudeMeters>
            <DistanceMeters>2644.760009765625</DistanceMeters>
            <HeartRateBpm>
              <Value>109</Value>
            </HeartRateBpm>
            <Extensions>
              <ns3:TPX>
                <ns3:Speed>1.6419999599456787</ns3:Speed>
              </ns3:TPX>
            </Extensions>
          </Trackpoint>
          <Trackpoint>
            <Time>2026-06-17T21:18:50.000Z</Time>
            <Position>
              <LatitudeDegrees>43.1294834241271</LatitudeDegrees>
              <LongitudeDegrees>-2.5742819532752037</LongitudeDegrees>
            </Position>
            <AltitudeMeters>166.8000030517578</AltitudeMeters>
            <DistanceMeters>2648.419921875</DistanceMeters>
            <HeartRateBpm>
              <Value>107</Value>
            </HeartRateBpm>
            <Extensions>
              <ns3:TPX>
                <ns3:Speed>1.6419999599456787</ns3:Speed>
              </ns3:TPX>
            </Extensions>
          </Trackpoint>
          <Trackpoint>
            <Time>2026-06-17T21:18:51.000Z</Time>
            <Position>
              <LatitudeDegrees>43.12949105165899</LatitudeDegrees>
              <LongitudeDegrees>-2.5742970407009125</LongitudeDegrees>
            </Position>
            <AltitudeMeters>166.60000610351562</AltitudeMeters>
            <DistanceMeters>2649.679931640625</DistanceMeters>
            <HeartRateBpm>
              <Value>108</Value>
            </HeartRateBpm>
            <Extensions>
              <ns3:TPX>
                <ns3:Speed>1.6419999599456787</ns3:Speed>
              </ns3:TPX>
            </Extensions>
          </Trackpoint>
          <Trackpoint>
            <Time>2026-06-17T21:18:53.000Z</Time>
            <Position>
              <LatitudeDegrees>43.129496835172176</LatitudeDegrees>
              <LongitudeDegrees>-2.5743405427783728</LongitudeDegrees>
            </Position>
            <AltitudeMeters>166.60000610351562</AltitudeMeters>
            <DistanceMeters>2652.39990234375</DistanceMeters>
            <HeartRateBpm>
              <Value>111</Value>
            </HeartRateBpm>
            <Extensions>
              <ns3:TPX>
                <ns3:Speed>1.6330000162124634</ns3:Speed>
              </ns3:TPX>
            </Extensions>
          </Trackpoint>
          <Trackpoint>
            <Time>2026-06-17T21:18:54.000Z</Time>
            <Position>
              <LatitudeDegrees>43.12949541024864</LatitudeDegrees>
              <LongitudeDegrees>-2.5743563007563353</LongitudeDegrees>
            </Position>
            <AltitudeMeters>166.39999389648438</AltitudeMeters>
            <DistanceMeters>2653.72998046875</DistanceMeters>
            <HeartRateBpm>
              <Value>109</Value>
            </HeartRateBpm>
            <Extensions>
              <ns3:TPX>
                <ns3:Speed>1.6330000162124634</ns3:Speed>
              </ns3:TPX>
            </Extensions>
          </Trackpoint>
          <Trackpoint>
            <Time>2026-06-17T21:18:55.000Z</Time>
            <Position>
              <LatitudeDegrees>43.12949566170573</LatitudeDegrees>
              <LongitudeDegrees>-2.57436728104949</LongitudeDegrees>
            </Position>
            <AltitudeMeters>166.39999389648438</AltitudeMeters>
            <DistanceMeters>2655.0</DistanceMeters>
            <HeartRateBpm>
              <Value>110</Value>
            </HeartRateBpm>
            <Extensions>
              <ns3:TPX>
                <ns3:Speed>1.6239999532699585</ns3:Speed>
              </ns3:TPX>
            </Extensions>
          </Trackpoint>
          <Trackpoint>
            <Time>2026-06-17T21:18:56.000Z</Time>
            <Position>
              <LatitudeDegrees>43.1294921413064</LatitudeDegrees>
              <LongitudeDegrees>-2.5743839610368013</LongitudeDegrees>
            </Position>
            <AltitudeMeters>168.8000030517578</AltitudeMeters>
            <DistanceMeters>2656.39990234375</DistanceMeters>
            <HeartRateBpm>
              <Value>111</Value>
            </HeartRateBpm>
            <Extensions>
              <ns3:TPX>
                <ns3:Speed>1.6239999532699585</ns3:Speed>
              </ns3:TPX>
            </Extensions>
          </Trackpoint>
          <Trackpoint>
            <Time>2026-06-17T21:19:01.000Z</Time>
            <Position>
              <LatitudeDegrees>43.12947789207101</LatitudeDegrees>
              <LongitudeDegrees>-2.574474737048149</LongitudeDegrees>
            </Position>
            <AltitudeMeters>168.60000610351562</AltitudeMeters>
            <DistanceMeters>2663.47998046875</DistanceMeters>
            <HeartRateBpm>
              <Value>110</Value>
            </HeartRateBpm>
            <Extensions>
              <ns3:TPX>
                <ns3:Speed>1.6139999628067017</ns3:Speed>
              </ns3:TPX>
            </Extensions>
          </Trackpoint>
          <Trackpoint>
            <Time>2026-06-17T21:19:02.000Z</Time>
            <Position>
              <LatitudeDegrees>43.129472779110074</LatitudeDegrees>
              <LongitudeDegrees>-2.574496027082205</LongitudeDegrees>
            </Position>
            <AltitudeMeters>168.39999389648438</AltitudeMeters>
            <DistanceMeters>2664.969970703125</DistanceMeters>
            <HeartRateBpm>
              <Value>109</Value>
            </HeartRateBpm>
            <Extensions>
              <ns3:TPX>
                <ns3:Speed>1.6050000190734863</ns3:Speed>
              </ns3:TPX>
            </Extensions>
          </Trackpoint>
          <Trackpoint>
            <Time>2026-06-17T21:19:04.000Z</Time>
            <Position>
              <LatitudeDegrees>43.12947420403361</LatitudeDegrees>
              <LongitudeDegrees>-2.5745319854468107</LongitudeDegrees>
            </Position>
            <AltitudeMeters>168.0</AltitudeMeters>
            <DistanceMeters>2667.409912109375</DistanceMeters>
            <HeartRateBpm>
              <Value>108</Value>
            </HeartRateBpm>
            <Extensions>
              <ns3:TPX>
                <ns3:Speed>1.6050000190734863</ns3:Speed>
              </ns3:TPX>
            </Extensions>
          </Trackpoint>
          <Trackpoint>
            <Time>2026-06-17T21:19:07.000Z</Time>
            <Position>
              <LatitudeDegrees>43.12946766614914</LatitudeDegrees>
              <LongitudeDegrees>-2.5746015552431345</LongitudeDegrees>
            </Position>
            <AltitudeMeters>167.8000030517578</AltitudeMeters>
            <DistanceMeters>2672.050048828125</DistanceMeters>
            <HeartRateBpm>
              <Value>108</Value>
            </HeartRateBpm>
            <Extensions>
              <ns3:TPX>
                <ns3:Speed>1.5959999561309814</ns3:Speed>
              </ns3:TPX>
            </Extensions>
          </Trackpoint>
          <Trackpoint>
            <Time>2026-06-17T21:19:10.000Z</Time>
            <Position>
              <LatitudeDegrees>43.129465067759156</LatitudeDegrees>
              <LongitudeDegrees>-2.574651511386037</LongitudeDegrees>
            </Position>
            <AltitudeMeters>167.8000030517578</AltitudeMeters>
            <DistanceMeters>2675.52001953125</DistanceMeters>
            <HeartRateBpm>
              <Value>109</Value>
            </HeartRateBpm>
            <Extensions>
              <ns3:TPX>
                <ns3:Speed>1.5770000219345093</ns3:Speed>
              </ns3:TPX>
            </Extensions>
          </Trackpoint>
          <Trackpoint>
            <Time>2026-06-17T21:19:13.000Z</Time>
            <Position>
              <LatitudeDegrees>43.129467917606235</LatitudeDegrees>
              <LongitudeDegrees>-2.5747081730514765</LongitudeDegrees>
            </Position>
            <AltitudeMeters>167.8000030517578</AltitudeMeters>
            <DistanceMeters>2680.47998046875</DistanceMeters>
            <HeartRateBpm>
              <Value>105</Value>
            </HeartRateBpm>
            <Extensions>
              <ns3:TPX>
                <ns3:Speed>1.5679999589920044</ns3:Speed>
              </ns3:TPX>
            </Extensions>
          </Trackpoint>
          <Trackpoint>
            <Time>2026-06-17T21:19:17.000Z</Time>
            <Position>
              <LatitudeDegrees>43.129459200426936</LatitudeDegrees>
              <LongitudeDegrees>-2.5747779943048954</LongitudeDegrees>
            </Position>
            <AltitudeMeters>167.60000610351562</AltitudeMeters>
            <DistanceMeters>2686.159912109375</DistanceMeters>
            <HeartRateBpm>
              <Value>107</Value>
            </HeartRateBpm>
            <Extensions>
              <ns3:TPX>
                <ns3:Speed>1.5679999589920044</ns3:Speed>
              </ns3:TPX>
            </Extensions>
          </Trackpoint>
          <Trackpoint>
            <Time>2026-06-17T21:19:18.000Z</Time>
            <Position>
              <LatitudeDegrees>43.129455680027604</LatitudeDegrees>
              <LongitudeDegrees>-2.574796685948968</LongitudeDegrees>
            </Position>
            <AltitudeMeters>167.60000610351562</AltitudeMeters>
            <DistanceMeters>2687.52001953125</DistanceMeters>
            <HeartRateBpm>
              <Value>107</Value>
            </HeartRateBpm>
            <Extensions>
              <ns3:TPX>
                <ns3:Speed>1.5579999685287476</ns3:Speed>
              </ns3:TPX>
            </Extensions>
          </Trackpoint>
          <Trackpoint>
            <Time>2026-06-17T21:19:19.000Z</Time>
            <Position>
              <LatitudeDegrees>43.12943011522293</LatitudeDegrees>
              <LongitudeDegrees>-2.5748230051249266</LongitudeDegrees>
            </Position>
            <AltitudeMeters>167.39999389648438</AltitudeMeters>
            <DistanceMeters>2688.7900390625</DistanceMeters>
            <HeartRateBpm>
              <Value>107</Value>
            </HeartRateBpm>
            <Extensions>
              <ns3:TPX>
                <ns3:Speed>1.5579999685287476</ns3:Speed>
              </ns3:TPX>
            </Extensions>
          </Trackpoint>
          <Trackpoint>
            <Time>2026-06-17T21:19:25.000Z</Time>
            <Position>
              <LatitudeDegrees>43.12942458316684</LatitudeDegrees>
              <LongitudeDegrees>-2.574928030371666</LongitudeDegrees>
            </Position>
            <AltitudeMeters>166.60000610351562</AltitudeMeters>
            <DistanceMeters>2697.929931640625</DistanceMeters>
            <HeartRateBpm>
              <Value>111</Value>
            </HeartRateBpm>
            <Extensions>
              <ns3:TPX>
                <ns3:Speed>1.5490000247955322</ns3:Speed>
              </ns3:TPX>
            </Extensions>
          </Trackpoint>
          <Trackpoint>
            <Time>2026-06-17T21:19:27.000Z</Time>
            <Position>
              <LatitudeDegrees>43.12942089512944</LatitudeDegrees>
              <LongitudeDegrees>-2.57495803758502</LongitudeDegrees>
            </Position>
            <AltitudeMeters>166.39999389648438</AltitudeMeters>
            <DistanceMeters>2700.199951171875</DistanceMeters>
            <HeartRateBpm>
              <Value>108</Value>
            </HeartRateBpm>
            <Extensions>
              <ns3:TPX>
                <ns3:Speed>1.5299999713897705</ns3:Speed>
              </ns3:TPX>
            </Extensions>
          </Trackpoint>
          <Trackpoint>
            <Time>2026-06-17T21:19:28.000Z</Time>
            <Position>
              <LatitudeDegrees>43.12942307442427</LatitudeDegrees>
              <LongitudeDegrees>-2.5749749690294266</LongitudeDegrees>
            </Position>
            <AltitudeMeters>166.39999389648438</AltitudeMeters>
            <DistanceMeters>2701.699951171875</DistanceMeters>
            <HeartRateBpm>
              <Value>107</Value>
            </HeartRateBpm>
            <Extensions>
              <ns3:TPX>
                <ns3:Speed>1.5210000276565552</ns3:Speed>
              </ns3:TPX>
            </Extensions>
          </Trackpoint>
          <Trackpoint>
            <Time>2026-06-17T21:19:31.000Z</Time>
            <Position>
              <LatitudeDegrees>43.12943539582193</LatitudeDegrees>
              <LongitudeDegrees>-2.5750362407416105</LongitudeDegrees>
            </Position>
            <AltitudeMeters>166.1999969482422</AltitudeMeters>
            <DistanceMeters>2706.330078125</DistanceMeters>
            <HeartRateBpm>
              <Value>110</Value>
            </HeartRateBpm>
            <Extensions>
              <ns3:TPX>
                <ns3:Speed>1.5210000276565552</ns3:Speed>
              </ns3:TPX>
            </Extensions>
          </Trackpoint>
          <Trackpoint>
            <Time>2026-06-17T21:19:33.000Z</Time>
            <Position>
              <LatitudeDegrees>43.129459703341126</LatitudeDegrees>
              <LongitudeDegrees>-2.575090052559972</LongitudeDegrees>
            </Position>
            <AltitudeMeters>166.0</AltitudeMeters>
            <DistanceMeters>2710.27001953125</DistanceMeters>
            <HeartRateBpm>
              <Value>106</Value>
            </HeartRateBpm>
            <Extensions>
              <ns3:TPX>
                <ns3:Speed>1.5210000276565552</ns3:Speed>
              </ns3:TPX>
            </Extensions>
          </Trackpoint>
          <Trackpoint>
            <Time>2026-06-17T21:19:36.000Z</Time>
            <Position>
              <LatitudeDegrees>43.12946632504463</LatitudeDegrees>
              <LongitudeDegrees>-2.5751684233546257</LongitudeDegrees>
            </Position>
            <AltitudeMeters>166.0</AltitudeMeters>
            <DistanceMeters>2716.590087890625</DistanceMeters>
            <HeartRateBpm>
              <Value>108</Value>
            </HeartRateBpm>
            <Extensions>
              <ns3:TPX>
                <ns3:Speed>1.5399999618530273</ns3:Speed>
              </ns3:TPX>
            </Extensions>
          </Trackpoint>
          <Trackpoint>
            <Time>2026-06-17T21:19:39.000Z</Time>
            <Position>
              <LatitudeDegrees>43.129472360014915</LatitudeDegrees>
              <LongitudeDegrees>-2.5752193853259087</LongitudeDegrees>
            </Position>
            <AltitudeMeters>166.0</AltitudeMeters>
            <DistanceMeters>2722.0</DistanceMeters>
            <HeartRateBpm>
              <Value>110</Value>
            </HeartRateBpm>
            <Extensions>
              <ns3:TPX>
                <ns3:Speed>1.5579999685287476</ns3:Speed>
              </ns3:TPX>
            </Extensions>
          </Trackpoint>
          <Trackpoint>
            <Time>2026-06-17T21:19:41.000Z</Time>
            <Position>
              <LatitudeDegrees>43.12947210855782</LatitudeDegrees>
              <LongitudeDegrees>-2.5752567686140537</LongitudeDegrees>
            </Position>
            <AltitudeMeters>165.8000030517578</AltitudeMeters>
            <DistanceMeters>2725.18994140625</DistanceMeters>
            <HeartRateBpm>
              <Value>107</Value>
            </HeartRateBpm>
            <Extensions>
              <ns3:TPX>
                <ns3:Speed>1.5579999685287476</ns3:Speed>
              </ns3:TPX>
            </Extensions>
          </Trackpoint>
          <Trackpoint>
            <Time>2026-06-17T21:19:43.000Z</Time>
            <Position>
              <LatitudeDegrees>43.12947412021458</LatitudeDegrees>
              <LongitudeDegrees>-2.5752997677773237</LongitudeDegrees>
            </Position>
            <AltitudeMeters>165.8000030517578</AltitudeMeters>
            <DistanceMeters>2728.25</DistanceMeters>
            <HeartRateBpm>
              <Value>106</Value>
            </HeartRateBpm>
            <Extensions>
              <ns3:TPX>
                <ns3:Speed>1.5679999589920044</ns3:Speed>
              </ns3:TPX>
            </Extensions>
          </Trackpoint>
          <Trackpoint>
            <Time>2026-06-17T21:19:52.000Z</Time>
            <Position>
              <LatitudeDegrees>43.12950714491308</LatitudeDegrees>
              <LongitudeDegrees>-2.575478218495846</LongitudeDegrees>
            </Position>
            <AltitudeMeters>165.8000030517578</AltitudeMeters>
            <DistanceMeters>2743.429931640625</DistanceMeters>
            <HeartRateBpm>
              <Value>104</Value>
            </HeartRateBpm>
            <Extensions>
              <ns3:TPX>
                <ns3:Speed>1.5859999656677246</ns3:Speed>
              </ns3:TPX>
            </Extensions>
          </Trackpoint>
          <Trackpoint>
            <Time>2026-06-17T21:19:54.000Z</Time>
            <Position>
              <LatitudeDegrees>43.12952189706266</LatitudeDegrees>
              <LongitudeDegrees>-2.575515266507864</LongitudeDegrees>
            </Position>
            <AltitudeMeters>165.8000030517578</AltitudeMeters>
            <DistanceMeters>2746.8701171875</DistanceMeters>
            <HeartRateBpm>
              <Value>107</Value>
            </HeartRateBpm>
            <Extensions>
              <ns3:TPX>
                <ns3:Speed>1.5959999561309814</ns3:Speed>
              </ns3:TPX>
            </Extensions>
          </Trackpoint>
          <Trackpoint>
            <Time>2026-06-17T21:20:01.000Z</Time>
            <Position>
              <LatitudeDegrees>43.1295785587281</LatitudeDegrees>
              <LongitudeDegrees>-2.5756459403783083</LongitudeDegrees>
            </Position>
            <AltitudeMeters>165.60000610351562</AltitudeMeters>
            <DistanceMeters>2758.590087890625</DistanceMeters>
            <HeartRateBpm>
              <Value>109</Value>
            </HeartRateBpm>
            <Extensions>
              <ns3:TPX>
                <ns3:Speed>1.5959999561309814</ns3:Speed>
              </ns3:TPX>
            </Extensions>
          </Trackpoint>
          <Trackpoint>
            <Time>2026-06-17T21:20:11.000Z</Time>
            <Position>
              <LatitudeDegrees>43.129624240100384</LatitudeDegrees>
              <LongitudeDegrees>-2.575847189873457</LongitudeDegrees>
            </Position>
            <AltitudeMeters>165.1999969482422</AltitudeMeters>
            <DistanceMeters>2776.080078125</DistanceMeters>
            <HeartRateBpm>
              <Value>108</Value>
            </HeartRateBpm>
            <Extensions>
              <ns3:TPX>
                <ns3:Speed>1.6239999532699585</ns3:Speed>
              </ns3:TPX>
            </Extensions>
          </Trackpoint>
          <Trackpoint>
            <Time>2026-06-17T21:20:18.000Z</Time>
            <Position>
              <LatitudeDegrees>43.12958828173578</LatitudeDegrees>
              <LongitudeDegrees>-2.5760175939649343</LongitudeDegrees>
            </Position>
            <AltitudeMeters>165.0</AltitudeMeters>
            <DistanceMeters>2787.580078125</DistanceMeters>
            <HeartRateBpm>
              <Value>107</Value>
            </HeartRateBpm>
            <Extensions>
              <ns3:TPX>
                <ns3:Speed>1.6519999504089355</ns3:Speed>
              </ns3:TPX>
            </Extensions>
          </Trackpoint>
          <Trackpoint>
            <Time>2026-06-17T21:20:24.000Z</Time>
            <Position>
              <LatitudeDegrees>43.129564728587866</LatitudeDegrees>
              <LongitudeDegrees>-2.5761674623936415</LongitudeDegrees>
            </Position>
            <AltitudeMeters>164.60000610351562</AltitudeMeters>
            <DistanceMeters>2796.3798828125</DistanceMeters>
            <HeartRateBpm>
              <Value>107</Value>
            </HeartRateBpm>
            <Extensions>
              <ns3:TPX>
                <ns3:Speed>1.6699999570846558</ns3:Speed>
              </ns3:TPX>
            </Extensions>
          </Trackpoint>
          <Trackpoint>
            <Time>2026-06-17T21:20:28.000Z</Time>
            <Position>
              <LatitudeDegrees>43.12954645603895</LatitudeDegrees>
              <LongitudeDegrees>-2.5762258004397154</LongitudeDegrees>
            </Position>
            <AltitudeMeters>164.39999389648438</AltitudeMeters>
            <DistanceMeters>2807.760009765625</DistanceMeters>
            <HeartRateBpm>
              <Value>108</Value>
            </HeartRateBpm>
            <Extensions>
              <ns3:TPX>
                <ns3:Speed>1.6890000104904175</ns3:Speed>
              </ns3:TPX>
            </Extensions>
          </Trackpoint>
          <Trackpoint>
            <Time>2026-06-17T21:20:31.000Z</Time>
            <Position>
              <LatitudeDegrees>43.12955232337117</LatitudeDegrees>
              <LongitudeDegrees>-2.576240384951234</LongitudeDegrees>
            </Position>
            <AltitudeMeters>164.60000610351562</AltitudeMeters>
            <DistanceMeters>2810.81005859375</DistanceMeters>
            <HeartRateBpm>
              <Value>108</Value>
            </HeartRateBpm>
            <Extensions>
              <ns3:TPX>
                <ns3:Speed>1.6610000133514404</ns3:Speed>
              </ns3:TPX>
            </Extensions>
          </Trackpoint>
          <Trackpoint>
            <Time>2026-06-17T21:20:39.000Z</Time>
            <Position>
              <LatitudeDegrees>43.12954335473478</LatitudeDegrees>
              <LongitudeDegrees>-2.5763435661792755</LongitudeDegrees>
            </Position>
            <AltitudeMeters>164.60000610351562</AltitudeMeters>
            <DistanceMeters>2817.679931640625</DistanceMeters>
            <HeartRateBpm>
              <Value>107</Value>
            </HeartRateBpm>
            <Extensions>
              <ns3:TPX>
                <ns3:Speed>1.5859999656677246</ns3:Speed>
              </ns3:TPX>
            </Extensions>
          </Trackpoint>
          <Trackpoint>
            <Time>2026-06-17T21:20:48.000Z</Time>
            <Position>
              <LatitudeDegrees>43.12950924038887</LatitudeDegrees>
              <LongitudeDegrees>-2.5764725636690855</LongitudeDegrees>
            </Position>
            <AltitudeMeters>164.8000030517578</AltitudeMeters>
            <DistanceMeters>2828.090087890625</DistanceMeters>
            <HeartRateBpm>
              <Value>107</Value>
            </HeartRateBpm>
            <Extensions>
              <ns3:TPX>
                <ns3:Speed>1.4559999704360962</ns3:Speed>
              </ns3:TPX>
            </Extensions>
          </Trackpoint>
          <Trackpoint>
            <Time>2026-06-17T21:20:53.000Z</Time>
            <Position>
              <LatitudeDegrees>43.129479149356484</LatitudeDegrees>
              <LongitudeDegrees>-2.576560154557228</LongitudeDegrees>
            </Position>
            <AltitudeMeters>164.8000030517578</AltitudeMeters>
            <DistanceMeters>2834.7900390625</DistanceMeters>
            <HeartRateBpm>
              <Value>108</Value>
            </HeartRateBpm>
            <Extensions>
              <ns3:TPX>
                <ns3:Speed>1.315999984741211</ns3:Speed>
              </ns3:TPX>
            </Extensions>
          </Trackpoint>
          <Trackpoint>
            <Time>2026-06-17T21:20:58.000Z</Time>
            <Position>
              <LatitudeDegrees>43.12947604805231</LatitudeDegrees>
              <LongitudeDegrees>-2.5766701251268387</LongitudeDegrees>
            </Position>
            <AltitudeMeters>165.0</AltitudeMeters>
            <DistanceMeters>2843.31005859375</DistanceMeters>
            <HeartRateBpm>
              <Value>108</Value>
            </HeartRateBpm>
            <Extensions>
              <ns3:TPX>
                <ns3:Speed>1.4839999675750732</ns3:Speed>
              </ns3:TPX>
            </Extensions>
          </Trackpoint>
          <Trackpoint>
            <Time>2026-06-17T21:21:05.000Z</Time>
            <Position>
              <LatitudeDegrees>43.12947110272944</LatitudeDegrees>
              <LongitudeDegrees>-2.5768047384917736</LongitudeDegrees>
            </Position>
            <AltitudeMeters>165.0</AltitudeMeters>
            <DistanceMeters>2852.72998046875</DistanceMeters>
            <HeartRateBpm>
              <Value>108</Value>
            </HeartRateBpm>
            <Extensions>
              <ns3:TPX>
                <ns3:Speed>1.3339999914169312</ns3:Speed>
              </ns3:TPX>
            </Extensions>
          </Trackpoint>
          <Trackpoint>
            <Time>2026-06-17T21:21:08.000Z</Time>
            <Position>
              <LatitudeDegrees>43.12945886515081</LatitudeDegrees>
              <LongitudeDegrees>-2.5768730510026217</LongitudeDegrees>
            </Position>
            <AltitudeMeters>165.0</AltitudeMeters>
            <DistanceMeters>2857.409912109375</DistanceMeters>
            <HeartRateBpm>
              <Value>104</Value>
            </HeartRateBpm>
            <Extensions>
              <ns3:TPX>
                <ns3:Speed>1.3619999885559082</ns3:Speed>
              </ns3:TPX>
            </Extensions>
          </Trackpoint>
          <Trackpoint>
            <Time>2026-06-17T21:21:09.000Z</Time>
            <Position>
              <LatitudeDegrees>43.12945785932243</LatitudeDegrees>
              <LongitudeDegrees>-2.5768884737044573</LongitudeDegrees>
            </Position>
            <AltitudeMeters>165.0</AltitudeMeters>
            <DistanceMeters>2858.7900390625</DistanceMeters>
            <HeartRateBpm>
              <Value>107</Value>
            </HeartRateBpm>
            <Extensions>
              <ns3:TPX>
                <ns3:Speed>1.3619999885559082</ns3:Speed>
              </ns3:TPX>
            </Extensions>
          </Trackpoint>
          <Trackpoint>
            <Time>2026-06-17T21:21:13.000Z</Time>
            <Position>
              <LatitudeDegrees>43.12945417128503</LatitudeDegrees>
              <LongitudeDegrees>-2.5769443809986115</LongitudeDegrees>
            </Position>
            <AltitudeMeters>165.0</AltitudeMeters>
            <DistanceMeters>2864.570068359375</DistanceMeters>
            <HeartRateBpm>
              <Value>104</Value>
            </HeartRateBpm>
            <Extensions>
              <ns3:TPX>
                <ns3:Speed>1.3619999885559082</ns3:Speed>
              </ns3:TPX>
            </Extensions>
          </Trackpoint>
          <Trackpoint>
            <Time>2026-06-17T21:21:14.000Z</Time>
            <Position>
              <LatitudeDegrees>43.129453752189875</LatitudeDegrees>
              <LongitudeDegrees>-2.5769624020904303</LongitudeDegrees>
            </Position>
            <AltitudeMeters>165.0</AltitudeMeters>
            <DistanceMeters>2865.949951171875</DistanceMeters>
            <HeartRateBpm>
              <Value>107</Value>
            </HeartRateBpm>
            <Extensions>
              <ns3:TPX>
                <ns3:Speed>1.3530000448226929</ns3:Speed>
              </ns3:TPX>
            </Extensions>
          </Trackpoint>
          <Trackpoint>
            <Time>2026-06-17T21:21:22.000Z</Time>
            <Position>
              <LatitudeDegrees>43.129447884857655</LatitudeDegrees>
              <LongitudeDegrees>-2.5771084148436785</LongitudeDegrees>
            </Position>
            <AltitudeMeters>165.1999969482422</AltitudeMeters>
            <DistanceMeters>2878.389892578125</DistanceMeters>
            <HeartRateBpm>
              <Value>107</Value>
            </HeartRateBpm>
            <Extensions>
              <ns3:TPX>
                <ns3:Speed>1.38100004196167</ns3:Speed>
              </ns3:TPX>
            </Extensions>
          </Trackpoint>
          <Trackpoint>
            <Time>2026-06-17T21:21:26.000Z</Time>
            <Position>
              <LatitudeDegrees>43.12944327481091</LatitudeDegrees>
              <LongitudeDegrees>-2.5771888811141253</LongitudeDegrees>
            </Position>
            <AltitudeMeters>165.60000610351562</AltitudeMeters>
            <DistanceMeters>2885.139892578125</DistanceMeters>
            <HeartRateBpm>
              <Value>107</Value>
            </HeartRateBpm>
            <Extensions>
              <ns3:TPX>
                <ns3:Speed>1.409000039100647</ns3:Speed>
              </ns3:TPX>
            </Extensions>
          </Trackpoint>
          <Trackpoint>
            <Time>2026-06-17T21:21:31.000Z</Time>
            <Position>
              <LatitudeDegrees>43.12943120487034</LatitudeDegrees>
              <LongitudeDegrees>-2.57727705873549</LongitudeDegrees>
            </Position>
            <AltitudeMeters>165.8000030517578</AltitudeMeters>
            <DistanceMeters>2892.419921875</DistanceMeters>
            <HeartRateBpm>
              <Value>107</Value>
            </HeartRateBpm>
            <Extensions>
              <ns3:TPX>
                <ns3:Speed>1.4279999732971191</ns3:Speed>
              </ns3:TPX>
            </Extensions>
          </Trackpoint>
          <Trackpoint>
            <Time>2026-06-17T21:21:38.000Z</Time>
            <Position>
              <LatitudeDegrees>43.129421062767506</LatitudeDegrees>
              <LongitudeDegrees>-2.577408906072378</LongitudeDegrees>
            </Position>
            <AltitudeMeters>166.0</AltitudeMeters>
            <DistanceMeters>2903.10009765625</DistanceMeters>
            <HeartRateBpm>
              <Value>104</Value>
            </HeartRateBpm>
            <Extensions>
              <ns3:TPX>
                <ns3:Speed>1.4739999771118164</ns3:Speed>
              </ns3:TPX>
            </Extensions>
          </Trackpoint>
          <Trackpoint>
            <Time>2026-06-17T21:21:40.000Z</Time>
            <Position>
              <LatitudeDegrees>43.12941360287368</LatitudeDegrees>
              <LongitudeDegrees>-2.5774505641311407</LongitudeDegrees>
            </Position>
            <AltitudeMeters>166.0</AltitudeMeters>
            <DistanceMeters>2906.669921875</DistanceMeters>
            <HeartRateBpm>
              <Value>107</Value>
            </HeartRateBpm>
            <Extensions>
              <ns3:TPX>
                <ns3:Speed>1.4839999675750732</ns3:Speed>
              </ns3:TPX>
            </Extensions>
          </Trackpoint>
          <Trackpoint>
            <Time>2026-06-17T21:21:42.000Z</Time>
            <Position>
              <LatitudeDegrees>43.12940907664597</LatitudeDegrees>
              <LongitudeDegrees>-2.5774968322366476</LongitudeDegrees>
            </Position>
            <AltitudeMeters>166.0</AltitudeMeters>
            <DistanceMeters>2910.0400390625</DistanceMeters>
            <HeartRateBpm>
              <Value>106</Value>
            </HeartRateBpm>
            <Extensions>
              <ns3:TPX>
                <ns3:Speed>1.4930000305175781</ns3:Speed>
              </ns3:TPX>
            </Extensions>
          </Trackpoint>
          <Trackpoint>
            <Time>2026-06-17T21:21:51.000Z</Time>
            <Position>
              <LatitudeDegrees>43.129381416365504</LatitudeDegrees>
              <LongitudeDegrees>-2.577682826668024</LongitudeDegrees>
            </Position>
            <AltitudeMeters>166.1999969482422</AltitudeMeters>
            <DistanceMeters>2925.409912109375</DistanceMeters>
            <HeartRateBpm>
              <Value>106</Value>
            </HeartRateBpm>
            <Extensions>
              <ns3:TPX>
                <ns3:Speed>1.5490000247955322</ns3:Speed>
              </ns3:TPX>
            </Extensions>
          </Trackpoint>
          <Trackpoint>
            <Time>2026-06-17T21:22:00.000Z</Time>
            <Position>
              <LatitudeDegrees>43.129367334768176</LatitudeDegrees>
              <LongitudeDegrees>-2.577836886048317</LongitudeDegrees>
            </Position>
            <AltitudeMeters>165.8000030517578</AltitudeMeters>
            <DistanceMeters>2939.419921875</DistanceMeters>
            <HeartRateBpm>
              <Value>106</Value>
            </HeartRateBpm>
            <Extensions>
              <ns3:TPX>
                <ns3:Speed>1.5770000219345093</ns3:Speed>
              </ns3:TPX>
            </Extensions>
          </Trackpoint>
          <Trackpoint>
            <Time>2026-06-17T21:22:03.000Z</Time>
            <Position>
              <LatitudeDegrees>43.129372699186206</LatitudeDegrees>
              <LongitudeDegrees>-2.5778878480196</LongitudeDegrees>
            </Position>
            <AltitudeMeters>165.8000030517578</AltitudeMeters>
            <DistanceMeters>2944.0</DistanceMeters>
            <HeartRateBpm>
              <Value>109</Value>
            </HeartRateBpm>
            <Extensions>
              <ns3:TPX>
                <ns3:Speed>1.6050000190734863</ns3:Speed>
              </ns3:TPX>
            </Extensions>
          </Trackpoint>
          <Trackpoint>
            <Time>2026-06-17T21:22:06.000Z</Time>
            <Position>
              <LatitudeDegrees>43.129388289526105</LatitudeDegrees>
              <LongitudeDegrees>-2.5779288355261087</LongitudeDegrees>
            </Position>
            <AltitudeMeters>165.8000030517578</AltitudeMeters>
            <DistanceMeters>2947.5400390625</DistanceMeters>
            <HeartRateBpm>
              <Value>105</Value>
            </HeartRateBpm>
            <Extensions>
              <ns3:TPX>
                <ns3:Speed>1.5959999561309814</ns3:Speed>
              </ns3:TPX>
            </Extensions>
          </Trackpoint>
          <Trackpoint>
            <Time>2026-06-17T21:22:07.000Z</Time>
            <Position>
              <LatitudeDegrees>43.12939675524831</LatitudeDegrees>
              <LongitudeDegrees>-2.5779435876756907</LongitudeDegrees>
            </Position>
            <AltitudeMeters>165.8000030517578</AltitudeMeters>
            <DistanceMeters>2948.719970703125</DistanceMeters>
            <HeartRateBpm>
              <Value>105</Value>
            </HeartRateBpm>
            <Extensions>
              <ns3:TPX>
                <ns3:Speed>1.5859999656677246</ns3:Speed>
              </ns3:TPX>
            </Extensions>
          </Trackpoint>
          <Trackpoint>
            <Time>2026-06-17T21:22:09.000Z</Time>
            <Position>
              <LatitudeDegrees>43.12940329313278</LatitudeDegrees>
              <LongitudeDegrees>-2.5779751036316156</LongitudeDegrees>
            </Position>
            <AltitudeMeters>165.39999389648438</AltitudeMeters>
            <DistanceMeters>2951.449951171875</DistanceMeters>
            <HeartRateBpm>
              <Value>105</Value>
            </HeartRateBpm>
            <Extensions>
              <ns3:TPX>
                <ns3:Speed>1.5770000219345093</ns3:Speed>
              </ns3:TPX>
            </Extensions>
          </Trackpoint>
          <Trackpoint>
            <Time>2026-06-17T21:22:17.000Z</Time>
            <Position>
              <LatitudeDegrees>43.129422068595886</LatitudeDegrees>
              <LongitudeDegrees>-2.5781327672302723</LongitudeDegrees>
            </Position>
            <AltitudeMeters>165.1999969482422</AltitudeMeters>
            <DistanceMeters>2962.68994140625</DistanceMeters>
            <HeartRateBpm>
              <Value>104</Value>
            </HeartRateBpm>
            <Extensions>
              <ns3:TPX>
                <ns3:Speed>1.5579999685287476</ns3:Speed>
              </ns3:TPX>
            </Extensions>
          </Trackpoint>
          <Trackpoint>
            <Time>2026-06-17T21:22:18.000Z</Time>
            <Position>
              <LatitudeDegrees>43.12942584045231</LatitudeDegrees>
              <LongitudeDegrees>-2.5781568232923746</LongitudeDegrees>
            </Position>
            <AltitudeMeters>165.1999969482422</AltitudeMeters>
            <DistanceMeters>2964.169921875</DistanceMeters>
            <HeartRateBpm>
              <Value>107</Value>
            </HeartRateBpm>
            <Extensions>
              <ns3:TPX>
                <ns3:Speed>1.5579999685287476</ns3:Speed>
              </ns3:TPX>
            </Extensions>
          </Trackpoint>
          <Trackpoint>
            <Time>2026-06-17T21:22:24.000Z</Time>
            <Position>
              <LatitudeDegrees>43.12943438999355</LatitudeDegrees>
              <LongitudeDegrees>-2.5782790314406157</LongitudeDegrees>
            </Position>
            <AltitudeMeters>164.8000030517578</AltitudeMeters>
            <DistanceMeters>2972.820068359375</DistanceMeters>
            <HeartRateBpm>
              <Value>106</Value>
            </HeartRateBpm>
            <Extensions>
              <ns3:TPX>
                <ns3:Speed>1.5579999685287476</ns3:Speed>
              </ns3:TPX>
            </Extensions>
          </Trackpoint>
          <Trackpoint>
            <Time>2026-06-17T21:22:32.000Z</Time>
            <Position>
              <LatitudeDegrees>43.12941988930106</LatitudeDegrees>
              <LongitudeDegrees>-2.578425630927086</LongitudeDegrees>
            </Position>
            <AltitudeMeters>164.8000030517578</AltitudeMeters>
            <DistanceMeters>2984.760009765625</DistanceMeters>
            <HeartRateBpm>
              <Value>106</Value>
            </HeartRateBpm>
            <Extensions>
              <ns3:TPX>
                <ns3:Speed>1.5210000276565552</ns3:Speed>
              </ns3:TPX>
            </Extensions>
          </Trackpoint>
          <Trackpoint>
            <Time>2026-06-17T21:22:40.000Z</Time>
            <Position>
              <LatitudeDegrees>43.12943363562226</LatitudeDegrees>
              <LongitudeDegrees>-2.578578097745776</LongitudeDegrees>
            </Position>
            <AltitudeMeters>164.60000610351562</AltitudeMeters>
            <DistanceMeters>2995.3798828125</DistanceMeters>
            <HeartRateBpm>
              <Value>106</Value>
            </HeartRateBpm>
            <Extensions>
              <ns3:TPX>
                <ns3:Speed>1.5019999742507935</ns3:Speed>
              </ns3:TPX>
            </Extensions>
          </Trackpoint>
          <Trackpoint>
            <Time>2026-06-17T21:22:44.000Z</Time>
            <Position>
              <LatitudeDegrees>43.129441011697054</LatitudeDegrees>
              <LongitudeDegrees>-2.578626712784171</LongitudeDegrees>
            </Position>
            <AltitudeMeters>164.60000610351562</AltitudeMeters>
            <DistanceMeters>3000.199951171875</DistanceMeters>
            <HeartRateBpm>
              <Value>105</Value>
            </HeartRateBpm>
            <Extensions>
              <ns3:TPX>
                <ns3:Speed>1.4839999675750732</ns3:Speed>
              </ns3:TPX>
            </Extensions>
          </Trackpoint>
          <Trackpoint>
            <Time>2026-06-17T21:22:45.000Z</Time>
            <Position>
              <LatitudeDegrees>43.12944067642093</LatitudeDegrees>
              <LongitudeDegrees>-2.578637357801199</LongitudeDegrees>
            </Position>
            <AltitudeMeters>164.60000610351562</AltitudeMeters>
            <DistanceMeters>3000.669921875</DistanceMeters>
            <HeartRateBpm>
              <Value>104</Value>
            </HeartRateBpm>
            <Extensions>
              <ns3:TPX>
                <ns3:Speed>1.4739999771118164</ns3:Speed>
              </ns3:TPX>
            </Extensions>
          </Trackpoint>
        </Track>
        <Extensions>
          <ns3:LX>
            <ns3:AvgSpeed>1.5010000467300415</ns3:AvgSpeed>
            <ns3:AvgRunCadence>53</ns3:AvgRunCadence>
            <ns3:MaxRunCadence>55</ns3:MaxRunCadence>
          </ns3:LX>
        </Extensions>
      </Lap>
      <Lap StartTime="2026-06-17T21:22:45.000Z">
        <TotalTimeSeconds>530.124</TotalTimeSeconds>
        <DistanceMeters>750.37</DistanceMeters>
        <MaximumSpeed>1.8849999904632568</MaximumSpeed>
        <Calories>55</Calories>
        <AverageHeartRateBpm>
          <Value>105</Value>
        </AverageHeartRateBpm>
        <MaximumHeartRateBpm>
          <Value>110</Value>
        </MaximumHeartRateBpm>
        <Intensity>Active</Intensity>
        <TriggerMethod>Manual</TriggerMethod>
        <Track>
          <Trackpoint>
            <Time>2026-06-17T21:22:45.000Z</Time>
            <Position>
              <LatitudeDegrees>43.12944067642093</LatitudeDegrees>
              <LongitudeDegrees>-2.578637357801199</LongitudeDegrees>
            </Position>
            <AltitudeMeters>164.60000610351562</AltitudeMeters>
            <DistanceMeters>3000.669921875</DistanceMeters>
            <HeartRateBpm>
              <Value>104</Value>
            </HeartRateBpm>
            <Extensions>
              <ns3:TPX>
                <ns3:Speed>1.4739999771118164</ns3:Speed>
              </ns3:TPX>
            </Extensions>
          </Trackpoint>
          <Trackpoint>
            <Time>2026-06-17T21:22:46.000Z</Time>
            <Position>
              <LatitudeDegrees>43.129441095516086</LatitudeDegrees>
              <LongitudeDegrees>-2.578648505732417</LongitudeDegrees>
            </Position>
            <AltitudeMeters>164.60000610351562</AltitudeMeters>
            <DistanceMeters>3001.219970703125</DistanceMeters>
            <HeartRateBpm>
              <Value>104</Value>
            </HeartRateBpm>
            <Extensions>
              <ns3:TPX>
                <ns3:Speed>1.4559999704360962</ns3:Speed>
              </ns3:TPX>
            </Extensions>
          </Trackpoint>
          <Trackpoint>
            <Time>2026-06-17T21:22:47.000Z</Time>
            <Position>
              <LatitudeDegrees>43.12944277189672</LatitudeDegrees>
              <LongitudeDegrees>-2.578663844615221</LongitudeDegrees>
            </Position>
            <AltitudeMeters>164.39999389648438</AltitudeMeters>
            <DistanceMeters>3002.830078125</DistanceMeters>
            <HeartRateBpm>
              <Value>103</Value>
            </HeartRateBpm>
            <Extensions>
              <ns3:TPX>
                <ns3:Speed>1.4559999704360962</ns3:Speed>
              </ns3:TPX>
            </Extensions>
          </Trackpoint>
          <Trackpoint>
            <Time>2026-06-17T21:22:49.000Z</Time>
            <Position>
              <LatitudeDegrees>43.129452830180526</LatitudeDegrees>
              <LongitudeDegrees>-2.578710447996855</LongitudeDegrees>
            </Position>
            <AltitudeMeters>164.39999389648438</AltitudeMeters>
            <DistanceMeters>3006.510009765625</DistanceMeters>
            <HeartRateBpm>
              <Value>106</Value>
            </HeartRateBpm>
            <Extensions>
              <ns3:TPX>
                <ns3:Speed>1.4559999704360962</ns3:Speed>
              </ns3:TPX>
            </Extensions>
          </Trackpoint>
          <Trackpoint>
            <Time>2026-06-17T21:22:53.000Z</Time>
            <Position>
              <LatitudeDegrees>43.12945928424597</LatitudeDegrees>
              <LongitudeDegrees>-2.5787802692502737</LongitudeDegrees>
            </Position>
            <AltitudeMeters>164.1999969482422</AltitudeMeters>
            <DistanceMeters>3013.469970703125</DistanceMeters>
            <HeartRateBpm>
              <Value>105</Value>
            </HeartRateBpm>
            <Extensions>
              <ns3:TPX>
                <ns3:Speed>1.4559999704360962</ns3:Speed>
              </ns3:TPX>
            </Extensions>
          </Trackpoint>
          <Trackpoint>
            <Time>2026-06-17T21:22:55.000Z</Time>
            <Position>
              <LatitudeDegrees>43.1294577755034</LatitudeDegrees>
              <LongitudeDegrees>-2.5788132939487696</LongitudeDegrees>
            </Position>
            <AltitudeMeters>164.1999969482422</AltitudeMeters>
            <DistanceMeters>3016.25</DistanceMeters>
            <HeartRateBpm>
              <Value>109</Value>
            </HeartRateBpm>
            <Extensions>
              <ns3:TPX>
                <ns3:Speed>1.465000033378601</ns3:Speed>
              </ns3:TPX>
            </Extensions>
          </Trackpoint>
          <Trackpoint>
            <Time>2026-06-17T21:22:56.000Z</Time>
            <Position>
              <LatitudeDegrees>43.12945542857051</LatitudeDegrees>
              <LongitudeDegrees>-2.5788306444883347</LongitudeDegrees>
            </Position>
            <AltitudeMeters>164.39999389648438</AltitudeMeters>
            <DistanceMeters>3017.179931640625</DistanceMeters>
            <HeartRateBpm>
              <Value>106</Value>
            </HeartRateBpm>
            <Extensions>
              <ns3:TPX>
                <ns3:Speed>1.465000033378601</ns3:Speed>
              </ns3:TPX>
            </Extensions>
          </Trackpoint>
          <Trackpoint>
            <Time>2026-06-17T21:23:01.000Z</Time>
            <Position>
              <LatitudeDegrees>43.129437156021595</LatitudeDegrees>
              <LongitudeDegrees>-2.5789373461157084</LongitudeDegrees>
            </Position>
            <AltitudeMeters>164.39999389648438</AltitudeMeters>
            <DistanceMeters>3024.429931640625</DistanceMeters>
            <HeartRateBpm>
              <Value>106</Value>
            </HeartRateBpm>
            <Extensions>
              <ns3:TPX>
                <ns3:Speed>1.4559999704360962</ns3:Speed>
              </ns3:TPX>
            </Extensions>
          </Trackpoint>
          <Trackpoint>
            <Time>2026-06-17T21:23:09.000Z</Time>
            <Position>
              <LatitudeDegrees>43.1294437777251</LatitudeDegrees>
              <LongitudeDegrees>-2.5791125278919935</LongitudeDegrees>
            </Position>
            <AltitudeMeters>164.0</AltitudeMeters>
            <DistanceMeters>3036.639892578125</DistanceMeters>
            <HeartRateBpm>
              <Value>106</Value>
            </HeartRateBpm>
            <Extensions>
              <ns3:TPX>
                <ns3:Speed>1.465000033378601</ns3:Speed>
              </ns3:TPX>
            </Extensions>
          </Trackpoint>
          <Trackpoint>
            <Time>2026-06-17T21:23:10.000Z</Time>
            <Position>
              <LatitudeDegrees>43.12944285571575</LatitudeDegrees>
              <LongitudeDegrees>-2.579143876209855</LongitudeDegrees>
            </Position>
            <AltitudeMeters>164.0</AltitudeMeters>
            <DistanceMeters>3038.97998046875</DistanceMeters>
            <HeartRateBpm>
              <Value>107</Value>
            </HeartRateBpm>
            <Extensions>
              <ns3:TPX>
                <ns3:Speed>1.465000033378601</ns3:Speed>
              </ns3:TPX>
            </Extensions>
          </Trackpoint>
          <Trackpoint>
            <Time>2026-06-17T21:23:17.000Z</Time>
            <Position>
              <LatitudeDegrees>43.12944822013378</LatitudeDegrees>
              <LongitudeDegrees>-2.5792830158025026</LongitudeDegrees>
            </Position>
            <AltitudeMeters>163.8000030517578</AltitudeMeters>
            <DistanceMeters>3051.010009765625</DistanceMeters>
            <HeartRateBpm>
              <Value>108</Value>
            </HeartRateBpm>
            <Extensions>
              <ns3:TPX>
                <ns3:Speed>1.5119999647140503</ns3:Speed>
              </ns3:TPX>
            </Extensions>
          </Trackpoint>
          <Trackpoint>
            <Time>2026-06-17T21:23:22.000Z</Time>
            <Position>
              <LatitudeDegrees>43.129450315609574</LatitudeDegrees>
              <LongitudeDegrees>-2.5793584529310465</LongitudeDegrees>
            </Position>
            <AltitudeMeters>165.8000030517578</AltitudeMeters>
            <DistanceMeters>3058.139892578125</DistanceMeters>
            <HeartRateBpm>
              <Value>108</Value>
            </HeartRateBpm>
            <Extensions>
              <ns3:TPX>
                <ns3:Speed>1.5119999647140503</ns3:Speed>
              </ns3:TPX>
            </Extensions>
          </Trackpoint>
          <Trackpoint>
            <Time>2026-06-17T21:23:25.000Z</Time>
            <Position>
              <LatitudeDegrees>43.12945190817118</LatitudeDegrees>
              <LongitudeDegrees>-2.5794082414358854</LongitudeDegrees>
            </Position>
            <AltitudeMeters>165.8000030517578</AltitudeMeters>
            <DistanceMeters>3062.590087890625</DistanceMeters>
            <HeartRateBpm>
              <Value>109</Value>
            </HeartRateBpm>
            <Extensions>
              <ns3:TPX>
                <ns3:Speed>1.5019999742507935</ns3:Speed>
              </ns3:TPX>
            </Extensions>
          </Trackpoint>
          <Trackpoint>
            <Time>2026-06-17T21:23:32.000Z</Time>
            <Position>
              <LatitudeDegrees>43.129455260932446</LatitudeDegrees>
              <LongitudeDegrees>-2.5795181281864643</LongitudeDegrees>
            </Position>
            <AltitudeMeters>166.0</AltitudeMeters>
            <DistanceMeters>3072.219970703125</DistanceMeters>
            <HeartRateBpm>
              <Value>105</Value>
            </HeartRateBpm>
            <Extensions>
              <ns3:TPX>
                <ns3:Speed>1.5019999742507935</ns3:Speed>
              </ns3:TPX>
            </Extensions>
          </Trackpoint>
          <Trackpoint>
            <Time>2026-06-17T21:23:35.000Z</Time>
            <Position>
              <LatitudeDegrees>43.12946682795882</LatitudeDegrees>
              <LongitudeDegrees>-2.579575879499316</LongitudeDegrees>
            </Position>
            <AltitudeMeters>165.8000030517578</AltitudeMeters>
            <DistanceMeters>3076.300048828125</DistanceMeters>
            <HeartRateBpm>
              <Value>105</Value>
            </HeartRateBpm>
            <Extensions>
              <ns3:TPX>
                <ns3:Speed>1.4930000305175781</ns3:Speed>
              </ns3:TPX>
            </Extensions>
          </Trackpoint>
          <Trackpoint>
            <Time>2026-06-17T21:23:39.000Z</Time>
            <Position>
              <LatitudeDegrees>43.12947512604296</LatitudeDegrees>
              <LongitudeDegrees>-2.579660704359412</LongitudeDegrees>
            </Position>
            <AltitudeMeters>165.8000030517578</AltitudeMeters>
            <DistanceMeters>3081.75</DistanceMeters>
            <HeartRateBpm>
              <Value>108</Value>
            </HeartRateBpm>
            <Extensions>
              <ns3:TPX>
                <ns3:Speed>1.4839999675750732</ns3:Speed>
              </ns3:TPX>
            </Extensions>
          </Trackpoint>
          <Trackpoint>
            <Time>2026-06-17T21:23:43.000Z</Time>
            <Position>
              <LatitudeDegrees>43.1294712703675</LatitudeDegrees>
              <LongitudeDegrees>-2.579750558361411</LongitudeDegrees>
            </Position>
            <AltitudeMeters>165.8000030517578</AltitudeMeters>
            <DistanceMeters>3088.0</DistanceMeters>
            <HeartRateBpm>
              <Value>108</Value>
            </HeartRateBpm>
            <Extensions>
              <ns3:TPX>
                <ns3:Speed>1.4930000305175781</ns3:Speed>
              </ns3:TPX>
            </Extensions>
          </Trackpoint>
          <Trackpoint>
            <Time>2026-06-17T21:23:50.000Z</Time>
            <Position>
              <LatitudeDegrees>43.129480658099055</LatitudeDegrees>
              <LongitudeDegrees>-2.5798902846872807</LongitudeDegrees>
            </Position>
            <AltitudeMeters>165.60000610351562</AltitudeMeters>
            <DistanceMeters>3098.179931640625</DistanceMeters>
            <HeartRateBpm>
              <Value>108</Value>
            </HeartRateBpm>
            <Extensions>
              <ns3:TPX>
                <ns3:Speed>1.4739999771118164</ns3:Speed>
              </ns3:TPX>
            </Extensions>
          </Trackpoint>
          <Trackpoint>
            <Time>2026-06-17T21:23:56.000Z</Time>
            <Position>
              <LatitudeDegrees>43.12949306331575</LatitudeDegrees>
              <LongitudeDegrees>-2.58000117726624</LongitudeDegrees>
            </Position>
            <AltitudeMeters>165.8000030517578</AltitudeMeters>
            <DistanceMeters>3107.68994140625</DistanceMeters>
            <HeartRateBpm>
              <Value>105</Value>
            </HeartRateBpm>
            <Extensions>
              <ns3:TPX>
                <ns3:Speed>1.4930000305175781</ns3:Speed>
              </ns3:TPX>
            </Extensions>
          </Trackpoint>
          <Trackpoint>
            <Time>2026-06-17T21:24:00.000Z</Time>
            <Position>
              <LatitudeDegrees>43.12950328923762</LatitudeDegrees>
              <LongitudeDegrees>-2.5800794642418623</LongitudeDegrees>
            </Position>
            <AltitudeMeters>165.60000610351562</AltitudeMeters>
            <DistanceMeters>3113.830078125</DistanceMeters>
            <HeartRateBpm>
              <Value>106</Value>
            </HeartRateBpm>
            <Extensions>
              <ns3:TPX>
                <ns3:Speed>1.4739999771118164</ns3:Speed>
              </ns3:TPX>
            </Extensions>
          </Trackpoint>
          <Trackpoint>
            <Time>2026-06-17T21:24:10.000Z</Time>
            <Position>
              <LatitudeDegrees>43.129530949518085</LatitudeDegrees>
              <LongitudeDegrees>-2.580265123397112</LongitudeDegrees>
            </Position>
            <AltitudeMeters>165.39999389648438</AltitudeMeters>
            <DistanceMeters>3131.02001953125</DistanceMeters>
            <HeartRateBpm>
              <Value>107</Value>
            </HeartRateBpm>
            <Extensions>
              <ns3:TPX>
                <ns3:Speed>1.6799999475479126</ns3:Speed>
              </ns3:TPX>
            </Extensions>
          </Trackpoint>
          <Trackpoint>
            <Time>2026-06-17T21:24:16.000Z</Time>
            <Position>
              <LatitudeDegrees>43.12954452820122</LatitudeDegrees>
              <LongitudeDegrees>-2.5803750101476908</LongitudeDegrees>
            </Position>
            <AltitudeMeters>165.39999389648438</AltitudeMeters>
            <DistanceMeters>3140.81005859375</DistanceMeters>
            <HeartRateBpm>
              <Value>106</Value>
            </HeartRateBpm>
            <Extensions>
              <ns3:TPX>
                <ns3:Speed>1.6890000104904175</ns3:Speed>
              </ns3:TPX>
            </Extensions>
          </Trackpoint>
          <Trackpoint>
            <Time>2026-06-17T21:24:20.000Z</Time>
            <Position>
              <LatitudeDegrees>43.12955182045698</LatitudeDegrees>
              <LongitudeDegrees>-2.580437120050192</LongitudeDegrees>
            </Position>
            <AltitudeMeters>165.39999389648438</AltitudeMeters>
            <DistanceMeters>3147.27001953125</DistanceMeters>
            <HeartRateBpm>
              <Value>109</Value>
            </HeartRateBpm>
            <Extensions>
              <ns3:TPX>
                <ns3:Speed>1.6890000104904175</ns3:Speed>
              </ns3:TPX>
            </Extensions>
          </Trackpoint>
          <Trackpoint>
            <Time>2026-06-17T21:24:24.000Z</Time>
            <Position>
              <LatitudeDegrees>43.12956724315882</LatitudeDegrees>
              <LongitudeDegrees>-2.5805032532662153</LongitudeDegrees>
            </Position>
            <AltitudeMeters>165.60000610351562</AltitudeMeters>
            <DistanceMeters>3153.35009765625</DistanceMeters>
            <HeartRateBpm>
              <Value>110</Value>
            </HeartRateBpm>
            <Extensions>
              <ns3:TPX>
                <ns3:Speed>1.7079999446868896</ns3:Speed>
              </ns3:TPX>
            </Extensions>
          </Trackpoint>
          <Trackpoint>
            <Time>2026-06-17T21:24:30.000Z</Time>
            <Position>
              <LatitudeDegrees>43.129603788256645</LatitudeDegrees>
              <LongitudeDegrees>-2.5806138943880796</LongitudeDegrees>
            </Position>
            <AltitudeMeters>165.39999389648438</AltitudeMeters>
            <DistanceMeters>3161.2900390625</DistanceMeters>
            <HeartRateBpm>
              <Value>106</Value>
            </HeartRateBpm>
            <Extensions>
              <ns3:TPX>
                <ns3:Speed>1.5579999685287476</ns3:Speed>
              </ns3:TPX>
            </Extensions>
          </Trackpoint>
          <Trackpoint>
            <Time>2026-06-17T21:24:32.000Z</Time>
            <Position>
              <LatitudeDegrees>43.12960890121758</LatitudeDegrees>
              <LongitudeDegrees>-2.580661838874221</LongitudeDegrees>
            </Position>
            <AltitudeMeters>165.39999389648438</AltitudeMeters>
            <DistanceMeters>3164.27001953125</DistanceMeters>
            <HeartRateBpm>
              <Value>105</Value>
            </HeartRateBpm>
            <Extensions>
              <ns3:TPX>
                <ns3:Speed>1.5119999647140503</ns3:Speed>
              </ns3:TPX>
            </Extensions>
          </Trackpoint>
          <Trackpoint>
            <Time>2026-06-17T21:24:33.000Z</Time>
            <Position>
              <LatitudeDegrees>43.129608733579516</LatitudeDegrees>
              <LongitudeDegrees>-2.5806810334324837</LongitudeDegrees>
            </Position>
            <AltitudeMeters>165.39999389648438</AltitudeMeters>
            <DistanceMeters>3165.570068359375</DistanceMeters>
            <HeartRateBpm>
              <Value>109</Value>
            </HeartRateBpm>
            <Extensions>
              <ns3:TPX>
                <ns3:Speed>1.5019999742507935</ns3:Speed>
              </ns3:TPX>
            </Extensions>
          </Trackpoint>
          <Trackpoint>
            <Time>2026-06-17T21:24:36.000Z</Time>
            <Position>
              <LatitudeDegrees>43.1296131759882</LatitudeDegrees>
              <LongitudeDegrees>-2.5807210989296436</LongitudeDegrees>
            </Position>
            <AltitudeMeters>165.1999969482422</AltitudeMeters>
            <DistanceMeters>3169.969970703125</DistanceMeters>
            <HeartRateBpm>
              <Value>109</Value>
            </HeartRateBpm>
            <Extensions>
              <ns3:TPX>
                <ns3:Speed>1.4839999675750732</ns3:Speed>
              </ns3:TPX>
            </Extensions>
          </Trackpoint>
          <Trackpoint>
            <Time>2026-06-17T21:24:39.000Z</Time>
            <Position>
              <LatitudeDegrees>43.12962315045297</LatitudeDegrees>
              <LongitudeDegrees>-2.580760745331645</LongitudeDegrees>
            </Position>
            <AltitudeMeters>165.1999969482422</AltitudeMeters>
            <DistanceMeters>3174.330078125</DistanceMeters>
            <HeartRateBpm>
              <Value>108</Value>
            </HeartRateBpm>
            <Extensions>
              <ns3:TPX>
                <ns3:Speed>1.6139999628067017</ns3:Speed>
              </ns3:TPX>
            </Extensions>
          </Trackpoint>
          <Trackpoint>
            <Time>2026-06-17T21:24:49.000Z</Time>
            <Position>
              <LatitudeDegrees>43.12966522760689</LatitudeDegrees>
              <LongitudeDegrees>-2.580948332324624</LongitudeDegrees>
            </Position>
            <AltitudeMeters>165.0</AltitudeMeters>
            <DistanceMeters>3190.56005859375</DistanceMeters>
            <HeartRateBpm>
              <Value>110</Value>
            </HeartRateBpm>
            <Extensions>
              <ns3:TPX>
                <ns3:Speed>1.7079999446868896</ns3:Speed>
              </ns3:TPX>
            </Extensions>
          </Trackpoint>
          <Trackpoint>
            <Time>2026-06-17T21:24:51.000Z</Time>
            <Position>
              <LatitudeDegrees>43.12967143021524</LatitudeDegrees>
              <LongitudeDegrees>-2.580985799431801</LongitudeDegrees>
            </Position>
            <AltitudeMeters>165.1999969482422</AltitudeMeters>
            <DistanceMeters>3193.610107421875</DistanceMeters>
            <HeartRateBpm>
              <Value>107</Value>
            </HeartRateBpm>
            <Extensions>
              <ns3:TPX>
                <ns3:Speed>1.6799999475479126</ns3:Speed>
              </ns3:TPX>
            </Extensions>
          </Trackpoint>
          <Trackpoint>
            <Time>2026-06-17T21:24:56.000Z</Time>
            <Position>
              <LatitudeDegrees>43.129704957827926</LatitudeDegrees>
              <LongitudeDegrees>-2.5810647569596767</LongitudeDegrees>
            </Position>
            <AltitudeMeters>165.0</AltitudeMeters>
            <DistanceMeters>3201.409912109375</DistanceMeters>
            <HeartRateBpm>
              <Value>108</Value>
            </HeartRateBpm>
            <Extensions>
              <ns3:TPX>
                <ns3:Speed>1.6519999504089355</ns3:Speed>
              </ns3:TPX>
            </Extensions>
          </Trackpoint>
          <Trackpoint>
            <Time>2026-06-17T21:25:03.000Z</Time>
            <Position>
              <LatitudeDegrees>43.12975290231407</LatitudeDegrees>
              <LongitudeDegrees>-2.5811805948615074</LongitudeDegrees>
            </Position>
            <AltitudeMeters>165.0</AltitudeMeters>
            <DistanceMeters>3212.0400390625</DistanceMeters>
            <HeartRateBpm>
              <Value>105</Value>
            </HeartRateBpm>
            <Extensions>
              <ns3:TPX>
                <ns3:Speed>1.6419999599456787</ns3:Speed>
              </ns3:TPX>
            </Extensions>
          </Trackpoint>
          <Trackpoint>
            <Time>2026-06-17T21:25:05.000Z</Time>
            <Position>
              <LatitudeDegrees>43.12976530753076</LatitudeDegrees>
              <LongitudeDegrees>-2.5812126137316227</LongitudeDegrees>
            </Position>
            <AltitudeMeters>165.0</AltitudeMeters>
            <DistanceMeters>3215.110107421875</DistanceMeters>
            <HeartRateBpm>
              <Value>105</Value>
            </HeartRateBpm>
            <Extensions>
              <ns3:TPX>
                <ns3:Speed>1.6519999504089355</ns3:Speed>
              </ns3:TPX>
            </Extensions>
          </Trackpoint>
          <Trackpoint>
            <Time>2026-06-17T21:25:08.000Z</Time>
            <Position>
              <LatitudeDegrees>43.12978642992675</LatitudeDegrees>
              <LongitudeDegrees>-2.5812621507793665</LongitudeDegrees>
            </Position>
            <AltitudeMeters>165.0</AltitudeMeters>
            <DistanceMeters>3219.72998046875</DistanceMeters>
            <HeartRateBpm>
              <Value>108</Value>
            </HeartRateBpm>
            <Extensions>
              <ns3:TPX>
                <ns3:Speed>1.6330000162124634</ns3:Speed>
              </ns3:TPX>
            </Extensions>
          </Trackpoint>
          <Trackpoint>
            <Time>2026-06-17T21:25:14.000Z</Time>
            <Position>
              <LatitudeDegrees>43.12982825562358</LatitudeDegrees>
              <LongitudeDegrees>-2.581357369199395</LongitudeDegrees>
            </Position>
            <AltitudeMeters>165.0</AltitudeMeters>
            <DistanceMeters>3227.8701171875</DistanceMeters>
            <HeartRateBpm>
              <Value>108</Value>
            </HeartRateBpm>
            <Extensions>
              <ns3:TPX>
                <ns3:Speed>1.6050000190734863</ns3:Speed>
              </ns3:TPX>
            </Extensions>
          </Trackpoint>
          <Trackpoint>
            <Time>2026-06-17T21:25:21.000Z</Time>
            <Position>
              <LatitudeDegrees>43.12986236996949</LatitudeDegrees>
              <LongitudeDegrees>-2.581478739157319</LongitudeDegrees>
            </Position>
            <AltitudeMeters>165.0</AltitudeMeters>
            <DistanceMeters>3236.610107421875</DistanceMeters>
            <HeartRateBpm>
              <Value>108</Value>
            </HeartRateBpm>
            <Extensions>
              <ns3:TPX>
                <ns3:Speed>1.5679999589920044</ns3:Speed>
              </ns3:TPX>
            </Extensions>
          </Trackpoint>
          <Trackpoint>
            <Time>2026-06-17T21:25:22.000Z</Time>
            <Position>
              <LatitudeDegrees>43.12986647710204</LatitudeDegrees>
              <LongitudeDegrees>-2.581494664773345</LongitudeDegrees>
            </Position>
            <AltitudeMeters>165.0</AltitudeMeters>
            <DistanceMeters>3238.06005859375</DistanceMeters>
            <HeartRateBpm>
              <Value>105</Value>
            </HeartRateBpm>
            <Extensions>
              <ns3:TPX>
                <ns3:Speed>1.5679999589920044</ns3:Speed>
              </ns3:TPX>
            </Extensions>
          </Trackpoint>
          <Trackpoint>
            <Time>2026-06-17T21:25:23.000Z</Time>
            <Position>
              <LatitudeDegrees>43.129870500415564</LatitudeDegrees>
              <LongitudeDegrees>-2.581510841846466</LongitudeDegrees>
            </Position>
            <AltitudeMeters>165.0</AltitudeMeters>
            <DistanceMeters>3239.469970703125</DistanceMeters>
            <HeartRateBpm>
              <Value>108</Value>
            </HeartRateBpm>
            <Extensions>
              <ns3:TPX>
                <ns3:Speed>1.5679999589920044</ns3:Speed>
              </ns3:TPX>
            </Extensions>
          </Trackpoint>
          <Trackpoint>
            <Time>2026-06-17T21:25:24.000Z</Time>
            <Position>
              <LatitudeDegrees>43.12987896613777</LatitudeDegrees>
              <LongitudeDegrees>-2.5815249234437943</LongitudeDegrees>
            </Position>
            <AltitudeMeters>165.1999969482422</AltitudeMeters>
            <DistanceMeters>3240.949951171875</DistanceMeters>
            <HeartRateBpm>
              <Value>109</Value>
            </HeartRateBpm>
            <Extensions>
              <ns3:TPX>
                <ns3:Speed>1.5490000247955322</ns3:Speed>
              </ns3:TPX>
            </Extensions>
          </Trackpoint>
          <Trackpoint>
            <Time>2026-06-17T21:25:27.000Z</Time>
            <Position>
              <LatitudeDegrees>43.129900339990854</LatitudeDegrees>
              <LongitudeDegrees>-2.5815696828067303</LongitudeDegrees>
            </Position>
            <AltitudeMeters>165.1999969482422</AltitudeMeters>
            <DistanceMeters>3245.580078125</DistanceMeters>
            <HeartRateBpm>
              <Value>108</Value>
            </HeartRateBpm>
            <Extensions>
              <ns3:TPX>
                <ns3:Speed>1.5399999618530273</ns3:Speed>
              </ns3:TPX>
            </Extensions>
          </Trackpoint>
          <Trackpoint>
            <Time>2026-06-17T21:25:28.000Z</Time>
            <Position>
              <LatitudeDegrees>43.12990444712341</LatitudeDegrees>
              <LongitudeDegrees>-2.5815854407846928</LongitudeDegrees>
            </Position>
            <AltitudeMeters>165.1999969482422</AltitudeMeters>
            <DistanceMeters>3247.1201171875</DistanceMeters>
            <HeartRateBpm>
              <Value>108</Value>
            </HeartRateBpm>
            <Extensions>
              <ns3:TPX>
                <ns3:Speed>1.5490000247955322</ns3:Speed>
              </ns3:TPX>
            </Extensions>
          </Trackpoint>
          <Trackpoint>
            <Time>2026-06-17T21:25:36.000Z</Time>
            <Position>
              <LatitudeDegrees>43.129969323053956</LatitudeDegrees>
              <LongitudeDegrees>-2.5817198865115643</LongitudeDegrees>
            </Position>
            <AltitudeMeters>165.0</AltitudeMeters>
            <DistanceMeters>3260.820068359375</DistanceMeters>
            <HeartRateBpm>
              <Value>109</Value>
            </HeartRateBpm>
            <Extensions>
              <ns3:TPX>
                <ns3:Speed>1.6419999599456787</ns3:Speed>
              </ns3:TPX>
            </Extensions>
          </Trackpoint>
          <Trackpoint>
            <Time>2026-06-17T21:25:42.000Z</Time>
            <Position>
              <LatitudeDegrees>43.13000176101923</LatitudeDegrees>
              <LongitudeDegrees>-2.5818161107599735</LongitudeDegrees>
            </Position>
            <AltitudeMeters>165.0</AltitudeMeters>
            <DistanceMeters>3269.47998046875</DistanceMeters>
            <HeartRateBpm>
              <Value>106</Value>
            </HeartRateBpm>
            <Extensions>
              <ns3:TPX>
                <ns3:Speed>1.6239999532699585</ns3:Speed>
              </ns3:TPX>
            </Extensions>
          </Trackpoint>
          <Trackpoint>
            <Time>2026-06-17T21:25:45.000Z</Time>
            <Position>
              <LatitudeDegrees>43.130022967234254</LatitudeDegrees>
              <LongitudeDegrees>-2.58185894228518</LongitudeDegrees>
            </Position>
            <AltitudeMeters>165.0</AltitudeMeters>
            <DistanceMeters>3273.580078125</DistanceMeters>
            <HeartRateBpm>
              <Value>105</Value>
            </HeartRateBpm>
            <Extensions>
              <ns3:TPX>
                <ns3:Speed>1.6050000190734863</ns3:Speed>
              </ns3:TPX>
            </Extensions>
          </Trackpoint>
          <Trackpoint>
            <Time>2026-06-17T21:25:52.000Z</Time>
            <Position>
              <LatitudeDegrees>43.13006579875946</LatitudeDegrees>
              <LongitudeDegrees>-2.5819796416908503</LongitudeDegrees>
            </Position>
            <AltitudeMeters>165.0</AltitudeMeters>
            <DistanceMeters>3282.81005859375</DistanceMeters>
            <HeartRateBpm>
              <Value>107</Value>
            </HeartRateBpm>
            <Extensions>
              <ns3:TPX>
                <ns3:Speed>1.5770000219345093</ns3:Speed>
              </ns3:TPX>
            </Extensions>
          </Trackpoint>
          <Trackpoint>
            <Time>2026-06-17T21:25:57.000Z</Time>
            <Position>
              <LatitudeDegrees>43.130086082965136</LatitudeDegrees>
              <LongitudeDegrees>-2.582056587561965</LongitudeDegrees>
            </Position>
            <AltitudeMeters>164.8000030517578</AltitudeMeters>
            <DistanceMeters>3289.139892578125</DistanceMeters>
            <HeartRateBpm>
              <Value>104</Value>
            </HeartRateBpm>
            <Extensions>
              <ns3:TPX>
                <ns3:Speed>1.5679999589920044</ns3:Speed>
              </ns3:TPX>
            </Extensions>
          </Trackpoint>
          <Trackpoint>
            <Time>2026-06-17T21:25:59.000Z</Time>
            <Position>
              <LatitudeDegrees>43.13009857200086</LatitudeDegrees>
              <LongitudeDegrees>-2.582089863717556</LongitudeDegrees>
            </Position>
            <AltitudeMeters>164.8000030517578</AltitudeMeters>
            <DistanceMeters>3291.820068359375</DistanceMeters>
            <HeartRateBpm>
              <Value>106</Value>
            </HeartRateBpm>
            <Extensions>
              <ns3:TPX>
                <ns3:Speed>1.5490000247955322</ns3:Speed>
              </ns3:TPX>
            </Extensions>
          </Trackpoint>
          <Trackpoint>
            <Time>2026-06-17T21:26:04.000Z</Time>
            <Position>
              <LatitudeDegrees>43.130106031894684</LatitudeDegrees>
              <LongitudeDegrees>-2.5822039414197206</LongitudeDegrees>
            </Position>
            <AltitudeMeters>164.8000030517578</AltitudeMeters>
            <DistanceMeters>3301.31005859375</DistanceMeters>
            <HeartRateBpm>
              <Value>109</Value>
            </HeartRateBpm>
            <Extensions>
              <ns3:TPX>
                <ns3:Speed>1.5299999713897705</ns3:Speed>
              </ns3:TPX>
            </Extensions>
          </Trackpoint>
          <Trackpoint>
            <Time>2026-06-17T21:26:06.000Z</Time>
            <Position>
              <LatitudeDegrees>43.13009899109602</LatitudeDegrees>
              <LongitudeDegrees>-2.582229757681489</LongitudeDegrees>
            </Position>
            <AltitudeMeters>164.8000030517578</AltitudeMeters>
            <DistanceMeters>3304.919921875</DistanceMeters>
            <HeartRateBpm>
              <Value>104</Value>
            </HeartRateBpm>
            <Extensions>
              <ns3:TPX>
                <ns3:Speed>1.5119999647140503</ns3:Speed>
              </ns3:TPX>
            </Extensions>
          </Trackpoint>
          <Trackpoint>
            <Time>2026-06-17T21:26:07.000Z</Time>
            <Position>
              <LatitudeDegrees>43.130089938640594</LatitudeDegrees>
              <LongitudeDegrees>-2.58223713375628</LongitudeDegrees>
            </Position>
            <AltitudeMeters>164.8000030517578</AltitudeMeters>
            <DistanceMeters>3305.909912109375</DistanceMeters>
            <HeartRateBpm>
              <Value>105</Value>
            </HeartRateBpm>
            <Extensions>
              <ns3:TPX>
                <ns3:Speed>1.4930000305175781</ns3:Speed>
              </ns3:TPX>
            </Extensions>
          </Trackpoint>
          <Trackpoint>
            <Time>2026-06-17T21:26:08.000Z</Time>
            <Position>
              <LatitudeDegrees>43.13007812015712</LatitudeDegrees>
              <LongitudeDegrees>-2.582233529537916</LongitudeDegrees>
            </Position>
            <AltitudeMeters>165.0</AltitudeMeters>
            <DistanceMeters>3306.97998046875</DistanceMeters>
            <HeartRateBpm>
              <Value>104</Value>
            </HeartRateBpm>
            <Extensions>
              <ns3:TPX>
                <ns3:Speed>1.465000033378601</ns3:Speed>
              </ns3:TPX>
            </Extensions>
          </Trackpoint>
          <Trackpoint>
            <Time>2026-06-17T21:26:15.000Z</Time>
            <Position>
              <LatitudeDegrees>43.12998415902257</LatitudeDegrees>
              <LongitudeDegrees>-2.5822921190410852</LongitudeDegrees>
            </Position>
            <AltitudeMeters>165.1999969482422</AltitudeMeters>
            <DistanceMeters>3318.219970703125</DistanceMeters>
            <HeartRateBpm>
              <Value>105</Value>
            </HeartRateBpm>
            <Extensions>
              <ns3:TPX>
                <ns3:Speed>1.465000033378601</ns3:Speed>
              </ns3:TPX>
            </Extensions>
          </Trackpoint>
          <Trackpoint>
            <Time>2026-06-17T21:26:24.000Z</Time>
            <Position>
              <LatitudeDegrees>43.12986488454044</LatitudeDegrees>
              <LongitudeDegrees>-2.582356156781316</LongitudeDegrees>
            </Position>
            <AltitudeMeters>165.8000030517578</AltitudeMeters>
            <DistanceMeters>3332.1298828125</DistanceMeters>
            <HeartRateBpm>
              <Value>106</Value>
            </HeartRateBpm>
            <Extensions>
              <ns3:TPX>
                <ns3:Speed>1.4739999771118164</ns3:Speed>
              </ns3:TPX>
            </Extensions>
          </Trackpoint>
          <Trackpoint>
            <Time>2026-06-17T21:26:32.000Z</Time>
            <Position>
              <LatitudeDegrees>43.12976438552141</LatitudeDegrees>
              <LongitudeDegrees>-2.582408543676138</LongitudeDegrees>
            </Position>
            <AltitudeMeters>166.0</AltitudeMeters>
            <DistanceMeters>3342.169921875</DistanceMeters>
            <HeartRateBpm>
              <Value>105</Value>
            </HeartRateBpm>
            <Extensions>
              <ns3:TPX>
                <ns3:Speed>1.4279999732971191</ns3:Speed>
              </ns3:TPX>
            </Extensions>
          </Trackpoint>
          <Trackpoint>
            <Time>2026-06-17T21:26:40.000Z</Time>
            <Position>
              <LatitudeDegrees>43.12966640107334</LatitudeDegrees>
              <LongitudeDegrees>-2.582462439313531</LongitudeDegrees>
            </Position>
            <AltitudeMeters>166.60000610351562</AltitudeMeters>
            <DistanceMeters>3353.239990234375</DistanceMeters>
            <HeartRateBpm>
              <Value>102</Value>
            </HeartRateBpm>
            <Extensions>
              <ns3:TPX>
                <ns3:Speed>1.3899999856948853</ns3:Speed>
              </ns3:TPX>
            </Extensions>
          </Trackpoint>
          <Trackpoint>
            <Time>2026-06-17T21:26:41.000Z</Time>
            <Position>
              <LatitudeDegrees>43.12965449877083</LatitudeDegrees>
              <LongitudeDegrees>-2.582469815388322</LongitudeDegrees>
            </Position>
            <AltitudeMeters>166.8000030517578</AltitudeMeters>
            <DistanceMeters>3354.81005859375</DistanceMeters>
            <HeartRateBpm>
              <Value>101</Value>
            </HeartRateBpm>
            <Extensions>
              <ns3:TPX>
                <ns3:Speed>1.399999976158142</ns3:Speed>
              </ns3:TPX>
            </Extensions>
          </Trackpoint>
          <Trackpoint>
            <Time>2026-06-17T21:26:48.000Z</Time>
            <Position>
              <LatitudeDegrees>43.129573529586196</LatitudeDegrees>
              <LongitudeDegrees>-2.582548437640071</LongitudeDegrees>
            </Position>
            <AltitudeMeters>167.0</AltitudeMeters>
            <DistanceMeters>3365.639892578125</DistanceMeters>
            <HeartRateBpm>
              <Value>98</Value>
            </HeartRateBpm>
            <Extensions>
              <ns3:TPX>
                <ns3:Speed>1.437000036239624</ns3:Speed>
              </ns3:TPX>
            </Extensions>
          </Trackpoint>
          <Trackpoint>
            <Time>2026-06-17T21:26:49.000Z</Time>
            <Position>
              <LatitudeDegrees>43.12956355512142</LatitudeDegrees>
              <LongitudeDegrees>-2.58255816064775</LongitudeDegrees>
            </Position>
            <AltitudeMeters>167.0</AltitudeMeters>
            <DistanceMeters>3366.989990234375</DistanceMeters>
            <HeartRateBpm>
              <Value>98</Value>
            </HeartRateBpm>
            <Extensions>
              <ns3:TPX>
                <ns3:Speed>1.437000036239624</ns3:Speed>
              </ns3:TPX>
            </Extensions>
          </Trackpoint>
          <Trackpoint>
            <Time>2026-06-17T21:26:53.000Z</Time>
            <Position>
              <LatitudeDegrees>43.12952524982393</LatitudeDegrees>
              <LongitudeDegrees>-2.582596130669117</LongitudeDegrees>
            </Position>
            <AltitudeMeters>168.0</AltitudeMeters>
            <DistanceMeters>3373.419921875</DistanceMeters>
            <HeartRateBpm>
              <Value>99</Value>
            </HeartRateBpm>
            <Extensions>
              <ns3:TPX>
                <ns3:Speed>1.437000036239624</ns3:Speed>
              </ns3:TPX>
            </Extensions>
          </Trackpoint>
          <Trackpoint>
            <Time>2026-06-17T21:26:58.000Z</Time>
            <Position>
              <LatitudeDegrees>43.12947412021458</LatitudeDegrees>
              <LongitudeDegrees>-2.582582300528884</LongitudeDegrees>
            </Position>
            <AltitudeMeters>168.1999969482422</AltitudeMeters>
            <DistanceMeters>3381.14990234375</DistanceMeters>
            <HeartRateBpm>
              <Value>99</Value>
            </HeartRateBpm>
            <Extensions>
              <ns3:TPX>
                <ns3:Speed>1.437000036239624</ns3:Speed>
              </ns3:TPX>
            </Extensions>
          </Trackpoint>
          <Trackpoint>
            <Time>2026-06-17T21:27:00.000Z</Time>
            <Position>
              <LatitudeDegrees>43.129451824352145</LatitudeDegrees>
              <LongitudeDegrees>-2.5825556460767984</LongitudeDegrees>
            </Position>
            <AltitudeMeters>168.0</AltitudeMeters>
            <DistanceMeters>3384.39990234375</DistanceMeters>
            <HeartRateBpm>
              <Value>99</Value>
            </HeartRateBpm>
            <Extensions>
              <ns3:TPX>
                <ns3:Speed>1.4279999732971191</ns3:Speed>
              </ns3:TPX>
            </Extensions>
          </Trackpoint>
          <Trackpoint>
            <Time>2026-06-17T21:27:04.000Z</Time>
            <Position>
              <LatitudeDegrees>43.129428355023265</LatitudeDegrees>
              <LongitudeDegrees>-2.5824896804988384</LongitudeDegrees>
            </Position>
            <AltitudeMeters>167.60000610351562</AltitudeMeters>
            <DistanceMeters>3393.2099609375</DistanceMeters>
            <HeartRateBpm>
              <Value>96</Value>
            </HeartRateBpm>
            <Extensions>
              <ns3:TPX>
                <ns3:Speed>1.4559999704360962</ns3:Speed>
              </ns3:TPX>
            </Extensions>
          </Trackpoint>
          <Trackpoint>
            <Time>2026-06-17T21:27:05.000Z</Time>
            <Position>
              <LatitudeDegrees>43.12942215241492</LatitudeDegrees>
              <LongitudeDegrees>-2.5824719946831465</LongitudeDegrees>
            </Position>
            <AltitudeMeters>167.60000610351562</AltitudeMeters>
            <DistanceMeters>3394.840087890625</DistanceMeters>
            <HeartRateBpm>
              <Value>99</Value>
            </HeartRateBpm>
            <Extensions>
              <ns3:TPX>
                <ns3:Speed>1.4559999704360962</ns3:Speed>
              </ns3:TPX>
            </Extensions>
          </Trackpoint>
          <Trackpoint>
            <Time>2026-06-17T21:27:10.000Z</Time>
            <Position>
              <LatitudeDegrees>43.12938703224063</LatitudeDegrees>
              <LongitudeDegrees>-2.5824403949081898</LongitudeDegrees>
            </Position>
            <AltitudeMeters>167.60000610351562</AltitudeMeters>
            <DistanceMeters>3399.949951171875</DistanceMeters>
            <HeartRateBpm>
              <Value>98</Value>
            </HeartRateBpm>
            <Extensions>
              <ns3:TPX>
                <ns3:Speed>1.4279999732971191</ns3:Speed>
              </ns3:TPX>
            </Extensions>
          </Trackpoint>
          <Trackpoint>
            <Time>2026-06-17T21:27:11.000Z</Time>
            <Position>
              <LatitudeDegrees>43.12937571667135</LatitudeDegrees>
              <LongitudeDegrees>-2.582450872287154</LongitudeDegrees>
            </Position>
            <AltitudeMeters>167.60000610351562</AltitudeMeters>
            <DistanceMeters>3400.75</DistanceMeters>
            <HeartRateBpm>
              <Value>99</Value>
            </HeartRateBpm>
            <Extensions>
              <ns3:TPX>
                <ns3:Speed>1.4179999828338623</ns3:Speed>
              </ns3:TPX>
            </Extensions>
          </Trackpoint>
          <Trackpoint>
            <Time>2026-06-17T21:27:15.000Z</Time>
            <Position>
              <LatitudeDegrees>43.12932978384197</LatitudeDegrees>
              <LongitudeDegrees>-2.5824817176908255</LongitudeDegrees>
            </Position>
            <AltitudeMeters>167.8000030517578</AltitudeMeters>
            <DistanceMeters>3404.070068359375</DistanceMeters>
            <HeartRateBpm>
              <Value>102</Value>
            </HeartRateBpm>
            <Extensions>
              <ns3:TPX>
                <ns3:Speed>1.3619999885559082</ns3:Speed>
              </ns3:TPX>
            </Extensions>
          </Trackpoint>
          <Trackpoint>
            <Time>2026-06-17T21:27:16.000Z</Time>
            <Position>
              <LatitudeDegrees>43.12931620515883</LatitudeDegrees>
              <LongitudeDegrees>-2.5824820529669523</LongitudeDegrees>
            </Position>
            <AltitudeMeters>167.8000030517578</AltitudeMeters>
            <DistanceMeters>3405.22998046875</DistanceMeters>
            <HeartRateBpm>
              <Value>99</Value>
            </HeartRateBpm>
            <Extensions>
              <ns3:TPX>
                <ns3:Speed>1.315999984741211</ns3:Speed>
              </ns3:TPX>
            </Extensions>
          </Trackpoint>
          <Trackpoint>
            <Time>2026-06-17T21:27:21.000Z</Time>
            <Position>
              <LatitudeDegrees>43.12923808582127</LatitudeDegrees>
              <LongitudeDegrees>-2.5825050193816423</LongitudeDegrees>
            </Position>
            <AltitudeMeters>167.60000610351562</AltitudeMeters>
            <DistanceMeters>3411.070068359375</DistanceMeters>
            <HeartRateBpm>
              <Value>103</Value>
            </HeartRateBpm>
            <Extensions>
              <ns3:TPX>
                <ns3:Speed>1.184999942779541</ns3:Speed>
              </ns3:TPX>
            </Extensions>
          </Trackpoint>
          <Trackpoint>
            <Time>2026-06-17T21:27:23.000Z</Time>
            <Position>
              <LatitudeDegrees>43.129207994788885</LatitudeDegrees>
              <LongitudeDegrees>-2.5825228728353977</LongitudeDegrees>
            </Position>
            <AltitudeMeters>167.60000610351562</AltitudeMeters>
            <DistanceMeters>3413.6201171875</DistanceMeters>
            <HeartRateBpm>
              <Value>100</Value>
            </HeartRateBpm>
            <Extensions>
              <ns3:TPX>
                <ns3:Speed>1.2130000591278076</ns3:Speed>
              </ns3:TPX>
            </Extensions>
          </Trackpoint>
          <Trackpoint>
            <Time>2026-06-17T21:27:24.000Z</Time>
            <Position>
              <LatitudeDegrees>43.12919550575316</LatitudeDegrees>
              <LongitudeDegrees>-2.58253519423306</LongitudeDegrees>
            </Position>
            <AltitudeMeters>167.60000610351562</AltitudeMeters>
            <DistanceMeters>3415.14990234375</DistanceMeters>
            <HeartRateBpm>
              <Value>100</Value>
            </HeartRateBpm>
            <Extensions>
              <ns3:TPX>
                <ns3:Speed>1.2130000591278076</ns3:Speed>
              </ns3:TPX>
            </Extensions>
          </Trackpoint>
          <Trackpoint>
            <Time>2026-06-17T21:27:35.000Z</Time>
            <Position>
              <LatitudeDegrees>43.129090229049325</LatitudeDegrees>
              <LongitudeDegrees>-2.5826631858944893</LongitudeDegrees>
            </Position>
            <AltitudeMeters>167.60000610351562</AltitudeMeters>
            <DistanceMeters>3429.18994140625</DistanceMeters>
            <HeartRateBpm>
              <Value>100</Value>
            </HeartRateBpm>
            <Extensions>
              <ns3:TPX>
                <ns3:Speed>1.25</ns3:Speed>
              </ns3:TPX>
            </Extensions>
          </Trackpoint>
          <Trackpoint>
            <Time>2026-06-17T21:27:37.000Z</Time>
            <Position>
              <LatitudeDegrees>43.12907866202295</LatitudeDegrees>
              <LongitudeDegrees>-2.5826784409582615</LongitudeDegrees>
            </Position>
            <AltitudeMeters>167.60000610351562</AltitudeMeters>
            <DistanceMeters>3431.090087890625</DistanceMeters>
            <HeartRateBpm>
              <Value>102</Value>
            </HeartRateBpm>
            <Extensions>
              <ns3:TPX>
                <ns3:Speed>1.222000002861023</ns3:Speed>
              </ns3:TPX>
            </Extensions>
          </Trackpoint>
          <Trackpoint>
            <Time>2026-06-17T21:27:42.000Z</Time>
            <Position>
              <LatitudeDegrees>43.12904161401093</LatitudeDegrees>
              <LongitudeDegrees>-2.582750776782632</LongitudeDegrees>
            </Position>
            <AltitudeMeters>167.60000610351562</AltitudeMeters>
            <DistanceMeters>3437.43994140625</DistanceMeters>
            <HeartRateBpm>
              <Value>103</Value>
            </HeartRateBpm>
            <Extensions>
              <ns3:TPX>
                <ns3:Speed>1.1660000085830688</ns3:Speed>
              </ns3:TPX>
            </Extensions>
          </Trackpoint>
          <Trackpoint>
            <Time>2026-06-17T21:27:43.000Z</Time>
            <Position>
              <LatitudeDegrees>43.12902979552746</LatitudeDegrees>
              <LongitudeDegrees>-2.5827682111412287</LongitudeDegrees>
            </Position>
            <AltitudeMeters>167.8000030517578</AltitudeMeters>
            <DistanceMeters>3438.989990234375</DistanceMeters>
            <HeartRateBpm>
              <Value>103</Value>
            </HeartRateBpm>
            <Extensions>
              <ns3:TPX>
                <ns3:Speed>1.1660000085830688</ns3:Speed>
              </ns3:TPX>
            </Extensions>
          </Trackpoint>
          <Trackpoint>
            <Time>2026-06-17T21:27:50.000Z</Time>
            <Position>
              <LatitudeDegrees>43.128941617906094</LatitudeDegrees>
              <LongitudeDegrees>-2.5828563049435616</LongitudeDegrees>
            </Position>
            <AltitudeMeters>167.8000030517578</AltitudeMeters>
            <DistanceMeters>3451.6201171875</DistanceMeters>
            <HeartRateBpm>
              <Value>103</Value>
            </HeartRateBpm>
            <Extensions>
              <ns3:TPX>
                <ns3:Speed>1.222000002861023</ns3:Speed>
              </ns3:TPX>
            </Extensions>
          </Trackpoint>
          <Trackpoint>
            <Time>2026-06-17T21:27:58.000Z</Time>
            <Position>
              <LatitudeDegrees>43.1288583856076</LatitudeDegrees>
              <LongitudeDegrees>-2.582952445372939</LongitudeDegrees>
            </Position>
            <AltitudeMeters>168.0</AltitudeMeters>
            <DistanceMeters>3464.300048828125</DistanceMeters>
            <HeartRateBpm>
              <Value>103</Value>
            </HeartRateBpm>
            <Extensions>
              <ns3:TPX>
                <ns3:Speed>1.3899999856948853</ns3:Speed>
              </ns3:TPX>
            </Extensions>
          </Trackpoint>
          <Trackpoint>
            <Time>2026-06-17T21:28:06.000Z</Time>
            <Position>
              <LatitudeDegrees>43.12882360070944</LatitudeDegrees>
              <LongitudeDegrees>-2.583073563873768</LongitudeDegrees>
            </Position>
            <AltitudeMeters>167.60000610351562</AltitudeMeters>
            <DistanceMeters>3473.89990234375</DistanceMeters>
            <HeartRateBpm>
              <Value>103</Value>
            </HeartRateBpm>
            <Extensions>
              <ns3:TPX>
                <ns3:Speed>1.371999979019165</ns3:Speed>
              </ns3:TPX>
            </Extensions>
          </Trackpoint>
          <Trackpoint>
            <Time>2026-06-17T21:28:07.000Z</Time>
            <Position>
              <LatitudeDegrees>43.128821421414614</LatitudeDegrees>
              <LongitudeDegrees>-2.5830801855772734</LongitudeDegrees>
            </Position>
            <AltitudeMeters>167.8000030517578</AltitudeMeters>
            <DistanceMeters>3474.31005859375</DistanceMeters>
            <HeartRateBpm>
              <Value>103</Value>
            </HeartRateBpm>
            <Extensions>
              <ns3:TPX>
                <ns3:Speed>1.3339999914169312</ns3:Speed>
              </ns3:TPX>
            </Extensions>
          </Trackpoint>
          <Trackpoint>
            <Time>2026-06-17T21:28:12.000Z</Time>
            <Position>
              <LatitudeDegrees>43.12878848053515</LatitudeDegrees>
              <LongitudeDegrees>-2.5831573829054832</LongitudeDegrees>
            </Position>
            <AltitudeMeters>168.0</AltitudeMeters>
            <DistanceMeters>3481.469970703125</DistanceMeters>
            <HeartRateBpm>
              <Value>103</Value>
            </HeartRateBpm>
            <Extensions>
              <ns3:TPX>
                <ns3:Speed>1.315999984741211</ns3:Speed>
              </ns3:TPX>
            </Extensions>
          </Trackpoint>
          <Trackpoint>
            <Time>2026-06-17T21:28:13.000Z</Time>
            <Position>
              <LatitudeDegrees>43.12878931872547</LatitudeDegrees>
              <LongitudeDegrees>-2.5831711292266846</LongitudeDegrees>
            </Position>
            <AltitudeMeters>168.0</AltitudeMeters>
            <DistanceMeters>3483.06005859375</DistanceMeters>
            <HeartRateBpm>
              <Value>103</Value>
            </HeartRateBpm>
            <Extensions>
              <ns3:TPX>
                <ns3:Speed>1.305999994277954</ns3:Speed>
              </ns3:TPX>
            </Extensions>
          </Trackpoint>
          <Trackpoint>
            <Time>2026-06-17T21:28:18.000Z</Time>
            <Position>
              <LatitudeDegrees>43.128773644566536</LatitudeDegrees>
              <LongitudeDegrees>-2.583252349868417</LongitudeDegrees>
            </Position>
            <AltitudeMeters>167.8000030517578</AltitudeMeters>
            <DistanceMeters>3487.760009765625</DistanceMeters>
            <HeartRateBpm>
              <Value>103</Value>
            </HeartRateBpm>
            <Extensions>
              <ns3:TPX>
                <ns3:Speed>1.2319999933242798</ns3:Speed>
              </ns3:TPX>
            </Extensions>
          </Trackpoint>
          <Trackpoint>
            <Time>2026-06-17T21:28:19.000Z</Time>
            <Position>
              <LatitudeDegrees>43.128772554919124</LatitudeDegrees>
              <LongitudeDegrees>-2.5832680240273476</LongitudeDegrees>
            </Position>
            <AltitudeMeters>167.8000030517578</AltitudeMeters>
            <DistanceMeters>3488.56005859375</DistanceMeters>
            <HeartRateBpm>
              <Value>103</Value>
            </HeartRateBpm>
            <Extensions>
              <ns3:TPX>
                <ns3:Speed>1.2319999933242798</ns3:Speed>
              </ns3:TPX>
            </Extensions>
          </Trackpoint>
          <Trackpoint>
            <Time>2026-06-17T21:28:23.000Z</Time>
            <Position>
              <LatitudeDegrees>43.128763334825635</LatitudeDegrees>
              <LongitudeDegrees>-2.583335330709815</LongitudeDegrees>
            </Position>
            <AltitudeMeters>168.0</AltitudeMeters>
            <DistanceMeters>3493.22998046875</DistanceMeters>
            <HeartRateBpm>
              <Value>103</Value>
            </HeartRateBpm>
            <Extensions>
              <ns3:TPX>
                <ns3:Speed>1.2039999961853027</ns3:Speed>
              </ns3:TPX>
            </Extensions>
          </Trackpoint>
          <Trackpoint>
            <Time>2026-06-17T21:28:28.000Z</Time>
            <Position>
              <LatitudeDegrees>43.1287685316056</LatitudeDegrees>
              <LongitudeDegrees>-2.5834488216787577</LongitudeDegrees>
            </Position>
            <AltitudeMeters>168.0</AltitudeMeters>
            <DistanceMeters>3501.719970703125</DistanceMeters>
            <HeartRateBpm>
              <Value>103</Value>
            </HeartRateBpm>
            <Extensions>
              <ns3:TPX>
                <ns3:Speed>1.222000002861023</ns3:Speed>
              </ns3:TPX>
            </Extensions>
          </Trackpoint>
          <Trackpoint>
            <Time>2026-06-17T21:28:38.000Z</Time>
            <Position>
              <LatitudeDegrees>43.12881035730243</LatitudeDegrees>
              <LongitudeDegrees>-2.583678485825658</LongitudeDegrees>
            </Position>
            <AltitudeMeters>168.0</AltitudeMeters>
            <DistanceMeters>3517.090087890625</DistanceMeters>
            <HeartRateBpm>
              <Value>103</Value>
            </HeartRateBpm>
            <Extensions>
              <ns3:TPX>
                <ns3:Speed>1.3530000448226929</ns3:Speed>
              </ns3:TPX>
            </Extensions>
          </Trackpoint>
          <Trackpoint>
            <Time>2026-06-17T21:28:45.000Z</Time>
            <Position>
              <LatitudeDegrees>43.128841035068035</LatitudeDegrees>
              <LongitudeDegrees>-2.583787450566888</LongitudeDegrees>
            </Position>
            <AltitudeMeters>167.8000030517578</AltitudeMeters>
            <DistanceMeters>3526.010009765625</DistanceMeters>
            <HeartRateBpm>
              <Value>103</Value>
            </HeartRateBpm>
            <Extensions>
              <ns3:TPX>
                <ns3:Speed>1.38100004196167</ns3:Speed>
              </ns3:TPX>
            </Extensions>
          </Trackpoint>
          <Trackpoint>
            <Time>2026-06-17T21:28:48.000Z</Time>
            <Position>
              <LatitudeDegrees>43.128847405314445</LatitudeDegrees>
              <LongitudeDegrees>-2.5838002748787403</LongitudeDegrees>
            </Position>
            <AltitudeMeters>167.8000030517578</AltitudeMeters>
            <DistanceMeters>3530.169921875</DistanceMeters>
            <HeartRateBpm>
              <Value>103</Value>
            </HeartRateBpm>
            <Extensions>
              <ns3:TPX>
                <ns3:Speed>1.3899999856948853</ns3:Speed>
              </ns3:TPX>
            </Extensions>
          </Trackpoint>
          <Trackpoint>
            <Time>2026-06-17T21:28:51.000Z</Time>
            <Position>
              <LatitudeDegrees>43.12884137034416</LatitudeDegrees>
              <LongitudeDegrees>-2.583850985392928</LongitudeDegrees>
            </Position>
            <AltitudeMeters>168.0</AltitudeMeters>
            <DistanceMeters>3534.780029296875</DistanceMeters>
            <HeartRateBpm>
              <Value>103</Value>
            </HeartRateBpm>
            <Extensions>
              <ns3:TPX>
                <ns3:Speed>1.4739999771118164</ns3:Speed>
              </ns3:TPX>
            </Extensions>
          </Trackpoint>
          <Trackpoint>
            <Time>2026-06-17T21:28:55.000Z</Time>
            <Position>
              <LatitudeDegrees>43.12884455546737</LatitudeDegrees>
              <LongitudeDegrees>-2.583935894072056</LongitudeDegrees>
            </Position>
            <AltitudeMeters>168.1999969482422</AltitudeMeters>
            <DistanceMeters>3538.610107421875</DistanceMeters>
            <HeartRateBpm>
              <Value>103</Value>
            </HeartRateBpm>
            <Extensions>
              <ns3:TPX>
                <ns3:Speed>1.2319999933242798</ns3:Speed>
              </ns3:TPX>
            </Extensions>
          </Trackpoint>
          <Trackpoint>
            <Time>2026-06-17T21:28:57.000Z</Time>
            <Position>
              <LatitudeDegrees>43.12885117717087</LatitudeDegrees>
              <LongitudeDegrees>-2.583970846608281</LongitudeDegrees>
            </Position>
            <AltitudeMeters>168.1999969482422</AltitudeMeters>
            <DistanceMeters>3540.47998046875</DistanceMeters>
            <HeartRateBpm>
              <Value>103</Value>
            </HeartRateBpm>
            <Extensions>
              <ns3:TPX>
                <ns3:Speed>0.9700000286102295</ns3:Speed>
              </ns3:TPX>
            </Extensions>
          </Trackpoint>
          <Trackpoint>
            <Time>2026-06-17T21:29:02.000Z</Time>
            <Position>
              <LatitudeDegrees>43.128891410306096</LatitudeDegrees>
              <LongitudeDegrees>-2.584068076685071</LongitudeDegrees>
            </Position>
            <AltitudeMeters>168.39999389648438</AltitudeMeters>
            <DistanceMeters>3547.070068359375</DistanceMeters>
            <HeartRateBpm>
              <Value>104</Value>
            </HeartRateBpm>
            <Extensions>
              <ns3:TPX>
                <ns3:Speed>1.2879999876022339</ns3:Speed>
              </ns3:TPX>
            </Extensions>
          </Trackpoint>
          <Trackpoint>
            <Time>2026-06-17T21:29:04.000Z</Time>
            <Position>
              <LatitudeDegrees>43.12890624627471</LatitudeDegrees>
              <LongitudeDegrees>-2.5841092318296432</LongitudeDegrees>
            </Position>
            <AltitudeMeters>168.60000610351562</AltitudeMeters>
            <DistanceMeters>3549.7099609375</DistanceMeters>
            <HeartRateBpm>
              <Value>104</Value>
            </HeartRateBpm>
            <Extensions>
              <ns3:TPX>
                <ns3:Speed>1.184999942779541</ns3:Speed>
              </ns3:TPX>
            </Extensions>
          </Trackpoint>
          <Trackpoint>
            <Time>2026-06-17T21:29:12.000Z</Time>
            <Position>
              <LatitudeDegrees>43.12896768562496</LatitudeDegrees>
              <LongitudeDegrees>-2.584255998954177</LongitudeDegrees>
            </Position>
            <AltitudeMeters>168.60000610351562</AltitudeMeters>
            <DistanceMeters>3562.780029296875</DistanceMeters>
            <HeartRateBpm>
              <Value>104</Value>
            </HeartRateBpm>
            <Extensions>
              <ns3:TPX>
                <ns3:Speed>1.2970000505447388</ns3:Speed>
              </ns3:TPX>
            </Extensions>
          </Trackpoint>
          <Trackpoint>
            <Time>2026-06-17T21:29:13.000Z</Time>
            <Position>
              <LatitudeDegrees>43.128976905718446</LatitudeDegrees>
              <LongitudeDegrees>-2.584269242361188</LongitudeDegrees>
            </Position>
            <AltitudeMeters>168.60000610351562</AltitudeMeters>
            <DistanceMeters>3564.5</DistanceMeters>
            <HeartRateBpm>
              <Value>104</Value>
            </HeartRateBpm>
            <Extensions>
              <ns3:TPX>
                <ns3:Speed>1.305999994277954</ns3:Speed>
              </ns3:TPX>
            </Extensions>
          </Trackpoint>
          <Trackpoint>
            <Time>2026-06-17T21:29:17.000Z</Time>
            <Position>
              <LatitudeDegrees>43.12900649383664</LatitudeDegrees>
              <LongitudeDegrees>-2.584315510466695</LongitudeDegrees>
            </Position>
            <AltitudeMeters>168.8000030517578</AltitudeMeters>
            <DistanceMeters>3570.5</DistanceMeters>
            <HeartRateBpm>
              <Value>105</Value>
            </HeartRateBpm>
            <Extensions>
              <ns3:TPX>
                <ns3:Speed>1.3339999914169312</ns3:Speed>
              </ns3:TPX>
            </Extensions>
          </Trackpoint>
          <Trackpoint>
            <Time>2026-06-17T21:29:20.000Z</Time>
            <Position>
              <LatitudeDegrees>43.129033483564854</LatitudeDegrees>
              <LongitudeDegrees>-2.5843956414610147</LongitudeDegrees>
            </Position>
            <AltitudeMeters>169.0</AltitudeMeters>
            <DistanceMeters>3575.1298828125</DistanceMeters>
            <HeartRateBpm>
              <Value>105</Value>
            </HeartRateBpm>
            <Extensions>
              <ns3:TPX>
                <ns3:Speed>1.371999979019165</ns3:Speed>
              </ns3:TPX>
            </Extensions>
          </Trackpoint>
          <Trackpoint>
            <Time>2026-06-17T21:29:23.000Z</Time>
            <Position>
              <LatitudeDegrees>43.12906650826335</LatitudeDegrees>
              <LongitudeDegrees>-2.5844643730670214</LongitudeDegrees>
            </Position>
            <AltitudeMeters>169.1999969482422</AltitudeMeters>
            <DistanceMeters>3577.780029296875</DistanceMeters>
            <HeartRateBpm>
              <Value>105</Value>
            </HeartRateBpm>
            <Extensions>
              <ns3:TPX>
                <ns3:Speed>1.399999976158142</ns3:Speed>
              </ns3:TPX>
            </Extensions>
          </Trackpoint>
          <Trackpoint>
            <Time>2026-06-17T21:29:26.000Z</Time>
            <Position>
              <LatitudeDegrees>43.12908067367971</LatitudeDegrees>
              <LongitudeDegrees>-2.584499577060342</LongitudeDegrees>
            </Position>
            <AltitudeMeters>169.39999389648438</AltitudeMeters>
            <DistanceMeters>3580.47998046875</DistanceMeters>
            <HeartRateBpm>
              <Value>105</Value>
            </HeartRateBpm>
            <Extensions>
              <ns3:TPX>
                <ns3:Speed>1.399999976158142</ns3:Speed>
              </ns3:TPX>
            </Extensions>
          </Trackpoint>
          <Trackpoint>
            <Time>2026-06-17T21:29:28.000Z</Time>
            <Position>
              <LatitudeDegrees>43.12906851992011</LatitudeDegrees>
              <LongitudeDegrees>-2.58452195674181</LongitudeDegrees>
            </Position>
            <AltitudeMeters>170.8000030517578</AltitudeMeters>
            <DistanceMeters>3581.75</DistanceMeters>
            <HeartRateBpm>
              <Value>104</Value>
            </HeartRateBpm>
            <Extensions>
              <ns3:TPX>
                <ns3:Speed>1.3619999885559082</ns3:Speed>
              </ns3:TPX>
            </Extensions>
          </Trackpoint>
          <Trackpoint>
            <Time>2026-06-17T21:29:29.000Z</Time>
            <Position>
              <LatitudeDegrees>43.129062904044986</LatitudeDegrees>
              <LongitudeDegrees>-2.5845409836620092</LongitudeDegrees>
            </Position>
            <AltitudeMeters>170.8000030517578</AltitudeMeters>
            <DistanceMeters>3582.949951171875</DistanceMeters>
            <HeartRateBpm>
              <Value>106</Value>
            </HeartRateBpm>
            <Extensions>
              <ns3:TPX>
                <ns3:Speed>1.343999981880188</ns3:Speed>
              </ns3:TPX>
            </Extensions>
          </Trackpoint>
          <Trackpoint>
            <Time>2026-06-17T21:29:32.000Z</Time>
            <Position>
              <LatitudeDegrees>43.12904446385801</LatitudeDegrees>
              <LongitudeDegrees>-2.5846051890403032</LongitudeDegrees>
            </Position>
            <AltitudeMeters>171.1999969482422</AltitudeMeters>
            <DistanceMeters>3584.8798828125</DistanceMeters>
            <HeartRateBpm>
              <Value>106</Value>
            </HeartRateBpm>
            <Extensions>
              <ns3:TPX>
                <ns3:Speed>1.315999984741211</ns3:Speed>
              </ns3:TPX>
            </Extensions>
          </Trackpoint>
          <Trackpoint>
            <Time>2026-06-17T21:29:33.000Z</Time>
            <Position>
              <LatitudeDegrees>43.129040859639645</LatitudeDegrees>
              <LongitudeDegrees>-2.584614744409919</LongitudeDegrees>
            </Position>
            <AltitudeMeters>171.1999969482422</AltitudeMeters>
            <DistanceMeters>3586.39990234375</DistanceMeters>
            <HeartRateBpm>
              <Value>106</Value>
            </HeartRateBpm>
            <Extensions>
              <ns3:TPX>
                <ns3:Speed>1.25</ns3:Speed>
              </ns3:TPX>
            </Extensions>
          </Trackpoint>
          <Trackpoint>
            <Time>2026-06-17T21:29:35.000Z</Time>
            <Position>
              <LatitudeDegrees>43.12903926707804</LatitudeDegrees>
              <LongitudeDegrees>-2.5846481043845415</LongitudeDegrees>
            </Position>
            <AltitudeMeters>171.39999389648438</AltitudeMeters>
            <DistanceMeters>3586.39990234375</DistanceMeters>
            <HeartRateBpm>
              <Value>105</Value>
            </HeartRateBpm>
            <Extensions>
              <ns3:TPX>
                <ns3:Speed>1.2039999961853027</ns3:Speed>
              </ns3:TPX>
            </Extensions>
          </Trackpoint>
          <Trackpoint>
            <Time>2026-06-17T21:29:37.000Z</Time>
            <Position>
              <LatitudeDegrees>43.12903901562095</LatitudeDegrees>
              <LongitudeDegrees>-2.584694204851985</LongitudeDegrees>
            </Position>
            <AltitudeMeters>171.39999389648438</AltitudeMeters>
            <DistanceMeters>3586.570068359375</DistanceMeters>
            <HeartRateBpm>
              <Value>105</Value>
            </HeartRateBpm>
            <Extensions>
              <ns3:TPX>
                <ns3:Speed>1.222000002861023</ns3:Speed>
              </ns3:TPX>
            </Extensions>
          </Trackpoint>
          <Trackpoint>
            <Time>2026-06-17T21:29:38.000Z</Time>
            <Position>
              <LatitudeDegrees>43.129025772213936</LatitudeDegrees>
              <LongitudeDegrees>-2.5847057718783617</LongitudeDegrees>
            </Position>
            <AltitudeMeters>171.39999389648438</AltitudeMeters>
            <DistanceMeters>3587.820068359375</DistanceMeters>
            <HeartRateBpm>
              <Value>105</Value>
            </HeartRateBpm>
            <Extensions>
              <ns3:TPX>
                <ns3:Speed>1.2130000591278076</ns3:Speed>
              </ns3:TPX>
            </Extensions>
          </Trackpoint>
          <Trackpoint>
            <Time>2026-06-17T21:29:40.000Z</Time>
            <Position>
              <LatitudeDegrees>43.129002219066024</LatitudeDegrees>
              <LongitudeDegrees>-2.584736617282033</LongitudeDegrees>
            </Position>
            <AltitudeMeters>171.60000610351562</AltitudeMeters>
            <DistanceMeters>3593.050048828125</DistanceMeters>
            <HeartRateBpm>
              <Value>105</Value>
            </HeartRateBpm>
            <Extensions>
              <ns3:TPX>
                <ns3:Speed>1.315999984741211</ns3:Speed>
              </ns3:TPX>
            </Extensions>
          </Trackpoint>
          <Trackpoint>
            <Time>2026-06-17T21:29:46.000Z</Time>
            <Position>
              <LatitudeDegrees>43.12890565954149</LatitudeDegrees>
              <LongitudeDegrees>-2.584824375808239</LongitudeDegrees>
            </Position>
            <AltitudeMeters>171.8000030517578</AltitudeMeters>
            <DistanceMeters>3605.77001953125</DistanceMeters>
            <HeartRateBpm>
              <Value>105</Value>
            </HeartRateBpm>
            <Extensions>
              <ns3:TPX>
                <ns3:Speed>1.5299999713897705</ns3:Speed>
              </ns3:TPX>
            </Extensions>
          </Trackpoint>
          <Trackpoint>
            <Time>2026-06-17T21:29:48.000Z</Time>
            <Position>
              <LatitudeDegrees>43.12888126820326</LatitudeDegrees>
              <LongitudeDegrees>-2.58485178463161</LongitudeDegrees>
            </Position>
            <AltitudeMeters>171.8000030517578</AltitudeMeters>
            <DistanceMeters>3608.85009765625</DistanceMeters>
            <HeartRateBpm>
              <Value>105</Value>
            </HeartRateBpm>
            <Extensions>
              <ns3:TPX>
                <ns3:Speed>1.5490000247955322</ns3:Speed>
              </ns3:TPX>
            </Extensions>
          </Trackpoint>
          <Trackpoint>
            <Time>2026-06-17T21:29:53.000Z</Time>
            <Position>
              <LatitudeDegrees>43.12885411083698</LatitudeDegrees>
              <LongitudeDegrees>-2.584919258952141</LongitudeDegrees>
            </Position>
            <AltitudeMeters>172.1999969482422</AltitudeMeters>
            <DistanceMeters>3616.280029296875</DistanceMeters>
            <HeartRateBpm>
              <Value>106</Value>
            </HeartRateBpm>
            <Extensions>
              <ns3:TPX>
                <ns3:Speed>1.5579999685287476</ns3:Speed>
              </ns3:TPX>
            </Extensions>
          </Trackpoint>
          <Trackpoint>
            <Time>2026-06-17T21:29:54.000Z</Time>
            <Position>
              <LatitudeDegrees>43.128851847723126</LatitudeDegrees>
              <LongitudeDegrees>-2.5849234499037266</LongitudeDegrees>
            </Position>
            <AltitudeMeters>172.1999969482422</AltitudeMeters>
            <DistanceMeters>3617.090087890625</DistanceMeters>
            <HeartRateBpm>
              <Value>106</Value>
            </HeartRateBpm>
            <Extensions>
              <ns3:TPX>
                <ns3:Speed>1.4739999771118164</ns3:Speed>
              </ns3:TPX>
            </Extensions>
          </Trackpoint>
          <Trackpoint>
            <Time>2026-06-17T21:29:57.000Z</Time>
            <Position>
              <LatitudeDegrees>43.12882695347071</LatitudeDegrees>
              <LongitudeDegrees>-2.58491531945765</LongitudeDegrees>
            </Position>
            <AltitudeMeters>172.39999389648438</AltitudeMeters>
            <DistanceMeters>3619.969970703125</DistanceMeters>
            <HeartRateBpm>
              <Value>106</Value>
            </HeartRateBpm>
            <Extensions>
              <ns3:TPX>
                <ns3:Speed>1.2599999904632568</ns3:Speed>
              </ns3:TPX>
            </Extensions>
          </Trackpoint>
          <Trackpoint>
            <Time>2026-06-17T21:29:59.000Z</Time>
            <Position>
              <LatitudeDegrees>43.12880172394216</LatitudeDegrees>
              <LongitudeDegrees>-2.5849086977541447</LongitudeDegrees>
            </Position>
            <AltitudeMeters>172.39999389648438</AltitudeMeters>
            <DistanceMeters>3622.949951171875</DistanceMeters>
            <HeartRateBpm>
              <Value>106</Value>
            </HeartRateBpm>
            <Extensions>
              <ns3:TPX>
                <ns3:Speed>1.277999997138977</ns3:Speed>
              </ns3:TPX>
            </Extensions>
          </Trackpoint>
          <Trackpoint>
            <Time>2026-06-17T21:30:01.000Z</Time>
            <Position>
              <LatitudeDegrees>43.128778925165534</LatitudeDegrees>
              <LongitudeDegrees>-2.584921522065997</LongitudeDegrees>
            </Position>
            <AltitudeMeters>172.39999389648438</AltitudeMeters>
            <DistanceMeters>3625.5</DistanceMeters>
            <HeartRateBpm>
              <Value>106</Value>
            </HeartRateBpm>
            <Extensions>
              <ns3:TPX>
                <ns3:Speed>1.315999984741211</ns3:Speed>
              </ns3:TPX>
            </Extensions>
          </Trackpoint>
          <Trackpoint>
            <Time>2026-06-17T21:30:04.000Z</Time>
            <Position>
              <LatitudeDegrees>43.12876308336854</LatitudeDegrees>
              <LongitudeDegrees>-2.5849440693855286</LongitudeDegrees>
            </Position>
            <AltitudeMeters>172.60000610351562</AltitudeMeters>
            <DistanceMeters>3628.320068359375</DistanceMeters>
            <HeartRateBpm>
              <Value>106</Value>
            </HeartRateBpm>
            <Extensions>
              <ns3:TPX>
                <ns3:Speed>1.305999994277954</ns3:Speed>
              </ns3:TPX>
            </Extensions>
          </Trackpoint>
          <Trackpoint>
            <Time>2026-06-17T21:30:05.000Z</Time>
            <Position>
              <LatitudeDegrees>43.128759898245335</LatitudeDegrees>
              <LongitudeDegrees>-2.584958067163825</LongitudeDegrees>
            </Position>
            <AltitudeMeters>172.60000610351562</AltitudeMeters>
            <DistanceMeters>3628.929931640625</DistanceMeters>
            <HeartRateBpm>
              <Value>106</Value>
            </HeartRateBpm>
            <Extensions>
              <ns3:TPX>
                <ns3:Speed>1.2599999904632568</ns3:Speed>
              </ns3:TPX>
            </Extensions>
          </Trackpoint>
          <Trackpoint>
            <Time>2026-06-17T21:30:06.000Z</Time>
            <Position>
              <LatitudeDegrees>43.1287531927228</LatitudeDegrees>
              <LongitudeDegrees>-2.584973070770502</LongitudeDegrees>
            </Position>
            <AltitudeMeters>172.8000030517578</AltitudeMeters>
            <DistanceMeters>3629.5400390625</DistanceMeters>
            <HeartRateBpm>
              <Value>106</Value>
            </HeartRateBpm>
            <Extensions>
              <ns3:TPX>
                <ns3:Speed>1.2130000591278076</ns3:Speed>
              </ns3:TPX>
            </Extensions>
          </Trackpoint>
          <Trackpoint>
            <Time>2026-06-17T21:30:08.000Z</Time>
            <Position>
              <LatitudeDegrees>43.128736512735486</LatitudeDegrees>
              <LongitudeDegrees>-2.5850076880306005</LongitudeDegrees>
            </Position>
            <AltitudeMeters>173.0</AltitudeMeters>
            <DistanceMeters>3631.820068359375</DistanceMeters>
            <HeartRateBpm>
              <Value>106</Value>
            </HeartRateBpm>
            <Extensions>
              <ns3:TPX>
                <ns3:Speed>1.194000005722046</ns3:Speed>
              </ns3:TPX>
            </Extensions>
          </Trackpoint>
          <Trackpoint>
            <Time>2026-06-17T21:30:10.000Z</Time>
            <Position>
              <LatitudeDegrees>43.12872117385268</LatitudeDegrees>
              <LongitudeDegrees>-2.5850409641861916</LongitudeDegrees>
            </Position>
            <AltitudeMeters>173.0</AltitudeMeters>
            <DistanceMeters>3633.5400390625</DistanceMeters>
            <HeartRateBpm>
              <Value>105</Value>
            </HeartRateBpm>
            <Extensions>
              <ns3:TPX>
                <ns3:Speed>1.194000005722046</ns3:Speed>
              </ns3:TPX>
            </Extensions>
          </Trackpoint>
          <Trackpoint>
            <Time>2026-06-17T21:30:15.000Z</Time>
            <Position>
              <LatitudeDegrees>43.12865210697055</LatitudeDegrees>
              <LongitudeDegrees>-2.585163088515401</LongitudeDegrees>
            </Position>
            <AltitudeMeters>173.0</AltitudeMeters>
            <DistanceMeters>3642.080078125</DistanceMeters>
            <HeartRateBpm>
              <Value>106</Value>
            </HeartRateBpm>
            <Extensions>
              <ns3:TPX>
                <ns3:Speed>1.2039999961853027</ns3:Speed>
              </ns3:TPX>
            </Extensions>
          </Trackpoint>
          <Trackpoint>
            <Time>2026-06-17T21:30:18.000Z</Time>
            <Position>
              <LatitudeDegrees>43.1285959482193</LatitudeDegrees>
              <LongitudeDegrees>-2.5852391961961985</LongitudeDegrees>
            </Position>
            <AltitudeMeters>173.0</AltitudeMeters>
            <DistanceMeters>3647.93994140625</DistanceMeters>
            <HeartRateBpm>
              <Value>106</Value>
            </HeartRateBpm>
            <Extensions>
              <ns3:TPX>
                <ns3:Speed>1.2130000591278076</ns3:Speed>
              </ns3:TPX>
            </Extensions>
          </Trackpoint>
          <Trackpoint>
            <Time>2026-06-17T21:30:21.000Z</Time>
            <Position>
              <LatitudeDegrees>43.128526881337166</LatitudeDegrees>
              <LongitudeDegrees>-2.5852898228913546</LongitudeDegrees>
            </Position>
            <AltitudeMeters>173.39999389648438</AltitudeMeters>
            <DistanceMeters>3654.320068359375</DistanceMeters>
            <HeartRateBpm>
              <Value>106</Value>
            </HeartRateBpm>
            <Extensions>
              <ns3:TPX>
                <ns3:Speed>1.305999994277954</ns3:Speed>
              </ns3:TPX>
            </Extensions>
          </Trackpoint>
          <Trackpoint>
            <Time>2026-06-17T21:30:23.000Z</Time>
            <Position>
              <LatitudeDegrees>43.128494108095765</LatitudeDegrees>
              <LongitudeDegrees>-2.5853066705167294</LongitudeDegrees>
            </Position>
            <AltitudeMeters>173.39999389648438</AltitudeMeters>
            <DistanceMeters>3660.2900390625</DistanceMeters>
            <HeartRateBpm>
              <Value>106</Value>
            </HeartRateBpm>
            <Extensions>
              <ns3:TPX>
                <ns3:Speed>1.399999976158142</ns3:Speed>
              </ns3:TPX>
            </Extensions>
          </Trackpoint>
          <Trackpoint>
            <Time>2026-06-17T21:30:24.000Z</Time>
            <Position>
              <LatitudeDegrees>43.12848505564034</LatitudeDegrees>
              <LongitudeDegrees>-2.5853072572499514</LongitudeDegrees>
            </Position>
            <AltitudeMeters>173.39999389648438</AltitudeMeters>
            <DistanceMeters>3662.580078125</DistanceMeters>
            <HeartRateBpm>
              <Value>106</Value>
            </HeartRateBpm>
            <Extensions>
              <ns3:TPX>
                <ns3:Speed>1.819000005722046</ns3:Speed>
              </ns3:TPX>
            </Extensions>
          </Trackpoint>
          <Trackpoint>
            <Time>2026-06-17T21:30:31.000Z</Time>
            <Position>
              <LatitudeDegrees>43.12841364182532</LatitudeDegrees>
              <LongitudeDegrees>-2.5853358395397663</LongitudeDegrees>
            </Position>
            <AltitudeMeters>173.39999389648438</AltitudeMeters>
            <DistanceMeters>3674.39990234375</DistanceMeters>
            <HeartRateBpm>
              <Value>106</Value>
            </HeartRateBpm>
            <Extensions>
              <ns3:TPX>
                <ns3:Speed>1.3250000476837158</ns3:Speed>
              </ns3:TPX>
            </Extensions>
          </Trackpoint>
          <Trackpoint>
            <Time>2026-06-17T21:30:33.000Z</Time>
            <Position>
              <LatitudeDegrees>43.12840232625604</LatitudeDegrees>
              <LongitudeDegrees>-2.5853370130062103</LongitudeDegrees>
            </Position>
            <AltitudeMeters>173.39999389648438</AltitudeMeters>
            <DistanceMeters>3676.56005859375</DistanceMeters>
            <HeartRateBpm>
              <Value>106</Value>
            </HeartRateBpm>
            <Extensions>
              <ns3:TPX>
                <ns3:Speed>1.2410000562667847</ns3:Speed>
              </ns3:TPX>
            </Extensions>
          </Trackpoint>
          <Trackpoint>
            <Time>2026-06-17T21:30:39.000Z</Time>
            <Position>
              <LatitudeDegrees>43.12830149196088</LatitudeDegrees>
              <LongitudeDegrees>-2.5854500010609627</LongitudeDegrees>
            </Position>
            <AltitudeMeters>173.60000610351562</AltitudeMeters>
            <DistanceMeters>3685.739990234375</DistanceMeters>
            <HeartRateBpm>
              <Value>106</Value>
            </HeartRateBpm>
            <Extensions>
              <ns3:TPX>
                <ns3:Speed>1.38100004196167</ns3:Speed>
              </ns3:TPX>
            </Extensions>
          </Trackpoint>
          <Trackpoint>
            <Time>2026-06-17T21:30:45.000Z</Time>
            <Position>
              <LatitudeDegrees>43.12825455330312</LatitudeDegrees>
              <LongitudeDegrees>-2.585454611107707</LongitudeDegrees>
            </Position>
            <AltitudeMeters>174.0</AltitudeMeters>
            <DistanceMeters>3698.60009765625</DistanceMeters>
            <HeartRateBpm>
              <Value>106</Value>
            </HeartRateBpm>
            <Extensions>
              <ns3:TPX>
                <ns3:Speed>1.5299999713897705</ns3:Speed>
              </ns3:TPX>
            </Extensions>
          </Trackpoint>
          <Trackpoint>
            <Time>2026-06-17T21:30:46.000Z</Time>
            <Position>
              <LatitudeDegrees>43.12824801541865</LatitudeDegrees>
              <LongitudeDegrees>-2.585454611107707</LongitudeDegrees>
            </Position>
            <AltitudeMeters>174.1999969482422</AltitudeMeters>
            <DistanceMeters>3700.239990234375</DistanceMeters>
            <HeartRateBpm>
              <Value>106</Value>
            </HeartRateBpm>
            <Extensions>
              <ns3:TPX>
                <ns3:Speed>1.5770000219345093</ns3:Speed>
              </ns3:TPX>
            </Extensions>
          </Trackpoint>
          <Trackpoint>
            <Time>2026-06-17T21:30:54.000Z</Time>
            <Position>
              <LatitudeDegrees>43.128161849454045</LatitudeDegrees>
              <LongitudeDegrees>-2.5854953471571207</LongitudeDegrees>
            </Position>
            <AltitudeMeters>174.1999969482422</AltitudeMeters>
            <DistanceMeters>3711.14990234375</DistanceMeters>
            <HeartRateBpm>
              <Value>106</Value>
            </HeartRateBpm>
            <Extensions>
              <ns3:TPX>
                <ns3:Speed>1.5859999656677246</ns3:Speed>
              </ns3:TPX>
            </Extensions>
          </Trackpoint>
          <Trackpoint>
            <Time>2026-06-17T21:31:01.000Z</Time>
            <Position>
              <LatitudeDegrees>43.128048526123166</LatitudeDegrees>
              <LongitudeDegrees>-2.585573634132743</LongitudeDegrees>
            </Position>
            <AltitudeMeters>174.39999389648438</AltitudeMeters>
            <DistanceMeters>3720.260009765625</DistanceMeters>
            <HeartRateBpm>
              <Value>106</Value>
            </HeartRateBpm>
            <Extensions>
              <ns3:TPX>
                <ns3:Speed>1.5399999618530273</ns3:Speed>
              </ns3:TPX>
            </Extensions>
          </Trackpoint>
          <Trackpoint>
            <Time>2026-06-17T21:31:05.000Z</Time>
            <Position>
              <LatitudeDegrees>43.127995217218995</LatitudeDegrees>
              <LongitudeDegrees>-2.5856167171150446</LongitudeDegrees>
            </Position>
            <AltitudeMeters>174.60000610351562</AltitudeMeters>
            <DistanceMeters>3725.0</DistanceMeters>
            <HeartRateBpm>
              <Value>107</Value>
            </HeartRateBpm>
            <Extensions>
              <ns3:TPX>
                <ns3:Speed>1.4559999704360962</ns3:Speed>
              </ns3:TPX>
            </Extensions>
          </Trackpoint>
          <Trackpoint>
            <Time>2026-06-17T21:31:08.000Z</Time>
            <Position>
              <LatitudeDegrees>43.12796236015856</LatitudeDegrees>
              <LongitudeDegrees>-2.5856347382068634</LongitudeDegrees>
            </Position>
            <AltitudeMeters>174.60000610351562</AltitudeMeters>
            <DistanceMeters>3728.52001953125</DistanceMeters>
            <HeartRateBpm>
              <Value>106</Value>
            </HeartRateBpm>
            <Extensions>
              <ns3:TPX>
                <ns3:Speed>1.4179999828338623</ns3:Speed>
              </ns3:TPX>
            </Extensions>
          </Trackpoint>
          <Trackpoint>
            <Time>2026-06-17T21:31:15.000Z</Time>
            <Position>
              <LatitudeDegrees>43.12790905125439</LatitudeDegrees>
              <LongitudeDegrees>-2.5856442097574472</LongitudeDegrees>
            </Position>
            <AltitudeMeters>175.0</AltitudeMeters>
            <DistanceMeters>3737.10009765625</DistanceMeters>
            <HeartRateBpm>
              <Value>105</Value>
            </HeartRateBpm>
            <Extensions>
              <ns3:TPX>
                <ns3:Speed>1.3530000448226929</ns3:Speed>
              </ns3:TPX>
            </Extensions>
          </Trackpoint>
          <Trackpoint>
            <Time>2026-06-17T21:31:16.000Z</Time>
            <Position>
              <LatitudeDegrees>43.12790075317025</LatitudeDegrees>
              <LongitudeDegrees>-2.5856483168900013</LongitudeDegrees>
            </Position>
            <AltitudeMeters>175.0</AltitudeMeters>
            <DistanceMeters>3738.10009765625</DistanceMeters>
            <HeartRateBpm>
              <Value>106</Value>
            </HeartRateBpm>
            <Extensions>
              <ns3:TPX>
                <ns3:Speed>1.343999981880188</ns3:Speed>
              </ns3:TPX>
            </Extensions>
          </Trackpoint>
          <Trackpoint>
            <Time>2026-06-17T21:31:17.000Z</Time>
            <Position>
              <LatitudeDegrees>43.127890611067414</LatitudeDegrees>
              <LongitudeDegrees>-2.5856933277100325</LongitudeDegrees>
            </Position>
            <AltitudeMeters>175.0</AltitudeMeters>
            <DistanceMeters>3739.5</DistanceMeters>
            <HeartRateBpm>
              <Value>107</Value>
            </HeartRateBpm>
            <Extensions>
              <ns3:TPX>
                <ns3:Speed>1.3339999914169312</ns3:Speed>
              </ns3:TPX>
            </Extensions>
          </Trackpoint>
          <Trackpoint>
            <Time>2026-06-17T21:31:19.000Z</Time>
            <Position>
              <LatitudeDegrees>43.12787426635623</LatitudeDegrees>
              <LongitudeDegrees>-2.585770273581147</LongitudeDegrees>
            </Position>
            <AltitudeMeters>175.0</AltitudeMeters>
            <DistanceMeters>3740.219970703125</DistanceMeters>
            <HeartRateBpm>
              <Value>106</Value>
            </HeartRateBpm>
            <Extensions>
              <ns3:TPX>
                <ns3:Speed>1.3339999914169312</ns3:Speed>
              </ns3:TPX>
            </Extensions>
          </Trackpoint>
          <Trackpoint>
            <Time>2026-06-17T21:31:23.000Z</Time>
            <Position>
              <LatitudeDegrees>43.127869153395295</LatitudeDegrees>
              <LongitudeDegrees>-2.5858004484325647</LongitudeDegrees>
            </Position>
            <AltitudeMeters>175.1999969482422</AltitudeMeters>
            <DistanceMeters>3742.330078125</DistanceMeters>
            <HeartRateBpm>
              <Value>103</Value>
            </HeartRateBpm>
            <Extensions>
              <ns3:TPX>
                <ns3:Speed>0.0</ns3:Speed>
              </ns3:TPX>
            </Extensions>
          </Trackpoint>
          <Trackpoint>
            <Time>2026-06-17T21:31:24.000Z</Time>
            <Position>
              <LatitudeDegrees>43.127864291891456</LatitudeDegrees>
              <LongitudeDegrees>-2.585803298279643</LongitudeDegrees>
            </Position>
            <AltitudeMeters>175.1999969482422</AltitudeMeters>
            <DistanceMeters>3746.3701171875</DistanceMeters>
            <HeartRateBpm>
              <Value>104</Value>
            </HeartRateBpm>
            <Extensions>
              <ns3:TPX>
                <ns3:Speed>0.0</ns3:Speed>
              </ns3:TPX>
            </Extensions>
          </Trackpoint>
          <Trackpoint>
            <Time>2026-06-17T21:31:32.000Z</Time>
            <Position>
              <LatitudeDegrees>43.127865297719836</LatitudeDegrees>
              <LongitudeDegrees>-2.5858974270522594</LongitudeDegrees>
            </Position>
            <AltitudeMeters>175.39999389648438</AltitudeMeters>
            <DistanceMeters>3749.18994140625</DistanceMeters>
            <HeartRateBpm>
              <Value>102</Value>
            </HeartRateBpm>
            <Extensions>
              <ns3:TPX>
                <ns3:Speed>0.0</ns3:Speed>
              </ns3:TPX>
            </Extensions>
          </Trackpoint>
          <Trackpoint>
            <Time>2026-06-17T21:31:34.000Z</Time>
            <Position>
              <LatitudeDegrees>43.1278549041599</LatitudeDegrees>
              <LongitudeDegrees>-2.5857084151357412</LongitudeDegrees>
            </Position>
            <AltitudeMeters>175.60000610351562</AltitudeMeters>
            <DistanceMeters>3750.3701171875</DistanceMeters>
            <HeartRateBpm>
              <Value>103</Value>
            </HeartRateBpm>
            <Extensions>
              <ns3:TPX>
                <ns3:Speed>0.0</ns3:Speed>
              </ns3:TPX>
            </Extensions>
          </Trackpoint>
        </Track>
        <Extensions>
          <ns3:LX>
            <ns3:AvgSpeed>1.4149999618530273</ns3:AvgSpeed>
            <ns3:AvgRunCadence>51</ns3:AvgRunCadence>
            <ns3:MaxRunCadence>55</ns3:MaxRunCadence>
          </ns3:LX>
        </Extensions>
      </Lap>
      <Creator xsi:type="Device_t">
        <Name>fenix 5X Plus</Name>
        <UnitId>3325297807</UnitId>
        <ProductID>3111</ProductID>
        <Version>
          <VersionMajor>19</VersionMajor>
          <VersionMinor>30</VersionMinor>
          <BuildMajor>0</BuildMajor>
          <BuildMinor>0</BuildMinor>
        </Version>
      </Creator>
    </Activity>
  </Activities>
  <Author xsi:type="Application_t">
    <Name>Connect Api</Name>
    <Build>
      <Version>
        <VersionMajor>26</VersionMajor>
        <VersionMinor>9</VersionMinor>
        <BuildMajor>0</BuildMajor>
        <BuildMinor>0</BuildMinor>
      </Version>
    </Build>
    <LangID>en</LangID>
    <PartNumber>006-D2449-00</PartNumber>
  </Author>
</TrainingCenterDatabase>
