<?xml version="1.0" encoding="UTF-8"?>
<TrainingCenterDatabase
  xsi:schemaLocation="http://www.garmin.com/xmlschemas/TrainingCenterDatabase/v2 http://www.garmin.com/xmlschemas/TrainingCenterDatabasev2.xsd"
  xmlns:ns5="http://www.garmin.com/xmlschemas/ActivityGoals/v1"
  xmlns:ns3="http://www.garmin.com/xmlschemas/ActivityExtension/v2"
  xmlns:ns2="http://www.garmin.com/xmlschemas/UserProfile/v2"
  xmlns="http://www.garmin.com/xmlschemas/TrainingCenterDatabase/v2"
  xmlns:xsi="http://www.w3.org/2001/XMLSchema-instance" xmlns:ns4="http://www.garmin.com/xmlschemas/ProfileExtension/v1">
  <Activities>
    <Activity Sport="Other">
      <Id>2025-07-08T14:04:39.000Z</Id>
      <Lap StartTime="2025-07-08T14:04:39.000Z">
        <TotalTimeSeconds>2028.131</TotalTimeSeconds>
        <DistanceMeters>3467.18</DistanceMeters>
        <MaximumSpeed>2.5290000438690186</MaximumSpeed>
        <Calories>225</Calories>
        <AverageHeartRateBpm>
          <Value>106</Value>
        </AverageHeartRateBpm>
        <MaximumHeartRateBpm>
          <Value>116</Value>
        </MaximumHeartRateBpm>
        <Intensity>Active</Intensity>
        <TriggerMethod>Manual</TriggerMethod>
        <Track>
          <Trackpoint>
            <Time>2025-07-08T14:04:39.000Z</Time>
            <AltitudeMeters>171.39999389648438</AltitudeMeters>
            <DistanceMeters>0.0</DistanceMeters>
            <HeartRateBpm>
              <Value>110</Value>
            </HeartRateBpm>
            <Extensions>
              <ns3:TPX>
                <ns3:Speed>0.0</ns3:Speed>
                <ns3:RunCadence>0</ns3:RunCadence>
              </ns3:TPX>
            </Extensions>
          </Trackpoint>
          <Trackpoint>
            <Time>2025-07-08T14:04:40.000Z</Time>
            <AltitudeMeters>171.39999389648438</AltitudeMeters>
            <DistanceMeters>0.0</DistanceMeters>
            <HeartRateBpm>
              <Value>110</Value>
            </HeartRateBpm>
            <Extensions>
              <ns3:TPX>
                <ns3:Speed>0.0</ns3:Speed>
                <ns3:RunCadence>57</ns3:RunCadence>
              </ns3:TPX>
            </Extensions>
          </Trackpoint>
          <Trackpoint>
            <Time>2025-07-08T14:04:45.000Z</Time>
            <Position>
              <LatitudeDegrees>43.129504630342126</LatitudeDegrees>
              <LongitudeDegrees>-2.585334498435259</LongitudeDegrees>
            </Position>
            <AltitudeMeters>171.8000030517578</AltitudeMeters>
            <DistanceMeters>6.539999961853027</DistanceMeters>
            <HeartRateBpm>
              <Value>114</Value>
            </HeartRateBpm>
            <Extensions>
              <ns3:TPX>
                <ns3:Speed>1.6419999599456787</ns3:Speed>
                <ns3:RunCadence>57</ns3:RunCadence>
              </ns3:TPX>
            </Extensions>
          </Trackpoint>
          <Trackpoint>
            <Time>2025-07-08T14:04:46.000Z</Time>
            <AltitudeMeters>172.0</AltitudeMeters>
            <DistanceMeters>8.170000076293945</DistanceMeters>
            <HeartRateBpm>
              <Value>111</Value>
            </HeartRateBpm>
            <Extensions>
              <ns3:TPX>
                <ns3:Speed>1.6239999532699585</ns3:Speed>
                <ns3:RunCadence>57</ns3:RunCadence>
              </ns3:TPX>
            </Extensions>
          </Trackpoint>
          <Trackpoint>
            <Time>2025-07-08T14:04:52.000Z</Time>
            <Position>
              <LatitudeDegrees>43.1292381696403</LatitudeDegrees>
              <LongitudeDegrees>-2.5855642464011908</LongitudeDegrees>
            </Position>
            <AltitudeMeters>172.1999969482422</AltitudeMeters>
            <DistanceMeters>18.6299991607666</DistanceMeters>
            <HeartRateBpm>
              <Value>110</Value>
            </HeartRateBpm>
            <Extensions>
              <ns3:TPX>
                <ns3:Speed>1.6330000162124634</ns3:Speed>
                <ns3:RunCadence>59</ns3:RunCadence>
              </ns3:TPX>
            </Extensions>
          </Trackpoint>
          <Trackpoint>
            <Time>2025-07-08T14:04:57.000Z</Time>
            <Position>
              <LatitudeDegrees>43.12921662814915</LatitudeDegrees>
              <LongitudeDegrees>-2.585001904517412</LongitudeDegrees>
            </Position>
            <AltitudeMeters>172.0</AltitudeMeters>
            <DistanceMeters>30.0</DistanceMeters>
            <HeartRateBpm>
              <Value>109</Value>
            </HeartRateBpm>
            <Extensions>
              <ns3:TPX>
                <ns3:Speed>1.8569999933242798</ns3:Speed>
                <ns3:RunCadence>57</ns3:RunCadence>
              </ns3:TPX>
            </Extensions>
          </Trackpoint>
          <Trackpoint>
            <Time>2025-07-08T14:05:03.000Z</Time>
            <Position>
              <LatitudeDegrees>43.129146387800574</LatitudeDegrees>
              <LongitudeDegrees>-2.5846175104379654</LongitudeDegrees>
            </Position>
            <AltitudeMeters>171.60000610351562</AltitudeMeters>
            <DistanceMeters>41.22999954223633</DistanceMeters>
            <HeartRateBpm>
              <Value>110</Value>
            </HeartRateBpm>
            <Extensions>
              <ns3:TPX>
                <ns3:Speed>1.8660000562667847</ns3:Speed>
                <ns3:RunCadence>58</ns3:RunCadence>
              </ns3:TPX>
            </Extensions>
          </Trackpoint>
          <Trackpoint>
            <Time>2025-07-08T14:05:04.000Z</Time>
            <Position>
              <LatitudeDegrees>43.1291382573545</LatitudeDegrees>
              <LongitudeDegrees>-2.58458205498755</LongitudeDegrees>
            </Position>
            <AltitudeMeters>171.60000610351562</AltitudeMeters>
            <DistanceMeters>43.66999816894531</DistanceMeters>
            <HeartRateBpm>
              <Value>111</Value>
            </HeartRateBpm>
            <Extensions>
              <ns3:TPX>
                <ns3:Speed>1.8660000562667847</ns3:Speed>
                <ns3:RunCadence>59</ns3:RunCadence>
              </ns3:TPX>
            </Extensions>
          </Trackpoint>
          <Trackpoint>
            <Time>2025-07-08T14:05:08.000Z</Time>
            <Position>
              <LatitudeDegrees>43.12910322099924</LatitudeDegrees>
              <LongitudeDegrees>-2.5845051929354668</LongitudeDegrees>
            </Position>
            <AltitudeMeters>171.39999389648438</AltitudeMeters>
            <DistanceMeters>50.09000015258789</DistanceMeters>
            <HeartRateBpm>
              <Value>110</Value>
            </HeartRateBpm>
            <Extensions>
              <ns3:TPX>
                <ns3:Speed>1.5019999742507935</ns3:Speed>
                <ns3:RunCadence>58</ns3:RunCadence>
              </ns3:TPX>
            </Extensions>
          </Trackpoint>
          <Trackpoint>
            <Time>2025-07-08T14:05:10.000Z</Time>
            <Position>
              <LatitudeDegrees>43.129071705043316</LatitudeDegrees>
              <LongitudeDegrees>-2.584485076367855</LongitudeDegrees>
            </Position>
            <AltitudeMeters>171.39999389648438</AltitudeMeters>
            <DistanceMeters>52.66999816894531</DistanceMeters>
            <HeartRateBpm>
              <Value>108</Value>
            </HeartRateBpm>
            <Extensions>
              <ns3:TPX>
                <ns3:Speed>1.4930000305175781</ns3:Speed>
                <ns3:RunCadence>58</ns3:RunCadence>
              </ns3:TPX>
            </Extensions>
          </Trackpoint>
          <Trackpoint>
            <Time>2025-07-08T14:05:13.000Z</Time>
            <Position>
              <LatitudeDegrees>43.12898688018322</LatitudeDegrees>
              <LongitudeDegrees>-2.584425648674369</LongitudeDegrees>
            </Position>
            <AltitudeMeters>170.8000030517578</AltitudeMeters>
            <DistanceMeters>57.52000045776367</DistanceMeters>
            <HeartRateBpm>
              <Value>111</Value>
            </HeartRateBpm>
            <Extensions>
              <ns3:TPX>
                <ns3:Speed>1.4839999675750732</ns3:Speed>
                <ns3:RunCadence>59</ns3:RunCadence>
              </ns3:TPX>
            </Extensions>
          </Trackpoint>
          <Trackpoint>
            <Time>2025-07-08T14:05:15.000Z</Time>
            <Position>
              <LatitudeDegrees>43.128959806635976</LatitudeDegrees>
              <LongitudeDegrees>-2.584393210709095</LongitudeDegrees>
            </Position>
            <AltitudeMeters>170.60000610351562</AltitudeMeters>
            <DistanceMeters>60.599998474121094</DistanceMeters>
            <HeartRateBpm>
              <Value>111</Value>
            </HeartRateBpm>
            <Extensions>
              <ns3:TPX>
                <ns3:Speed>1.5210000276565552</ns3:Speed>
                <ns3:RunCadence>59</ns3:RunCadence>
              </ns3:TPX>
            </Extensions>
          </Trackpoint>
          <Trackpoint>
            <Time>2025-07-08T14:05:18.000Z</Time>
            <Position>
              <LatitudeDegrees>43.128932397812605</LatitudeDegrees>
              <LongitudeDegrees>-2.584341075271368</LongitudeDegrees>
            </Position>
            <AltitudeMeters>170.39999389648438</AltitudeMeters>
            <DistanceMeters>63.86000061035156</DistanceMeters>
            <HeartRateBpm>
              <Value>112</Value>
            </HeartRateBpm>
            <Extensions>
              <ns3:TPX>
                <ns3:Speed>1.5119999647140503</ns3:Speed>
                <ns3:RunCadence>59</ns3:RunCadence>
              </ns3:TPX>
            </Extensions>
          </Trackpoint>
          <Trackpoint>
            <Time>2025-07-08T14:05:19.000Z</Time>
            <Position>
              <LatitudeDegrees>43.12892443500459</LatitudeDegrees>
              <LongitudeDegrees>-2.5843162648379803</LongitudeDegrees>
            </Position>
            <AltitudeMeters>170.1999969482422</AltitudeMeters>
            <DistanceMeters>64.12999725341797</DistanceMeters>
            <HeartRateBpm>
              <Value>114</Value>
            </HeartRateBpm>
            <Extensions>
              <ns3:TPX>
                <ns3:Speed>1.3899999856948853</ns3:Speed>
                <ns3:RunCadence>59</ns3:RunCadence>
              </ns3:TPX>
            </Extensions>
          </Trackpoint>
          <Trackpoint>
            <Time>2025-07-08T14:05:21.000Z</Time>
            <Position>
              <LatitudeDegrees>43.12890884466469</LatitudeDegrees>
              <LongitudeDegrees>-2.584269577637315</LongitudeDegrees>
            </Position>
            <AltitudeMeters>170.1999969482422</AltitudeMeters>
            <DistanceMeters>65.75</DistanceMeters>
            <HeartRateBpm>
              <Value>113</Value>
            </HeartRateBpm>
            <Extensions>
              <ns3:TPX>
                <ns3:Speed>1.2879999876022339</ns3:Speed>
                <ns3:RunCadence>59</ns3:RunCadence>
              </ns3:TPX>
            </Extensions>
          </Trackpoint>
          <Trackpoint>
            <Time>2025-07-08T14:05:23.000Z</Time>
            <Position>
              <LatitudeDegrees>43.128897780552506</LatitudeDegrees>
              <LongitudeDegrees>-2.5842136703431606</LongitudeDegrees>
            </Position>
            <AltitudeMeters>170.0</AltitudeMeters>
            <DistanceMeters>69.41999816894531</DistanceMeters>
            <HeartRateBpm>
              <Value>111</Value>
            </HeartRateBpm>
            <Extensions>
              <ns3:TPX>
                <ns3:Speed>1.2599999904632568</ns3:Speed>
                <ns3:RunCadence>59</ns3:RunCadence>
              </ns3:TPX>
            </Extensions>
          </Trackpoint>
          <Trackpoint>
            <Time>2025-07-08T14:05:26.000Z</Time>
            <Position>
              <LatitudeDegrees>43.128888392820954</LatitudeDegrees>
              <LongitudeDegrees>-2.5841141771525145</LongitudeDegrees>
            </Position>
            <AltitudeMeters>169.8000030517578</AltitudeMeters>
            <DistanceMeters>70.91999816894531</DistanceMeters>
            <HeartRateBpm>
              <Value>108</Value>
            </HeartRateBpm>
            <Extensions>
              <ns3:TPX>
                <ns3:Speed>1.0640000104904175</ns3:Speed>
                <ns3:RunCadence>59</ns3:RunCadence>
              </ns3:TPX>
            </Extensions>
          </Trackpoint>
          <Trackpoint>
            <Time>2025-07-08T14:05:27.000Z</Time>
            <Position>
              <LatitudeDegrees>43.12888680025935</LatitudeDegrees>
              <LongitudeDegrees>-2.584078051149845</LongitudeDegrees>
            </Position>
            <AltitudeMeters>169.8000030517578</AltitudeMeters>
            <DistanceMeters>71.16999816894531</DistanceMeters>
            <HeartRateBpm>
              <Value>109</Value>
            </HeartRateBpm>
            <Extensions>
              <ns3:TPX>
                <ns3:Speed>1.2879999876022339</ns3:Speed>
                <ns3:RunCadence>58</ns3:RunCadence>
              </ns3:TPX>
            </Extensions>
          </Trackpoint>
          <Trackpoint>
            <Time>2025-07-08T14:05:29.000Z</Time>
            <Position>
              <LatitudeDegrees>43.128885040059686</LatitudeDegrees>
              <LongitudeDegrees>-2.5840249098837376</LongitudeDegrees>
            </Position>
            <AltitudeMeters>169.60000610351562</AltitudeMeters>
            <DistanceMeters>75.08000183105469</DistanceMeters>
            <HeartRateBpm>
              <Value>107</Value>
            </HeartRateBpm>
            <Extensions>
              <ns3:TPX>
                <ns3:Speed>1.5210000276565552</ns3:Speed>
                <ns3:RunCadence>58</ns3:RunCadence>
              </ns3:TPX>
            </Extensions>
          </Trackpoint>
          <Trackpoint>
            <Time>2025-07-08T14:05:31.000Z</Time>
            <Position>
              <LatitudeDegrees>43.12888168729842</LatitudeDegrees>
              <LongitudeDegrees>-2.58398350328207</LongitudeDegrees>
            </Position>
            <AltitudeMeters>169.60000610351562</AltitudeMeters>
            <DistanceMeters>77.0199966430664</DistanceMeters>
            <HeartRateBpm>
              <Value>100</Value>
            </HeartRateBpm>
            <Extensions>
              <ns3:TPX>
                <ns3:Speed>1.4839999675750732</ns3:Speed>
                <ns3:RunCadence>58</ns3:RunCadence>
              </ns3:TPX>
            </Extensions>
          </Trackpoint>
          <Trackpoint>
            <Time>2025-07-08T14:05:32.000Z</Time>
            <Position>
              <LatitudeDegrees>43.12887975946069</LatitudeDegrees>
              <LongitudeDegrees>-2.5839660689234734</LongitudeDegrees>
            </Position>
            <AltitudeMeters>169.8000030517578</AltitudeMeters>
            <DistanceMeters>78.77999877929688</DistanceMeters>
            <HeartRateBpm>
              <Value>99</Value>
            </HeartRateBpm>
            <Extensions>
              <ns3:TPX>
                <ns3:Speed>1.4839999675750732</ns3:Speed>
                <ns3:RunCadence>59</ns3:RunCadence>
              </ns3:TPX>
            </Extensions>
          </Trackpoint>
          <Trackpoint>
            <Time>2025-07-08T14:05:34.000Z</Time>
            <Position>
              <LatitudeDegrees>43.128878166899085</LatitudeDegrees>
              <LongitudeDegrees>-2.58394293487072</LongitudeDegrees>
            </Position>
            <AltitudeMeters>169.8000030517578</AltitudeMeters>
            <DistanceMeters>82.37000274658203</DistanceMeters>
            <HeartRateBpm>
              <Value>98</Value>
            </HeartRateBpm>
            <Extensions>
              <ns3:TPX>
                <ns3:Speed>1.5019999742507935</ns3:Speed>
                <ns3:RunCadence>61</ns3:RunCadence>
              </ns3:TPX>
            </Extensions>
          </Trackpoint>
          <Trackpoint>
            <Time>2025-07-08T14:05:35.000Z</Time>
            <Position>
              <LatitudeDegrees>43.12887774780393</LatitudeDegrees>
              <LongitudeDegrees>-2.583934050053358</LongitudeDegrees>
            </Position>
            <AltitudeMeters>169.60000610351562</AltitudeMeters>
            <DistanceMeters>83.48999786376953</DistanceMeters>
            <HeartRateBpm>
              <Value>99</Value>
            </HeartRateBpm>
            <Extensions>
              <ns3:TPX>
                <ns3:Speed>1.315999984741211</ns3:Speed>
                <ns3:RunCadence>61</ns3:RunCadence>
              </ns3:TPX>
            </Extensions>
          </Trackpoint>
          <Trackpoint>
            <Time>2025-07-08T14:05:36.000Z</Time>
            <Position>
              <LatitudeDegrees>43.12887841835618</LatitudeDegrees>
              <LongitudeDegrees>-2.583921980112791</LongitudeDegrees>
            </Position>
            <AltitudeMeters>169.60000610351562</AltitudeMeters>
            <DistanceMeters>84.83999633789062</DistanceMeters>
            <HeartRateBpm>
              <Value>100</Value>
            </HeartRateBpm>
            <Extensions>
              <ns3:TPX>
                <ns3:Speed>1.2410000562667847</ns3:Speed>
                <ns3:RunCadence>61</ns3:RunCadence>
              </ns3:TPX>
            </Extensions>
          </Trackpoint>
          <Trackpoint>
            <Time>2025-07-08T14:05:41.000Z</Time>
            <Position>
              <LatitudeDegrees>43.1288723833859</LatitudeDegrees>
              <LongitudeDegrees>-2.5838587805628777</LongitudeDegrees>
            </Position>
            <AltitudeMeters>169.60000610351562</AltitudeMeters>
            <DistanceMeters>91.2699966430664</DistanceMeters>
            <HeartRateBpm>
              <Value>100</Value>
            </HeartRateBpm>
            <Extensions>
              <ns3:TPX>
                <ns3:Speed>1.277999997138977</ns3:Speed>
                <ns3:RunCadence>59</ns3:RunCadence>
              </ns3:TPX>
            </Extensions>
          </Trackpoint>
          <Trackpoint>
            <Time>2025-07-08T14:05:45.000Z</Time>
            <Position>
              <LatitudeDegrees>43.12885821796954</LatitudeDegrees>
              <LongitudeDegrees>-2.5837877858430147</LongitudeDegrees>
            </Position>
            <AltitudeMeters>169.8000030517578</AltitudeMeters>
            <DistanceMeters>94.63999938964844</DistanceMeters>
            <HeartRateBpm>
              <Value>100</Value>
            </HeartRateBpm>
            <Extensions>
              <ns3:TPX>
                <ns3:Speed>1.0729999542236328</ns3:Speed>
                <ns3:RunCadence>58</ns3:RunCadence>
              </ns3:TPX>
            </Extensions>
          </Trackpoint>
          <Trackpoint>
            <Time>2025-07-08T14:05:47.000Z</Time>
            <Position>
              <LatitudeDegrees>43.12884556129575</LatitudeDegrees>
              <LongitudeDegrees>-2.5837304536253214</LongitudeDegrees>
            </Position>
            <AltitudeMeters>170.0</AltitudeMeters>
            <DistanceMeters>97.44000244140625</DistanceMeters>
            <HeartRateBpm>
              <Value>99</Value>
            </HeartRateBpm>
            <Extensions>
              <ns3:TPX>
                <ns3:Speed>1.0080000162124634</ns3:Speed>
                <ns3:RunCadence>58</ns3:RunCadence>
              </ns3:TPX>
            </Extensions>
          </Trackpoint>
          <Trackpoint>
            <Time>2025-07-08T14:05:52.000Z</Time>
            <Position>
              <LatitudeDegrees>43.128819577395916</LatitudeDegrees>
              <LongitudeDegrees>-2.583619225770235</LongitudeDegrees>
            </Position>
            <AltitudeMeters>170.0</AltitudeMeters>
            <DistanceMeters>105.27999877929688</DistanceMeters>
            <HeartRateBpm>
              <Value>99</Value>
            </HeartRateBpm>
            <Extensions>
              <ns3:TPX>
                <ns3:Speed>1.156999945640564</ns3:Speed>
                <ns3:RunCadence>62</ns3:RunCadence>
              </ns3:TPX>
            </Extensions>
          </Trackpoint>
          <Trackpoint>
            <Time>2025-07-08T14:05:53.000Z</Time>
            <Position>
              <LatitudeDegrees>43.12881815247238</LatitudeDegrees>
              <LongitudeDegrees>-2.583601037040353</LongitudeDegrees>
            </Position>
            <AltitudeMeters>169.8000030517578</AltitudeMeters>
            <DistanceMeters>107.08999633789062</DistanceMeters>
            <HeartRateBpm>
              <Value>100</Value>
            </HeartRateBpm>
            <Extensions>
              <ns3:TPX>
                <ns3:Speed>1.1759999990463257</ns3:Speed>
                <ns3:RunCadence>62</ns3:RunCadence>
              </ns3:TPX>
            </Extensions>
          </Trackpoint>
          <Trackpoint>
            <Time>2025-07-08T14:05:55.000Z</Time>
            <Position>
              <LatitudeDegrees>43.128811195492744</LatitudeDegrees>
              <LongitudeDegrees>-2.5835540145635605</LongitudeDegrees>
            </Position>
            <AltitudeMeters>169.8000030517578</AltitudeMeters>
            <DistanceMeters>109.86000061035156</DistanceMeters>
            <HeartRateBpm>
              <Value>101</Value>
            </HeartRateBpm>
            <Extensions>
              <ns3:TPX>
                <ns3:Speed>1.1759999990463257</ns3:Speed>
                <ns3:RunCadence>62</ns3:RunCadence>
              </ns3:TPX>
            </Extensions>
          </Trackpoint>
          <Trackpoint>
            <Time>2025-07-08T14:05:59.000Z</Time>
            <Position>
              <LatitudeDegrees>43.12877741642296</LatitudeDegrees>
              <LongitudeDegrees>-2.583460556343198</LongitudeDegrees>
            </Position>
            <AltitudeMeters>170.60000610351562</AltitudeMeters>
            <DistanceMeters>117.54000091552734</DistanceMeters>
            <HeartRateBpm>
              <Value>101</Value>
            </HeartRateBpm>
            <Extensions>
              <ns3:TPX>
                <ns3:Speed>1.305999994277954</ns3:Speed>
                <ns3:RunCadence>60</ns3:RunCadence>
              </ns3:TPX>
            </Extensions>
          </Trackpoint>
          <Trackpoint>
            <Time>2025-07-08T14:06:03.000Z</Time>
            <Position>
              <LatitudeDegrees>43.128731064498425</LatitudeDegrees>
              <LongitudeDegrees>-2.5834147073328495</LongitudeDegrees>
            </Position>
            <AltitudeMeters>170.60000610351562</AltitudeMeters>
            <DistanceMeters>125.06999969482422</DistanceMeters>
            <HeartRateBpm>
              <Value>102</Value>
            </HeartRateBpm>
            <Extensions>
              <ns3:TPX>
                <ns3:Speed>1.399999976158142</ns3:Speed>
                <ns3:RunCadence>60</ns3:RunCadence>
              </ns3:TPX>
            </Extensions>
          </Trackpoint>
          <Trackpoint>
            <Time>2025-07-08T14:06:05.000Z</Time>
            <Position>
              <LatitudeDegrees>43.1287064217031</LatitudeDegrees>
              <LongitudeDegrees>-2.5834034755825996</LongitudeDegrees>
            </Position>
            <AltitudeMeters>170.60000610351562</AltitudeMeters>
            <DistanceMeters>128.61000061035156</DistanceMeters>
            <HeartRateBpm>
              <Value>105</Value>
            </HeartRateBpm>
            <Extensions>
              <ns3:TPX>
                <ns3:Speed>1.4279999732971191</ns3:Speed>
                <ns3:RunCadence>64</ns3:RunCadence>
              </ns3:TPX>
            </Extensions>
          </Trackpoint>
          <Trackpoint>
            <Time>2025-07-08T14:06:08.000Z</Time>
            <Position>
              <LatitudeDegrees>43.12867423519492</LatitudeDegrees>
              <LongitudeDegrees>-2.5833904836326838</LongitudeDegrees>
            </Position>
            <AltitudeMeters>170.39999389648438</AltitudeMeters>
            <DistanceMeters>133.72000122070312</DistanceMeters>
            <HeartRateBpm>
              <Value>106</Value>
            </HeartRateBpm>
            <Extensions>
              <ns3:TPX>
                <ns3:Speed>1.465000033378601</ns3:Speed>
                <ns3:RunCadence>64</ns3:RunCadence>
              </ns3:TPX>
            </Extensions>
          </Trackpoint>
          <Trackpoint>
            <Time>2025-07-08T14:06:11.000Z</Time>
            <Position>
              <LatitudeDegrees>43.128650430589914</LatitudeDegrees>
              <LongitudeDegrees>-2.5833725463598967</LongitudeDegrees>
            </Position>
            <AltitudeMeters>170.60000610351562</AltitudeMeters>
            <DistanceMeters>138.94000244140625</DistanceMeters>
            <HeartRateBpm>
              <Value>105</Value>
            </HeartRateBpm>
            <Extensions>
              <ns3:TPX>
                <ns3:Speed>1.4459999799728394</ns3:Speed>
                <ns3:RunCadence>0</ns3:RunCadence>
              </ns3:TPX>
            </Extensions>
          </Trackpoint>
          <Trackpoint>
            <Time>2025-07-08T14:06:13.000Z</Time>
            <Position>
              <LatitudeDegrees>43.128636768087745</LatitudeDegrees>
              <LongitudeDegrees>-2.5833484064787626</LongitudeDegrees>
            </Position>
            <AltitudeMeters>170.39999389648438</AltitudeMeters>
            <DistanceMeters>143.11000061035156</DistanceMeters>
            <HeartRateBpm>
              <Value>104</Value>
            </HeartRateBpm>
            <Extensions>
              <ns3:TPX>
                <ns3:Speed>1.4839999675750732</ns3:Speed>
                <ns3:RunCadence>64</ns3:RunCadence>
              </ns3:TPX>
            </Extensions>
          </Trackpoint>
          <Trackpoint>
            <Time>2025-07-08T14:06:17.000Z</Time>
            <Position>
              <LatitudeDegrees>43.128620674833655</LatitudeDegrees>
              <LongitudeDegrees>-2.5832588877528906</LongitudeDegrees>
            </Position>
            <AltitudeMeters>169.1999969482422</AltitudeMeters>
            <DistanceMeters>153.0500030517578</DistanceMeters>
            <HeartRateBpm>
              <Value>103</Value>
            </HeartRateBpm>
            <Extensions>
              <ns3:TPX>
                <ns3:Speed>1.7170000076293945</ns3:Speed>
                <ns3:RunCadence>63</ns3:RunCadence>
              </ns3:TPX>
            </Extensions>
          </Trackpoint>
          <Trackpoint>
            <Time>2025-07-08T14:06:20.000Z</Time>
            <Position>
              <LatitudeDegrees>43.12862545251846</LatitudeDegrees>
              <LongitudeDegrees>-2.5832061655819416</LongitudeDegrees>
            </Position>
            <AltitudeMeters>169.0</AltitudeMeters>
            <DistanceMeters>157.6999969482422</DistanceMeters>
            <HeartRateBpm>
              <Value>104</Value>
            </HeartRateBpm>
            <Extensions>
              <ns3:TPX>
                <ns3:Speed>1.5959999561309814</ns3:Speed>
                <ns3:RunCadence>61</ns3:RunCadence>
              </ns3:TPX>
            </Extensions>
          </Trackpoint>
          <Trackpoint>
            <Time>2025-07-08T14:06:21.000Z</Time>
            <Position>
              <LatitudeDegrees>43.12863131985068</LatitudeDegrees>
              <LongitudeDegrees>-2.5831888988614082</LongitudeDegrees>
            </Position>
            <AltitudeMeters>169.0</AltitudeMeters>
            <DistanceMeters>158.9600067138672</DistanceMeters>
            <HeartRateBpm>
              <Value>103</Value>
            </HeartRateBpm>
            <Extensions>
              <ns3:TPX>
                <ns3:Speed>1.5959999561309814</ns3:Speed>
                <ns3:RunCadence>59</ns3:RunCadence>
              </ns3:TPX>
            </Extensions>
          </Trackpoint>
          <Trackpoint>
            <Time>2025-07-08T14:06:23.000Z</Time>
            <Position>
              <LatitudeDegrees>43.12864238396287</LatitudeDegrees>
              <LongitudeDegrees>-2.5831563770771027</LongitudeDegrees>
            </Position>
            <AltitudeMeters>169.0</AltitudeMeters>
            <DistanceMeters>162.1300048828125</DistanceMeters>
            <HeartRateBpm>
              <Value>100</Value>
            </HeartRateBpm>
            <Extensions>
              <ns3:TPX>
                <ns3:Speed>1.5679999589920044</ns3:Speed>
                <ns3:RunCadence>58</ns3:RunCadence>
              </ns3:TPX>
            </Extensions>
          </Trackpoint>
          <Trackpoint>
            <Time>2025-07-08T14:06:25.000Z</Time>
            <Position>
              <LatitudeDegrees>43.12865059822798</LatitudeDegrees>
              <LongitudeDegrees>-2.5831210054457188</LongitudeDegrees>
            </Position>
            <AltitudeMeters>169.0</AltitudeMeters>
            <DistanceMeters>165.19000244140625</DistanceMeters>
            <HeartRateBpm>
              <Value>101</Value>
            </HeartRateBpm>
            <Extensions>
              <ns3:TPX>
                <ns3:Speed>1.5579999685287476</ns3:Speed>
                <ns3:RunCadence>58</ns3:RunCadence>
              </ns3:TPX>
            </Extensions>
          </Trackpoint>
          <Trackpoint>
            <Time>2025-07-08T14:06:31.000Z</Time>
            <Position>
              <LatitudeDegrees>43.12861698679626</LatitudeDegrees>
              <LongitudeDegrees>-2.5830486696213484</LongitudeDegrees>
            </Position>
            <AltitudeMeters>169.0</AltitudeMeters>
            <DistanceMeters>175.6699981689453</DistanceMeters>
            <HeartRateBpm>
              <Value>100</Value>
            </HeartRateBpm>
            <Extensions>
              <ns3:TPX>
                <ns3:Speed>1.6419999599456787</ns3:Speed>
                <ns3:RunCadence>59</ns3:RunCadence>
              </ns3:TPX>
            </Extensions>
          </Trackpoint>
          <Trackpoint>
            <Time>2025-07-08T14:06:33.000Z</Time>
            <Position>
              <LatitudeDegrees>43.12859016470611</LatitudeDegrees>
              <LongitudeDegrees>-2.5830456521362066</LongitudeDegrees>
            </Position>
            <AltitudeMeters>168.60000610351562</AltitudeMeters>
            <DistanceMeters>177.88999938964844</DistanceMeters>
            <HeartRateBpm>
              <Value>100</Value>
            </HeartRateBpm>
            <Extensions>
              <ns3:TPX>
                <ns3:Speed>1.6139999628067017</ns3:Speed>
                <ns3:RunCadence>58</ns3:RunCadence>
              </ns3:TPX>
            </Extensions>
          </Trackpoint>
          <Trackpoint>
            <Time>2025-07-08T14:06:34.000Z</Time>
            <Position>
              <LatitudeDegrees>43.12857843004167</LatitudeDegrees>
              <LongitudeDegrees>-2.5830447301268578</LongitudeDegrees>
            </Position>
            <AltitudeMeters>168.1999969482422</AltitudeMeters>
            <DistanceMeters>178.80999755859375</DistanceMeters>
            <HeartRateBpm>
              <Value>100</Value>
            </HeartRateBpm>
            <Extensions>
              <ns3:TPX>
                <ns3:Speed>1.5679999589920044</ns3:Speed>
                <ns3:RunCadence>62</ns3:RunCadence>
              </ns3:TPX>
            </Extensions>
          </Trackpoint>
          <Trackpoint>
            <Time>2025-07-08T14:06:35.000Z</Time>
            <Position>
              <LatitudeDegrees>43.1285666115582</LatitudeDegrees>
              <LongitudeDegrees>-2.583042047917843</LongitudeDegrees>
            </Position>
            <AltitudeMeters>168.1999969482422</AltitudeMeters>
            <DistanceMeters>179.24000549316406</DistanceMeters>
            <HeartRateBpm>
              <Value>100</Value>
            </HeartRateBpm>
            <Extensions>
              <ns3:TPX>
                <ns3:Speed>1.4179999828338623</ns3:Speed>
                <ns3:RunCadence>62</ns3:RunCadence>
              </ns3:TPX>
            </Extensions>
          </Trackpoint>
          <Trackpoint>
            <Time>2025-07-08T14:06:36.000Z</Time>
            <Position>
              <LatitudeDegrees>43.12855705618858</LatitudeDegrees>
              <LongitudeDegrees>-2.5830397848039865</LongitudeDegrees>
            </Position>
            <AltitudeMeters>168.0</AltitudeMeters>
            <DistanceMeters>180.05999755859375</DistanceMeters>
            <HeartRateBpm>
              <Value>100</Value>
            </HeartRateBpm>
            <Extensions>
              <ns3:TPX>
                <ns3:Speed>1.3250000476837158</ns3:Speed>
                <ns3:RunCadence>62</ns3:RunCadence>
              </ns3:TPX>
            </Extensions>
          </Trackpoint>
          <Trackpoint>
            <Time>2025-07-08T14:06:37.000Z</Time>
            <Position>
              <LatitudeDegrees>43.12854565680027</LatitudeDegrees>
              <LongitudeDegrees>-2.583038443699479</LongitudeDegrees>
            </Position>
            <AltitudeMeters>168.1999969482422</AltitudeMeters>
            <DistanceMeters>180.9499969482422</DistanceMeters>
            <HeartRateBpm>
              <Value>99</Value>
            </HeartRateBpm>
            <Extensions>
              <ns3:TPX>
                <ns3:Speed>1.2690000534057617</ns3:Speed>
                <ns3:RunCadence>62</ns3:RunCadence>
              </ns3:TPX>
            </Extensions>
          </Trackpoint>
          <Trackpoint>
            <Time>2025-07-08T14:06:38.000Z</Time>
            <Position>
              <LatitudeDegrees>43.12852797098458</LatitudeDegrees>
              <LongitudeDegrees>-2.5830344203859568</LongitudeDegrees>
            </Position>
            <AltitudeMeters>168.1999969482422</AltitudeMeters>
            <DistanceMeters>181.64999389648438</DistanceMeters>
            <HeartRateBpm>
              <Value>103</Value>
            </HeartRateBpm>
            <Extensions>
              <ns3:TPX>
                <ns3:Speed>1.2319999933242798</ns3:Speed>
                <ns3:RunCadence>62</ns3:RunCadence>
              </ns3:TPX>
            </Extensions>
          </Trackpoint>
          <Trackpoint>
            <Time>2025-07-08T14:06:39.000Z</Time>
            <Position>
              <LatitudeDegrees>43.12851355411112</LatitudeDegrees>
              <LongitudeDegrees>-2.5830380246043205</LongitudeDegrees>
            </Position>
            <AltitudeMeters>168.1999969482422</AltitudeMeters>
            <DistanceMeters>182.47000122070312</DistanceMeters>
            <HeartRateBpm>
              <Value>104</Value>
            </HeartRateBpm>
            <Extensions>
              <ns3:TPX>
                <ns3:Speed>1.156999945640564</ns3:Speed>
                <ns3:RunCadence>62</ns3:RunCadence>
              </ns3:TPX>
            </Extensions>
          </Trackpoint>
          <Trackpoint>
            <Time>2025-07-08T14:06:41.000Z</Time>
            <Position>
              <LatitudeDegrees>43.1284820381552</LatitudeDegrees>
              <LongitudeDegrees>-2.583041461184621</LongitudeDegrees>
            </Position>
            <AltitudeMeters>168.1999969482422</AltitudeMeters>
            <DistanceMeters>184.75</DistanceMeters>
            <HeartRateBpm>
              <Value>103</Value>
            </HeartRateBpm>
            <Extensions>
              <ns3:TPX>
                <ns3:Speed>1.1380000114440918</ns3:Speed>
                <ns3:RunCadence>0</ns3:RunCadence>
              </ns3:TPX>
            </Extensions>
          </Trackpoint>
          <Trackpoint>
            <Time>2025-07-08T14:06:42.000Z</Time>
            <Position>
              <LatitudeDegrees>43.12846695072949</LatitudeDegrees>
              <LongitudeDegrees>-2.5830398686230183</LongitudeDegrees>
            </Position>
            <AltitudeMeters>168.1999969482422</AltitudeMeters>
            <DistanceMeters>186.3699951171875</DistanceMeters>
            <HeartRateBpm>
              <Value>105</Value>
            </HeartRateBpm>
            <Extensions>
              <ns3:TPX>
                <ns3:Speed>1.156999945640564</ns3:Speed>
                <ns3:RunCadence>0</ns3:RunCadence>
              </ns3:TPX>
            </Extensions>
          </Trackpoint>
          <Trackpoint>
            <Time>2025-07-08T14:06:49.000Z</Time>
            <Position>
              <LatitudeDegrees>43.128366619348526</LatitudeDegrees>
              <LongitudeDegrees>-2.5830354262143373</LongitudeDegrees>
            </Position>
            <AltitudeMeters>168.39999389648438</AltitudeMeters>
            <DistanceMeters>199.39999389648438</DistanceMeters>
            <HeartRateBpm>
              <Value>102</Value>
            </HeartRateBpm>
            <Extensions>
              <ns3:TPX>
                <ns3:Speed>1.4930000305175781</ns3:Speed>
                <ns3:RunCadence>59</ns3:RunCadence>
              </ns3:TPX>
            </Extensions>
          </Trackpoint>
          <Trackpoint>
            <Time>2025-07-08T14:06:52.000Z</Time>
            <Position>
              <LatitudeDegrees>43.128330409526825</LatitudeDegrees>
              <LongitudeDegrees>-2.583045568317175</LongitudeDegrees>
            </Position>
            <AltitudeMeters>168.1999969482422</AltitudeMeters>
            <DistanceMeters>202.7100067138672</DistanceMeters>
            <HeartRateBpm>
              <Value>101</Value>
            </HeartRateBpm>
            <Extensions>
              <ns3:TPX>
                <ns3:Speed>1.38100004196167</ns3:Speed>
                <ns3:RunCadence>58</ns3:RunCadence>
              </ns3:TPX>
            </Extensions>
          </Trackpoint>
          <Trackpoint>
            <Time>2025-07-08T14:06:54.000Z</Time>
            <Position>
              <LatitudeDegrees>43.12831758521497</LatitudeDegrees>
              <LongitudeDegrees>-2.5830435566604137</LongitudeDegrees>
            </Position>
            <AltitudeMeters>168.1999969482422</AltitudeMeters>
            <DistanceMeters>204.13999938964844</DistanceMeters>
            <HeartRateBpm>
              <Value>102</Value>
            </HeartRateBpm>
            <Extensions>
              <ns3:TPX>
                <ns3:Speed>1.343999981880188</ns3:Speed>
                <ns3:RunCadence>59</ns3:RunCadence>
              </ns3:TPX>
            </Extensions>
          </Trackpoint>
          <Trackpoint>
            <Time>2025-07-08T14:06:55.000Z</Time>
            <Position>
              <LatitudeDegrees>43.1283107958734</LatitudeDegrees>
              <LongitudeDegrees>-2.5830397848039865</LongitudeDegrees>
            </Position>
            <AltitudeMeters>168.1999969482422</AltitudeMeters>
            <DistanceMeters>204.13999938964844</DistanceMeters>
            <HeartRateBpm>
              <Value>102</Value>
            </HeartRateBpm>
            <Extensions>
              <ns3:TPX>
                <ns3:Speed>1.2410000562667847</ns3:Speed>
                <ns3:RunCadence>0</ns3:RunCadence>
              </ns3:TPX>
            </Extensions>
          </Trackpoint>
          <Trackpoint>
            <Time>2025-07-08T14:07:01.000Z</Time>
            <Position>
              <LatitudeDegrees>43.128272322937846</LatitudeDegrees>
              <LongitudeDegrees>-2.583007514476776</LongitudeDegrees>
            </Position>
            <AltitudeMeters>168.0</AltitudeMeters>
            <DistanceMeters>205.3300018310547</DistanceMeters>
            <HeartRateBpm>
              <Value>105</Value>
            </HeartRateBpm>
            <Extensions>
              <ns3:TPX>
                <ns3:Speed>1.0640000104904175</ns3:Speed>
                <ns3:RunCadence>0</ns3:RunCadence>
              </ns3:TPX>
            </Extensions>
          </Trackpoint>
          <Trackpoint>
            <Time>2025-07-08T14:07:02.000Z</Time>
            <Position>
              <LatitudeDegrees>43.12826662324369</LatitudeDegrees>
              <LongitudeDegrees>-2.583007514476776</LongitudeDegrees>
            </Position>
            <AltitudeMeters>168.0</AltitudeMeters>
            <DistanceMeters>205.3300018310547</DistanceMeters>
            <HeartRateBpm>
              <Value>105</Value>
            </HeartRateBpm>
            <Extensions>
              <ns3:TPX>
                <ns3:Speed>1.0449999570846558</ns3:Speed>
                <ns3:RunCadence>0</ns3:RunCadence>
              </ns3:TPX>
            </Extensions>
          </Trackpoint>
          <Trackpoint>
            <Time>2025-07-08T14:07:04.000Z</Time>
            <Position>
              <LatitudeDegrees>43.128250278532505</LatitudeDegrees>
              <LongitudeDegrees>-2.583013130351901</LongitudeDegrees>
            </Position>
            <AltitudeMeters>168.0</AltitudeMeters>
            <DistanceMeters>206.66000366210938</DistanceMeters>
            <HeartRateBpm>
              <Value>103</Value>
            </HeartRateBpm>
            <Extensions>
              <ns3:TPX>
                <ns3:Speed>1.0169999599456787</ns3:Speed>
                <ns3:RunCadence>0</ns3:RunCadence>
              </ns3:TPX>
            </Extensions>
          </Trackpoint>
          <Trackpoint>
            <Time>2025-07-08T14:07:08.000Z</Time>
            <Position>
              <LatitudeDegrees>43.128219936043024</LatitudeDegrees>
              <LongitudeDegrees>-2.5830354262143373</LongitudeDegrees>
            </Position>
            <AltitudeMeters>168.0</AltitudeMeters>
            <DistanceMeters>211.92999267578125</DistanceMeters>
            <HeartRateBpm>
              <Value>101</Value>
            </HeartRateBpm>
            <Extensions>
              <ns3:TPX>
                <ns3:Speed>1.0820000171661377</ns3:Speed>
                <ns3:RunCadence>0</ns3:RunCadence>
              </ns3:TPX>
            </Extensions>
          </Trackpoint>
          <Trackpoint>
            <Time>2025-07-08T14:07:15.000Z</Time>
            <Position>
              <LatitudeDegrees>43.128162771463394</LatitudeDegrees>
              <LongitudeDegrees>-2.5830920040607452</LongitudeDegrees>
            </Position>
            <AltitudeMeters>168.1999969482422</AltitudeMeters>
            <DistanceMeters>223.6199951171875</DistanceMeters>
            <HeartRateBpm>
              <Value>104</Value>
            </HeartRateBpm>
            <Extensions>
              <ns3:TPX>
                <ns3:Speed>1.4559999704360962</ns3:Speed>
                <ns3:RunCadence>60</ns3:RunCadence>
              </ns3:TPX>
            </Extensions>
          </Trackpoint>
          <Trackpoint>
            <Time>2025-07-08T14:07:20.000Z</Time>
            <Position>
              <LatitudeDegrees>43.12808238901198</LatitudeDegrees>
              <LongitudeDegrees>-2.583103235810995</LongitudeDegrees>
            </Position>
            <AltitudeMeters>168.39999389648438</AltitudeMeters>
            <DistanceMeters>233.77999877929688</DistanceMeters>
            <HeartRateBpm>
              <Value>101</Value>
            </HeartRateBpm>
            <Extensions>
              <ns3:TPX>
                <ns3:Speed>1.6330000162124634</ns3:Speed>
                <ns3:RunCadence>60</ns3:RunCadence>
              </ns3:TPX>
            </Extensions>
          </Trackpoint>
          <Trackpoint>
            <Time>2025-07-08T14:07:22.000Z</Time>
            <Position>
              <LatitudeDegrees>43.12805078923702</LatitudeDegrees>
              <LongitudeDegrees>-2.583108516409993</LongitudeDegrees>
            </Position>
            <AltitudeMeters>168.60000610351562</AltitudeMeters>
            <DistanceMeters>237.0</DistanceMeters>
            <HeartRateBpm>
              <Value>103</Value>
            </HeartRateBpm>
            <Extensions>
              <ns3:TPX>
                <ns3:Speed>1.6419999599456787</ns3:Speed>
                <ns3:RunCadence>59</ns3:RunCadence>
              </ns3:TPX>
            </Extensions>
          </Trackpoint>
          <Trackpoint>
            <Time>2025-07-08T14:07:27.000Z</Time>
            <Position>
              <LatitudeDegrees>43.1279672216624</LatitudeDegrees>
              <LongitudeDegrees>-2.5831313990056515</LongitudeDegrees>
            </Position>
            <AltitudeMeters>168.60000610351562</AltitudeMeters>
            <DistanceMeters>244.4600067138672</DistanceMeters>
            <HeartRateBpm>
              <Value>103</Value>
            </HeartRateBpm>
            <Extensions>
              <ns3:TPX>
                <ns3:Speed>1.5019999742507935</ns3:Speed>
                <ns3:RunCadence>59</ns3:RunCadence>
              </ns3:TPX>
            </Extensions>
          </Trackpoint>
          <Trackpoint>
            <Time>2025-07-08T14:07:32.000Z</Time>
            <Position>
              <LatitudeDegrees>43.12787200324237</LatitudeDegrees>
              <LongitudeDegrees>-2.5831464864313602</LongitudeDegrees>
            </Position>
            <AltitudeMeters>168.39999389648438</AltitudeMeters>
            <DistanceMeters>253.49000549316406</DistanceMeters>
            <HeartRateBpm>
              <Value>103</Value>
            </HeartRateBpm>
            <Extensions>
              <ns3:TPX>
                <ns3:Speed>1.5770000219345093</ns3:Speed>
                <ns3:RunCadence>60</ns3:RunCadence>
              </ns3:TPX>
            </Extensions>
          </Trackpoint>
          <Trackpoint>
            <Time>2025-07-08T14:07:33.000Z</Time>
            <Position>
              <LatitudeDegrees>43.12785733491182</LatitudeDegrees>
              <LongitudeDegrees>-2.583152772858739</LongitudeDegrees>
            </Position>
            <AltitudeMeters>168.39999389648438</AltitudeMeters>
            <DistanceMeters>255.8699951171875</DistanceMeters>
            <HeartRateBpm>
              <Value>103</Value>
            </HeartRateBpm>
            <Extensions>
              <ns3:TPX>
                <ns3:Speed>1.6519999504089355</ns3:Speed>
                <ns3:RunCadence>60</ns3:RunCadence>
              </ns3:TPX>
            </Extensions>
          </Trackpoint>
          <Trackpoint>
            <Time>2025-07-08T14:07:34.000Z</Time>
            <Position>
              <LatitudeDegrees>43.12784576788545</LatitudeDegrees>
              <LongitudeDegrees>-2.5831573829054832</LongitudeDegrees>
            </Position>
            <AltitudeMeters>168.60000610351562</AltitudeMeters>
            <DistanceMeters>257.760009765625</DistanceMeters>
            <HeartRateBpm>
              <Value>103</Value>
            </HeartRateBpm>
            <Extensions>
              <ns3:TPX>
                <ns3:Speed>1.7079999446868896</ns3:Speed>
                <ns3:RunCadence>60</ns3:RunCadence>
              </ns3:TPX>
            </Extensions>
          </Trackpoint>
          <Trackpoint>
            <Time>2025-07-08T14:07:37.000Z</Time>
            <Position>
              <LatitudeDegrees>43.12780922278762</LatitudeDegrees>
              <LongitudeDegrees>-2.5831800140440464</LongitudeDegrees>
            </Position>
            <AltitudeMeters>168.60000610351562</AltitudeMeters>
            <DistanceMeters>262.8500061035156</DistanceMeters>
            <HeartRateBpm>
              <Value>103</Value>
            </HeartRateBpm>
            <Extensions>
              <ns3:TPX>
                <ns3:Speed>1.7170000076293945</ns3:Speed>
                <ns3:RunCadence>61</ns3:RunCadence>
              </ns3:TPX>
            </Extensions>
          </Trackpoint>
          <Trackpoint>
            <Time>2025-07-08T14:07:42.000Z</Time>
            <Position>
              <LatitudeDegrees>43.12773856334388</LatitudeDegrees>
              <LongitudeDegrees>-2.583209350705147</LongitudeDegrees>
            </Position>
            <AltitudeMeters>168.8000030517578</AltitudeMeters>
            <DistanceMeters>270.6000061035156</DistanceMeters>
            <HeartRateBpm>
              <Value>102</Value>
            </HeartRateBpm>
            <Extensions>
              <ns3:TPX>
                <ns3:Speed>1.6610000133514404</ns3:Speed>
                <ns3:RunCadence>59</ns3:RunCadence>
              </ns3:TPX>
            </Extensions>
          </Trackpoint>
          <Trackpoint>
            <Time>2025-07-08T14:07:44.000Z</Time>
            <Position>
              <LatitudeDegrees>43.1277100648731</LatitudeDegrees>
              <LongitudeDegrees>-2.583213122561574</LongitudeDegrees>
            </Position>
            <AltitudeMeters>169.0</AltitudeMeters>
            <DistanceMeters>273.4200134277344</DistanceMeters>
            <HeartRateBpm>
              <Value>102</Value>
            </HeartRateBpm>
            <Extensions>
              <ns3:TPX>
                <ns3:Speed>1.6239999532699585</ns3:Speed>
                <ns3:RunCadence>59</ns3:RunCadence>
              </ns3:TPX>
            </Extensions>
          </Trackpoint>
          <Trackpoint>
            <Time>2025-07-08T14:07:48.000Z</Time>
            <Position>
              <LatitudeDegrees>43.12765331938863</LatitudeDegrees>
              <LongitudeDegrees>-2.5832279585301876</LongitudeDegrees>
            </Position>
            <AltitudeMeters>169.1999969482422</AltitudeMeters>
            <DistanceMeters>279.6099853515625</DistanceMeters>
            <HeartRateBpm>
              <Value>102</Value>
            </HeartRateBpm>
            <Extensions>
              <ns3:TPX>
                <ns3:Speed>1.6239999532699585</ns3:Speed>
                <ns3:RunCadence>59</ns3:RunCadence>
              </ns3:TPX>
            </Extensions>
          </Trackpoint>
          <Trackpoint>
            <Time>2025-07-08T14:07:49.000Z</Time>
            <Position>
              <LatitudeDegrees>43.12763697467744</LatitudeDegrees>
              <LongitudeDegrees>-2.5832300540059805</LongitudeDegrees>
            </Position>
            <AltitudeMeters>169.1999969482422</AltitudeMeters>
            <DistanceMeters>281.2699890136719</DistanceMeters>
            <HeartRateBpm>
              <Value>101</Value>
            </HeartRateBpm>
            <Extensions>
              <ns3:TPX>
                <ns3:Speed>1.5959999561309814</ns3:Speed>
                <ns3:RunCadence>58</ns3:RunCadence>
              </ns3:TPX>
            </Extensions>
          </Trackpoint>
          <Trackpoint>
            <Time>2025-07-08T14:07:54.000Z</Time>
            <Position>
              <LatitudeDegrees>43.12757293693721</LatitudeDegrees>
              <LongitudeDegrees>-2.5832464825361967</LongitudeDegrees>
            </Position>
            <AltitudeMeters>169.1999969482422</AltitudeMeters>
            <DistanceMeters>288.7699890136719</DistanceMeters>
            <HeartRateBpm>
              <Value>101</Value>
            </HeartRateBpm>
            <Extensions>
              <ns3:TPX>
                <ns3:Speed>1.5859999656677246</ns3:Speed>
                <ns3:RunCadence>59</ns3:RunCadence>
              </ns3:TPX>
            </Extensions>
          </Trackpoint>
          <Trackpoint>
            <Time>2025-07-08T14:07:55.000Z</Time>
            <Position>
              <LatitudeDegrees>43.12756011262536</LatitudeDegrees>
              <LongitudeDegrees>-2.583246733993292</LongitudeDegrees>
            </Position>
            <AltitudeMeters>169.1999969482422</AltitudeMeters>
            <DistanceMeters>290.05999755859375</DistanceMeters>
            <HeartRateBpm>
              <Value>102</Value>
            </HeartRateBpm>
            <Extensions>
              <ns3:TPX>
                <ns3:Speed>1.5679999589920044</ns3:Speed>
                <ns3:RunCadence>59</ns3:RunCadence>
              </ns3:TPX>
            </Extensions>
          </Trackpoint>
          <Trackpoint>
            <Time>2025-07-08T14:08:01.000Z</Time>
            <Position>
              <LatitudeDegrees>43.12746766023338</LatitudeDegrees>
              <LongitudeDegrees>-2.583233406767249</LongitudeDegrees>
            </Position>
            <AltitudeMeters>169.0</AltitudeMeters>
            <DistanceMeters>298.3500061035156</DistanceMeters>
            <HeartRateBpm>
              <Value>102</Value>
            </HeartRateBpm>
            <Extensions>
              <ns3:TPX>
                <ns3:Speed>1.5399999618530273</ns3:Speed>
                <ns3:RunCadence>59</ns3:RunCadence>
              </ns3:TPX>
            </Extensions>
          </Trackpoint>
          <Trackpoint>
            <Time>2025-07-08T14:08:08.000Z</Time>
            <Position>
              <LatitudeDegrees>43.12732977792621</LatitudeDegrees>
              <LongitudeDegrees>-2.5832373462617397</LongitudeDegrees>
            </Position>
            <AltitudeMeters>169.39999389648438</AltitudeMeters>
            <DistanceMeters>312.1600036621094</DistanceMeters>
            <HeartRateBpm>
              <Value>104</Value>
            </HeartRateBpm>
            <Extensions>
              <ns3:TPX>
                <ns3:Speed>1.5859999656677246</ns3:Speed>
                <ns3:RunCadence>59</ns3:RunCadence>
              </ns3:TPX>
            </Extensions>
          </Trackpoint>
          <Trackpoint>
            <Time>2025-07-08T14:08:16.000Z</Time>
            <Position>
              <LatitudeDegrees>43.12723313458264</LatitudeDegrees>
              <LongitudeDegrees>-2.5832227617502213</LongitudeDegrees>
            </Position>
            <AltitudeMeters>170.39999389648438</AltitudeMeters>
            <DistanceMeters>326.3500061035156</DistanceMeters>
            <HeartRateBpm>
              <Value>104</Value>
            </HeartRateBpm>
            <Extensions>
              <ns3:TPX>
                <ns3:Speed>1.6239999532699585</ns3:Speed>
                <ns3:RunCadence>60</ns3:RunCadence>
              </ns3:TPX>
            </Extensions>
          </Trackpoint>
          <Trackpoint>
            <Time>2025-07-08T14:08:17.000Z</Time>
            <Position>
              <LatitudeDegrees>43.127220226451755</LatitudeDegrees>
              <LongitudeDegrees>-2.583227539435029</LongitudeDegrees>
            </Position>
            <AltitudeMeters>170.39999389648438</AltitudeMeters>
            <DistanceMeters>327.69000244140625</DistanceMeters>
            <HeartRateBpm>
              <Value>104</Value>
            </HeartRateBpm>
            <Extensions>
              <ns3:TPX>
                <ns3:Speed>1.6239999532699585</ns3:Speed>
                <ns3:RunCadence>59</ns3:RunCadence>
              </ns3:TPX>
            </Extensions>
          </Trackpoint>
          <Trackpoint>
            <Time>2025-07-08T14:08:20.000Z</Time>
            <Position>
              <LatitudeDegrees>43.12717010267079</LatitudeDegrees>
              <LongitudeDegrees>-2.5832542777061462</LongitudeDegrees>
            </Position>
            <AltitudeMeters>170.39999389648438</AltitudeMeters>
            <DistanceMeters>331.5400085449219</DistanceMeters>
            <HeartRateBpm>
              <Value>105</Value>
            </HeartRateBpm>
            <Extensions>
              <ns3:TPX>
                <ns3:Speed>1.5959999561309814</ns3:Speed>
                <ns3:RunCadence>58</ns3:RunCadence>
              </ns3:TPX>
            </Extensions>
          </Trackpoint>
          <Trackpoint>
            <Time>2025-07-08T14:08:24.000Z</Time>
            <Position>
              <LatitudeDegrees>43.12710287980735</LatitudeDegrees>
              <LongitudeDegrees>-2.5832892302423716</LongitudeDegrees>
            </Position>
            <AltitudeMeters>170.39999389648438</AltitudeMeters>
            <DistanceMeters>337.05999755859375</DistanceMeters>
            <HeartRateBpm>
              <Value>106</Value>
            </HeartRateBpm>
            <Extensions>
              <ns3:TPX>
                <ns3:Speed>1.5679999589920044</ns3:Speed>
                <ns3:RunCadence>59</ns3:RunCadence>
              </ns3:TPX>
            </Extensions>
          </Trackpoint>
          <Trackpoint>
            <Time>2025-07-08T14:08:25.000Z</Time>
            <Position>
              <LatitudeDegrees>43.127087289467454</LatitudeDegrees>
              <LongitudeDegrees>-2.5832971930503845</LongitudeDegrees>
            </Position>
            <AltitudeMeters>170.39999389648438</AltitudeMeters>
            <DistanceMeters>338.739990234375</DistanceMeters>
            <HeartRateBpm>
              <Value>104</Value>
            </HeartRateBpm>
            <Extensions>
              <ns3:TPX>
                <ns3:Speed>1.5679999589920044</ns3:Speed>
                <ns3:RunCadence>59</ns3:RunCadence>
              </ns3:TPX>
            </Extensions>
          </Trackpoint>
          <Trackpoint>
            <Time>2025-07-08T14:08:29.000Z</Time>
            <Position>
              <LatitudeDegrees>43.127016546204686</LatitudeDegrees>
              <LongitudeDegrees>-2.583321165293455</LongitudeDegrees>
            </Position>
            <AltitudeMeters>170.1999969482422</AltitudeMeters>
            <DistanceMeters>345.3599853515625</DistanceMeters>
            <HeartRateBpm>
              <Value>103</Value>
            </HeartRateBpm>
            <Extensions>
              <ns3:TPX>
                <ns3:Speed>1.5679999589920044</ns3:Speed>
                <ns3:RunCadence>60</ns3:RunCadence>
              </ns3:TPX>
            </Extensions>
          </Trackpoint>
          <Trackpoint>
            <Time>2025-07-08T14:08:30.000Z</Time>
            <Position>
              <LatitudeDegrees>43.12699751928449</LatitudeDegrees>
              <LongitudeDegrees>-2.5833275355398655</LongitudeDegrees>
            </Position>
            <AltitudeMeters>170.1999969482422</AltitudeMeters>
            <DistanceMeters>346.8999938964844</DistanceMeters>
            <HeartRateBpm>
              <Value>104</Value>
            </HeartRateBpm>
            <Extensions>
              <ns3:TPX>
                <ns3:Speed>1.5679999589920044</ns3:Speed>
                <ns3:RunCadence>60</ns3:RunCadence>
              </ns3:TPX>
            </Extensions>
          </Trackpoint>
          <Trackpoint>
            <Time>2025-07-08T14:08:36.000Z</Time>
            <Position>
              <LatitudeDegrees>43.12690238468349</LatitudeDegrees>
              <LongitudeDegrees>-2.583370953798294</LongitudeDegrees>
            </Position>
            <AltitudeMeters>170.0</AltitudeMeters>
            <DistanceMeters>357.94000244140625</DistanceMeters>
            <HeartRateBpm>
              <Value>104</Value>
            </HeartRateBpm>
            <Extensions>
              <ns3:TPX>
                <ns3:Speed>1.5679999589920044</ns3:Speed>
                <ns3:RunCadence>59</ns3:RunCadence>
              </ns3:TPX>
            </Extensions>
          </Trackpoint>
          <Trackpoint>
            <Time>2025-07-08T14:08:43.000Z</Time>
            <Position>
              <LatitudeDegrees>43.12679082155228</LatitudeDegrees>
              <LongitudeDegrees>-2.583442870527506</LongitudeDegrees>
            </Position>
            <AltitudeMeters>170.39999389648438</AltitudeMeters>
            <DistanceMeters>369.0199890136719</DistanceMeters>
            <HeartRateBpm>
              <Value>105</Value>
            </HeartRateBpm>
            <Extensions>
              <ns3:TPX>
                <ns3:Speed>1.5679999589920044</ns3:Speed>
                <ns3:RunCadence>58</ns3:RunCadence>
              </ns3:TPX>
            </Extensions>
          </Trackpoint>
          <Trackpoint>
            <Time>2025-07-08T14:08:47.000Z</Time>
            <Position>
              <LatitudeDegrees>43.12673466280103</LatitudeDegrees>
              <LongitudeDegrees>-2.5834523420780897</LongitudeDegrees>
            </Position>
            <AltitudeMeters>170.60000610351562</AltitudeMeters>
            <DistanceMeters>374.1499938964844</DistanceMeters>
            <HeartRateBpm>
              <Value>104</Value>
            </HeartRateBpm>
            <Extensions>
              <ns3:TPX>
                <ns3:Speed>1.5399999618530273</ns3:Speed>
                <ns3:RunCadence>59</ns3:RunCadence>
              </ns3:TPX>
            </Extensions>
          </Trackpoint>
          <Trackpoint>
            <Time>2025-07-08T14:08:48.000Z</Time>
            <Position>
              <LatitudeDegrees>43.12671781517565</LatitudeDegrees>
              <LongitudeDegrees>-2.5834577064961195</LongitudeDegrees>
            </Position>
            <AltitudeMeters>170.8000030517578</AltitudeMeters>
            <DistanceMeters>375.6600036621094</DistanceMeters>
            <HeartRateBpm>
              <Value>107</Value>
            </HeartRateBpm>
            <Extensions>
              <ns3:TPX>
                <ns3:Speed>1.5399999618530273</ns3:Speed>
                <ns3:RunCadence>59</ns3:RunCadence>
              </ns3:TPX>
            </Extensions>
          </Trackpoint>
          <Trackpoint>
            <Time>2025-07-08T14:08:49.000Z</Time>
            <Position>
              <LatitudeDegrees>43.126700296998024</LatitudeDegrees>
              <LongitudeDegrees>-2.5834600534290075</LongitudeDegrees>
            </Position>
            <AltitudeMeters>170.8000030517578</AltitudeMeters>
            <DistanceMeters>376.67999267578125</DistanceMeters>
            <HeartRateBpm>
              <Value>106</Value>
            </HeartRateBpm>
            <Extensions>
              <ns3:TPX>
                <ns3:Speed>1.5299999713897705</ns3:Speed>
                <ns3:RunCadence>59</ns3:RunCadence>
              </ns3:TPX>
            </Extensions>
          </Trackpoint>
          <Trackpoint>
            <Time>2025-07-08T14:08:54.000Z</Time>
            <Position>
              <LatitudeDegrees>43.126619746908545</LatitudeDegrees>
              <LongitudeDegrees>-2.5834541860967875</LongitudeDegrees>
            </Position>
            <AltitudeMeters>171.0</AltitudeMeters>
            <DistanceMeters>385.5899963378906</DistanceMeters>
            <HeartRateBpm>
              <Value>103</Value>
            </HeartRateBpm>
            <Extensions>
              <ns3:TPX>
                <ns3:Speed>1.5299999713897705</ns3:Speed>
                <ns3:RunCadence>0</ns3:RunCadence>
              </ns3:TPX>
            </Extensions>
          </Trackpoint>
          <Trackpoint>
            <Time>2025-07-08T14:08:55.000Z</Time>
            <Position>
              <LatitudeDegrees>43.12660398893058</LatitudeDegrees>
              <LongitudeDegrees>-2.583450833335519</LongitudeDegrees>
            </Position>
            <AltitudeMeters>170.8000030517578</AltitudeMeters>
            <DistanceMeters>387.5299987792969</DistanceMeters>
            <HeartRateBpm>
              <Value>104</Value>
            </HeartRateBpm>
            <Extensions>
              <ns3:TPX>
                <ns3:Speed>1.5399999618530273</ns3:Speed>
                <ns3:RunCadence>0</ns3:RunCadence>
              </ns3:TPX>
            </Extensions>
          </Trackpoint>
          <Trackpoint>
            <Time>2025-07-08T14:08:58.000Z</Time>
            <Position>
              <LatitudeDegrees>43.126572808250785</LatitudeDegrees>
              <LongitudeDegrees>-2.583450162783265</LongitudeDegrees>
            </Position>
            <AltitudeMeters>170.60000610351562</AltitudeMeters>
            <DistanceMeters>389.9700012207031</DistanceMeters>
            <HeartRateBpm>
              <Value>106</Value>
            </HeartRateBpm>
            <Extensions>
              <ns3:TPX>
                <ns3:Speed>1.5399999618530273</ns3:Speed>
                <ns3:RunCadence>0</ns3:RunCadence>
              </ns3:TPX>
            </Extensions>
          </Trackpoint>
          <Trackpoint>
            <Time>2025-07-08T14:09:00.000Z</Time>
            <Position>
              <LatitudeDegrees>43.12655495479703</LatitudeDegrees>
              <LongitudeDegrees>-2.5834556110203266</LongitudeDegrees>
            </Position>
            <AltitudeMeters>170.39999389648438</AltitudeMeters>
            <DistanceMeters>390.79998779296875</DistanceMeters>
            <HeartRateBpm>
              <Value>105</Value>
            </HeartRateBpm>
            <Extensions>
              <ns3:TPX>
                <ns3:Speed>1.5210000276565552</ns3:Speed>
                <ns3:RunCadence>0</ns3:RunCadence>
              </ns3:TPX>
            </Extensions>
          </Trackpoint>
          <Trackpoint>
            <Time>2025-07-08T14:09:04.000Z</Time>
            <Position>
              <LatitudeDegrees>43.12651723623276</LatitudeDegrees>
              <LongitudeDegrees>-2.5834862887859344</LongitudeDegrees>
            </Position>
            <AltitudeMeters>170.60000610351562</AltitudeMeters>
            <DistanceMeters>394.0899963378906</DistanceMeters>
            <HeartRateBpm>
              <Value>104</Value>
            </HeartRateBpm>
            <Extensions>
              <ns3:TPX>
                <ns3:Speed>1.4559999704360962</ns3:Speed>
                <ns3:RunCadence>0</ns3:RunCadence>
              </ns3:TPX>
            </Extensions>
          </Trackpoint>
          <Trackpoint>
            <Time>2025-07-08T14:09:05.000Z</Time>
            <Position>
              <LatitudeDegrees>43.12650600448251</LatitudeDegrees>
              <LongitudeDegrees>-2.5834994483739138</LongitudeDegrees>
            </Position>
            <AltitudeMeters>170.60000610351562</AltitudeMeters>
            <DistanceMeters>395.19000244140625</DistanceMeters>
            <HeartRateBpm>
              <Value>105</Value>
            </HeartRateBpm>
            <Extensions>
              <ns3:TPX>
                <ns3:Speed>1.4179999828338623</ns3:Speed>
                <ns3:RunCadence>0</ns3:RunCadence>
              </ns3:TPX>
            </Extensions>
          </Trackpoint>
          <Trackpoint>
            <Time>2025-07-08T14:09:10.000Z</Time>
            <Position>
              <LatitudeDegrees>43.126449678093195</LatitudeDegrees>
              <LongitudeDegrees>-2.583558540791273</LongitudeDegrees>
            </Position>
            <AltitudeMeters>171.0</AltitudeMeters>
            <DistanceMeters>404.1199951171875</DistanceMeters>
            <HeartRateBpm>
              <Value>103</Value>
            </HeartRateBpm>
            <Extensions>
              <ns3:TPX>
                <ns3:Speed>1.4839999675750732</ns3:Speed>
                <ns3:RunCadence>60</ns3:RunCadence>
              </ns3:TPX>
            </Extensions>
          </Trackpoint>
          <Trackpoint>
            <Time>2025-07-08T14:09:12.000Z</Time>
            <Position>
              <LatitudeDegrees>43.12643123790622</LatitudeDegrees>
              <LongitudeDegrees>-2.583579244092107</LongitudeDegrees>
            </Position>
            <AltitudeMeters>171.1999969482422</AltitudeMeters>
            <DistanceMeters>406.5</DistanceMeters>
            <HeartRateBpm>
              <Value>106</Value>
            </HeartRateBpm>
            <Extensions>
              <ns3:TPX>
                <ns3:Speed>1.5210000276565552</ns3:Speed>
                <ns3:RunCadence>61</ns3:RunCadence>
              </ns3:TPX>
            </Extensions>
          </Trackpoint>
          <Trackpoint>
            <Time>2025-07-08T14:09:13.000Z</Time>
            <Position>
              <LatitudeDegrees>43.12642050907016</LatitudeDegrees>
              <LongitudeDegrees>-2.5835893023759127</LongitudeDegrees>
            </Position>
            <AltitudeMeters>171.1999969482422</AltitudeMeters>
            <DistanceMeters>408.0799865722656</DistanceMeters>
            <HeartRateBpm>
              <Value>106</Value>
            </HeartRateBpm>
            <Extensions>
              <ns3:TPX>
                <ns3:Speed>1.5299999713897705</ns3:Speed>
                <ns3:RunCadence>60</ns3:RunCadence>
              </ns3:TPX>
            </Extensions>
          </Trackpoint>
          <Trackpoint>
            <Time>2025-07-08T14:09:15.000Z</Time>
            <Position>
              <LatitudeDegrees>43.12640014104545</LatitudeDegrees>
              <LongitudeDegrees>-2.5836123526096344</LongitudeDegrees>
            </Position>
            <AltitudeMeters>171.1999969482422</AltitudeMeters>
            <DistanceMeters>412.4700012207031</DistanceMeters>
            <HeartRateBpm>
              <Value>107</Value>
            </HeartRateBpm>
            <Extensions>
              <ns3:TPX>
                <ns3:Speed>1.5679999589920044</ns3:Speed>
                <ns3:RunCadence>59</ns3:RunCadence>
              </ns3:TPX>
            </Extensions>
          </Trackpoint>
          <Trackpoint>
            <Time>2025-07-08T14:09:20.000Z</Time>
            <Position>
              <LatitudeDegrees>43.12633811496198</LatitudeDegrees>
              <LongitudeDegrees>-2.583664068952203</LongitudeDegrees>
            </Position>
            <AltitudeMeters>171.1999969482422</AltitudeMeters>
            <DistanceMeters>422.3999938964844</DistanceMeters>
            <HeartRateBpm>
              <Value>110</Value>
            </HeartRateBpm>
            <Extensions>
              <ns3:TPX>
                <ns3:Speed>1.6519999504089355</ns3:Speed>
                <ns3:RunCadence>60</ns3:RunCadence>
              </ns3:TPX>
            </Extensions>
          </Trackpoint>
          <Trackpoint>
            <Time>2025-07-08T14:09:21.000Z</Time>
            <Position>
              <LatitudeDegrees>43.12632545828819</LatitudeDegrees>
              <LongitudeDegrees>-2.5836736243218184</LongitudeDegrees>
            </Position>
            <AltitudeMeters>171.39999389648438</AltitudeMeters>
            <DistanceMeters>423.7699890136719</DistanceMeters>
            <HeartRateBpm>
              <Value>107</Value>
            </HeartRateBpm>
            <Extensions>
              <ns3:TPX>
                <ns3:Speed>1.6419999599456787</ns3:Speed>
                <ns3:RunCadence>59</ns3:RunCadence>
              </ns3:TPX>
            </Extensions>
          </Trackpoint>
          <Trackpoint>
            <Time>2025-07-08T14:09:22.000Z</Time>
            <Position>
              <LatitudeDegrees>43.12631347216666</LatitudeDegrees>
              <LongitudeDegrees>-2.5836826767772436</LongitudeDegrees>
            </Position>
            <AltitudeMeters>171.60000610351562</AltitudeMeters>
            <DistanceMeters>424.8800048828125</DistanceMeters>
            <HeartRateBpm>
              <Value>108</Value>
            </HeartRateBpm>
            <Extensions>
              <ns3:TPX>
                <ns3:Speed>1.6139999628067017</ns3:Speed>
                <ns3:RunCadence>59</ns3:RunCadence>
              </ns3:TPX>
            </Extensions>
          </Trackpoint>
          <Trackpoint>
            <Time>2025-07-08T14:09:24.000Z</Time>
            <Position>
              <LatitudeDegrees>43.12628069892526</LatitudeDegrees>
              <LongitudeDegrees>-2.583696423098445</LongitudeDegrees>
            </Position>
            <AltitudeMeters>171.60000610351562</AltitudeMeters>
            <DistanceMeters>427.4200134277344</DistanceMeters>
            <HeartRateBpm>
              <Value>110</Value>
            </HeartRateBpm>
            <Extensions>
              <ns3:TPX>
                <ns3:Speed>1.5859999656677246</ns3:Speed>
                <ns3:RunCadence>60</ns3:RunCadence>
              </ns3:TPX>
            </Extensions>
          </Trackpoint>
          <Trackpoint>
            <Time>2025-07-08T14:09:28.000Z</Time>
            <Position>
              <LatitudeDegrees>43.12620752491057</LatitudeDegrees>
              <LongitudeDegrees>-2.583723831921816</LongitudeDegrees>
            </Position>
            <AltitudeMeters>172.0</AltitudeMeters>
            <DistanceMeters>434.80999755859375</DistanceMeters>
            <HeartRateBpm>
              <Value>111</Value>
            </HeartRateBpm>
            <Extensions>
              <ns3:TPX>
                <ns3:Speed>1.5859999656677246</ns3:Speed>
                <ns3:RunCadence>59</ns3:RunCadence>
              </ns3:TPX>
            </Extensions>
          </Trackpoint>
          <Trackpoint>
            <Time>2025-07-08T14:09:36.000Z</Time>
            <Position>
              <LatitudeDegrees>43.12611130066216</LatitudeDegrees>
              <LongitudeDegrees>-2.5838094111531973</LongitudeDegrees>
            </Position>
            <AltitudeMeters>172.1999969482422</AltitudeMeters>
            <DistanceMeters>448.4599914550781</DistanceMeters>
            <HeartRateBpm>
              <Value>111</Value>
            </HeartRateBpm>
            <Extensions>
              <ns3:TPX>
                <ns3:Speed>1.6139999628067017</ns3:Speed>
                <ns3:RunCadence>61</ns3:RunCadence>
              </ns3:TPX>
            </Extensions>
          </Trackpoint>
          <Trackpoint>
            <Time>2025-07-08T14:09:42.000Z</Time>
            <Position>
              <LatitudeDegrees>43.126042149960995</LatitudeDegrees>
              <LongitudeDegrees>-2.583888368681073</LongitudeDegrees>
            </Position>
            <AltitudeMeters>172.1999969482422</AltitudeMeters>
            <DistanceMeters>458.0400085449219</DistanceMeters>
            <HeartRateBpm>
              <Value>110</Value>
            </HeartRateBpm>
            <Extensions>
              <ns3:TPX>
                <ns3:Speed>1.6050000190734863</ns3:Speed>
                <ns3:RunCadence>58</ns3:RunCadence>
              </ns3:TPX>
            </Extensions>
          </Trackpoint>
          <Trackpoint>
            <Time>2025-07-08T14:09:46.000Z</Time>
            <Position>
              <LatitudeDegrees>43.12598230317235</LatitudeDegrees>
              <LongitudeDegrees>-2.5839389115571976</LongitudeDegrees>
            </Position>
            <AltitudeMeters>172.1999969482422</AltitudeMeters>
            <DistanceMeters>465.44000244140625</DistanceMeters>
            <HeartRateBpm>
              <Value>110</Value>
            </HeartRateBpm>
            <Extensions>
              <ns3:TPX>
                <ns3:Speed>1.6139999628067017</ns3:Speed>
                <ns3:RunCadence>59</ns3:RunCadence>
              </ns3:TPX>
            </Extensions>
          </Trackpoint>
          <Trackpoint>
            <Time>2025-07-08T14:09:49.000Z</Time>
            <Position>
              <LatitudeDegrees>43.12593880109489</LatitudeDegrees>
              <LongitudeDegrees>-2.5839718524366617</LongitudeDegrees>
            </Position>
            <AltitudeMeters>172.0</AltitudeMeters>
            <DistanceMeters>471.239990234375</DistanceMeters>
            <HeartRateBpm>
              <Value>108</Value>
            </HeartRateBpm>
            <Extensions>
              <ns3:TPX>
                <ns3:Speed>1.6419999599456787</ns3:Speed>
                <ns3:RunCadence>58</ns3:RunCadence>
              </ns3:TPX>
            </Extensions>
          </Trackpoint>
          <Trackpoint>
            <Time>2025-07-08T14:09:50.000Z</Time>
            <Position>
              <LatitudeDegrees>43.12592606060207</LatitudeDegrees>
              <LongitudeDegrees>-2.5839783903211355</LongitudeDegrees>
            </Position>
            <AltitudeMeters>172.0</AltitudeMeters>
            <DistanceMeters>473.0799865722656</DistanceMeters>
            <HeartRateBpm>
              <Value>107</Value>
            </HeartRateBpm>
            <Extensions>
              <ns3:TPX>
                <ns3:Speed>1.6419999599456787</ns3:Speed>
                <ns3:RunCadence>58</ns3:RunCadence>
              </ns3:TPX>
            </Extensions>
          </Trackpoint>
          <Trackpoint>
            <Time>2025-07-08T14:09:55.000Z</Time>
            <Position>
              <LatitudeDegrees>43.12588163651526</LatitudeDegrees>
              <LongitudeDegrees>-2.583994148299098</LongitudeDegrees>
            </Position>
            <AltitudeMeters>172.1999969482422</AltitudeMeters>
            <DistanceMeters>481.8900146484375</DistanceMeters>
            <HeartRateBpm>
              <Value>108</Value>
            </HeartRateBpm>
            <Extensions>
              <ns3:TPX>
                <ns3:Speed>1.6610000133514404</ns3:Speed>
                <ns3:RunCadence>58</ns3:RunCadence>
              </ns3:TPX>
            </Extensions>
          </Trackpoint>
          <Trackpoint>
            <Time>2025-07-08T14:09:57.000Z</Time>
            <Position>
              <LatitudeDegrees>43.12587426044047</LatitudeDegrees>
              <LongitudeDegrees>-2.58399180136621</LongitudeDegrees>
            </Position>
            <AltitudeMeters>172.0</AltitudeMeters>
            <DistanceMeters>483.30999755859375</DistanceMeters>
            <HeartRateBpm>
              <Value>106</Value>
            </HeartRateBpm>
            <Extensions>
              <ns3:TPX>
                <ns3:Speed>1.6139999628067017</ns3:Speed>
                <ns3:RunCadence>0</ns3:RunCadence>
              </ns3:TPX>
            </Extensions>
          </Trackpoint>
          <Trackpoint>
            <Time>2025-07-08T14:10:01.000Z</Time>
            <Position>
              <LatitudeDegrees>43.125832518562675</LatitudeDegrees>
              <LongitudeDegrees>-2.583996746689081</LongitudeDegrees>
            </Position>
            <AltitudeMeters>172.1999969482422</AltitudeMeters>
            <DistanceMeters>486.79998779296875</DistanceMeters>
            <HeartRateBpm>
              <Value>105</Value>
            </HeartRateBpm>
            <Extensions>
              <ns3:TPX>
                <ns3:Speed>1.5579999685287476</ns3:Speed>
                <ns3:RunCadence>0</ns3:RunCadence>
              </ns3:TPX>
            </Extensions>
          </Trackpoint>
          <Trackpoint>
            <Time>2025-07-08T14:10:04.000Z</Time>
            <Position>
              <LatitudeDegrees>43.12578113749623</LatitudeDegrees>
              <LongitudeDegrees>-2.584015019237995</LongitudeDegrees>
            </Position>
            <AltitudeMeters>172.1999969482422</AltitudeMeters>
            <DistanceMeters>491.2200012207031</DistanceMeters>
            <HeartRateBpm>
              <Value>106</Value>
            </HeartRateBpm>
            <Extensions>
              <ns3:TPX>
                <ns3:Speed>1.5490000247955322</ns3:Speed>
                <ns3:RunCadence>0</ns3:RunCadence>
              </ns3:TPX>
            </Extensions>
          </Trackpoint>
          <Trackpoint>
            <Time>2025-07-08T14:10:10.000Z</Time>
            <Position>
              <LatitudeDegrees>43.125704526901245</LatitudeDegrees>
              <LongitudeDegrees>-2.5840664841234684</LongitudeDegrees>
            </Position>
            <AltitudeMeters>172.1999969482422</AltitudeMeters>
            <DistanceMeters>500.6000061035156</DistanceMeters>
            <HeartRateBpm>
              <Value>106</Value>
            </HeartRateBpm>
            <Extensions>
              <ns3:TPX>
                <ns3:Speed>1.5579999685287476</ns3:Speed>
                <ns3:RunCadence>60</ns3:RunCadence>
              </ns3:TPX>
            </Extensions>
          </Trackpoint>
          <Trackpoint>
            <Time>2025-07-08T14:10:16.000Z</Time>
            <Position>
              <LatitudeDegrees>43.12562355771661</LatitudeDegrees>
              <LongitudeDegrees>-2.584113758057356</LongitudeDegrees>
            </Position>
            <AltitudeMeters>172.60000610351562</AltitudeMeters>
            <DistanceMeters>511.6099853515625</DistanceMeters>
            <HeartRateBpm>
              <Value>103</Value>
            </HeartRateBpm>
            <Extensions>
              <ns3:TPX>
                <ns3:Speed>1.6239999532699585</ns3:Speed>
                <ns3:RunCadence>59</ns3:RunCadence>
              </ns3:TPX>
            </Extensions>
          </Trackpoint>
          <Trackpoint>
            <Time>2025-07-08T14:10:17.000Z</Time>
            <Position>
              <LatitudeDegrees>43.12561257742345</LatitudeDegrees>
              <LongitudeDegrees>-2.5841183681041002</LongitudeDegrees>
            </Position>
            <AltitudeMeters>172.60000610351562</AltitudeMeters>
            <DistanceMeters>513.5999755859375</DistanceMeters>
            <HeartRateBpm>
              <Value>107</Value>
            </HeartRateBpm>
            <Extensions>
              <ns3:TPX>
                <ns3:Speed>1.6239999532699585</ns3:Speed>
                <ns3:RunCadence>59</ns3:RunCadence>
              </ns3:TPX>
            </Extensions>
          </Trackpoint>
          <Trackpoint>
            <Time>2025-07-08T14:10:18.000Z</Time>
            <Position>
              <LatitudeDegrees>43.12560126185417</LatitudeDegrees>
              <LongitudeDegrees>-2.5841218885034323</LongitudeDegrees>
            </Position>
            <AltitudeMeters>172.60000610351562</AltitudeMeters>
            <DistanceMeters>515.3499755859375</DistanceMeters>
            <HeartRateBpm>
              <Value>107</Value>
            </HeartRateBpm>
            <Extensions>
              <ns3:TPX>
                <ns3:Speed>1.6330000162124634</ns3:Speed>
                <ns3:RunCadence>60</ns3:RunCadence>
              </ns3:TPX>
            </Extensions>
          </Trackpoint>
          <Trackpoint>
            <Time>2025-07-08T14:10:20.000Z</Time>
            <Position>
              <LatitudeDegrees>43.12557921744883</LatitudeDegrees>
              <LongitudeDegrees>-2.584131108596921</LongitudeDegrees>
            </Position>
            <AltitudeMeters>172.8000030517578</AltitudeMeters>
            <DistanceMeters>519.1099853515625</DistanceMeters>
            <HeartRateBpm>
              <Value>106</Value>
            </HeartRateBpm>
            <Extensions>
              <ns3:TPX>
                <ns3:Speed>1.6419999599456787</ns3:Speed>
                <ns3:RunCadence>59</ns3:RunCadence>
              </ns3:TPX>
            </Extensions>
          </Trackpoint>
          <Trackpoint>
            <Time>2025-07-08T14:10:23.000Z</Time>
            <Position>
              <LatitudeDegrees>43.12554644420743</LatitudeDegrees>
              <LongitudeDegrees>-2.5841678213328123</LongitudeDegrees>
            </Position>
            <AltitudeMeters>172.8000030517578</AltitudeMeters>
            <DistanceMeters>523.239990234375</DistanceMeters>
            <HeartRateBpm>
              <Value>105</Value>
            </HeartRateBpm>
            <Extensions>
              <ns3:TPX>
                <ns3:Speed>1.6419999599456787</ns3:Speed>
                <ns3:RunCadence>60</ns3:RunCadence>
              </ns3:TPX>
            </Extensions>
          </Trackpoint>
          <Trackpoint>
            <Time>2025-07-08T14:10:24.000Z</Time>
            <Position>
              <LatitudeDegrees>43.12553118914366</LatitudeDegrees>
              <LongitudeDegrees>-2.5841789692640305</LongitudeDegrees>
            </Position>
            <AltitudeMeters>172.8000030517578</AltitudeMeters>
            <DistanceMeters>524.6300048828125</DistanceMeters>
            <HeartRateBpm>
              <Value>105</Value>
            </HeartRateBpm>
            <Extensions>
              <ns3:TPX>
                <ns3:Speed>1.6419999599456787</ns3:Speed>
                <ns3:RunCadence>60</ns3:RunCadence>
              </ns3:TPX>
            </Extensions>
          </Trackpoint>
          <Trackpoint>
            <Time>2025-07-08T14:10:25.000Z</Time>
            <Position>
              <LatitudeDegrees>43.12551274895668</LatitudeDegrees>
              <LongitudeDegrees>-2.5841901171952486</LongitudeDegrees>
            </Position>
            <AltitudeMeters>172.8000030517578</AltitudeMeters>
            <DistanceMeters>526.3499755859375</DistanceMeters>
            <HeartRateBpm>
              <Value>105</Value>
            </HeartRateBpm>
            <Extensions>
              <ns3:TPX>
                <ns3:Speed>1.6419999599456787</ns3:Speed>
                <ns3:RunCadence>60</ns3:RunCadence>
              </ns3:TPX>
            </Extensions>
          </Trackpoint>
          <Trackpoint>
            <Time>2025-07-08T14:10:29.000Z</Time>
            <Position>
              <LatitudeDegrees>43.12545030377805</LatitudeDegrees>
              <LongitudeDegrees>-2.584222722798586</LongitudeDegrees>
            </Position>
            <AltitudeMeters>172.8000030517578</AltitudeMeters>
            <DistanceMeters>532.6900024414062</DistanceMeters>
            <HeartRateBpm>
              <Value>108</Value>
            </HeartRateBpm>
            <Extensions>
              <ns3:TPX>
                <ns3:Speed>1.6419999599456787</ns3:Speed>
                <ns3:RunCadence>60</ns3:RunCadence>
              </ns3:TPX>
            </Extensions>
          </Trackpoint>
          <Trackpoint>
            <Time>2025-07-08T14:10:30.000Z</Time>
            <Position>
              <LatitudeDegrees>43.125438233837485</LatitudeDegrees>
              <LongitudeDegrees>-2.584225991740823</LongitudeDegrees>
            </Position>
            <AltitudeMeters>173.0</AltitudeMeters>
            <DistanceMeters>534.5499877929688</DistanceMeters>
            <HeartRateBpm>
              <Value>107</Value>
            </HeartRateBpm>
            <Extensions>
              <ns3:TPX>
                <ns3:Speed>1.6419999599456787</ns3:Speed>
                <ns3:RunCadence>60</ns3:RunCadence>
              </ns3:TPX>
            </Extensions>
          </Trackpoint>
          <Trackpoint>
            <Time>2025-07-08T14:10:31.000Z</Time>
            <Position>
              <LatitudeDegrees>43.12542415224016</LatitudeDegrees>
              <LongitudeDegrees>-2.5842269975692034</LongitudeDegrees>
            </Position>
            <AltitudeMeters>173.0</AltitudeMeters>
            <DistanceMeters>535.989990234375</DistanceMeters>
            <HeartRateBpm>
              <Value>107</Value>
            </HeartRateBpm>
            <Extensions>
              <ns3:TPX>
                <ns3:Speed>1.6419999599456787</ns3:Speed>
                <ns3:RunCadence>59</ns3:RunCadence>
              </ns3:TPX>
            </Extensions>
          </Trackpoint>
          <Trackpoint>
            <Time>2025-07-08T14:10:33.000Z</Time>
            <Position>
              <LatitudeDegrees>43.1253941450268</LatitudeDegrees>
              <LongitudeDegrees>-2.584235379472375</LongitudeDegrees>
            </Position>
            <AltitudeMeters>173.0</AltitudeMeters>
            <DistanceMeters>538.9400024414062</DistanceMeters>
            <HeartRateBpm>
              <Value>105</Value>
            </HeartRateBpm>
            <Extensions>
              <ns3:TPX>
                <ns3:Speed>1.6330000162124634</ns3:Speed>
                <ns3:RunCadence>58</ns3:RunCadence>
              </ns3:TPX>
            </Extensions>
          </Trackpoint>
          <Trackpoint>
            <Time>2025-07-08T14:10:36.000Z</Time>
            <Position>
              <LatitudeDegrees>43.125353744253516</LatitudeDegrees>
              <LongitudeDegrees>-2.584239235147834</LongitudeDegrees>
            </Position>
            <AltitudeMeters>173.1999969482422</AltitudeMeters>
            <DistanceMeters>544.3499755859375</DistanceMeters>
            <HeartRateBpm>
              <Value>104</Value>
            </HeartRateBpm>
            <Extensions>
              <ns3:TPX>
                <ns3:Speed>1.6330000162124634</ns3:Speed>
                <ns3:RunCadence>58</ns3:RunCadence>
              </ns3:TPX>
            </Extensions>
          </Trackpoint>
          <Trackpoint>
            <Time>2025-07-08T14:10:38.000Z</Time>
            <Position>
              <LatitudeDegrees>43.12534125521779</LatitudeDegrees>
              <LongitudeDegrees>-2.584235295653343</LongitudeDegrees>
            </Position>
            <AltitudeMeters>173.39999389648438</AltitudeMeters>
            <DistanceMeters>547.6699829101562</DistanceMeters>
            <HeartRateBpm>
              <Value>102</Value>
            </HeartRateBpm>
            <Extensions>
              <ns3:TPX>
                <ns3:Speed>1.6330000162124634</ns3:Speed>
                <ns3:RunCadence>58</ns3:RunCadence>
              </ns3:TPX>
            </Extensions>
          </Trackpoint>
          <Trackpoint>
            <Time>2025-07-08T14:10:40.000Z</Time>
            <Position>
              <LatitudeDegrees>43.12533421441913</LatitudeDegrees>
              <LongitudeDegrees>-2.584230937063694</LongitudeDegrees>
            </Position>
            <AltitudeMeters>173.60000610351562</AltitudeMeters>
            <DistanceMeters>549.030029296875</DistanceMeters>
            <HeartRateBpm>
              <Value>102</Value>
            </HeartRateBpm>
            <Extensions>
              <ns3:TPX>
                <ns3:Speed>1.6050000190734863</ns3:Speed>
                <ns3:RunCadence>0</ns3:RunCadence>
              </ns3:TPX>
            </Extensions>
          </Trackpoint>
          <Trackpoint>
            <Time>2025-07-08T14:10:42.000Z</Time>
            <Position>
              <LatitudeDegrees>43.125320887193084</LatitudeDegrees>
              <LongitudeDegrees>-2.5842373073101044</LongitudeDegrees>
            </Position>
            <AltitudeMeters>173.60000610351562</AltitudeMeters>
            <DistanceMeters>549.0599975585938</DistanceMeters>
            <HeartRateBpm>
              <Value>103</Value>
            </HeartRateBpm>
            <Extensions>
              <ns3:TPX>
                <ns3:Speed>1.5679999589920044</ns3:Speed>
                <ns3:RunCadence>0</ns3:RunCadence>
              </ns3:TPX>
            </Extensions>
          </Trackpoint>
          <Trackpoint>
            <Time>2025-07-08T14:10:43.000Z</Time>
            <Position>
              <LatitudeDegrees>43.12530831433833</LatitudeDegrees>
              <LongitudeDegrees>-2.584239738062024</LongitudeDegrees>
            </Position>
            <AltitudeMeters>173.39999389648438</AltitudeMeters>
            <DistanceMeters>549.6699829101562</DistanceMeters>
            <HeartRateBpm>
              <Value>103</Value>
            </HeartRateBpm>
            <Extensions>
              <ns3:TPX>
                <ns3:Speed>1.5679999589920044</ns3:Speed>
                <ns3:RunCadence>0</ns3:RunCadence>
              </ns3:TPX>
            </Extensions>
          </Trackpoint>
          <Trackpoint>
            <Time>2025-07-08T14:10:46.000Z</Time>
            <Position>
              <LatitudeDegrees>43.125262800604105</LatitudeDegrees>
              <LongitudeDegrees>-2.5842440128326416</LongitudeDegrees>
            </Position>
            <AltitudeMeters>173.39999389648438</AltitudeMeters>
            <DistanceMeters>553.4500122070312</DistanceMeters>
            <HeartRateBpm>
              <Value>104</Value>
            </HeartRateBpm>
            <Extensions>
              <ns3:TPX>
                <ns3:Speed>1.5299999713897705</ns3:Speed>
                <ns3:RunCadence>0</ns3:RunCadence>
              </ns3:TPX>
            </Extensions>
          </Trackpoint>
          <Trackpoint>
            <Time>2025-07-08T14:10:49.000Z</Time>
            <Position>
              <LatitudeDegrees>43.12523815780878</LatitudeDegrees>
              <LongitudeDegrees>-2.584241833537817</LongitudeDegrees>
            </Position>
            <AltitudeMeters>173.39999389648438</AltitudeMeters>
            <DistanceMeters>558.3599853515625</DistanceMeters>
            <HeartRateBpm>
              <Value>107</Value>
            </HeartRateBpm>
            <Extensions>
              <ns3:TPX>
                <ns3:Speed>1.5579999685287476</ns3:Speed>
                <ns3:RunCadence>59</ns3:RunCadence>
              </ns3:TPX>
            </Extensions>
          </Trackpoint>
          <Trackpoint>
            <Time>2025-07-08T14:10:54.000Z</Time>
            <Position>
              <LatitudeDegrees>43.12517177313566</LatitudeDegrees>
              <LongitudeDegrees>-2.5842502992600203</LongitudeDegrees>
            </Position>
            <AltitudeMeters>173.60000610351562</AltitudeMeters>
            <DistanceMeters>566.0399780273438</DistanceMeters>
            <HeartRateBpm>
              <Value>110</Value>
            </HeartRateBpm>
            <Extensions>
              <ns3:TPX>
                <ns3:Speed>1.6330000162124634</ns3:Speed>
                <ns3:RunCadence>59</ns3:RunCadence>
              </ns3:TPX>
            </Extensions>
          </Trackpoint>
          <Trackpoint>
            <Time>2025-07-08T14:10:56.000Z</Time>
            <Position>
              <LatitudeDegrees>43.12514511868358</LatitudeDegrees>
              <LongitudeDegrees>-2.5842628721147776</LongitudeDegrees>
            </Position>
            <AltitudeMeters>173.60000610351562</AltitudeMeters>
            <DistanceMeters>568.3099975585938</DistanceMeters>
            <HeartRateBpm>
              <Value>111</Value>
            </HeartRateBpm>
            <Extensions>
              <ns3:TPX>
                <ns3:Speed>1.5959999561309814</ns3:Speed>
                <ns3:RunCadence>58</ns3:RunCadence>
              </ns3:TPX>
            </Extensions>
          </Trackpoint>
          <Trackpoint>
            <Time>2025-07-08T14:10:57.000Z</Time>
            <Position>
              <LatitudeDegrees>43.12513154000044</LatitudeDegrees>
              <LongitudeDegrees>-2.584271002560854</LongitudeDegrees>
            </Position>
            <AltitudeMeters>173.60000610351562</AltitudeMeters>
            <DistanceMeters>570.530029296875</DistanceMeters>
            <HeartRateBpm>
              <Value>111</Value>
            </HeartRateBpm>
            <Extensions>
              <ns3:TPX>
                <ns3:Speed>1.5959999561309814</ns3:Speed>
                <ns3:RunCadence>58</ns3:RunCadence>
              </ns3:TPX>
            </Extensions>
          </Trackpoint>
          <Trackpoint>
            <Time>2025-07-08T14:11:02.000Z</Time>
            <Position>
              <LatitudeDegrees>43.125022407621145</LatitudeDegrees>
              <LongitudeDegrees>-2.5843170192092657</LongitudeDegrees>
            </Position>
            <AltitudeMeters>173.60000610351562</AltitudeMeters>
            <DistanceMeters>579.22998046875</DistanceMeters>
            <HeartRateBpm>
              <Value>108</Value>
            </HeartRateBpm>
            <Extensions>
              <ns3:TPX>
                <ns3:Speed>1.6519999504089355</ns3:Speed>
                <ns3:RunCadence>58</ns3:RunCadence>
              </ns3:TPX>
            </Extensions>
          </Trackpoint>
          <Trackpoint>
            <Time>2025-07-08T14:11:10.000Z</Time>
            <Position>
              <LatitudeDegrees>43.124901708215475</LatitudeDegrees>
              <LongitudeDegrees>-2.5843362975865602</LongitudeDegrees>
            </Position>
            <AltitudeMeters>173.39999389648438</AltitudeMeters>
            <DistanceMeters>592.9299926757812</DistanceMeters>
            <HeartRateBpm>
              <Value>109</Value>
            </HeartRateBpm>
            <Extensions>
              <ns3:TPX>
                <ns3:Speed>1.7640000581741333</ns3:Speed>
                <ns3:RunCadence>58</ns3:RunCadence>
              </ns3:TPX>
            </Extensions>
          </Trackpoint>
          <Trackpoint>
            <Time>2025-07-08T14:11:15.000Z</Time>
            <Position>
              <LatitudeDegrees>43.12483213841915</LatitudeDegrees>
              <LongitudeDegrees>-2.584344260394573</LongitudeDegrees>
            </Position>
            <AltitudeMeters>173.60000610351562</AltitudeMeters>
            <DistanceMeters>599.5499877929688</DistanceMeters>
            <HeartRateBpm>
              <Value>105</Value>
            </HeartRateBpm>
            <Extensions>
              <ns3:TPX>
                <ns3:Speed>1.6419999599456787</ns3:Speed>
                <ns3:RunCadence>58</ns3:RunCadence>
              </ns3:TPX>
            </Extensions>
          </Trackpoint>
          <Trackpoint>
            <Time>2025-07-08T14:11:19.000Z</Time>
            <Position>
              <LatitudeDegrees>43.12478025443852</LatitudeDegrees>
              <LongitudeDegrees>-2.5843456014990807</LongitudeDegrees>
            </Position>
            <AltitudeMeters>173.60000610351562</AltitudeMeters>
            <DistanceMeters>606.5900268554688</DistanceMeters>
            <HeartRateBpm>
              <Value>104</Value>
            </HeartRateBpm>
            <Extensions>
              <ns3:TPX>
                <ns3:Speed>1.6419999599456787</ns3:Speed>
                <ns3:RunCadence>58</ns3:RunCadence>
              </ns3:TPX>
            </Extensions>
          </Trackpoint>
          <Trackpoint>
            <Time>2025-07-08T14:11:30.000Z</Time>
            <Position>
              <LatitudeDegrees>43.12463608570397</LatitudeDegrees>
              <LongitudeDegrees>-2.5843084696680307</LongitudeDegrees>
            </Position>
            <AltitudeMeters>174.60000610351562</AltitudeMeters>
            <DistanceMeters>625.5399780273438</DistanceMeters>
            <HeartRateBpm>
              <Value>101</Value>
            </HeartRateBpm>
            <Extensions>
              <ns3:TPX>
                <ns3:Speed>1.6890000104904175</ns3:Speed>
                <ns3:RunCadence>58</ns3:RunCadence>
              </ns3:TPX>
            </Extensions>
          </Trackpoint>
          <Trackpoint>
            <Time>2025-07-08T14:11:32.000Z</Time>
            <Position>
              <LatitudeDegrees>43.12460448592901</LatitudeDegrees>
              <LongitudeDegrees>-2.5843135826289654</LongitudeDegrees>
            </Position>
            <AltitudeMeters>174.60000610351562</AltitudeMeters>
            <DistanceMeters>628.469970703125</DistanceMeters>
            <HeartRateBpm>
              <Value>101</Value>
            </HeartRateBpm>
            <Extensions>
              <ns3:TPX>
                <ns3:Speed>1.6890000104904175</ns3:Speed>
                <ns3:RunCadence>58</ns3:RunCadence>
              </ns3:TPX>
            </Extensions>
          </Trackpoint>
          <Trackpoint>
            <Time>2025-07-08T14:11:33.000Z</Time>
            <Position>
              <LatitudeDegrees>43.12458680011332</LatitudeDegrees>
              <LongitudeDegrees>-2.5843133311718702</LongitudeDegrees>
            </Position>
            <AltitudeMeters>174.60000610351562</AltitudeMeters>
            <DistanceMeters>629.8400268554688</DistanceMeters>
            <HeartRateBpm>
              <Value>104</Value>
            </HeartRateBpm>
            <Extensions>
              <ns3:TPX>
                <ns3:Speed>1.6890000104904175</ns3:Speed>
                <ns3:RunCadence>58</ns3:RunCadence>
              </ns3:TPX>
            </Extensions>
          </Trackpoint>
          <Trackpoint>
            <Time>2025-07-08T14:11:34.000Z</Time>
            <Position>
              <LatitudeDegrees>43.124570455402136</LatitudeDegrees>
              <LongitudeDegrees>-2.584311906248331</LongitudeDegrees>
            </Position>
            <AltitudeMeters>174.60000610351562</AltitudeMeters>
            <DistanceMeters>631.4000244140625</DistanceMeters>
            <HeartRateBpm>
              <Value>101</Value>
            </HeartRateBpm>
            <Extensions>
              <ns3:TPX>
                <ns3:Speed>1.6799999475479126</ns3:Speed>
                <ns3:RunCadence>58</ns3:RunCadence>
              </ns3:TPX>
            </Extensions>
          </Trackpoint>
          <Trackpoint>
            <Time>2025-07-08T14:11:39.000Z</Time>
            <Position>
              <LatitudeDegrees>43.12449828721583</LatitudeDegrees>
              <LongitudeDegrees>-2.5843103136867285</LongitudeDegrees>
            </Position>
            <AltitudeMeters>174.39999389648438</AltitudeMeters>
            <DistanceMeters>639.1799926757812</DistanceMeters>
            <HeartRateBpm>
              <Value>100</Value>
            </HeartRateBpm>
            <Extensions>
              <ns3:TPX>
                <ns3:Speed>1.6799999475479126</ns3:Speed>
                <ns3:RunCadence>58</ns3:RunCadence>
              </ns3:TPX>
            </Extensions>
          </Trackpoint>
          <Trackpoint>
            <Time>2025-07-08T14:11:47.000Z</Time>
            <Position>
              <LatitudeDegrees>43.12439418397844</LatitudeDegrees>
              <LongitudeDegrees>-2.584270415827632</LongitudeDegrees>
            </Position>
            <AltitudeMeters>174.8000030517578</AltitudeMeters>
            <DistanceMeters>651.0700073242188</DistanceMeters>
            <HeartRateBpm>
              <Value>100</Value>
            </HeartRateBpm>
            <Extensions>
              <ns3:TPX>
                <ns3:Speed>1.7079999446868896</ns3:Speed>
                <ns3:RunCadence>58</ns3:RunCadence>
              </ns3:TPX>
            </Extensions>
          </Trackpoint>
          <Trackpoint>
            <Time>2025-07-08T14:11:55.000Z</Time>
            <Position>
              <LatitudeDegrees>43.12426191754639</LatitudeDegrees>
              <LongitudeDegrees>-2.5842743553221226</LongitudeDegrees>
            </Position>
            <AltitudeMeters>175.1999969482422</AltitudeMeters>
            <DistanceMeters>663.030029296875</DistanceMeters>
            <HeartRateBpm>
              <Value>101</Value>
            </HeartRateBpm>
            <Extensions>
              <ns3:TPX>
                <ns3:Speed>1.6979999542236328</ns3:Speed>
                <ns3:RunCadence>59</ns3:RunCadence>
              </ns3:TPX>
            </Extensions>
          </Trackpoint>
          <Trackpoint>
            <Time>2025-07-08T14:11:58.000Z</Time>
            <Position>
              <LatitudeDegrees>43.12419377267361</LatitudeDegrees>
              <LongitudeDegrees>-2.58425566367805</LongitudeDegrees>
            </Position>
            <AltitudeMeters>175.60000610351562</AltitudeMeters>
            <DistanceMeters>676.0599975585938</DistanceMeters>
            <HeartRateBpm>
              <Value>99</Value>
            </HeartRateBpm>
            <Extensions>
              <ns3:TPX>
                <ns3:Speed>1.7170000076293945</ns3:Speed>
                <ns3:RunCadence>58</ns3:RunCadence>
              </ns3:TPX>
            </Extensions>
          </Trackpoint>
          <Trackpoint>
            <Time>2025-07-08T14:12:03.000Z</Time>
            <Position>
              <LatitudeDegrees>43.12410215847194</LatitudeDegrees>
              <LongitudeDegrees>-2.584249209612608</LongitudeDegrees>
            </Position>
            <AltitudeMeters>175.8000030517578</AltitudeMeters>
            <DistanceMeters>688.760009765625</DistanceMeters>
            <HeartRateBpm>
              <Value>99</Value>
            </HeartRateBpm>
            <Extensions>
              <ns3:TPX>
                <ns3:Speed>2.313999891281128</ns3:Speed>
                <ns3:RunCadence>56</ns3:RunCadence>
              </ns3:TPX>
            </Extensions>
          </Trackpoint>
          <Trackpoint>
            <Time>2025-07-08T14:12:08.000Z</Time>
            <Position>
              <LatitudeDegrees>43.124020686373115</LatitudeDegrees>
              <LongitudeDegrees>-2.584221214056015</LongitudeDegrees>
            </Position>
            <AltitudeMeters>175.60000610351562</AltitudeMeters>
            <DistanceMeters>700.1400146484375</DistanceMeters>
            <HeartRateBpm>
              <Value>102</Value>
            </HeartRateBpm>
            <Extensions>
              <ns3:TPX>
                <ns3:Speed>2.2769999504089355</ns3:Speed>
                <ns3:RunCadence>60</ns3:RunCadence>
              </ns3:TPX>
            </Extensions>
          </Trackpoint>
          <Trackpoint>
            <Time>2025-07-08T14:12:10.000Z</Time>
            <Position>
              <LatitudeDegrees>43.12398732639849</LatitudeDegrees>
              <LongitudeDegrees>-2.5841954816132784</LongitudeDegrees>
            </Position>
            <AltitudeMeters>175.8000030517578</AltitudeMeters>
            <DistanceMeters>705.760009765625</DistanceMeters>
            <HeartRateBpm>
              <Value>105</Value>
            </HeartRateBpm>
            <Extensions>
              <ns3:TPX>
                <ns3:Speed>2.434999942779541</ns3:Speed>
                <ns3:RunCadence>60</ns3:RunCadence>
              </ns3:TPX>
            </Extensions>
          </Trackpoint>
          <Trackpoint>
            <Time>2025-07-08T14:12:11.000Z</Time>
            <Position>
              <LatitudeDegrees>43.12397215515375</LatitudeDegrees>
              <LongitudeDegrees>-2.584174694493413</LongitudeDegrees>
            </Position>
            <AltitudeMeters>176.0</AltitudeMeters>
            <DistanceMeters>708.4299926757812</DistanceMeters>
            <HeartRateBpm>
              <Value>105</Value>
            </HeartRateBpm>
            <Extensions>
              <ns3:TPX>
                <ns3:Speed>2.4630000591278076</ns3:Speed>
                <ns3:RunCadence>60</ns3:RunCadence>
              </ns3:TPX>
            </Extensions>
          </Trackpoint>
          <Trackpoint>
            <Time>2025-07-08T14:12:16.000Z</Time>
            <Position>
              <LatitudeDegrees>43.12389286234975</LatitudeDegrees>
              <LongitudeDegrees>-2.5841495487838984</LongitudeDegrees>
            </Position>
            <AltitudeMeters>176.0</AltitudeMeters>
            <DistanceMeters>720.4099731445312</DistanceMeters>
            <HeartRateBpm>
              <Value>108</Value>
            </HeartRateBpm>
            <Extensions>
              <ns3:TPX>
                <ns3:Speed>2.4170000553131104</ns3:Speed>
                <ns3:RunCadence>59</ns3:RunCadence>
              </ns3:TPX>
            </Extensions>
          </Trackpoint>
          <Trackpoint>
            <Time>2025-07-08T14:12:19.000Z</Time>
            <Position>
              <LatitudeDegrees>43.123849192634225</LatitudeDegrees>
              <LongitudeDegrees>-2.5841415021568537</LongitudeDegrees>
            </Position>
            <AltitudeMeters>176.0</AltitudeMeters>
            <DistanceMeters>728.7100219726562</DistanceMeters>
            <HeartRateBpm>
              <Value>108</Value>
            </HeartRateBpm>
            <Extensions>
              <ns3:TPX>
                <ns3:Speed>2.4820001125335693</ns3:Speed>
                <ns3:RunCadence>60</ns3:RunCadence>
              </ns3:TPX>
            </Extensions>
          </Trackpoint>
          <Trackpoint>
            <Time>2025-07-08T14:12:21.000Z</Time>
            <Position>
              <LatitudeDegrees>43.12381616793573</LatitudeDegrees>
              <LongitudeDegrees>-2.5841483753174543</LongitudeDegrees>
            </Position>
            <AltitudeMeters>176.0</AltitudeMeters>
            <DistanceMeters>730.969970703125</DistanceMeters>
            <HeartRateBpm>
              <Value>108</Value>
            </HeartRateBpm>
            <Extensions>
              <ns3:TPX>
                <ns3:Speed>2.5290000438690186</ns3:Speed>
                <ns3:RunCadence>59</ns3:RunCadence>
              </ns3:TPX>
            </Extensions>
          </Trackpoint>
          <Trackpoint>
            <Time>2025-07-08T14:12:24.000Z</Time>
            <Position>
              <LatitudeDegrees>43.123750956729054</LatitudeDegrees>
              <LongitudeDegrees>-2.5841707549989223</LongitudeDegrees>
            </Position>
            <AltitudeMeters>176.0</AltitudeMeters>
            <DistanceMeters>735.0999755859375</DistanceMeters>
            <HeartRateBpm>
              <Value>108</Value>
            </HeartRateBpm>
            <Extensions>
              <ns3:TPX>
                <ns3:Speed>2.3980000019073486</ns3:Speed>
                <ns3:RunCadence>59</ns3:RunCadence>
              </ns3:TPX>
            </Extensions>
          </Trackpoint>
          <Trackpoint>
            <Time>2025-07-08T14:12:31.000Z</Time>
            <Position>
              <LatitudeDegrees>43.12362288124859</LatitudeDegrees>
              <LongitudeDegrees>-2.5841441843658686</LongitudeDegrees>
            </Position>
            <AltitudeMeters>176.39999389648438</AltitudeMeters>
            <DistanceMeters>746.9000244140625</DistanceMeters>
            <HeartRateBpm>
              <Value>104</Value>
            </HeartRateBpm>
            <Extensions>
              <ns3:TPX>
                <ns3:Speed>2.1089999675750732</ns3:Speed>
                <ns3:RunCadence>0</ns3:RunCadence>
              </ns3:TPX>
            </Extensions>
          </Trackpoint>
          <Trackpoint>
            <Time>2025-07-08T14:12:32.000Z</Time>
            <Position>
              <LatitudeDegrees>43.12360720708966</LatitudeDegrees>
              <LongitudeDegrees>-2.5841389037668705</LongitudeDegrees>
            </Position>
            <AltitudeMeters>176.39999389648438</AltitudeMeters>
            <DistanceMeters>747.9099731445312</DistanceMeters>
            <HeartRateBpm>
              <Value>103</Value>
            </HeartRateBpm>
            <Extensions>
              <ns3:TPX>
                <ns3:Speed>1.9869999885559082</ns3:Speed>
                <ns3:RunCadence>58</ns3:RunCadence>
              </ns3:TPX>
            </Extensions>
          </Trackpoint>
          <Trackpoint>
            <Time>2025-07-08T14:12:37.000Z</Time>
            <Position>
              <LatitudeDegrees>43.1235240586102</LatitudeDegrees>
              <LongitudeDegrees>-2.584118703380227</LongitudeDegrees>
            </Position>
            <AltitudeMeters>176.60000610351562</AltitudeMeters>
            <DistanceMeters>755.2000122070312</DistanceMeters>
            <HeartRateBpm>
              <Value>107</Value>
            </HeartRateBpm>
            <Extensions>
              <ns3:TPX>
                <ns3:Speed>1.7730000019073486</ns3:Speed>
                <ns3:RunCadence>59</ns3:RunCadence>
              </ns3:TPX>
            </Extensions>
          </Trackpoint>
          <Trackpoint>
            <Time>2025-07-08T14:12:39.000Z</Time>
            <Position>
              <LatitudeDegrees>43.12350042164326</LatitudeDegrees>
              <LongitudeDegrees>-2.584106717258692</LongitudeDegrees>
            </Position>
            <AltitudeMeters>176.8000030517578</AltitudeMeters>
            <DistanceMeters>758.6799926757812</DistanceMeters>
            <HeartRateBpm>
              <Value>110</Value>
            </HeartRateBpm>
            <Extensions>
              <ns3:TPX>
                <ns3:Speed>1.8660000562667847</ns3:Speed>
                <ns3:RunCadence>59</ns3:RunCadence>
              </ns3:TPX>
            </Extensions>
          </Trackpoint>
          <Trackpoint>
            <Time>2025-07-08T14:12:40.000Z</Time>
            <Position>
              <LatitudeDegrees>43.12349027954042</LatitudeDegrees>
              <LongitudeDegrees>-2.584099257364869</LongitudeDegrees>
            </Position>
            <AltitudeMeters>176.8000030517578</AltitudeMeters>
            <DistanceMeters>760.0399780273438</DistanceMeters>
            <HeartRateBpm>
              <Value>109</Value>
            </HeartRateBpm>
            <Extensions>
              <ns3:TPX>
                <ns3:Speed>1.753999948501587</ns3:Speed>
                <ns3:RunCadence>59</ns3:RunCadence>
              </ns3:TPX>
            </Extensions>
          </Trackpoint>
          <Trackpoint>
            <Time>2025-07-08T14:12:44.000Z</Time>
            <Position>
              <LatitudeDegrees>43.12343889847398</LatitudeDegrees>
              <LongitudeDegrees>-2.584087857976556</LongitudeDegrees>
            </Position>
            <AltitudeMeters>177.0</AltitudeMeters>
            <DistanceMeters>764.3699951171875</DistanceMeters>
            <HeartRateBpm>
              <Value>109</Value>
            </HeartRateBpm>
            <Extensions>
              <ns3:TPX>
                <ns3:Speed>1.5770000219345093</ns3:Speed>
                <ns3:RunCadence>60</ns3:RunCadence>
              </ns3:TPX>
            </Extensions>
          </Trackpoint>
          <Trackpoint>
            <Time>2025-07-08T14:12:46.000Z</Time>
            <Position>
              <LatitudeDegrees>43.123408472165465</LatitudeDegrees>
              <LongitudeDegrees>-2.5840861815959215</LongitudeDegrees>
            </Position>
            <AltitudeMeters>177.0</AltitudeMeters>
            <DistanceMeters>766.4099731445312</DistanceMeters>
            <HeartRateBpm>
              <Value>111</Value>
            </HeartRateBpm>
            <Extensions>
              <ns3:TPX>
                <ns3:Speed>1.3619999885559082</ns3:Speed>
                <ns3:RunCadence>59</ns3:RunCadence>
              </ns3:TPX>
            </Extensions>
          </Trackpoint>
          <Trackpoint>
            <Time>2025-07-08T14:12:53.000Z</Time>
            <Position>
              <LatitudeDegrees>43.12329682521522</LatitudeDegrees>
              <LongitudeDegrees>-2.584102861583233</LongitudeDegrees>
            </Position>
            <AltitudeMeters>177.0</AltitudeMeters>
            <DistanceMeters>776.969970703125</DistanceMeters>
            <HeartRateBpm>
              <Value>109</Value>
            </HeartRateBpm>
            <Extensions>
              <ns3:TPX>
                <ns3:Speed>1.4839999675750732</ns3:Speed>
                <ns3:RunCadence>59</ns3:RunCadence>
              </ns3:TPX>
            </Extensions>
          </Trackpoint>
          <Trackpoint>
            <Time>2025-07-08T14:12:57.000Z</Time>
            <Position>
              <LatitudeDegrees>43.12324737198651</LatitudeDegrees>
              <LongitudeDegrees>-2.5841047056019306</LongitudeDegrees>
            </Position>
            <AltitudeMeters>177.1999969482422</AltitudeMeters>
            <DistanceMeters>783.9600219726562</DistanceMeters>
            <HeartRateBpm>
              <Value>110</Value>
            </HeartRateBpm>
            <Extensions>
              <ns3:TPX>
                <ns3:Speed>1.4839999675750732</ns3:Speed>
                <ns3:RunCadence>0</ns3:RunCadence>
              </ns3:TPX>
            </Extensions>
          </Trackpoint>
          <Trackpoint>
            <Time>2025-07-08T14:12:58.000Z</Time>
            <Position>
              <LatitudeDegrees>43.123236475512385</LatitudeDegrees>
              <LongitudeDegrees>-2.5841037835925817</LongitudeDegrees>
            </Position>
            <AltitudeMeters>177.1999969482422</AltitudeMeters>
            <DistanceMeters>785.3900146484375</DistanceMeters>
            <HeartRateBpm>
              <Value>110</Value>
            </HeartRateBpm>
            <Extensions>
              <ns3:TPX>
                <ns3:Speed>1.5299999713897705</ns3:Speed>
                <ns3:RunCadence>0</ns3:RunCadence>
              </ns3:TPX>
            </Extensions>
          </Trackpoint>
          <Trackpoint>
            <Time>2025-07-08T14:13:04.000Z</Time>
            <Position>
              <LatitudeDegrees>43.1231302767992</LatitudeDegrees>
              <LongitudeDegrees>-2.584095988422632</LongitudeDegrees>
            </Position>
            <AltitudeMeters>176.8000030517578</AltitudeMeters>
            <DistanceMeters>794.989990234375</DistanceMeters>
            <HeartRateBpm>
              <Value>110</Value>
            </HeartRateBpm>
            <Extensions>
              <ns3:TPX>
                <ns3:Speed>1.5679999589920044</ns3:Speed>
                <ns3:RunCadence>48</ns3:RunCadence>
              </ns3:TPX>
            </Extensions>
          </Trackpoint>
          <Trackpoint>
            <Time>2025-07-08T14:13:07.000Z</Time>
            <Position>
              <LatitudeDegrees>43.123074788600206</LatitudeDegrees>
              <LongitudeDegrees>-2.5841044541448355</LongitudeDegrees>
            </Position>
            <AltitudeMeters>176.8000030517578</AltitudeMeters>
            <DistanceMeters>800.1500244140625</DistanceMeters>
            <HeartRateBpm>
              <Value>109</Value>
            </HeartRateBpm>
            <Extensions>
              <ns3:TPX>
                <ns3:Speed>1.5770000219345093</ns3:Speed>
                <ns3:RunCadence>48</ns3:RunCadence>
              </ns3:TPX>
            </Extensions>
          </Trackpoint>
          <Trackpoint>
            <Time>2025-07-08T14:13:09.000Z</Time>
            <Position>
              <LatitudeDegrees>43.12303061597049</LatitudeDegrees>
              <LongitudeDegrees>-2.5841161888092756</LongitudeDegrees>
            </Position>
            <AltitudeMeters>176.8000030517578</AltitudeMeters>
            <DistanceMeters>802.8400268554688</DistanceMeters>
            <HeartRateBpm>
              <Value>110</Value>
            </HeartRateBpm>
            <Extensions>
              <ns3:TPX>
                <ns3:Speed>1.5119999647140503</ns3:Speed>
                <ns3:RunCadence>48</ns3:RunCadence>
              </ns3:TPX>
            </Extensions>
          </Trackpoint>
          <Trackpoint>
            <Time>2025-07-08T14:13:16.000Z</Time>
            <Position>
              <LatitudeDegrees>43.122929530218244</LatitudeDegrees>
              <LongitudeDegrees>-2.5840990897268057</LongitudeDegrees>
            </Position>
            <AltitudeMeters>177.1999969482422</AltitudeMeters>
            <DistanceMeters>814.3900146484375</DistanceMeters>
            <HeartRateBpm>
              <Value>110</Value>
            </HeartRateBpm>
            <Extensions>
              <ns3:TPX>
                <ns3:Speed>1.5399999618530273</ns3:Speed>
                <ns3:RunCadence>57</ns3:RunCadence>
              </ns3:TPX>
            </Extensions>
          </Trackpoint>
          <Trackpoint>
            <Time>2025-07-08T14:13:17.000Z</Time>
            <Position>
              <LatitudeDegrees>43.12291905283928</LatitudeDegrees>
              <LongitudeDegrees>-2.5840906240046024</LongitudeDegrees>
            </Position>
            <AltitudeMeters>177.1999969482422</AltitudeMeters>
            <DistanceMeters>815.6400146484375</DistanceMeters>
            <HeartRateBpm>
              <Value>113</Value>
            </HeartRateBpm>
            <Extensions>
              <ns3:TPX>
                <ns3:Speed>1.5399999618530273</ns3:Speed>
                <ns3:RunCadence>56</ns3:RunCadence>
              </ns3:TPX>
            </Extensions>
          </Trackpoint>
          <Trackpoint>
            <Time>2025-07-08T14:13:18.000Z</Time>
            <Position>
              <LatitudeDegrees>43.12290891073644</LatitudeDegrees>
              <LongitudeDegrees>-2.5840811524540186</LongitudeDegrees>
            </Position>
            <AltitudeMeters>177.1999969482422</AltitudeMeters>
            <DistanceMeters>816.8499755859375</DistanceMeters>
            <HeartRateBpm>
              <Value>110</Value>
            </HeartRateBpm>
            <Extensions>
              <ns3:TPX>
                <ns3:Speed>1.5210000276565552</ns3:Speed>
                <ns3:RunCadence>56</ns3:RunCadence>
              </ns3:TPX>
            </Extensions>
          </Trackpoint>
          <Trackpoint>
            <Time>2025-07-08T14:13:20.000Z</Time>
            <Position>
              <LatitudeDegrees>43.1228834297508</LatitudeDegrees>
              <LongitudeDegrees>-2.5840720999985933</LongitudeDegrees>
            </Position>
            <AltitudeMeters>177.60000610351562</AltitudeMeters>
            <DistanceMeters>819.469970703125</DistanceMeters>
            <HeartRateBpm>
              <Value>112</Value>
            </HeartRateBpm>
            <Extensions>
              <ns3:TPX>
                <ns3:Speed>1.5019999742507935</ns3:Speed>
                <ns3:RunCadence>59</ns3:RunCadence>
              </ns3:TPX>
            </Extensions>
          </Trackpoint>
          <Trackpoint>
            <Time>2025-07-08T14:13:22.000Z</Time>
            <Position>
              <LatitudeDegrees>43.122850405052304</LatitudeDegrees>
              <LongitudeDegrees>-2.584070675075054</LongitudeDegrees>
            </Position>
            <AltitudeMeters>177.8000030517578</AltitudeMeters>
            <DistanceMeters>821.7999877929688</DistanceMeters>
            <HeartRateBpm>
              <Value>111</Value>
            </HeartRateBpm>
            <Extensions>
              <ns3:TPX>
                <ns3:Speed>1.4839999675750732</ns3:Speed>
                <ns3:RunCadence>59</ns3:RunCadence>
              </ns3:TPX>
            </Extensions>
          </Trackpoint>
          <Trackpoint>
            <Time>2025-07-08T14:13:23.000Z</Time>
            <Position>
              <LatitudeDegrees>43.1228332221508</LatitudeDegrees>
              <LongitudeDegrees>-2.5840690825134516</LongitudeDegrees>
            </Position>
            <AltitudeMeters>177.8000030517578</AltitudeMeters>
            <DistanceMeters>822.719970703125</DistanceMeters>
            <HeartRateBpm>
              <Value>109</Value>
            </HeartRateBpm>
            <Extensions>
              <ns3:TPX>
                <ns3:Speed>1.4559999704360962</ns3:Speed>
                <ns3:RunCadence>59</ns3:RunCadence>
              </ns3:TPX>
            </Extensions>
          </Trackpoint>
          <Trackpoint>
            <Time>2025-07-08T14:13:24.000Z</Time>
            <Position>
              <LatitudeDegrees>43.1228176318109</LatitudeDegrees>
              <LongitudeDegrees>-2.5840702559798956</LongitudeDegrees>
            </Position>
            <AltitudeMeters>177.8000030517578</AltitudeMeters>
            <DistanceMeters>824.1199951171875</DistanceMeters>
            <HeartRateBpm>
              <Value>109</Value>
            </HeartRateBpm>
            <Extensions>
              <ns3:TPX>
                <ns3:Speed>1.437000036239624</ns3:Speed>
                <ns3:RunCadence>59</ns3:RunCadence>
              </ns3:TPX>
            </Extensions>
          </Trackpoint>
          <Trackpoint>
            <Time>2025-07-08T14:13:27.000Z</Time>
            <Position>
              <LatitudeDegrees>43.122761053964496</LatitudeDegrees>
              <LongitudeDegrees>-2.58407193236053</LongitudeDegrees>
            </Position>
            <AltitudeMeters>177.8000030517578</AltitudeMeters>
            <DistanceMeters>828.010009765625</DistanceMeters>
            <HeartRateBpm>
              <Value>112</Value>
            </HeartRateBpm>
            <Extensions>
              <ns3:TPX>
                <ns3:Speed>1.4279999732971191</ns3:Speed>
                <ns3:RunCadence>60</ns3:RunCadence>
              </ns3:TPX>
            </Extensions>
          </Trackpoint>
          <Trackpoint>
            <Time>2025-07-08T14:13:29.000Z</Time>
            <Position>
              <LatitudeDegrees>43.12271696515381</LatitudeDegrees>
              <LongitudeDegrees>-2.584073357284069</LongitudeDegrees>
            </Position>
            <AltitudeMeters>177.8000030517578</AltitudeMeters>
            <DistanceMeters>831.6599731445312</DistanceMeters>
            <HeartRateBpm>
              <Value>112</Value>
            </HeartRateBpm>
            <Extensions>
              <ns3:TPX>
                <ns3:Speed>1.437000036239624</ns3:Speed>
                <ns3:RunCadence>60</ns3:RunCadence>
              </ns3:TPX>
            </Extensions>
          </Trackpoint>
          <Trackpoint>
            <Time>2025-07-08T14:13:30.000Z</Time>
            <Position>
              <LatitudeDegrees>43.12269483692944</LatitudeDegrees>
              <LongitudeDegrees>-2.5840735249221325</LongitudeDegrees>
            </Position>
            <AltitudeMeters>177.8000030517578</AltitudeMeters>
            <DistanceMeters>833.5399780273438</DistanceMeters>
            <HeartRateBpm>
              <Value>112</Value>
            </HeartRateBpm>
            <Extensions>
              <ns3:TPX>
                <ns3:Speed>1.4459999799728394</ns3:Speed>
                <ns3:RunCadence>60</ns3:RunCadence>
              </ns3:TPX>
            </Extensions>
          </Trackpoint>
          <Trackpoint>
            <Time>2025-07-08T14:13:32.000Z</Time>
            <Position>
              <LatitudeDegrees>43.122653011232615</LatitudeDegrees>
              <LongitudeDegrees>-2.5840749498456717</LongitudeDegrees>
            </Position>
            <AltitudeMeters>178.0</AltitudeMeters>
            <DistanceMeters>837.3400268554688</DistanceMeters>
            <HeartRateBpm>
              <Value>111</Value>
            </HeartRateBpm>
            <Extensions>
              <ns3:TPX>
                <ns3:Speed>1.4739999771118164</ns3:Speed>
                <ns3:RunCadence>59</ns3:RunCadence>
              </ns3:TPX>
            </Extensions>
          </Trackpoint>
          <Trackpoint>
            <Time>2025-07-08T14:13:34.000Z</Time>
            <Position>
              <LatitudeDegrees>43.1226106826216</LatitudeDegrees>
              <LongitudeDegrees>-2.584081068634987</LongitudeDegrees>
            </Position>
            <AltitudeMeters>178.0</AltitudeMeters>
            <DistanceMeters>840.8599853515625</DistanceMeters>
            <HeartRateBpm>
              <Value>110</Value>
            </HeartRateBpm>
            <Extensions>
              <ns3:TPX>
                <ns3:Speed>1.4839999675750732</ns3:Speed>
                <ns3:RunCadence>59</ns3:RunCadence>
              </ns3:TPX>
            </Extensions>
          </Trackpoint>
          <Trackpoint>
            <Time>2025-07-08T14:13:37.000Z</Time>
            <Position>
              <LatitudeDegrees>43.122553350403905</LatitudeDegrees>
              <LongitudeDegrees>-2.584076039493084</LongitudeDegrees>
            </Position>
            <AltitudeMeters>178.1999969482422</AltitudeMeters>
            <DistanceMeters>847.8699951171875</DistanceMeters>
            <HeartRateBpm>
              <Value>108</Value>
            </HeartRateBpm>
            <Extensions>
              <ns3:TPX>
                <ns3:Speed>1.4930000305175781</ns3:Speed>
                <ns3:RunCadence>59</ns3:RunCadence>
              </ns3:TPX>
            </Extensions>
          </Trackpoint>
          <Trackpoint>
            <Time>2025-07-08T14:13:44.000Z</Time>
            <Position>
              <LatitudeDegrees>43.12244857661426</LatitudeDegrees>
              <LongitudeDegrees>-2.5841141771525145</LongitudeDegrees>
            </Position>
            <AltitudeMeters>178.60000610351562</AltitudeMeters>
            <DistanceMeters>859.280029296875</DistanceMeters>
            <HeartRateBpm>
              <Value>109</Value>
            </HeartRateBpm>
            <Extensions>
              <ns3:TPX>
                <ns3:Speed>1.4839999675750732</ns3:Speed>
                <ns3:RunCadence>60</ns3:RunCadence>
              </ns3:TPX>
            </Extensions>
          </Trackpoint>
          <Trackpoint>
            <Time>2025-07-08T14:13:47.000Z</Time>
            <Position>
              <LatitudeDegrees>43.122405745089054</LatitudeDegrees>
              <LongitudeDegrees>-2.5841301027685404</LongitudeDegrees>
            </Position>
            <AltitudeMeters>178.39999389648438</AltitudeMeters>
            <DistanceMeters>862.9400024414062</DistanceMeters>
            <HeartRateBpm>
              <Value>107</Value>
            </HeartRateBpm>
            <Extensions>
              <ns3:TPX>
                <ns3:Speed>1.4179999828338623</ns3:Speed>
                <ns3:RunCadence>59</ns3:RunCadence>
              </ns3:TPX>
            </Extensions>
          </Trackpoint>
          <Trackpoint>
            <Time>2025-07-08T14:13:51.000Z</Time>
            <Position>
              <LatitudeDegrees>43.12234925106168</LatitudeDegrees>
              <LongitudeDegrees>-2.58414963260293</LongitudeDegrees>
            </Position>
            <AltitudeMeters>178.1999969482422</AltitudeMeters>
            <DistanceMeters>869.6599731445312</DistanceMeters>
            <HeartRateBpm>
              <Value>107</Value>
            </HeartRateBpm>
            <Extensions>
              <ns3:TPX>
                <ns3:Speed>1.4930000305175781</ns3:Speed>
                <ns3:RunCadence>59</ns3:RunCadence>
              </ns3:TPX>
            </Extensions>
          </Trackpoint>
          <Trackpoint>
            <Time>2025-07-08T14:13:55.000Z</Time>
            <Position>
              <LatitudeDegrees>43.12229795381427</LatitudeDegrees>
              <LongitudeDegrees>-2.584166983142495</LongitudeDegrees>
            </Position>
            <AltitudeMeters>178.1999969482422</AltitudeMeters>
            <DistanceMeters>874.010009765625</DistanceMeters>
            <HeartRateBpm>
              <Value>108</Value>
            </HeartRateBpm>
            <Extensions>
              <ns3:TPX>
                <ns3:Speed>1.4559999704360962</ns3:Speed>
                <ns3:RunCadence>59</ns3:RunCadence>
              </ns3:TPX>
            </Extensions>
          </Trackpoint>
          <Trackpoint>
            <Time>2025-07-08T14:13:57.000Z</Time>
            <Position>
              <LatitudeDegrees>43.1222721375525</LatitudeDegrees>
              <LongitudeDegrees>-2.5841781310737133</LongitudeDegrees>
            </Position>
            <AltitudeMeters>178.1999969482422</AltitudeMeters>
            <DistanceMeters>876.4099731445312</DistanceMeters>
            <HeartRateBpm>
              <Value>109</Value>
            </HeartRateBpm>
            <Extensions>
              <ns3:TPX>
                <ns3:Speed>1.437000036239624</ns3:Speed>
                <ns3:RunCadence>59</ns3:RunCadence>
              </ns3:TPX>
            </Extensions>
          </Trackpoint>
          <Trackpoint>
            <Time>2025-07-08T14:13:58.000Z</Time>
            <Position>
              <LatitudeDegrees>43.12226098962128</LatitudeDegrees>
              <LongitudeDegrees>-2.584184166043997</LongitudeDegrees>
            </Position>
            <AltitudeMeters>178.1999969482422</AltitudeMeters>
            <DistanceMeters>877.530029296875</DistanceMeters>
            <HeartRateBpm>
              <Value>108</Value>
            </HeartRateBpm>
            <Extensions>
              <ns3:TPX>
                <ns3:Speed>1.4279999732971191</ns3:Speed>
                <ns3:RunCadence>59</ns3:RunCadence>
              </ns3:TPX>
            </Extensions>
          </Trackpoint>
          <Trackpoint>
            <Time>2025-07-08T14:14:01.000Z</Time>
            <Position>
              <LatitudeDegrees>43.122213296592236</LatitudeDegrees>
              <LongitudeDegrees>-2.58420386351645</LongitudeDegrees>
            </Position>
            <AltitudeMeters>178.39999389648438</AltitudeMeters>
            <DistanceMeters>882.780029296875</DistanceMeters>
            <HeartRateBpm>
              <Value>108</Value>
            </HeartRateBpm>
            <Extensions>
              <ns3:TPX>
                <ns3:Speed>1.4839999675750732</ns3:Speed>
                <ns3:RunCadence>60</ns3:RunCadence>
              </ns3:TPX>
            </Extensions>
          </Trackpoint>
          <Trackpoint>
            <Time>2025-07-08T14:14:03.000Z</Time>
            <Position>
              <LatitudeDegrees>43.122190749272704</LatitudeDegrees>
              <LongitudeDegrees>-2.58421802893281</LongitudeDegrees>
            </Position>
            <AltitudeMeters>178.39999389648438</AltitudeMeters>
            <DistanceMeters>885.27001953125</DistanceMeters>
            <HeartRateBpm>
              <Value>108</Value>
            </HeartRateBpm>
            <Extensions>
              <ns3:TPX>
                <ns3:Speed>1.4739999771118164</ns3:Speed>
                <ns3:RunCadence>59</ns3:RunCadence>
              </ns3:TPX>
            </Extensions>
          </Trackpoint>
          <Trackpoint>
            <Time>2025-07-08T14:14:04.000Z</Time>
            <Position>
              <LatitudeDegrees>43.122179517522454</LatitudeDegrees>
              <LongitudeDegrees>-2.5842228904366493</LongitudeDegrees>
            </Position>
            <AltitudeMeters>178.39999389648438</AltitudeMeters>
            <DistanceMeters>887.5800170898438</DistanceMeters>
            <HeartRateBpm>
              <Value>108</Value>
            </HeartRateBpm>
            <Extensions>
              <ns3:TPX>
                <ns3:Speed>1.4839999675750732</ns3:Speed>
                <ns3:RunCadence>59</ns3:RunCadence>
              </ns3:TPX>
            </Extensions>
          </Trackpoint>
          <Trackpoint>
            <Time>2025-07-08T14:14:06.000Z</Time>
            <Position>
              <LatitudeDegrees>43.12215546146035</LatitudeDegrees>
              <LongitudeDegrees>-2.584230350330472</LongitudeDegrees>
            </Position>
            <AltitudeMeters>178.60000610351562</AltitudeMeters>
            <DistanceMeters>891.5399780273438</DistanceMeters>
            <HeartRateBpm>
              <Value>107</Value>
            </HeartRateBpm>
            <Extensions>
              <ns3:TPX>
                <ns3:Speed>1.4839999675750732</ns3:Speed>
                <ns3:RunCadence>59</ns3:RunCadence>
              </ns3:TPX>
            </Extensions>
          </Trackpoint>
          <Trackpoint>
            <Time>2025-07-08T14:14:09.000Z</Time>
            <Position>
              <LatitudeDegrees>43.12212277203798</LatitudeDegrees>
              <LongitudeDegrees>-2.5842402409762144</LongitudeDegrees>
            </Position>
            <AltitudeMeters>178.60000610351562</AltitudeMeters>
            <DistanceMeters>895.27001953125</DistanceMeters>
            <HeartRateBpm>
              <Value>106</Value>
            </HeartRateBpm>
            <Extensions>
              <ns3:TPX>
                <ns3:Speed>1.4559999704360962</ns3:Speed>
                <ns3:RunCadence>59</ns3:RunCadence>
              </ns3:TPX>
            </Extensions>
          </Trackpoint>
          <Trackpoint>
            <Time>2025-07-08T14:14:11.000Z</Time>
            <Position>
              <LatitudeDegrees>43.12209477648139</LatitudeDegrees>
              <LongitudeDegrees>-2.584254238754511</LongitudeDegrees>
            </Position>
            <AltitudeMeters>178.8000030517578</AltitudeMeters>
            <DistanceMeters>898.1199951171875</DistanceMeters>
            <HeartRateBpm>
              <Value>107</Value>
            </HeartRateBpm>
            <Extensions>
              <ns3:TPX>
                <ns3:Speed>1.4459999799728394</ns3:Speed>
                <ns3:RunCadence>60</ns3:RunCadence>
              </ns3:TPX>
            </Extensions>
          </Trackpoint>
          <Trackpoint>
            <Time>2025-07-08T14:14:13.000Z</Time>
            <Position>
              <LatitudeDegrees>43.12206745147705</LatitudeDegrees>
              <LongitudeDegrees>-2.5842666439712048</LongitudeDegrees>
            </Position>
            <AltitudeMeters>178.8000030517578</AltitudeMeters>
            <DistanceMeters>900.6400146484375</DistanceMeters>
            <HeartRateBpm>
              <Value>105</Value>
            </HeartRateBpm>
            <Extensions>
              <ns3:TPX>
                <ns3:Speed>1.4279999732971191</ns3:Speed>
                <ns3:RunCadence>60</ns3:RunCadence>
              </ns3:TPX>
            </Extensions>
          </Trackpoint>
          <Trackpoint>
            <Time>2025-07-08T14:14:16.000Z</Time>
            <Position>
              <LatitudeDegrees>43.12200693413615</LatitudeDegrees>
              <LongitudeDegrees>-2.5842829048633575</LongitudeDegrees>
            </Position>
            <AltitudeMeters>178.8000030517578</AltitudeMeters>
            <DistanceMeters>904.3599853515625</DistanceMeters>
            <HeartRateBpm>
              <Value>106</Value>
            </HeartRateBpm>
            <Extensions>
              <ns3:TPX>
                <ns3:Speed>1.399999976158142</ns3:Speed>
                <ns3:RunCadence>60</ns3:RunCadence>
              </ns3:TPX>
            </Extensions>
          </Trackpoint>
          <Trackpoint>
            <Time>2025-07-08T14:14:17.000Z</Time>
            <Position>
              <LatitudeDegrees>43.12199184671044</LatitudeDegrees>
              <LongitudeDegrees>-2.58429036475718</LongitudeDegrees>
            </Position>
            <AltitudeMeters>178.8000030517578</AltitudeMeters>
            <DistanceMeters>906.1500244140625</DistanceMeters>
            <HeartRateBpm>
              <Value>108</Value>
            </HeartRateBpm>
            <Extensions>
              <ns3:TPX>
                <ns3:Speed>1.399999976158142</ns3:Speed>
                <ns3:RunCadence>60</ns3:RunCadence>
              </ns3:TPX>
            </Extensions>
          </Trackpoint>
          <Trackpoint>
            <Time>2025-07-08T14:14:19.000Z</Time>
            <Position>
              <LatitudeDegrees>43.1219542119652</LatitudeDegrees>
              <LongitudeDegrees>-2.5842982437461615</LongitudeDegrees>
            </Position>
            <AltitudeMeters>178.8000030517578</AltitudeMeters>
            <DistanceMeters>910.5599975585938</DistanceMeters>
            <HeartRateBpm>
              <Value>104</Value>
            </HeartRateBpm>
            <Extensions>
              <ns3:TPX>
                <ns3:Speed>1.4179999828338623</ns3:Speed>
                <ns3:RunCadence>60</ns3:RunCadence>
              </ns3:TPX>
            </Extensions>
          </Trackpoint>
          <Trackpoint>
            <Time>2025-07-08T14:14:20.000Z</Time>
            <Position>
              <LatitudeDegrees>43.12193350866437</LatitudeDegrees>
              <LongitudeDegrees>-2.5842996686697006</LongitudeDegrees>
            </Position>
            <AltitudeMeters>178.8000030517578</AltitudeMeters>
            <DistanceMeters>912.6500244140625</DistanceMeters>
            <HeartRateBpm>
              <Value>107</Value>
            </HeartRateBpm>
            <Extensions>
              <ns3:TPX>
                <ns3:Speed>1.4459999799728394</ns3:Speed>
                <ns3:RunCadence>60</ns3:RunCadence>
              </ns3:TPX>
            </Extensions>
          </Trackpoint>
          <Trackpoint>
            <Time>2025-07-08T14:14:22.000Z</Time>
            <Position>
              <LatitudeDegrees>43.12190040014684</LatitudeDegrees>
              <LongitudeDegrees>-2.5843020994216204</LongitudeDegrees>
            </Position>
            <AltitudeMeters>179.0</AltitudeMeters>
            <DistanceMeters>916.8099975585938</DistanceMeters>
            <HeartRateBpm>
              <Value>106</Value>
            </HeartRateBpm>
            <Extensions>
              <ns3:TPX>
                <ns3:Speed>1.465000033378601</ns3:Speed>
                <ns3:RunCadence>60</ns3:RunCadence>
              </ns3:TPX>
            </Extensions>
          </Trackpoint>
          <Trackpoint>
            <Time>2025-07-08T14:14:24.000Z</Time>
            <Position>
              <LatitudeDegrees>43.12187206931412</LatitudeDegrees>
              <LongitudeDegrees>-2.5843171030282974</LongitudeDegrees>
            </Position>
            <AltitudeMeters>179.1999969482422</AltitudeMeters>
            <DistanceMeters>919.4600219726562</DistanceMeters>
            <HeartRateBpm>
              <Value>105</Value>
            </HeartRateBpm>
            <Extensions>
              <ns3:TPX>
                <ns3:Speed>1.4739999771118164</ns3:Speed>
                <ns3:RunCadence>60</ns3:RunCadence>
              </ns3:TPX>
            </Extensions>
          </Trackpoint>
          <Trackpoint>
            <Time>2025-07-08T14:14:27.000Z</Time>
            <Position>
              <LatitudeDegrees>43.12182244844735</LatitudeDegrees>
              <LongitudeDegrees>-2.5843296758830547</LongitudeDegrees>
            </Position>
            <AltitudeMeters>179.39999389648438</AltitudeMeters>
            <DistanceMeters>925.739990234375</DistanceMeters>
            <HeartRateBpm>
              <Value>106</Value>
            </HeartRateBpm>
            <Extensions>
              <ns3:TPX>
                <ns3:Speed>1.4839999675750732</ns3:Speed>
                <ns3:RunCadence>61</ns3:RunCadence>
              </ns3:TPX>
            </Extensions>
          </Trackpoint>
          <Trackpoint>
            <Time>2025-07-08T14:14:30.000Z</Time>
            <Position>
              <LatitudeDegrees>43.12177718617022</LatitudeDegrees>
              <LongitudeDegrees>-2.5843527261167765</LongitudeDegrees>
            </Position>
            <AltitudeMeters>179.60000610351562</AltitudeMeters>
            <DistanceMeters>932.280029296875</DistanceMeters>
            <HeartRateBpm>
              <Value>107</Value>
            </HeartRateBpm>
            <Extensions>
              <ns3:TPX>
                <ns3:Speed>1.5859999656677246</ns3:Speed>
                <ns3:RunCadence>60</ns3:RunCadence>
              </ns3:TPX>
            </Extensions>
          </Trackpoint>
          <Trackpoint>
            <Time>2025-07-08T14:14:32.000Z</Time>
            <Position>
              <LatitudeDegrees>43.1217472627759</LatitudeDegrees>
              <LongitudeDegrees>-2.5843742676079273</LongitudeDegrees>
            </Position>
            <AltitudeMeters>179.60000610351562</AltitudeMeters>
            <DistanceMeters>935.5499877929688</DistanceMeters>
            <HeartRateBpm>
              <Value>107</Value>
            </HeartRateBpm>
            <Extensions>
              <ns3:TPX>
                <ns3:Speed>1.5859999656677246</ns3:Speed>
                <ns3:RunCadence>60</ns3:RunCadence>
              </ns3:TPX>
            </Extensions>
          </Trackpoint>
          <Trackpoint>
            <Time>2025-07-08T14:14:37.000Z</Time>
            <Position>
              <LatitudeDegrees>43.121690433472395</LatitudeDegrees>
              <LongitudeDegrees>-2.5844257324934006</LongitudeDegrees>
            </Position>
            <AltitudeMeters>179.8000030517578</AltitudeMeters>
            <DistanceMeters>940.27001953125</DistanceMeters>
            <HeartRateBpm>
              <Value>105</Value>
            </HeartRateBpm>
            <Extensions>
              <ns3:TPX>
                <ns3:Speed>1.3899999856948853</ns3:Speed>
                <ns3:RunCadence>59</ns3:RunCadence>
              </ns3:TPX>
            </Extensions>
          </Trackpoint>
          <Trackpoint>
            <Time>2025-07-08T14:14:39.000Z</Time>
            <Position>
              <LatitudeDegrees>43.12166905961931</LatitudeDegrees>
              <LongitudeDegrees>-2.584426151588559</LongitudeDegrees>
            </Position>
            <AltitudeMeters>180.0</AltitudeMeters>
            <DistanceMeters>942.7100219726562</DistanceMeters>
            <HeartRateBpm>
              <Value>106</Value>
            </HeartRateBpm>
            <Extensions>
              <ns3:TPX>
                <ns3:Speed>1.371999979019165</ns3:Speed>
                <ns3:RunCadence>59</ns3:RunCadence>
              </ns3:TPX>
            </Extensions>
          </Trackpoint>
          <Trackpoint>
            <Time>2025-07-08T14:14:43.000Z</Time>
            <Position>
              <LatitudeDegrees>43.121633771806955</LatitudeDegrees>
              <LongitudeDegrees>-2.584432438015938</LongitudeDegrees>
            </Position>
            <AltitudeMeters>180.60000610351562</AltitudeMeters>
            <DistanceMeters>949.0</DistanceMeters>
            <HeartRateBpm>
              <Value>106</Value>
            </HeartRateBpm>
            <Extensions>
              <ns3:TPX>
                <ns3:Speed>1.3619999885559082</ns3:Speed>
                <ns3:RunCadence>58</ns3:RunCadence>
              </ns3:TPX>
            </Extensions>
          </Trackpoint>
          <Trackpoint>
            <Time>2025-07-08T14:14:45.000Z</Time>
            <Position>
              <LatitudeDegrees>43.1216090451926</LatitudeDegrees>
              <LongitudeDegrees>-2.584430929273367</LongitudeDegrees>
            </Position>
            <AltitudeMeters>180.39999389648438</AltitudeMeters>
            <DistanceMeters>952.8599853515625</DistanceMeters>
            <HeartRateBpm>
              <Value>106</Value>
            </HeartRateBpm>
            <Extensions>
              <ns3:TPX>
                <ns3:Speed>1.3899999856948853</ns3:Speed>
                <ns3:RunCadence>58</ns3:RunCadence>
              </ns3:TPX>
            </Extensions>
          </Trackpoint>
          <Trackpoint>
            <Time>2025-07-08T14:14:46.000Z</Time>
            <Position>
              <LatitudeDegrees>43.12159135937691</LatitudeDegrees>
              <LongitudeDegrees>-2.584427408874035</LongitudeDegrees>
            </Position>
            <AltitudeMeters>180.39999389648438</AltitudeMeters>
            <DistanceMeters>954.239990234375</DistanceMeters>
            <HeartRateBpm>
              <Value>105</Value>
            </HeartRateBpm>
            <Extensions>
              <ns3:TPX>
                <ns3:Speed>1.399999976158142</ns3:Speed>
                <ns3:RunCadence>58</ns3:RunCadence>
              </ns3:TPX>
            </Extensions>
          </Trackpoint>
          <Trackpoint>
            <Time>2025-07-08T14:14:51.000Z</Time>
            <Position>
              <LatitudeDegrees>43.12148876488209</LatitudeDegrees>
              <LongitudeDegrees>-2.5844252295792103</LongitudeDegrees>
            </Position>
            <AltitudeMeters>180.39999389648438</AltitudeMeters>
            <DistanceMeters>963.6799926757812</DistanceMeters>
            <HeartRateBpm>
              <Value>104</Value>
            </HeartRateBpm>
            <Extensions>
              <ns3:TPX>
                <ns3:Speed>1.437000036239624</ns3:Speed>
                <ns3:RunCadence>0</ns3:RunCadence>
              </ns3:TPX>
            </Extensions>
          </Trackpoint>
          <Trackpoint>
            <Time>2025-07-08T14:14:55.000Z</Time>
            <Position>
              <LatitudeDegrees>43.121414836496115</LatitudeDegrees>
              <LongitudeDegrees>-2.5844395626336336</LongitudeDegrees>
            </Position>
            <AltitudeMeters>180.60000610351562</AltitudeMeters>
            <DistanceMeters>970.4000244140625</DistanceMeters>
            <HeartRateBpm>
              <Value>106</Value>
            </HeartRateBpm>
            <Extensions>
              <ns3:TPX>
                <ns3:Speed>1.465000033378601</ns3:Speed>
                <ns3:RunCadence>0</ns3:RunCadence>
              </ns3:TPX>
            </Extensions>
          </Trackpoint>
          <Trackpoint>
            <Time>2025-07-08T14:14:57.000Z</Time>
            <Position>
              <LatitudeDegrees>43.121369406580925</LatitudeDegrees>
              <LongitudeDegrees>-2.584438221529126</LongitudeDegrees>
            </Position>
            <AltitudeMeters>180.60000610351562</AltitudeMeters>
            <DistanceMeters>975.7899780273438</DistanceMeters>
            <HeartRateBpm>
              <Value>104</Value>
            </HeartRateBpm>
            <Extensions>
              <ns3:TPX>
                <ns3:Speed>1.4739999771118164</ns3:Speed>
                <ns3:RunCadence>58</ns3:RunCadence>
              </ns3:TPX>
            </Extensions>
          </Trackpoint>
          <Trackpoint>
            <Time>2025-07-08T14:14:59.000Z</Time>
            <Position>
              <LatitudeDegrees>43.121332777664065</LatitudeDegrees>
              <LongitudeDegrees>-2.584457164630294</LongitudeDegrees>
            </Position>
            <AltitudeMeters>180.60000610351562</AltitudeMeters>
            <DistanceMeters>979.0499877929688</DistanceMeters>
            <HeartRateBpm>
              <Value>105</Value>
            </HeartRateBpm>
            <Extensions>
              <ns3:TPX>
                <ns3:Speed>1.5299999713897705</ns3:Speed>
                <ns3:RunCadence>59</ns3:RunCadence>
              </ns3:TPX>
            </Extensions>
          </Trackpoint>
          <Trackpoint>
            <Time>2025-07-08T14:15:01.000Z</Time>
            <Position>
              <LatitudeDegrees>43.121286844834685</LatitudeDegrees>
              <LongitudeDegrees>-2.5844590086489916</LongitudeDegrees>
            </Position>
            <AltitudeMeters>180.60000610351562</AltitudeMeters>
            <DistanceMeters>982.7999877929688</DistanceMeters>
            <HeartRateBpm>
              <Value>103</Value>
            </HeartRateBpm>
            <Extensions>
              <ns3:TPX>
                <ns3:Speed>1.6050000190734863</ns3:Speed>
                <ns3:RunCadence>58</ns3:RunCadence>
              </ns3:TPX>
            </Extensions>
          </Trackpoint>
          <Trackpoint>
            <Time>2025-07-08T14:15:03.000Z</Time>
            <Position>
              <LatitudeDegrees>43.12124367803335</LatitudeDegrees>
              <LongitudeDegrees>-2.5844689831137657</LongitudeDegrees>
            </Position>
            <AltitudeMeters>180.8000030517578</AltitudeMeters>
            <DistanceMeters>987.0800170898438</DistanceMeters>
            <HeartRateBpm>
              <Value>100</Value>
            </HeartRateBpm>
            <Extensions>
              <ns3:TPX>
                <ns3:Speed>1.6519999504089355</ns3:Speed>
                <ns3:RunCadence>58</ns3:RunCadence>
              </ns3:TPX>
            </Extensions>
          </Trackpoint>
          <Trackpoint>
            <Time>2025-07-08T14:15:04.000Z</Time>
            <Position>
              <LatitudeDegrees>43.12122389674187</LatitudeDegrees>
              <LongitudeDegrees>-2.584479209035635</LongitudeDegrees>
            </Position>
            <AltitudeMeters>180.8000030517578</AltitudeMeters>
            <DistanceMeters>990.4500122070312</DistanceMeters>
            <HeartRateBpm>
              <Value>101</Value>
            </HeartRateBpm>
            <Extensions>
              <ns3:TPX>
                <ns3:Speed>1.6699999570846558</ns3:Speed>
                <ns3:RunCadence>58</ns3:RunCadence>
              </ns3:TPX>
            </Extensions>
          </Trackpoint>
          <Trackpoint>
            <Time>2025-07-08T14:15:08.000Z</Time>
            <Position>
              <LatitudeDegrees>43.12115013599396</LatitudeDegrees>
              <LongitudeDegrees>-2.584509300068021</LongitudeDegrees>
            </Position>
            <AltitudeMeters>180.8000030517578</AltitudeMeters>
            <DistanceMeters>1003.1400146484375</DistanceMeters>
            <HeartRateBpm>
              <Value>101</Value>
            </HeartRateBpm>
            <Extensions>
              <ns3:TPX>
                <ns3:Speed>1.8380000591278076</ns3:Speed>
                <ns3:RunCadence>59</ns3:RunCadence>
              </ns3:TPX>
            </Extensions>
          </Trackpoint>
          <Trackpoint>
            <Time>2025-07-08T14:15:14.000Z</Time>
            <Position>
              <LatitudeDegrees>43.12104561366141</LatitudeDegrees>
              <LongitudeDegrees>-2.5845217891037464</LongitudeDegrees>
            </Position>
            <AltitudeMeters>181.0</AltitudeMeters>
            <DistanceMeters>1018.52001953125</DistanceMeters>
            <HeartRateBpm>
              <Value>103</Value>
            </HeartRateBpm>
            <Extensions>
              <ns3:TPX>
                <ns3:Speed>2.193000078201294</ns3:Speed>
                <ns3:RunCadence>60</ns3:RunCadence>
              </ns3:TPX>
            </Extensions>
          </Trackpoint>
          <Trackpoint>
            <Time>2025-07-08T14:15:16.000Z</Time>
            <Position>
              <LatitudeDegrees>43.1210199650377</LatitudeDegrees>
              <LongitudeDegrees>-2.584532266482711</LongitudeDegrees>
            </Position>
            <AltitudeMeters>180.8000030517578</AltitudeMeters>
            <DistanceMeters>1022.6799926757812</DistanceMeters>
            <HeartRateBpm>
              <Value>106</Value>
            </HeartRateBpm>
            <Extensions>
              <ns3:TPX>
                <ns3:Speed>2.2019999027252197</ns3:Speed>
                <ns3:RunCadence>60</ns3:RunCadence>
              </ns3:TPX>
            </Extensions>
          </Trackpoint>
          <Trackpoint>
            <Time>2025-07-08T14:15:19.000Z</Time>
            <Position>
              <LatitudeDegrees>43.12096984125674</LatitudeDegrees>
              <LongitudeDegrees>-2.5845506228506565</LongitudeDegrees>
            </Position>
            <AltitudeMeters>180.8000030517578</AltitudeMeters>
            <DistanceMeters>1027.7099609375</DistanceMeters>
            <HeartRateBpm>
              <Value>103</Value>
            </HeartRateBpm>
            <Extensions>
              <ns3:TPX>
                <ns3:Speed>2.0989999771118164</ns3:Speed>
                <ns3:RunCadence>60</ns3:RunCadence>
              </ns3:TPX>
            </Extensions>
          </Trackpoint>
          <Trackpoint>
            <Time>2025-07-08T14:15:21.000Z</Time>
            <Position>
              <LatitudeDegrees>43.12093170359731</LatitudeDegrees>
              <LongitudeDegrees>-2.5845765229314566</LongitudeDegrees>
            </Position>
            <AltitudeMeters>180.8000030517578</AltitudeMeters>
            <DistanceMeters>1033.6700439453125</DistanceMeters>
            <HeartRateBpm>
              <Value>102</Value>
            </HeartRateBpm>
            <Extensions>
              <ns3:TPX>
                <ns3:Speed>2.1649999618530273</ns3:Speed>
                <ns3:RunCadence>60</ns3:RunCadence>
              </ns3:TPX>
            </Extensions>
          </Trackpoint>
          <Trackpoint>
            <Time>2025-07-08T14:15:27.000Z</Time>
            <Position>
              <LatitudeDegrees>43.12082936055958</LatitudeDegrees>
              <LongitudeDegrees>-2.584660928696394</LongitudeDegrees>
            </Position>
            <AltitudeMeters>181.0</AltitudeMeters>
            <DistanceMeters>1049.06005859375</DistanceMeters>
            <HeartRateBpm>
              <Value>104</Value>
            </HeartRateBpm>
            <Extensions>
              <ns3:TPX>
                <ns3:Speed>2.3980000019073486</ns3:Speed>
                <ns3:RunCadence>58</ns3:RunCadence>
              </ns3:TPX>
            </Extensions>
          </Trackpoint>
          <Trackpoint>
            <Time>2025-07-08T14:15:29.000Z</Time>
            <Position>
              <LatitudeDegrees>43.12079709023237</LatitudeDegrees>
              <LongitudeDegrees>-2.5846640300005674</LongitudeDegrees>
            </Position>
            <AltitudeMeters>181.0</AltitudeMeters>
            <DistanceMeters>1051.4599609375</DistanceMeters>
            <HeartRateBpm>
              <Value>104</Value>
            </HeartRateBpm>
            <Extensions>
              <ns3:TPX>
                <ns3:Speed>2.322999954223633</ns3:Speed>
                <ns3:RunCadence>58</ns3:RunCadence>
              </ns3:TPX>
            </Extensions>
          </Trackpoint>
          <Trackpoint>
            <Time>2025-07-08T14:15:36.000Z</Time>
            <Position>
              <LatitudeDegrees>43.120698938146234</LatitudeDegrees>
              <LongitudeDegrees>-2.584695629775524</LongitudeDegrees>
            </Position>
            <AltitudeMeters>181.39999389648438</AltitudeMeters>
            <DistanceMeters>1063.93994140625</DistanceMeters>
            <HeartRateBpm>
              <Value>105</Value>
            </HeartRateBpm>
            <Extensions>
              <ns3:TPX>
                <ns3:Speed>2.1740000247955322</ns3:Speed>
                <ns3:RunCadence>61</ns3:RunCadence>
              </ns3:TPX>
            </Extensions>
          </Trackpoint>
          <Trackpoint>
            <Time>2025-07-08T14:15:40.000Z</Time>
            <Position>
              <LatitudeDegrees>43.12064856290817</LatitudeDegrees>
              <LongitudeDegrees>-2.584712477400899</LongitudeDegrees>
            </Position>
            <AltitudeMeters>181.60000610351562</AltitudeMeters>
            <DistanceMeters>1070.050048828125</DistanceMeters>
            <HeartRateBpm>
              <Value>108</Value>
            </HeartRateBpm>
            <Extensions>
              <ns3:TPX>
                <ns3:Speed>2.052999973297119</ns3:Speed>
                <ns3:RunCadence>59</ns3:RunCadence>
              </ns3:TPX>
            </Extensions>
          </Trackpoint>
          <Trackpoint>
            <Time>2025-07-08T14:15:41.000Z</Time>
            <Position>
              <LatitudeDegrees>43.120633475482464</LatitudeDegrees>
              <LongitudeDegrees>-2.5847175903618336</LongitudeDegrees>
            </Position>
            <AltitudeMeters>181.60000610351562</AltitudeMeters>
            <DistanceMeters>1071.27001953125</DistanceMeters>
            <HeartRateBpm>
              <Value>111</Value>
            </HeartRateBpm>
            <Extensions>
              <ns3:TPX>
                <ns3:Speed>2.015000104904175</ns3:Speed>
                <ns3:RunCadence>59</ns3:RunCadence>
              </ns3:TPX>
            </Extensions>
          </Trackpoint>
          <Trackpoint>
            <Time>2025-07-08T14:15:44.000Z</Time>
            <Position>
              <LatitudeDegrees>43.12058938667178</LatitudeDegrees>
              <LongitudeDegrees>-2.5847447477281094</LongitudeDegrees>
            </Position>
            <AltitudeMeters>181.60000610351562</AltitudeMeters>
            <DistanceMeters>1075.68994140625</DistanceMeters>
            <HeartRateBpm>
              <Value>113</Value>
            </HeartRateBpm>
            <Extensions>
              <ns3:TPX>
                <ns3:Speed>1.9589999914169312</ns3:Speed>
                <ns3:RunCadence>59</ns3:RunCadence>
              </ns3:TPX>
            </Extensions>
          </Trackpoint>
          <Trackpoint>
            <Time>2025-07-08T14:15:49.000Z</Time>
            <Position>
              <LatitudeDegrees>43.12051981687546</LatitudeDegrees>
              <LongitudeDegrees>-2.584777856245637</LongitudeDegrees>
            </Position>
            <AltitudeMeters>181.60000610351562</AltitudeMeters>
            <DistanceMeters>1083.5999755859375</DistanceMeters>
            <HeartRateBpm>
              <Value>110</Value>
            </HeartRateBpm>
            <Extensions>
              <ns3:TPX>
                <ns3:Speed>1.902999997138977</ns3:Speed>
                <ns3:RunCadence>58</ns3:RunCadence>
              </ns3:TPX>
            </Extensions>
          </Trackpoint>
          <Trackpoint>
            <Time>2025-07-08T14:15:51.000Z</Time>
            <Position>
              <LatitudeDegrees>43.120500203222036</LatitudeDegrees>
              <LongitudeDegrees>-2.584792273119092</LongitudeDegrees>
            </Position>
            <AltitudeMeters>181.60000610351562</AltitudeMeters>
            <DistanceMeters>1086.760009765625</DistanceMeters>
            <HeartRateBpm>
              <Value>109</Value>
            </HeartRateBpm>
            <Extensions>
              <ns3:TPX>
                <ns3:Speed>1.902999997138977</ns3:Speed>
                <ns3:RunCadence>58</ns3:RunCadence>
              </ns3:TPX>
            </Extensions>
          </Trackpoint>
          <Trackpoint>
            <Time>2025-07-08T14:15:57.000Z</Time>
            <Position>
              <LatitudeDegrees>43.120440524071455</LatitudeDegrees>
              <LongitudeDegrees>-2.5848292373120785</LongitudeDegrees>
            </Position>
            <AltitudeMeters>182.0</AltitudeMeters>
            <DistanceMeters>1093.699951171875</DistanceMeters>
            <HeartRateBpm>
              <Value>108</Value>
            </HeartRateBpm>
            <Extensions>
              <ns3:TPX>
                <ns3:Speed>1.6419999599456787</ns3:Speed>
                <ns3:RunCadence>57</ns3:RunCadence>
              </ns3:TPX>
            </Extensions>
          </Trackpoint>
          <Trackpoint>
            <Time>2025-07-08T14:16:03.000Z</Time>
            <Position>
              <LatitudeDegrees>43.12037573195994</LatitudeDegrees>
              <LongitudeDegrees>-2.5848328415304422</LongitudeDegrees>
            </Position>
            <AltitudeMeters>181.60000610351562</AltitudeMeters>
            <DistanceMeters>1102.5400390625</DistanceMeters>
            <HeartRateBpm>
              <Value>109</Value>
            </HeartRateBpm>
            <Extensions>
              <ns3:TPX>
                <ns3:Speed>1.5770000219345093</ns3:Speed>
                <ns3:RunCadence>0</ns3:RunCadence>
              </ns3:TPX>
            </Extensions>
          </Trackpoint>
          <Trackpoint>
            <Time>2025-07-08T14:16:09.000Z</Time>
            <Position>
              <LatitudeDegrees>43.120254781097174</LatitudeDegrees>
              <LongitudeDegrees>-2.584810545668006</LongitudeDegrees>
            </Position>
            <AltitudeMeters>181.39999389648438</AltitudeMeters>
            <DistanceMeters>1113.4300537109375</DistanceMeters>
            <HeartRateBpm>
              <Value>112</Value>
            </HeartRateBpm>
            <Extensions>
              <ns3:TPX>
                <ns3:Speed>1.6050000190734863</ns3:Speed>
                <ns3:RunCadence>64</ns3:RunCadence>
              </ns3:TPX>
            </Extensions>
          </Trackpoint>
          <Trackpoint>
            <Time>2025-07-08T14:16:11.000Z</Time>
            <Position>
              <LatitudeDegrees>43.120228881016374</LatitudeDegrees>
              <LongitudeDegrees>-2.584807863458991</LongitudeDegrees>
            </Position>
            <AltitudeMeters>181.60000610351562</AltitudeMeters>
            <DistanceMeters>1115.719970703125</DistanceMeters>
            <HeartRateBpm>
              <Value>113</Value>
            </HeartRateBpm>
            <Extensions>
              <ns3:TPX>
                <ns3:Speed>1.6139999628067017</ns3:Speed>
                <ns3:RunCadence>0</ns3:RunCadence>
              </ns3:TPX>
            </Extensions>
          </Trackpoint>
          <Trackpoint>
            <Time>2025-07-08T14:16:14.000Z</Time>
            <Position>
              <LatitudeDegrees>43.1202189065516</LatitudeDegrees>
              <LongitudeDegrees>-2.584818173199892</LongitudeDegrees>
            </Position>
            <AltitudeMeters>181.39999389648438</AltitudeMeters>
            <DistanceMeters>1115.760009765625</DistanceMeters>
            <HeartRateBpm>
              <Value>113</Value>
            </HeartRateBpm>
            <Extensions>
              <ns3:TPX>
                <ns3:Speed>0.0</ns3:Speed>
                <ns3:RunCadence>0</ns3:RunCadence>
              </ns3:TPX>
            </Extensions>
          </Trackpoint>
          <Trackpoint>
            <Time>2025-07-08T14:16:21.000Z</Time>
            <Position>
              <LatitudeDegrees>43.12016970477998</LatitudeDegrees>
              <LongitudeDegrees>-2.584861759096384</LongitudeDegrees>
            </Position>
            <AltitudeMeters>181.39999389648438</AltitudeMeters>
            <DistanceMeters>1122.6199951171875</DistanceMeters>
            <HeartRateBpm>
              <Value>112</Value>
            </HeartRateBpm>
            <Extensions>
              <ns3:TPX>
                <ns3:Speed>0.9240000247955322</ns3:Speed>
                <ns3:RunCadence>0</ns3:RunCadence>
              </ns3:TPX>
            </Extensions>
          </Trackpoint>
          <Trackpoint>
            <Time>2025-07-08T14:16:28.000Z</Time>
            <Position>
              <LatitudeDegrees>43.120068619027734</LatitudeDegrees>
              <LongitudeDegrees>-2.5848667044192553</LongitudeDegrees>
            </Position>
            <AltitudeMeters>182.0</AltitudeMeters>
            <DistanceMeters>1132.5999755859375</DistanceMeters>
            <HeartRateBpm>
              <Value>111</Value>
            </HeartRateBpm>
            <Extensions>
              <ns3:TPX>
                <ns3:Speed>1.6050000190734863</ns3:Speed>
                <ns3:RunCadence>59</ns3:RunCadence>
              </ns3:TPX>
            </Extensions>
          </Trackpoint>
          <Trackpoint>
            <Time>2025-07-08T14:16:29.000Z</Time>
            <Position>
              <LatitudeDegrees>43.1200566329062</LatitudeDegrees>
              <LongitudeDegrees>-2.5848675426095724</LongitudeDegrees>
            </Position>
            <AltitudeMeters>182.1999969482422</AltitudeMeters>
            <DistanceMeters>1133.8499755859375</DistanceMeters>
            <HeartRateBpm>
              <Value>112</Value>
            </HeartRateBpm>
            <Extensions>
              <ns3:TPX>
                <ns3:Speed>1.5959999561309814</ns3:Speed>
                <ns3:RunCadence>59</ns3:RunCadence>
              </ns3:TPX>
            </Extensions>
          </Trackpoint>
          <Trackpoint>
            <Time>2025-07-08T14:16:32.000Z</Time>
            <Position>
              <LatitudeDegrees>43.12002805061638</LatitudeDegrees>
              <LongitudeDegrees>-2.5848560594022274</LongitudeDegrees>
            </Position>
            <AltitudeMeters>182.1999969482422</AltitudeMeters>
            <DistanceMeters>1136.489990234375</DistanceMeters>
            <HeartRateBpm>
              <Value>111</Value>
            </HeartRateBpm>
            <Extensions>
              <ns3:TPX>
                <ns3:Speed>1.2690000534057617</ns3:Speed>
                <ns3:RunCadence>64</ns3:RunCadence>
              </ns3:TPX>
            </Extensions>
          </Trackpoint>
          <Trackpoint>
            <Time>2025-07-08T14:16:34.000Z</Time>
            <Position>
              <LatitudeDegrees>43.11999561265111</LatitudeDegrees>
              <LongitudeDegrees>-2.584843570366502</LongitudeDegrees>
            </Position>
            <AltitudeMeters>182.1999969482422</AltitudeMeters>
            <DistanceMeters>1139.6400146484375</DistanceMeters>
            <HeartRateBpm>
              <Value>108</Value>
            </HeartRateBpm>
            <Extensions>
              <ns3:TPX>
                <ns3:Speed>1.371999979019165</ns3:Speed>
                <ns3:RunCadence>64</ns3:RunCadence>
              </ns3:TPX>
            </Extensions>
          </Trackpoint>
          <Trackpoint>
            <Time>2025-07-08T14:16:37.000Z</Time>
            <Position>
              <LatitudeDegrees>43.11994691379368</LatitudeDegrees>
              <LongitudeDegrees>-2.5848286505788565</LongitudeDegrees>
            </Position>
            <AltitudeMeters>182.0</AltitudeMeters>
            <DistanceMeters>1144.0999755859375</DistanceMeters>
            <HeartRateBpm>
              <Value>105</Value>
            </HeartRateBpm>
            <Extensions>
              <ns3:TPX>
                <ns3:Speed>1.437000036239624</ns3:Speed>
                <ns3:RunCadence>62</ns3:RunCadence>
              </ns3:TPX>
            </Extensions>
          </Trackpoint>
          <Trackpoint>
            <Time>2025-07-08T14:16:39.000Z</Time>
            <Position>
              <LatitudeDegrees>43.11991347000003</LatitudeDegrees>
              <LongitudeDegrees>-2.584826136007905</LongitudeDegrees>
            </Position>
            <AltitudeMeters>181.8000030517578</AltitudeMeters>
            <DistanceMeters>1148.4000244140625</DistanceMeters>
            <HeartRateBpm>
              <Value>106</Value>
            </HeartRateBpm>
            <Extensions>
              <ns3:TPX>
                <ns3:Speed>1.437000036239624</ns3:Speed>
                <ns3:RunCadence>64</ns3:RunCadence>
              </ns3:TPX>
            </Extensions>
          </Trackpoint>
          <Trackpoint>
            <Time>2025-07-08T14:16:42.000Z</Time>
            <Position>
              <LatitudeDegrees>43.11985555104911</LatitudeDegrees>
              <LongitudeDegrees>-2.584821106866002</LongitudeDegrees>
            </Position>
            <AltitudeMeters>181.8000030517578</AltitudeMeters>
            <DistanceMeters>1153.1800537109375</DistanceMeters>
            <HeartRateBpm>
              <Value>105</Value>
            </HeartRateBpm>
            <Extensions>
              <ns3:TPX>
                <ns3:Speed>1.5490000247955322</ns3:Speed>
                <ns3:RunCadence>63</ns3:RunCadence>
              </ns3:TPX>
            </Extensions>
          </Trackpoint>
          <Trackpoint>
            <Time>2025-07-08T14:16:47.000Z</Time>
            <Position>
              <LatitudeDegrees>43.119761757552624</LatitudeDegrees>
              <LongitudeDegrees>-2.58478581905365</LongitudeDegrees>
            </Position>
            <AltitudeMeters>181.8000030517578</AltitudeMeters>
            <DistanceMeters>1162.9000244140625</DistanceMeters>
            <HeartRateBpm>
              <Value>106</Value>
            </HeartRateBpm>
            <Extensions>
              <ns3:TPX>
                <ns3:Speed>1.5490000247955322</ns3:Speed>
                <ns3:RunCadence>63</ns3:RunCadence>
              </ns3:TPX>
            </Extensions>
          </Trackpoint>
          <Trackpoint>
            <Time>2025-07-08T14:16:50.000Z</Time>
            <Position>
              <LatitudeDegrees>43.11970970593393</LatitudeDegrees>
              <LongitudeDegrees>-2.584747765213251</LongitudeDegrees>
            </Position>
            <AltitudeMeters>181.8000030517578</AltitudeMeters>
            <DistanceMeters>1170.6700439453125</DistanceMeters>
            <HeartRateBpm>
              <Value>109</Value>
            </HeartRateBpm>
            <Extensions>
              <ns3:TPX>
                <ns3:Speed>1.6139999628067017</ns3:Speed>
                <ns3:RunCadence>63</ns3:RunCadence>
              </ns3:TPX>
            </Extensions>
          </Trackpoint>
          <Trackpoint>
            <Time>2025-07-08T14:16:51.000Z</Time>
            <Position>
              <LatitudeDegrees>43.11969495378435</LatitudeDegrees>
              <LongitudeDegrees>-2.584741562604904</LongitudeDegrees>
            </Position>
            <AltitudeMeters>181.8000030517578</AltitudeMeters>
            <DistanceMeters>1173.2099609375</DistanceMeters>
            <HeartRateBpm>
              <Value>115</Value>
            </HeartRateBpm>
            <Extensions>
              <ns3:TPX>
                <ns3:Speed>1.6610000133514404</ns3:Speed>
                <ns3:RunCadence>63</ns3:RunCadence>
              </ns3:TPX>
            </Extensions>
          </Trackpoint>
          <Trackpoint>
            <Time>2025-07-08T14:16:52.000Z</Time>
            <Position>
              <LatitudeDegrees>43.11967936344445</LatitudeDegrees>
              <LongitudeDegrees>-2.5847335159778595</LongitudeDegrees>
            </Position>
            <AltitudeMeters>181.8000030517578</AltitudeMeters>
            <DistanceMeters>1175.93994140625</DistanceMeters>
            <HeartRateBpm>
              <Value>115</Value>
            </HeartRateBpm>
            <Extensions>
              <ns3:TPX>
                <ns3:Speed>1.6799999475479126</ns3:Speed>
                <ns3:RunCadence>63</ns3:RunCadence>
              </ns3:TPX>
            </Extensions>
          </Trackpoint>
          <Trackpoint>
            <Time>2025-07-08T14:16:53.000Z</Time>
            <Position>
              <LatitudeDegrees>43.11966234818101</LatitudeDegrees>
              <LongitudeDegrees>-2.5847238767892122</LongitudeDegrees>
            </Position>
            <AltitudeMeters>181.8000030517578</AltitudeMeters>
            <DistanceMeters>1178.1700439453125</DistanceMeters>
            <HeartRateBpm>
              <Value>116</Value>
            </HeartRateBpm>
            <Extensions>
              <ns3:TPX>
                <ns3:Speed>1.7259999513626099</ns3:Speed>
                <ns3:RunCadence>63</ns3:RunCadence>
              </ns3:TPX>
            </Extensions>
          </Trackpoint>
          <Trackpoint>
            <Time>2025-07-08T14:17:00.000Z</Time>
            <Position>
              <LatitudeDegrees>43.11956176534295</LatitudeDegrees>
              <LongitudeDegrees>-2.584690097719431</LongitudeDegrees>
            </Position>
            <AltitudeMeters>181.60000610351562</AltitudeMeters>
            <DistanceMeters>1189.8499755859375</DistanceMeters>
            <HeartRateBpm>
              <Value>113</Value>
            </HeartRateBpm>
            <Extensions>
              <ns3:TPX>
                <ns3:Speed>1.6419999599456787</ns3:Speed>
                <ns3:RunCadence>63</ns3:RunCadence>
              </ns3:TPX>
            </Extensions>
          </Trackpoint>
          <Trackpoint>
            <Time>2025-07-08T14:17:01.000Z</Time>
            <Position>
              <LatitudeDegrees>43.11954718083143</LatitudeDegrees>
              <LongitudeDegrees>-2.5846861582249403</LongitudeDegrees>
            </Position>
            <AltitudeMeters>181.60000610351562</AltitudeMeters>
            <DistanceMeters>1192.0</DistanceMeters>
            <HeartRateBpm>
              <Value>112</Value>
            </HeartRateBpm>
            <Extensions>
              <ns3:TPX>
                <ns3:Speed>1.6419999599456787</ns3:Speed>
                <ns3:RunCadence>63</ns3:RunCadence>
              </ns3:TPX>
            </Extensions>
          </Trackpoint>
          <Trackpoint>
            <Time>2025-07-08T14:17:05.000Z</Time>
            <Position>
              <LatitudeDegrees>43.11948607675731</LatitudeDegrees>
              <LongitudeDegrees>-2.584661180153489</LongitudeDegrees>
            </Position>
            <AltitudeMeters>181.8000030517578</AltitudeMeters>
            <DistanceMeters>1197.77001953125</DistanceMeters>
            <HeartRateBpm>
              <Value>111</Value>
            </HeartRateBpm>
            <Extensions>
              <ns3:TPX>
                <ns3:Speed>1.6239999532699585</ns3:Speed>
                <ns3:RunCadence>62</ns3:RunCadence>
              </ns3:TPX>
            </Extensions>
          </Trackpoint>
          <Trackpoint>
            <Time>2025-07-08T14:17:08.000Z</Time>
            <Position>
              <LatitudeDegrees>43.11943033710122</LatitudeDegrees>
              <LongitudeDegrees>-2.584621114656329</LongitudeDegrees>
            </Position>
            <AltitudeMeters>181.60000610351562</AltitudeMeters>
            <DistanceMeters>1201.1800537109375</DistanceMeters>
            <HeartRateBpm>
              <Value>110</Value>
            </HeartRateBpm>
            <Extensions>
              <ns3:TPX>
                <ns3:Speed>1.4839999675750732</ns3:Speed>
                <ns3:RunCadence>65</ns3:RunCadence>
              </ns3:TPX>
            </Extensions>
          </Trackpoint>
          <Trackpoint>
            <Time>2025-07-08T14:17:09.000Z</Time>
            <Position>
              <LatitudeDegrees>43.11940737068653</LatitudeDegrees>
              <LongitudeDegrees>-2.5846071168780327</LongitudeDegrees>
            </Position>
            <AltitudeMeters>181.39999389648438</AltitudeMeters>
            <DistanceMeters>1203.010009765625</DistanceMeters>
            <HeartRateBpm>
              <Value>110</Value>
            </HeartRateBpm>
            <Extensions>
              <ns3:TPX>
                <ns3:Speed>1.4839999675750732</ns3:Speed>
                <ns3:RunCadence>64</ns3:RunCadence>
              </ns3:TPX>
            </Extensions>
          </Trackpoint>
          <Trackpoint>
            <Time>2025-07-08T14:17:14.000Z</Time>
            <Position>
              <LatitudeDegrees>43.1193277426064</LatitudeDegrees>
              <LongitudeDegrees>-2.584562608972192</LongitudeDegrees>
            </Position>
            <AltitudeMeters>181.60000610351562</AltitudeMeters>
            <DistanceMeters>1212.56005859375</DistanceMeters>
            <HeartRateBpm>
              <Value>107</Value>
            </HeartRateBpm>
            <Extensions>
              <ns3:TPX>
                <ns3:Speed>1.6330000162124634</ns3:Speed>
                <ns3:RunCadence>62</ns3:RunCadence>
              </ns3:TPX>
            </Extensions>
          </Trackpoint>
          <Trackpoint>
            <Time>2025-07-08T14:17:18.000Z</Time>
            <Position>
              <LatitudeDegrees>43.11927828937769</LatitudeDegrees>
              <LongitudeDegrees>-2.584529584273696</LongitudeDegrees>
            </Position>
            <AltitudeMeters>181.60000610351562</AltitudeMeters>
            <DistanceMeters>1218.3900146484375</DistanceMeters>
            <HeartRateBpm>
              <Value>104</Value>
            </HeartRateBpm>
            <Extensions>
              <ns3:TPX>
                <ns3:Speed>1.5770000219345093</ns3:Speed>
                <ns3:RunCadence>61</ns3:RunCadence>
              </ns3:TPX>
            </Extensions>
          </Trackpoint>
          <Trackpoint>
            <Time>2025-07-08T14:17:20.000Z</Time>
            <Position>
              <LatitudeDegrees>43.1192518863827</LatitudeDegrees>
              <LongitudeDegrees>-2.5845125690102577</LongitudeDegrees>
            </Position>
            <AltitudeMeters>181.60000610351562</AltitudeMeters>
            <DistanceMeters>1221.2900390625</DistanceMeters>
            <HeartRateBpm>
              <Value>110</Value>
            </HeartRateBpm>
            <Extensions>
              <ns3:TPX>
                <ns3:Speed>1.5399999618530273</ns3:Speed>
                <ns3:RunCadence>61</ns3:RunCadence>
              </ns3:TPX>
            </Extensions>
          </Trackpoint>
          <Trackpoint>
            <Time>2025-07-08T14:17:21.000Z</Time>
            <Position>
              <LatitudeDegrees>43.119238978251815</LatitudeDegrees>
              <LongitudeDegrees>-2.584503935649991</LongitudeDegrees>
            </Position>
            <AltitudeMeters>181.60000610351562</AltitudeMeters>
            <DistanceMeters>1223.239990234375</DistanceMeters>
            <HeartRateBpm>
              <Value>110</Value>
            </HeartRateBpm>
            <Extensions>
              <ns3:TPX>
                <ns3:Speed>1.5399999618530273</ns3:Speed>
                <ns3:RunCadence>61</ns3:RunCadence>
              </ns3:TPX>
            </Extensions>
          </Trackpoint>
          <Trackpoint>
            <Time>2025-07-08T14:17:26.000Z</Time>
            <Position>
              <LatitudeDegrees>43.1191533152014</LatitudeDegrees>
              <LongitudeDegrees>-2.584452638402581</LongitudeDegrees>
            </Position>
            <AltitudeMeters>181.8000030517578</AltitudeMeters>
            <DistanceMeters>1233.9000244140625</DistanceMeters>
            <HeartRateBpm>
              <Value>110</Value>
            </HeartRateBpm>
            <Extensions>
              <ns3:TPX>
                <ns3:Speed>1.5959999561309814</ns3:Speed>
                <ns3:RunCadence>61</ns3:RunCadence>
              </ns3:TPX>
            </Extensions>
          </Trackpoint>
          <Trackpoint>
            <Time>2025-07-08T14:17:27.000Z</Time>
            <Position>
              <LatitudeDegrees>43.11913185752928</LatitudeDegrees>
              <LongitudeDegrees>-2.5844419933855534</LongitudeDegrees>
            </Position>
            <AltitudeMeters>181.8000030517578</AltitudeMeters>
            <DistanceMeters>1236.8800048828125</DistanceMeters>
            <HeartRateBpm>
              <Value>110</Value>
            </HeartRateBpm>
            <Extensions>
              <ns3:TPX>
                <ns3:Speed>1.6050000190734863</ns3:Speed>
                <ns3:RunCadence>0</ns3:RunCadence>
              </ns3:TPX>
            </Extensions>
          </Trackpoint>
          <Trackpoint>
            <Time>2025-07-08T14:17:28.000Z</Time>
            <Position>
              <LatitudeDegrees>43.11911039985716</LatitudeDegrees>
              <LongitudeDegrees>-2.584430342540145</LongitudeDegrees>
            </Position>
            <AltitudeMeters>181.8000030517578</AltitudeMeters>
            <DistanceMeters>1239.6300048828125</DistanceMeters>
            <HeartRateBpm>
              <Value>110</Value>
            </HeartRateBpm>
            <Extensions>
              <ns3:TPX>
                <ns3:Speed>1.6519999504089355</ns3:Speed>
                <ns3:RunCadence>0</ns3:RunCadence>
              </ns3:TPX>
            </Extensions>
          </Trackpoint>
          <Trackpoint>
            <Time>2025-07-08T14:17:33.000Z</Time>
            <Position>
              <LatitudeDegrees>43.11904041096568</LatitudeDegrees>
              <LongitudeDegrees>-2.584388265386224</LongitudeDegrees>
            </Position>
            <AltitudeMeters>181.60000610351562</AltitudeMeters>
            <DistanceMeters>1247.449951171875</DistanceMeters>
            <HeartRateBpm>
              <Value>110</Value>
            </HeartRateBpm>
            <Extensions>
              <ns3:TPX>
                <ns3:Speed>1.6239999532699585</ns3:Speed>
                <ns3:RunCadence>59</ns3:RunCadence>
              </ns3:TPX>
            </Extensions>
          </Trackpoint>
          <Trackpoint>
            <Time>2025-07-08T14:17:35.000Z</Time>
            <Position>
              <LatitudeDegrees>43.1190185341984</LatitudeDegrees>
              <LongitudeDegrees>-2.584366388618946</LongitudeDegrees>
            </Position>
            <AltitudeMeters>182.0</AltitudeMeters>
            <DistanceMeters>1250.3199462890625</DistanceMeters>
            <HeartRateBpm>
              <Value>110</Value>
            </HeartRateBpm>
            <Extensions>
              <ns3:TPX>
                <ns3:Speed>1.5859999656677246</ns3:Speed>
                <ns3:RunCadence>0</ns3:RunCadence>
              </ns3:TPX>
            </Extensions>
          </Trackpoint>
          <Trackpoint>
            <Time>2025-07-08T14:17:38.000Z</Time>
            <Position>
              <LatitudeDegrees>43.118998585268855</LatitudeDegrees>
              <LongitudeDegrees>-2.5843371357768774</LongitudeDegrees>
            </Position>
            <AltitudeMeters>182.60000610351562</AltitudeMeters>
            <DistanceMeters>1254.8199462890625</DistanceMeters>
            <HeartRateBpm>
              <Value>111</Value>
            </HeartRateBpm>
            <Extensions>
              <ns3:TPX>
                <ns3:Speed>1.5770000219345093</ns3:Speed>
                <ns3:RunCadence>58</ns3:RunCadence>
              </ns3:TPX>
            </Extensions>
          </Trackpoint>
          <Trackpoint>
            <Time>2025-07-08T14:17:40.000Z</Time>
            <Position>
              <LatitudeDegrees>43.118976121768355</LatitudeDegrees>
              <LongitudeDegrees>-2.5843267422169447</LongitudeDegrees>
            </Position>
            <AltitudeMeters>182.60000610351562</AltitudeMeters>
            <DistanceMeters>1257.1199951171875</DistanceMeters>
            <HeartRateBpm>
              <Value>113</Value>
            </HeartRateBpm>
            <Extensions>
              <ns3:TPX>
                <ns3:Speed>1.437000036239624</ns3:Speed>
                <ns3:RunCadence>59</ns3:RunCadence>
              </ns3:TPX>
            </Extensions>
          </Trackpoint>
          <Trackpoint>
            <Time>2025-07-08T14:17:42.000Z</Time>
            <Position>
              <LatitudeDegrees>43.11895256862044</LatitudeDegrees>
              <LongitudeDegrees>-2.584315175190568</LongitudeDegrees>
            </Position>
            <AltitudeMeters>182.60000610351562</AltitudeMeters>
            <DistanceMeters>1259.8699951171875</DistanceMeters>
            <HeartRateBpm>
              <Value>113</Value>
            </HeartRateBpm>
            <Extensions>
              <ns3:TPX>
                <ns3:Speed>1.4179999828338623</ns3:Speed>
                <ns3:RunCadence>59</ns3:RunCadence>
              </ns3:TPX>
            </Extensions>
          </Trackpoint>
          <Trackpoint>
            <Time>2025-07-08T14:17:46.000Z</Time>
            <Position>
              <LatitudeDegrees>43.118875958025455</LatitudeDegrees>
              <LongitudeDegrees>-2.5842668954283</LongitudeDegrees>
            </Position>
            <AltitudeMeters>182.0</AltitudeMeters>
            <DistanceMeters>1270.4100341796875</DistanceMeters>
            <HeartRateBpm>
              <Value>112</Value>
            </HeartRateBpm>
            <Extensions>
              <ns3:TPX>
                <ns3:Speed>1.5859999656677246</ns3:Speed>
                <ns3:RunCadence>60</ns3:RunCadence>
              </ns3:TPX>
            </Extensions>
          </Trackpoint>
          <Trackpoint>
            <Time>2025-07-08T14:17:49.000Z</Time>
            <Position>
              <LatitudeDegrees>43.1188287679106</LatitudeDegrees>
              <LongitudeDegrees>-2.5842269137501717</LongitudeDegrees>
            </Position>
            <AltitudeMeters>182.0</AltitudeMeters>
            <DistanceMeters>1275.31005859375</DistanceMeters>
            <HeartRateBpm>
              <Value>108</Value>
            </HeartRateBpm>
            <Extensions>
              <ns3:TPX>
                <ns3:Speed>1.6330000162124634</ns3:Speed>
                <ns3:RunCadence>58</ns3:RunCadence>
              </ns3:TPX>
            </Extensions>
          </Trackpoint>
          <Trackpoint>
            <Time>2025-07-08T14:17:51.000Z</Time>
            <Position>
              <LatitudeDegrees>43.11878484673798</LatitudeDegrees>
              <LongitudeDegrees>-2.5841927994042635</LongitudeDegrees>
            </Position>
            <AltitudeMeters>181.8000030517578</AltitudeMeters>
            <DistanceMeters>1280.3299560546875</DistanceMeters>
            <HeartRateBpm>
              <Value>108</Value>
            </HeartRateBpm>
            <Extensions>
              <ns3:TPX>
                <ns3:Speed>1.6519999504089355</ns3:Speed>
                <ns3:RunCadence>59</ns3:RunCadence>
              </ns3:TPX>
            </Extensions>
          </Trackpoint>
          <Trackpoint>
            <Time>2025-07-08T14:17:57.000Z</Time>
            <Position>
              <LatitudeDegrees>43.11867697164416</LatitudeDegrees>
              <LongitudeDegrees>-2.584157260134816</LongitudeDegrees>
            </Position>
            <AltitudeMeters>182.60000610351562</AltitudeMeters>
            <DistanceMeters>1291.77001953125</DistanceMeters>
            <HeartRateBpm>
              <Value>112</Value>
            </HeartRateBpm>
            <Extensions>
              <ns3:TPX>
                <ns3:Speed>1.7170000076293945</ns3:Speed>
                <ns3:RunCadence>61</ns3:RunCadence>
              </ns3:TPX>
            </Extensions>
          </Trackpoint>
          <Trackpoint>
            <Time>2025-07-08T14:17:58.000Z</Time>
            <Position>
              <LatitudeDegrees>43.118659034371376</LatitudeDegrees>
              <LongitudeDegrees>-2.584150303155184</LongitudeDegrees>
            </Position>
            <AltitudeMeters>182.60000610351562</AltitudeMeters>
            <DistanceMeters>1293.969970703125</DistanceMeters>
            <HeartRateBpm>
              <Value>111</Value>
            </HeartRateBpm>
            <Extensions>
              <ns3:TPX>
                <ns3:Speed>1.7259999513626099</ns3:Speed>
                <ns3:RunCadence>61</ns3:RunCadence>
              </ns3:TPX>
            </Extensions>
          </Trackpoint>
          <Trackpoint>
            <Time>2025-07-08T14:18:00.000Z</Time>
            <Position>
              <LatitudeDegrees>43.11863087117672</LatitudeDegrees>
              <LongitudeDegrees>-2.584134880453348</LongitudeDegrees>
            </Position>
            <AltitudeMeters>182.8000030517578</AltitudeMeters>
            <DistanceMeters>1298.4599609375</DistanceMeters>
            <HeartRateBpm>
              <Value>113</Value>
            </HeartRateBpm>
            <Extensions>
              <ns3:TPX>
                <ns3:Speed>1.781999945640564</ns3:Speed>
                <ns3:RunCadence>62</ns3:RunCadence>
              </ns3:TPX>
            </Extensions>
          </Trackpoint>
          <Trackpoint>
            <Time>2025-07-08T14:18:03.000Z</Time>
            <Position>
              <LatitudeDegrees>43.11858829110861</LatitudeDegrees>
              <LongitudeDegrees>-2.5841330364346504</LongitudeDegrees>
            </Position>
            <AltitudeMeters>182.39999389648438</AltitudeMeters>
            <DistanceMeters>1303.8800048828125</DistanceMeters>
            <HeartRateBpm>
              <Value>109</Value>
            </HeartRateBpm>
            <Extensions>
              <ns3:TPX>
                <ns3:Speed>1.781999945640564</ns3:Speed>
                <ns3:RunCadence>61</ns3:RunCadence>
              </ns3:TPX>
            </Extensions>
          </Trackpoint>
          <Trackpoint>
            <Time>2025-07-08T14:18:04.000Z</Time>
            <Position>
              <LatitudeDegrees>43.11857211403549</LatitudeDegrees>
              <LongitudeDegrees>-2.5841352995485067</LongitudeDegrees>
            </Position>
            <AltitudeMeters>182.60000610351562</AltitudeMeters>
            <DistanceMeters>1305.219970703125</DistanceMeters>
            <HeartRateBpm>
              <Value>109</Value>
            </HeartRateBpm>
            <Extensions>
              <ns3:TPX>
                <ns3:Speed>1.7359999418258667</ns3:Speed>
                <ns3:RunCadence>61</ns3:RunCadence>
              </ns3:TPX>
            </Extensions>
          </Trackpoint>
          <Trackpoint>
            <Time>2025-07-08T14:18:11.000Z</Time>
            <Position>
              <LatitudeDegrees>43.11846314929426</LatitudeDegrees>
              <LongitudeDegrees>-2.584121385589242</LongitudeDegrees>
            </Position>
            <AltitudeMeters>183.0</AltitudeMeters>
            <DistanceMeters>1318.5699462890625</DistanceMeters>
            <HeartRateBpm>
              <Value>110</Value>
            </HeartRateBpm>
            <Extensions>
              <ns3:TPX>
                <ns3:Speed>1.7170000076293945</ns3:Speed>
                <ns3:RunCadence>61</ns3:RunCadence>
              </ns3:TPX>
            </Extensions>
          </Trackpoint>
          <Trackpoint>
            <Time>2025-07-08T14:18:12.000Z</Time>
            <Position>
              <LatitudeDegrees>43.118451246991754</LatitudeDegrees>
              <LongitudeDegrees>-2.5841145124286413</LongitudeDegrees>
            </Position>
            <AltitudeMeters>182.8000030517578</AltitudeMeters>
            <DistanceMeters>1319.93994140625</DistanceMeters>
            <HeartRateBpm>
              <Value>111</Value>
            </HeartRateBpm>
            <Extensions>
              <ns3:TPX>
                <ns3:Speed>1.7170000076293945</ns3:Speed>
                <ns3:RunCadence>61</ns3:RunCadence>
              </ns3:TPX>
            </Extensions>
          </Trackpoint>
          <Trackpoint>
            <Time>2025-07-08T14:18:15.000Z</Time>
            <Position>
              <LatitudeDegrees>43.11840766109526</LatitudeDegrees>
              <LongitudeDegrees>-2.584096910431981</LongitudeDegrees>
            </Position>
            <AltitudeMeters>182.8000030517578</AltitudeMeters>
            <DistanceMeters>1323.5799560546875</DistanceMeters>
            <HeartRateBpm>
              <Value>111</Value>
            </HeartRateBpm>
            <Extensions>
              <ns3:TPX>
                <ns3:Speed>1.6699999570846558</ns3:Speed>
                <ns3:RunCadence>60</ns3:RunCadence>
              </ns3:TPX>
            </Extensions>
          </Trackpoint>
          <Trackpoint>
            <Time>2025-07-08T14:18:17.000Z</Time>
            <Position>
              <LatitudeDegrees>43.11837530694902</LatitudeDegrees>
              <LongitudeDegrees>-2.584090121090412</LongitudeDegrees>
            </Position>
            <AltitudeMeters>183.0</AltitudeMeters>
            <DistanceMeters>1326.7900390625</DistanceMeters>
            <HeartRateBpm>
              <Value>110</Value>
            </HeartRateBpm>
            <Extensions>
              <ns3:TPX>
                <ns3:Speed>1.6519999504089355</ns3:Speed>
                <ns3:RunCadence>60</ns3:RunCadence>
              </ns3:TPX>
            </Extensions>
          </Trackpoint>
          <Trackpoint>
            <Time>2025-07-08T14:18:18.000Z</Time>
            <Position>
              <LatitudeDegrees>43.118352675810456</LatitudeDegrees>
              <LongitudeDegrees>-2.5840894505381584</LongitudeDegrees>
            </Position>
            <AltitudeMeters>183.1999969482422</AltitudeMeters>
            <DistanceMeters>1329.1500244140625</DistanceMeters>
            <HeartRateBpm>
              <Value>109</Value>
            </HeartRateBpm>
            <Extensions>
              <ns3:TPX>
                <ns3:Speed>1.6519999504089355</ns3:Speed>
                <ns3:RunCadence>59</ns3:RunCadence>
              </ns3:TPX>
            </Extensions>
          </Trackpoint>
          <Trackpoint>
            <Time>2025-07-08T14:18:22.000Z</Time>
            <Position>
              <LatitudeDegrees>43.11825762502849</LatitudeDegrees>
              <LongitudeDegrees>-2.5840953178703785</LongitudeDegrees>
            </Position>
            <AltitudeMeters>183.1999969482422</AltitudeMeters>
            <DistanceMeters>1339.280029296875</DistanceMeters>
            <HeartRateBpm>
              <Value>111</Value>
            </HeartRateBpm>
            <Extensions>
              <ns3:TPX>
                <ns3:Speed>1.7170000076293945</ns3:Speed>
                <ns3:RunCadence>62</ns3:RunCadence>
              </ns3:TPX>
            </Extensions>
          </Trackpoint>
          <Trackpoint>
            <Time>2025-07-08T14:18:25.000Z</Time>
            <Position>
              <LatitudeDegrees>43.11820515431464</LatitudeDegrees>
              <LongitudeDegrees>-2.5840932223945856</LongitudeDegrees>
            </Position>
            <AltitudeMeters>183.0</AltitudeMeters>
            <DistanceMeters>1344.02001953125</DistanceMeters>
            <HeartRateBpm>
              <Value>109</Value>
            </HeartRateBpm>
            <Extensions>
              <ns3:TPX>
                <ns3:Speed>1.7079999446868896</ns3:Speed>
                <ns3:RunCadence>61</ns3:RunCadence>
              </ns3:TPX>
            </Extensions>
          </Trackpoint>
          <Trackpoint>
            <Time>2025-07-08T14:18:28.000Z</Time>
            <Position>
              <LatitudeDegrees>43.11815528199077</LatitudeDegrees>
              <LongitudeDegrees>-2.584095820784569</LongitudeDegrees>
            </Position>
            <AltitudeMeters>183.1999969482422</AltitudeMeters>
            <DistanceMeters>1349.1800537109375</DistanceMeters>
            <HeartRateBpm>
              <Value>108</Value>
            </HeartRateBpm>
            <Extensions>
              <ns3:TPX>
                <ns3:Speed>1.6519999504089355</ns3:Speed>
                <ns3:RunCadence>61</ns3:RunCadence>
              </ns3:TPX>
            </Extensions>
          </Trackpoint>
          <Trackpoint>
            <Time>2025-07-08T14:18:29.000Z</Time>
            <Position>
              <LatitudeDegrees>43.11813734471798</LatitudeDegrees>
              <LongitudeDegrees>-2.584099927917123</LongitudeDegrees>
            </Position>
            <AltitudeMeters>183.1999969482422</AltitudeMeters>
            <DistanceMeters>1351.030029296875</DistanceMeters>
            <HeartRateBpm>
              <Value>103</Value>
            </HeartRateBpm>
            <Extensions>
              <ns3:TPX>
                <ns3:Speed>1.6519999504089355</ns3:Speed>
                <ns3:RunCadence>61</ns3:RunCadence>
              </ns3:TPX>
            </Extensions>
          </Trackpoint>
          <Trackpoint>
            <Time>2025-07-08T14:18:30.000Z</Time>
            <Position>
              <LatitudeDegrees>43.11811496503651</LatitudeDegrees>
              <LongitudeDegrees>-2.5841044541448355</LongitudeDegrees>
            </Position>
            <AltitudeMeters>183.39999389648438</AltitudeMeters>
            <DistanceMeters>1353.2099609375</DistanceMeters>
            <HeartRateBpm>
              <Value>103</Value>
            </HeartRateBpm>
            <Extensions>
              <ns3:TPX>
                <ns3:Speed>1.6799999475479126</ns3:Speed>
                <ns3:RunCadence>61</ns3:RunCadence>
              </ns3:TPX>
            </Extensions>
          </Trackpoint>
          <Trackpoint>
            <Time>2025-07-08T14:18:31.000Z</Time>
            <Position>
              <LatitudeDegrees>43.118097027763724</LatitudeDegrees>
              <LongitudeDegrees>-2.5841105729341507</LongitudeDegrees>
            </Position>
            <AltitudeMeters>183.39999389648438</AltitudeMeters>
            <DistanceMeters>1354.800048828125</DistanceMeters>
            <HeartRateBpm>
              <Value>102</Value>
            </HeartRateBpm>
            <Extensions>
              <ns3:TPX>
                <ns3:Speed>1.6890000104904175</ns3:Speed>
                <ns3:RunCadence>61</ns3:RunCadence>
              </ns3:TPX>
            </Extensions>
          </Trackpoint>
          <Trackpoint>
            <Time>2025-07-08T14:18:35.000Z</Time>
            <Position>
              <LatitudeDegrees>43.118027709424496</LatitudeDegrees>
              <LongitudeDegrees>-2.5841315276920795</LongitudeDegrees>
            </Position>
            <AltitudeMeters>183.39999389648438</AltitudeMeters>
            <DistanceMeters>1363.530029296875</DistanceMeters>
            <HeartRateBpm>
              <Value>100</Value>
            </HeartRateBpm>
            <Extensions>
              <ns3:TPX>
                <ns3:Speed>1.7359999418258667</ns3:Speed>
                <ns3:RunCadence>60</ns3:RunCadence>
              </ns3:TPX>
            </Extensions>
          </Trackpoint>
          <Trackpoint>
            <Time>2025-07-08T14:18:36.000Z</Time>
            <Position>
              <LatitudeDegrees>43.11801337637007</LatitudeDegrees>
              <LongitudeDegrees>-2.584134880453348</LongitudeDegrees>
            </Position>
            <AltitudeMeters>183.39999389648438</AltitudeMeters>
            <DistanceMeters>1365.530029296875</DistanceMeters>
            <HeartRateBpm>
              <Value>99</Value>
            </HeartRateBpm>
            <Extensions>
              <ns3:TPX>
                <ns3:Speed>1.7359999418258667</ns3:Speed>
                <ns3:RunCadence>60</ns3:RunCadence>
              </ns3:TPX>
            </Extensions>
          </Trackpoint>
          <Trackpoint>
            <Time>2025-07-08T14:18:38.000Z</Time>
            <Position>
              <LatitudeDegrees>43.117983704432845</LatitudeDegrees>
              <LongitudeDegrees>-2.5841509737074375</LongitudeDegrees>
            </Position>
            <AltitudeMeters>183.39999389648438</AltitudeMeters>
            <DistanceMeters>1368.3399658203125</DistanceMeters>
            <HeartRateBpm>
              <Value>100</Value>
            </HeartRateBpm>
            <Extensions>
              <ns3:TPX>
                <ns3:Speed>1.6979999542236328</ns3:Speed>
                <ns3:RunCadence>60</ns3:RunCadence>
              </ns3:TPX>
            </Extensions>
          </Trackpoint>
          <Trackpoint>
            <Time>2025-07-08T14:18:41.000Z</Time>
            <Position>
              <LatitudeDegrees>43.11792930588126</LatitudeDegrees>
              <LongitudeDegrees>-2.58417259901762</LongitudeDegrees>
            </Position>
            <AltitudeMeters>183.39999389648438</AltitudeMeters>
            <DistanceMeters>1375.8599853515625</DistanceMeters>
            <HeartRateBpm>
              <Value>100</Value>
            </HeartRateBpm>
            <Extensions>
              <ns3:TPX>
                <ns3:Speed>1.7170000076293945</ns3:Speed>
                <ns3:RunCadence>59</ns3:RunCadence>
              </ns3:TPX>
            </Extensions>
          </Trackpoint>
          <Trackpoint>
            <Time>2025-07-08T14:18:44.000Z</Time>
            <Position>
              <LatitudeDegrees>43.11788379214704</LatitudeDegrees>
              <LongitudeDegrees>-2.5841966550797224</LongitudeDegrees>
            </Position>
            <AltitudeMeters>183.39999389648438</AltitudeMeters>
            <DistanceMeters>1381.31005859375</DistanceMeters>
            <HeartRateBpm>
              <Value>99</Value>
            </HeartRateBpm>
            <Extensions>
              <ns3:TPX>
                <ns3:Speed>1.7450000047683716</ns3:Speed>
                <ns3:RunCadence>60</ns3:RunCadence>
              </ns3:TPX>
            </Extensions>
          </Trackpoint>
          <Trackpoint>
            <Time>2025-07-08T14:18:47.000Z</Time>
            <Position>
              <LatitudeDegrees>43.117826879024506</LatitudeDegrees>
              <LongitudeDegrees>-2.5842160172760487</LongitudeDegrees>
            </Position>
            <AltitudeMeters>183.39999389648438</AltitudeMeters>
            <DistanceMeters>1389.9300537109375</DistanceMeters>
            <HeartRateBpm>
              <Value>99</Value>
            </HeartRateBpm>
            <Extensions>
              <ns3:TPX>
                <ns3:Speed>1.781999945640564</ns3:Speed>
                <ns3:RunCadence>60</ns3:RunCadence>
              </ns3:TPX>
            </Extensions>
          </Trackpoint>
          <Trackpoint>
            <Time>2025-07-08T14:18:51.000Z</Time>
            <Position>
              <LatitudeDegrees>43.11775856651366</LatitudeDegrees>
              <LongitudeDegrees>-2.584227416664362</LongitudeDegrees>
            </Position>
            <AltitudeMeters>183.60000610351562</AltitudeMeters>
            <DistanceMeters>1398.989990234375</DistanceMeters>
            <HeartRateBpm>
              <Value>100</Value>
            </HeartRateBpm>
            <Extensions>
              <ns3:TPX>
                <ns3:Speed>1.8380000591278076</ns3:Speed>
                <ns3:RunCadence>59</ns3:RunCadence>
              </ns3:TPX>
            </Extensions>
          </Trackpoint>
          <Trackpoint>
            <Time>2025-07-08T14:18:53.000Z</Time>
            <Position>
              <LatitudeDegrees>43.11772822402418</LatitudeDegrees>
              <LongitudeDegrees>-2.584222638979554</LongitudeDegrees>
            </Position>
            <AltitudeMeters>183.60000610351562</AltitudeMeters>
            <DistanceMeters>1402.260009765625</DistanceMeters>
            <HeartRateBpm>
              <Value>100</Value>
            </HeartRateBpm>
            <Extensions>
              <ns3:TPX>
                <ns3:Speed>1.819000005722046</ns3:Speed>
                <ns3:RunCadence>59</ns3:RunCadence>
              </ns3:TPX>
            </Extensions>
          </Trackpoint>
          <Trackpoint>
            <Time>2025-07-08T14:18:57.000Z</Time>
            <Position>
              <LatitudeDegrees>43.11766494065523</LatitudeDegrees>
              <LongitudeDegrees>-2.584230350330472</LongitudeDegrees>
            </Position>
            <AltitudeMeters>183.8000030517578</AltitudeMeters>
            <DistanceMeters>1410.3599853515625</DistanceMeters>
            <HeartRateBpm>
              <Value>97</Value>
            </HeartRateBpm>
            <Extensions>
              <ns3:TPX>
                <ns3:Speed>1.809999942779541</ns3:Speed>
                <ns3:RunCadence>59</ns3:RunCadence>
              </ns3:TPX>
            </Extensions>
          </Trackpoint>
          <Trackpoint>
            <Time>2025-07-08T14:19:00.000Z</Time>
            <Position>
              <LatitudeDegrees>43.1176164932549</LatitudeDegrees>
              <LongitudeDegrees>-2.5842708349227905</LongitudeDegrees>
            </Position>
            <AltitudeMeters>184.0</AltitudeMeters>
            <DistanceMeters>1416.68994140625</DistanceMeters>
            <HeartRateBpm>
              <Value>98</Value>
            </HeartRateBpm>
            <Extensions>
              <ns3:TPX>
                <ns3:Speed>1.8569999933242798</ns3:Speed>
                <ns3:RunCadence>59</ns3:RunCadence>
              </ns3:TPX>
            </Extensions>
          </Trackpoint>
          <Trackpoint>
            <Time>2025-07-08T14:19:01.000Z</Time>
            <Position>
              <LatitudeDegrees>43.117603501304984</LatitudeDegrees>
              <LongitudeDegrees>-2.5842811446636915</LongitudeDegrees>
            </Position>
            <AltitudeMeters>184.0</AltitudeMeters>
            <DistanceMeters>1418.5</DistanceMeters>
            <HeartRateBpm>
              <Value>104</Value>
            </HeartRateBpm>
            <Extensions>
              <ns3:TPX>
                <ns3:Speed>1.8569999933242798</ns3:Speed>
                <ns3:RunCadence>59</ns3:RunCadence>
              </ns3:TPX>
            </Extensions>
          </Trackpoint>
          <Trackpoint>
            <Time>2025-07-08T14:19:03.000Z</Time>
            <Position>
              <LatitudeDegrees>43.11757978051901</LatitudeDegrees>
              <LongitudeDegrees>-2.584296064451337</LongitudeDegrees>
            </Position>
            <AltitudeMeters>184.1999969482422</AltitudeMeters>
            <DistanceMeters>1421.5400390625</DistanceMeters>
            <HeartRateBpm>
              <Value>106</Value>
            </HeartRateBpm>
            <Extensions>
              <ns3:TPX>
                <ns3:Speed>1.8380000591278076</ns3:Speed>
                <ns3:RunCadence>59</ns3:RunCadence>
              </ns3:TPX>
            </Extensions>
          </Trackpoint>
          <Trackpoint>
            <Time>2025-07-08T14:19:07.000Z</Time>
            <Position>
              <LatitudeDegrees>43.117515156045556</LatitudeDegrees>
              <LongitudeDegrees>-2.5843244791030884</LongitudeDegrees>
            </Position>
            <AltitudeMeters>184.39999389648438</AltitudeMeters>
            <DistanceMeters>1428.0999755859375</DistanceMeters>
            <HeartRateBpm>
              <Value>109</Value>
            </HeartRateBpm>
            <Extensions>
              <ns3:TPX>
                <ns3:Speed>1.809999942779541</ns3:Speed>
                <ns3:RunCadence>60</ns3:RunCadence>
              </ns3:TPX>
            </Extensions>
          </Trackpoint>
          <Trackpoint>
            <Time>2025-07-08T14:19:08.000Z</Time>
            <Position>
              <LatitudeDegrees>43.117498978972435</LatitudeDegrees>
              <LongitudeDegrees>-2.58432699367404</LongitudeDegrees>
            </Position>
            <AltitudeMeters>184.39999389648438</AltitudeMeters>
            <DistanceMeters>1429.06005859375</DistanceMeters>
            <HeartRateBpm>
              <Value>109</Value>
            </HeartRateBpm>
            <Extensions>
              <ns3:TPX>
                <ns3:Speed>1.781999945640564</ns3:Speed>
                <ns3:RunCadence>60</ns3:RunCadence>
              </ns3:TPX>
            </Extensions>
          </Trackpoint>
          <Trackpoint>
            <Time>2025-07-08T14:19:10.000Z</Time>
            <Position>
              <LatitudeDegrees>43.117463355883956</LatitudeDegrees>
              <LongitudeDegrees>-2.5843376386910677</LongitudeDegrees>
            </Position>
            <AltitudeMeters>184.60000610351562</AltitudeMeters>
            <DistanceMeters>1433.31005859375</DistanceMeters>
            <HeartRateBpm>
              <Value>109</Value>
            </HeartRateBpm>
            <Extensions>
              <ns3:TPX>
                <ns3:Speed>1.7359999418258667</ns3:Speed>
                <ns3:RunCadence>59</ns3:RunCadence>
              </ns3:TPX>
            </Extensions>
          </Trackpoint>
          <Trackpoint>
            <Time>2025-07-08T14:19:14.000Z</Time>
            <Position>
              <LatitudeDegrees>43.11740652658045</LatitudeDegrees>
              <LongitudeDegrees>-2.58434752933681</LongitudeDegrees>
            </Position>
            <AltitudeMeters>184.39999389648438</AltitudeMeters>
            <DistanceMeters>1439.6800537109375</DistanceMeters>
            <HeartRateBpm>
              <Value>110</Value>
            </HeartRateBpm>
            <Extensions>
              <ns3:TPX>
                <ns3:Speed>1.7450000047683716</ns3:Speed>
                <ns3:RunCadence>59</ns3:RunCadence>
              </ns3:TPX>
            </Extensions>
          </Trackpoint>
          <Trackpoint>
            <Time>2025-07-08T14:19:18.000Z</Time>
            <Position>
              <LatitudeDegrees>43.117347937077284</LatitudeDegrees>
              <LongitudeDegrees>-2.5843582581728697</LongitudeDegrees>
            </Position>
            <AltitudeMeters>184.39999389648438</AltitudeMeters>
            <DistanceMeters>1445.9599609375</DistanceMeters>
            <HeartRateBpm>
              <Value>110</Value>
            </HeartRateBpm>
            <Extensions>
              <ns3:TPX>
                <ns3:Speed>1.7450000047683716</ns3:Speed>
                <ns3:RunCadence>59</ns3:RunCadence>
              </ns3:TPX>
            </Extensions>
          </Trackpoint>
          <Trackpoint>
            <Time>2025-07-08T14:19:20.000Z</Time>
            <Position>
              <LatitudeDegrees>43.117316169664264</LatitudeDegrees>
              <LongitudeDegrees>-2.584362030029297</LongitudeDegrees>
            </Position>
            <AltitudeMeters>184.39999389648438</AltitudeMeters>
            <DistanceMeters>1449.260009765625</DistanceMeters>
            <HeartRateBpm>
              <Value>110</Value>
            </HeartRateBpm>
            <Extensions>
              <ns3:TPX>
                <ns3:Speed>1.7450000047683716</ns3:Speed>
                <ns3:RunCadence>59</ns3:RunCadence>
              </ns3:TPX>
            </Extensions>
          </Trackpoint>
          <Trackpoint>
            <Time>2025-07-08T14:19:23.000Z</Time>
            <Position>
              <LatitudeDegrees>43.11726319603622</LatitudeDegrees>
              <LongitudeDegrees>-2.584372591227293</LongitudeDegrees>
            </Position>
            <AltitudeMeters>184.39999389648438</AltitudeMeters>
            <DistanceMeters>1454.75</DistanceMeters>
            <HeartRateBpm>
              <Value>110</Value>
            </HeartRateBpm>
            <Extensions>
              <ns3:TPX>
                <ns3:Speed>1.7450000047683716</ns3:Speed>
                <ns3:RunCadence>59</ns3:RunCadence>
              </ns3:TPX>
            </Extensions>
          </Trackpoint>
          <Trackpoint>
            <Time>2025-07-08T14:19:25.000Z</Time>
            <Position>
              <LatitudeDegrees>43.11723184771836</LatitudeDegrees>
              <LongitudeDegrees>-2.5843851640820503</LongitudeDegrees>
            </Position>
            <AltitudeMeters>184.60000610351562</AltitudeMeters>
            <DistanceMeters>1458.7099609375</DistanceMeters>
            <HeartRateBpm>
              <Value>112</Value>
            </HeartRateBpm>
            <Extensions>
              <ns3:TPX>
                <ns3:Speed>1.7450000047683716</ns3:Speed>
                <ns3:RunCadence>59</ns3:RunCadence>
              </ns3:TPX>
            </Extensions>
          </Trackpoint>
          <Trackpoint>
            <Time>2025-07-08T14:19:26.000Z</Time>
            <Position>
              <LatitudeDegrees>43.11721575446427</LatitudeDegrees>
              <LongitudeDegrees>-2.58439346216619</LongitudeDegrees>
            </Position>
            <AltitudeMeters>184.60000610351562</AltitudeMeters>
            <DistanceMeters>1460.6800537109375</DistanceMeters>
            <HeartRateBpm>
              <Value>111</Value>
            </HeartRateBpm>
            <Extensions>
              <ns3:TPX>
                <ns3:Speed>1.753999948501587</ns3:Speed>
                <ns3:RunCadence>58</ns3:RunCadence>
              </ns3:TPX>
            </Extensions>
          </Trackpoint>
          <Trackpoint>
            <Time>2025-07-08T14:19:29.000Z</Time>
            <Position>
              <LatitudeDegrees>43.11717325821519</LatitudeDegrees>
              <LongitudeDegrees>-2.584409723058343</LongitudeDegrees>
            </Position>
            <AltitudeMeters>184.8000030517578</AltitudeMeters>
            <DistanceMeters>1465.0799560546875</DistanceMeters>
            <HeartRateBpm>
              <Value>111</Value>
            </HeartRateBpm>
            <Extensions>
              <ns3:TPX>
                <ns3:Speed>1.7450000047683716</ns3:Speed>
                <ns3:RunCadence>59</ns3:RunCadence>
              </ns3:TPX>
            </Extensions>
          </Trackpoint>
          <Trackpoint>
            <Time>2025-07-08T14:19:32.000Z</Time>
            <Position>
              <LatitudeDegrees>43.117128163576126</LatitudeDegrees>
              <LongitudeDegrees>-2.5844177696853876</LongitudeDegrees>
            </Position>
            <AltitudeMeters>185.0</AltitudeMeters>
            <DistanceMeters>1469.5699462890625</DistanceMeters>
            <HeartRateBpm>
              <Value>112</Value>
            </HeartRateBpm>
            <Extensions>
              <ns3:TPX>
                <ns3:Speed>1.7259999513626099</ns3:Speed>
                <ns3:RunCadence>59</ns3:RunCadence>
              </ns3:TPX>
            </Extensions>
          </Trackpoint>
          <Trackpoint>
            <Time>2025-07-08T14:19:33.000Z</Time>
            <Position>
              <LatitudeDegrees>43.11711315996945</LatitudeDegrees>
              <LongitudeDegrees>-2.5844180211424828</LongitudeDegrees>
            </Position>
            <AltitudeMeters>185.0</AltitudeMeters>
            <DistanceMeters>1470.5799560546875</DistanceMeters>
            <HeartRateBpm>
              <Value>113</Value>
            </HeartRateBpm>
            <Extensions>
              <ns3:TPX>
                <ns3:Speed>1.7259999513626099</ns3:Speed>
                <ns3:RunCadence>59</ns3:RunCadence>
              </ns3:TPX>
            </Extensions>
          </Trackpoint>
          <Trackpoint>
            <Time>2025-07-08T14:19:35.000Z</Time>
            <Position>
              <LatitudeDegrees>43.11708055436611</LatitudeDegrees>
              <LongitudeDegrees>-2.5844207871705294</LongitudeDegrees>
            </Position>
            <AltitudeMeters>185.0</AltitudeMeters>
            <DistanceMeters>1473.1300048828125</DistanceMeters>
            <HeartRateBpm>
              <Value>112</Value>
            </HeartRateBpm>
            <Extensions>
              <ns3:TPX>
                <ns3:Speed>1.6890000104904175</ns3:Speed>
                <ns3:RunCadence>59</ns3:RunCadence>
              </ns3:TPX>
            </Extensions>
          </Trackpoint>
          <Trackpoint>
            <Time>2025-07-08T14:19:37.000Z</Time>
            <Position>
              <LatitudeDegrees>43.1170519720763</LatitudeDegrees>
              <LongitudeDegrees>-2.5844380538910627</LongitudeDegrees>
            </Position>
            <AltitudeMeters>185.0</AltitudeMeters>
            <DistanceMeters>1475.8199462890625</DistanceMeters>
            <HeartRateBpm>
              <Value>112</Value>
            </HeartRateBpm>
            <Extensions>
              <ns3:TPX>
                <ns3:Speed>1.6799999475479126</ns3:Speed>
                <ns3:RunCadence>59</ns3:RunCadence>
              </ns3:TPX>
            </Extensions>
          </Trackpoint>
          <Trackpoint>
            <Time>2025-07-08T14:19:40.000Z</Time>
            <Position>
              <LatitudeDegrees>43.116998076438904</LatitudeDegrees>
              <LongitudeDegrees>-2.5844489503651857</LongitudeDegrees>
            </Position>
            <AltitudeMeters>185.0</AltitudeMeters>
            <DistanceMeters>1481.56005859375</DistanceMeters>
            <HeartRateBpm>
              <Value>111</Value>
            </HeartRateBpm>
            <Extensions>
              <ns3:TPX>
                <ns3:Speed>1.6799999475479126</ns3:Speed>
                <ns3:RunCadence>59</ns3:RunCadence>
              </ns3:TPX>
            </Extensions>
          </Trackpoint>
          <Trackpoint>
            <Time>2025-07-08T14:19:45.000Z</Time>
            <Position>
              <LatitudeDegrees>43.11693487688899</LatitudeDegrees>
              <LongitudeDegrees>-2.58443595841527</LongitudeDegrees>
            </Position>
            <AltitudeMeters>185.1999969482422</AltitudeMeters>
            <DistanceMeters>1488.760009765625</DistanceMeters>
            <HeartRateBpm>
              <Value>112</Value>
            </HeartRateBpm>
            <Extensions>
              <ns3:TPX>
                <ns3:Speed>1.6330000162124634</ns3:Speed>
                <ns3:RunCadence>59</ns3:RunCadence>
              </ns3:TPX>
            </Extensions>
          </Trackpoint>
          <Trackpoint>
            <Time>2025-07-08T14:19:46.000Z</Time>
            <Position>
              <LatitudeDegrees>43.116914508864284</LatitudeDegrees>
              <LongitudeDegrees>-2.5844389759004116</LongitudeDegrees>
            </Position>
            <AltitudeMeters>185.39999389648438</AltitudeMeters>
            <DistanceMeters>1491.1099853515625</DistanceMeters>
            <HeartRateBpm>
              <Value>111</Value>
            </HeartRateBpm>
            <Extensions>
              <ns3:TPX>
                <ns3:Speed>1.6419999599456787</ns3:Speed>
                <ns3:RunCadence>59</ns3:RunCadence>
              </ns3:TPX>
            </Extensions>
          </Trackpoint>
          <Trackpoint>
            <Time>2025-07-08T14:19:48.000Z</Time>
            <Position>
              <LatitudeDegrees>43.116874443367124</LatitudeDegrees>
              <LongitudeDegrees>-2.584451548755169</LongitudeDegrees>
            </Position>
            <AltitudeMeters>185.39999389648438</AltitudeMeters>
            <DistanceMeters>1495.43994140625</DistanceMeters>
            <HeartRateBpm>
              <Value>111</Value>
            </HeartRateBpm>
            <Extensions>
              <ns3:TPX>
                <ns3:Speed>1.6610000133514404</ns3:Speed>
                <ns3:RunCadence>59</ns3:RunCadence>
              </ns3:TPX>
            </Extensions>
          </Trackpoint>
          <Trackpoint>
            <Time>2025-07-08T14:19:51.000Z</Time>
            <Position>
              <LatitudeDegrees>43.116829097270966</LatitudeDegrees>
              <LongitudeDegrees>-2.5844546500593424</LongitudeDegrees>
            </Position>
            <AltitudeMeters>185.60000610351562</AltitudeMeters>
            <DistanceMeters>1501.56005859375</DistanceMeters>
            <HeartRateBpm>
              <Value>110</Value>
            </HeartRateBpm>
            <Extensions>
              <ns3:TPX>
                <ns3:Speed>1.6610000133514404</ns3:Speed>
                <ns3:RunCadence>58</ns3:RunCadence>
              </ns3:TPX>
            </Extensions>
          </Trackpoint>
          <Trackpoint>
            <Time>2025-07-08T14:19:54.000Z</Time>
            <Position>
              <LatitudeDegrees>43.11678341589868</LatitudeDegrees>
              <LongitudeDegrees>-2.584442161023617</LongitudeDegrees>
            </Position>
            <AltitudeMeters>185.8000030517578</AltitudeMeters>
            <DistanceMeters>1507.8499755859375</DistanceMeters>
            <HeartRateBpm>
              <Value>109</Value>
            </HeartRateBpm>
            <Extensions>
              <ns3:TPX>
                <ns3:Speed>1.6890000104904175</ns3:Speed>
                <ns3:RunCadence>59</ns3:RunCadence>
              </ns3:TPX>
            </Extensions>
          </Trackpoint>
          <Trackpoint>
            <Time>2025-07-08T14:19:58.000Z</Time>
            <Position>
              <LatitudeDegrees>43.11671694740653</LatitudeDegrees>
              <LongitudeDegrees>-2.584436209872365</LongitudeDegrees>
            </Position>
            <AltitudeMeters>185.8000030517578</AltitudeMeters>
            <DistanceMeters>1513.6800537109375</DistanceMeters>
            <HeartRateBpm>
              <Value>109</Value>
            </HeartRateBpm>
            <Extensions>
              <ns3:TPX>
                <ns3:Speed>1.6610000133514404</ns3:Speed>
                <ns3:RunCadence>58</ns3:RunCadence>
              </ns3:TPX>
            </Extensions>
          </Trackpoint>
          <Trackpoint>
            <Time>2025-07-08T14:20:00.000Z</Time>
            <Position>
              <LatitudeDegrees>43.11668459326029</LatitudeDegrees>
              <LongitudeDegrees>-2.5844398979097605</LongitudeDegrees>
            </Position>
            <AltitudeMeters>185.8000030517578</AltitudeMeters>
            <DistanceMeters>1518.6199951171875</DistanceMeters>
            <HeartRateBpm>
              <Value>109</Value>
            </HeartRateBpm>
            <Extensions>
              <ns3:TPX>
                <ns3:Speed>1.7259999513626099</ns3:Speed>
                <ns3:RunCadence>58</ns3:RunCadence>
              </ns3:TPX>
            </Extensions>
          </Trackpoint>
          <Trackpoint>
            <Time>2025-07-08T14:20:01.000Z</Time>
            <Position>
              <LatitudeDegrees>43.11666464433074</LatitudeDegrees>
              <LongitudeDegrees>-2.5844455137848854</LongitudeDegrees>
            </Position>
            <AltitudeMeters>186.0</AltitudeMeters>
            <DistanceMeters>1521.260009765625</DistanceMeters>
            <HeartRateBpm>
              <Value>107</Value>
            </HeartRateBpm>
            <Extensions>
              <ns3:TPX>
                <ns3:Speed>1.7450000047683716</ns3:Speed>
                <ns3:RunCadence>59</ns3:RunCadence>
              </ns3:TPX>
            </Extensions>
          </Trackpoint>
          <Trackpoint>
            <Time>2025-07-08T14:20:05.000Z</Time>
            <Position>
              <LatitudeDegrees>43.11659147031605</LatitudeDegrees>
              <LongitudeDegrees>-2.5844367127865553</LongitudeDegrees>
            </Position>
            <AltitudeMeters>186.0</AltitudeMeters>
            <DistanceMeters>1529.06005859375</DistanceMeters>
            <HeartRateBpm>
              <Value>108</Value>
            </HeartRateBpm>
            <Extensions>
              <ns3:TPX>
                <ns3:Speed>1.7730000019073486</ns3:Speed>
                <ns3:RunCadence>58</ns3:RunCadence>
              </ns3:TPX>
            </Extensions>
          </Trackpoint>
          <Trackpoint>
            <Time>2025-07-08T14:20:11.000Z</Time>
            <Position>
              <LatitudeDegrees>43.11651058495045</LatitudeDegrees>
              <LongitudeDegrees>-2.584469150751829</LongitudeDegrees>
            </Position>
            <AltitudeMeters>186.0</AltitudeMeters>
            <DistanceMeters>1540.4000244140625</DistanceMeters>
            <HeartRateBpm>
              <Value>108</Value>
            </HeartRateBpm>
            <Extensions>
              <ns3:TPX>
                <ns3:Speed>1.8569999933242798</ns3:Speed>
                <ns3:RunCadence>59</ns3:RunCadence>
              </ns3:TPX>
            </Extensions>
          </Trackpoint>
          <Trackpoint>
            <Time>2025-07-08T14:20:12.000Z</Time>
            <Position>
              <LatitudeDegrees>43.116500778123736</LatitudeDegrees>
              <LongitudeDegrees>-2.584478035569191</LongitudeDegrees>
            </Position>
            <AltitudeMeters>186.1999969482422</AltitudeMeters>
            <DistanceMeters>1542.8399658203125</DistanceMeters>
            <HeartRateBpm>
              <Value>108</Value>
            </HeartRateBpm>
            <Extensions>
              <ns3:TPX>
                <ns3:Speed>1.8660000562667847</ns3:Speed>
                <ns3:RunCadence>59</ns3:RunCadence>
              </ns3:TPX>
            </Extensions>
          </Trackpoint>
          <Trackpoint>
            <Time>2025-07-08T14:20:13.000Z</Time>
            <Position>
              <LatitudeDegrees>43.11648761853576</LatitudeDegrees>
              <LongitudeDegrees>-2.5844934582710266</LongitudeDegrees>
            </Position>
            <AltitudeMeters>186.39999389648438</AltitudeMeters>
            <DistanceMeters>1544.8900146484375</DistanceMeters>
            <HeartRateBpm>
              <Value>111</Value>
            </HeartRateBpm>
            <Extensions>
              <ns3:TPX>
                <ns3:Speed>1.875</ns3:Speed>
                <ns3:RunCadence>59</ns3:RunCadence>
              </ns3:TPX>
            </Extensions>
          </Trackpoint>
          <Trackpoint>
            <Time>2025-07-08T14:20:19.000Z</Time>
            <Position>
              <LatitudeDegrees>43.11641788110137</LatitudeDegrees>
              <LongitudeDegrees>-2.5845229625701904</LongitudeDegrees>
            </Position>
            <AltitudeMeters>186.60000610351562</AltitudeMeters>
            <DistanceMeters>1556.93994140625</DistanceMeters>
            <HeartRateBpm>
              <Value>113</Value>
            </HeartRateBpm>
            <Extensions>
              <ns3:TPX>
                <ns3:Speed>1.8660000562667847</ns3:Speed>
                <ns3:RunCadence>59</ns3:RunCadence>
              </ns3:TPX>
            </Extensions>
          </Trackpoint>
          <Trackpoint>
            <Time>2025-07-08T14:20:22.000Z</Time>
            <Position>
              <LatitudeDegrees>43.1163748819381</LatitudeDegrees>
              <LongitudeDegrees>-2.5845284946262836</LongitudeDegrees>
            </Position>
            <AltitudeMeters>186.60000610351562</AltitudeMeters>
            <DistanceMeters>1559.8199462890625</DistanceMeters>
            <HeartRateBpm>
              <Value>110</Value>
            </HeartRateBpm>
            <Extensions>
              <ns3:TPX>
                <ns3:Speed>1.753999948501587</ns3:Speed>
                <ns3:RunCadence>59</ns3:RunCadence>
              </ns3:TPX>
            </Extensions>
          </Trackpoint>
          <Trackpoint>
            <Time>2025-07-08T14:20:25.000Z</Time>
            <Position>
              <LatitudeDegrees>43.11631754972041</LatitudeDegrees>
              <LongitudeDegrees>-2.5845609325915575</LongitudeDegrees>
            </Position>
            <AltitudeMeters>186.8000030517578</AltitudeMeters>
            <DistanceMeters>1563.31005859375</DistanceMeters>
            <HeartRateBpm>
              <Value>108</Value>
            </HeartRateBpm>
            <Extensions>
              <ns3:TPX>
                <ns3:Speed>1.6610000133514404</ns3:Speed>
                <ns3:RunCadence>58</ns3:RunCadence>
              </ns3:TPX>
            </Extensions>
          </Trackpoint>
          <Trackpoint>
            <Time>2025-07-08T14:20:30.000Z</Time>
            <Position>
              <LatitudeDegrees>43.116225097328424</LatitudeDegrees>
              <LongitudeDegrees>-2.5846253894269466</LongitudeDegrees>
            </Position>
            <AltitudeMeters>187.0</AltitudeMeters>
            <DistanceMeters>1571.219970703125</DistanceMeters>
            <HeartRateBpm>
              <Value>111</Value>
            </HeartRateBpm>
            <Extensions>
              <ns3:TPX>
                <ns3:Speed>1.6139999628067017</ns3:Speed>
                <ns3:RunCadence>59</ns3:RunCadence>
              </ns3:TPX>
            </Extensions>
          </Trackpoint>
          <Trackpoint>
            <Time>2025-07-08T14:20:32.000Z</Time>
            <Position>
              <LatitudeDegrees>43.1161901447922</LatitudeDegrees>
              <LongitudeDegrees>-2.584649696946144</LongitudeDegrees>
            </Position>
            <AltitudeMeters>187.0</AltitudeMeters>
            <DistanceMeters>1577.3800048828125</DistanceMeters>
            <HeartRateBpm>
              <Value>109</Value>
            </HeartRateBpm>
            <Extensions>
              <ns3:TPX>
                <ns3:Speed>1.6610000133514404</ns3:Speed>
                <ns3:RunCadence>59</ns3:RunCadence>
              </ns3:TPX>
            </Extensions>
          </Trackpoint>
          <Trackpoint>
            <Time>2025-07-08T14:20:35.000Z</Time>
            <Position>
              <LatitudeDegrees>43.11614228412509</LatitudeDegrees>
              <LongitudeDegrees>-2.5846784468740225</LongitudeDegrees>
            </Position>
            <AltitudeMeters>187.0</AltitudeMeters>
            <DistanceMeters>1584.02001953125</DistanceMeters>
            <HeartRateBpm>
              <Value>106</Value>
            </HeartRateBpm>
            <Extensions>
              <ns3:TPX>
                <ns3:Speed>1.7359999418258667</ns3:Speed>
                <ns3:RunCadence>0</ns3:RunCadence>
              </ns3:TPX>
            </Extensions>
          </Trackpoint>
          <Trackpoint>
            <Time>2025-07-08T14:20:39.000Z</Time>
            <Position>
              <LatitudeDegrees>43.11608260497451</LatitudeDegrees>
              <LongitudeDegrees>-2.584681296721101</LongitudeDegrees>
            </Position>
            <AltitudeMeters>186.8000030517578</AltitudeMeters>
            <DistanceMeters>1590.5</DistanceMeters>
            <HeartRateBpm>
              <Value>109</Value>
            </HeartRateBpm>
            <Extensions>
              <ns3:TPX>
                <ns3:Speed>1.6890000104904175</ns3:Speed>
                <ns3:RunCadence>62</ns3:RunCadence>
              </ns3:TPX>
            </Extensions>
          </Trackpoint>
          <Trackpoint>
            <Time>2025-07-08T14:20:46.000Z</Time>
            <Position>
              <LatitudeDegrees>43.115954948589206</LatitudeDegrees>
              <LongitudeDegrees>-2.5847444124519825</LongitudeDegrees>
            </Position>
            <AltitudeMeters>187.0</AltitudeMeters>
            <DistanceMeters>1604.1199951171875</DistanceMeters>
            <HeartRateBpm>
              <Value>108</Value>
            </HeartRateBpm>
            <Extensions>
              <ns3:TPX>
                <ns3:Speed>1.8569999933242798</ns3:Speed>
                <ns3:RunCadence>58</ns3:RunCadence>
              </ns3:TPX>
            </Extensions>
          </Trackpoint>
          <Trackpoint>
            <Time>2025-07-08T14:20:54.000Z</Time>
            <Position>
              <LatitudeDegrees>43.115813210606575</LatitudeDegrees>
              <LongitudeDegrees>-2.584763439372182</LongitudeDegrees>
            </Position>
            <AltitudeMeters>187.1999969482422</AltitudeMeters>
            <DistanceMeters>1620.6099853515625</DistanceMeters>
            <HeartRateBpm>
              <Value>108</Value>
            </HeartRateBpm>
            <Extensions>
              <ns3:TPX>
                <ns3:Speed>1.9869999885559082</ns3:Speed>
                <ns3:RunCadence>0</ns3:RunCadence>
              </ns3:TPX>
            </Extensions>
          </Trackpoint>
          <Trackpoint>
            <Time>2025-07-08T14:21:00.000Z</Time>
            <Position>
              <LatitudeDegrees>43.11571623198688</LatitudeDegrees>
              <LongitudeDegrees>-2.584790261462331</LongitudeDegrees>
            </Position>
            <AltitudeMeters>187.39999389648438</AltitudeMeters>
            <DistanceMeters>1635.0</DistanceMeters>
            <HeartRateBpm>
              <Value>111</Value>
            </HeartRateBpm>
            <Extensions>
              <ns3:TPX>
                <ns3:Speed>2.052999973297119</ns3:Speed>
                <ns3:RunCadence>59</ns3:RunCadence>
              </ns3:TPX>
            </Extensions>
          </Trackpoint>
          <Trackpoint>
            <Time>2025-07-08T14:21:01.000Z</Time>
            <Position>
              <LatitudeDegrees>43.11570013873279</LatitudeDegrees>
              <LongitudeDegrees>-2.5847959611564875</LongitudeDegrees>
            </Position>
            <AltitudeMeters>187.60000610351562</AltitudeMeters>
            <DistanceMeters>1637.6300048828125</DistanceMeters>
            <HeartRateBpm>
              <Value>109</Value>
            </HeartRateBpm>
            <Extensions>
              <ns3:TPX>
                <ns3:Speed>2.0899999141693115</ns3:Speed>
                <ns3:RunCadence>59</ns3:RunCadence>
              </ns3:TPX>
            </Extensions>
          </Trackpoint>
          <Trackpoint>
            <Time>2025-07-08T14:21:09.000Z</Time>
            <Position>
              <LatitudeDegrees>43.115579187870026</LatitudeDegrees>
              <LongitudeDegrees>-2.5848266389220953</LongitudeDegrees>
            </Position>
            <AltitudeMeters>187.39999389648438</AltitudeMeters>
            <DistanceMeters>1653.5899658203125</DistanceMeters>
            <HeartRateBpm>
              <Value>109</Value>
            </HeartRateBpm>
            <Extensions>
              <ns3:TPX>
                <ns3:Speed>2.1740000247955322</ns3:Speed>
                <ns3:RunCadence>59</ns3:RunCadence>
              </ns3:TPX>
            </Extensions>
          </Trackpoint>
          <Trackpoint>
            <Time>2025-07-08T14:21:14.000Z</Time>
            <Position>
              <LatitudeDegrees>43.115543480962515</LatitudeDegrees>
              <LongitudeDegrees>-2.5848607532680035</LongitudeDegrees>
            </Position>
            <AltitudeMeters>187.60000610351562</AltitudeMeters>
            <DistanceMeters>1658.3399658203125</DistanceMeters>
            <HeartRateBpm>
              <Value>106</Value>
            </HeartRateBpm>
            <Extensions>
              <ns3:TPX>
                <ns3:Speed>2.00600004196167</ns3:Speed>
                <ns3:RunCadence>61</ns3:RunCadence>
              </ns3:TPX>
            </Extensions>
          </Trackpoint>
          <Trackpoint>
            <Time>2025-07-08T14:21:16.000Z</Time>
            <Position>
              <LatitudeDegrees>43.11553778126836</LatitudeDegrees>
              <LongitudeDegrees>-2.584867374971509</LongitudeDegrees>
            </Position>
            <AltitudeMeters>187.60000610351562</AltitudeMeters>
            <DistanceMeters>1659.3499755859375</DistanceMeters>
            <HeartRateBpm>
              <Value>103</Value>
            </HeartRateBpm>
            <Extensions>
              <ns3:TPX>
                <ns3:Speed>0.8579999804496765</ns3:Speed>
                <ns3:RunCadence>0</ns3:RunCadence>
              </ns3:TPX>
            </Extensions>
          </Trackpoint>
          <Trackpoint>
            <Time>2025-07-08T14:21:18.000Z</Time>
            <Position>
              <LatitudeDegrees>43.115539122372866</LatitudeDegrees>
              <LongitudeDegrees>-2.584873829036951</LongitudeDegrees>
            </Position>
            <AltitudeMeters>187.39999389648438</AltitudeMeters>
            <DistanceMeters>1660.27001953125</DistanceMeters>
            <HeartRateBpm>
              <Value>106</Value>
            </HeartRateBpm>
            <Extensions>
              <ns3:TPX>
                <ns3:Speed>0.0</ns3:Speed>
                <ns3:RunCadence>0</ns3:RunCadence>
              </ns3:TPX>
            </Extensions>
          </Trackpoint>
          <Trackpoint>
            <Time>2025-07-08T14:21:19.000Z</Time>
            <Position>
              <LatitudeDegrees>43.115541469305754</LatitudeDegrees>
              <LongitudeDegrees>-2.584876762703061</LongitudeDegrees>
            </Position>
            <AltitudeMeters>187.1999969482422</AltitudeMeters>
            <DistanceMeters>1660.739990234375</DistanceMeters>
            <HeartRateBpm>
              <Value>109</Value>
            </HeartRateBpm>
            <Extensions>
              <ns3:TPX>
                <ns3:Speed>0.0</ns3:Speed>
                <ns3:RunCadence>0</ns3:RunCadence>
              </ns3:TPX>
            </Extensions>
          </Trackpoint>
          <Trackpoint>
            <Time>2025-07-08T14:21:20.000Z</Time>
            <Position>
              <LatitudeDegrees>43.11554188840091</LatitudeDegrees>
              <LongitudeDegrees>-2.5848792772740126</LongitudeDegrees>
            </Position>
            <AltitudeMeters>187.1999969482422</AltitudeMeters>
            <DistanceMeters>1661.3900146484375</DistanceMeters>
            <HeartRateBpm>
              <Value>108</Value>
            </HeartRateBpm>
            <Extensions>
              <ns3:TPX>
                <ns3:Speed>0.0</ns3:Speed>
                <ns3:RunCadence>0</ns3:RunCadence>
              </ns3:TPX>
            </Extensions>
          </Trackpoint>
          <Trackpoint>
            <Time>2025-07-08T14:21:26.000Z</Time>
            <Position>
              <LatitudeDegrees>43.11556519009173</LatitudeDegrees>
              <LongitudeDegrees>-2.584884976968169</LongitudeDegrees>
            </Position>
            <AltitudeMeters>187.1999969482422</AltitudeMeters>
            <DistanceMeters>1663.5899658203125</DistanceMeters>
            <HeartRateBpm>
              <Value>104</Value>
            </HeartRateBpm>
            <Extensions>
              <ns3:TPX>
                <ns3:Speed>0.0</ns3:Speed>
                <ns3:RunCadence>0</ns3:RunCadence>
              </ns3:TPX>
            </Extensions>
          </Trackpoint>
          <Trackpoint>
            <Time>2025-07-08T14:21:27.000Z</Time>
            <Position>
              <LatitudeDegrees>43.115586983039975</LatitudeDegrees>
              <LongitudeDegrees>-2.584884976968169</LongitudeDegrees>
            </Position>
            <AltitudeMeters>187.1999969482422</AltitudeMeters>
            <DistanceMeters>1665.47998046875</DistanceMeters>
            <HeartRateBpm>
              <Value>105</Value>
            </HeartRateBpm>
            <Extensions>
              <ns3:TPX>
                <ns3:Speed>0.0</ns3:Speed>
                <ns3:RunCadence>0</ns3:RunCadence>
              </ns3:TPX>
            </Extensions>
          </Trackpoint>
          <Trackpoint>
            <Time>2025-07-08T14:21:29.000Z</Time>
            <Position>
              <LatitudeDegrees>43.11562713235617</LatitudeDegrees>
              <LongitudeDegrees>-2.584891179576516</LongitudeDegrees>
            </Position>
            <AltitudeMeters>187.39999389648438</AltitudeMeters>
            <DistanceMeters>1669.3199462890625</DistanceMeters>
            <HeartRateBpm>
              <Value>106</Value>
            </HeartRateBpm>
            <Extensions>
              <ns3:TPX>
                <ns3:Speed>1.2319999933242798</ns3:Speed>
                <ns3:RunCadence>65</ns3:RunCadence>
              </ns3:TPX>
            </Extensions>
          </Trackpoint>
          <Trackpoint>
            <Time>2025-07-08T14:21:33.000Z</Time>
            <Position>
              <LatitudeDegrees>43.115706676617265</LatitudeDegrees>
              <LongitudeDegrees>-2.5848758406937122</LongitudeDegrees>
            </Position>
            <AltitudeMeters>187.39999389648438</AltitudeMeters>
            <DistanceMeters>1677.0</DistanceMeters>
            <HeartRateBpm>
              <Value>106</Value>
            </HeartRateBpm>
            <Extensions>
              <ns3:TPX>
                <ns3:Speed>2.2209999561309814</ns3:Speed>
                <ns3:RunCadence>65</ns3:RunCadence>
              </ns3:TPX>
            </Extensions>
          </Trackpoint>
          <Trackpoint>
            <Time>2025-07-08T14:21:41.000Z</Time>
            <Position>
              <LatitudeDegrees>43.11583793722093</LatitudeDegrees>
              <LongitudeDegrees>-2.5848354399204254</LongitudeDegrees>
            </Position>
            <AltitudeMeters>186.8000030517578</AltitudeMeters>
            <DistanceMeters>1691.8599853515625</DistanceMeters>
            <HeartRateBpm>
              <Value>105</Value>
            </HeartRateBpm>
            <Extensions>
              <ns3:TPX>
                <ns3:Speed>2.0250000953674316</ns3:Speed>
                <ns3:RunCadence>61</ns3:RunCadence>
              </ns3:TPX>
            </Extensions>
          </Trackpoint>
          <Trackpoint>
            <Time>2025-07-08T14:21:44.000Z</Time>
            <Position>
              <LatitudeDegrees>43.11588537879288</LatitudeDegrees>
              <LongitudeDegrees>-2.5848262198269367</LongitudeDegrees>
            </Position>
            <AltitudeMeters>187.1999969482422</AltitudeMeters>
            <DistanceMeters>1697.27001953125</DistanceMeters>
            <HeartRateBpm>
              <Value>106</Value>
            </HeartRateBpm>
            <Extensions>
              <ns3:TPX>
                <ns3:Speed>2.052999973297119</ns3:Speed>
                <ns3:RunCadence>61</ns3:RunCadence>
              </ns3:TPX>
            </Extensions>
          </Trackpoint>
          <Trackpoint>
            <Time>2025-07-08T14:21:47.000Z</Time>
            <Position>
              <LatitudeDegrees>43.11593852005899</LatitudeDegrees>
              <LongitudeDegrees>-2.584825549274683</LongitudeDegrees>
            </Position>
            <AltitudeMeters>187.39999389648438</AltitudeMeters>
            <DistanceMeters>1703.1199951171875</DistanceMeters>
            <HeartRateBpm>
              <Value>107</Value>
            </HeartRateBpm>
            <Extensions>
              <ns3:TPX>
                <ns3:Speed>2.071000099182129</ns3:Speed>
                <ns3:RunCadence>61</ns3:RunCadence>
              </ns3:TPX>
            </Extensions>
          </Trackpoint>
          <Trackpoint>
            <Time>2025-07-08T14:21:53.000Z</Time>
            <Position>
              <LatitudeDegrees>43.11601999215782</LatitudeDegrees>
              <LongitudeDegrees>-2.58481758646667</LongitudeDegrees>
            </Position>
            <AltitudeMeters>187.1999969482422</AltitudeMeters>
            <DistanceMeters>1712.449951171875</DistanceMeters>
            <HeartRateBpm>
              <Value>106</Value>
            </HeartRateBpm>
            <Extensions>
              <ns3:TPX>
                <ns3:Speed>1.9589999914169312</ns3:Speed>
                <ns3:RunCadence>60</ns3:RunCadence>
              </ns3:TPX>
            </Extensions>
          </Trackpoint>
          <Trackpoint>
            <Time>2025-07-08T14:22:00.000Z</Time>
            <Position>
              <LatitudeDegrees>43.116101464256644</LatitudeDegrees>
              <LongitudeDegrees>-2.584718009456992</LongitudeDegrees>
            </Position>
            <AltitudeMeters>187.60000610351562</AltitudeMeters>
            <DistanceMeters>1723.06005859375</DistanceMeters>
            <HeartRateBpm>
              <Value>107</Value>
            </HeartRateBpm>
            <Extensions>
              <ns3:TPX>
                <ns3:Speed>1.940999984741211</ns3:Speed>
                <ns3:RunCadence>61</ns3:RunCadence>
              </ns3:TPX>
            </Extensions>
          </Trackpoint>
          <Trackpoint>
            <Time>2025-07-08T14:22:07.000Z</Time>
            <Position>
              <LatitudeDegrees>43.116208082064986</LatitudeDegrees>
              <LongitudeDegrees>-2.5846786983311176</LongitudeDegrees>
            </Position>
            <AltitudeMeters>187.60000610351562</AltitudeMeters>
            <DistanceMeters>1735.6300048828125</DistanceMeters>
            <HeartRateBpm>
              <Value>110</Value>
            </HeartRateBpm>
            <Extensions>
              <ns3:TPX>
                <ns3:Speed>1.940999984741211</ns3:Speed>
                <ns3:RunCadence>62</ns3:RunCadence>
              </ns3:TPX>
            </Extensions>
          </Trackpoint>
          <Trackpoint>
            <Time>2025-07-08T14:22:12.000Z</Time>
            <Position>
              <LatitudeDegrees>43.116273041814566</LatitudeDegrees>
              <LongitudeDegrees>-2.5846310891211033</LongitudeDegrees>
            </Position>
            <AltitudeMeters>187.39999389648438</AltitudeMeters>
            <DistanceMeters>1741.489990234375</DistanceMeters>
            <HeartRateBpm>
              <Value>107</Value>
            </HeartRateBpm>
            <Extensions>
              <ns3:TPX>
                <ns3:Speed>1.8289999961853027</ns3:Speed>
                <ns3:RunCadence>61</ns3:RunCadence>
              </ns3:TPX>
            </Extensions>
          </Trackpoint>
          <Trackpoint>
            <Time>2025-07-08T14:22:14.000Z</Time>
            <Position>
              <LatitudeDegrees>43.11630506068468</LatitudeDegrees>
              <LongitudeDegrees>-2.5846162531524897</LongitudeDegrees>
            </Position>
            <AltitudeMeters>187.39999389648438</AltitudeMeters>
            <DistanceMeters>1744.0799560546875</DistanceMeters>
            <HeartRateBpm>
              <Value>109</Value>
            </HeartRateBpm>
            <Extensions>
              <ns3:TPX>
                <ns3:Speed>1.7910000085830688</ns3:Speed>
                <ns3:RunCadence>61</ns3:RunCadence>
              </ns3:TPX>
            </Extensions>
          </Trackpoint>
          <Trackpoint>
            <Time>2025-07-08T14:22:22.000Z</Time>
            <Position>
              <LatitudeDegrees>43.11642802320421</LatitudeDegrees>
              <LongitudeDegrees>-2.5846204441040754</LongitudeDegrees>
            </Position>
            <AltitudeMeters>187.0</AltitudeMeters>
            <DistanceMeters>1756.43994140625</DistanceMeters>
            <HeartRateBpm>
              <Value>111</Value>
            </HeartRateBpm>
            <Extensions>
              <ns3:TPX>
                <ns3:Speed>1.753999948501587</ns3:Speed>
                <ns3:RunCadence>61</ns3:RunCadence>
              </ns3:TPX>
            </Extensions>
          </Trackpoint>
          <Trackpoint>
            <Time>2025-07-08T14:22:23.000Z</Time>
            <Position>
              <LatitudeDegrees>43.11644361354411</LatitudeDegrees>
              <LongitudeDegrees>-2.5846177618950605</LongitudeDegrees>
            </Position>
            <AltitudeMeters>187.0</AltitudeMeters>
            <DistanceMeters>1758.0899658203125</DistanceMeters>
            <HeartRateBpm>
              <Value>106</Value>
            </HeartRateBpm>
            <Extensions>
              <ns3:TPX>
                <ns3:Speed>1.7450000047683716</ns3:Speed>
                <ns3:RunCadence>61</ns3:RunCadence>
              </ns3:TPX>
            </Extensions>
          </Trackpoint>
          <Trackpoint>
            <Time>2025-07-08T14:22:24.000Z</Time>
            <Position>
              <LatitudeDegrees>43.11646037735045</LatitudeDegrees>
              <LongitudeDegrees>-2.5846130680292845</LongitudeDegrees>
            </Position>
            <AltitudeMeters>187.0</AltitudeMeters>
            <DistanceMeters>1760.4300537109375</DistanceMeters>
            <HeartRateBpm>
              <Value>107</Value>
            </HeartRateBpm>
            <Extensions>
              <ns3:TPX>
                <ns3:Speed>1.7450000047683716</ns3:Speed>
                <ns3:RunCadence>61</ns3:RunCadence>
              </ns3:TPX>
            </Extensions>
          </Trackpoint>
          <Trackpoint>
            <Time>2025-07-08T14:22:28.000Z</Time>
            <Position>
              <LatitudeDegrees>43.11652290634811</LatitudeDegrees>
              <LongitudeDegrees>-2.5846068654209375</LongitudeDegrees>
            </Position>
            <AltitudeMeters>186.8000030517578</AltitudeMeters>
            <DistanceMeters>1768.06005859375</DistanceMeters>
            <HeartRateBpm>
              <Value>107</Value>
            </HeartRateBpm>
            <Extensions>
              <ns3:TPX>
                <ns3:Speed>1.781999945640564</ns3:Speed>
                <ns3:RunCadence>61</ns3:RunCadence>
              </ns3:TPX>
            </Extensions>
          </Trackpoint>
          <Trackpoint>
            <Time>2025-07-08T14:22:35.000Z</Time>
            <Position>
              <LatitudeDegrees>43.11662759631872</LatitudeDegrees>
              <LongitudeDegrees>-2.584612648934126</LongitudeDegrees>
            </Position>
            <AltitudeMeters>187.0</AltitudeMeters>
            <DistanceMeters>1778.6800537109375</DistanceMeters>
            <HeartRateBpm>
              <Value>107</Value>
            </HeartRateBpm>
            <Extensions>
              <ns3:TPX>
                <ns3:Speed>1.7079999446868896</ns3:Speed>
                <ns3:RunCadence>61</ns3:RunCadence>
              </ns3:TPX>
            </Extensions>
          </Trackpoint>
          <Trackpoint>
            <Time>2025-07-08T14:22:42.000Z</Time>
            <Position>
              <LatitudeDegrees>43.11675340868533</LatitudeDegrees>
              <LongitudeDegrees>-2.5846048537641764</LongitudeDegrees>
            </Position>
            <AltitudeMeters>186.8000030517578</AltitudeMeters>
            <DistanceMeters>1794.0400390625</DistanceMeters>
            <HeartRateBpm>
              <Value>108</Value>
            </HeartRateBpm>
            <Extensions>
              <ns3:TPX>
                <ns3:Speed>1.8009999990463257</ns3:Speed>
                <ns3:RunCadence>60</ns3:RunCadence>
              </ns3:TPX>
            </Extensions>
          </Trackpoint>
          <Trackpoint>
            <Time>2025-07-08T14:22:44.000Z</Time>
            <Position>
              <LatitudeDegrees>43.11678970232606</LatitudeDegrees>
              <LongitudeDegrees>-2.584590520709753</LongitudeDegrees>
            </Position>
            <AltitudeMeters>186.8000030517578</AltitudeMeters>
            <DistanceMeters>1798.449951171875</DistanceMeters>
            <HeartRateBpm>
              <Value>105</Value>
            </HeartRateBpm>
            <Extensions>
              <ns3:TPX>
                <ns3:Speed>1.819000005722046</ns3:Speed>
                <ns3:RunCadence>60</ns3:RunCadence>
              </ns3:TPX>
            </Extensions>
          </Trackpoint>
          <Trackpoint>
            <Time>2025-07-08T14:22:48.000Z</Time>
            <Position>
              <LatitudeDegrees>43.11685332097113</LatitudeDegrees>
              <LongitudeDegrees>-2.584566129371524</LongitudeDegrees>
            </Position>
            <AltitudeMeters>186.8000030517578</AltitudeMeters>
            <DistanceMeters>1806.989990234375</DistanceMeters>
            <HeartRateBpm>
              <Value>106</Value>
            </HeartRateBpm>
            <Extensions>
              <ns3:TPX>
                <ns3:Speed>1.8660000562667847</ns3:Speed>
                <ns3:RunCadence>60</ns3:RunCadence>
              </ns3:TPX>
            </Extensions>
          </Trackpoint>
          <Trackpoint>
            <Time>2025-07-08T14:22:55.000Z</Time>
            <Position>
              <LatitudeDegrees>43.11696278862655</LatitudeDegrees>
              <LongitudeDegrees>-2.58455079048872</LongitudeDegrees>
            </Position>
            <AltitudeMeters>186.8000030517578</AltitudeMeters>
            <DistanceMeters>1818.8599853515625</DistanceMeters>
            <HeartRateBpm>
              <Value>107</Value>
            </HeartRateBpm>
            <Extensions>
              <ns3:TPX>
                <ns3:Speed>1.7910000085830688</ns3:Speed>
                <ns3:RunCadence>61</ns3:RunCadence>
              </ns3:TPX>
            </Extensions>
          </Trackpoint>
          <Trackpoint>
            <Time>2025-07-08T14:23:03.000Z</Time>
            <Position>
              <LatitudeDegrees>43.117107041180134</LatitudeDegrees>
              <LongitudeDegrees>-2.584519861266017</LongitudeDegrees>
            </Position>
            <AltitudeMeters>186.60000610351562</AltitudeMeters>
            <DistanceMeters>1834.7900390625</DistanceMeters>
            <HeartRateBpm>
              <Value>106</Value>
            </HeartRateBpm>
            <Extensions>
              <ns3:TPX>
                <ns3:Speed>1.930999994277954</ns3:Speed>
                <ns3:RunCadence>59</ns3:RunCadence>
              </ns3:TPX>
            </Extensions>
          </Trackpoint>
          <Trackpoint>
            <Time>2025-07-08T14:23:12.000Z</Time>
            <Position>
              <LatitudeDegrees>43.117236122488976</LatitudeDegrees>
              <LongitudeDegrees>-2.584462948143482</LongitudeDegrees>
            </Position>
            <AltitudeMeters>186.60000610351562</AltitudeMeters>
            <DistanceMeters>1850.5400390625</DistanceMeters>
            <HeartRateBpm>
              <Value>105</Value>
            </HeartRateBpm>
            <Extensions>
              <ns3:TPX>
                <ns3:Speed>1.930999994277954</ns3:Speed>
                <ns3:RunCadence>60</ns3:RunCadence>
              </ns3:TPX>
            </Extensions>
          </Trackpoint>
          <Trackpoint>
            <Time>2025-07-08T14:23:15.000Z</Time>
            <Position>
              <LatitudeDegrees>43.117282977327704</LatitudeDegrees>
              <LongitudeDegrees>-2.5844354555010796</LongitudeDegrees>
            </Position>
            <AltitudeMeters>186.39999389648438</AltitudeMeters>
            <DistanceMeters>1856.6099853515625</DistanceMeters>
            <HeartRateBpm>
              <Value>105</Value>
            </HeartRateBpm>
            <Extensions>
              <ns3:TPX>
                <ns3:Speed>1.9220000505447388</ns3:Speed>
                <ns3:RunCadence>60</ns3:RunCadence>
              </ns3:TPX>
            </Extensions>
          </Trackpoint>
          <Trackpoint>
            <Time>2025-07-08T14:23:19.000Z</Time>
            <Position>
              <LatitudeDegrees>43.117354391142726</LatitudeDegrees>
              <LongitudeDegrees>-2.584389355033636</LongitudeDegrees>
            </Position>
            <AltitudeMeters>186.0</AltitudeMeters>
            <DistanceMeters>1865.0</DistanceMeters>
            <HeartRateBpm>
              <Value>105</Value>
            </HeartRateBpm>
            <Extensions>
              <ns3:TPX>
                <ns3:Speed>1.968999981880188</ns3:Speed>
                <ns3:RunCadence>59</ns3:RunCadence>
              </ns3:TPX>
            </Extensions>
          </Trackpoint>
          <Trackpoint>
            <Time>2025-07-08T14:23:28.000Z</Time>
            <Position>
              <LatitudeDegrees>43.11751549132168</LatitudeDegrees>
              <LongitudeDegrees>-2.584341997280717</LongitudeDegrees>
            </Position>
            <AltitudeMeters>185.39999389648438</AltitudeMeters>
            <DistanceMeters>1882.8900146484375</DistanceMeters>
            <HeartRateBpm>
              <Value>104</Value>
            </HeartRateBpm>
            <Extensions>
              <ns3:TPX>
                <ns3:Speed>2.0250000953674316</ns3:Speed>
                <ns3:RunCadence>60</ns3:RunCadence>
              </ns3:TPX>
            </Extensions>
          </Trackpoint>
          <Trackpoint>
            <Time>2025-07-08T14:23:29.000Z</Time>
            <Position>
              <LatitudeDegrees>43.11753384768963</LatitudeDegrees>
              <LongitudeDegrees>-2.584339566528797</LongitudeDegrees>
            </Position>
            <AltitudeMeters>185.39999389648438</AltitudeMeters>
            <DistanceMeters>1884.800048828125</DistanceMeters>
            <HeartRateBpm>
              <Value>106</Value>
            </HeartRateBpm>
            <Extensions>
              <ns3:TPX>
                <ns3:Speed>2.0250000953674316</ns3:Speed>
                <ns3:RunCadence>60</ns3:RunCadence>
              </ns3:TPX>
            </Extensions>
          </Trackpoint>
          <Trackpoint>
            <Time>2025-07-08T14:23:35.000Z</Time>
            <Position>
              <LatitudeDegrees>43.117634849622846</LatitudeDegrees>
              <LongitudeDegrees>-2.584309224039316</LongitudeDegrees>
            </Position>
            <AltitudeMeters>185.8000030517578</AltitudeMeters>
            <DistanceMeters>1896.8499755859375</DistanceMeters>
            <HeartRateBpm>
              <Value>108</Value>
            </HeartRateBpm>
            <Extensions>
              <ns3:TPX>
                <ns3:Speed>2.0339999198913574</ns3:Speed>
                <ns3:RunCadence>61</ns3:RunCadence>
              </ns3:TPX>
            </Extensions>
          </Trackpoint>
          <Trackpoint>
            <Time>2025-07-08T14:23:42.000Z</Time>
            <Position>
              <LatitudeDegrees>43.117725206539035</LatitudeDegrees>
              <LongitudeDegrees>-2.5842825695872307</LongitudeDegrees>
            </Position>
            <AltitudeMeters>185.8000030517578</AltitudeMeters>
            <DistanceMeters>1908.050048828125</DistanceMeters>
            <HeartRateBpm>
              <Value>108</Value>
            </HeartRateBpm>
            <Extensions>
              <ns3:TPX>
                <ns3:Speed>1.996999979019165</ns3:Speed>
                <ns3:RunCadence>59</ns3:RunCadence>
              </ns3:TPX>
            </Extensions>
          </Trackpoint>
          <Trackpoint>
            <Time>2025-07-08T14:23:47.000Z</Time>
            <Position>
              <LatitudeDegrees>43.11780349351466</LatitudeDegrees>
              <LongitudeDegrees>-2.5842522270977497</LongitudeDegrees>
            </Position>
            <AltitudeMeters>185.60000610351562</AltitudeMeters>
            <DistanceMeters>1916.030029296875</DistanceMeters>
            <HeartRateBpm>
              <Value>111</Value>
            </HeartRateBpm>
            <Extensions>
              <ns3:TPX>
                <ns3:Speed>1.9589999914169312</ns3:Speed>
                <ns3:RunCadence>60</ns3:RunCadence>
              </ns3:TPX>
            </Extensions>
          </Trackpoint>
          <Trackpoint>
            <Time>2025-07-08T14:23:48.000Z</Time>
            <Position>
              <LatitudeDegrees>43.11781975440681</LatitudeDegrees>
              <LongitudeDegrees>-2.5842475332319736</LongitudeDegrees>
            </Position>
            <AltitudeMeters>185.60000610351562</AltitudeMeters>
            <DistanceMeters>1918.1099853515625</DistanceMeters>
            <HeartRateBpm>
              <Value>108</Value>
            </HeartRateBpm>
            <Extensions>
              <ns3:TPX>
                <ns3:Speed>1.9589999914169312</ns3:Speed>
                <ns3:RunCadence>60</ns3:RunCadence>
              </ns3:TPX>
            </Extensions>
          </Trackpoint>
          <Trackpoint>
            <Time>2025-07-08T14:23:49.000Z</Time>
            <Position>
              <LatitudeDegrees>43.11783626675606</LatitudeDegrees>
              <LongitudeDegrees>-2.5842434260994196</LongitudeDegrees>
            </Position>
            <AltitudeMeters>185.60000610351562</AltitudeMeters>
            <DistanceMeters>1919.8900146484375</DistanceMeters>
            <HeartRateBpm>
              <Value>108</Value>
            </HeartRateBpm>
            <Extensions>
              <ns3:TPX>
                <ns3:Speed>1.9500000476837158</ns3:Speed>
                <ns3:RunCadence>60</ns3:RunCadence>
              </ns3:TPX>
            </Extensions>
          </Trackpoint>
          <Trackpoint>
            <Time>2025-07-08T14:23:56.000Z</Time>
            <Position>
              <LatitudeDegrees>43.11796585097909</LatitudeDegrees>
              <LongitudeDegrees>-2.5842269137501717</LongitudeDegrees>
            </Position>
            <AltitudeMeters>185.39999389648438</AltitudeMeters>
            <DistanceMeters>1933.27001953125</DistanceMeters>
            <HeartRateBpm>
              <Value>110</Value>
            </HeartRateBpm>
            <Extensions>
              <ns3:TPX>
                <ns3:Speed>1.9500000476837158</ns3:Speed>
                <ns3:RunCadence>61</ns3:RunCadence>
              </ns3:TPX>
            </Extensions>
          </Trackpoint>
          <Trackpoint>
            <Time>2025-07-08T14:24:02.000Z</Time>
            <Position>
              <LatitudeDegrees>43.118058471009135</LatitudeDegrees>
              <LongitudeDegrees>-2.584206545725465</LongitudeDegrees>
            </Position>
            <AltitudeMeters>185.0</AltitudeMeters>
            <DistanceMeters>1943.949951171875</DistanceMeters>
            <HeartRateBpm>
              <Value>108</Value>
            </HeartRateBpm>
            <Extensions>
              <ns3:TPX>
                <ns3:Speed>1.940999984741211</ns3:Speed>
                <ns3:RunCadence>61</ns3:RunCadence>
              </ns3:TPX>
            </Extensions>
          </Trackpoint>
          <Trackpoint>
            <Time>2025-07-08T14:24:08.000Z</Time>
            <Position>
              <LatitudeDegrees>43.118163999170065</LatitudeDegrees>
              <LongitudeDegrees>-2.5841946434229612</LongitudeDegrees>
            </Position>
            <AltitudeMeters>184.8000030517578</AltitudeMeters>
            <DistanceMeters>1955.8800048828125</DistanceMeters>
            <HeartRateBpm>
              <Value>110</Value>
            </HeartRateBpm>
            <Extensions>
              <ns3:TPX>
                <ns3:Speed>1.930999994277954</ns3:Speed>
                <ns3:RunCadence>61</ns3:RunCadence>
              </ns3:TPX>
            </Extensions>
          </Trackpoint>
          <Trackpoint>
            <Time>2025-07-08T14:24:12.000Z</Time>
            <Position>
              <LatitudeDegrees>43.118236837908626</LatitudeDegrees>
              <LongitudeDegrees>-2.5841863453388214</LongitudeDegrees>
            </Position>
            <AltitudeMeters>184.39999389648438</AltitudeMeters>
            <DistanceMeters>1965.4000244140625</DistanceMeters>
            <HeartRateBpm>
              <Value>107</Value>
            </HeartRateBpm>
            <Extensions>
              <ns3:TPX>
                <ns3:Speed>1.9589999914169312</ns3:Speed>
                <ns3:RunCadence>60</ns3:RunCadence>
              </ns3:TPX>
            </Extensions>
          </Trackpoint>
          <Trackpoint>
            <Time>2025-07-08T14:24:13.000Z</Time>
            <Position>
              <LatitudeDegrees>43.1182555295527</LatitudeDegrees>
              <LongitudeDegrees>-2.5841875188052654</LongitudeDegrees>
            </Position>
            <AltitudeMeters>184.39999389648438</AltitudeMeters>
            <DistanceMeters>1968.02001953125</DistanceMeters>
            <HeartRateBpm>
              <Value>110</Value>
            </HeartRateBpm>
            <Extensions>
              <ns3:TPX>
                <ns3:Speed>1.9869999885559082</ns3:Speed>
                <ns3:RunCadence>59</ns3:RunCadence>
              </ns3:TPX>
            </Extensions>
          </Trackpoint>
          <Trackpoint>
            <Time>2025-07-08T14:24:16.000Z</Time>
            <Position>
              <LatitudeDegrees>43.118303893134</LatitudeDegrees>
              <LongitudeDegrees>-2.5842063780874014</LongitudeDegrees>
            </Position>
            <AltitudeMeters>184.39999389648438</AltitudeMeters>
            <DistanceMeters>1973.6099853515625</DistanceMeters>
            <HeartRateBpm>
              <Value>107</Value>
            </HeartRateBpm>
            <Extensions>
              <ns3:TPX>
                <ns3:Speed>2.00600004196167</ns3:Speed>
                <ns3:RunCadence>61</ns3:RunCadence>
              </ns3:TPX>
            </Extensions>
          </Trackpoint>
          <Trackpoint>
            <Time>2025-07-08T14:24:18.000Z</Time>
            <Position>
              <LatitudeDegrees>43.11833130195737</LatitudeDegrees>
              <LongitudeDegrees>-2.584206461906433</LongitudeDegrees>
            </Position>
            <AltitudeMeters>184.1999969482422</AltitudeMeters>
            <DistanceMeters>1976.81005859375</DistanceMeters>
            <HeartRateBpm>
              <Value>109</Value>
            </HeartRateBpm>
            <Extensions>
              <ns3:TPX>
                <ns3:Speed>1.996999979019165</ns3:Speed>
                <ns3:RunCadence>61</ns3:RunCadence>
              </ns3:TPX>
            </Extensions>
          </Trackpoint>
          <Trackpoint>
            <Time>2025-07-08T14:24:19.000Z</Time>
            <Position>
              <LatitudeDegrees>43.11834454536438</LatitudeDegrees>
              <LongitudeDegrees>-2.584205288439989</LongitudeDegrees>
            </Position>
            <AltitudeMeters>184.1999969482422</AltitudeMeters>
            <DistanceMeters>1978.3299560546875</DistanceMeters>
            <HeartRateBpm>
              <Value>110</Value>
            </HeartRateBpm>
            <Extensions>
              <ns3:TPX>
                <ns3:Speed>1.996999979019165</ns3:Speed>
                <ns3:RunCadence>61</ns3:RunCadence>
              </ns3:TPX>
            </Extensions>
          </Trackpoint>
          <Trackpoint>
            <Time>2025-07-08T14:24:20.000Z</Time>
            <Position>
              <LatitudeDegrees>43.11835904605687</LatitudeDegrees>
              <LongitudeDegrees>-2.584204785525799</LongitudeDegrees>
            </Position>
            <AltitudeMeters>184.0</AltitudeMeters>
            <DistanceMeters>1979.989990234375</DistanceMeters>
            <HeartRateBpm>
              <Value>106</Value>
            </HeartRateBpm>
            <Extensions>
              <ns3:TPX>
                <ns3:Speed>1.9869999885559082</ns3:Speed>
                <ns3:RunCadence>60</ns3:RunCadence>
              </ns3:TPX>
            </Extensions>
          </Trackpoint>
          <Trackpoint>
            <Time>2025-07-08T14:24:26.000Z</Time>
            <Position>
              <LatitudeDegrees>43.11847077682614</LatitudeDegrees>
              <LongitudeDegrees>-2.5842313561588526</LongitudeDegrees>
            </Position>
            <AltitudeMeters>184.39999389648438</AltitudeMeters>
            <DistanceMeters>1991.5699462890625</DistanceMeters>
            <HeartRateBpm>
              <Value>104</Value>
            </HeartRateBpm>
            <Extensions>
              <ns3:TPX>
                <ns3:Speed>1.9780000448226929</ns3:Speed>
                <ns3:RunCadence>59</ns3:RunCadence>
              </ns3:TPX>
            </Extensions>
          </Trackpoint>
          <Trackpoint>
            <Time>2025-07-08T14:24:34.000Z</Time>
            <Position>
              <LatitudeDegrees>43.11858259141445</LatitudeDegrees>
              <LongitudeDegrees>-2.5842616986483335</LongitudeDegrees>
            </Position>
            <AltitudeMeters>184.39999389648438</AltitudeMeters>
            <DistanceMeters>2006.72998046875</DistanceMeters>
            <HeartRateBpm>
              <Value>105</Value>
            </HeartRateBpm>
            <Extensions>
              <ns3:TPX>
                <ns3:Speed>1.9780000448226929</ns3:Speed>
                <ns3:RunCadence>59</ns3:RunCadence>
              </ns3:TPX>
            </Extensions>
          </Trackpoint>
          <Trackpoint>
            <Time>2025-07-08T14:24:35.000Z</Time>
            <Position>
              <LatitudeDegrees>43.118595415726304</LatitudeDegrees>
              <LongitudeDegrees>-2.5842654705047607</LongitudeDegrees>
            </Position>
            <AltitudeMeters>184.1999969482422</AltitudeMeters>
            <DistanceMeters>2007.93994140625</DistanceMeters>
            <HeartRateBpm>
              <Value>105</Value>
            </HeartRateBpm>
            <Extensions>
              <ns3:TPX>
                <ns3:Speed>1.9780000448226929</ns3:Speed>
                <ns3:RunCadence>56</ns3:RunCadence>
              </ns3:TPX>
            </Extensions>
          </Trackpoint>
          <Trackpoint>
            <Time>2025-07-08T14:24:38.000Z</Time>
            <Position>
              <LatitudeDegrees>43.118637911975384</LatitudeDegrees>
              <LongitudeDegrees>-2.5842890236526728</LongitudeDegrees>
            </Position>
            <AltitudeMeters>184.0</AltitudeMeters>
            <DistanceMeters>2012.8599853515625</DistanceMeters>
            <HeartRateBpm>
              <Value>102</Value>
            </HeartRateBpm>
            <Extensions>
              <ns3:TPX>
                <ns3:Speed>1.930999994277954</ns3:Speed>
                <ns3:RunCadence>59</ns3:RunCadence>
              </ns3:TPX>
            </Extensions>
          </Trackpoint>
          <Trackpoint>
            <Time>2025-07-08T14:24:41.000Z</Time>
            <Position>
              <LatitudeDegrees>43.11868258751929</LatitudeDegrees>
              <LongitudeDegrees>-2.5843112356960773</LongitudeDegrees>
            </Position>
            <AltitudeMeters>184.39999389648438</AltitudeMeters>
            <DistanceMeters>2018.5</DistanceMeters>
            <HeartRateBpm>
              <Value>105</Value>
            </HeartRateBpm>
            <Extensions>
              <ns3:TPX>
                <ns3:Speed>1.930999994277954</ns3:Speed>
                <ns3:RunCadence>59</ns3:RunCadence>
              </ns3:TPX>
            </Extensions>
          </Trackpoint>
          <Trackpoint>
            <Time>2025-07-08T14:24:42.000Z</Time>
            <Position>
              <LatitudeDegrees>43.1186942383647</LatitudeDegrees>
              <LongitudeDegrees>-2.5843214616179466</LongitudeDegrees>
            </Position>
            <AltitudeMeters>184.60000610351562</AltitudeMeters>
            <DistanceMeters>2020.300048828125</DistanceMeters>
            <HeartRateBpm>
              <Value>105</Value>
            </HeartRateBpm>
            <Extensions>
              <ns3:TPX>
                <ns3:Speed>1.940999984741211</ns3:Speed>
                <ns3:RunCadence>59</ns3:RunCadence>
              </ns3:TPX>
            </Extensions>
          </Trackpoint>
          <Trackpoint>
            <Time>2025-07-08T14:24:49.000Z</Time>
            <Position>
              <LatitudeDegrees>43.118801610544324</LatitudeDegrees>
              <LongitudeDegrees>-2.584387678653002</LongitudeDegrees>
            </Position>
            <AltitudeMeters>184.39999389648438</AltitudeMeters>
            <DistanceMeters>2031.9599609375</DistanceMeters>
            <HeartRateBpm>
              <Value>104</Value>
            </HeartRateBpm>
            <Extensions>
              <ns3:TPX>
                <ns3:Speed>1.875</ns3:Speed>
                <ns3:RunCadence>0</ns3:RunCadence>
              </ns3:TPX>
            </Extensions>
          </Trackpoint>
          <Trackpoint>
            <Time>2025-07-08T14:24:52.000Z</Time>
            <Position>
              <LatitudeDegrees>43.11885609291494</LatitudeDegrees>
              <LongitudeDegrees>-2.5844116508960724</LongitudeDegrees>
            </Position>
            <AltitudeMeters>184.60000610351562</AltitudeMeters>
            <DistanceMeters>2037.8399658203125</DistanceMeters>
            <HeartRateBpm>
              <Value>107</Value>
            </HeartRateBpm>
            <Extensions>
              <ns3:TPX>
                <ns3:Speed>1.902999997138977</ns3:Speed>
                <ns3:RunCadence>61</ns3:RunCadence>
              </ns3:TPX>
            </Extensions>
          </Trackpoint>
          <Trackpoint>
            <Time>2025-07-08T14:24:58.000Z</Time>
            <Position>
              <LatitudeDegrees>43.11894058249891</LatitudeDegrees>
              <LongitudeDegrees>-2.584458002820611</LongitudeDegrees>
            </Position>
            <AltitudeMeters>184.39999389648438</AltitudeMeters>
            <DistanceMeters>2049.340087890625</DistanceMeters>
            <HeartRateBpm>
              <Value>108</Value>
            </HeartRateBpm>
            <Extensions>
              <ns3:TPX>
                <ns3:Speed>1.9220000505447388</ns3:Speed>
                <ns3:RunCadence>61</ns3:RunCadence>
              </ns3:TPX>
            </Extensions>
          </Trackpoint>
          <Trackpoint>
            <Time>2025-07-08T14:25:06.000Z</Time>
            <Position>
              <LatitudeDegrees>43.11905935406685</LatitudeDegrees>
              <LongitudeDegrees>-2.584490356966853</LongitudeDegrees>
            </Position>
            <AltitudeMeters>183.8000030517578</AltitudeMeters>
            <DistanceMeters>2063.5</DistanceMeters>
            <HeartRateBpm>
              <Value>108</Value>
            </HeartRateBpm>
            <Extensions>
              <ns3:TPX>
                <ns3:Speed>1.9129999876022339</ns3:Speed>
                <ns3:RunCadence>59</ns3:RunCadence>
              </ns3:TPX>
            </Extensions>
          </Trackpoint>
          <Trackpoint>
            <Time>2025-07-08T14:25:13.000Z</Time>
            <Position>
              <LatitudeDegrees>43.119164211675525</LatitudeDegrees>
              <LongitudeDegrees>-2.5845665484666824</LongitudeDegrees>
            </Position>
            <AltitudeMeters>183.8000030517578</AltitudeMeters>
            <DistanceMeters>2077.1201171875</DistanceMeters>
            <HeartRateBpm>
              <Value>105</Value>
            </HeartRateBpm>
            <Extensions>
              <ns3:TPX>
                <ns3:Speed>1.9220000505447388</ns3:Speed>
                <ns3:RunCadence>58</ns3:RunCadence>
              </ns3:TPX>
            </Extensions>
          </Trackpoint>
          <Trackpoint>
            <Time>2025-07-08T14:25:17.000Z</Time>
            <Position>
              <LatitudeDegrees>43.119226740673184</LatitudeDegrees>
              <LongitudeDegrees>-2.584598232060671</LongitudeDegrees>
            </Position>
            <AltitudeMeters>183.1999969482422</AltitudeMeters>
            <DistanceMeters>2084.110107421875</DistanceMeters>
            <HeartRateBpm>
              <Value>106</Value>
            </HeartRateBpm>
            <Extensions>
              <ns3:TPX>
                <ns3:Speed>1.9129999876022339</ns3:Speed>
                <ns3:RunCadence>59</ns3:RunCadence>
              </ns3:TPX>
            </Extensions>
          </Trackpoint>
          <Trackpoint>
            <Time>2025-07-08T14:25:20.000Z</Time>
            <Position>
              <LatitudeDegrees>43.1192690692842</LatitudeDegrees>
              <LongitudeDegrees>-2.5846242159605026</LongitudeDegrees>
            </Position>
            <AltitudeMeters>183.1999969482422</AltitudeMeters>
            <DistanceMeters>2089.449951171875</DistanceMeters>
            <HeartRateBpm>
              <Value>106</Value>
            </HeartRateBpm>
            <Extensions>
              <ns3:TPX>
                <ns3:Speed>1.902999997138977</ns3:Speed>
                <ns3:RunCadence>61</ns3:RunCadence>
              </ns3:TPX>
            </Extensions>
          </Trackpoint>
          <Trackpoint>
            <Time>2025-07-08T14:25:28.000Z</Time>
            <Position>
              <LatitudeDegrees>43.11938976868987</LatitudeDegrees>
              <LongitudeDegrees>-2.5846886727958918</LongitudeDegrees>
            </Position>
            <AltitudeMeters>182.60000610351562</AltitudeMeters>
            <DistanceMeters>2104.719970703125</DistanceMeters>
            <HeartRateBpm>
              <Value>107</Value>
            </HeartRateBpm>
            <Extensions>
              <ns3:TPX>
                <ns3:Speed>1.9500000476837158</ns3:Speed>
                <ns3:RunCadence>60</ns3:RunCadence>
              </ns3:TPX>
            </Extensions>
          </Trackpoint>
          <Trackpoint>
            <Time>2025-07-08T14:25:31.000Z</Time>
            <Position>
              <LatitudeDegrees>43.11942555941641</LatitudeDegrees>
              <LongitudeDegrees>-2.5847299117594957</LongitudeDegrees>
            </Position>
            <AltitudeMeters>182.39999389648438</AltitudeMeters>
            <DistanceMeters>2110.31005859375</DistanceMeters>
            <HeartRateBpm>
              <Value>112</Value>
            </HeartRateBpm>
            <Extensions>
              <ns3:TPX>
                <ns3:Speed>1.9500000476837158</ns3:Speed>
                <ns3:RunCadence>60</ns3:RunCadence>
              </ns3:TPX>
            </Extensions>
          </Trackpoint>
          <Trackpoint>
            <Time>2025-07-08T14:25:34.000Z</Time>
            <Position>
              <LatitudeDegrees>43.11948029324412</LatitudeDegrees>
              <LongitudeDegrees>-2.5847794488072395</LongitudeDegrees>
            </Position>
            <AltitudeMeters>182.1999969482422</AltitudeMeters>
            <DistanceMeters>2117.2900390625</DistanceMeters>
            <HeartRateBpm>
              <Value>110</Value>
            </HeartRateBpm>
            <Extensions>
              <ns3:TPX>
                <ns3:Speed>2.015000104904175</ns3:Speed>
                <ns3:RunCadence>61</ns3:RunCadence>
              </ns3:TPX>
            </Extensions>
          </Trackpoint>
          <Trackpoint>
            <Time>2025-07-08T14:25:35.000Z</Time>
            <Position>
              <LatitudeDegrees>43.119498984888196</LatitudeDegrees>
              <LongitudeDegrees>-2.584792273119092</LongitudeDegrees>
            </Position>
            <AltitudeMeters>182.1999969482422</AltitudeMeters>
            <DistanceMeters>2119.47998046875</DistanceMeters>
            <HeartRateBpm>
              <Value>107</Value>
            </HeartRateBpm>
            <Extensions>
              <ns3:TPX>
                <ns3:Speed>2.0339999198913574</ns3:Speed>
                <ns3:RunCadence>61</ns3:RunCadence>
              </ns3:TPX>
            </Extensions>
          </Trackpoint>
          <Trackpoint>
            <Time>2025-07-08T14:25:36.000Z</Time>
            <Position>
              <LatitudeDegrees>43.11951641924679</LatitudeDegrees>
              <LongitudeDegrees>-2.5848059356212616</LongitudeDegrees>
            </Position>
            <AltitudeMeters>182.1999969482422</AltitudeMeters>
            <DistanceMeters>2121.5</DistanceMeters>
            <HeartRateBpm>
              <Value>111</Value>
            </HeartRateBpm>
            <Extensions>
              <ns3:TPX>
                <ns3:Speed>2.0429999828338623</ns3:Speed>
                <ns3:RunCadence>61</ns3:RunCadence>
              </ns3:TPX>
            </Extensions>
          </Trackpoint>
          <Trackpoint>
            <Time>2025-07-08T14:25:38.000Z</Time>
            <Position>
              <LatitudeDegrees>43.119550701230764</LatitudeDegrees>
              <LongitudeDegrees>-2.584826471284032</LongitudeDegrees>
            </Position>
            <AltitudeMeters>182.1999969482422</AltitudeMeters>
            <DistanceMeters>2125.6298828125</DistanceMeters>
            <HeartRateBpm>
              <Value>109</Value>
            </HeartRateBpm>
            <Extensions>
              <ns3:TPX>
                <ns3:Speed>2.052999973297119</ns3:Speed>
                <ns3:RunCadence>59</ns3:RunCadence>
              </ns3:TPX>
            </Extensions>
          </Trackpoint>
          <Trackpoint>
            <Time>2025-07-08T14:25:40.000Z</Time>
            <Position>
              <LatitudeDegrees>43.11958523467183</LatitudeDegrees>
              <LongitudeDegrees>-2.5848351046442986</LongitudeDegrees>
            </Position>
            <AltitudeMeters>182.1999969482422</AltitudeMeters>
            <DistanceMeters>2129.389892578125</DistanceMeters>
            <HeartRateBpm>
              <Value>110</Value>
            </HeartRateBpm>
            <Extensions>
              <ns3:TPX>
                <ns3:Speed>2.0429999828338623</ns3:Speed>
                <ns3:RunCadence>59</ns3:RunCadence>
              </ns3:TPX>
            </Extensions>
          </Trackpoint>
          <Trackpoint>
            <Time>2025-07-08T14:25:47.000Z</Time>
            <Position>
              <LatitudeDegrees>43.11969864182174</LatitudeDegrees>
              <LongitudeDegrees>-2.584864692762494</LongitudeDegrees>
            </Position>
            <AltitudeMeters>182.60000610351562</AltitudeMeters>
            <DistanceMeters>2142.800048828125</DistanceMeters>
            <HeartRateBpm>
              <Value>107</Value>
            </HeartRateBpm>
            <Extensions>
              <ns3:TPX>
                <ns3:Speed>2.0250000953674316</ns3:Speed>
                <ns3:RunCadence>62</ns3:RunCadence>
              </ns3:TPX>
            </Extensions>
          </Trackpoint>
          <Trackpoint>
            <Time>2025-07-08T14:25:48.000Z</Time>
            <Position>
              <LatitudeDegrees>43.119712471961975</LatitudeDegrees>
              <LongitudeDegrees>-2.5848677940666676</LongitudeDegrees>
            </Position>
            <AltitudeMeters>182.60000610351562</AltitudeMeters>
            <DistanceMeters>2144.6201171875</DistanceMeters>
            <HeartRateBpm>
              <Value>109</Value>
            </HeartRateBpm>
            <Extensions>
              <ns3:TPX>
                <ns3:Speed>2.015000104904175</ns3:Speed>
                <ns3:RunCadence>62</ns3:RunCadence>
              </ns3:TPX>
            </Extensions>
          </Trackpoint>
          <Trackpoint>
            <Time>2025-07-08T14:25:55.000Z</Time>
            <Position>
              <LatitudeDegrees>43.11981246806681</LatitudeDegrees>
              <LongitudeDegrees>-2.584932502359152</LongitudeDegrees>
            </Position>
            <AltitudeMeters>182.0</AltitudeMeters>
            <DistanceMeters>2155.580078125</DistanceMeters>
            <HeartRateBpm>
              <Value>110</Value>
            </HeartRateBpm>
            <Extensions>
              <ns3:TPX>
                <ns3:Speed>1.9589999914169312</ns3:Speed>
                <ns3:RunCadence>60</ns3:RunCadence>
              </ns3:TPX>
            </Extensions>
          </Trackpoint>
          <Trackpoint>
            <Time>2025-07-08T14:25:58.000Z</Time>
            <Position>
              <LatitudeDegrees>43.119852282106876</LatitudeDegrees>
              <LongitudeDegrees>-2.5849413871765137</LongitudeDegrees>
            </Position>
            <AltitudeMeters>182.0</AltitudeMeters>
            <DistanceMeters>2159.219970703125</DistanceMeters>
            <HeartRateBpm>
              <Value>113</Value>
            </HeartRateBpm>
            <Extensions>
              <ns3:TPX>
                <ns3:Speed>1.8009999990463257</ns3:Speed>
                <ns3:RunCadence>61</ns3:RunCadence>
              </ns3:TPX>
            </Extensions>
          </Trackpoint>
          <Trackpoint>
            <Time>2025-07-08T14:26:02.000Z</Time>
            <Position>
              <LatitudeDegrees>43.11992822214961</LatitudeDegrees>
              <LongitudeDegrees>-2.5849296525120735</LongitudeDegrees>
            </Position>
            <AltitudeMeters>182.0</AltitudeMeters>
            <DistanceMeters>2165.610107421875</DistanceMeters>
            <HeartRateBpm>
              <Value>112</Value>
            </HeartRateBpm>
            <Extensions>
              <ns3:TPX>
                <ns3:Speed>1.6050000190734863</ns3:Speed>
                <ns3:RunCadence>61</ns3:RunCadence>
              </ns3:TPX>
            </Extensions>
          </Trackpoint>
          <Trackpoint>
            <Time>2025-07-08T14:26:08.000Z</Time>
            <Position>
              <LatitudeDegrees>43.12000256963074</LatitudeDegrees>
              <LongitudeDegrees>-2.5849005673080683</LongitudeDegrees>
            </Position>
            <AltitudeMeters>182.39999389648438</AltitudeMeters>
            <DistanceMeters>2174.60009765625</DistanceMeters>
            <HeartRateBpm>
              <Value>110</Value>
            </HeartRateBpm>
            <Extensions>
              <ns3:TPX>
                <ns3:Speed>1.4459999799728394</ns3:Speed>
                <ns3:RunCadence>62</ns3:RunCadence>
              </ns3:TPX>
            </Extensions>
          </Trackpoint>
          <Trackpoint>
            <Time>2025-07-08T14:26:11.000Z</Time>
            <Position>
              <LatitudeDegrees>43.12001430429518</LatitudeDegrees>
              <LongitudeDegrees>-2.5848858151584864</LongitudeDegrees>
            </Position>
            <AltitudeMeters>182.60000610351562</AltitudeMeters>
            <DistanceMeters>2178.25</DistanceMeters>
            <HeartRateBpm>
              <Value>109</Value>
            </HeartRateBpm>
            <Extensions>
              <ns3:TPX>
                <ns3:Speed>1.409000039100647</ns3:Speed>
                <ns3:RunCadence>62</ns3:RunCadence>
              </ns3:TPX>
            </Extensions>
          </Trackpoint>
          <Trackpoint>
            <Time>2025-07-08T14:26:13.000Z</Time>
            <Position>
              <LatitudeDegrees>43.12002352438867</LatitudeDegrees>
              <LongitudeDegrees>-2.5848770141601562</LongitudeDegrees>
            </Position>
            <AltitudeMeters>182.60000610351562</AltitudeMeters>
            <DistanceMeters>2179.669921875</DistanceMeters>
            <HeartRateBpm>
              <Value>111</Value>
            </HeartRateBpm>
            <Extensions>
              <ns3:TPX>
                <ns3:Speed>1.2130000591278076</ns3:Speed>
                <ns3:RunCadence>62</ns3:RunCadence>
              </ns3:TPX>
            </Extensions>
          </Trackpoint>
          <Trackpoint>
            <Time>2025-07-08T14:26:14.000Z</Time>
            <Position>
              <LatitudeDegrees>43.12003031373024</LatitudeDegrees>
              <LongitudeDegrees>-2.5848730746656656</LongitudeDegrees>
            </Position>
            <AltitudeMeters>182.39999389648438</AltitudeMeters>
            <DistanceMeters>2179.919921875</DistanceMeters>
            <HeartRateBpm>
              <Value>110</Value>
            </HeartRateBpm>
            <Extensions>
              <ns3:TPX>
                <ns3:Speed>1.1100000143051147</ns3:Speed>
                <ns3:RunCadence>62</ns3:RunCadence>
              </ns3:TPX>
            </Extensions>
          </Trackpoint>
          <Trackpoint>
            <Time>2025-07-08T14:26:16.000Z</Time>
            <Position>
              <LatitudeDegrees>43.12003961764276</LatitudeDegrees>
              <LongitudeDegrees>-2.584862597286701</LongitudeDegrees>
            </Position>
            <AltitudeMeters>180.8000030517578</AltitudeMeters>
            <DistanceMeters>2180.469970703125</DistanceMeters>
            <HeartRateBpm>
              <Value>110</Value>
            </HeartRateBpm>
            <Extensions>
              <ns3:TPX>
                <ns3:Speed>0.5600000023841858</ns3:Speed>
                <ns3:RunCadence>0</ns3:RunCadence>
              </ns3:TPX>
            </Extensions>
          </Trackpoint>
          <Trackpoint>
            <Time>2025-07-08T14:26:20.000Z</Time>
            <Position>
              <LatitudeDegrees>43.120064260438085</LatitudeDegrees>
              <LongitudeDegrees>-2.5848656985908747</LongitudeDegrees>
            </Position>
            <AltitudeMeters>181.1999969482422</AltitudeMeters>
            <DistanceMeters>2183.320068359375</DistanceMeters>
            <HeartRateBpm>
              <Value>104</Value>
            </HeartRateBpm>
            <Extensions>
              <ns3:TPX>
                <ns3:Speed>0.0</ns3:Speed>
                <ns3:RunCadence>0</ns3:RunCadence>
              </ns3:TPX>
            </Extensions>
          </Trackpoint>
          <Trackpoint>
            <Time>2025-07-08T14:26:22.000Z</Time>
            <Position>
              <LatitudeDegrees>43.120087226852775</LatitudeDegrees>
              <LongitudeDegrees>-2.584878858178854</LongitudeDegrees>
            </Position>
            <AltitudeMeters>181.8000030517578</AltitudeMeters>
            <DistanceMeters>2186.35009765625</DistanceMeters>
            <HeartRateBpm>
              <Value>104</Value>
            </HeartRateBpm>
            <Extensions>
              <ns3:TPX>
                <ns3:Speed>0.2329999953508377</ns3:Speed>
                <ns3:RunCadence>62</ns3:RunCadence>
              </ns3:TPX>
            </Extensions>
          </Trackpoint>
          <Trackpoint>
            <Time>2025-07-08T14:26:29.000Z</Time>
            <Position>
              <LatitudeDegrees>43.12021781690419</LatitudeDegrees>
              <LongitudeDegrees>-2.5849072728306055</LongitudeDegrees>
            </Position>
            <AltitudeMeters>182.0</AltitudeMeters>
            <DistanceMeters>2201.080078125</DistanceMeters>
            <HeartRateBpm>
              <Value>104</Value>
            </HeartRateBpm>
            <Extensions>
              <ns3:TPX>
                <ns3:Speed>2.5290000438690186</ns3:Speed>
                <ns3:RunCadence>63</ns3:RunCadence>
              </ns3:TPX>
            </Extensions>
          </Trackpoint>
          <Trackpoint>
            <Time>2025-07-08T14:26:35.000Z</Time>
            <Position>
              <LatitudeDegrees>43.120318818837404</LatitudeDegrees>
              <LongitudeDegrees>-2.5848951190710068</LongitudeDegrees>
            </Position>
            <AltitudeMeters>182.1999969482422</AltitudeMeters>
            <DistanceMeters>2212.5400390625</DistanceMeters>
            <HeartRateBpm>
              <Value>105</Value>
            </HeartRateBpm>
            <Extensions>
              <ns3:TPX>
                <ns3:Speed>2.015000104904175</ns3:Speed>
                <ns3:RunCadence>63</ns3:RunCadence>
              </ns3:TPX>
            </Extensions>
          </Trackpoint>
          <Trackpoint>
            <Time>2025-07-08T14:26:41.000Z</Time>
            <Position>
              <LatitudeDegrees>43.12038511969149</LatitudeDegrees>
              <LongitudeDegrees>-2.5848480965942144</LongitudeDegrees>
            </Position>
            <AltitudeMeters>182.0</AltitudeMeters>
            <DistanceMeters>2220.179931640625</DistanceMeters>
            <HeartRateBpm>
              <Value>104</Value>
            </HeartRateBpm>
            <Extensions>
              <ns3:TPX>
                <ns3:Speed>1.6799999475479126</ns3:Speed>
                <ns3:RunCadence>61</ns3:RunCadence>
              </ns3:TPX>
            </Extensions>
          </Trackpoint>
          <Trackpoint>
            <Time>2025-07-08T14:26:42.000Z</Time>
            <Position>
              <LatitudeDegrees>43.12040255405009</LatitudeDegrees>
              <LongitudeDegrees>-2.5848395470529795</LongitudeDegrees>
            </Position>
            <AltitudeMeters>181.8000030517578</AltitudeMeters>
            <DistanceMeters>2221.89990234375</DistanceMeters>
            <HeartRateBpm>
              <Value>101</Value>
            </HeartRateBpm>
            <Extensions>
              <ns3:TPX>
                <ns3:Speed>1.6799999475479126</ns3:Speed>
                <ns3:RunCadence>61</ns3:RunCadence>
              </ns3:TPX>
            </Extensions>
          </Trackpoint>
          <Trackpoint>
            <Time>2025-07-08T14:26:43.000Z</Time>
            <Position>
              <LatitudeDegrees>43.120417976751924</LatitudeDegrees>
              <LongitudeDegrees>-2.584835020825267</LongitudeDegrees>
            </Position>
            <AltitudeMeters>181.8000030517578</AltitudeMeters>
            <DistanceMeters>2223.3701171875</DistanceMeters>
            <HeartRateBpm>
              <Value>106</Value>
            </HeartRateBpm>
            <Extensions>
              <ns3:TPX>
                <ns3:Speed>1.6799999475479126</ns3:Speed>
                <ns3:RunCadence>61</ns3:RunCadence>
              </ns3:TPX>
            </Extensions>
          </Trackpoint>
          <Trackpoint>
            <Time>2025-07-08T14:26:44.000Z</Time>
            <Position>
              <LatitudeDegrees>43.12043624930084</LatitudeDegrees>
              <LongitudeDegrees>-2.5848227832466364</LongitudeDegrees>
            </Position>
            <AltitudeMeters>181.8000030517578</AltitudeMeters>
            <DistanceMeters>2225.10009765625</DistanceMeters>
            <HeartRateBpm>
              <Value>103</Value>
            </HeartRateBpm>
            <Extensions>
              <ns3:TPX>
                <ns3:Speed>1.6610000133514404</ns3:Speed>
                <ns3:RunCadence>60</ns3:RunCadence>
              </ns3:TPX>
            </Extensions>
          </Trackpoint>
          <Trackpoint>
            <Time>2025-07-08T14:26:47.000Z</Time>
            <Position>
              <LatitudeDegrees>43.120483942329884</LatitudeDegrees>
              <LongitudeDegrees>-2.584812641143799</LongitudeDegrees>
            </Position>
            <AltitudeMeters>181.8000030517578</AltitudeMeters>
            <DistanceMeters>2229.050048828125</DistanceMeters>
            <HeartRateBpm>
              <Value>105</Value>
            </HeartRateBpm>
            <Extensions>
              <ns3:TPX>
                <ns3:Speed>1.4559999704360962</ns3:Speed>
                <ns3:RunCadence>60</ns3:RunCadence>
              </ns3:TPX>
            </Extensions>
          </Trackpoint>
          <Trackpoint>
            <Time>2025-07-08T14:26:49.000Z</Time>
            <Position>
              <LatitudeDegrees>43.120515709742904</LatitudeDegrees>
              <LongitudeDegrees>-2.5848003197461367</LongitudeDegrees>
            </Position>
            <AltitudeMeters>181.60000610351562</AltitudeMeters>
            <DistanceMeters>2233.2900390625</DistanceMeters>
            <HeartRateBpm>
              <Value>102</Value>
            </HeartRateBpm>
            <Extensions>
              <ns3:TPX>
                <ns3:Speed>1.4930000305175781</ns3:Speed>
                <ns3:RunCadence>60</ns3:RunCadence>
              </ns3:TPX>
            </Extensions>
          </Trackpoint>
          <Trackpoint>
            <Time>2025-07-08T14:26:55.000Z</Time>
            <Position>
              <LatitudeDegrees>43.12061998061836</LatitudeDegrees>
              <LongitudeDegrees>-2.58476871997118</LongitudeDegrees>
            </Position>
            <AltitudeMeters>181.1999969482422</AltitudeMeters>
            <DistanceMeters>2243.0</DistanceMeters>
            <HeartRateBpm>
              <Value>104</Value>
            </HeartRateBpm>
            <Extensions>
              <ns3:TPX>
                <ns3:Speed>1.4559999704360962</ns3:Speed>
                <ns3:RunCadence>59</ns3:RunCadence>
              </ns3:TPX>
            </Extensions>
          </Trackpoint>
          <Trackpoint>
            <Time>2025-07-08T14:27:01.000Z</Time>
            <Position>
              <LatitudeDegrees>43.120727855712175</LatitudeDegrees>
              <LongitudeDegrees>-2.584738712757826</LongitudeDegrees>
            </Position>
            <AltitudeMeters>181.0</AltitudeMeters>
            <DistanceMeters>2257.6298828125</DistanceMeters>
            <HeartRateBpm>
              <Value>103</Value>
            </HeartRateBpm>
            <Extensions>
              <ns3:TPX>
                <ns3:Speed>1.6799999475479126</ns3:Speed>
                <ns3:RunCadence>60</ns3:RunCadence>
              </ns3:TPX>
            </Extensions>
          </Trackpoint>
          <Trackpoint>
            <Time>2025-07-08T14:27:08.000Z</Time>
            <Position>
              <LatitudeDegrees>43.12083765864372</LatitudeDegrees>
              <LongitudeDegrees>-2.5847020838409662</LongitudeDegrees>
            </Position>
            <AltitudeMeters>180.8000030517578</AltitudeMeters>
            <DistanceMeters>2272.1201171875</DistanceMeters>
            <HeartRateBpm>
              <Value>106</Value>
            </HeartRateBpm>
            <Extensions>
              <ns3:TPX>
                <ns3:Speed>1.875</ns3:Speed>
                <ns3:RunCadence>60</ns3:RunCadence>
              </ns3:TPX>
            </Extensions>
          </Trackpoint>
          <Trackpoint>
            <Time>2025-07-08T14:27:09.000Z</Time>
            <Position>
              <LatitudeDegrees>43.1208508182317</LatitudeDegrees>
              <LongitudeDegrees>-2.5846983958035707</LongitudeDegrees>
            </Position>
            <AltitudeMeters>180.60000610351562</AltitudeMeters>
            <DistanceMeters>2273.72998046875</DistanceMeters>
            <HeartRateBpm>
              <Value>106</Value>
            </HeartRateBpm>
            <Extensions>
              <ns3:TPX>
                <ns3:Speed>1.875</ns3:Speed>
                <ns3:RunCadence>61</ns3:RunCadence>
              </ns3:TPX>
            </Extensions>
          </Trackpoint>
          <Trackpoint>
            <Time>2025-07-08T14:27:12.000Z</Time>
            <Position>
              <LatitudeDegrees>43.120897924527526</LatitudeDegrees>
              <LongitudeDegrees>-2.5846831407397985</LongitudeDegrees>
            </Position>
            <AltitudeMeters>180.0</AltitudeMeters>
            <DistanceMeters>2279.580078125</DistanceMeters>
            <HeartRateBpm>
              <Value>103</Value>
            </HeartRateBpm>
            <Extensions>
              <ns3:TPX>
                <ns3:Speed>1.8569999933242798</ns3:Speed>
                <ns3:RunCadence>60</ns3:RunCadence>
              </ns3:TPX>
            </Extensions>
          </Trackpoint>
          <Trackpoint>
            <Time>2025-07-08T14:27:14.000Z</Time>
            <Position>
              <LatitudeDegrees>43.12092390842736</LatitudeDegrees>
              <LongitudeDegrees>-2.58467685431242</LongitudeDegrees>
            </Position>
            <AltitudeMeters>180.0</AltitudeMeters>
            <DistanceMeters>2282.22998046875</DistanceMeters>
            <HeartRateBpm>
              <Value>106</Value>
            </HeartRateBpm>
            <Extensions>
              <ns3:TPX>
                <ns3:Speed>1.819000005722046</ns3:Speed>
                <ns3:RunCadence>60</ns3:RunCadence>
              </ns3:TPX>
            </Extensions>
          </Trackpoint>
          <Trackpoint>
            <Time>2025-07-08T14:27:21.000Z</Time>
            <Position>
              <LatitudeDegrees>43.12104997225106</LatitudeDegrees>
              <LongitudeDegrees>-2.5846300832927227</LongitudeDegrees>
            </Position>
            <AltitudeMeters>180.39999389648438</AltitudeMeters>
            <DistanceMeters>2295.0400390625</DistanceMeters>
            <HeartRateBpm>
              <Value>105</Value>
            </HeartRateBpm>
            <Extensions>
              <ns3:TPX>
                <ns3:Speed>1.7730000019073486</ns3:Speed>
                <ns3:RunCadence>59</ns3:RunCadence>
              </ns3:TPX>
            </Extensions>
          </Trackpoint>
          <Trackpoint>
            <Time>2025-07-08T14:27:23.000Z</Time>
            <Position>
              <LatitudeDegrees>43.1210807338357</LatitudeDegrees>
              <LongitudeDegrees>-2.58461675606668</LongitudeDegrees>
            </Position>
            <AltitudeMeters>180.1999969482422</AltitudeMeters>
            <DistanceMeters>2298.4599609375</DistanceMeters>
            <HeartRateBpm>
              <Value>102</Value>
            </HeartRateBpm>
            <Extensions>
              <ns3:TPX>
                <ns3:Speed>1.7640000581741333</ns3:Speed>
                <ns3:RunCadence>60</ns3:RunCadence>
              </ns3:TPX>
            </Extensions>
          </Trackpoint>
          <Trackpoint>
            <Time>2025-07-08T14:27:24.000Z</Time>
            <Position>
              <LatitudeDegrees>43.12109783291817</LatitudeDegrees>
              <LongitudeDegrees>-2.5846088770776987</LongitudeDegrees>
            </Position>
            <AltitudeMeters>180.1999969482422</AltitudeMeters>
            <DistanceMeters>2300.449951171875</DistanceMeters>
            <HeartRateBpm>
              <Value>105</Value>
            </HeartRateBpm>
            <Extensions>
              <ns3:TPX>
                <ns3:Speed>1.7640000581741333</ns3:Speed>
                <ns3:RunCadence>61</ns3:RunCadence>
              </ns3:TPX>
            </Extensions>
          </Trackpoint>
          <Trackpoint>
            <Time>2025-07-08T14:27:27.000Z</Time>
            <Position>
              <LatitudeDegrees>43.12114745378494</LatitudeDegrees>
              <LongitudeDegrees>-2.584585240110755</LongitudeDegrees>
            </Position>
            <AltitudeMeters>180.1999969482422</AltitudeMeters>
            <DistanceMeters>2306.25</DistanceMeters>
            <HeartRateBpm>
              <Value>109</Value>
            </HeartRateBpm>
            <Extensions>
              <ns3:TPX>
                <ns3:Speed>1.7910000085830688</ns3:Speed>
                <ns3:RunCadence>61</ns3:RunCadence>
              </ns3:TPX>
            </Extensions>
          </Trackpoint>
          <Trackpoint>
            <Time>2025-07-08T14:27:28.000Z</Time>
            <Position>
              <LatitudeDegrees>43.12116329558194</LatitudeDegrees>
              <LongitudeDegrees>-2.5845766067504883</LongitudeDegrees>
            </Position>
            <AltitudeMeters>180.1999969482422</AltitudeMeters>
            <DistanceMeters>2308.300048828125</DistanceMeters>
            <HeartRateBpm>
              <Value>105</Value>
            </HeartRateBpm>
            <Extensions>
              <ns3:TPX>
                <ns3:Speed>1.7910000085830688</ns3:Speed>
                <ns3:RunCadence>61</ns3:RunCadence>
              </ns3:TPX>
            </Extensions>
          </Trackpoint>
          <Trackpoint>
            <Time>2025-07-08T14:27:33.000Z</Time>
            <Position>
              <LatitudeDegrees>43.12123822979629</LatitudeDegrees>
              <LongitudeDegrees>-2.584538133814931</LongitudeDegrees>
            </Position>
            <AltitudeMeters>180.1999969482422</AltitudeMeters>
            <DistanceMeters>2318.2900390625</DistanceMeters>
            <HeartRateBpm>
              <Value>104</Value>
            </HeartRateBpm>
            <Extensions>
              <ns3:TPX>
                <ns3:Speed>1.819000005722046</ns3:Speed>
                <ns3:RunCadence>60</ns3:RunCadence>
              </ns3:TPX>
            </Extensions>
          </Trackpoint>
          <Trackpoint>
            <Time>2025-07-08T14:27:40.000Z</Time>
            <Position>
              <LatitudeDegrees>43.12133705243468</LatitudeDegrees>
              <LongitudeDegrees>-2.584533104673028</LongitudeDegrees>
            </Position>
            <AltitudeMeters>180.0</AltitudeMeters>
            <DistanceMeters>2329.1298828125</DistanceMeters>
            <HeartRateBpm>
              <Value>104</Value>
            </HeartRateBpm>
            <Extensions>
              <ns3:TPX>
                <ns3:Speed>1.809999942779541</ns3:Speed>
                <ns3:RunCadence>60</ns3:RunCadence>
              </ns3:TPX>
            </Extensions>
          </Trackpoint>
          <Trackpoint>
            <Time>2025-07-08T14:27:41.000Z</Time>
            <Position>
              <LatitudeDegrees>43.12134920619428</LatitudeDegrees>
              <LongitudeDegrees>-2.5845352839678526</LongitudeDegrees>
            </Position>
            <AltitudeMeters>179.8000030517578</AltitudeMeters>
            <DistanceMeters>2329.860107421875</DistanceMeters>
            <HeartRateBpm>
              <Value>103</Value>
            </HeartRateBpm>
            <Extensions>
              <ns3:TPX>
                <ns3:Speed>1.7910000085830688</ns3:Speed>
                <ns3:RunCadence>59</ns3:RunCadence>
              </ns3:TPX>
            </Extensions>
          </Trackpoint>
          <Trackpoint>
            <Time>2025-07-08T14:27:42.000Z</Time>
            <Position>
              <LatitudeDegrees>43.12136135995388</LatitudeDegrees>
              <LongitudeDegrees>-2.5845365412533283</LongitudeDegrees>
            </Position>
            <AltitudeMeters>179.8000030517578</AltitudeMeters>
            <DistanceMeters>2330.64990234375</DistanceMeters>
            <HeartRateBpm>
              <Value>107</Value>
            </HeartRateBpm>
            <Extensions>
              <ns3:TPX>
                <ns3:Speed>1.753999948501587</ns3:Speed>
                <ns3:RunCadence>59</ns3:RunCadence>
              </ns3:TPX>
            </Extensions>
          </Trackpoint>
          <Trackpoint>
            <Time>2025-07-08T14:27:45.000Z</Time>
            <Position>
              <LatitudeDegrees>43.12139061279595</LatitudeDegrees>
              <LongitudeDegrees>-2.584523716941476</LongitudeDegrees>
            </Position>
            <AltitudeMeters>179.60000610351562</AltitudeMeters>
            <DistanceMeters>2332.93994140625</DistanceMeters>
            <HeartRateBpm>
              <Value>106</Value>
            </HeartRateBpm>
            <Extensions>
              <ns3:TPX>
                <ns3:Speed>1.6610000133514404</ns3:Speed>
                <ns3:RunCadence>59</ns3:RunCadence>
              </ns3:TPX>
            </Extensions>
          </Trackpoint>
          <Trackpoint>
            <Time>2025-07-08T14:27:47.000Z</Time>
            <Position>
              <LatitudeDegrees>43.12141114845872</LatitudeDegrees>
              <LongitudeDegrees>-2.5845049414783716</LongitudeDegrees>
            </Position>
            <AltitudeMeters>179.60000610351562</AltitudeMeters>
            <DistanceMeters>2335.5400390625</DistanceMeters>
            <HeartRateBpm>
              <Value>107</Value>
            </HeartRateBpm>
            <Extensions>
              <ns3:TPX>
                <ns3:Speed>1.277999997138977</ns3:Speed>
                <ns3:RunCadence>59</ns3:RunCadence>
              </ns3:TPX>
            </Extensions>
          </Trackpoint>
          <Trackpoint>
            <Time>2025-07-08T14:27:49.000Z</Time>
            <Position>
              <LatitudeDegrees>43.12143285758793</LatitudeDegrees>
              <LongitudeDegrees>-2.584484238177538</LongitudeDegrees>
            </Position>
            <AltitudeMeters>179.39999389648438</AltitudeMeters>
            <DistanceMeters>2339.739990234375</DistanceMeters>
            <HeartRateBpm>
              <Value>107</Value>
            </HeartRateBpm>
            <Extensions>
              <ns3:TPX>
                <ns3:Speed>1.3250000476837158</ns3:Speed>
                <ns3:RunCadence>59</ns3:RunCadence>
              </ns3:TPX>
            </Extensions>
          </Trackpoint>
          <Trackpoint>
            <Time>2025-07-08T14:27:52.000Z</Time>
            <Position>
              <LatitudeDegrees>43.12149555422366</LatitudeDegrees>
              <LongitudeDegrees>-2.5844461005181074</LongitudeDegrees>
            </Position>
            <AltitudeMeters>179.39999389648438</AltitudeMeters>
            <DistanceMeters>2347.739990234375</DistanceMeters>
            <HeartRateBpm>
              <Value>105</Value>
            </HeartRateBpm>
            <Extensions>
              <ns3:TPX>
                <ns3:Speed>2.015000104904175</ns3:Speed>
                <ns3:RunCadence>58</ns3:RunCadence>
              </ns3:TPX>
            </Extensions>
          </Trackpoint>
          <Trackpoint>
            <Time>2025-07-08T14:27:57.000Z</Time>
            <Position>
              <LatitudeDegrees>43.12160175293684</LatitudeDegrees>
              <LongitudeDegrees>-2.584413830190897</LongitudeDegrees>
            </Position>
            <AltitudeMeters>180.60000610351562</AltitudeMeters>
            <DistanceMeters>2359.68994140625</DistanceMeters>
            <HeartRateBpm>
              <Value>105</Value>
            </HeartRateBpm>
            <Extensions>
              <ns3:TPX>
                <ns3:Speed>2.13700008392334</ns3:Speed>
                <ns3:RunCadence>66</ns3:RunCadence>
              </ns3:TPX>
            </Extensions>
          </Trackpoint>
          <Trackpoint>
            <Time>2025-07-08T14:28:01.000Z</Time>
            <Position>
              <LatitudeDegrees>43.121666545048356</LatitudeDegrees>
              <LongitudeDegrees>-2.584385499358177</LongitudeDegrees>
            </Position>
            <AltitudeMeters>180.8000030517578</AltitudeMeters>
            <DistanceMeters>2367.550048828125</DistanceMeters>
            <HeartRateBpm>
              <Value>103</Value>
            </HeartRateBpm>
            <Extensions>
              <ns3:TPX>
                <ns3:Speed>1.902999997138977</ns3:Speed>
                <ns3:RunCadence>59</ns3:RunCadence>
              </ns3:TPX>
            </Extensions>
          </Trackpoint>
          <Trackpoint>
            <Time>2025-07-08T14:28:03.000Z</Time>
            <Position>
              <LatitudeDegrees>43.12169596552849</LatitudeDegrees>
              <LongitudeDegrees>-2.5843727588653564</LongitudeDegrees>
            </Position>
            <AltitudeMeters>181.1999969482422</AltitudeMeters>
            <DistanceMeters>2371.070068359375</DistanceMeters>
            <HeartRateBpm>
              <Value>102</Value>
            </HeartRateBpm>
            <Extensions>
              <ns3:TPX>
                <ns3:Speed>1.8940000534057617</ns3:Speed>
                <ns3:RunCadence>59</ns3:RunCadence>
              </ns3:TPX>
            </Extensions>
          </Trackpoint>
          <Trackpoint>
            <Time>2025-07-08T14:28:08.000Z</Time>
            <Position>
              <LatitudeDegrees>43.12177240848541</LatitudeDegrees>
              <LongitudeDegrees>-2.5843394827097654</LongitudeDegrees>
            </Position>
            <AltitudeMeters>181.1999969482422</AltitudeMeters>
            <DistanceMeters>2381.449951171875</DistanceMeters>
            <HeartRateBpm>
              <Value>105</Value>
            </HeartRateBpm>
            <Extensions>
              <ns3:TPX>
                <ns3:Speed>1.8660000562667847</ns3:Speed>
                <ns3:RunCadence>61</ns3:RunCadence>
              </ns3:TPX>
            </Extensions>
          </Trackpoint>
          <Trackpoint>
            <Time>2025-07-08T14:28:12.000Z</Time>
            <Position>
              <LatitudeDegrees>43.121830243617296</LatitudeDegrees>
              <LongitudeDegrees>-2.584320455789566</LongitudeDegrees>
            </Position>
            <AltitudeMeters>181.1999969482422</AltitudeMeters>
            <DistanceMeters>2388.5</DistanceMeters>
            <HeartRateBpm>
              <Value>106</Value>
            </HeartRateBpm>
            <Extensions>
              <ns3:TPX>
                <ns3:Speed>1.7910000085830688</ns3:Speed>
                <ns3:RunCadence>60</ns3:RunCadence>
              </ns3:TPX>
            </Extensions>
          </Trackpoint>
          <Trackpoint>
            <Time>2025-07-08T14:28:13.000Z</Time>
            <Position>
              <LatitudeDegrees>43.121840972453356</LatitudeDegrees>
              <LongitudeDegrees>-2.584316600114107</LongitudeDegrees>
            </Position>
            <AltitudeMeters>181.0</AltitudeMeters>
            <DistanceMeters>2390.72998046875</DistanceMeters>
            <HeartRateBpm>
              <Value>106</Value>
            </HeartRateBpm>
            <Extensions>
              <ns3:TPX>
                <ns3:Speed>1.7910000085830688</ns3:Speed>
                <ns3:RunCadence>60</ns3:RunCadence>
              </ns3:TPX>
            </Extensions>
          </Trackpoint>
          <Trackpoint>
            <Time>2025-07-08T14:28:20.000Z</Time>
            <Position>
              <LatitudeDegrees>43.12196284532547</LatitudeDegrees>
              <LongitudeDegrees>-2.5843329448252916</LongitudeDegrees>
            </Position>
            <AltitudeMeters>180.1999969482422</AltitudeMeters>
            <DistanceMeters>2404.75</DistanceMeters>
            <HeartRateBpm>
              <Value>106</Value>
            </HeartRateBpm>
            <Extensions>
              <ns3:TPX>
                <ns3:Speed>1.8849999904632568</ns3:Speed>
                <ns3:RunCadence>58</ns3:RunCadence>
              </ns3:TPX>
            </Extensions>
          </Trackpoint>
          <Trackpoint>
            <Time>2025-07-08T14:28:23.000Z</Time>
            <Position>
              <LatitudeDegrees>43.122028140351176</LatitudeDegrees>
              <LongitudeDegrees>-2.584318947046995</LongitudeDegrees>
            </Position>
            <AltitudeMeters>179.8000030517578</AltitudeMeters>
            <DistanceMeters>2410.949951171875</DistanceMeters>
            <HeartRateBpm>
              <Value>105</Value>
            </HeartRateBpm>
            <Extensions>
              <ns3:TPX>
                <ns3:Speed>1.9129999876022339</ns3:Speed>
                <ns3:RunCadence>58</ns3:RunCadence>
              </ns3:TPX>
            </Extensions>
          </Trackpoint>
          <Trackpoint>
            <Time>2025-07-08T14:28:26.000Z</Time>
            <Position>
              <LatitudeDegrees>43.122083293274045</LatitudeDegrees>
              <LongitudeDegrees>-2.584292460232973</LongitudeDegrees>
            </Position>
            <AltitudeMeters>179.60000610351562</AltitudeMeters>
            <DistanceMeters>2416.929931640625</DistanceMeters>
            <HeartRateBpm>
              <Value>104</Value>
            </HeartRateBpm>
            <Extensions>
              <ns3:TPX>
                <ns3:Speed>1.9129999876022339</ns3:Speed>
                <ns3:RunCadence>58</ns3:RunCadence>
              </ns3:TPX>
            </Extensions>
          </Trackpoint>
          <Trackpoint>
            <Time>2025-07-08T14:28:32.000Z</Time>
            <Position>
              <LatitudeDegrees>43.122174656018615</LatitudeDegrees>
              <LongitudeDegrees>-2.5841921288520098</LongitudeDegrees>
            </Position>
            <AltitudeMeters>179.0</AltitudeMeters>
            <DistanceMeters>2428.610107421875</DistanceMeters>
            <HeartRateBpm>
              <Value>105</Value>
            </HeartRateBpm>
            <Extensions>
              <ns3:TPX>
                <ns3:Speed>1.9129999876022339</ns3:Speed>
                <ns3:RunCadence>59</ns3:RunCadence>
              </ns3:TPX>
            </Extensions>
          </Trackpoint>
          <Trackpoint>
            <Time>2025-07-08T14:28:35.000Z</Time>
            <Position>
              <LatitudeDegrees>43.122218661010265</LatitudeDegrees>
              <LongitudeDegrees>-2.584191123023629</LongitudeDegrees>
            </Position>
            <AltitudeMeters>178.8000030517578</AltitudeMeters>
            <DistanceMeters>2432.429931640625</DistanceMeters>
            <HeartRateBpm>
              <Value>107</Value>
            </HeartRateBpm>
            <Extensions>
              <ns3:TPX>
                <ns3:Speed>1.8849999904632568</ns3:Speed>
                <ns3:RunCadence>58</ns3:RunCadence>
              </ns3:TPX>
            </Extensions>
          </Trackpoint>
          <Trackpoint>
            <Time>2025-07-08T14:28:37.000Z</Time>
            <Position>
              <LatitudeDegrees>43.122254870831966</LatitudeDegrees>
              <LongitudeDegrees>-2.584184752777219</LongitudeDegrees>
            </Position>
            <AltitudeMeters>178.39999389648438</AltitudeMeters>
            <DistanceMeters>2438.030029296875</DistanceMeters>
            <HeartRateBpm>
              <Value>109</Value>
            </HeartRateBpm>
            <Extensions>
              <ns3:TPX>
                <ns3:Speed>1.875</ns3:Speed>
                <ns3:RunCadence>58</ns3:RunCadence>
              </ns3:TPX>
            </Extensions>
          </Trackpoint>
          <Trackpoint>
            <Time>2025-07-08T14:28:39.000Z</Time>
            <Position>
              <LatitudeDegrees>43.12228127382696</LatitudeDegrees>
              <LongitudeDegrees>-2.584179975092411</LongitudeDegrees>
            </Position>
            <AltitudeMeters>178.1999969482422</AltitudeMeters>
            <DistanceMeters>2441.43994140625</DistanceMeters>
            <HeartRateBpm>
              <Value>106</Value>
            </HeartRateBpm>
            <Extensions>
              <ns3:TPX>
                <ns3:Speed>1.8940000534057617</ns3:Speed>
                <ns3:RunCadence>58</ns3:RunCadence>
              </ns3:TPX>
            </Extensions>
          </Trackpoint>
          <Trackpoint>
            <Time>2025-07-08T14:28:40.000Z</Time>
            <Position>
              <LatitudeDegrees>43.12229317612946</LatitudeDegrees>
              <LongitudeDegrees>-2.584183244034648</LongitudeDegrees>
            </Position>
            <AltitudeMeters>178.1999969482422</AltitudeMeters>
            <DistanceMeters>2442.429931640625</DistanceMeters>
            <HeartRateBpm>
              <Value>106</Value>
            </HeartRateBpm>
            <Extensions>
              <ns3:TPX>
                <ns3:Speed>1.8849999904632568</ns3:Speed>
                <ns3:RunCadence>58</ns3:RunCadence>
              </ns3:TPX>
            </Extensions>
          </Trackpoint>
          <Trackpoint>
            <Time>2025-07-08T14:28:42.000Z</Time>
            <Position>
              <LatitudeDegrees>43.12231463380158</LatitudeDegrees>
              <LongitudeDegrees>-2.584187686443329</LongitudeDegrees>
            </Position>
            <AltitudeMeters>178.0</AltitudeMeters>
            <DistanceMeters>2444.830078125</DistanceMeters>
            <HeartRateBpm>
              <Value>105</Value>
            </HeartRateBpm>
            <Extensions>
              <ns3:TPX>
                <ns3:Speed>1.8660000562667847</ns3:Speed>
                <ns3:RunCadence>59</ns3:RunCadence>
              </ns3:TPX>
            </Extensions>
          </Trackpoint>
          <Trackpoint>
            <Time>2025-07-08T14:28:46.000Z</Time>
            <Position>
              <LatitudeDegrees>43.122371127828956</LatitudeDegrees>
              <LongitudeDegrees>-2.5841863453388214</LongitudeDegrees>
            </Position>
            <AltitudeMeters>177.8000030517578</AltitudeMeters>
            <DistanceMeters>2450.14990234375</DistanceMeters>
            <HeartRateBpm>
              <Value>106</Value>
            </HeartRateBpm>
            <Extensions>
              <ns3:TPX>
                <ns3:Speed>1.7359999418258667</ns3:Speed>
                <ns3:RunCadence>58</ns3:RunCadence>
              </ns3:TPX>
            </Extensions>
          </Trackpoint>
          <Trackpoint>
            <Time>2025-07-08T14:28:48.000Z</Time>
            <Position>
              <LatitudeDegrees>43.122403314337134</LatitudeDegrees>
              <LongitudeDegrees>-2.584190536290407</LongitudeDegrees>
            </Position>
            <AltitudeMeters>177.60000610351562</AltitudeMeters>
            <DistanceMeters>2454.239990234375</DistanceMeters>
            <HeartRateBpm>
              <Value>106</Value>
            </HeartRateBpm>
            <Extensions>
              <ns3:TPX>
                <ns3:Speed>1.7359999418258667</ns3:Speed>
                <ns3:RunCadence>59</ns3:RunCadence>
              </ns3:TPX>
            </Extensions>
          </Trackpoint>
          <Trackpoint>
            <Time>2025-07-08T14:28:54.000Z</Time>
            <Position>
              <LatitudeDegrees>43.12250196933746</LatitudeDegrees>
              <LongitudeDegrees>-2.584170587360859</LongitudeDegrees>
            </Position>
            <AltitudeMeters>177.60000610351562</AltitudeMeters>
            <DistanceMeters>2465.919921875</DistanceMeters>
            <HeartRateBpm>
              <Value>108</Value>
            </HeartRateBpm>
            <Extensions>
              <ns3:TPX>
                <ns3:Speed>1.8009999990463257</ns3:Speed>
                <ns3:RunCadence>59</ns3:RunCadence>
              </ns3:TPX>
            </Extensions>
          </Trackpoint>
          <Trackpoint>
            <Time>2025-07-08T14:29:02.000Z</Time>
            <Position>
              <LatitudeDegrees>43.122629541903734</LatitudeDegrees>
              <LongitudeDegrees>-2.5841430947184563</LongitudeDegrees>
            </Position>
            <AltitudeMeters>178.1999969482422</AltitudeMeters>
            <DistanceMeters>2481.199951171875</DistanceMeters>
            <HeartRateBpm>
              <Value>108</Value>
            </HeartRateBpm>
            <Extensions>
              <ns3:TPX>
                <ns3:Speed>1.8849999904632568</ns3:Speed>
                <ns3:RunCadence>60</ns3:RunCadence>
              </ns3:TPX>
            </Extensions>
          </Trackpoint>
          <Trackpoint>
            <Time>2025-07-08T14:29:07.000Z</Time>
            <Position>
              <LatitudeDegrees>43.12272258102894</LatitudeDegrees>
              <LongitudeDegrees>-2.584140244871378</LongitudeDegrees>
            </Position>
            <AltitudeMeters>178.0</AltitudeMeters>
            <DistanceMeters>2492.889892578125</DistanceMeters>
            <HeartRateBpm>
              <Value>112</Value>
            </HeartRateBpm>
            <Extensions>
              <ns3:TPX>
                <ns3:Speed>1.968999981880188</ns3:Speed>
                <ns3:RunCadence>60</ns3:RunCadence>
              </ns3:TPX>
            </Extensions>
          </Trackpoint>
          <Trackpoint>
            <Time>2025-07-08T14:29:08.000Z</Time>
            <Position>
              <LatitudeDegrees>43.12273691408336</LatitudeDegrees>
              <LongitudeDegrees>-2.5841415859758854</LongitudeDegrees>
            </Position>
            <AltitudeMeters>178.0</AltitudeMeters>
            <DistanceMeters>2494.75</DistanceMeters>
            <HeartRateBpm>
              <Value>110</Value>
            </HeartRateBpm>
            <Extensions>
              <ns3:TPX>
                <ns3:Speed>1.996999979019165</ns3:Speed>
                <ns3:RunCadence>60</ns3:RunCadence>
              </ns3:TPX>
            </Extensions>
          </Trackpoint>
          <Trackpoint>
            <Time>2025-07-08T14:29:13.000Z</Time>
            <Position>
              <LatitudeDegrees>43.12280774116516</LatitudeDegrees>
              <LongitudeDegrees>-2.5841468665748835</LongitudeDegrees>
            </Position>
            <AltitudeMeters>178.60000610351562</AltitudeMeters>
            <DistanceMeters>2501.889892578125</DistanceMeters>
            <HeartRateBpm>
              <Value>107</Value>
            </HeartRateBpm>
            <Extensions>
              <ns3:TPX>
                <ns3:Speed>1.9589999914169312</ns3:Speed>
                <ns3:RunCadence>59</ns3:RunCadence>
              </ns3:TPX>
            </Extensions>
          </Trackpoint>
          <Trackpoint>
            <Time>2025-07-08T14:29:14.000Z</Time>
            <Position>
              <LatitudeDegrees>43.122823499143124</LatitudeDegrees>
              <LongitudeDegrees>-2.5841492135077715</LongitudeDegrees>
            </Position>
            <AltitudeMeters>178.60000610351562</AltitudeMeters>
            <DistanceMeters>2503.570068359375</DistanceMeters>
            <HeartRateBpm>
              <Value>108</Value>
            </HeartRateBpm>
            <Extensions>
              <ns3:TPX>
                <ns3:Speed>1.940999984741211</ns3:Speed>
                <ns3:RunCadence>59</ns3:RunCadence>
              </ns3:TPX>
            </Extensions>
          </Trackpoint>
          <Trackpoint>
            <Time>2025-07-08T14:29:21.000Z</Time>
            <Position>
              <LatitudeDegrees>43.12293129041791</LatitudeDegrees>
              <LongitudeDegrees>-2.5841541588306427</LongitudeDegrees>
            </Position>
            <AltitudeMeters>178.1999969482422</AltitudeMeters>
            <DistanceMeters>2515.280029296875</DistanceMeters>
            <HeartRateBpm>
              <Value>107</Value>
            </HeartRateBpm>
            <Extensions>
              <ns3:TPX>
                <ns3:Speed>1.8849999904632568</ns3:Speed>
                <ns3:RunCadence>59</ns3:RunCadence>
              </ns3:TPX>
            </Extensions>
          </Trackpoint>
          <Trackpoint>
            <Time>2025-07-08T14:29:24.000Z</Time>
            <Position>
              <LatitudeDegrees>43.12297269701958</LatitudeDegrees>
              <LongitudeDegrees>-2.584154410287738</LongitudeDegrees>
            </Position>
            <AltitudeMeters>177.8000030517578</AltitudeMeters>
            <DistanceMeters>2520.2099609375</DistanceMeters>
            <HeartRateBpm>
              <Value>104</Value>
            </HeartRateBpm>
            <Extensions>
              <ns3:TPX>
                <ns3:Speed>1.8849999904632568</ns3:Speed>
                <ns3:RunCadence>59</ns3:RunCadence>
              </ns3:TPX>
            </Extensions>
          </Trackpoint>
          <Trackpoint>
            <Time>2025-07-08T14:29:29.000Z</Time>
            <Position>
              <LatitudeDegrees>43.123070262372494</LatitudeDegrees>
              <LongitudeDegrees>-2.584170922636986</LongitudeDegrees>
            </Position>
            <AltitudeMeters>177.8000030517578</AltitudeMeters>
            <DistanceMeters>2529.47998046875</DistanceMeters>
            <HeartRateBpm>
              <Value>103</Value>
            </HeartRateBpm>
            <Extensions>
              <ns3:TPX>
                <ns3:Speed>1.875</ns3:Speed>
                <ns3:RunCadence>59</ns3:RunCadence>
              </ns3:TPX>
            </Extensions>
          </Trackpoint>
          <Trackpoint>
            <Time>2025-07-08T14:29:32.000Z</Time>
            <Position>
              <LatitudeDegrees>43.123122649267316</LatitudeDegrees>
              <LongitudeDegrees>-2.5841789692640305</LongitudeDegrees>
            </Position>
            <AltitudeMeters>177.60000610351562</AltitudeMeters>
            <DistanceMeters>2535.909912109375</DistanceMeters>
            <HeartRateBpm>
              <Value>106</Value>
            </HeartRateBpm>
            <Extensions>
              <ns3:TPX>
                <ns3:Speed>1.8940000534057617</ns3:Speed>
                <ns3:RunCadence>59</ns3:RunCadence>
              </ns3:TPX>
            </Extensions>
          </Trackpoint>
          <Trackpoint>
            <Time>2025-07-08T14:29:33.000Z</Time>
            <Position>
              <LatitudeDegrees>43.12313807196915</LatitudeDegrees>
              <LongitudeDegrees>-2.58417796343565</LongitudeDegrees>
            </Position>
            <AltitudeMeters>177.60000610351562</AltitudeMeters>
            <DistanceMeters>2538.050048828125</DistanceMeters>
            <HeartRateBpm>
              <Value>104</Value>
            </HeartRateBpm>
            <Extensions>
              <ns3:TPX>
                <ns3:Speed>1.8940000534057617</ns3:Speed>
                <ns3:RunCadence>59</ns3:RunCadence>
              </ns3:TPX>
            </Extensions>
          </Trackpoint>
          <Trackpoint>
            <Time>2025-07-08T14:29:34.000Z</Time>
            <Position>
              <LatitudeDegrees>43.12314989045262</LatitudeDegrees>
              <LongitudeDegrees>-2.5841760355979204</LongitudeDegrees>
            </Position>
            <AltitudeMeters>177.39999389648438</AltitudeMeters>
            <DistanceMeters>2539.739990234375</DistanceMeters>
            <HeartRateBpm>
              <Value>104</Value>
            </HeartRateBpm>
            <Extensions>
              <ns3:TPX>
                <ns3:Speed>1.8940000534057617</ns3:Speed>
                <ns3:RunCadence>52</ns3:RunCadence>
              </ns3:TPX>
            </Extensions>
          </Trackpoint>
          <Trackpoint>
            <Time>2025-07-08T14:29:41.000Z</Time>
            <Position>
              <LatitudeDegrees>43.12327444553375</LatitudeDegrees>
              <LongitudeDegrees>-2.5841600261628628</LongitudeDegrees>
            </Position>
            <AltitudeMeters>177.1999969482422</AltitudeMeters>
            <DistanceMeters>2552.889892578125</DistanceMeters>
            <HeartRateBpm>
              <Value>105</Value>
            </HeartRateBpm>
            <Extensions>
              <ns3:TPX>
                <ns3:Speed>1.902999997138977</ns3:Speed>
                <ns3:RunCadence>57</ns3:RunCadence>
              </ns3:TPX>
            </Extensions>
          </Trackpoint>
          <Trackpoint>
            <Time>2025-07-08T14:29:48.000Z</Time>
            <Position>
              <LatitudeDegrees>43.12337754294276</LatitudeDegrees>
              <LongitudeDegrees>-2.5841989181935787</LongitudeDegrees>
            </Position>
            <AltitudeMeters>177.1999969482422</AltitudeMeters>
            <DistanceMeters>2565.4599609375</DistanceMeters>
            <HeartRateBpm>
              <Value>105</Value>
            </HeartRateBpm>
            <Extensions>
              <ns3:TPX>
                <ns3:Speed>1.902999997138977</ns3:Speed>
                <ns3:RunCadence>60</ns3:RunCadence>
              </ns3:TPX>
            </Extensions>
          </Trackpoint>
          <Trackpoint>
            <Time>2025-07-08T14:29:53.000Z</Time>
            <Position>
              <LatitudeDegrees>43.12347016297281</LatitudeDegrees>
              <LongitudeDegrees>-2.5842081382870674</LongitudeDegrees>
            </Position>
            <AltitudeMeters>176.8000030517578</AltitudeMeters>
            <DistanceMeters>2574.7099609375</DistanceMeters>
            <HeartRateBpm>
              <Value>105</Value>
            </HeartRateBpm>
            <Extensions>
              <ns3:TPX>
                <ns3:Speed>1.8940000534057617</ns3:Speed>
                <ns3:RunCadence>62</ns3:RunCadence>
              </ns3:TPX>
            </Extensions>
          </Trackpoint>
          <Trackpoint>
            <Time>2025-07-08T14:29:56.000Z</Time>
            <Position>
              <LatitudeDegrees>43.12351819127798</LatitudeDegrees>
              <LongitudeDegrees>-2.584214173257351</LongitudeDegrees>
            </Position>
            <AltitudeMeters>176.60000610351562</AltitudeMeters>
            <DistanceMeters>2580.39990234375</DistanceMeters>
            <HeartRateBpm>
              <Value>106</Value>
            </HeartRateBpm>
            <Extensions>
              <ns3:TPX>
                <ns3:Speed>1.902999997138977</ns3:Speed>
                <ns3:RunCadence>60</ns3:RunCadence>
              </ns3:TPX>
            </Extensions>
          </Trackpoint>
          <Trackpoint>
            <Time>2025-07-08T14:29:59.000Z</Time>
            <Position>
              <LatitudeDegrees>43.12357150018215</LatitudeDegrees>
              <LongitudeDegrees>-2.584208808839321</LongitudeDegrees>
            </Position>
            <AltitudeMeters>176.1999969482422</AltitudeMeters>
            <DistanceMeters>2586.35009765625</DistanceMeters>
            <HeartRateBpm>
              <Value>109</Value>
            </HeartRateBpm>
            <Extensions>
              <ns3:TPX>
                <ns3:Speed>1.940999984741211</ns3:Speed>
                <ns3:RunCadence>58</ns3:RunCadence>
              </ns3:TPX>
            </Extensions>
          </Trackpoint>
          <Trackpoint>
            <Time>2025-07-08T14:30:00.000Z</Time>
            <Position>
              <LatitudeDegrees>43.12358474358916</LatitudeDegrees>
              <LongitudeDegrees>-2.5842086412012577</LongitudeDegrees>
            </Position>
            <AltitudeMeters>176.1999969482422</AltitudeMeters>
            <DistanceMeters>2587.93994140625</DistanceMeters>
            <HeartRateBpm>
              <Value>106</Value>
            </HeartRateBpm>
            <Extensions>
              <ns3:TPX>
                <ns3:Speed>1.940999984741211</ns3:Speed>
                <ns3:RunCadence>58</ns3:RunCadence>
              </ns3:TPX>
            </Extensions>
          </Trackpoint>
          <Trackpoint>
            <Time>2025-07-08T14:30:03.000Z</Time>
            <Position>
              <LatitudeDegrees>43.12362464144826</LatitudeDegrees>
              <LongitudeDegrees>-2.584203779697418</LongitudeDegrees>
            </Position>
            <AltitudeMeters>176.0</AltitudeMeters>
            <DistanceMeters>2593.27001953125</DistanceMeters>
            <HeartRateBpm>
              <Value>104</Value>
            </HeartRateBpm>
            <Extensions>
              <ns3:TPX>
                <ns3:Speed>1.9129999876022339</ns3:Speed>
                <ns3:RunCadence>58</ns3:RunCadence>
              </ns3:TPX>
            </Extensions>
          </Trackpoint>
          <Trackpoint>
            <Time>2025-07-08T14:30:06.000Z</Time>
            <Position>
              <LatitudeDegrees>43.1236691493541</LatitudeDegrees>
              <LongitudeDegrees>-2.5841933861374855</LongitudeDegrees>
            </Position>
            <AltitudeMeters>176.0</AltitudeMeters>
            <DistanceMeters>2597.860107421875</DistanceMeters>
            <HeartRateBpm>
              <Value>101</Value>
            </HeartRateBpm>
            <Extensions>
              <ns3:TPX>
                <ns3:Speed>1.875</ns3:Speed>
                <ns3:RunCadence>58</ns3:RunCadence>
              </ns3:TPX>
            </Extensions>
          </Trackpoint>
          <Trackpoint>
            <Time>2025-07-08T14:30:10.000Z</Time>
            <Position>
              <LatitudeDegrees>43.12373603694141</LatitudeDegrees>
              <LongitudeDegrees>-2.5841999240219593</LongitudeDegrees>
            </Position>
            <AltitudeMeters>176.39999389648438</AltitudeMeters>
            <DistanceMeters>2604.8798828125</DistanceMeters>
            <HeartRateBpm>
              <Value>102</Value>
            </HeartRateBpm>
            <Extensions>
              <ns3:TPX>
                <ns3:Speed>1.847000002861023</ns3:Speed>
                <ns3:RunCadence>59</ns3:RunCadence>
              </ns3:TPX>
            </Extensions>
          </Trackpoint>
          <Trackpoint>
            <Time>2025-07-08T14:30:15.000Z</Time>
            <Position>
              <LatitudeDegrees>43.1238055229187</LatitudeDegrees>
              <LongitudeDegrees>-2.5842249020934105</LongitudeDegrees>
            </Position>
            <AltitudeMeters>176.1999969482422</AltitudeMeters>
            <DistanceMeters>2613.1298828125</DistanceMeters>
            <HeartRateBpm>
              <Value>105</Value>
            </HeartRateBpm>
            <Extensions>
              <ns3:TPX>
                <ns3:Speed>1.8289999961853027</ns3:Speed>
                <ns3:RunCadence>61</ns3:RunCadence>
              </ns3:TPX>
            </Extensions>
          </Trackpoint>
          <Trackpoint>
            <Time>2025-07-08T14:30:18.000Z</Time>
            <Position>
              <LatitudeDegrees>43.12386251986027</LatitudeDegrees>
              <LongitudeDegrees>-2.584226243197918</LongitudeDegrees>
            </Position>
            <AltitudeMeters>176.0</AltitudeMeters>
            <DistanceMeters>2618.489990234375</DistanceMeters>
            <HeartRateBpm>
              <Value>102</Value>
            </HeartRateBpm>
            <Extensions>
              <ns3:TPX>
                <ns3:Speed>1.819000005722046</ns3:Speed>
                <ns3:RunCadence>63</ns3:RunCadence>
              </ns3:TPX>
            </Extensions>
          </Trackpoint>
          <Trackpoint>
            <Time>2025-07-08T14:30:20.000Z</Time>
            <Position>
              <LatitudeDegrees>43.12389940023422</LatitudeDegrees>
              <LongitudeDegrees>-2.5842337869107723</LongitudeDegrees>
            </Position>
            <AltitudeMeters>176.0</AltitudeMeters>
            <DistanceMeters>2622.159912109375</DistanceMeters>
            <HeartRateBpm>
              <Value>99</Value>
            </HeartRateBpm>
            <Extensions>
              <ns3:TPX>
                <ns3:Speed>1.819000005722046</ns3:Speed>
                <ns3:RunCadence>63</ns3:RunCadence>
              </ns3:TPX>
            </Extensions>
          </Trackpoint>
          <Trackpoint>
            <Time>2025-07-08T14:30:21.000Z</Time>
            <Position>
              <LatitudeDegrees>43.1239178404212</LatitudeDegrees>
              <LongitudeDegrees>-2.5842394027858973</LongitudeDegrees>
            </Position>
            <AltitudeMeters>175.8000030517578</AltitudeMeters>
            <DistanceMeters>2624.2099609375</DistanceMeters>
            <HeartRateBpm>
              <Value>103</Value>
            </HeartRateBpm>
            <Extensions>
              <ns3:TPX>
                <ns3:Speed>1.8289999961853027</ns3:Speed>
                <ns3:RunCadence>60</ns3:RunCadence>
              </ns3:TPX>
            </Extensions>
          </Trackpoint>
          <Trackpoint>
            <Time>2025-07-08T14:30:24.000Z</Time>
            <Position>
              <LatitudeDegrees>43.123962096869946</LatitudeDegrees>
              <LongitudeDegrees>-2.5842496287077665</LongitudeDegrees>
            </Position>
            <AltitudeMeters>175.60000610351562</AltitudeMeters>
            <DistanceMeters>2629.7900390625</DistanceMeters>
            <HeartRateBpm>
              <Value>105</Value>
            </HeartRateBpm>
            <Extensions>
              <ns3:TPX>
                <ns3:Speed>1.847000002861023</ns3:Speed>
                <ns3:RunCadence>60</ns3:RunCadence>
              </ns3:TPX>
            </Extensions>
          </Trackpoint>
          <Trackpoint>
            <Time>2025-07-08T14:30:25.000Z</Time>
            <Position>
              <LatitudeDegrees>43.12397760339081</LatitudeDegrees>
              <LongitudeDegrees>-2.5842428393661976</LongitudeDegrees>
            </Position>
            <AltitudeMeters>175.60000610351562</AltitudeMeters>
            <DistanceMeters>2631.6298828125</DistanceMeters>
            <HeartRateBpm>
              <Value>106</Value>
            </HeartRateBpm>
            <Extensions>
              <ns3:TPX>
                <ns3:Speed>1.8289999961853027</ns3:Speed>
                <ns3:RunCadence>60</ns3:RunCadence>
              </ns3:TPX>
            </Extensions>
          </Trackpoint>
          <Trackpoint>
            <Time>2025-07-08T14:30:30.000Z</Time>
            <Position>
              <LatitudeDegrees>43.12404683791101</LatitudeDegrees>
              <LongitudeDegrees>-2.584240408614278</LongitudeDegrees>
            </Position>
            <AltitudeMeters>176.0</AltitudeMeters>
            <DistanceMeters>2640.169921875</DistanceMeters>
            <HeartRateBpm>
              <Value>107</Value>
            </HeartRateBpm>
            <Extensions>
              <ns3:TPX>
                <ns3:Speed>1.809999942779541</ns3:Speed>
                <ns3:RunCadence>59</ns3:RunCadence>
              </ns3:TPX>
            </Extensions>
          </Trackpoint>
          <Trackpoint>
            <Time>2025-07-08T14:30:33.000Z</Time>
            <Position>
              <LatitudeDegrees>43.12409779988229</LatitudeDegrees>
              <LongitudeDegrees>-2.5842587649822235</LongitudeDegrees>
            </Position>
            <AltitudeMeters>176.1999969482422</AltitudeMeters>
            <DistanceMeters>2645.5</DistanceMeters>
            <HeartRateBpm>
              <Value>104</Value>
            </HeartRateBpm>
            <Extensions>
              <ns3:TPX>
                <ns3:Speed>1.819000005722046</ns3:Speed>
                <ns3:RunCadence>59</ns3:RunCadence>
              </ns3:TPX>
            </Extensions>
          </Trackpoint>
          <Trackpoint>
            <Time>2025-07-08T14:30:39.000Z</Time>
            <Position>
              <LatitudeDegrees>43.124194191768765</LatitudeDegrees>
              <LongitudeDegrees>-2.5842956453561783</LongitudeDegrees>
            </Position>
            <AltitudeMeters>176.0</AltitudeMeters>
            <DistanceMeters>2655.9599609375</DistanceMeters>
            <HeartRateBpm>
              <Value>107</Value>
            </HeartRateBpm>
            <Extensions>
              <ns3:TPX>
                <ns3:Speed>1.7910000085830688</ns3:Speed>
                <ns3:RunCadence>60</ns3:RunCadence>
              </ns3:TPX>
            </Extensions>
          </Trackpoint>
          <Trackpoint>
            <Time>2025-07-08T14:30:43.000Z</Time>
            <Position>
              <LatitudeDegrees>43.1242614146322</LatitudeDegrees>
              <LongitudeDegrees>-2.5843053683638573</LongitudeDegrees>
            </Position>
            <AltitudeMeters>176.1999969482422</AltitudeMeters>
            <DistanceMeters>2663.1298828125</DistanceMeters>
            <HeartRateBpm>
              <Value>110</Value>
            </HeartRateBpm>
            <Extensions>
              <ns3:TPX>
                <ns3:Speed>1.781999945640564</ns3:Speed>
                <ns3:RunCadence>58</ns3:RunCadence>
              </ns3:TPX>
            </Extensions>
          </Trackpoint>
          <Trackpoint>
            <Time>2025-07-08T14:30:47.000Z</Time>
            <Position>
              <LatitudeDegrees>43.12432620674372</LatitudeDegrees>
              <LongitudeDegrees>-2.58430746383965</LongitudeDegrees>
            </Position>
            <AltitudeMeters>175.60000610351562</AltitudeMeters>
            <DistanceMeters>2670.219970703125</DistanceMeters>
            <HeartRateBpm>
              <Value>110</Value>
            </HeartRateBpm>
            <Extensions>
              <ns3:TPX>
                <ns3:Speed>1.781999945640564</ns3:Speed>
                <ns3:RunCadence>58</ns3:RunCadence>
              </ns3:TPX>
            </Extensions>
          </Trackpoint>
          <Trackpoint>
            <Time>2025-07-08T14:30:50.000Z</Time>
            <Position>
              <LatitudeDegrees>43.12437524087727</LatitudeDegrees>
              <LongitudeDegrees>-2.5843147560954094</LongitudeDegrees>
            </Position>
            <AltitudeMeters>175.39999389648438</AltitudeMeters>
            <DistanceMeters>2675.10009765625</DistanceMeters>
            <HeartRateBpm>
              <Value>107</Value>
            </HeartRateBpm>
            <Extensions>
              <ns3:TPX>
                <ns3:Speed>1.7730000019073486</ns3:Speed>
                <ns3:RunCadence>58</ns3:RunCadence>
              </ns3:TPX>
            </Extensions>
          </Trackpoint>
          <Trackpoint>
            <Time>2025-07-08T14:30:54.000Z</Time>
            <Position>
              <LatitudeDegrees>43.12444355338812</LatitudeDegrees>
              <LongitudeDegrees>-2.5843150075525045</LongitudeDegrees>
            </Position>
            <AltitudeMeters>175.1999969482422</AltitudeMeters>
            <DistanceMeters>2682.719970703125</DistanceMeters>
            <HeartRateBpm>
              <Value>104</Value>
            </HeartRateBpm>
            <Extensions>
              <ns3:TPX>
                <ns3:Speed>1.7910000085830688</ns3:Speed>
                <ns3:RunCadence>60</ns3:RunCadence>
              </ns3:TPX>
            </Extensions>
          </Trackpoint>
          <Trackpoint>
            <Time>2025-07-08T14:30:55.000Z</Time>
            <Position>
              <LatitudeDegrees>43.12445713207126</LatitudeDegrees>
              <LongitudeDegrees>-2.584310732781887</LongitudeDegrees>
            </Position>
            <AltitudeMeters>175.1999969482422</AltitudeMeters>
            <DistanceMeters>2684.18994140625</DistanceMeters>
            <HeartRateBpm>
              <Value>104</Value>
            </HeartRateBpm>
            <Extensions>
              <ns3:TPX>
                <ns3:Speed>1.7910000085830688</ns3:Speed>
                <ns3:RunCadence>60</ns3:RunCadence>
              </ns3:TPX>
            </Extensions>
          </Trackpoint>
          <Trackpoint>
            <Time>2025-07-08T14:30:59.000Z</Time>
            <Position>
              <LatitudeDegrees>43.12449845485389</LatitudeDegrees>
              <LongitudeDegrees>-2.5843023508787155</LongitudeDegrees>
            </Position>
            <AltitudeMeters>174.60000610351562</AltitudeMeters>
            <DistanceMeters>2689.27001953125</DistanceMeters>
            <HeartRateBpm>
              <Value>102</Value>
            </HeartRateBpm>
            <Extensions>
              <ns3:TPX>
                <ns3:Speed>1.753999948501587</ns3:Speed>
                <ns3:RunCadence>60</ns3:RunCadence>
              </ns3:TPX>
            </Extensions>
          </Trackpoint>
          <Trackpoint>
            <Time>2025-07-08T14:31:02.000Z</Time>
            <Position>
              <LatitudeDegrees>43.12453684397042</LatitudeDegrees>
              <LongitudeDegrees>-2.5843020156025887</LongitudeDegrees>
            </Position>
            <AltitudeMeters>174.60000610351562</AltitudeMeters>
            <DistanceMeters>2694.050048828125</DistanceMeters>
            <HeartRateBpm>
              <Value>104</Value>
            </HeartRateBpm>
            <Extensions>
              <ns3:TPX>
                <ns3:Speed>1.7450000047683716</ns3:Speed>
                <ns3:RunCadence>60</ns3:RunCadence>
              </ns3:TPX>
            </Extensions>
          </Trackpoint>
          <Trackpoint>
            <Time>2025-07-08T14:31:07.000Z</Time>
            <Position>
              <LatitudeDegrees>43.12460943125188</LatitudeDegrees>
              <LongitudeDegrees>-2.5843138340860605</LongitudeDegrees>
            </Position>
            <AltitudeMeters>174.8000030517578</AltitudeMeters>
            <DistanceMeters>2701.89990234375</DistanceMeters>
            <HeartRateBpm>
              <Value>107</Value>
            </HeartRateBpm>
            <Extensions>
              <ns3:TPX>
                <ns3:Speed>1.7079999446868896</ns3:Speed>
                <ns3:RunCadence>61</ns3:RunCadence>
              </ns3:TPX>
            </Extensions>
          </Trackpoint>
          <Trackpoint>
            <Time>2025-07-08T14:31:08.000Z</Time>
            <Position>
              <LatitudeDegrees>43.12462577596307</LatitudeDegrees>
              <LongitudeDegrees>-2.5843168515712023</LongitudeDegrees>
            </Position>
            <AltitudeMeters>174.8000030517578</AltitudeMeters>
            <DistanceMeters>2703.510009765625</DistanceMeters>
            <HeartRateBpm>
              <Value>107</Value>
            </HeartRateBpm>
            <Extensions>
              <ns3:TPX>
                <ns3:Speed>1.7079999446868896</ns3:Speed>
                <ns3:RunCadence>60</ns3:RunCadence>
              </ns3:TPX>
            </Extensions>
          </Trackpoint>
          <Trackpoint>
            <Time>2025-07-08T14:31:16.000Z</Time>
            <Position>
              <LatitudeDegrees>43.12476525083184</LatitudeDegrees>
              <LongitudeDegrees>-2.5843267422169447</LongitudeDegrees>
            </Position>
            <AltitudeMeters>174.60000610351562</AltitudeMeters>
            <DistanceMeters>2717.929931640625</DistanceMeters>
            <HeartRateBpm>
              <Value>107</Value>
            </HeartRateBpm>
            <Extensions>
              <ns3:TPX>
                <ns3:Speed>1.7359999418258667</ns3:Speed>
                <ns3:RunCadence>59</ns3:RunCadence>
              </ns3:TPX>
            </Extensions>
          </Trackpoint>
          <Trackpoint>
            <Time>2025-07-08T14:31:22.000Z</Time>
            <Position>
              <LatitudeDegrees>43.124865079298615</LatitudeDegrees>
              <LongitudeDegrees>-2.5843273289501667</LongitudeDegrees>
            </Position>
            <AltitudeMeters>174.60000610351562</AltitudeMeters>
            <DistanceMeters>2729.47998046875</DistanceMeters>
            <HeartRateBpm>
              <Value>106</Value>
            </HeartRateBpm>
            <Extensions>
              <ns3:TPX>
                <ns3:Speed>1.781999945640564</ns3:Speed>
                <ns3:RunCadence>59</ns3:RunCadence>
              </ns3:TPX>
            </Extensions>
          </Trackpoint>
          <Trackpoint>
            <Time>2025-07-08T14:31:25.000Z</Time>
            <Position>
              <LatitudeDegrees>43.124917298555374</LatitudeDegrees>
              <LongitudeDegrees>-2.584314253181219</LongitudeDegrees>
            </Position>
            <AltitudeMeters>174.39999389648438</AltitudeMeters>
            <DistanceMeters>2735.340087890625</DistanceMeters>
            <HeartRateBpm>
              <Value>103</Value>
            </HeartRateBpm>
            <Extensions>
              <ns3:TPX>
                <ns3:Speed>1.809999942779541</ns3:Speed>
                <ns3:RunCadence>60</ns3:RunCadence>
              </ns3:TPX>
            </Extensions>
          </Trackpoint>
          <Trackpoint>
            <Time>2025-07-08T14:31:27.000Z</Time>
            <Position>
              <LatitudeDegrees>43.12495267018676</LatitudeDegrees>
              <LongitudeDegrees>-2.584314001724124</LongitudeDegrees>
            </Position>
            <AltitudeMeters>174.1999969482422</AltitudeMeters>
            <DistanceMeters>2738.8798828125</DistanceMeters>
            <HeartRateBpm>
              <Value>105</Value>
            </HeartRateBpm>
            <Extensions>
              <ns3:TPX>
                <ns3:Speed>1.8009999990463257</ns3:Speed>
                <ns3:RunCadence>60</ns3:RunCadence>
              </ns3:TPX>
            </Extensions>
          </Trackpoint>
          <Trackpoint>
            <Time>2025-07-08T14:31:28.000Z</Time>
            <Position>
              <LatitudeDegrees>43.12496926635504</LatitudeDegrees>
              <LongitudeDegrees>-2.584316097199917</LongitudeDegrees>
            </Position>
            <AltitudeMeters>174.1999969482422</AltitudeMeters>
            <DistanceMeters>2740.820068359375</DistanceMeters>
            <HeartRateBpm>
              <Value>102</Value>
            </HeartRateBpm>
            <Extensions>
              <ns3:TPX>
                <ns3:Speed>1.8009999990463257</ns3:Speed>
                <ns3:RunCadence>60</ns3:RunCadence>
              </ns3:TPX>
            </Extensions>
          </Trackpoint>
          <Trackpoint>
            <Time>2025-07-08T14:31:34.000Z</Time>
            <Position>
              <LatitudeDegrees>43.12506867572665</LatitudeDegrees>
              <LongitudeDegrees>-2.5843155942857265</LongitudeDegrees>
            </Position>
            <AltitudeMeters>173.8000030517578</AltitudeMeters>
            <DistanceMeters>2752.02001953125</DistanceMeters>
            <HeartRateBpm>
              <Value>103</Value>
            </HeartRateBpm>
            <Extensions>
              <ns3:TPX>
                <ns3:Speed>1.819000005722046</ns3:Speed>
                <ns3:RunCadence>60</ns3:RunCadence>
              </ns3:TPX>
            </Extensions>
          </Trackpoint>
          <Trackpoint>
            <Time>2025-07-08T14:31:37.000Z</Time>
            <Position>
              <LatitudeDegrees>43.12512047588825</LatitudeDegrees>
              <LongitudeDegrees>-2.584313750267029</LongitudeDegrees>
            </Position>
            <AltitudeMeters>173.60000610351562</AltitudeMeters>
            <DistanceMeters>2757.60009765625</DistanceMeters>
            <HeartRateBpm>
              <Value>103</Value>
            </HeartRateBpm>
            <Extensions>
              <ns3:TPX>
                <ns3:Speed>1.819000005722046</ns3:Speed>
                <ns3:RunCadence>59</ns3:RunCadence>
              </ns3:TPX>
            </Extensions>
          </Trackpoint>
          <Trackpoint>
            <Time>2025-07-08T14:31:41.000Z</Time>
            <Position>
              <LatitudeDegrees>43.12519214116037</LatitudeDegrees>
              <LongitudeDegrees>-2.584293046966195</LongitudeDegrees>
            </Position>
            <AltitudeMeters>173.60000610351562</AltitudeMeters>
            <DistanceMeters>2765.06005859375</DistanceMeters>
            <HeartRateBpm>
              <Value>102</Value>
            </HeartRateBpm>
            <Extensions>
              <ns3:TPX>
                <ns3:Speed>1.819000005722046</ns3:Speed>
                <ns3:RunCadence>60</ns3:RunCadence>
              </ns3:TPX>
            </Extensions>
          </Trackpoint>
          <Trackpoint>
            <Time>2025-07-08T14:31:49.000Z</Time>
            <Position>
              <LatitudeDegrees>43.12531418167055</LatitudeDegrees>
              <LongitudeDegrees>-2.5842717569321394</LongitudeDegrees>
            </Position>
            <AltitudeMeters>173.39999389648438</AltitudeMeters>
            <DistanceMeters>2780.199951171875</DistanceMeters>
            <HeartRateBpm>
              <Value>101</Value>
            </HeartRateBpm>
            <Extensions>
              <ns3:TPX>
                <ns3:Speed>1.819000005722046</ns3:Speed>
                <ns3:RunCadence>58</ns3:RunCadence>
              </ns3:TPX>
            </Extensions>
          </Trackpoint>
          <Trackpoint>
            <Time>2025-07-08T14:31:57.000Z</Time>
            <Position>
              <LatitudeDegrees>43.12543689273298</LatitudeDegrees>
              <LongitudeDegrees>-2.5842301826924086</LongitudeDegrees>
            </Position>
            <AltitudeMeters>173.39999389648438</AltitudeMeters>
            <DistanceMeters>2793.949951171875</DistanceMeters>
            <HeartRateBpm>
              <Value>103</Value>
            </HeartRateBpm>
            <Extensions>
              <ns3:TPX>
                <ns3:Speed>1.781999945640564</ns3:Speed>
                <ns3:RunCadence>61</ns3:RunCadence>
              </ns3:TPX>
            </Extensions>
          </Trackpoint>
          <Trackpoint>
            <Time>2025-07-08T14:32:00.000Z</Time>
            <Position>
              <LatitudeDegrees>43.1254945602268</LatitudeDegrees>
              <LongitudeDegrees>-2.5842301826924086</LongitudeDegrees>
            </Position>
            <AltitudeMeters>173.39999389648438</AltitudeMeters>
            <DistanceMeters>2800.2099609375</DistanceMeters>
            <HeartRateBpm>
              <Value>100</Value>
            </HeartRateBpm>
            <Extensions>
              <ns3:TPX>
                <ns3:Speed>1.8009999990463257</ns3:Speed>
                <ns3:RunCadence>59</ns3:RunCadence>
              </ns3:TPX>
            </Extensions>
          </Trackpoint>
          <Trackpoint>
            <Time>2025-07-08T14:32:02.000Z</Time>
            <Position>
              <LatitudeDegrees>43.125527165830135</LatitudeDegrees>
              <LongitudeDegrees>-2.5842376425862312</LongitudeDegrees>
            </Position>
            <AltitudeMeters>173.39999389648438</AltitudeMeters>
            <DistanceMeters>2803.7900390625</DistanceMeters>
            <HeartRateBpm>
              <Value>99</Value>
            </HeartRateBpm>
            <Extensions>
              <ns3:TPX>
                <ns3:Speed>1.809999942779541</ns3:Speed>
                <ns3:RunCadence>59</ns3:RunCadence>
              </ns3:TPX>
            </Extensions>
          </Trackpoint>
          <Trackpoint>
            <Time>2025-07-08T14:32:07.000Z</Time>
            <Position>
              <LatitudeDegrees>43.125607799738646</LatitudeDegrees>
              <LongitudeDegrees>-2.584196738898754</LongitudeDegrees>
            </Position>
            <AltitudeMeters>173.39999389648438</AltitudeMeters>
            <DistanceMeters>2813.72998046875</DistanceMeters>
            <HeartRateBpm>
              <Value>102</Value>
            </HeartRateBpm>
            <Extensions>
              <ns3:TPX>
                <ns3:Speed>1.8289999961853027</ns3:Speed>
                <ns3:RunCadence>119</ns3:RunCadence>
              </ns3:TPX>
            </Extensions>
          </Trackpoint>
          <Trackpoint>
            <Time>2025-07-08T14:32:08.000Z</Time>
            <Position>
              <LatitudeDegrees>43.12562079168856</LatitudeDegrees>
              <LongitudeDegrees>-2.584192380309105</LongitudeDegrees>
            </Position>
            <AltitudeMeters>173.39999389648438</AltitudeMeters>
            <DistanceMeters>2815.699951171875</DistanceMeters>
            <HeartRateBpm>
              <Value>102</Value>
            </HeartRateBpm>
            <Extensions>
              <ns3:TPX>
                <ns3:Speed>1.847000002861023</ns3:Speed>
                <ns3:RunCadence>119</ns3:RunCadence>
              </ns3:TPX>
            </Extensions>
          </Trackpoint>
          <Trackpoint>
            <Time>2025-07-08T14:32:15.000Z</Time>
            <Position>
              <LatitudeDegrees>43.12570980750024</LatitudeDegrees>
              <LongitudeDegrees>-2.5841249898076057</LongitudeDegrees>
            </Position>
            <AltitudeMeters>173.39999389648438</AltitudeMeters>
            <DistanceMeters>2826.31005859375</DistanceMeters>
            <HeartRateBpm>
              <Value>101</Value>
            </HeartRateBpm>
            <Extensions>
              <ns3:TPX>
                <ns3:Speed>1.8289999961853027</ns3:Speed>
                <ns3:RunCadence>60</ns3:RunCadence>
              </ns3:TPX>
            </Extensions>
          </Trackpoint>
          <Trackpoint>
            <Time>2025-07-08T14:32:17.000Z</Time>
            <Position>
              <LatitudeDegrees>43.12574182637036</LatitudeDegrees>
              <LongitudeDegrees>-2.5840946473181248</LongitudeDegrees>
            </Position>
            <AltitudeMeters>173.1999969482422</AltitudeMeters>
            <DistanceMeters>2829.7900390625</DistanceMeters>
            <HeartRateBpm>
              <Value>98</Value>
            </HeartRateBpm>
            <Extensions>
              <ns3:TPX>
                <ns3:Speed>1.809999942779541</ns3:Speed>
                <ns3:RunCadence>60</ns3:RunCadence>
              </ns3:TPX>
            </Extensions>
          </Trackpoint>
          <Trackpoint>
            <Time>2025-07-08T14:32:18.000Z</Time>
            <Position>
              <LatitudeDegrees>43.125757332891226</LatitudeDegrees>
              <LongitudeDegrees>-2.584077548235655</LongitudeDegrees>
            </Position>
            <AltitudeMeters>173.1999969482422</AltitudeMeters>
            <DistanceMeters>2831.6201171875</DistanceMeters>
            <HeartRateBpm>
              <Value>103</Value>
            </HeartRateBpm>
            <Extensions>
              <ns3:TPX>
                <ns3:Speed>1.8009999990463257</ns3:Speed>
                <ns3:RunCadence>60</ns3:RunCadence>
              </ns3:TPX>
            </Extensions>
          </Trackpoint>
          <Trackpoint>
            <Time>2025-07-08T14:32:22.000Z</Time>
            <Position>
              <LatitudeDegrees>43.12582832761109</LatitudeDegrees>
              <LongitudeDegrees>-2.584020970389247</LongitudeDegrees>
            </Position>
            <AltitudeMeters>172.8000030517578</AltitudeMeters>
            <DistanceMeters>2841.080078125</DistanceMeters>
            <HeartRateBpm>
              <Value>102</Value>
            </HeartRateBpm>
            <Extensions>
              <ns3:TPX>
                <ns3:Speed>1.8289999961853027</ns3:Speed>
                <ns3:RunCadence>59</ns3:RunCadence>
              </ns3:TPX>
            </Extensions>
          </Trackpoint>
          <Trackpoint>
            <Time>2025-07-08T14:32:25.000Z</Time>
            <Position>
              <LatitudeDegrees>43.125887755304575</LatitudeDegrees>
              <LongitudeDegrees>-2.583995321765542</LongitudeDegrees>
            </Position>
            <AltitudeMeters>172.39999389648438</AltitudeMeters>
            <DistanceMeters>2846.969970703125</DistanceMeters>
            <HeartRateBpm>
              <Value>102</Value>
            </HeartRateBpm>
            <Extensions>
              <ns3:TPX>
                <ns3:Speed>1.8380000591278076</ns3:Speed>
                <ns3:RunCadence>60</ns3:RunCadence>
              </ns3:TPX>
            </Extensions>
          </Trackpoint>
          <Trackpoint>
            <Time>2025-07-08T14:32:29.000Z</Time>
            <Position>
              <LatitudeDegrees>43.125960007309914</LatitudeDegrees>
              <LongitudeDegrees>-2.583952657878399</LongitudeDegrees>
            </Position>
            <AltitudeMeters>172.39999389648438</AltitudeMeters>
            <DistanceMeters>2854.800048828125</DistanceMeters>
            <HeartRateBpm>
              <Value>105</Value>
            </HeartRateBpm>
            <Extensions>
              <ns3:TPX>
                <ns3:Speed>1.847000002861023</ns3:Speed>
                <ns3:RunCadence>58</ns3:RunCadence>
              </ns3:TPX>
            </Extensions>
          </Trackpoint>
          <Trackpoint>
            <Time>2025-07-08T14:32:35.000Z</Time>
            <Position>
              <LatitudeDegrees>43.12604726292193</LatitudeDegrees>
              <LongitudeDegrees>-2.5839182920753956</LongitudeDegrees>
            </Position>
            <AltitudeMeters>172.1999969482422</AltitudeMeters>
            <DistanceMeters>2866.699951171875</DistanceMeters>
            <HeartRateBpm>
              <Value>101</Value>
            </HeartRateBpm>
            <Extensions>
              <ns3:TPX>
                <ns3:Speed>1.8569999933242798</ns3:Speed>
                <ns3:RunCadence>60</ns3:RunCadence>
              </ns3:TPX>
            </Extensions>
          </Trackpoint>
          <Trackpoint>
            <Time>2025-07-08T14:32:36.000Z</Time>
            <Position>
              <LatitudeDegrees>43.12606209889054</LatitudeDegrees>
              <LongitudeDegrees>-2.5839076470583677</LongitudeDegrees>
            </Position>
            <AltitudeMeters>172.1999969482422</AltitudeMeters>
            <DistanceMeters>2868.0400390625</DistanceMeters>
            <HeartRateBpm>
              <Value>102</Value>
            </HeartRateBpm>
            <Extensions>
              <ns3:TPX>
                <ns3:Speed>1.8569999933242798</ns3:Speed>
                <ns3:RunCadence>60</ns3:RunCadence>
              </ns3:TPX>
            </Extensions>
          </Trackpoint>
          <Trackpoint>
            <Time>2025-07-08T14:32:42.000Z</Time>
            <Position>
              <LatitudeDegrees>43.126135440543294</LatitudeDegrees>
              <LongitudeDegrees>-2.5838913023471832</LongitudeDegrees>
            </Position>
            <AltitudeMeters>171.60000610351562</AltitudeMeters>
            <DistanceMeters>2877.969970703125</DistanceMeters>
            <HeartRateBpm>
              <Value>101</Value>
            </HeartRateBpm>
            <Extensions>
              <ns3:TPX>
                <ns3:Speed>1.809999942779541</ns3:Speed>
                <ns3:RunCadence>60</ns3:RunCadence>
              </ns3:TPX>
            </Extensions>
          </Trackpoint>
          <Trackpoint>
            <Time>2025-07-08T14:32:44.000Z</Time>
            <Position>
              <LatitudeDegrees>43.1261542160064</LatitudeDegrees>
              <LongitudeDegrees>-2.5838818307965994</LongitudeDegrees>
            </Position>
            <AltitudeMeters>171.39999389648438</AltitudeMeters>
            <DistanceMeters>2880.330078125</DistanceMeters>
            <HeartRateBpm>
              <Value>99</Value>
            </HeartRateBpm>
            <Extensions>
              <ns3:TPX>
                <ns3:Speed>1.7730000019073486</ns3:Speed>
                <ns3:RunCadence>60</ns3:RunCadence>
              </ns3:TPX>
            </Extensions>
          </Trackpoint>
          <Trackpoint>
            <Time>2025-07-08T14:32:47.000Z</Time>
            <Position>
              <LatitudeDegrees>43.126187743619084</LatitudeDegrees>
              <LongitudeDegrees>-2.583858445286751</LongitudeDegrees>
            </Position>
            <AltitudeMeters>171.1999969482422</AltitudeMeters>
            <DistanceMeters>2884.669921875</DistanceMeters>
            <HeartRateBpm>
              <Value>97</Value>
            </HeartRateBpm>
            <Extensions>
              <ns3:TPX>
                <ns3:Speed>1.7640000581741333</ns3:Speed>
                <ns3:RunCadence>60</ns3:RunCadence>
              </ns3:TPX>
            </Extensions>
          </Trackpoint>
          <Trackpoint>
            <Time>2025-07-08T14:32:52.000Z</Time>
            <Position>
              <LatitudeDegrees>43.12626577913761</LatitudeDegrees>
              <LongitudeDegrees>-2.5837934017181396</LongitudeDegrees>
            </Position>
            <AltitudeMeters>171.0</AltitudeMeters>
            <DistanceMeters>2893.27001953125</DistanceMeters>
            <HeartRateBpm>
              <Value>100</Value>
            </HeartRateBpm>
            <Extensions>
              <ns3:TPX>
                <ns3:Speed>1.7170000076293945</ns3:Speed>
                <ns3:RunCadence>60</ns3:RunCadence>
              </ns3:TPX>
            </Extensions>
          </Trackpoint>
          <Trackpoint>
            <Time>2025-07-08T14:32:54.000Z</Time>
            <Position>
              <LatitudeDegrees>43.12629897147417</LatitudeDegrees>
              <LongitudeDegrees>-2.5837775599211454</LongitudeDegrees>
            </Position>
            <AltitudeMeters>171.1999969482422</AltitudeMeters>
            <DistanceMeters>2897.219970703125</DistanceMeters>
            <HeartRateBpm>
              <Value>99</Value>
            </HeartRateBpm>
            <Extensions>
              <ns3:TPX>
                <ns3:Speed>1.7259999513626099</ns3:Speed>
                <ns3:RunCadence>61</ns3:RunCadence>
              </ns3:TPX>
            </Extensions>
          </Trackpoint>
          <Trackpoint>
            <Time>2025-07-08T14:33:00.000Z</Time>
            <Position>
              <LatitudeDegrees>43.12637457624078</LatitudeDegrees>
              <LongitudeDegrees>-2.5837001111358404</LongitudeDegrees>
            </Position>
            <AltitudeMeters>171.1999969482422</AltitudeMeters>
            <DistanceMeters>2906.989990234375</DistanceMeters>
            <HeartRateBpm>
              <Value>97</Value>
            </HeartRateBpm>
            <Extensions>
              <ns3:TPX>
                <ns3:Speed>1.6890000104904175</ns3:Speed>
                <ns3:RunCadence>60</ns3:RunCadence>
              </ns3:TPX>
            </Extensions>
          </Trackpoint>
          <Trackpoint>
            <Time>2025-07-08T14:33:02.000Z</Time>
            <Position>
              <LatitudeDegrees>43.12639142386615</LatitudeDegrees>
              <LongitudeDegrees>-2.5836809165775776</LongitudeDegrees>
            </Position>
            <AltitudeMeters>171.1999969482422</AltitudeMeters>
            <DistanceMeters>2909.22998046875</DistanceMeters>
            <HeartRateBpm>
              <Value>99</Value>
            </HeartRateBpm>
            <Extensions>
              <ns3:TPX>
                <ns3:Speed>1.5299999713897705</ns3:Speed>
                <ns3:RunCadence>59</ns3:RunCadence>
              </ns3:TPX>
            </Extensions>
          </Trackpoint>
          <Trackpoint>
            <Time>2025-07-08T14:33:05.000Z</Time>
            <Position>
              <LatitudeDegrees>43.12641623429954</LatitudeDegrees>
              <LongitudeDegrees>-2.583658117800951</LongitudeDegrees>
            </Position>
            <AltitudeMeters>171.1999969482422</AltitudeMeters>
            <DistanceMeters>2914.72998046875</DistanceMeters>
            <HeartRateBpm>
              <Value>102</Value>
            </HeartRateBpm>
            <Extensions>
              <ns3:TPX>
                <ns3:Speed>1.4559999704360962</ns3:Speed>
                <ns3:RunCadence>61</ns3:RunCadence>
              </ns3:TPX>
            </Extensions>
          </Trackpoint>
          <Trackpoint>
            <Time>2025-07-08T14:33:07.000Z</Time>
            <Position>
              <LatitudeDegrees>43.12644733116031</LatitudeDegrees>
              <LongitudeDegrees>-2.5836293678730726</LongitudeDegrees>
            </Position>
            <AltitudeMeters>171.1999969482422</AltitudeMeters>
            <DistanceMeters>2918.2900390625</DistanceMeters>
            <HeartRateBpm>
              <Value>99</Value>
            </HeartRateBpm>
            <Extensions>
              <ns3:TPX>
                <ns3:Speed>1.4839999675750732</ns3:Speed>
                <ns3:RunCadence>61</ns3:RunCadence>
              </ns3:TPX>
            </Extensions>
          </Trackpoint>
          <Trackpoint>
            <Time>2025-07-08T14:33:13.000Z</Time>
            <Position>
              <LatitudeDegrees>43.12654338777065</LatitudeDegrees>
              <LongitudeDegrees>-2.583586787804961</LongitudeDegrees>
            </Position>
            <AltitudeMeters>171.1999969482422</AltitudeMeters>
            <DistanceMeters>2926.260009765625</DistanceMeters>
            <HeartRateBpm>
              <Value>97</Value>
            </HeartRateBpm>
            <Extensions>
              <ns3:TPX>
                <ns3:Speed>1.437000036239624</ns3:Speed>
                <ns3:RunCadence>61</ns3:RunCadence>
              </ns3:TPX>
            </Extensions>
          </Trackpoint>
          <Trackpoint>
            <Time>2025-07-08T14:33:15.000Z</Time>
            <Position>
              <LatitudeDegrees>43.12657859176397</LatitudeDegrees>
              <LongitudeDegrees>-2.5835776515305042</LongitudeDegrees>
            </Position>
            <AltitudeMeters>171.1999969482422</AltitudeMeters>
            <DistanceMeters>2929.199951171875</DistanceMeters>
            <HeartRateBpm>
              <Value>100</Value>
            </HeartRateBpm>
            <Extensions>
              <ns3:TPX>
                <ns3:Speed>1.399999976158142</ns3:Speed>
                <ns3:RunCadence>60</ns3:RunCadence>
              </ns3:TPX>
            </Extensions>
          </Trackpoint>
          <Trackpoint>
            <Time>2025-07-08T14:33:16.000Z</Time>
            <Position>
              <LatitudeDegrees>43.12659904360771</LatitudeDegrees>
              <LongitudeDegrees>-2.5835702754557133</LongitudeDegrees>
            </Position>
            <AltitudeMeters>171.1999969482422</AltitudeMeters>
            <DistanceMeters>2930.97998046875</DistanceMeters>
            <HeartRateBpm>
              <Value>99</Value>
            </HeartRateBpm>
            <Extensions>
              <ns3:TPX>
                <ns3:Speed>1.38100004196167</ns3:Speed>
                <ns3:RunCadence>60</ns3:RunCadence>
              </ns3:TPX>
            </Extensions>
          </Trackpoint>
          <Trackpoint>
            <Time>2025-07-08T14:33:18.000Z</Time>
            <Position>
              <LatitudeDegrees>43.12663592398167</LatitudeDegrees>
              <LongitudeDegrees>-2.583561474457383</LongitudeDegrees>
            </Position>
            <AltitudeMeters>171.1999969482422</AltitudeMeters>
            <DistanceMeters>2933.5400390625</DistanceMeters>
            <HeartRateBpm>
              <Value>102</Value>
            </HeartRateBpm>
            <Extensions>
              <ns3:TPX>
                <ns3:Speed>1.3619999885559082</ns3:Speed>
                <ns3:RunCadence>60</ns3:RunCadence>
              </ns3:TPX>
            </Extensions>
          </Trackpoint>
          <Trackpoint>
            <Time>2025-07-08T14:33:19.000Z</Time>
            <Position>
              <LatitudeDegrees>43.12664883211255</LatitudeDegrees>
              <LongitudeDegrees>-2.5835534278303385</LongitudeDegrees>
            </Position>
            <AltitudeMeters>171.1999969482422</AltitudeMeters>
            <DistanceMeters>2934.699951171875</DistanceMeters>
            <HeartRateBpm>
              <Value>102</Value>
            </HeartRateBpm>
            <Extensions>
              <ns3:TPX>
                <ns3:Speed>1.3530000448226929</ns3:Speed>
                <ns3:RunCadence>60</ns3:RunCadence>
              </ns3:TPX>
            </Extensions>
          </Trackpoint>
          <Trackpoint>
            <Time>2025-07-08T14:33:21.000Z</Time>
            <Position>
              <LatitudeDegrees>43.12667188234627</LatitudeDegrees>
              <LongitudeDegrees>-2.583538508042693</LongitudeDegrees>
            </Position>
            <AltitudeMeters>171.39999389648438</AltitudeMeters>
            <DistanceMeters>2937.14990234375</DistanceMeters>
            <HeartRateBpm>
              <Value>103</Value>
            </HeartRateBpm>
            <Extensions>
              <ns3:TPX>
                <ns3:Speed>1.3250000476837158</ns3:Speed>
                <ns3:RunCadence>60</ns3:RunCadence>
              </ns3:TPX>
            </Extensions>
          </Trackpoint>
          <Trackpoint>
            <Time>2025-07-08T14:33:23.000Z</Time>
            <Position>
              <LatitudeDegrees>43.12670071609318</LatitudeDegrees>
              <LongitudeDegrees>-2.583531131967902</LongitudeDegrees>
            </Position>
            <AltitudeMeters>171.39999389648438</AltitudeMeters>
            <DistanceMeters>2940.5</DistanceMeters>
            <HeartRateBpm>
              <Value>104</Value>
            </HeartRateBpm>
            <Extensions>
              <ns3:TPX>
                <ns3:Speed>1.3250000476837158</ns3:Speed>
                <ns3:RunCadence>60</ns3:RunCadence>
              </ns3:TPX>
            </Extensions>
          </Trackpoint>
          <Trackpoint>
            <Time>2025-07-08T14:33:29.000Z</Time>
            <Position>
              <LatitudeDegrees>43.12678210437298</LatitudeDegrees>
              <LongitudeDegrees>-2.583509087562561</LongitudeDegrees>
            </Position>
            <AltitudeMeters>170.8000030517578</AltitudeMeters>
            <DistanceMeters>2952.340087890625</DistanceMeters>
            <HeartRateBpm>
              <Value>105</Value>
            </HeartRateBpm>
            <Extensions>
              <ns3:TPX>
                <ns3:Speed>1.371999979019165</ns3:Speed>
                <ns3:RunCadence>61</ns3:RunCadence>
              </ns3:TPX>
            </Extensions>
          </Trackpoint>
          <Trackpoint>
            <Time>2025-07-08T14:33:32.000Z</Time>
            <Position>
              <LatitudeDegrees>43.126824935898185</LatitudeDegrees>
              <LongitudeDegrees>-2.5834862049669027</LongitudeDegrees>
            </Position>
            <AltitudeMeters>170.39999389648438</AltitudeMeters>
            <DistanceMeters>2957.2099609375</DistanceMeters>
            <HeartRateBpm>
              <Value>105</Value>
            </HeartRateBpm>
            <Extensions>
              <ns3:TPX>
                <ns3:Speed>1.371999979019165</ns3:Speed>
                <ns3:RunCadence>61</ns3:RunCadence>
              </ns3:TPX>
            </Extensions>
          </Trackpoint>
          <Trackpoint>
            <Time>2025-07-08T14:33:38.000Z</Time>
            <Position>
              <LatitudeDegrees>43.126923674717546</LatitudeDegrees>
              <LongitudeDegrees>-2.583441361784935</LongitudeDegrees>
            </Position>
            <AltitudeMeters>170.60000610351562</AltitudeMeters>
            <DistanceMeters>2971.030029296875</DistanceMeters>
            <HeartRateBpm>
              <Value>103</Value>
            </HeartRateBpm>
            <Extensions>
              <ns3:TPX>
                <ns3:Speed>1.399999976158142</ns3:Speed>
                <ns3:RunCadence>61</ns3:RunCadence>
              </ns3:TPX>
            </Extensions>
          </Trackpoint>
          <Trackpoint>
            <Time>2025-07-08T14:33:44.000Z</Time>
            <Position>
              <LatitudeDegrees>43.127014031633735</LatitudeDegrees>
              <LongitudeDegrees>-2.583452509716153</LongitudeDegrees>
            </Position>
            <AltitudeMeters>170.1999969482422</AltitudeMeters>
            <DistanceMeters>2981.070068359375</DistanceMeters>
            <HeartRateBpm>
              <Value>103</Value>
            </HeartRateBpm>
            <Extensions>
              <ns3:TPX>
                <ns3:Speed>1.465000033378601</ns3:Speed>
                <ns3:RunCadence>60</ns3:RunCadence>
              </ns3:TPX>
            </Extensions>
          </Trackpoint>
          <Trackpoint>
            <Time>2025-07-08T14:33:50.000Z</Time>
            <Position>
              <LatitudeDegrees>43.127138670533895</LatitudeDegrees>
              <LongitudeDegrees>-2.583357375115156</LongitudeDegrees>
            </Position>
            <AltitudeMeters>169.8000030517578</AltitudeMeters>
            <DistanceMeters>2996.469970703125</DistanceMeters>
            <HeartRateBpm>
              <Value>102</Value>
            </HeartRateBpm>
            <Extensions>
              <ns3:TPX>
                <ns3:Speed>1.7359999418258667</ns3:Speed>
                <ns3:RunCadence>59</ns3:RunCadence>
              </ns3:TPX>
            </Extensions>
          </Trackpoint>
          <Trackpoint>
            <Time>2025-07-08T14:33:57.000Z</Time>
            <Position>
              <LatitudeDegrees>43.12726699747145</LatitudeDegrees>
              <LongitudeDegrees>-2.583299372345209</LongitudeDegrees>
            </Position>
            <AltitudeMeters>170.1999969482422</AltitudeMeters>
            <DistanceMeters>3014.43994140625</DistanceMeters>
            <HeartRateBpm>
              <Value>103</Value>
            </HeartRateBpm>
            <Extensions>
              <ns3:TPX>
                <ns3:Speed>1.902999997138977</ns3:Speed>
                <ns3:RunCadence>60</ns3:RunCadence>
              </ns3:TPX>
            </Extensions>
          </Trackpoint>
          <Trackpoint>
            <Time>2025-07-08T14:34:04.000Z</Time>
            <Position>
              <LatitudeDegrees>43.12737403437495</LatitudeDegrees>
              <LongitudeDegrees>-2.583261402323842</LongitudeDegrees>
            </Position>
            <AltitudeMeters>170.1999969482422</AltitudeMeters>
            <DistanceMeters>3025.110107421875</DistanceMeters>
            <HeartRateBpm>
              <Value>104</Value>
            </HeartRateBpm>
            <Extensions>
              <ns3:TPX>
                <ns3:Speed>1.7259999513626099</ns3:Speed>
                <ns3:RunCadence>60</ns3:RunCadence>
              </ns3:TPX>
            </Extensions>
          </Trackpoint>
          <Trackpoint>
            <Time>2025-07-08T14:34:09.000Z</Time>
            <Position>
              <LatitudeDegrees>43.127458272501826</LatitudeDegrees>
              <LongitudeDegrees>-2.5832427106797695</LongitudeDegrees>
            </Position>
            <AltitudeMeters>169.8000030517578</AltitudeMeters>
            <DistanceMeters>3036.280029296875</DistanceMeters>
            <HeartRateBpm>
              <Value>104</Value>
            </HeartRateBpm>
            <Extensions>
              <ns3:TPX>
                <ns3:Speed>1.8940000534057617</ns3:Speed>
                <ns3:RunCadence>61</ns3:RunCadence>
              </ns3:TPX>
            </Extensions>
          </Trackpoint>
          <Trackpoint>
            <Time>2025-07-08T14:34:14.000Z</Time>
            <Position>
              <LatitudeDegrees>43.127540247514844</LatitudeDegrees>
              <LongitudeDegrees>-2.5832239352166653</LongitudeDegrees>
            </Position>
            <AltitudeMeters>169.8000030517578</AltitudeMeters>
            <DistanceMeters>3046.0</DistanceMeters>
            <HeartRateBpm>
              <Value>104</Value>
            </HeartRateBpm>
            <Extensions>
              <ns3:TPX>
                <ns3:Speed>1.875</ns3:Speed>
                <ns3:RunCadence>60</ns3:RunCadence>
              </ns3:TPX>
            </Extensions>
          </Trackpoint>
          <Trackpoint>
            <Time>2025-07-08T14:34:22.000Z</Time>
            <Position>
              <LatitudeDegrees>43.12768894247711</LatitudeDegrees>
              <LongitudeDegrees>-2.5832136254757643</LongitudeDegrees>
            </Position>
            <AltitudeMeters>169.39999389648438</AltitudeMeters>
            <DistanceMeters>3061.31005859375</DistanceMeters>
            <HeartRateBpm>
              <Value>100</Value>
            </HeartRateBpm>
            <Extensions>
              <ns3:TPX>
                <ns3:Speed>1.8660000562667847</ns3:Speed>
                <ns3:RunCadence>60</ns3:RunCadence>
              </ns3:TPX>
            </Extensions>
          </Trackpoint>
          <Trackpoint>
            <Time>2025-07-08T14:34:24.000Z</Time>
            <Position>
              <LatitudeDegrees>43.12772280536592</LatitudeDegrees>
              <LongitudeDegrees>-2.5832153856754303</LongitudeDegrees>
            </Position>
            <AltitudeMeters>169.39999389648438</AltitudeMeters>
            <DistanceMeters>3065.590087890625</DistanceMeters>
            <HeartRateBpm>
              <Value>104</Value>
            </HeartRateBpm>
            <Extensions>
              <ns3:TPX>
                <ns3:Speed>1.875</ns3:Speed>
                <ns3:RunCadence>61</ns3:RunCadence>
              </ns3:TPX>
            </Extensions>
          </Trackpoint>
          <Trackpoint>
            <Time>2025-07-08T14:34:30.000Z</Time>
            <Position>
              <LatitudeDegrees>43.12782573513687</LatitudeDegrees>
              <LongitudeDegrees>-2.583188731223345</LongitudeDegrees>
            </Position>
            <AltitudeMeters>168.8000030517578</AltitudeMeters>
            <DistanceMeters>3078.360107421875</DistanceMeters>
            <HeartRateBpm>
              <Value>105</Value>
            </HeartRateBpm>
            <Extensions>
              <ns3:TPX>
                <ns3:Speed>1.930999994277954</ns3:Speed>
                <ns3:RunCadence>61</ns3:RunCadence>
              </ns3:TPX>
            </Extensions>
          </Trackpoint>
          <Trackpoint>
            <Time>2025-07-08T14:34:38.000Z</Time>
            <Position>
              <LatitudeDegrees>43.12795146368444</LatitudeDegrees>
              <LongitudeDegrees>-2.583192838355899</LongitudeDegrees>
            </Position>
            <AltitudeMeters>168.60000610351562</AltitudeMeters>
            <DistanceMeters>3092.739990234375</DistanceMeters>
            <HeartRateBpm>
              <Value>106</Value>
            </HeartRateBpm>
            <Extensions>
              <ns3:TPX>
                <ns3:Speed>1.9220000505447388</ns3:Speed>
                <ns3:RunCadence>61</ns3:RunCadence>
              </ns3:TPX>
            </Extensions>
          </Trackpoint>
          <Trackpoint>
            <Time>2025-07-08T14:34:45.000Z</Time>
            <Position>
              <LatitudeDegrees>43.128048023208976</LatitudeDegrees>
              <LongitudeDegrees>-2.5831776671111584</LongitudeDegrees>
            </Position>
            <AltitudeMeters>168.60000610351562</AltitudeMeters>
            <DistanceMeters>3104.72998046875</DistanceMeters>
            <HeartRateBpm>
              <Value>105</Value>
            </HeartRateBpm>
            <Extensions>
              <ns3:TPX>
                <ns3:Speed>1.8940000534057617</ns3:Speed>
                <ns3:RunCadence>60</ns3:RunCadence>
              </ns3:TPX>
            </Extensions>
          </Trackpoint>
          <Trackpoint>
            <Time>2025-07-08T14:34:52.000Z</Time>
            <Position>
              <LatitudeDegrees>43.12816319055855</LatitudeDegrees>
              <LongitudeDegrees>-2.5831729732453823</LongitudeDegrees>
            </Position>
            <AltitudeMeters>169.0</AltitudeMeters>
            <DistanceMeters>3117.409912109375</DistanceMeters>
            <HeartRateBpm>
              <Value>103</Value>
            </HeartRateBpm>
            <Extensions>
              <ns3:TPX>
                <ns3:Speed>1.8940000534057617</ns3:Speed>
                <ns3:RunCadence>58</ns3:RunCadence>
              </ns3:TPX>
            </Extensions>
          </Trackpoint>
          <Trackpoint>
            <Time>2025-07-08T14:35:00.000Z</Time>
            <Position>
              <LatitudeDegrees>43.12830149196088</LatitudeDegrees>
              <LongitudeDegrees>-2.5830984581261873</LongitudeDegrees>
            </Position>
            <AltitudeMeters>168.8000030517578</AltitudeMeters>
            <DistanceMeters>3132.93994140625</DistanceMeters>
            <HeartRateBpm>
              <Value>105</Value>
            </HeartRateBpm>
            <Extensions>
              <ns3:TPX>
                <ns3:Speed>1.9220000505447388</ns3:Speed>
                <ns3:RunCadence>60</ns3:RunCadence>
              </ns3:TPX>
            </Extensions>
          </Trackpoint>
          <Trackpoint>
            <Time>2025-07-08T14:35:05.000Z</Time>
            <Position>
              <LatitudeDegrees>43.128363601863384</LatitudeDegrees>
              <LongitudeDegrees>-2.583064092323184</LongitudeDegrees>
            </Position>
            <AltitudeMeters>168.8000030517578</AltitudeMeters>
            <DistanceMeters>3140.840087890625</DistanceMeters>
            <HeartRateBpm>
              <Value>102</Value>
            </HeartRateBpm>
            <Extensions>
              <ns3:TPX>
                <ns3:Speed>1.8940000534057617</ns3:Speed>
                <ns3:RunCadence>60</ns3:RunCadence>
              </ns3:TPX>
            </Extensions>
          </Trackpoint>
          <Trackpoint>
            <Time>2025-07-08T14:35:07.000Z</Time>
            <Position>
              <LatitudeDegrees>43.128397297114134</LatitudeDegrees>
              <LongitudeDegrees>-2.5830554589629173</LongitudeDegrees>
            </Position>
            <AltitudeMeters>168.60000610351562</AltitudeMeters>
            <DistanceMeters>3144.2099609375</DistanceMeters>
            <HeartRateBpm>
              <Value>102</Value>
            </HeartRateBpm>
            <Extensions>
              <ns3:TPX>
                <ns3:Speed>1.8849999904632568</ns3:Speed>
                <ns3:RunCadence>59</ns3:RunCadence>
              </ns3:TPX>
            </Extensions>
          </Trackpoint>
          <Trackpoint>
            <Time>2025-07-08T14:35:14.000Z</Time>
            <Position>
              <LatitudeDegrees>43.128508692607284</LatitudeDegrees>
              <LongitudeDegrees>-2.583016650751233</LongitudeDegrees>
            </Position>
            <AltitudeMeters>168.8000030517578</AltitudeMeters>
            <DistanceMeters>3155.27001953125</DistanceMeters>
            <HeartRateBpm>
              <Value>100</Value>
            </HeartRateBpm>
            <Extensions>
              <ns3:TPX>
                <ns3:Speed>1.819000005722046</ns3:Speed>
                <ns3:RunCadence>60</ns3:RunCadence>
              </ns3:TPX>
            </Extensions>
          </Trackpoint>
          <Trackpoint>
            <Time>2025-07-08T14:35:22.000Z</Time>
            <Position>
              <LatitudeDegrees>43.1286355946213</LatitudeDegrees>
              <LongitudeDegrees>-2.582980105653405</LongitudeDegrees>
            </Position>
            <AltitudeMeters>168.39999389648438</AltitudeMeters>
            <DistanceMeters>3169.409912109375</DistanceMeters>
            <HeartRateBpm>
              <Value>100</Value>
            </HeartRateBpm>
            <Extensions>
              <ns3:TPX>
                <ns3:Speed>1.8009999990463257</ns3:Speed>
                <ns3:RunCadence>59</ns3:RunCadence>
              </ns3:TPX>
            </Extensions>
          </Trackpoint>
          <Trackpoint>
            <Time>2025-07-08T14:35:24.000Z</Time>
            <Position>
              <LatitudeDegrees>43.12865219078958</LatitudeDegrees>
              <LongitudeDegrees>-2.582976585254073</LongitudeDegrees>
            </Position>
            <AltitudeMeters>168.39999389648438</AltitudeMeters>
            <DistanceMeters>3171.77001953125</DistanceMeters>
            <HeartRateBpm>
              <Value>101</Value>
            </HeartRateBpm>
            <Extensions>
              <ns3:TPX>
                <ns3:Speed>1.781999945640564</ns3:Speed>
                <ns3:RunCadence>59</ns3:RunCadence>
              </ns3:TPX>
            </Extensions>
          </Trackpoint>
          <Trackpoint>
            <Time>2025-07-08T14:35:28.000Z</Time>
            <Position>
              <LatitudeDegrees>43.12866778112948</LatitudeDegrees>
              <LongitudeDegrees>-2.582960408180952</LongitudeDegrees>
            </Position>
            <AltitudeMeters>167.39999389648438</AltitudeMeters>
            <DistanceMeters>3174.489990234375</DistanceMeters>
            <HeartRateBpm>
              <Value>101</Value>
            </HeartRateBpm>
            <Extensions>
              <ns3:TPX>
                <ns3:Speed>1.6519999504089355</ns3:Speed>
                <ns3:RunCadence>0</ns3:RunCadence>
              </ns3:TPX>
            </Extensions>
          </Trackpoint>
          <Trackpoint>
            <Time>2025-07-08T14:35:29.000Z</Time>
            <Position>
              <LatitudeDegrees>43.128673983737826</LatitudeDegrees>
              <LongitudeDegrees>-2.5829493440687656</LongitudeDegrees>
            </Position>
            <AltitudeMeters>167.39999389648438</AltitudeMeters>
            <DistanceMeters>3175.179931640625</DistanceMeters>
            <HeartRateBpm>
              <Value>101</Value>
            </HeartRateBpm>
            <Extensions>
              <ns3:TPX>
                <ns3:Speed>0.7279999852180481</ns3:Speed>
                <ns3:RunCadence>0</ns3:RunCadence>
              </ns3:TPX>
            </Extensions>
          </Trackpoint>
          <Trackpoint>
            <Time>2025-07-08T14:35:36.000Z</Time>
            <Position>
              <LatitudeDegrees>43.12867415137589</LatitudeDegrees>
              <LongitudeDegrees>-2.5829630065709352</LongitudeDegrees>
            </Position>
            <AltitudeMeters>167.0</AltitudeMeters>
            <DistanceMeters>3177.85009765625</DistanceMeters>
            <HeartRateBpm>
              <Value>101</Value>
            </HeartRateBpm>
            <Extensions>
              <ns3:TPX>
                <ns3:Speed>0.0</ns3:Speed>
                <ns3:RunCadence>73</ns3:RunCadence>
              </ns3:TPX>
            </Extensions>
          </Trackpoint>
          <Trackpoint>
            <Time>2025-07-08T14:35:41.000Z</Time>
            <Position>
              <LatitudeDegrees>43.128620674833655</LatitudeDegrees>
              <LongitudeDegrees>-2.5830300617963076</LongitudeDegrees>
            </Position>
            <AltitudeMeters>168.1999969482422</AltitudeMeters>
            <DistanceMeters>3184.3701171875</DistanceMeters>
            <HeartRateBpm>
              <Value>99</Value>
            </HeartRateBpm>
            <Extensions>
              <ns3:TPX>
                <ns3:Speed>1.7730000019073486</ns3:Speed>
                <ns3:RunCadence>0</ns3:RunCadence>
              </ns3:TPX>
            </Extensions>
          </Trackpoint>
          <Trackpoint>
            <Time>2025-07-08T14:35:45.000Z</Time>
            <Position>
              <LatitudeDegrees>43.128583962097764</LatitudeDegrees>
              <LongitudeDegrees>-2.5830981228500605</LongitudeDegrees>
            </Position>
            <AltitudeMeters>168.60000610351562</AltitudeMeters>
            <DistanceMeters>3191.43994140625</DistanceMeters>
            <HeartRateBpm>
              <Value>100</Value>
            </HeartRateBpm>
            <Extensions>
              <ns3:TPX>
                <ns3:Speed>1.930999994277954</ns3:Speed>
                <ns3:RunCadence>0</ns3:RunCadence>
              </ns3:TPX>
            </Extensions>
          </Trackpoint>
          <Trackpoint>
            <Time>2025-07-08T14:35:49.000Z</Time>
            <Position>
              <LatitudeDegrees>43.12855940312147</LatitudeDegrees>
              <LongitudeDegrees>-2.5831894855946302</LongitudeDegrees>
            </Position>
            <AltitudeMeters>168.8000030517578</AltitudeMeters>
            <DistanceMeters>3198.550048828125</DistanceMeters>
            <HeartRateBpm>
              <Value>100</Value>
            </HeartRateBpm>
            <Extensions>
              <ns3:TPX>
                <ns3:Speed>1.902999997138977</ns3:Speed>
                <ns3:RunCadence>61</ns3:RunCadence>
              </ns3:TPX>
            </Extensions>
          </Trackpoint>
          <Trackpoint>
            <Time>2025-07-08T14:35:53.000Z</Time>
            <Position>
              <LatitudeDegrees>43.128567365929484</LatitudeDegrees>
              <LongitudeDegrees>-2.583267353475094</LongitudeDegrees>
            </Position>
            <AltitudeMeters>169.0</AltitudeMeters>
            <DistanceMeters>3205.0400390625</DistanceMeters>
            <HeartRateBpm>
              <Value>103</Value>
            </HeartRateBpm>
            <Extensions>
              <ns3:TPX>
                <ns3:Speed>1.8660000562667847</ns3:Speed>
                <ns3:RunCadence>61</ns3:RunCadence>
              </ns3:TPX>
            </Extensions>
          </Trackpoint>
          <Trackpoint>
            <Time>2025-07-08T14:35:56.000Z</Time>
            <Position>
              <LatitudeDegrees>43.128604078665376</LatitudeDegrees>
              <LongitudeDegrees>-2.58330674842</LongitudeDegrees>
            </Position>
            <AltitudeMeters>169.1999969482422</AltitudeMeters>
            <DistanceMeters>3208.35009765625</DistanceMeters>
            <HeartRateBpm>
              <Value>104</Value>
            </HeartRateBpm>
            <Extensions>
              <ns3:TPX>
                <ns3:Speed>1.7730000019073486</ns3:Speed>
                <ns3:RunCadence>60</ns3:RunCadence>
              </ns3:TPX>
            </Extensions>
          </Trackpoint>
          <Trackpoint>
            <Time>2025-07-08T14:36:00.000Z</Time>
            <Position>
              <LatitudeDegrees>43.12867272645235</LatitudeDegrees>
              <LongitudeDegrees>-2.5833549443632364</LongitudeDegrees>
            </Position>
            <AltitudeMeters>169.60000610351562</AltitudeMeters>
            <DistanceMeters>3214.52001953125</DistanceMeters>
            <HeartRateBpm>
              <Value>103</Value>
            </HeartRateBpm>
            <Extensions>
              <ns3:TPX>
                <ns3:Speed>1.6979999542236328</ns3:Speed>
                <ns3:RunCadence>60</ns3:RunCadence>
              </ns3:TPX>
            </Extensions>
          </Trackpoint>
          <Trackpoint>
            <Time>2025-07-08T14:36:04.000Z</Time>
            <Position>
              <LatitudeDegrees>43.12872637063265</LatitudeDegrees>
              <LongitudeDegrees>-2.5833987817168236</LongitudeDegrees>
            </Position>
            <AltitudeMeters>170.60000610351562</AltitudeMeters>
            <DistanceMeters>3221.3798828125</DistanceMeters>
            <HeartRateBpm>
              <Value>103</Value>
            </HeartRateBpm>
            <Extensions>
              <ns3:TPX>
                <ns3:Speed>1.6699999570846558</ns3:Speed>
                <ns3:RunCadence>57</ns3:RunCadence>
              </ns3:TPX>
            </Extensions>
          </Trackpoint>
          <Trackpoint>
            <Time>2025-07-08T14:36:08.000Z</Time>
            <Position>
              <LatitudeDegrees>43.1287598144263</LatitudeDegrees>
              <LongitudeDegrees>-2.583457203581929</LongitudeDegrees>
            </Position>
            <AltitudeMeters>170.1999969482422</AltitudeMeters>
            <DistanceMeters>3227.60009765625</DistanceMeters>
            <HeartRateBpm>
              <Value>103</Value>
            </HeartRateBpm>
            <Extensions>
              <ns3:TPX>
                <ns3:Speed>1.6419999599456787</ns3:Speed>
                <ns3:RunCadence>65</ns3:RunCadence>
              </ns3:TPX>
            </Extensions>
          </Trackpoint>
          <Trackpoint>
            <Time>2025-07-08T14:36:09.000Z</Time>
            <Position>
              <LatitudeDegrees>43.12876274809241</LatitudeDegrees>
              <LongitudeDegrees>-2.5834759790450335</LongitudeDegrees>
            </Position>
            <AltitudeMeters>170.0</AltitudeMeters>
            <DistanceMeters>3229.300048828125</DistanceMeters>
            <HeartRateBpm>
              <Value>107</Value>
            </HeartRateBpm>
            <Extensions>
              <ns3:TPX>
                <ns3:Speed>1.6419999599456787</ns3:Speed>
                <ns3:RunCadence>65</ns3:RunCadence>
              </ns3:TPX>
            </Extensions>
          </Trackpoint>
          <Trackpoint>
            <Time>2025-07-08T14:36:10.000Z</Time>
            <Position>
              <LatitudeDegrees>43.12876635231078</LatitudeDegrees>
              <LongitudeDegrees>-2.5834924075752497</LongitudeDegrees>
            </Position>
            <AltitudeMeters>169.8000030517578</AltitudeMeters>
            <DistanceMeters>3230.93994140625</DistanceMeters>
            <HeartRateBpm>
              <Value>107</Value>
            </HeartRateBpm>
            <Extensions>
              <ns3:TPX>
                <ns3:Speed>1.6610000133514404</ns3:Speed>
                <ns3:RunCadence>65</ns3:RunCadence>
              </ns3:TPX>
            </Extensions>
          </Trackpoint>
          <Trackpoint>
            <Time>2025-07-08T14:36:15.000Z</Time>
            <Position>
              <LatitudeDegrees>43.12878554686904</LatitudeDegrees>
              <LongitudeDegrees>-2.583577483892441</LongitudeDegrees>
            </Position>
            <AltitudeMeters>169.60000610351562</AltitudeMeters>
            <DistanceMeters>3238.81005859375</DistanceMeters>
            <HeartRateBpm>
              <Value>104</Value>
            </HeartRateBpm>
            <Extensions>
              <ns3:TPX>
                <ns3:Speed>1.409000039100647</ns3:Speed>
                <ns3:RunCadence>65</ns3:RunCadence>
              </ns3:TPX>
            </Extensions>
          </Trackpoint>
          <Trackpoint>
            <Time>2025-07-08T14:36:21.000Z</Time>
            <Position>
              <LatitudeDegrees>43.12883919104934</LatitudeDegrees>
              <LongitudeDegrees>-2.583721149712801</LongitudeDegrees>
            </Position>
            <AltitudeMeters>169.39999389648438</AltitudeMeters>
            <DistanceMeters>3251.570068359375</DistanceMeters>
            <HeartRateBpm>
              <Value>103</Value>
            </HeartRateBpm>
            <Extensions>
              <ns3:TPX>
                <ns3:Speed>2.015000104904175</ns3:Speed>
                <ns3:RunCadence>61</ns3:RunCadence>
              </ns3:TPX>
            </Extensions>
          </Trackpoint>
          <Trackpoint>
            <Time>2025-07-08T14:36:26.000Z</Time>
            <Position>
              <LatitudeDegrees>43.12886467203498</LatitudeDegrees>
              <LongitudeDegrees>-2.583841932937503</LongitudeDegrees>
            </Position>
            <AltitudeMeters>169.1999969482422</AltitudeMeters>
            <DistanceMeters>3260.39990234375</DistanceMeters>
            <HeartRateBpm>
              <Value>103</Value>
            </HeartRateBpm>
            <Extensions>
              <ns3:TPX>
                <ns3:Speed>1.399999976158142</ns3:Speed>
                <ns3:RunCadence>60</ns3:RunCadence>
              </ns3:TPX>
            </Extensions>
          </Trackpoint>
          <Trackpoint>
            <Time>2025-07-08T14:36:33.000Z</Time>
            <Position>
              <LatitudeDegrees>43.12892150133848</LatitudeDegrees>
              <LongitudeDegrees>-2.5839925557374954</LongitudeDegrees>
            </Position>
            <AltitudeMeters>169.60000610351562</AltitudeMeters>
            <DistanceMeters>3275.31005859375</DistanceMeters>
            <HeartRateBpm>
              <Value>100</Value>
            </HeartRateBpm>
            <Extensions>
              <ns3:TPX>
                <ns3:Speed>1.8569999933242798</ns3:Speed>
                <ns3:RunCadence>61</ns3:RunCadence>
              </ns3:TPX>
            </Extensions>
          </Trackpoint>
          <Trackpoint>
            <Time>2025-07-08T14:36:34.000Z</Time>
            <Position>
              <LatitudeDegrees>43.12892569229007</LatitudeDegrees>
              <LongitudeDegrees>-2.584011247381568</LongitudeDegrees>
            </Position>
            <AltitudeMeters>169.60000610351562</AltitudeMeters>
            <DistanceMeters>3277.60009765625</DistanceMeters>
            <HeartRateBpm>
              <Value>100</Value>
            </HeartRateBpm>
            <Extensions>
              <ns3:TPX>
                <ns3:Speed>1.9129999876022339</ns3:Speed>
                <ns3:RunCadence>61</ns3:RunCadence>
              </ns3:TPX>
            </Extensions>
          </Trackpoint>
          <Trackpoint>
            <Time>2025-07-08T14:36:36.000Z</Time>
            <Position>
              <LatitudeDegrees>43.12892929650843</LatitudeDegrees>
              <LongitudeDegrees>-2.584042176604271</LongitudeDegrees>
            </Position>
            <AltitudeMeters>169.8000030517578</AltitudeMeters>
            <DistanceMeters>3280.909912109375</DistanceMeters>
            <HeartRateBpm>
              <Value>103</Value>
            </HeartRateBpm>
            <Extensions>
              <ns3:TPX>
                <ns3:Speed>1.9220000505447388</ns3:Speed>
                <ns3:RunCadence>60</ns3:RunCadence>
              </ns3:TPX>
            </Extensions>
          </Trackpoint>
          <Trackpoint>
            <Time>2025-07-08T14:36:41.000Z</Time>
            <Position>
              <LatitudeDegrees>43.12896341085434</LatitudeDegrees>
              <LongitudeDegrees>-2.584121720865369</LongitudeDegrees>
            </Position>
            <AltitudeMeters>169.8000030517578</AltitudeMeters>
            <DistanceMeters>3289.14990234375</DistanceMeters>
            <HeartRateBpm>
              <Value>103</Value>
            </HeartRateBpm>
            <Extensions>
              <ns3:TPX>
                <ns3:Speed>1.8380000591278076</ns3:Speed>
                <ns3:RunCadence>60</ns3:RunCadence>
              </ns3:TPX>
            </Extensions>
          </Trackpoint>
          <Trackpoint>
            <Time>2025-07-08T14:36:43.000Z</Time>
            <Position>
              <LatitudeDegrees>43.128967098891735</LatitudeDegrees>
              <LongitudeDegrees>-2.5841465312987566</LongitudeDegrees>
            </Position>
            <AltitudeMeters>169.8000030517578</AltitudeMeters>
            <DistanceMeters>3291.070068359375</DistanceMeters>
            <HeartRateBpm>
              <Value>101</Value>
            </HeartRateBpm>
            <Extensions>
              <ns3:TPX>
                <ns3:Speed>1.781999945640564</ns3:Speed>
                <ns3:RunCadence>59</ns3:RunCadence>
              </ns3:TPX>
            </Extensions>
          </Trackpoint>
          <Trackpoint>
            <Time>2025-07-08T14:36:46.000Z</Time>
            <Position>
              <LatitudeDegrees>43.12895888462663</LatitudeDegrees>
              <LongitudeDegrees>-2.5842119101434946</LongitudeDegrees>
            </Position>
            <AltitudeMeters>170.0</AltitudeMeters>
            <DistanceMeters>3294.510009765625</DistanceMeters>
            <HeartRateBpm>
              <Value>102</Value>
            </HeartRateBpm>
            <Extensions>
              <ns3:TPX>
                <ns3:Speed>1.5579999685287476</ns3:Speed>
                <ns3:RunCadence>60</ns3:RunCadence>
              </ns3:TPX>
            </Extensions>
          </Trackpoint>
          <Trackpoint>
            <Time>2025-07-08T14:36:47.000Z</Time>
            <Position>
              <LatitudeDegrees>43.12896667979658</LatitudeDegrees>
              <LongitudeDegrees>-2.584233283996582</LongitudeDegrees>
            </Position>
            <AltitudeMeters>170.1999969482422</AltitudeMeters>
            <DistanceMeters>3295.739990234375</DistanceMeters>
            <HeartRateBpm>
              <Value>104</Value>
            </HeartRateBpm>
            <Extensions>
              <ns3:TPX>
                <ns3:Speed>1.4839999675750732</ns3:Speed>
                <ns3:RunCadence>60</ns3:RunCadence>
              </ns3:TPX>
            </Extensions>
          </Trackpoint>
          <Trackpoint>
            <Time>2025-07-08T14:36:53.000Z</Time>
            <Position>
              <LatitudeDegrees>43.12902560457587</LatitudeDegrees>
              <LongitudeDegrees>-2.584363790228963</LongitudeDegrees>
            </Position>
            <AltitudeMeters>170.39999389648438</AltitudeMeters>
            <DistanceMeters>3304.199951171875</DistanceMeters>
            <HeartRateBpm>
              <Value>101</Value>
            </HeartRateBpm>
            <Extensions>
              <ns3:TPX>
                <ns3:Speed>1.371999979019165</ns3:Speed>
                <ns3:RunCadence>60</ns3:RunCadence>
              </ns3:TPX>
            </Extensions>
          </Trackpoint>
          <Trackpoint>
            <Time>2025-07-08T14:36:54.000Z</Time>
            <Position>
              <LatitudeDegrees>43.12902971170843</LatitudeDegrees>
              <LongitudeDegrees>-2.5843797996640205</LongitudeDegrees>
            </Position>
            <AltitudeMeters>170.39999389648438</AltitudeMeters>
            <DistanceMeters>3305.64990234375</DistanceMeters>
            <HeartRateBpm>
              <Value>102</Value>
            </HeartRateBpm>
            <Extensions>
              <ns3:TPX>
                <ns3:Speed>1.3339999914169312</ns3:Speed>
                <ns3:RunCadence>60</ns3:RunCadence>
              </ns3:TPX>
            </Extensions>
          </Trackpoint>
          <Trackpoint>
            <Time>2025-07-08T14:36:56.000Z</Time>
            <Position>
              <LatitudeDegrees>43.12903658486903</LatitudeDegrees>
              <LongitudeDegrees>-2.584412069991231</LongitudeDegrees>
            </Position>
            <AltitudeMeters>170.8000030517578</AltitudeMeters>
            <DistanceMeters>3308.919921875</DistanceMeters>
            <HeartRateBpm>
              <Value>100</Value>
            </HeartRateBpm>
            <Extensions>
              <ns3:TPX>
                <ns3:Speed>1.343999981880188</ns3:Speed>
                <ns3:RunCadence>61</ns3:RunCadence>
              </ns3:TPX>
            </Extensions>
          </Trackpoint>
          <Trackpoint>
            <Time>2025-07-08T14:36:57.000Z</Time>
            <Position>
              <LatitudeDegrees>43.12904261983931</LatitudeDegrees>
              <LongitudeDegrees>-2.584426151588559</LongitudeDegrees>
            </Position>
            <AltitudeMeters>171.0</AltitudeMeters>
            <DistanceMeters>3310.340087890625</DistanceMeters>
            <HeartRateBpm>
              <Value>103</Value>
            </HeartRateBpm>
            <Extensions>
              <ns3:TPX>
                <ns3:Speed>1.343999981880188</ns3:Speed>
                <ns3:RunCadence>61</ns3:RunCadence>
              </ns3:TPX>
            </Extensions>
          </Trackpoint>
          <Trackpoint>
            <Time>2025-07-08T14:36:59.000Z</Time>
            <Position>
              <LatitudeDegrees>43.129053097218275</LatitudeDegrees>
              <LongitudeDegrees>-2.5844626128673553</LongitudeDegrees>
            </Position>
            <AltitudeMeters>171.0</AltitudeMeters>
            <DistanceMeters>3311.580078125</DistanceMeters>
            <HeartRateBpm>
              <Value>102</Value>
            </HeartRateBpm>
            <Extensions>
              <ns3:TPX>
                <ns3:Speed>1.305999994277954</ns3:Speed>
                <ns3:RunCadence>62</ns3:RunCadence>
              </ns3:TPX>
            </Extensions>
          </Trackpoint>
          <Trackpoint>
            <Time>2025-07-08T14:37:03.000Z</Time>
            <Position>
              <LatitudeDegrees>43.129078494384885</LatitudeDegrees>
              <LongitudeDegrees>-2.584505109116435</LongitudeDegrees>
            </Position>
            <AltitudeMeters>171.0</AltitudeMeters>
            <DistanceMeters>3316.7099609375</DistanceMeters>
            <HeartRateBpm>
              <Value>104</Value>
            </HeartRateBpm>
            <Extensions>
              <ns3:TPX>
                <ns3:Speed>1.2599999904632568</ns3:Speed>
                <ns3:RunCadence>62</ns3:RunCadence>
              </ns3:TPX>
            </Extensions>
          </Trackpoint>
          <Trackpoint>
            <Time>2025-07-08T14:37:05.000Z</Time>
            <Position>
              <LatitudeDegrees>43.12908167950809</LatitudeDegrees>
              <LongitudeDegrees>-2.5845306739211082</LongitudeDegrees>
            </Position>
            <AltitudeMeters>171.39999389648438</AltitudeMeters>
            <DistanceMeters>3318.81005859375</DistanceMeters>
            <HeartRateBpm>
              <Value>102</Value>
            </HeartRateBpm>
            <Extensions>
              <ns3:TPX>
                <ns3:Speed>1.184999942779541</ns3:Speed>
                <ns3:RunCadence>59</ns3:RunCadence>
              </ns3:TPX>
            </Extensions>
          </Trackpoint>
          <Trackpoint>
            <Time>2025-07-08T14:37:09.000Z</Time>
            <Position>
              <LatitudeDegrees>43.129030130803585</LatitudeDegrees>
              <LongitudeDegrees>-2.5846469309180975</LongitudeDegrees>
            </Position>
            <AltitudeMeters>171.60000610351562</AltitudeMeters>
            <DistanceMeters>3325.780029296875</DistanceMeters>
            <HeartRateBpm>
              <Value>100</Value>
            </HeartRateBpm>
            <Extensions>
              <ns3:TPX>
                <ns3:Speed>1.2410000562667847</ns3:Speed>
                <ns3:RunCadence>61</ns3:RunCadence>
              </ns3:TPX>
            </Extensions>
          </Trackpoint>
          <Trackpoint>
            <Time>2025-07-08T14:37:10.000Z</Time>
            <Position>
              <LatitudeDegrees>43.12900976277888</LatitudeDegrees>
              <LongitudeDegrees>-2.5846878346055746</LongitudeDegrees>
            </Position>
            <AltitudeMeters>171.8000030517578</AltitudeMeters>
            <DistanceMeters>3328.550048828125</DistanceMeters>
            <HeartRateBpm>
              <Value>104</Value>
            </HeartRateBpm>
            <Extensions>
              <ns3:TPX>
                <ns3:Speed>1.305999994277954</ns3:Speed>
                <ns3:RunCadence>61</ns3:RunCadence>
              </ns3:TPX>
            </Extensions>
          </Trackpoint>
          <Trackpoint>
            <Time>2025-07-08T14:37:11.000Z</Time>
            <Position>
              <LatitudeDegrees>43.12899308279157</LatitudeDegrees>
              <LongitudeDegrees>-2.5847175903618336</LongitudeDegrees>
            </Position>
            <AltitudeMeters>172.0</AltitudeMeters>
            <DistanceMeters>3331.090087890625</DistanceMeters>
            <HeartRateBpm>
              <Value>104</Value>
            </HeartRateBpm>
            <Extensions>
              <ns3:TPX>
                <ns3:Speed>1.3530000448226929</ns3:Speed>
                <ns3:RunCadence>61</ns3:RunCadence>
              </ns3:TPX>
            </Extensions>
          </Trackpoint>
          <Trackpoint>
            <Time>2025-07-08T14:37:14.000Z</Time>
            <Position>
              <LatitudeDegrees>43.12894731760025</LatitudeDegrees>
              <LongitudeDegrees>-2.584787579253316</LongitudeDegrees>
            </Position>
            <AltitudeMeters>172.1999969482422</AltitudeMeters>
            <DistanceMeters>3338.030029296875</DistanceMeters>
            <HeartRateBpm>
              <Value>108</Value>
            </HeartRateBpm>
            <Extensions>
              <ns3:TPX>
                <ns3:Speed>1.6419999599456787</ns3:Speed>
                <ns3:RunCadence>64</ns3:RunCadence>
              </ns3:TPX>
            </Extensions>
          </Trackpoint>
          <Trackpoint>
            <Time>2025-07-08T14:37:15.000Z</Time>
            <Position>
              <LatitudeDegrees>43.12894304282963</LatitudeDegrees>
              <LongitudeDegrees>-2.584813227877021</LongitudeDegrees>
            </Position>
            <AltitudeMeters>172.1999969482422</AltitudeMeters>
            <DistanceMeters>3340.31005859375</DistanceMeters>
            <HeartRateBpm>
              <Value>107</Value>
            </HeartRateBpm>
            <Extensions>
              <ns3:TPX>
                <ns3:Speed>1.7170000076293945</ns3:Speed>
                <ns3:RunCadence>64</ns3:RunCadence>
              </ns3:TPX>
            </Extensions>
          </Trackpoint>
          <Trackpoint>
            <Time>2025-07-08T14:37:18.000Z</Time>
            <Position>
              <LatitudeDegrees>43.12891102395952</LatitudeDegrees>
              <LongitudeDegrees>-2.5848643574863672</LongitudeDegrees>
            </Position>
            <AltitudeMeters>172.1999969482422</AltitudeMeters>
            <DistanceMeters>3344.43994140625</DistanceMeters>
            <HeartRateBpm>
              <Value>107</Value>
            </HeartRateBpm>
            <Extensions>
              <ns3:TPX>
                <ns3:Speed>1.5959999561309814</ns3:Speed>
                <ns3:RunCadence>61</ns3:RunCadence>
              </ns3:TPX>
            </Extensions>
          </Trackpoint>
          <Trackpoint>
            <Time>2025-07-08T14:37:24.000Z</Time>
            <Position>
              <LatitudeDegrees>43.12883692793548</LatitudeDegrees>
              <LongitudeDegrees>-2.584945410490036</LongitudeDegrees>
            </Position>
            <AltitudeMeters>172.1999969482422</AltitudeMeters>
            <DistanceMeters>3355.89990234375</DistanceMeters>
            <HeartRateBpm>
              <Value>107</Value>
            </HeartRateBpm>
            <Extensions>
              <ns3:TPX>
                <ns3:Speed>1.7079999446868896</ns3:Speed>
                <ns3:RunCadence>60</ns3:RunCadence>
              </ns3:TPX>
            </Extensions>
          </Trackpoint>
          <Trackpoint>
            <Time>2025-07-08T14:37:26.000Z</Time>
            <Position>
              <LatitudeDegrees>43.12881488353014</LatitudeDegrees>
              <LongitudeDegrees>-2.584967203438282</LongitudeDegrees>
            </Position>
            <AltitudeMeters>172.60000610351562</AltitudeMeters>
            <DistanceMeters>3360.72998046875</DistanceMeters>
            <HeartRateBpm>
              <Value>106</Value>
            </HeartRateBpm>
            <Extensions>
              <ns3:TPX>
                <ns3:Speed>1.781999945640564</ns3:Speed>
                <ns3:RunCadence>60</ns3:RunCadence>
              </ns3:TPX>
            </Extensions>
          </Trackpoint>
          <Trackpoint>
            <Time>2025-07-08T14:37:27.000Z</Time>
            <Position>
              <LatitudeDegrees>43.1288047414273</LatitudeDegrees>
              <LongitudeDegrees>-2.584971310570836</LongitudeDegrees>
            </Position>
            <AltitudeMeters>172.60000610351562</AltitudeMeters>
            <DistanceMeters>3363.010009765625</DistanceMeters>
            <HeartRateBpm>
              <Value>103</Value>
            </HeartRateBpm>
            <Extensions>
              <ns3:TPX>
                <ns3:Speed>1.8289999961853027</ns3:Speed>
                <ns3:RunCadence>60</ns3:RunCadence>
              </ns3:TPX>
            </Extensions>
          </Trackpoint>
          <Trackpoint>
            <Time>2025-07-08T14:37:28.000Z</Time>
            <Position>
              <LatitudeDegrees>43.12879133038223</LatitudeDegrees>
              <LongitudeDegrees>-2.584973406046629</LongitudeDegrees>
            </Position>
            <AltitudeMeters>172.8000030517578</AltitudeMeters>
            <DistanceMeters>3364.2900390625</DistanceMeters>
            <HeartRateBpm>
              <Value>102</Value>
            </HeartRateBpm>
            <Extensions>
              <ns3:TPX>
                <ns3:Speed>1.8289999961853027</ns3:Speed>
                <ns3:RunCadence>60</ns3:RunCadence>
              </ns3:TPX>
            </Extensions>
          </Trackpoint>
          <Trackpoint>
            <Time>2025-07-08T14:37:29.000Z</Time>
            <Position>
              <LatitudeDegrees>43.128776494413614</LatitudeDegrees>
              <LongitudeDegrees>-2.584968041628599</LongitudeDegrees>
            </Position>
            <AltitudeMeters>172.8000030517578</AltitudeMeters>
            <DistanceMeters>3366.139892578125</DistanceMeters>
            <HeartRateBpm>
              <Value>101</Value>
            </HeartRateBpm>
            <Extensions>
              <ns3:TPX>
                <ns3:Speed>1.781999945640564</ns3:Speed>
                <ns3:RunCadence>60</ns3:RunCadence>
              </ns3:TPX>
            </Extensions>
          </Trackpoint>
          <Trackpoint>
            <Time>2025-07-08T14:37:33.000Z</Time>
            <Position>
              <LatitudeDegrees>43.12872109003365</LatitudeDegrees>
              <LongitudeDegrees>-2.5850033294409513</LongitudeDegrees>
            </Position>
            <AltitudeMeters>172.60000610351562</AltitudeMeters>
            <DistanceMeters>3372.4599609375</DistanceMeters>
            <HeartRateBpm>
              <Value>104</Value>
            </HeartRateBpm>
            <Extensions>
              <ns3:TPX>
                <ns3:Speed>1.6799999475479126</ns3:Speed>
                <ns3:RunCadence>63</ns3:RunCadence>
              </ns3:TPX>
            </Extensions>
          </Trackpoint>
          <Trackpoint>
            <Time>2025-07-08T14:37:34.000Z</Time>
            <Position>
              <LatitudeDegrees>43.12870969064534</LatitudeDegrees>
              <LongitudeDegrees>-2.585043730214238</LongitudeDegrees>
            </Position>
            <AltitudeMeters>172.60000610351562</AltitudeMeters>
            <DistanceMeters>3373.97998046875</DistanceMeters>
            <HeartRateBpm>
              <Value>105</Value>
            </HeartRateBpm>
            <Extensions>
              <ns3:TPX>
                <ns3:Speed>1.6699999570846558</ns3:Speed>
                <ns3:RunCadence>63</ns3:RunCadence>
              </ns3:TPX>
            </Extensions>
          </Trackpoint>
          <Trackpoint>
            <Time>2025-07-08T14:37:38.000Z</Time>
            <Position>
              <LatitudeDegrees>43.128693513572216</LatitudeDegrees>
              <LongitudeDegrees>-2.5851655192673206</LongitudeDegrees>
            </Position>
            <AltitudeMeters>173.0</AltitudeMeters>
            <DistanceMeters>3379.6201171875</DistanceMeters>
            <HeartRateBpm>
              <Value>106</Value>
            </HeartRateBpm>
            <Extensions>
              <ns3:TPX>
                <ns3:Speed>1.6699999570846558</ns3:Speed>
                <ns3:RunCadence>60</ns3:RunCadence>
              </ns3:TPX>
            </Extensions>
          </Trackpoint>
          <Trackpoint>
            <Time>2025-07-08T14:37:40.000Z</Time>
            <Position>
              <LatitudeDegrees>43.12866434454918</LatitudeDegrees>
              <LongitudeDegrees>-2.58521581068635</LongitudeDegrees>
            </Position>
            <AltitudeMeters>173.0</AltitudeMeters>
            <DistanceMeters>3384.699951171875</DistanceMeters>
            <HeartRateBpm>
              <Value>103</Value>
            </HeartRateBpm>
            <Extensions>
              <ns3:TPX>
                <ns3:Speed>1.7079999446868896</ns3:Speed>
                <ns3:RunCadence>60</ns3:RunCadence>
              </ns3:TPX>
            </Extensions>
          </Trackpoint>
          <Trackpoint>
            <Time>2025-07-08T14:37:45.000Z</Time>
            <Position>
              <LatitudeDegrees>43.12855454161763</LatitudeDegrees>
              <LongitudeDegrees>-2.5853159744292498</LongitudeDegrees>
            </Position>
            <AltitudeMeters>173.1999969482422</AltitudeMeters>
            <DistanceMeters>3401.659912109375</DistanceMeters>
            <HeartRateBpm>
              <Value>104</Value>
            </HeartRateBpm>
            <Extensions>
              <ns3:TPX>
                <ns3:Speed>2.0339999198913574</ns3:Speed>
                <ns3:RunCadence>60</ns3:RunCadence>
              </ns3:TPX>
            </Extensions>
          </Trackpoint>
          <Trackpoint>
            <Time>2025-07-08T14:37:49.000Z</Time>
            <Position>
              <LatitudeDegrees>43.12849980778992</LatitudeDegrees>
              <LongitudeDegrees>-2.5853578839451075</LongitudeDegrees>
            </Position>
            <AltitudeMeters>173.39999389648438</AltitudeMeters>
            <DistanceMeters>3411.510009765625</DistanceMeters>
            <HeartRateBpm>
              <Value>104</Value>
            </HeartRateBpm>
            <Extensions>
              <ns3:TPX>
                <ns3:Speed>2.0339999198913574</ns3:Speed>
                <ns3:RunCadence>60</ns3:RunCadence>
              </ns3:TPX>
            </Extensions>
          </Trackpoint>
          <Trackpoint>
            <Time>2025-07-08T14:37:51.000Z</Time>
            <Position>
              <LatitudeDegrees>43.12848949804902</LatitudeDegrees>
              <LongitudeDegrees>-2.5853614043444395</LongitudeDegrees>
            </Position>
            <AltitudeMeters>173.60000610351562</AltitudeMeters>
            <DistanceMeters>3413.8798828125</DistanceMeters>
            <HeartRateBpm>
              <Value>103</Value>
            </HeartRateBpm>
            <Extensions>
              <ns3:TPX>
                <ns3:Speed>1.6050000190734863</ns3:Speed>
                <ns3:RunCadence>61</ns3:RunCadence>
              </ns3:TPX>
            </Extensions>
          </Trackpoint>
          <Trackpoint>
            <Time>2025-07-08T14:37:55.000Z</Time>
            <Position>
              <LatitudeDegrees>43.12848857603967</LatitudeDegrees>
              <LongitudeDegrees>-2.5854135397821665</LongitudeDegrees>
            </Position>
            <AltitudeMeters>173.8000030517578</AltitudeMeters>
            <DistanceMeters>3418.800048828125</DistanceMeters>
            <HeartRateBpm>
              <Value>106</Value>
            </HeartRateBpm>
            <Extensions>
              <ns3:TPX>
                <ns3:Speed>1.3250000476837158</ns3:Speed>
                <ns3:RunCadence>60</ns3:RunCadence>
              </ns3:TPX>
            </Extensions>
          </Trackpoint>
          <Trackpoint>
            <Time>2025-07-08T14:37:56.000Z</Time>
            <Position>
              <LatitudeDegrees>43.12847667373717</LatitudeDegrees>
              <LongitudeDegrees>-2.5854327343404293</LongitudeDegrees>
            </Position>
            <AltitudeMeters>173.8000030517578</AltitudeMeters>
            <DistanceMeters>3420.25</DistanceMeters>
            <HeartRateBpm>
              <Value>106</Value>
            </HeartRateBpm>
            <Extensions>
              <ns3:TPX>
                <ns3:Speed>1.409000039100647</ns3:Speed>
                <ns3:RunCadence>60</ns3:RunCadence>
              </ns3:TPX>
            </Extensions>
          </Trackpoint>
          <Trackpoint>
            <Time>2025-07-08T14:38:00.000Z</Time>
            <Position>
              <LatitudeDegrees>43.12839327380061</LatitudeDegrees>
              <LongitudeDegrees>-2.5854432117193937</LongitudeDegrees>
            </Position>
            <AltitudeMeters>174.0</AltitudeMeters>
            <DistanceMeters>3427.02001953125</DistanceMeters>
            <HeartRateBpm>
              <Value>106</Value>
            </HeartRateBpm>
            <Extensions>
              <ns3:TPX>
                <ns3:Speed>1.875</ns3:Speed>
                <ns3:RunCadence>59</ns3:RunCadence>
              </ns3:TPX>
            </Extensions>
          </Trackpoint>
          <Trackpoint>
            <Time>2025-07-08T14:38:04.000Z</Time>
            <Position>
              <LatitudeDegrees>43.12831901013851</LatitudeDegrees>
              <LongitudeDegrees>-2.585441954433918</LongitudeDegrees>
            </Position>
            <AltitudeMeters>174.0</AltitudeMeters>
            <DistanceMeters>3434.22998046875</DistanceMeters>
            <HeartRateBpm>
              <Value>107</Value>
            </HeartRateBpm>
            <Extensions>
              <ns3:TPX>
                <ns3:Speed>1.6330000162124634</ns3:Speed>
                <ns3:RunCadence>61</ns3:RunCadence>
              </ns3:TPX>
            </Extensions>
          </Trackpoint>
          <Trackpoint>
            <Time>2025-07-08T14:38:07.000Z</Time>
            <Position>
              <LatitudeDegrees>43.128258157521486</LatitudeDegrees>
              <LongitudeDegrees>-2.585466681048274</LongitudeDegrees>
            </Position>
            <AltitudeMeters>174.0</AltitudeMeters>
            <DistanceMeters>3440.10009765625</DistanceMeters>
            <HeartRateBpm>
              <Value>107</Value>
            </HeartRateBpm>
            <Extensions>
              <ns3:TPX>
                <ns3:Speed>1.753999948501587</ns3:Speed>
                <ns3:RunCadence>61</ns3:RunCadence>
              </ns3:TPX>
            </Extensions>
          </Trackpoint>
          <Trackpoint>
            <Time>2025-07-08T14:38:13.000Z</Time>
            <Position>
              <LatitudeDegrees>43.128186743706465</LatitudeDegrees>
              <LongitudeDegrees>-2.5855263601988554</LongitudeDegrees>
            </Position>
            <AltitudeMeters>174.0</AltitudeMeters>
            <DistanceMeters>3449.31005859375</DistanceMeters>
            <HeartRateBpm>
              <Value>108</Value>
            </HeartRateBpm>
            <Extensions>
              <ns3:TPX>
                <ns3:Speed>1.6139999628067017</ns3:Speed>
                <ns3:RunCadence>58</ns3:RunCadence>
              </ns3:TPX>
            </Extensions>
          </Trackpoint>
          <Trackpoint>
            <Time>2025-07-08T14:38:14.000Z</Time>
            <Position>
              <LatitudeDegrees>43.128172075375915</LatitudeDegrees>
              <LongitudeDegrees>-2.5855337362736464</LongitudeDegrees>
            </Position>
            <AltitudeMeters>174.0</AltitudeMeters>
            <DistanceMeters>3451.25</DistanceMeters>
            <HeartRateBpm>
              <Value>107</Value>
            </HeartRateBpm>
            <Extensions>
              <ns3:TPX>
                <ns3:Speed>1.6139999628067017</ns3:Speed>
                <ns3:RunCadence>58</ns3:RunCadence>
              </ns3:TPX>
            </Extensions>
          </Trackpoint>
          <Trackpoint>
            <Time>2025-07-08T14:38:16.000Z</Time>
            <Position>
              <LatitudeDegrees>43.128148606047034</LatitudeDegrees>
              <LongitudeDegrees>-2.5855590496212244</LongitudeDegrees>
            </Position>
            <AltitudeMeters>174.0</AltitudeMeters>
            <DistanceMeters>3454.0</DistanceMeters>
            <HeartRateBpm>
              <Value>111</Value>
            </HeartRateBpm>
            <Extensions>
              <ns3:TPX>
                <ns3:Speed>1.6330000162124634</ns3:Speed>
                <ns3:RunCadence>62</ns3:RunCadence>
              </ns3:TPX>
            </Extensions>
          </Trackpoint>
          <Trackpoint>
            <Time>2025-07-08T14:38:17.000Z</Time>
            <Position>
              <LatitudeDegrees>43.12814072705805</LatitudeDegrees>
              <LongitudeDegrees>-2.5855722092092037</LongitudeDegrees>
            </Position>
            <AltitudeMeters>174.0</AltitudeMeters>
            <DistanceMeters>3454.89990234375</DistanceMeters>
            <HeartRateBpm>
              <Value>110</Value>
            </HeartRateBpm>
            <Extensions>
              <ns3:TPX>
                <ns3:Speed>1.6239999532699585</ns3:Speed>
                <ns3:RunCadence>62</ns3:RunCadence>
              </ns3:TPX>
            </Extensions>
          </Trackpoint>
          <Trackpoint>
            <Time>2025-07-08T14:38:20.000Z</Time>
            <Position>
              <LatitudeDegrees>43.128094458952546</LatitudeDegrees>
              <LongitudeDegrees>-2.585595343261957</LongitudeDegrees>
            </Position>
            <AltitudeMeters>174.1999969482422</AltitudeMeters>
            <DistanceMeters>3457.409912109375</DistanceMeters>
            <HeartRateBpm>
              <Value>109</Value>
            </HeartRateBpm>
            <Extensions>
              <ns3:TPX>
                <ns3:Speed>1.371999979019165</ns3:Speed>
                <ns3:RunCadence>61</ns3:RunCadence>
              </ns3:TPX>
            </Extensions>
          </Trackpoint>
          <Trackpoint>
            <Time>2025-07-08T14:38:22.000Z</Time>
            <Position>
              <LatitudeDegrees>43.12806596048176</LatitudeDegrees>
              <LongitudeDegrees>-2.5855816807597876</LongitudeDegrees>
            </Position>
            <AltitudeMeters>174.1999969482422</AltitudeMeters>
            <DistanceMeters>3459.669921875</DistanceMeters>
            <HeartRateBpm>
              <Value>108</Value>
            </HeartRateBpm>
            <Extensions>
              <ns3:TPX>
                <ns3:Speed>1.315999984741211</ns3:Speed>
                <ns3:RunCadence>59</ns3:RunCadence>
              </ns3:TPX>
            </Extensions>
          </Trackpoint>
          <Trackpoint>
            <Time>2025-07-08T14:38:25.000Z</Time>
            <Position>
              <LatitudeDegrees>43.12804383225739</LatitudeDegrees>
              <LongitudeDegrees>-2.5856060720980167</LongitudeDegrees>
            </Position>
            <AltitudeMeters>174.1999969482422</AltitudeMeters>
            <DistanceMeters>3464.18994140625</DistanceMeters>
            <HeartRateBpm>
              <Value>109</Value>
            </HeartRateBpm>
            <Extensions>
              <ns3:TPX>
                <ns3:Speed>1.315999984741211</ns3:Speed>
                <ns3:RunCadence>60</ns3:RunCadence>
              </ns3:TPX>
            </Extensions>
          </Trackpoint>
          <Trackpoint>
            <Time>2025-07-08T14:38:27.000Z</Time>
            <Position>
              <LatitudeDegrees>43.12801072373986</LatitudeDegrees>
              <LongitudeDegrees>-2.5856276974081993</LongitudeDegrees>
            </Position>
            <AltitudeMeters>174.1999969482422</AltitudeMeters>
            <DistanceMeters>3467.179931640625</DistanceMeters>
            <HeartRateBpm>
              <Value>107</Value>
            </HeartRateBpm>
            <Extensions>
              <ns3:TPX>
                <ns3:Speed>1.315999984741211</ns3:Speed>
                <ns3:RunCadence>58</ns3:RunCadence>
              </ns3:TPX>
            </Extensions>
          </Trackpoint>
        </Track>
        <Extensions>
          <ns3:LX>
            <ns3:AvgSpeed>1.7100000381469727</ns3:AvgSpeed>
            <ns3:AvgRunCadence>55</ns3:AvgRunCadence>
            <ns3:MaxRunCadence>123</ns3:MaxRunCadence>
          </ns3:LX>
        </Extensions>
      </Lap>
      <Creator xsi:type="Device_t">
        <Name>fenix 5X Plus</Name>
        <UnitId>3325297807</UnitId>
        <ProductID>3111</ProductID>
        <Version>
          <VersionMajor>19</VersionMajor>
          <VersionMinor>30</VersionMinor>
          <BuildMajor>0</BuildMajor>
          <BuildMinor>0</BuildMinor>
        </Version>
      </Creator>
    </Activity>
  </Activities>
  <Author xsi:type="Application_t">
    <Name>Connect Api</Name>
    <Build>
      <Version>
        <VersionMajor>26</VersionMajor>
        <VersionMinor>9</VersionMinor>
        <BuildMajor>0</BuildMajor>
        <BuildMinor>0</BuildMinor>
      </Version>
    </Build>
    <LangID>en</LangID>
    <PartNumber>006-D2449-00</PartNumber>
  </Author>
</TrainingCenterDatabase>
