<?xml version="1.0" encoding="UTF-8"?>
<TrainingCenterDatabase
  xsi:schemaLocation="http://www.garmin.com/xmlschemas/TrainingCenterDatabase/v2 http://www.garmin.com/xmlschemas/TrainingCenterDatabasev2.xsd"
  xmlns:ns5="http://www.garmin.com/xmlschemas/ActivityGoals/v1"
  xmlns:ns3="http://www.garmin.com/xmlschemas/ActivityExtension/v2"
  xmlns:ns2="http://www.garmin.com/xmlschemas/UserProfile/v2"
  xmlns="http://www.garmin.com/xmlschemas/TrainingCenterDatabase/v2"
  xmlns:xsi="http://www.w3.org/2001/XMLSchema-instance" xmlns:ns4="http://www.garmin.com/xmlschemas/ProfileExtension/v1">
  <Activities>
    <Activity Sport="Other">
      <Id>2025-08-03T17:33:05.000Z</Id>
      <Lap StartTime="2025-08-03T17:33:05.000Z">
        <TotalTimeSeconds>2811.347</TotalTimeSeconds>
        <DistanceMeters>4384.8</DistanceMeters>
        <MaximumSpeed>3.759999990463257</MaximumSpeed>
        <Calories>144</Calories>
        <AverageHeartRateBpm>
          <Value>75</Value>
        </AverageHeartRateBpm>
        <MaximumHeartRateBpm>
          <Value>115</Value>
        </MaximumHeartRateBpm>
        <Intensity>Active</Intensity>
        <TriggerMethod>Manual</TriggerMethod>
        <Track>
          <Trackpoint>
            <Time>2025-08-03T17:33:05.000Z</Time>
            <Position>
              <LatitudeDegrees>43.09396795928478</LatitudeDegrees>
              <LongitudeDegrees>-2.5713578425347805</LongitudeDegrees>
            </Position>
            <AltitudeMeters>261.0</AltitudeMeters>
            <DistanceMeters>1.5099999904632568</DistanceMeters>
            <HeartRateBpm>
              <Value>75</Value>
            </HeartRateBpm>
            <Extensions>
              <ns3:TPX>
                <ns3:Speed>1.5679999589920044</ns3:Speed>
                <ns3:RunCadence>53</ns3:RunCadence>
              </ns3:TPX>
            </Extensions>
          </Trackpoint>
          <Trackpoint>
            <Time>2025-08-03T17:33:11.000Z</Time>
            <Position>
              <LatitudeDegrees>43.094042306765914</LatitudeDegrees>
              <LongitudeDegrees>-2.5713713373988867</LongitudeDegrees>
            </Position>
            <AltitudeMeters>261.6000061035156</AltitudeMeters>
            <DistanceMeters>10.3100004196167</DistanceMeters>
            <HeartRateBpm>
              <Value>76</Value>
            </HeartRateBpm>
            <Extensions>
              <ns3:TPX>
                <ns3:Speed>1.38100004196167</ns3:Speed>
                <ns3:RunCadence>0</ns3:RunCadence>
              </ns3:TPX>
            </Extensions>
          </Trackpoint>
          <Trackpoint>
            <Time>2025-08-03T17:33:15.000Z</Time>
            <Position>
              <LatitudeDegrees>43.094084886834025</LatitudeDegrees>
              <LongitudeDegrees>-2.5714067090302706</LongitudeDegrees>
            </Position>
            <AltitudeMeters>261.79998779296875</AltitudeMeters>
            <DistanceMeters>15.899999618530273</DistanceMeters>
            <HeartRateBpm>
              <Value>73</Value>
            </HeartRateBpm>
            <Extensions>
              <ns3:TPX>
                <ns3:Speed>1.315999984741211</ns3:Speed>
                <ns3:RunCadence>56</ns3:RunCadence>
              </ns3:TPX>
            </Extensions>
          </Trackpoint>
          <Trackpoint>
            <Time>2025-08-03T17:33:16.000Z</Time>
            <Position>
              <LatitudeDegrees>43.09409578330815</LatitudeDegrees>
              <LongitudeDegrees>-2.571411319077015</LongitudeDegrees>
            </Position>
            <AltitudeMeters>261.79998779296875</AltitudeMeters>
            <DistanceMeters>17.25</DistanceMeters>
            <HeartRateBpm>
              <Value>75</Value>
            </HeartRateBpm>
            <Extensions>
              <ns3:TPX>
                <ns3:Speed>1.315999984741211</ns3:Speed>
                <ns3:RunCadence>56</ns3:RunCadence>
              </ns3:TPX>
            </Extensions>
          </Trackpoint>
          <Trackpoint>
            <Time>2025-08-03T17:33:18.000Z</Time>
            <Position>
              <LatitudeDegrees>43.09411263093352</LatitudeDegrees>
              <LongitudeDegrees>-2.571431351825595</LongitudeDegrees>
            </Position>
            <AltitudeMeters>261.6000061035156</AltitudeMeters>
            <DistanceMeters>19.969999313354492</DistanceMeters>
            <HeartRateBpm>
              <Value>74</Value>
            </HeartRateBpm>
            <Extensions>
              <ns3:TPX>
                <ns3:Speed>1.4279999732971191</ns3:Speed>
                <ns3:RunCadence>55</ns3:RunCadence>
              </ns3:TPX>
            </Extensions>
          </Trackpoint>
          <Trackpoint>
            <Time>2025-08-03T17:33:21.000Z</Time>
            <Position>
              <LatitudeDegrees>43.09413853101432</LatitudeDegrees>
              <LongitudeDegrees>-2.571455826982856</LongitudeDegrees>
            </Position>
            <AltitudeMeters>261.79998779296875</AltitudeMeters>
            <DistanceMeters>23.719999313354492</DistanceMeters>
            <HeartRateBpm>
              <Value>70</Value>
            </HeartRateBpm>
            <Extensions>
              <ns3:TPX>
                <ns3:Speed>1.3899999856948853</ns3:Speed>
                <ns3:RunCadence>53</ns3:RunCadence>
              </ns3:TPX>
            </Extensions>
          </Trackpoint>
          <Trackpoint>
            <Time>2025-08-03T17:33:25.000Z</Time>
            <Position>
              <LatitudeDegrees>43.09416325762868</LatitudeDegrees>
              <LongitudeDegrees>-2.571514081209898</LongitudeDegrees>
            </Position>
            <AltitudeMeters>261.79998779296875</AltitudeMeters>
            <DistanceMeters>29.780000686645508</DistanceMeters>
            <HeartRateBpm>
              <Value>71</Value>
            </HeartRateBpm>
            <Extensions>
              <ns3:TPX>
                <ns3:Speed>1.38100004196167</ns3:Speed>
                <ns3:RunCadence>51</ns3:RunCadence>
              </ns3:TPX>
            </Extensions>
          </Trackpoint>
          <Trackpoint>
            <Time>2025-08-03T17:33:29.000Z</Time>
            <Position>
              <LatitudeDegrees>43.0941915884614</LatitudeDegrees>
              <LongitudeDegrees>-2.571540232747793</LongitudeDegrees>
            </Position>
            <AltitudeMeters>261.79998779296875</AltitudeMeters>
            <DistanceMeters>34.22999954223633</DistanceMeters>
            <HeartRateBpm>
              <Value>68</Value>
            </HeartRateBpm>
            <Extensions>
              <ns3:TPX>
                <ns3:Speed>1.4279999732971191</ns3:Speed>
                <ns3:RunCadence>52</ns3:RunCadence>
              </ns3:TPX>
            </Extensions>
          </Trackpoint>
          <Trackpoint>
            <Time>2025-08-03T17:33:32.000Z</Time>
            <Position>
              <LatitudeDegrees>43.09421472251415</LatitudeDegrees>
              <LongitudeDegrees>-2.5715633668005466</LongitudeDegrees>
            </Position>
            <AltitudeMeters>261.79998779296875</AltitudeMeters>
            <DistanceMeters>36.220001220703125</DistanceMeters>
            <HeartRateBpm>
              <Value>72</Value>
            </HeartRateBpm>
            <Extensions>
              <ns3:TPX>
                <ns3:Speed>1.4179999828338623</ns3:Speed>
                <ns3:RunCadence>53</ns3:RunCadence>
              </ns3:TPX>
            </Extensions>
          </Trackpoint>
          <Trackpoint>
            <Time>2025-08-03T17:33:33.000Z</Time>
            <Position>
              <LatitudeDegrees>43.09422058984637</LatitudeDegrees>
              <LongitudeDegrees>-2.5715728383511305</LongitudeDegrees>
            </Position>
            <AltitudeMeters>261.79998779296875</AltitudeMeters>
            <DistanceMeters>37.13999938964844</DistanceMeters>
            <HeartRateBpm>
              <Value>69</Value>
            </HeartRateBpm>
            <Extensions>
              <ns3:TPX>
                <ns3:Speed>1.409000039100647</ns3:Speed>
                <ns3:RunCadence>52</ns3:RunCadence>
              </ns3:TPX>
            </Extensions>
          </Trackpoint>
          <Trackpoint>
            <Time>2025-08-03T17:33:37.000Z</Time>
            <Position>
              <LatitudeDegrees>43.094267109408975</LatitudeDegrees>
              <LongitudeDegrees>-2.5715863332152367</LongitudeDegrees>
            </Position>
            <AltitudeMeters>261.3999938964844</AltitudeMeters>
            <DistanceMeters>40.72999954223633</DistanceMeters>
            <HeartRateBpm>
              <Value>68</Value>
            </HeartRateBpm>
            <Extensions>
              <ns3:TPX>
                <ns3:Speed>1.3530000448226929</ns3:Speed>
                <ns3:RunCadence>52</ns3:RunCadence>
              </ns3:TPX>
            </Extensions>
          </Trackpoint>
          <Trackpoint>
            <Time>2025-08-03T17:33:41.000Z</Time>
            <Position>
              <LatitudeDegrees>43.0943158082664</LatitudeDegrees>
              <LongitudeDegrees>-2.571594128385186</LongitudeDegrees>
            </Position>
            <AltitudeMeters>261.3999938964844</AltitudeMeters>
            <DistanceMeters>45.16999816894531</DistanceMeters>
            <HeartRateBpm>
              <Value>71</Value>
            </HeartRateBpm>
            <Extensions>
              <ns3:TPX>
                <ns3:Speed>1.343999981880188</ns3:Speed>
                <ns3:RunCadence>53</ns3:RunCadence>
              </ns3:TPX>
            </Extensions>
          </Trackpoint>
          <Trackpoint>
            <Time>2025-08-03T17:33:43.000Z</Time>
            <Position>
              <LatitudeDegrees>43.09434497728944</LatitudeDegrees>
              <LongitudeDegrees>-2.5716138258576393</LongitudeDegrees>
            </Position>
            <AltitudeMeters>261.3999938964844</AltitudeMeters>
            <DistanceMeters>47.040000915527344</DistanceMeters>
            <HeartRateBpm>
              <Value>70</Value>
            </HeartRateBpm>
            <Extensions>
              <ns3:TPX>
                <ns3:Speed>1.277999997138977</ns3:Speed>
                <ns3:RunCadence>53</ns3:RunCadence>
              </ns3:TPX>
            </Extensions>
          </Trackpoint>
          <Trackpoint>
            <Time>2025-08-03T17:33:49.000Z</Time>
            <Position>
              <LatitudeDegrees>43.09442217461765</LatitudeDegrees>
              <LongitudeDegrees>-2.5716874189674854</LongitudeDegrees>
            </Position>
            <AltitudeMeters>261.20001220703125</AltitudeMeters>
            <DistanceMeters>55.20000076293945</DistanceMeters>
            <HeartRateBpm>
              <Value>74</Value>
            </HeartRateBpm>
            <Extensions>
              <ns3:TPX>
                <ns3:Speed>1.184999942779541</ns3:Speed>
                <ns3:RunCadence>52</ns3:RunCadence>
              </ns3:TPX>
            </Extensions>
          </Trackpoint>
          <Trackpoint>
            <Time>2025-08-03T17:33:51.000Z</Time>
            <Position>
              <LatitudeDegrees>43.094453774392605</LatitudeDegrees>
              <LongitudeDegrees>-2.571704685688019</LongitudeDegrees>
            </Position>
            <AltitudeMeters>261.20001220703125</AltitudeMeters>
            <DistanceMeters>59.040000915527344</DistanceMeters>
            <HeartRateBpm>
              <Value>72</Value>
            </HeartRateBpm>
            <Extensions>
              <ns3:TPX>
                <ns3:Speed>1.2130000591278076</ns3:Speed>
                <ns3:RunCadence>52</ns3:RunCadence>
              </ns3:TPX>
            </Extensions>
          </Trackpoint>
          <Trackpoint>
            <Time>2025-08-03T17:33:54.000Z</Time>
            <Position>
              <LatitudeDegrees>43.09449853375554</LatitudeDegrees>
              <LongitudeDegrees>-2.5717235449701548</LongitudeDegrees>
            </Position>
            <AltitudeMeters>261.0</AltitudeMeters>
            <DistanceMeters>63.72999954223633</DistanceMeters>
            <HeartRateBpm>
              <Value>69</Value>
            </HeartRateBpm>
            <Extensions>
              <ns3:TPX>
                <ns3:Speed>1.277999997138977</ns3:Speed>
                <ns3:RunCadence>53</ns3:RunCadence>
              </ns3:TPX>
            </Extensions>
          </Trackpoint>
          <Trackpoint>
            <Time>2025-08-03T17:33:57.000Z</Time>
            <Position>
              <LatitudeDegrees>43.094554021954536</LatitudeDegrees>
              <LongitudeDegrees>-2.571734609082341</LongitudeDegrees>
            </Position>
            <AltitudeMeters>261.0</AltitudeMeters>
            <DistanceMeters>70.33000183105469</DistanceMeters>
            <HeartRateBpm>
              <Value>71</Value>
            </HeartRateBpm>
            <Extensions>
              <ns3:TPX>
                <ns3:Speed>1.3339999914169312</ns3:Speed>
                <ns3:RunCadence>54</ns3:RunCadence>
              </ns3:TPX>
            </Extensions>
          </Trackpoint>
          <Trackpoint>
            <Time>2025-08-03T17:34:01.000Z</Time>
            <Position>
              <LatitudeDegrees>43.09458989650011</LatitudeDegrees>
              <LongitudeDegrees>-2.57176729850471</LongitudeDegrees>
            </Position>
            <AltitudeMeters>260.79998779296875</AltitudeMeters>
            <DistanceMeters>77.13999938964844</DistanceMeters>
            <HeartRateBpm>
              <Value>75</Value>
            </HeartRateBpm>
            <Extensions>
              <ns3:TPX>
                <ns3:Speed>1.371999979019165</ns3:Speed>
                <ns3:RunCadence>55</ns3:RunCadence>
              </ns3:TPX>
            </Extensions>
          </Trackpoint>
          <Trackpoint>
            <Time>2025-08-03T17:34:03.000Z</Time>
            <Position>
              <LatitudeDegrees>43.09461336582899</LatitudeDegrees>
              <LongitudeDegrees>-2.5717931985855103</LongitudeDegrees>
            </Position>
            <AltitudeMeters>261.0</AltitudeMeters>
            <DistanceMeters>80.68000030517578</DistanceMeters>
            <HeartRateBpm>
              <Value>73</Value>
            </HeartRateBpm>
            <Extensions>
              <ns3:TPX>
                <ns3:Speed>1.38100004196167</ns3:Speed>
                <ns3:RunCadence>55</ns3:RunCadence>
              </ns3:TPX>
            </Extensions>
          </Trackpoint>
          <Trackpoint>
            <Time>2025-08-03T17:34:11.000Z</Time>
            <Position>
              <LatitudeDegrees>43.09470120817423</LatitudeDegrees>
              <LongitudeDegrees>-2.57188456133008</LongitudeDegrees>
            </Position>
            <AltitudeMeters>260.79998779296875</AltitudeMeters>
            <DistanceMeters>92.69000244140625</DistanceMeters>
            <HeartRateBpm>
              <Value>76</Value>
            </HeartRateBpm>
            <Extensions>
              <ns3:TPX>
                <ns3:Speed>1.465000033378601</ns3:Speed>
                <ns3:RunCadence>55</ns3:RunCadence>
              </ns3:TPX>
            </Extensions>
          </Trackpoint>
          <Trackpoint>
            <Time>2025-08-03T17:34:12.000Z</Time>
            <Position>
              <LatitudeDegrees>43.09471202082932</LatitudeDegrees>
              <LongitudeDegrees>-2.5719052646309137</LongitudeDegrees>
            </Position>
            <AltitudeMeters>260.6000061035156</AltitudeMeters>
            <DistanceMeters>93.91999816894531</DistanceMeters>
            <HeartRateBpm>
              <Value>75</Value>
            </HeartRateBpm>
            <Extensions>
              <ns3:TPX>
                <ns3:Speed>1.3899999856948853</ns3:Speed>
                <ns3:RunCadence>55</ns3:RunCadence>
              </ns3:TPX>
            </Extensions>
          </Trackpoint>
          <Trackpoint>
            <Time>2025-08-03T17:34:15.000Z</Time>
            <Position>
              <LatitudeDegrees>43.0947439558804</LatitudeDegrees>
              <LongitudeDegrees>-2.571959411725402</LongitudeDegrees>
            </Position>
            <AltitudeMeters>260.6000061035156</AltitudeMeters>
            <DistanceMeters>99.23999786376953</DistanceMeters>
            <HeartRateBpm>
              <Value>77</Value>
            </HeartRateBpm>
            <Extensions>
              <ns3:TPX>
                <ns3:Speed>1.371999979019165</ns3:Speed>
                <ns3:RunCadence>55</ns3:RunCadence>
              </ns3:TPX>
            </Extensions>
          </Trackpoint>
          <Trackpoint>
            <Time>2025-08-03T17:34:18.000Z</Time>
            <Position>
              <LatitudeDegrees>43.09477019123733</LatitudeDegrees>
              <LongitudeDegrees>-2.571995370090008</LongitudeDegrees>
            </Position>
            <AltitudeMeters>260.3999938964844</AltitudeMeters>
            <DistanceMeters>104.0999984741211</DistanceMeters>
            <HeartRateBpm>
              <Value>75</Value>
            </HeartRateBpm>
            <Extensions>
              <ns3:TPX>
                <ns3:Speed>1.399999976158142</ns3:Speed>
                <ns3:RunCadence>55</ns3:RunCadence>
              </ns3:TPX>
            </Extensions>
          </Trackpoint>
          <Trackpoint>
            <Time>2025-08-03T17:34:21.000Z</Time>
            <Position>
              <LatitudeDegrees>43.09479299001396</LatitudeDegrees>
              <LongitudeDegrees>-2.5720293167978525</LongitudeDegrees>
            </Position>
            <AltitudeMeters>260.3999938964844</AltitudeMeters>
            <DistanceMeters>108.33999633789062</DistanceMeters>
            <HeartRateBpm>
              <Value>74</Value>
            </HeartRateBpm>
            <Extensions>
              <ns3:TPX>
                <ns3:Speed>1.371999979019165</ns3:Speed>
                <ns3:RunCadence>55</ns3:RunCadence>
              </ns3:TPX>
            </Extensions>
          </Trackpoint>
          <Trackpoint>
            <Time>2025-08-03T17:34:23.000Z</Time>
            <Position>
              <LatitudeDegrees>43.09482048265636</LatitudeDegrees>
              <LongitudeDegrees>-2.5720564741641283</LongitudeDegrees>
            </Position>
            <AltitudeMeters>260.3999938964844</AltitudeMeters>
            <DistanceMeters>110.70999908447266</DistanceMeters>
            <HeartRateBpm>
              <Value>73</Value>
            </HeartRateBpm>
            <Extensions>
              <ns3:TPX>
                <ns3:Speed>1.371999979019165</ns3:Speed>
                <ns3:RunCadence>55</ns3:RunCadence>
              </ns3:TPX>
            </Extensions>
          </Trackpoint>
          <Trackpoint>
            <Time>2025-08-03T17:34:24.000Z</Time>
            <Position>
              <LatitudeDegrees>43.09483808465302</LatitudeDegrees>
              <LongitudeDegrees>-2.5720620062202215</LongitudeDegrees>
            </Position>
            <AltitudeMeters>260.3999938964844</AltitudeMeters>
            <DistanceMeters>112.83999633789062</DistanceMeters>
            <HeartRateBpm>
              <Value>72</Value>
            </HeartRateBpm>
            <Extensions>
              <ns3:TPX>
                <ns3:Speed>1.3619999885559082</ns3:Speed>
                <ns3:RunCadence>55</ns3:RunCadence>
              </ns3:TPX>
            </Extensions>
          </Trackpoint>
          <Trackpoint>
            <Time>2025-08-03T17:34:30.000Z</Time>
            <Position>
              <LatitudeDegrees>43.09492425061762</LatitudeDegrees>
              <LongitudeDegrees>-2.572114812210202</LongitudeDegrees>
            </Position>
            <AltitudeMeters>260.3999938964844</AltitudeMeters>
            <DistanceMeters>123.80000305175781</DistanceMeters>
            <HeartRateBpm>
              <Value>70</Value>
            </HeartRateBpm>
            <Extensions>
              <ns3:TPX>
                <ns3:Speed>1.4459999799728394</ns3:Speed>
                <ns3:RunCadence>55</ns3:RunCadence>
              </ns3:TPX>
            </Extensions>
          </Trackpoint>
          <Trackpoint>
            <Time>2025-08-03T17:34:31.000Z</Time>
            <Position>
              <LatitudeDegrees>43.09493087232113</LatitudeDegrees>
              <LongitudeDegrees>-2.5721236132085323</LongitudeDegrees>
            </Position>
            <AltitudeMeters>260.3999938964844</AltitudeMeters>
            <DistanceMeters>125.41999816894531</DistanceMeters>
            <HeartRateBpm>
              <Value>73</Value>
            </HeartRateBpm>
            <Extensions>
              <ns3:TPX>
                <ns3:Speed>1.4459999799728394</ns3:Speed>
                <ns3:RunCadence>56</ns3:RunCadence>
              </ns3:TPX>
            </Extensions>
          </Trackpoint>
          <Trackpoint>
            <Time>2025-08-03T17:34:32.000Z</Time>
            <Position>
              <LatitudeDegrees>43.09493732638657</LatitudeDegrees>
              <LongitudeDegrees>-2.5721292290836573</LongitudeDegrees>
            </Position>
            <AltitudeMeters>260.3999938964844</AltitudeMeters>
            <DistanceMeters>126.31999969482422</DistanceMeters>
            <HeartRateBpm>
              <Value>76</Value>
            </HeartRateBpm>
            <Extensions>
              <ns3:TPX>
                <ns3:Speed>1.4559999704360962</ns3:Speed>
                <ns3:RunCadence>57</ns3:RunCadence>
              </ns3:TPX>
            </Extensions>
          </Trackpoint>
          <Trackpoint>
            <Time>2025-08-03T17:34:33.000Z</Time>
            <Position>
              <LatitudeDegrees>43.09494805522263</LatitudeDegrees>
              <LongitudeDegrees>-2.5721449870616198</LongitudeDegrees>
            </Position>
            <AltitudeMeters>260.3999938964844</AltitudeMeters>
            <DistanceMeters>127.62999725341797</DistanceMeters>
            <HeartRateBpm>
              <Value>71</Value>
            </HeartRateBpm>
            <Extensions>
              <ns3:TPX>
                <ns3:Speed>1.465000033378601</ns3:Speed>
                <ns3:RunCadence>57</ns3:RunCadence>
              </ns3:TPX>
            </Extensions>
          </Trackpoint>
          <Trackpoint>
            <Time>2025-08-03T17:34:35.000Z</Time>
            <Position>
              <LatitudeDegrees>43.09497638605535</LatitudeDegrees>
              <LongitudeDegrees>-2.5721776764839888</LongitudeDegrees>
            </Position>
            <AltitudeMeters>260.0</AltitudeMeters>
            <DistanceMeters>130.82000732421875</DistanceMeters>
            <HeartRateBpm>
              <Value>73</Value>
            </HeartRateBpm>
            <Extensions>
              <ns3:TPX>
                <ns3:Speed>1.465000033378601</ns3:Speed>
                <ns3:RunCadence>57</ns3:RunCadence>
              </ns3:TPX>
            </Extensions>
          </Trackpoint>
          <Trackpoint>
            <Time>2025-08-03T17:34:36.000Z</Time>
            <Position>
              <LatitudeDegrees>43.09499390423298</LatitudeDegrees>
              <LongitudeDegrees>-2.572186980396509</LongitudeDegrees>
            </Position>
            <AltitudeMeters>260.0</AltitudeMeters>
            <DistanceMeters>132.5399932861328</DistanceMeters>
            <HeartRateBpm>
              <Value>74</Value>
            </HeartRateBpm>
            <Extensions>
              <ns3:TPX>
                <ns3:Speed>1.4559999704360962</ns3:Speed>
                <ns3:RunCadence>57</ns3:RunCadence>
              </ns3:TPX>
            </Extensions>
          </Trackpoint>
          <Trackpoint>
            <Time>2025-08-03T17:34:37.000Z</Time>
            <Position>
              <LatitudeDegrees>43.095007902011275</LatitudeDegrees>
              <LongitudeDegrees>-2.5721962843090296</LongitudeDegrees>
            </Position>
            <AltitudeMeters>259.79998779296875</AltitudeMeters>
            <DistanceMeters>134.30999755859375</DistanceMeters>
            <HeartRateBpm>
              <Value>75</Value>
            </HeartRateBpm>
            <Extensions>
              <ns3:TPX>
                <ns3:Speed>1.4559999704360962</ns3:Speed>
                <ns3:RunCadence>57</ns3:RunCadence>
              </ns3:TPX>
            </Extensions>
          </Trackpoint>
          <Trackpoint>
            <Time>2025-08-03T17:34:45.000Z</Time>
            <Position>
              <LatitudeDegrees>43.09510203078389</LatitudeDegrees>
              <LongitudeDegrees>-2.5722537841647863</LongitudeDegrees>
            </Position>
            <AltitudeMeters>260.0</AltitudeMeters>
            <DistanceMeters>147.0800018310547</DistanceMeters>
            <HeartRateBpm>
              <Value>76</Value>
            </HeartRateBpm>
            <Extensions>
              <ns3:TPX>
                <ns3:Speed>1.4739999771118164</ns3:Speed>
                <ns3:RunCadence>55</ns3:RunCadence>
              </ns3:TPX>
            </Extensions>
          </Trackpoint>
          <Trackpoint>
            <Time>2025-08-03T17:34:49.000Z</Time>
            <Position>
              <LatitudeDegrees>43.095137402415276</LatitudeDegrees>
              <LongitudeDegrees>-2.572296867147088</LongitudeDegrees>
            </Position>
            <AltitudeMeters>259.79998779296875</AltitudeMeters>
            <DistanceMeters>152.63999938964844</DistanceMeters>
            <HeartRateBpm>
              <Value>73</Value>
            </HeartRateBpm>
            <Extensions>
              <ns3:TPX>
                <ns3:Speed>1.4739999771118164</ns3:Speed>
                <ns3:RunCadence>54</ns3:RunCadence>
              </ns3:TPX>
            </Extensions>
          </Trackpoint>
          <Trackpoint>
            <Time>2025-08-03T17:34:51.000Z</Time>
            <Position>
              <LatitudeDegrees>43.095147125422955</LatitudeDegrees>
              <LongitudeDegrees>-2.5723262038081884</LongitudeDegrees>
            </Position>
            <AltitudeMeters>259.79998779296875</AltitudeMeters>
            <DistanceMeters>154.9199981689453</DistanceMeters>
            <HeartRateBpm>
              <Value>70</Value>
            </HeartRateBpm>
            <Extensions>
              <ns3:TPX>
                <ns3:Speed>1.465000033378601</ns3:Speed>
                <ns3:RunCadence>54</ns3:RunCadence>
              </ns3:TPX>
            </Extensions>
          </Trackpoint>
          <Trackpoint>
            <Time>2025-08-03T17:34:52.000Z</Time>
            <Position>
              <LatitudeDegrees>43.09515408240259</LatitudeDegrees>
              <LongitudeDegrees>-2.572338106110692</LongitudeDegrees>
            </Position>
            <AltitudeMeters>259.79998779296875</AltitudeMeters>
            <DistanceMeters>156.13999938964844</DistanceMeters>
            <HeartRateBpm>
              <Value>72</Value>
            </HeartRateBpm>
            <Extensions>
              <ns3:TPX>
                <ns3:Speed>1.4559999704360962</ns3:Speed>
                <ns3:RunCadence>55</ns3:RunCadence>
              </ns3:TPX>
            </Extensions>
          </Trackpoint>
          <Trackpoint>
            <Time>2025-08-03T17:34:56.000Z</Time>
            <Position>
              <LatitudeDegrees>43.09517486952245</LatitudeDegrees>
              <LongitudeDegrees>-2.5723889842629433</LongitudeDegrees>
            </Position>
            <AltitudeMeters>259.6000061035156</AltitudeMeters>
            <DistanceMeters>161.0</DistanceMeters>
            <HeartRateBpm>
              <Value>72</Value>
            </HeartRateBpm>
            <Extensions>
              <ns3:TPX>
                <ns3:Speed>1.3899999856948853</ns3:Speed>
                <ns3:RunCadence>55</ns3:RunCadence>
              </ns3:TPX>
            </Extensions>
          </Trackpoint>
          <Trackpoint>
            <Time>2025-08-03T17:34:57.000Z</Time>
            <Position>
              <LatitudeDegrees>43.09517704881728</LatitudeDegrees>
              <LongitudeDegrees>-2.5724021438509226</LongitudeDegrees>
            </Position>
            <AltitudeMeters>259.6000061035156</AltitudeMeters>
            <DistanceMeters>161.55999755859375</DistanceMeters>
            <HeartRateBpm>
              <Value>72</Value>
            </HeartRateBpm>
            <Extensions>
              <ns3:TPX>
                <ns3:Speed>1.38100004196167</ns3:Speed>
                <ns3:RunCadence>0</ns3:RunCadence>
              </ns3:TPX>
            </Extensions>
          </Trackpoint>
          <Trackpoint>
            <Time>2025-08-03T17:35:00.000Z</Time>
            <Position>
              <LatitudeDegrees>43.09518551453948</LatitudeDegrees>
              <LongitudeDegrees>-2.5724328216165304</LongitudeDegrees>
            </Position>
            <AltitudeMeters>259.3999938964844</AltitudeMeters>
            <DistanceMeters>163.25</DistanceMeters>
            <HeartRateBpm>
              <Value>72</Value>
            </HeartRateBpm>
            <Extensions>
              <ns3:TPX>
                <ns3:Speed>1.3619999885559082</ns3:Speed>
                <ns3:RunCadence>0</ns3:RunCadence>
              </ns3:TPX>
            </Extensions>
          </Trackpoint>
          <Trackpoint>
            <Time>2025-08-03T17:35:03.000Z</Time>
            <Position>
              <LatitudeDegrees>43.095185765996575</LatitudeDegrees>
              <LongitudeDegrees>-2.572439778596163</LongitudeDegrees>
            </Position>
            <AltitudeMeters>259.3999938964844</AltitudeMeters>
            <DistanceMeters>167.0800018310547</DistanceMeters>
            <HeartRateBpm>
              <Value>75</Value>
            </HeartRateBpm>
            <Extensions>
              <ns3:TPX>
                <ns3:Speed>1.3339999914169312</ns3:Speed>
                <ns3:RunCadence>0</ns3:RunCadence>
              </ns3:TPX>
            </Extensions>
          </Trackpoint>
          <Trackpoint>
            <Time>2025-08-03T17:35:04.000Z</Time>
            <Position>
              <LatitudeDegrees>43.09518752619624</LatitudeDegrees>
              <LongitudeDegrees>-2.5724349170923233</LongitudeDegrees>
            </Position>
            <AltitudeMeters>259.3999938964844</AltitudeMeters>
            <DistanceMeters>167.41000366210938</DistanceMeters>
            <HeartRateBpm>
              <Value>75</Value>
            </HeartRateBpm>
            <Extensions>
              <ns3:TPX>
                <ns3:Speed>1.3250000476837158</ns3:Speed>
                <ns3:RunCadence>0</ns3:RunCadence>
              </ns3:TPX>
            </Extensions>
          </Trackpoint>
          <Trackpoint>
            <Time>2025-08-03T17:35:05.000Z</Time>
            <Position>
              <LatitudeDegrees>43.0951879452914</LatitudeDegrees>
              <LongitudeDegrees>-2.572429720312357</LongitudeDegrees>
            </Position>
            <AltitudeMeters>259.3999938964844</AltitudeMeters>
            <DistanceMeters>167.89999389648438</DistanceMeters>
            <HeartRateBpm>
              <Value>72</Value>
            </HeartRateBpm>
            <Extensions>
              <ns3:TPX>
                <ns3:Speed>1.3250000476837158</ns3:Speed>
                <ns3:RunCadence>0</ns3:RunCadence>
              </ns3:TPX>
            </Extensions>
          </Trackpoint>
          <Trackpoint>
            <Time>2025-08-03T17:35:09.000Z</Time>
            <Position>
              <LatitudeDegrees>43.09520948678255</LatitudeDegrees>
              <LongitudeDegrees>-2.5724480766803026</LongitudeDegrees>
            </Position>
            <AltitudeMeters>259.3999938964844</AltitudeMeters>
            <DistanceMeters>169.86000061035156</DistanceMeters>
            <HeartRateBpm>
              <Value>71</Value>
            </HeartRateBpm>
            <Extensions>
              <ns3:TPX>
                <ns3:Speed>1.25</ns3:Speed>
                <ns3:RunCadence>0</ns3:RunCadence>
              </ns3:TPX>
            </Extensions>
          </Trackpoint>
          <Trackpoint>
            <Time>2025-08-03T17:35:10.000Z</Time>
            <Position>
              <LatitudeDegrees>43.095215018838644</LatitudeDegrees>
              <LongitudeDegrees>-2.572462996467948</LongitudeDegrees>
            </Position>
            <AltitudeMeters>259.3999938964844</AltitudeMeters>
            <DistanceMeters>170.63999938964844</DistanceMeters>
            <HeartRateBpm>
              <Value>71</Value>
            </HeartRateBpm>
            <Extensions>
              <ns3:TPX>
                <ns3:Speed>1.184999942779541</ns3:Speed>
                <ns3:RunCadence>0</ns3:RunCadence>
              </ns3:TPX>
            </Extensions>
          </Trackpoint>
          <Trackpoint>
            <Time>2025-08-03T17:35:18.000Z</Time>
            <Position>
              <LatitudeDegrees>43.095206804573536</LatitudeDegrees>
              <LongitudeDegrees>-2.5725426245480776</LongitudeDegrees>
            </Position>
            <AltitudeMeters>259.6000061035156</AltitudeMeters>
            <DistanceMeters>182.2899932861328</DistanceMeters>
            <HeartRateBpm>
              <Value>72</Value>
            </HeartRateBpm>
            <Extensions>
              <ns3:TPX>
                <ns3:Speed>1.1009999513626099</ns3:Speed>
                <ns3:RunCadence>0</ns3:RunCadence>
              </ns3:TPX>
            </Extensions>
          </Trackpoint>
          <Trackpoint>
            <Time>2025-08-03T17:35:21.000Z</Time>
            <Position>
              <LatitudeDegrees>43.09520026668906</LatitudeDegrees>
              <LongitudeDegrees>-2.5725603941828012</LongitudeDegrees>
            </Position>
            <AltitudeMeters>259.6000061035156</AltitudeMeters>
            <DistanceMeters>182.5800018310547</DistanceMeters>
            <HeartRateBpm>
              <Value>73</Value>
            </HeartRateBpm>
            <Extensions>
              <ns3:TPX>
                <ns3:Speed>0.0</ns3:Speed>
                <ns3:RunCadence>0</ns3:RunCadence>
              </ns3:TPX>
            </Extensions>
          </Trackpoint>
          <Trackpoint>
            <Time>2025-08-03T17:35:30.000Z</Time>
            <Position>
              <LatitudeDegrees>43.095206217840314</LatitudeDegrees>
              <LongitudeDegrees>-2.572556035593152</LongitudeDegrees>
            </Position>
            <AltitudeMeters>259.3999938964844</AltitudeMeters>
            <DistanceMeters>185.00999450683594</DistanceMeters>
            <HeartRateBpm>
              <Value>73</Value>
            </HeartRateBpm>
            <Extensions>
              <ns3:TPX>
                <ns3:Speed>0.0</ns3:Speed>
                <ns3:RunCadence>0</ns3:RunCadence>
              </ns3:TPX>
            </Extensions>
          </Trackpoint>
          <Trackpoint>
            <Time>2025-08-03T17:35:33.000Z</Time>
            <Position>
              <LatitudeDegrees>43.09520554728806</LatitudeDegrees>
              <LongitudeDegrees>-2.5725546944886446</LongitudeDegrees>
            </Position>
            <AltitudeMeters>259.3999938964844</AltitudeMeters>
            <DistanceMeters>185.50999450683594</DistanceMeters>
            <HeartRateBpm>
              <Value>69</Value>
            </HeartRateBpm>
            <Extensions>
              <ns3:TPX>
                <ns3:Speed>0.0</ns3:Speed>
                <ns3:RunCadence>0</ns3:RunCadence>
              </ns3:TPX>
            </Extensions>
          </Trackpoint>
          <Trackpoint>
            <Time>2025-08-03T17:35:38.000Z</Time>
            <Position>
              <LatitudeDegrees>43.09520537965</LatitudeDegrees>
              <LongitudeDegrees>-2.572538685053587</LongitudeDegrees>
            </Position>
            <AltitudeMeters>259.3999938964844</AltitudeMeters>
            <DistanceMeters>186.0500030517578</DistanceMeters>
            <HeartRateBpm>
              <Value>71</Value>
            </HeartRateBpm>
            <Extensions>
              <ns3:TPX>
                <ns3:Speed>0.0</ns3:Speed>
                <ns3:RunCadence>0</ns3:RunCadence>
              </ns3:TPX>
            </Extensions>
          </Trackpoint>
          <Trackpoint>
            <Time>2025-08-03T17:35:47.000Z</Time>
            <Position>
              <LatitudeDegrees>43.09521392919123</LatitudeDegrees>
              <LongitudeDegrees>-2.5725034810602665</LongitudeDegrees>
            </Position>
            <AltitudeMeters>259.3999938964844</AltitudeMeters>
            <DistanceMeters>187.08999633789062</DistanceMeters>
            <HeartRateBpm>
              <Value>72</Value>
            </HeartRateBpm>
            <Extensions>
              <ns3:TPX>
                <ns3:Speed>0.0</ns3:Speed>
                <ns3:RunCadence>0</ns3:RunCadence>
              </ns3:TPX>
            </Extensions>
          </Trackpoint>
          <Trackpoint>
            <Time>2025-08-03T17:35:53.000Z</Time>
            <Position>
              <LatitudeDegrees>43.09521677903831</LatitudeDegrees>
              <LongitudeDegrees>-2.5724739767611027</LongitudeDegrees>
            </Position>
            <AltitudeMeters>259.20001220703125</AltitudeMeters>
            <DistanceMeters>190.47000122070312</DistanceMeters>
            <HeartRateBpm>
              <Value>70</Value>
            </HeartRateBpm>
            <Extensions>
              <ns3:TPX>
                <ns3:Speed>0.0</ns3:Speed>
                <ns3:RunCadence>0</ns3:RunCadence>
              </ns3:TPX>
            </Extensions>
          </Trackpoint>
          <Trackpoint>
            <Time>2025-08-03T17:36:03.000Z</Time>
            <Position>
              <LatitudeDegrees>43.09522029943764</LatitudeDegrees>
              <LongitudeDegrees>-2.5724483281373978</LongitudeDegrees>
            </Position>
            <AltitudeMeters>259.20001220703125</AltitudeMeters>
            <DistanceMeters>192.1699981689453</DistanceMeters>
            <HeartRateBpm>
              <Value>71</Value>
            </HeartRateBpm>
            <Extensions>
              <ns3:TPX>
                <ns3:Speed>0.0</ns3:Speed>
                <ns3:RunCadence>0</ns3:RunCadence>
              </ns3:TPX>
            </Extensions>
          </Trackpoint>
          <Trackpoint>
            <Time>2025-08-03T17:36:08.000Z</Time>
            <Position>
              <LatitudeDegrees>43.095260532572865</LatitudeDegrees>
              <LongitudeDegrees>-2.5724318996071815</LongitudeDegrees>
            </Position>
            <AltitudeMeters>259.0</AltitudeMeters>
            <DistanceMeters>193.02000427246094</DistanceMeters>
            <HeartRateBpm>
              <Value>76</Value>
            </HeartRateBpm>
            <Extensions>
              <ns3:TPX>
                <ns3:Speed>0.0</ns3:Speed>
                <ns3:RunCadence>0</ns3:RunCadence>
              </ns3:TPX>
            </Extensions>
          </Trackpoint>
          <Trackpoint>
            <Time>2025-08-03T17:36:12.000Z</Time>
            <Position>
              <LatitudeDegrees>43.095295736566186</LatitudeDegrees>
              <LongitudeDegrees>-2.572444137185812</LongitudeDegrees>
            </Position>
            <AltitudeMeters>259.0</AltitudeMeters>
            <DistanceMeters>194.39999389648438</DistanceMeters>
            <HeartRateBpm>
              <Value>78</Value>
            </HeartRateBpm>
            <Extensions>
              <ns3:TPX>
                <ns3:Speed>0.0</ns3:Speed>
                <ns3:RunCadence>0</ns3:RunCadence>
              </ns3:TPX>
            </Extensions>
          </Trackpoint>
          <Trackpoint>
            <Time>2025-08-03T17:36:18.000Z</Time>
            <Position>
              <LatitudeDegrees>43.0953761190176</LatitudeDegrees>
              <LongitudeDegrees>-2.5724568776786327</LongitudeDegrees>
            </Position>
            <AltitudeMeters>259.20001220703125</AltitudeMeters>
            <DistanceMeters>202.7899932861328</DistanceMeters>
            <HeartRateBpm>
              <Value>77</Value>
            </HeartRateBpm>
            <Extensions>
              <ns3:TPX>
                <ns3:Speed>0.0</ns3:Speed>
                <ns3:RunCadence>52</ns3:RunCadence>
              </ns3:TPX>
            </Extensions>
          </Trackpoint>
          <Trackpoint>
            <Time>2025-08-03T17:36:19.000Z</Time>
            <Position>
              <LatitudeDegrees>43.095393972471356</LatitudeDegrees>
              <LongitudeDegrees>-2.5724630802869797</LongitudeDegrees>
            </Position>
            <AltitudeMeters>259.20001220703125</AltitudeMeters>
            <DistanceMeters>204.75</DistanceMeters>
            <HeartRateBpm>
              <Value>76</Value>
            </HeartRateBpm>
            <Extensions>
              <ns3:TPX>
                <ns3:Speed>1.2410000562667847</ns3:Speed>
                <ns3:RunCadence>52</ns3:RunCadence>
              </ns3:TPX>
            </Extensions>
          </Trackpoint>
          <Trackpoint>
            <Time>2025-08-03T17:36:23.000Z</Time>
            <Position>
              <LatitudeDegrees>43.095440743491054</LatitudeDegrees>
              <LongitudeDegrees>-2.572463834658265</LongitudeDegrees>
            </Position>
            <AltitudeMeters>259.3999938964844</AltitudeMeters>
            <DistanceMeters>211.35000610351562</DistanceMeters>
            <HeartRateBpm>
              <Value>73</Value>
            </HeartRateBpm>
            <Extensions>
              <ns3:TPX>
                <ns3:Speed>1.6519999504089355</ns3:Speed>
                <ns3:RunCadence>53</ns3:RunCadence>
              </ns3:TPX>
            </Extensions>
          </Trackpoint>
          <Trackpoint>
            <Time>2025-08-03T17:36:25.000Z</Time>
            <Position>
              <LatitudeDegrees>43.095462284982204</LatitudeDegrees>
              <LongitudeDegrees>-2.5724629126489162</LongitudeDegrees>
            </Position>
            <AltitudeMeters>259.20001220703125</AltitudeMeters>
            <DistanceMeters>214.36000061035156</DistanceMeters>
            <HeartRateBpm>
              <Value>72</Value>
            </HeartRateBpm>
            <Extensions>
              <ns3:TPX>
                <ns3:Speed>1.4739999771118164</ns3:Speed>
                <ns3:RunCadence>55</ns3:RunCadence>
              </ns3:TPX>
            </Extensions>
          </Trackpoint>
          <Trackpoint>
            <Time>2025-08-03T17:36:27.000Z</Time>
            <Position>
              <LatitudeDegrees>43.09548173099756</LatitudeDegrees>
              <LongitudeDegrees>-2.5724613200873137</LongitudeDegrees>
            </Position>
            <AltitudeMeters>259.3999938964844</AltitudeMeters>
            <DistanceMeters>217.02000427246094</DistanceMeters>
            <HeartRateBpm>
              <Value>75</Value>
            </HeartRateBpm>
            <Extensions>
              <ns3:TPX>
                <ns3:Speed>1.4739999771118164</ns3:Speed>
                <ns3:RunCadence>55</ns3:RunCadence>
              </ns3:TPX>
            </Extensions>
          </Trackpoint>
          <Trackpoint>
            <Time>2025-08-03T17:36:29.000Z</Time>
            <Position>
              <LatitudeDegrees>43.09550553560257</LatitudeDegrees>
              <LongitudeDegrees>-2.572474144399166</LongitudeDegrees>
            </Position>
            <AltitudeMeters>259.3999938964844</AltitudeMeters>
            <DistanceMeters>219.69000244140625</DistanceMeters>
            <HeartRateBpm>
              <Value>78</Value>
            </HeartRateBpm>
            <Extensions>
              <ns3:TPX>
                <ns3:Speed>1.4559999704360962</ns3:Speed>
                <ns3:RunCadence>55</ns3:RunCadence>
              </ns3:TPX>
            </Extensions>
          </Trackpoint>
          <Trackpoint>
            <Time>2025-08-03T17:36:30.000Z</Time>
            <Position>
              <LatitudeDegrees>43.09551626443863</LatitudeDegrees>
              <LongitudeDegrees>-2.5724831968545914</LongitudeDegrees>
            </Position>
            <AltitudeMeters>259.3999938964844</AltitudeMeters>
            <DistanceMeters>221.13999938964844</DistanceMeters>
            <HeartRateBpm>
              <Value>82</Value>
            </HeartRateBpm>
            <Extensions>
              <ns3:TPX>
                <ns3:Speed>1.4559999704360962</ns3:Speed>
                <ns3:RunCadence>55</ns3:RunCadence>
              </ns3:TPX>
            </Extensions>
          </Trackpoint>
          <Trackpoint>
            <Time>2025-08-03T17:36:32.000Z</Time>
            <Position>
              <LatitudeDegrees>43.09554501436651</LatitudeDegrees>
              <LongitudeDegrees>-2.572501553222537</LongitudeDegrees>
            </Position>
            <AltitudeMeters>259.20001220703125</AltitudeMeters>
            <DistanceMeters>224.61000061035156</DistanceMeters>
            <HeartRateBpm>
              <Value>85</Value>
            </HeartRateBpm>
            <Extensions>
              <ns3:TPX>
                <ns3:Speed>1.4839999675750732</ns3:Speed>
                <ns3:RunCadence>55</ns3:RunCadence>
              </ns3:TPX>
            </Extensions>
          </Trackpoint>
          <Trackpoint>
            <Time>2025-08-03T17:36:33.000Z</Time>
            <Position>
              <LatitudeDegrees>43.09555968269706</LatitudeDegrees>
              <LongitudeDegrees>-2.572512784972787</LongitudeDegrees>
            </Position>
            <AltitudeMeters>259.0</AltitudeMeters>
            <DistanceMeters>226.2100067138672</DistanceMeters>
            <HeartRateBpm>
              <Value>85</Value>
            </HeartRateBpm>
            <Extensions>
              <ns3:TPX>
                <ns3:Speed>1.5299999713897705</ns3:Speed>
                <ns3:RunCadence>55</ns3:RunCadence>
              </ns3:TPX>
            </Extensions>
          </Trackpoint>
          <Trackpoint>
            <Time>2025-08-03T17:36:35.000Z</Time>
            <Position>
              <LatitudeDegrees>43.09559304267168</LatitudeDegrees>
              <LongitudeDegrees>-2.572536841034889</LongitudeDegrees>
            </Position>
            <AltitudeMeters>258.79998779296875</AltitudeMeters>
            <DistanceMeters>228.6999969482422</DistanceMeters>
            <HeartRateBpm>
              <Value>86</Value>
            </HeartRateBpm>
            <Extensions>
              <ns3:TPX>
                <ns3:Speed>1.5770000219345093</ns3:Speed>
                <ns3:RunCadence>55</ns3:RunCadence>
              </ns3:TPX>
            </Extensions>
          </Trackpoint>
          <Trackpoint>
            <Time>2025-08-03T17:36:40.000Z</Time>
            <Position>
              <LatitudeDegrees>43.09567560441792</LatitudeDegrees>
              <LongitudeDegrees>-2.5725873839110136</LongitudeDegrees>
            </Position>
            <AltitudeMeters>258.79998779296875</AltitudeMeters>
            <DistanceMeters>236.85000610351562</DistanceMeters>
            <HeartRateBpm>
              <Value>82</Value>
            </HeartRateBpm>
            <Extensions>
              <ns3:TPX>
                <ns3:Speed>1.5679999589920044</ns3:Speed>
                <ns3:RunCadence>56</ns3:RunCadence>
              </ns3:TPX>
            </Extensions>
          </Trackpoint>
          <Trackpoint>
            <Time>2025-08-03T17:36:41.000Z</Time>
            <Position>
              <LatitudeDegrees>43.09568943455815</LatitudeDegrees>
              <LongitudeDegrees>-2.5725984480232</LongitudeDegrees>
            </Position>
            <AltitudeMeters>258.79998779296875</AltitudeMeters>
            <DistanceMeters>238.5</DistanceMeters>
            <HeartRateBpm>
              <Value>82</Value>
            </HeartRateBpm>
            <Extensions>
              <ns3:TPX>
                <ns3:Speed>1.5770000219345093</ns3:Speed>
                <ns3:RunCadence>55</ns3:RunCadence>
              </ns3:TPX>
            </Extensions>
          </Trackpoint>
          <Trackpoint>
            <Time>2025-08-03T17:36:47.000Z</Time>
            <Position>
              <LatitudeDegrees>43.09576889500022</LatitudeDegrees>
              <LongitudeDegrees>-2.5726519245654345</LongitudeDegrees>
            </Position>
            <AltitudeMeters>258.6000061035156</AltitudeMeters>
            <DistanceMeters>248.10000610351562</DistanceMeters>
            <HeartRateBpm>
              <Value>86</Value>
            </HeartRateBpm>
            <Extensions>
              <ns3:TPX>
                <ns3:Speed>1.5959999561309814</ns3:Speed>
                <ns3:RunCadence>57</ns3:RunCadence>
              </ns3:TPX>
            </Extensions>
          </Trackpoint>
          <Trackpoint>
            <Time>2025-08-03T17:36:48.000Z</Time>
            <Position>
              <LatitudeDegrees>43.0957836471498</LatitudeDegrees>
              <LongitudeDegrees>-2.572659384459257</LongitudeDegrees>
            </Position>
            <AltitudeMeters>258.6000061035156</AltitudeMeters>
            <DistanceMeters>249.66000366210938</DistanceMeters>
            <HeartRateBpm>
              <Value>84</Value>
            </HeartRateBpm>
            <Extensions>
              <ns3:TPX>
                <ns3:Speed>1.5859999656677246</ns3:Speed>
                <ns3:RunCadence>57</ns3:RunCadence>
              </ns3:TPX>
            </Extensions>
          </Trackpoint>
          <Trackpoint>
            <Time>2025-08-03T17:36:52.000Z</Time>
            <Position>
              <LatitudeDegrees>43.095840979367495</LatitudeDegrees>
              <LongitudeDegrees>-2.5726896431297064</LongitudeDegrees>
            </Position>
            <AltitudeMeters>258.6000061035156</AltitudeMeters>
            <DistanceMeters>257.1199951171875</DistanceMeters>
            <HeartRateBpm>
              <Value>87</Value>
            </HeartRateBpm>
            <Extensions>
              <ns3:TPX>
                <ns3:Speed>1.5859999656677246</ns3:Speed>
                <ns3:RunCadence>57</ns3:RunCadence>
              </ns3:TPX>
            </Extensions>
          </Trackpoint>
          <Trackpoint>
            <Time>2025-08-03T17:36:54.000Z</Time>
            <Position>
              <LatitudeDegrees>43.095863023772836</LatitudeDegrees>
              <LongitudeDegrees>-2.572704730555415</LongitudeDegrees>
            </Position>
            <AltitudeMeters>258.3999938964844</AltitudeMeters>
            <DistanceMeters>260.5899963378906</DistanceMeters>
            <HeartRateBpm>
              <Value>87</Value>
            </HeartRateBpm>
            <Extensions>
              <ns3:TPX>
                <ns3:Speed>1.5859999656677246</ns3:Speed>
                <ns3:RunCadence>57</ns3:RunCadence>
              </ns3:TPX>
            </Extensions>
          </Trackpoint>
          <Trackpoint>
            <Time>2025-08-03T17:36:57.000Z</Time>
            <Position>
              <LatitudeDegrees>43.095896719023585</LatitudeDegrees>
              <LongitudeDegrees>-2.5727426167577505</LongitudeDegrees>
            </Position>
            <AltitudeMeters>258.3999938964844</AltitudeMeters>
            <DistanceMeters>265.3900146484375</DistanceMeters>
            <HeartRateBpm>
              <Value>86</Value>
            </HeartRateBpm>
            <Extensions>
              <ns3:TPX>
                <ns3:Speed>1.6050000190734863</ns3:Speed>
                <ns3:RunCadence>56</ns3:RunCadence>
              </ns3:TPX>
            </Extensions>
          </Trackpoint>
          <Trackpoint>
            <Time>2025-08-03T17:37:00.000Z</Time>
            <Position>
              <LatitudeDegrees>43.09593016281724</LatitudeDegrees>
              <LongitudeDegrees>-2.5727809220552444</LongitudeDegrees>
            </Position>
            <AltitudeMeters>258.20001220703125</AltitudeMeters>
            <DistanceMeters>270.510009765625</DistanceMeters>
            <HeartRateBpm>
              <Value>85</Value>
            </HeartRateBpm>
            <Extensions>
              <ns3:TPX>
                <ns3:Speed>1.6139999628067017</ns3:Speed>
                <ns3:RunCadence>56</ns3:RunCadence>
              </ns3:TPX>
            </Extensions>
          </Trackpoint>
          <Trackpoint>
            <Time>2025-08-03T17:37:05.000Z</Time>
            <Position>
              <LatitudeDegrees>43.095968971028924</LatitudeDegrees>
              <LongitudeDegrees>-2.572823418304324</LongitudeDegrees>
            </Position>
            <AltitudeMeters>258.0</AltitudeMeters>
            <DistanceMeters>278.3399963378906</DistanceMeters>
            <HeartRateBpm>
              <Value>83</Value>
            </HeartRateBpm>
            <Extensions>
              <ns3:TPX>
                <ns3:Speed>1.6050000190734863</ns3:Speed>
                <ns3:RunCadence>56</ns3:RunCadence>
              </ns3:TPX>
            </Extensions>
          </Trackpoint>
          <Trackpoint>
            <Time>2025-08-03T17:37:06.000Z</Time>
            <Position>
              <LatitudeDegrees>43.095975425094366</LatitudeDegrees>
              <LongitudeDegrees>-2.572823166847229</LongitudeDegrees>
            </Position>
            <AltitudeMeters>258.0</AltitudeMeters>
            <DistanceMeters>280.75</DistanceMeters>
            <HeartRateBpm>
              <Value>83</Value>
            </HeartRateBpm>
            <Extensions>
              <ns3:TPX>
                <ns3:Speed>1.6050000190734863</ns3:Speed>
                <ns3:RunCadence>55</ns3:RunCadence>
              </ns3:TPX>
            </Extensions>
          </Trackpoint>
          <Trackpoint>
            <Time>2025-08-03T17:37:08.000Z</Time>
            <Position>
              <LatitudeDegrees>43.09597349725664</LatitudeDegrees>
              <LongitudeDegrees>-2.5728444568812847</LongitudeDegrees>
            </Position>
            <AltitudeMeters>258.0</AltitudeMeters>
            <DistanceMeters>283.239990234375</DistanceMeters>
            <HeartRateBpm>
              <Value>82</Value>
            </HeartRateBpm>
            <Extensions>
              <ns3:TPX>
                <ns3:Speed>1.6139999628067017</ns3:Speed>
                <ns3:RunCadence>55</ns3:RunCadence>
              </ns3:TPX>
            </Extensions>
          </Trackpoint>
          <Trackpoint>
            <Time>2025-08-03T17:37:10.000Z</Time>
            <Position>
              <LatitudeDegrees>43.0959683842957</LatitudeDegrees>
              <LongitudeDegrees>-2.5728668365627527</LongitudeDegrees>
            </Position>
            <AltitudeMeters>258.0</AltitudeMeters>
            <DistanceMeters>283.239990234375</DistanceMeters>
            <HeartRateBpm>
              <Value>82</Value>
            </HeartRateBpm>
            <Extensions>
              <ns3:TPX>
                <ns3:Speed>1.6050000190734863</ns3:Speed>
                <ns3:RunCadence>0</ns3:RunCadence>
              </ns3:TPX>
            </Extensions>
          </Trackpoint>
          <Trackpoint>
            <Time>2025-08-03T17:37:11.000Z</Time>
            <Position>
              <LatitudeDegrees>43.0959686357528</LatitudeDegrees>
              <LongitudeDegrees>-2.572871195152402</LongitudeDegrees>
            </Position>
            <AltitudeMeters>258.0</AltitudeMeters>
            <DistanceMeters>283.239990234375</DistanceMeters>
            <HeartRateBpm>
              <Value>83</Value>
            </HeartRateBpm>
            <Extensions>
              <ns3:TPX>
                <ns3:Speed>1.5959999561309814</ns3:Speed>
                <ns3:RunCadence>0</ns3:RunCadence>
              </ns3:TPX>
            </Extensions>
          </Trackpoint>
          <Trackpoint>
            <Time>2025-08-03T17:37:14.000Z</Time>
            <Position>
              <LatitudeDegrees>43.09598699212074</LatitudeDegrees>
              <LongitudeDegrees>-2.5728798285126686</LongitudeDegrees>
            </Position>
            <AltitudeMeters>257.79998779296875</AltitudeMeters>
            <DistanceMeters>284.3900146484375</DistanceMeters>
            <HeartRateBpm>
              <Value>82</Value>
            </HeartRateBpm>
            <Extensions>
              <ns3:TPX>
                <ns3:Speed>0.0</ns3:Speed>
                <ns3:RunCadence>0</ns3:RunCadence>
              </ns3:TPX>
            </Extensions>
          </Trackpoint>
          <Trackpoint>
            <Time>2025-08-03T17:37:17.000Z</Time>
            <Position>
              <LatitudeDegrees>43.09601616114378</LatitudeDegrees>
              <LongitudeDegrees>-2.572894496843219</LongitudeDegrees>
            </Position>
            <AltitudeMeters>257.6000061035156</AltitudeMeters>
            <DistanceMeters>286.9700012207031</DistanceMeters>
            <HeartRateBpm>
              <Value>82</Value>
            </HeartRateBpm>
            <Extensions>
              <ns3:TPX>
                <ns3:Speed>0.0</ns3:Speed>
                <ns3:RunCadence>0</ns3:RunCadence>
              </ns3:TPX>
            </Extensions>
          </Trackpoint>
          <Trackpoint>
            <Time>2025-08-03T17:37:23.000Z</Time>
            <Position>
              <LatitudeDegrees>43.096124371513724</LatitudeDegrees>
              <LongitudeDegrees>-2.572936825454235</LongitudeDegrees>
            </Position>
            <AltitudeMeters>257.6000061035156</AltitudeMeters>
            <DistanceMeters>295.80999755859375</DistanceMeters>
            <HeartRateBpm>
              <Value>79</Value>
            </HeartRateBpm>
            <Extensions>
              <ns3:TPX>
                <ns3:Speed>1.4459999799728394</ns3:Speed>
                <ns3:RunCadence>54</ns3:RunCadence>
              </ns3:TPX>
            </Extensions>
          </Trackpoint>
          <Trackpoint>
            <Time>2025-08-03T17:37:24.000Z</Time>
            <Position>
              <LatitudeDegrees>43.0961412191391</LatitudeDegrees>
              <LongitudeDegrees>-2.572948979213834</LongitudeDegrees>
            </Position>
            <AltitudeMeters>257.6000061035156</AltitudeMeters>
            <DistanceMeters>297.8999938964844</DistanceMeters>
            <HeartRateBpm>
              <Value>82</Value>
            </HeartRateBpm>
            <Extensions>
              <ns3:TPX>
                <ns3:Speed>1.5399999618530273</ns3:Speed>
                <ns3:RunCadence>54</ns3:RunCadence>
              </ns3:TPX>
            </Extensions>
          </Trackpoint>
          <Trackpoint>
            <Time>2025-08-03T17:37:29.000Z</Time>
            <Position>
              <LatitudeDegrees>43.09621078893542</LatitudeDegrees>
              <LongitudeDegrees>-2.5730159506201744</LongitudeDegrees>
            </Position>
            <AltitudeMeters>257.3999938964844</AltitudeMeters>
            <DistanceMeters>308.6400146484375</DistanceMeters>
            <HeartRateBpm>
              <Value>82</Value>
            </HeartRateBpm>
            <Extensions>
              <ns3:TPX>
                <ns3:Speed>1.8660000562667847</ns3:Speed>
                <ns3:RunCadence>56</ns3:RunCadence>
              </ns3:TPX>
            </Extensions>
          </Trackpoint>
          <Trackpoint>
            <Time>2025-08-03T17:37:30.000Z</Time>
            <Position>
              <LatitudeDegrees>43.09622621163726</LatitudeDegrees>
              <LongitudeDegrees>-2.573031624779105</LongitudeDegrees>
            </Position>
            <AltitudeMeters>257.3999938964844</AltitudeMeters>
            <DistanceMeters>310.510009765625</DistanceMeters>
            <HeartRateBpm>
              <Value>85</Value>
            </HeartRateBpm>
            <Extensions>
              <ns3:TPX>
                <ns3:Speed>1.8660000562667847</ns3:Speed>
                <ns3:RunCadence>57</ns3:RunCadence>
              </ns3:TPX>
            </Extensions>
          </Trackpoint>
          <Trackpoint>
            <Time>2025-08-03T17:37:31.000Z</Time>
            <Position>
              <LatitudeDegrees>43.09623803012073</LatitudeDegrees>
              <LongitudeDegrees>-2.573051992803812</LongitudeDegrees>
            </Position>
            <AltitudeMeters>257.3999938964844</AltitudeMeters>
            <DistanceMeters>312.3599853515625</DistanceMeters>
            <HeartRateBpm>
              <Value>81</Value>
            </HeartRateBpm>
            <Extensions>
              <ns3:TPX>
                <ns3:Speed>1.8660000562667847</ns3:Speed>
                <ns3:RunCadence>57</ns3:RunCadence>
              </ns3:TPX>
            </Extensions>
          </Trackpoint>
          <Trackpoint>
            <Time>2025-08-03T17:37:33.000Z</Time>
            <Position>
              <LatitudeDegrees>43.096256805583835</LatitudeDegrees>
              <LongitudeDegrees>-2.5730845145881176</LongitudeDegrees>
            </Position>
            <AltitudeMeters>257.3999938964844</AltitudeMeters>
            <DistanceMeters>316.2799987792969</DistanceMeters>
            <HeartRateBpm>
              <Value>84</Value>
            </HeartRateBpm>
            <Extensions>
              <ns3:TPX>
                <ns3:Speed>1.875</ns3:Speed>
                <ns3:RunCadence>57</ns3:RunCadence>
              </ns3:TPX>
            </Extensions>
          </Trackpoint>
          <Trackpoint>
            <Time>2025-08-03T17:37:36.000Z</Time>
            <Position>
              <LatitudeDegrees>43.096287567168474</LatitudeDegrees>
              <LongitudeDegrees>-2.5731095764786005</LongitudeDegrees>
            </Position>
            <AltitudeMeters>257.3999938964844</AltitudeMeters>
            <DistanceMeters>321.92999267578125</DistanceMeters>
            <HeartRateBpm>
              <Value>86</Value>
            </HeartRateBpm>
            <Extensions>
              <ns3:TPX>
                <ns3:Speed>1.8849999904632568</ns3:Speed>
                <ns3:RunCadence>57</ns3:RunCadence>
              </ns3:TPX>
            </Extensions>
          </Trackpoint>
          <Trackpoint>
            <Time>2025-08-03T17:37:42.000Z</Time>
            <Position>
              <LatitudeDegrees>43.096341798081994</LatitudeDegrees>
              <LongitudeDegrees>-2.573196245357394</LongitudeDegrees>
            </Position>
            <AltitudeMeters>257.0</AltitudeMeters>
            <DistanceMeters>330.7699890136719</DistanceMeters>
            <HeartRateBpm>
              <Value>82</Value>
            </HeartRateBpm>
            <Extensions>
              <ns3:TPX>
                <ns3:Speed>1.8940000534057617</ns3:Speed>
                <ns3:RunCadence>58</ns3:RunCadence>
              </ns3:TPX>
            </Extensions>
          </Trackpoint>
          <Trackpoint>
            <Time>2025-08-03T17:37:44.000Z</Time>
            <Position>
              <LatitudeDegrees>43.096362333744764</LatitudeDegrees>
              <LongitudeDegrees>-2.573241339996457</LongitudeDegrees>
            </Position>
            <AltitudeMeters>256.79998779296875</AltitudeMeters>
            <DistanceMeters>333.3299865722656</DistanceMeters>
            <HeartRateBpm>
              <Value>83</Value>
            </HeartRateBpm>
            <Extensions>
              <ns3:TPX>
                <ns3:Speed>1.8940000534057617</ns3:Speed>
                <ns3:RunCadence>58</ns3:RunCadence>
              </ns3:TPX>
            </Extensions>
          </Trackpoint>
          <Trackpoint>
            <Time>2025-08-03T17:37:46.000Z</Time>
            <Position>
              <LatitudeDegrees>43.09636979363859</LatitudeDegrees>
              <LongitudeDegrees>-2.573299342766404</LongitudeDegrees>
            </Position>
            <AltitudeMeters>257.0</AltitudeMeters>
            <DistanceMeters>337.0</DistanceMeters>
            <HeartRateBpm>
              <Value>86</Value>
            </HeartRateBpm>
            <Extensions>
              <ns3:TPX>
                <ns3:Speed>1.875</ns3:Speed>
                <ns3:RunCadence>58</ns3:RunCadence>
              </ns3:TPX>
            </Extensions>
          </Trackpoint>
          <Trackpoint>
            <Time>2025-08-03T17:37:49.000Z</Time>
            <Position>
              <LatitudeDegrees>43.09639326296747</LatitudeDegrees>
              <LongitudeDegrees>-2.5733530707657337</LongitudeDegrees>
            </Position>
            <AltitudeMeters>256.79998779296875</AltitudeMeters>
            <DistanceMeters>341.8299865722656</DistanceMeters>
            <HeartRateBpm>
              <Value>82</Value>
            </HeartRateBpm>
            <Extensions>
              <ns3:TPX>
                <ns3:Speed>1.8849999904632568</ns3:Speed>
                <ns3:RunCadence>58</ns3:RunCadence>
              </ns3:TPX>
            </Extensions>
          </Trackpoint>
          <Trackpoint>
            <Time>2025-08-03T17:37:50.000Z</Time>
            <Position>
              <LatitudeDegrees>43.09640700928867</LatitudeDegrees>
              <LongitudeDegrees>-2.573375031352043</LongitudeDegrees>
            </Position>
            <AltitudeMeters>256.6000061035156</AltitudeMeters>
            <DistanceMeters>343.44000244140625</DistanceMeters>
            <HeartRateBpm>
              <Value>84</Value>
            </HeartRateBpm>
            <Extensions>
              <ns3:TPX>
                <ns3:Speed>1.875</ns3:Speed>
                <ns3:RunCadence>58</ns3:RunCadence>
              </ns3:TPX>
            </Extensions>
          </Trackpoint>
          <Trackpoint>
            <Time>2025-08-03T17:37:51.000Z</Time>
            <Position>
              <LatitudeDegrees>43.09641891159117</LatitudeDegrees>
              <LongitudeDegrees>-2.573394561186433</LongitudeDegrees>
            </Position>
            <AltitudeMeters>256.3999938964844</AltitudeMeters>
            <DistanceMeters>345.5299987792969</DistanceMeters>
            <HeartRateBpm>
              <Value>84</Value>
            </HeartRateBpm>
            <Extensions>
              <ns3:TPX>
                <ns3:Speed>1.8660000562667847</ns3:Speed>
                <ns3:RunCadence>58</ns3:RunCadence>
              </ns3:TPX>
            </Extensions>
          </Trackpoint>
          <Trackpoint>
            <Time>2025-08-03T17:37:54.000Z</Time>
            <Position>
              <LatitudeDegrees>43.09645822271705</LatitudeDegrees>
              <LongitudeDegrees>-2.573451977223158</LongitudeDegrees>
            </Position>
            <AltitudeMeters>256.3999938964844</AltitudeMeters>
            <DistanceMeters>351.45001220703125</DistanceMeters>
            <HeartRateBpm>
              <Value>84</Value>
            </HeartRateBpm>
            <Extensions>
              <ns3:TPX>
                <ns3:Speed>1.8660000562667847</ns3:Speed>
                <ns3:RunCadence>56</ns3:RunCadence>
              </ns3:TPX>
            </Extensions>
          </Trackpoint>
          <Trackpoint>
            <Time>2025-08-03T17:37:59.000Z</Time>
            <Position>
              <LatitudeDegrees>43.09649560600519</LatitudeDegrees>
              <LongitudeDegrees>-2.573528168722987</LongitudeDegrees>
            </Position>
            <AltitudeMeters>257.0</AltitudeMeters>
            <DistanceMeters>359.1099853515625</DistanceMeters>
            <HeartRateBpm>
              <Value>83</Value>
            </HeartRateBpm>
            <Extensions>
              <ns3:TPX>
                <ns3:Speed>1.8289999961853027</ns3:Speed>
                <ns3:RunCadence>58</ns3:RunCadence>
              </ns3:TPX>
            </Extensions>
          </Trackpoint>
          <Trackpoint>
            <Time>2025-08-03T17:38:02.000Z</Time>
            <Position>
              <LatitudeDegrees>43.09651471674442</LatitudeDegrees>
              <LongitudeDegrees>-2.573572425171733</LongitudeDegrees>
            </Position>
            <AltitudeMeters>257.20001220703125</AltitudeMeters>
            <DistanceMeters>364.70001220703125</DistanceMeters>
            <HeartRateBpm>
              <Value>83</Value>
            </HeartRateBpm>
            <Extensions>
              <ns3:TPX>
                <ns3:Speed>1.7640000581741333</ns3:Speed>
                <ns3:RunCadence>57</ns3:RunCadence>
              </ns3:TPX>
            </Extensions>
          </Trackpoint>
          <Trackpoint>
            <Time>2025-08-03T17:38:04.000Z</Time>
            <Position>
              <LatitudeDegrees>43.0965469032526</LatitudeDegrees>
              <LongitudeDegrees>-2.573595056310296</LongitudeDegrees>
            </Position>
            <AltitudeMeters>257.0</AltitudeMeters>
            <DistanceMeters>367.5899963378906</DistanceMeters>
            <HeartRateBpm>
              <Value>86</Value>
            </HeartRateBpm>
            <Extensions>
              <ns3:TPX>
                <ns3:Speed>1.753999948501587</ns3:Speed>
                <ns3:RunCadence>59</ns3:RunCadence>
              </ns3:TPX>
            </Extensions>
          </Trackpoint>
          <Trackpoint>
            <Time>2025-08-03T17:38:05.000Z</Time>
            <Position>
              <LatitudeDegrees>43.096560230478644</LatitudeDegrees>
              <LongitudeDegrees>-2.5736079644411802</LongitudeDegrees>
            </Position>
            <AltitudeMeters>256.79998779296875</AltitudeMeters>
            <DistanceMeters>369.6700134277344</DistanceMeters>
            <HeartRateBpm>
              <Value>87</Value>
            </HeartRateBpm>
            <Extensions>
              <ns3:TPX>
                <ns3:Speed>1.753999948501587</ns3:Speed>
                <ns3:RunCadence>59</ns3:RunCadence>
              </ns3:TPX>
            </Extensions>
          </Trackpoint>
          <Trackpoint>
            <Time>2025-08-03T17:38:06.000Z</Time>
            <Position>
              <LatitudeDegrees>43.09656886383891</LatitudeDegrees>
              <LongitudeDegrees>-2.5736272428184748</LongitudeDegrees>
            </Position>
            <AltitudeMeters>256.79998779296875</AltitudeMeters>
            <DistanceMeters>371.3399963378906</DistanceMeters>
            <HeartRateBpm>
              <Value>80</Value>
            </HeartRateBpm>
            <Extensions>
              <ns3:TPX>
                <ns3:Speed>1.753999948501587</ns3:Speed>
                <ns3:RunCadence>59</ns3:RunCadence>
              </ns3:TPX>
            </Extensions>
          </Trackpoint>
          <Trackpoint>
            <Time>2025-08-03T17:38:07.000Z</Time>
            <Position>
              <LatitudeDegrees>43.096577329561114</LatitudeDegrees>
              <LongitudeDegrees>-2.57364802993834</LongitudeDegrees>
            </Position>
            <AltitudeMeters>256.6000061035156</AltitudeMeters>
            <DistanceMeters>373.0199890136719</DistanceMeters>
            <HeartRateBpm>
              <Value>83</Value>
            </HeartRateBpm>
            <Extensions>
              <ns3:TPX>
                <ns3:Speed>1.753999948501587</ns3:Speed>
                <ns3:RunCadence>60</ns3:RunCadence>
              </ns3:TPX>
            </Extensions>
          </Trackpoint>
          <Trackpoint>
            <Time>2025-08-03T17:38:08.000Z</Time>
            <Position>
              <LatitudeDegrees>43.09658504091203</LatitudeDegrees>
              <LongitudeDegrees>-2.5736673921346664</LongitudeDegrees>
            </Position>
            <AltitudeMeters>256.3999938964844</AltitudeMeters>
            <DistanceMeters>374.5799865722656</DistanceMeters>
            <HeartRateBpm>
              <Value>85</Value>
            </HeartRateBpm>
            <Extensions>
              <ns3:TPX>
                <ns3:Speed>1.753999948501587</ns3:Speed>
                <ns3:RunCadence>60</ns3:RunCadence>
              </ns3:TPX>
            </Extensions>
          </Trackpoint>
          <Trackpoint>
            <Time>2025-08-03T17:38:09.000Z</Time>
            <Position>
              <LatitudeDegrees>43.0965883936733</LatitudeDegrees>
              <LongitudeDegrees>-2.573681306093931</LongitudeDegrees>
            </Position>
            <AltitudeMeters>256.3999938964844</AltitudeMeters>
            <DistanceMeters>376.5299987792969</DistanceMeters>
            <HeartRateBpm>
              <Value>85</Value>
            </HeartRateBpm>
            <Extensions>
              <ns3:TPX>
                <ns3:Speed>1.753999948501587</ns3:Speed>
                <ns3:RunCadence>60</ns3:RunCadence>
              </ns3:TPX>
            </Extensions>
          </Trackpoint>
          <Trackpoint>
            <Time>2025-08-03T17:38:12.000Z</Time>
            <Position>
              <LatitudeDegrees>43.09656358323991</LatitudeDegrees>
              <LongitudeDegrees>-2.5736826471984386</LongitudeDegrees>
            </Position>
            <AltitudeMeters>256.3999938964844</AltitudeMeters>
            <DistanceMeters>381.6499938964844</DistanceMeters>
            <HeartRateBpm>
              <Value>84</Value>
            </HeartRateBpm>
            <Extensions>
              <ns3:TPX>
                <ns3:Speed>1.753999948501587</ns3:Speed>
                <ns3:RunCadence>58</ns3:RunCadence>
              </ns3:TPX>
            </Extensions>
          </Trackpoint>
          <Trackpoint>
            <Time>2025-08-03T17:38:15.000Z</Time>
            <Position>
              <LatitudeDegrees>43.09652091935277</LatitudeDegrees>
              <LongitudeDegrees>-2.5736814737319946</LongitudeDegrees>
            </Position>
            <AltitudeMeters>256.6000061035156</AltitudeMeters>
            <DistanceMeters>384.5</DistanceMeters>
            <HeartRateBpm>
              <Value>83</Value>
            </HeartRateBpm>
            <Extensions>
              <ns3:TPX>
                <ns3:Speed>1.6519999504089355</ns3:Speed>
                <ns3:RunCadence>57</ns3:RunCadence>
              </ns3:TPX>
            </Extensions>
          </Trackpoint>
          <Trackpoint>
            <Time>2025-08-03T17:38:17.000Z</Time>
            <Position>
              <LatitudeDegrees>43.09649275615811</LatitudeDegrees>
              <LongitudeDegrees>-2.573663117364049</LongitudeDegrees>
            </Position>
            <AltitudeMeters>256.0</AltitudeMeters>
            <DistanceMeters>385.8999938964844</DistanceMeters>
            <HeartRateBpm>
              <Value>82</Value>
            </HeartRateBpm>
            <Extensions>
              <ns3:TPX>
                <ns3:Speed>1.6239999532699585</ns3:Speed>
                <ns3:RunCadence>0</ns3:RunCadence>
              </ns3:TPX>
            </Extensions>
          </Trackpoint>
          <Trackpoint>
            <Time>2025-08-03T17:38:18.000Z</Time>
            <Position>
              <LatitudeDegrees>43.096482027322054</LatitudeDegrees>
              <LongitudeDegrees>-2.5736528914421797</LongitudeDegrees>
            </Position>
            <AltitudeMeters>255.8000030517578</AltitudeMeters>
            <DistanceMeters>385.8999938964844</DistanceMeters>
            <HeartRateBpm>
              <Value>79</Value>
            </HeartRateBpm>
            <Extensions>
              <ns3:TPX>
                <ns3:Speed>1.5770000219345093</ns3:Speed>
                <ns3:RunCadence>0</ns3:RunCadence>
              </ns3:TPX>
            </Extensions>
          </Trackpoint>
          <Trackpoint>
            <Time>2025-08-03T17:38:20.000Z</Time>
            <Position>
              <LatitudeDegrees>43.09646811336279</LatitudeDegrees>
              <LongitudeDegrees>-2.573627745732665</LongitudeDegrees>
            </Position>
            <AltitudeMeters>255.60000610351562</AltitudeMeters>
            <DistanceMeters>386.5799865722656</DistanceMeters>
            <HeartRateBpm>
              <Value>83</Value>
            </HeartRateBpm>
            <Extensions>
              <ns3:TPX>
                <ns3:Speed>0.0</ns3:Speed>
                <ns3:RunCadence>0</ns3:RunCadence>
              </ns3:TPX>
            </Extensions>
          </Trackpoint>
          <Trackpoint>
            <Time>2025-08-03T17:38:24.000Z</Time>
            <Position>
              <LatitudeDegrees>43.096461575478315</LatitudeDegrees>
              <LongitudeDegrees>-2.5735958106815815</LongitudeDegrees>
            </Position>
            <AltitudeMeters>255.39999389648438</AltitudeMeters>
            <DistanceMeters>386.760009765625</DistanceMeters>
            <HeartRateBpm>
              <Value>83</Value>
            </HeartRateBpm>
            <Extensions>
              <ns3:TPX>
                <ns3:Speed>0.0</ns3:Speed>
                <ns3:RunCadence>0</ns3:RunCadence>
              </ns3:TPX>
            </Extensions>
          </Trackpoint>
          <Trackpoint>
            <Time>2025-08-03T17:38:35.000Z</Time>
            <Position>
              <LatitudeDegrees>43.09650138951838</LatitudeDegrees>
              <LongitudeDegrees>-2.573655489832163</LongitudeDegrees>
            </Position>
            <AltitudeMeters>255.39999389648438</AltitudeMeters>
            <DistanceMeters>388.6700134277344</DistanceMeters>
            <HeartRateBpm>
              <Value>80</Value>
            </HeartRateBpm>
            <Extensions>
              <ns3:TPX>
                <ns3:Speed>0.0</ns3:Speed>
                <ns3:RunCadence>0</ns3:RunCadence>
              </ns3:TPX>
            </Extensions>
          </Trackpoint>
          <Trackpoint>
            <Time>2025-08-03T17:38:38.000Z</Time>
            <Position>
              <LatitudeDegrees>43.09656006284058</LatitudeDegrees>
              <LongitudeDegrees>-2.573745008558035</LongitudeDegrees>
            </Position>
            <AltitudeMeters>255.60000610351562</AltitudeMeters>
            <DistanceMeters>391.1199951171875</DistanceMeters>
            <HeartRateBpm>
              <Value>80</Value>
            </HeartRateBpm>
            <Extensions>
              <ns3:TPX>
                <ns3:Speed>0.6899999976158142</ns3:Speed>
                <ns3:RunCadence>0</ns3:RunCadence>
              </ns3:TPX>
            </Extensions>
          </Trackpoint>
          <Trackpoint>
            <Time>2025-08-03T17:38:42.000Z</Time>
            <Position>
              <LatitudeDegrees>43.09659912250936</LatitudeDegrees>
              <LongitudeDegrees>-2.573818601667881</LongitudeDegrees>
            </Position>
            <AltitudeMeters>255.60000610351562</AltitudeMeters>
            <DistanceMeters>395.8599853515625</DistanceMeters>
            <HeartRateBpm>
              <Value>80</Value>
            </HeartRateBpm>
            <Extensions>
              <ns3:TPX>
                <ns3:Speed>1.2599999904632568</ns3:Speed>
                <ns3:RunCadence>0</ns3:RunCadence>
              </ns3:TPX>
            </Extensions>
          </Trackpoint>
          <Trackpoint>
            <Time>2025-08-03T17:38:43.000Z</Time>
            <Position>
              <LatitudeDegrees>43.0966090131551</LatitudeDegrees>
              <LongitudeDegrees>-2.573830420151353</LongitudeDegrees>
            </Position>
            <AltitudeMeters>255.60000610351562</AltitudeMeters>
            <DistanceMeters>396.5299987792969</DistanceMeters>
            <HeartRateBpm>
              <Value>76</Value>
            </HeartRateBpm>
            <Extensions>
              <ns3:TPX>
                <ns3:Speed>1.2319999933242798</ns3:Speed>
                <ns3:RunCadence>52</ns3:RunCadence>
              </ns3:TPX>
            </Extensions>
          </Trackpoint>
          <Trackpoint>
            <Time>2025-08-03T17:38:45.000Z</Time>
            <Position>
              <LatitudeDegrees>43.096641870215535</LatitudeDegrees>
              <LongitudeDegrees>-2.57387132383883</LongitudeDegrees>
            </Position>
            <AltitudeMeters>255.1999969482422</AltitudeMeters>
            <DistanceMeters>398.1099853515625</DistanceMeters>
            <HeartRateBpm>
              <Value>74</Value>
            </HeartRateBpm>
            <Extensions>
              <ns3:TPX>
                <ns3:Speed>1.1480000019073486</ns3:Speed>
                <ns3:RunCadence>0</ns3:RunCadence>
              </ns3:TPX>
            </Extensions>
          </Trackpoint>
          <Trackpoint>
            <Time>2025-08-03T17:38:47.000Z</Time>
            <Position>
              <LatitudeDegrees>43.096672128885984</LatitudeDegrees>
              <LongitudeDegrees>-2.57390552200377</LongitudeDegrees>
            </Position>
            <AltitudeMeters>255.1999969482422</AltitudeMeters>
            <DistanceMeters>400.8999938964844</DistanceMeters>
            <HeartRateBpm>
              <Value>73</Value>
            </HeartRateBpm>
            <Extensions>
              <ns3:TPX>
                <ns3:Speed>1.0640000104904175</ns3:Speed>
                <ns3:RunCadence>0</ns3:RunCadence>
              </ns3:TPX>
            </Extensions>
          </Trackpoint>
          <Trackpoint>
            <Time>2025-08-03T17:38:51.000Z</Time>
            <Position>
              <LatitudeDegrees>43.096706913784146</LatitudeDegrees>
              <LongitudeDegrees>-2.5739671289920807</LongitudeDegrees>
            </Position>
            <AltitudeMeters>255.39999389648438</AltitudeMeters>
            <DistanceMeters>407.8900146484375</DistanceMeters>
            <HeartRateBpm>
              <Value>74</Value>
            </HeartRateBpm>
            <Extensions>
              <ns3:TPX>
                <ns3:Speed>1.2970000505447388</ns3:Speed>
                <ns3:RunCadence>53</ns3:RunCadence>
              </ns3:TPX>
            </Extensions>
          </Trackpoint>
          <Trackpoint>
            <Time>2025-08-03T17:38:54.000Z</Time>
            <Position>
              <LatitudeDegrees>43.096731305122375</LatitudeDegrees>
              <LongitudeDegrees>-2.573988502845168</LongitudeDegrees>
            </Position>
            <AltitudeMeters>255.60000610351562</AltitudeMeters>
            <DistanceMeters>412.5299987792969</DistanceMeters>
            <HeartRateBpm>
              <Value>75</Value>
            </HeartRateBpm>
            <Extensions>
              <ns3:TPX>
                <ns3:Speed>1.3530000448226929</ns3:Speed>
                <ns3:RunCadence>55</ns3:RunCadence>
              </ns3:TPX>
            </Extensions>
          </Trackpoint>
          <Trackpoint>
            <Time>2025-08-03T17:38:56.000Z</Time>
            <Position>
              <LatitudeDegrees>43.096749829128385</LatitudeDegrees>
              <LongitudeDegrees>-2.5740061048418283</LongitudeDegrees>
            </Position>
            <AltitudeMeters>255.1999969482422</AltitudeMeters>
            <DistanceMeters>415.67999267578125</DistanceMeters>
            <HeartRateBpm>
              <Value>72</Value>
            </HeartRateBpm>
            <Extensions>
              <ns3:TPX>
                <ns3:Speed>1.38100004196167</ns3:Speed>
                <ns3:RunCadence>55</ns3:RunCadence>
              </ns3:TPX>
            </Extensions>
          </Trackpoint>
          <Trackpoint>
            <Time>2025-08-03T17:38:57.000Z</Time>
            <Position>
              <LatitudeDegrees>43.09675703756511</LatitudeDegrees>
              <LongitudeDegrees>-2.5740219466388226</LongitudeDegrees>
            </Position>
            <AltitudeMeters>255.1999969482422</AltitudeMeters>
            <DistanceMeters>417.3800048828125</DistanceMeters>
            <HeartRateBpm>
              <Value>73</Value>
            </HeartRateBpm>
            <Extensions>
              <ns3:TPX>
                <ns3:Speed>1.437000036239624</ns3:Speed>
                <ns3:RunCadence>55</ns3:RunCadence>
              </ns3:TPX>
            </Extensions>
          </Trackpoint>
          <Trackpoint>
            <Time>2025-08-03T17:39:00.000Z</Time>
            <Position>
              <LatitudeDegrees>43.096792912110686</LatitudeDegrees>
              <LongitudeDegrees>-2.5740770157426596</LongitudeDegrees>
            </Position>
            <AltitudeMeters>255.0</AltitudeMeters>
            <DistanceMeters>422.8299865722656</DistanceMeters>
            <HeartRateBpm>
              <Value>76</Value>
            </HeartRateBpm>
            <Extensions>
              <ns3:TPX>
                <ns3:Speed>1.4739999771118164</ns3:Speed>
                <ns3:RunCadence>56</ns3:RunCadence>
              </ns3:TPX>
            </Extensions>
          </Trackpoint>
          <Trackpoint>
            <Time>2025-08-03T17:39:04.000Z</Time>
            <Position>
              <LatitudeDegrees>43.09683172032237</LatitudeDegrees>
              <LongitudeDegrees>-2.5741383712738752</LongitudeDegrees>
            </Position>
            <AltitudeMeters>255.0</AltitudeMeters>
            <DistanceMeters>430.010009765625</DistanceMeters>
            <HeartRateBpm>
              <Value>79</Value>
            </HeartRateBpm>
            <Extensions>
              <ns3:TPX>
                <ns3:Speed>1.5299999713897705</ns3:Speed>
                <ns3:RunCadence>57</ns3:RunCadence>
              </ns3:TPX>
            </Extensions>
          </Trackpoint>
          <Trackpoint>
            <Time>2025-08-03T17:39:07.000Z</Time>
            <Position>
              <LatitudeDegrees>43.09686700813472</LatitudeDegrees>
              <LongitudeDegrees>-2.574191428720951</LongitudeDegrees>
            </Position>
            <AltitudeMeters>255.1999969482422</AltitudeMeters>
            <DistanceMeters>435.1400146484375</DistanceMeters>
            <HeartRateBpm>
              <Value>82</Value>
            </HeartRateBpm>
            <Extensions>
              <ns3:TPX>
                <ns3:Speed>1.5579999685287476</ns3:Speed>
                <ns3:RunCadence>57</ns3:RunCadence>
              </ns3:TPX>
            </Extensions>
          </Trackpoint>
          <Trackpoint>
            <Time>2025-08-03T17:39:08.000Z</Time>
            <Position>
              <LatitudeDegrees>43.09687647968531</LatitudeDegrees>
              <LongitudeDegrees>-2.5742092821747065</LongitudeDegrees>
            </Position>
            <AltitudeMeters>255.1999969482422</AltitudeMeters>
            <DistanceMeters>436.92999267578125</DistanceMeters>
            <HeartRateBpm>
              <Value>79</Value>
            </HeartRateBpm>
            <Extensions>
              <ns3:TPX>
                <ns3:Speed>1.5679999589920044</ns3:Speed>
                <ns3:RunCadence>58</ns3:RunCadence>
              </ns3:TPX>
            </Extensions>
          </Trackpoint>
          <Trackpoint>
            <Time>2025-08-03T17:39:11.000Z</Time>
            <Position>
              <LatitudeDegrees>43.09690942056477</LatitudeDegrees>
              <LongitudeDegrees>-2.5742376130074263</LongitudeDegrees>
            </Position>
            <AltitudeMeters>254.60000610351562</AltitudeMeters>
            <DistanceMeters>442.2099914550781</DistanceMeters>
            <HeartRateBpm>
              <Value>80</Value>
            </HeartRateBpm>
            <Extensions>
              <ns3:TPX>
                <ns3:Speed>1.5859999656677246</ns3:Speed>
                <ns3:RunCadence>57</ns3:RunCadence>
              </ns3:TPX>
            </Extensions>
          </Trackpoint>
          <Trackpoint>
            <Time>2025-08-03T17:39:12.000Z</Time>
            <Position>
              <LatitudeDegrees>43.09692157432437</LatitudeDegrees>
              <LongitudeDegrees>-2.574249180033803</LongitudeDegrees>
            </Position>
            <AltitudeMeters>254.39999389648438</AltitudeMeters>
            <DistanceMeters>443.95001220703125</DistanceMeters>
            <HeartRateBpm>
              <Value>79</Value>
            </HeartRateBpm>
            <Extensions>
              <ns3:TPX>
                <ns3:Speed>1.5859999656677246</ns3:Speed>
                <ns3:RunCadence>57</ns3:RunCadence>
              </ns3:TPX>
            </Extensions>
          </Trackpoint>
          <Trackpoint>
            <Time>2025-08-03T17:39:21.000Z</Time>
            <Position>
              <LatitudeDegrees>43.097005896270275</LatitudeDegrees>
              <LongitudeDegrees>-2.574375830590725</LongitudeDegrees>
            </Position>
            <AltitudeMeters>253.8000030517578</AltitudeMeters>
            <DistanceMeters>459.7799987792969</DistanceMeters>
            <HeartRateBpm>
              <Value>78</Value>
            </HeartRateBpm>
            <Extensions>
              <ns3:TPX>
                <ns3:Speed>1.6699999570846558</ns3:Speed>
                <ns3:RunCadence>56</ns3:RunCadence>
              </ns3:TPX>
            </Extensions>
          </Trackpoint>
          <Trackpoint>
            <Time>2025-08-03T17:39:29.000Z</Time>
            <Position>
              <LatitudeDegrees>43.09707353822887</LatitudeDegrees>
              <LongitudeDegrees>-2.574532236903906</LongitudeDegrees>
            </Position>
            <AltitudeMeters>254.0</AltitudeMeters>
            <DistanceMeters>472.1300048828125</DistanceMeters>
            <HeartRateBpm>
              <Value>81</Value>
            </HeartRateBpm>
            <Extensions>
              <ns3:TPX>
                <ns3:Speed>1.6890000104904175</ns3:Speed>
                <ns3:RunCadence>58</ns3:RunCadence>
              </ns3:TPX>
            </Extensions>
          </Trackpoint>
          <Trackpoint>
            <Time>2025-08-03T17:39:32.000Z</Time>
            <Position>
              <LatitudeDegrees>43.09711226262152</LatitudeDegrees>
              <LongitudeDegrees>-2.5745888147503138</LongitudeDegrees>
            </Position>
            <AltitudeMeters>253.8000030517578</AltitudeMeters>
            <DistanceMeters>477.6600036621094</DistanceMeters>
            <HeartRateBpm>
              <Value>78</Value>
            </HeartRateBpm>
            <Extensions>
              <ns3:TPX>
                <ns3:Speed>1.6979999542236328</ns3:Speed>
                <ns3:RunCadence>57</ns3:RunCadence>
              </ns3:TPX>
            </Extensions>
          </Trackpoint>
          <Trackpoint>
            <Time>2025-08-03T17:39:36.000Z</Time>
            <Position>
              <LatitudeDegrees>43.09716481715441</LatitudeDegrees>
              <LongitudeDegrees>-2.5746504217386246</LongitudeDegrees>
            </Position>
            <AltitudeMeters>253.39999389648438</AltitudeMeters>
            <DistanceMeters>484.7699890136719</DistanceMeters>
            <HeartRateBpm>
              <Value>75</Value>
            </HeartRateBpm>
            <Extensions>
              <ns3:TPX>
                <ns3:Speed>1.7359999418258667</ns3:Speed>
                <ns3:RunCadence>56</ns3:RunCadence>
              </ns3:TPX>
            </Extensions>
          </Trackpoint>
          <Trackpoint>
            <Time>2025-08-03T17:39:38.000Z</Time>
            <Position>
              <LatitudeDegrees>43.09717847965658</LatitudeDegrees>
              <LongitudeDegrees>-2.5746890623122454</LongitudeDegrees>
            </Position>
            <AltitudeMeters>253.39999389648438</AltitudeMeters>
            <DistanceMeters>488.3699951171875</DistanceMeters>
            <HeartRateBpm>
              <Value>78</Value>
            </HeartRateBpm>
            <Extensions>
              <ns3:TPX>
                <ns3:Speed>1.753999948501587</ns3:Speed>
                <ns3:RunCadence>57</ns3:RunCadence>
              </ns3:TPX>
            </Extensions>
          </Trackpoint>
          <Trackpoint>
            <Time>2025-08-03T17:39:42.000Z</Time>
            <Position>
              <LatitudeDegrees>43.097201781347394</LatitudeDegrees>
              <LongitudeDegrees>-2.574754524976015</LongitudeDegrees>
            </Position>
            <AltitudeMeters>253.60000610351562</AltitudeMeters>
            <DistanceMeters>494.6400146484375</DistanceMeters>
            <HeartRateBpm>
              <Value>81</Value>
            </HeartRateBpm>
            <Extensions>
              <ns3:TPX>
                <ns3:Speed>1.7640000581741333</ns3:Speed>
                <ns3:RunCadence>58</ns3:RunCadence>
              </ns3:TPX>
            </Extensions>
          </Trackpoint>
          <Trackpoint>
            <Time>2025-08-03T17:39:50.000Z</Time>
            <Position>
              <LatitudeDegrees>43.09726070612669</LatitudeDegrees>
              <LongitudeDegrees>-2.5748813431710005</LongitudeDegrees>
            </Position>
            <AltitudeMeters>253.60000610351562</AltitudeMeters>
            <DistanceMeters>506.44000244140625</DistanceMeters>
            <HeartRateBpm>
              <Value>79</Value>
            </HeartRateBpm>
            <Extensions>
              <ns3:TPX>
                <ns3:Speed>1.7450000047683716</ns3:Speed>
                <ns3:RunCadence>57</ns3:RunCadence>
              </ns3:TPX>
            </Extensions>
          </Trackpoint>
          <Trackpoint>
            <Time>2025-08-03T17:39:56.000Z</Time>
            <Position>
              <LatitudeDegrees>43.097307309508324</LatitudeDegrees>
              <LongitudeDegrees>-2.5749770645052195</LongitudeDegrees>
            </Position>
            <AltitudeMeters>253.0</AltitudeMeters>
            <DistanceMeters>515.8200073242188</DistanceMeters>
            <HeartRateBpm>
              <Value>77</Value>
            </HeartRateBpm>
            <Extensions>
              <ns3:TPX>
                <ns3:Speed>1.7450000047683716</ns3:Speed>
                <ns3:RunCadence>57</ns3:RunCadence>
              </ns3:TPX>
            </Extensions>
          </Trackpoint>
          <Trackpoint>
            <Time>2025-08-03T17:39:57.000Z</Time>
            <Position>
              <LatitudeDegrees>43.097317032516</LatitudeDegrees>
              <LongitudeDegrees>-2.574994331225753</LongitudeDegrees>
            </Position>
            <AltitudeMeters>253.0</AltitudeMeters>
            <DistanceMeters>517.22998046875</DistanceMeters>
            <HeartRateBpm>
              <Value>80</Value>
            </HeartRateBpm>
            <Extensions>
              <ns3:TPX>
                <ns3:Speed>1.7450000047683716</ns3:Speed>
                <ns3:RunCadence>57</ns3:RunCadence>
              </ns3:TPX>
            </Extensions>
          </Trackpoint>
          <Trackpoint>
            <Time>2025-08-03T17:39:58.000Z</Time>
            <Position>
              <LatitudeDegrees>43.097328348085284</LatitudeDegrees>
              <LongitudeDegrees>-2.5750084966421127</LongitudeDegrees>
            </Position>
            <AltitudeMeters>252.8000030517578</AltitudeMeters>
            <DistanceMeters>518.6699829101562</DistanceMeters>
            <HeartRateBpm>
              <Value>78</Value>
            </HeartRateBpm>
            <Extensions>
              <ns3:TPX>
                <ns3:Speed>1.7450000047683716</ns3:Speed>
                <ns3:RunCadence>58</ns3:RunCadence>
              </ns3:TPX>
            </Extensions>
          </Trackpoint>
          <Trackpoint>
            <Time>2025-08-03T17:40:04.000Z</Time>
            <Position>
              <LatitudeDegrees>43.097377298399806</LatitudeDegrees>
              <LongitudeDegrees>-2.5750881247222424</LongitudeDegrees>
            </Position>
            <AltitudeMeters>252.8000030517578</AltitudeMeters>
            <DistanceMeters>528.27001953125</DistanceMeters>
            <HeartRateBpm>
              <Value>80</Value>
            </HeartRateBpm>
            <Extensions>
              <ns3:TPX>
                <ns3:Speed>1.7359999418258667</ns3:Speed>
                <ns3:RunCadence>58</ns3:RunCadence>
              </ns3:TPX>
            </Extensions>
          </Trackpoint>
          <Trackpoint>
            <Time>2025-08-03T17:40:11.000Z</Time>
            <Position>
              <LatitudeDegrees>43.097428595647216</LatitudeDegrees>
              <LongitudeDegrees>-2.575204884633422</LongitudeDegrees>
            </Position>
            <AltitudeMeters>252.8000030517578</AltitudeMeters>
            <DistanceMeters>537.6300048828125</DistanceMeters>
            <HeartRateBpm>
              <Value>80</Value>
            </HeartRateBpm>
            <Extensions>
              <ns3:TPX>
                <ns3:Speed>1.7079999446868896</ns3:Speed>
                <ns3:RunCadence>58</ns3:RunCadence>
              </ns3:TPX>
            </Extensions>
          </Trackpoint>
          <Trackpoint>
            <Time>2025-08-03T17:40:12.000Z</Time>
            <Position>
              <LatitudeDegrees>43.097433960065246</LatitudeDegrees>
              <LongitudeDegrees>-2.5752212293446064</LongitudeDegrees>
            </Position>
            <AltitudeMeters>252.8000030517578</AltitudeMeters>
            <DistanceMeters>539.0</DistanceMeters>
            <HeartRateBpm>
              <Value>79</Value>
            </HeartRateBpm>
            <Extensions>
              <ns3:TPX>
                <ns3:Speed>1.6979999542236328</ns3:Speed>
                <ns3:RunCadence>58</ns3:RunCadence>
              </ns3:TPX>
            </Extensions>
          </Trackpoint>
          <Trackpoint>
            <Time>2025-08-03T17:40:18.000Z</Time>
            <Position>
              <LatitudeDegrees>43.09748316183686</LatitudeDegrees>
              <LongitudeDegrees>-2.575344108045101</LongitudeDegrees>
            </Position>
            <AltitudeMeters>252.1999969482422</AltitudeMeters>
            <DistanceMeters>549.27001953125</DistanceMeters>
            <HeartRateBpm>
              <Value>81</Value>
            </HeartRateBpm>
            <Extensions>
              <ns3:TPX>
                <ns3:Speed>1.6799999475479126</ns3:Speed>
                <ns3:RunCadence>58</ns3:RunCadence>
              </ns3:TPX>
            </Extensions>
          </Trackpoint>
          <Trackpoint>
            <Time>2025-08-03T17:40:20.000Z</Time>
            <Position>
              <LatitudeDegrees>43.097495483234525</LatitudeDegrees>
              <LongitudeDegrees>-2.575375037267804</LongitudeDegrees>
            </Position>
            <AltitudeMeters>252.1999969482422</AltitudeMeters>
            <DistanceMeters>553.8300170898438</DistanceMeters>
            <HeartRateBpm>
              <Value>82</Value>
            </HeartRateBpm>
            <Extensions>
              <ns3:TPX>
                <ns3:Speed>1.6890000104904175</ns3:Speed>
                <ns3:RunCadence>58</ns3:RunCadence>
              </ns3:TPX>
            </Extensions>
          </Trackpoint>
          <Trackpoint>
            <Time>2025-08-03T17:40:23.000Z</Time>
            <Position>
              <LatitudeDegrees>43.09752062894404</LatitudeDegrees>
              <LongitudeDegrees>-2.5754182878881693</LongitudeDegrees>
            </Position>
            <AltitudeMeters>252.0</AltitudeMeters>
            <DistanceMeters>558.5499877929688</DistanceMeters>
            <HeartRateBpm>
              <Value>78</Value>
            </HeartRateBpm>
            <Extensions>
              <ns3:TPX>
                <ns3:Speed>1.7079999446868896</ns3:Speed>
                <ns3:RunCadence>58</ns3:RunCadence>
              </ns3:TPX>
            </Extensions>
          </Trackpoint>
          <Trackpoint>
            <Time>2025-08-03T17:40:24.000Z</Time>
            <Position>
              <LatitudeDegrees>43.09752884320915</LatitudeDegrees>
              <LongitudeDegrees>-2.575428346171975</LongitudeDegrees>
            </Position>
            <AltitudeMeters>252.0</AltitudeMeters>
            <DistanceMeters>559.3200073242188</DistanceMeters>
            <HeartRateBpm>
              <Value>80</Value>
            </HeartRateBpm>
            <Extensions>
              <ns3:TPX>
                <ns3:Speed>1.7079999446868896</ns3:Speed>
                <ns3:RunCadence>58</ns3:RunCadence>
              </ns3:TPX>
            </Extensions>
          </Trackpoint>
          <Trackpoint>
            <Time>2025-08-03T17:40:29.000Z</Time>
            <Position>
              <LatitudeDegrees>43.09757351875305</LatitudeDegrees>
              <LongitudeDegrees>-2.575523564592004</LongitudeDegrees>
            </Position>
            <AltitudeMeters>252.0</AltitudeMeters>
            <DistanceMeters>566.47998046875</DistanceMeters>
            <HeartRateBpm>
              <Value>80</Value>
            </HeartRateBpm>
            <Extensions>
              <ns3:TPX>
                <ns3:Speed>1.6610000133514404</ns3:Speed>
                <ns3:RunCadence>59</ns3:RunCadence>
              </ns3:TPX>
            </Extensions>
          </Trackpoint>
          <Trackpoint>
            <Time>2025-08-03T17:40:32.000Z</Time>
            <Position>
              <LatitudeDegrees>43.09759832918644</LatitudeDegrees>
              <LongitudeDegrees>-2.5755813159048557</LongitudeDegrees>
            </Position>
            <AltitudeMeters>252.0</AltitudeMeters>
            <DistanceMeters>572.9199829101562</DistanceMeters>
            <HeartRateBpm>
              <Value>81</Value>
            </HeartRateBpm>
            <Extensions>
              <ns3:TPX>
                <ns3:Speed>1.6610000133514404</ns3:Speed>
                <ns3:RunCadence>59</ns3:RunCadence>
              </ns3:TPX>
            </Extensions>
          </Trackpoint>
          <Trackpoint>
            <Time>2025-08-03T17:40:39.000Z</Time>
            <Position>
              <LatitudeDegrees>43.09767175465822</LatitudeDegrees>
              <LongitudeDegrees>-2.5756832398474216</LongitudeDegrees>
            </Position>
            <AltitudeMeters>251.1999969482422</AltitudeMeters>
            <DistanceMeters>585.6799926757812</DistanceMeters>
            <HeartRateBpm>
              <Value>79</Value>
            </HeartRateBpm>
            <Extensions>
              <ns3:TPX>
                <ns3:Speed>1.6890000104904175</ns3:Speed>
                <ns3:RunCadence>58</ns3:RunCadence>
              </ns3:TPX>
            </Extensions>
          </Trackpoint>
          <Trackpoint>
            <Time>2025-08-03T17:40:44.000Z</Time>
            <Position>
              <LatitudeDegrees>43.09772229753435</LatitudeDegrees>
              <LongitudeDegrees>-2.5757471099495888</LongitudeDegrees>
            </Position>
            <AltitudeMeters>251.0</AltitudeMeters>
            <DistanceMeters>591.8900146484375</DistanceMeters>
            <HeartRateBpm>
              <Value>79</Value>
            </HeartRateBpm>
            <Extensions>
              <ns3:TPX>
                <ns3:Speed>1.6610000133514404</ns3:Speed>
                <ns3:RunCadence>58</ns3:RunCadence>
              </ns3:TPX>
            </Extensions>
          </Trackpoint>
          <Trackpoint>
            <Time>2025-08-03T17:40:47.000Z</Time>
            <Position>
              <LatitudeDegrees>43.09776898473501</LatitudeDegrees>
              <LongitudeDegrees>-2.5757974851876497</LongitudeDegrees>
            </Position>
            <AltitudeMeters>250.8000030517578</AltitudeMeters>
            <DistanceMeters>595.1900024414062</DistanceMeters>
            <HeartRateBpm>
              <Value>81</Value>
            </HeartRateBpm>
            <Extensions>
              <ns3:TPX>
                <ns3:Speed>1.6139999628067017</ns3:Speed>
                <ns3:RunCadence>58</ns3:RunCadence>
              </ns3:TPX>
            </Extensions>
          </Trackpoint>
          <Trackpoint>
            <Time>2025-08-03T17:40:48.000Z</Time>
            <Position>
              <LatitudeDegrees>43.09778289869428</LatitudeDegrees>
              <LongitudeDegrees>-2.5758178532123566</LongitudeDegrees>
            </Position>
            <AltitudeMeters>250.8000030517578</AltitudeMeters>
            <DistanceMeters>596.4299926757812</DistanceMeters>
            <HeartRateBpm>
              <Value>80</Value>
            </HeartRateBpm>
            <Extensions>
              <ns3:TPX>
                <ns3:Speed>1.5959999561309814</ns3:Speed>
                <ns3:RunCadence>58</ns3:RunCadence>
              </ns3:TPX>
            </Extensions>
          </Trackpoint>
          <Trackpoint>
            <Time>2025-08-03T17:40:50.000Z</Time>
            <Position>
              <LatitudeDegrees>43.097804356366396</LatitudeDegrees>
              <LongitudeDegrees>-2.5758482795208693</LongitudeDegrees>
            </Position>
            <AltitudeMeters>250.60000610351562</AltitudeMeters>
            <DistanceMeters>599.989990234375</DistanceMeters>
            <HeartRateBpm>
              <Value>84</Value>
            </HeartRateBpm>
            <Extensions>
              <ns3:TPX>
                <ns3:Speed>1.5770000219345093</ns3:Speed>
                <ns3:RunCadence>59</ns3:RunCadence>
              </ns3:TPX>
            </Extensions>
          </Trackpoint>
          <Trackpoint>
            <Time>2025-08-03T17:40:51.000Z</Time>
            <Position>
              <LatitudeDegrees>43.09781617484987</LatitudeDegrees>
              <LongitudeDegrees>-2.575859595090151</LongitudeDegrees>
            </Position>
            <AltitudeMeters>250.60000610351562</AltitudeMeters>
            <DistanceMeters>601.27001953125</DistanceMeters>
            <HeartRateBpm>
              <Value>86</Value>
            </HeartRateBpm>
            <Extensions>
              <ns3:TPX>
                <ns3:Speed>1.5770000219345093</ns3:Speed>
                <ns3:RunCadence>59</ns3:RunCadence>
              </ns3:TPX>
            </Extensions>
          </Trackpoint>
          <Trackpoint>
            <Time>2025-08-03T17:40:54.000Z</Time>
            <Position>
              <LatitudeDegrees>43.097836542874575</LatitudeDegrees>
              <LongitudeDegrees>-2.5758979003876448</LongitudeDegrees>
            </Position>
            <AltitudeMeters>250.39999389648438</AltitudeMeters>
            <DistanceMeters>605.5499877929688</DistanceMeters>
            <HeartRateBpm>
              <Value>88</Value>
            </HeartRateBpm>
            <Extensions>
              <ns3:TPX>
                <ns3:Speed>1.5679999589920044</ns3:Speed>
                <ns3:RunCadence>58</ns3:RunCadence>
              </ns3:TPX>
            </Extensions>
          </Trackpoint>
          <Trackpoint>
            <Time>2025-08-03T17:40:56.000Z</Time>
            <Position>
              <LatitudeDegrees>43.09785439632833</LatitudeDegrees>
              <LongitudeDegrees>-2.575927237048745</LongitudeDegrees>
            </Position>
            <AltitudeMeters>250.1999969482422</AltitudeMeters>
            <DistanceMeters>607.8300170898438</DistanceMeters>
            <HeartRateBpm>
              <Value>88</Value>
            </HeartRateBpm>
            <Extensions>
              <ns3:TPX>
                <ns3:Speed>1.5579999685287476</ns3:Speed>
                <ns3:RunCadence>59</ns3:RunCadence>
              </ns3:TPX>
            </Extensions>
          </Trackpoint>
          <Trackpoint>
            <Time>2025-08-03T17:40:57.000Z</Time>
            <Position>
              <LatitudeDegrees>43.09786671772599</LatitudeDegrees>
              <LongitudeDegrees>-2.5759336911141872</LongitudeDegrees>
            </Position>
            <AltitudeMeters>250.1999969482422</AltitudeMeters>
            <DistanceMeters>609.989990234375</DistanceMeters>
            <HeartRateBpm>
              <Value>89</Value>
            </HeartRateBpm>
            <Extensions>
              <ns3:TPX>
                <ns3:Speed>1.5579999685287476</ns3:Speed>
                <ns3:RunCadence>59</ns3:RunCadence>
              </ns3:TPX>
            </Extensions>
          </Trackpoint>
          <Trackpoint>
            <Time>2025-08-03T17:40:58.000Z</Time>
            <Position>
              <LatitudeDegrees>43.097887421026826</LatitudeDegrees>
              <LongitudeDegrees>-2.5759566575288773</LongitudeDegrees>
            </Position>
            <AltitudeMeters>250.1999969482422</AltitudeMeters>
            <DistanceMeters>612.1099853515625</DistanceMeters>
            <HeartRateBpm>
              <Value>90</Value>
            </HeartRateBpm>
            <Extensions>
              <ns3:TPX>
                <ns3:Speed>1.5490000247955322</ns3:Speed>
                <ns3:RunCadence>59</ns3:RunCadence>
              </ns3:TPX>
            </Extensions>
          </Trackpoint>
          <Trackpoint>
            <Time>2025-08-03T17:41:00.000Z</Time>
            <Position>
              <LatitudeDegrees>43.09790292754769</LatitudeDegrees>
              <LongitudeDegrees>-2.5759931188076735</LongitudeDegrees>
            </Position>
            <AltitudeMeters>250.1999969482422</AltitudeMeters>
            <DistanceMeters>616.27001953125</DistanceMeters>
            <HeartRateBpm>
              <Value>85</Value>
            </HeartRateBpm>
            <Extensions>
              <ns3:TPX>
                <ns3:Speed>1.5490000247955322</ns3:Speed>
                <ns3:RunCadence>59</ns3:RunCadence>
              </ns3:TPX>
            </Extensions>
          </Trackpoint>
          <Trackpoint>
            <Time>2025-08-03T17:41:01.000Z</Time>
            <Position>
              <LatitudeDegrees>43.097914746031165</LatitudeDegrees>
              <LongitudeDegrees>-2.5760157499462366</LongitudeDegrees>
            </Position>
            <AltitudeMeters>250.0</AltitudeMeters>
            <DistanceMeters>617.6900024414062</DistanceMeters>
            <HeartRateBpm>
              <Value>86</Value>
            </HeartRateBpm>
            <Extensions>
              <ns3:TPX>
                <ns3:Speed>1.5490000247955322</ns3:Speed>
                <ns3:RunCadence>59</ns3:RunCadence>
              </ns3:TPX>
            </Extensions>
          </Trackpoint>
          <Trackpoint>
            <Time>2025-08-03T17:41:04.000Z</Time>
            <Position>
              <LatitudeDegrees>43.09794567525387</LatitudeDegrees>
              <LongitudeDegrees>-2.576052714139223</LongitudeDegrees>
            </Position>
            <AltitudeMeters>250.0</AltitudeMeters>
            <DistanceMeters>622.219970703125</DistanceMeters>
            <HeartRateBpm>
              <Value>89</Value>
            </HeartRateBpm>
            <Extensions>
              <ns3:TPX>
                <ns3:Speed>1.5490000247955322</ns3:Speed>
                <ns3:RunCadence>59</ns3:RunCadence>
              </ns3:TPX>
            </Extensions>
          </Trackpoint>
          <Trackpoint>
            <Time>2025-08-03T17:41:05.000Z</Time>
            <Position>
              <LatitudeDegrees>43.09795154258609</LatitudeDegrees>
              <LongitudeDegrees>-2.576067801564932</LongitudeDegrees>
            </Position>
            <AltitudeMeters>250.0</AltitudeMeters>
            <DistanceMeters>624.010009765625</DistanceMeters>
            <HeartRateBpm>
              <Value>89</Value>
            </HeartRateBpm>
            <Extensions>
              <ns3:TPX>
                <ns3:Speed>1.5490000247955322</ns3:Speed>
                <ns3:RunCadence>59</ns3:RunCadence>
              </ns3:TPX>
            </Extensions>
          </Trackpoint>
          <Trackpoint>
            <Time>2025-08-03T17:41:07.000Z</Time>
            <Position>
              <LatitudeDegrees>43.09796042740345</LatitudeDegrees>
              <LongitudeDegrees>-2.576113063842058</LongitudeDegrees>
            </Position>
            <AltitudeMeters>249.60000610351562</AltitudeMeters>
            <DistanceMeters>627.25</DistanceMeters>
            <HeartRateBpm>
              <Value>92</Value>
            </HeartRateBpm>
            <Extensions>
              <ns3:TPX>
                <ns3:Speed>1.5490000247955322</ns3:Speed>
                <ns3:RunCadence>59</ns3:RunCadence>
              </ns3:TPX>
            </Extensions>
          </Trackpoint>
          <Trackpoint>
            <Time>2025-08-03T17:41:11.000Z</Time>
            <Position>
              <LatitudeDegrees>43.098015831783414</LatitudeDegrees>
              <LongitudeDegrees>-2.57615614682436</LongitudeDegrees>
            </Position>
            <AltitudeMeters>249.39999389648438</AltitudeMeters>
            <DistanceMeters>634.4400024414062</DistanceMeters>
            <HeartRateBpm>
              <Value>92</Value>
            </HeartRateBpm>
            <Extensions>
              <ns3:TPX>
                <ns3:Speed>1.5299999713897705</ns3:Speed>
                <ns3:RunCadence>58</ns3:RunCadence>
              </ns3:TPX>
            </Extensions>
          </Trackpoint>
          <Trackpoint>
            <Time>2025-08-03T17:41:12.000Z</Time>
            <Position>
              <LatitudeDegrees>43.0980303324759</LatitudeDegrees>
              <LongitudeDegrees>-2.5761706475168467</LongitudeDegrees>
            </Position>
            <AltitudeMeters>249.39999389648438</AltitudeMeters>
            <DistanceMeters>635.6799926757812</DistanceMeters>
            <HeartRateBpm>
              <Value>91</Value>
            </HeartRateBpm>
            <Extensions>
              <ns3:TPX>
                <ns3:Speed>1.5299999713897705</ns3:Speed>
                <ns3:RunCadence>58</ns3:RunCadence>
              </ns3:TPX>
            </Extensions>
          </Trackpoint>
          <Trackpoint>
            <Time>2025-08-03T17:41:14.000Z</Time>
            <Position>
              <LatitudeDegrees>43.098051119595766</LatitudeDegrees>
              <LongitudeDegrees>-2.5762107968330383</LongitudeDegrees>
            </Position>
            <AltitudeMeters>249.60000610351562</AltitudeMeters>
            <DistanceMeters>639.1400146484375</DistanceMeters>
            <HeartRateBpm>
              <Value>88</Value>
            </HeartRateBpm>
            <Extensions>
              <ns3:TPX>
                <ns3:Speed>1.5399999618530273</ns3:Speed>
                <ns3:RunCadence>58</ns3:RunCadence>
              </ns3:TPX>
            </Extensions>
          </Trackpoint>
          <Trackpoint>
            <Time>2025-08-03T17:41:19.000Z</Time>
            <Position>
              <LatitudeDegrees>43.098087161779404</LatitudeDegrees>
              <LongitudeDegrees>-2.5763215217739344</LongitudeDegrees>
            </Position>
            <AltitudeMeters>249.39999389648438</AltitudeMeters>
            <DistanceMeters>649.0800170898438</DistanceMeters>
            <HeartRateBpm>
              <Value>89</Value>
            </HeartRateBpm>
            <Extensions>
              <ns3:TPX>
                <ns3:Speed>1.5490000247955322</ns3:Speed>
                <ns3:RunCadence>58</ns3:RunCadence>
              </ns3:TPX>
            </Extensions>
          </Trackpoint>
          <Trackpoint>
            <Time>2025-08-03T17:41:21.000Z</Time>
            <Position>
              <LatitudeDegrees>43.098098477348685</LatitudeDegrees>
              <LongitudeDegrees>-2.576354295015335</LongitudeDegrees>
            </Position>
            <AltitudeMeters>249.0</AltitudeMeters>
            <DistanceMeters>652.0</DistanceMeters>
            <HeartRateBpm>
              <Value>88</Value>
            </HeartRateBpm>
            <Extensions>
              <ns3:TPX>
                <ns3:Speed>1.5679999589920044</ns3:Speed>
                <ns3:RunCadence>58</ns3:RunCadence>
              </ns3:TPX>
            </Extensions>
          </Trackpoint>
          <Trackpoint>
            <Time>2025-08-03T17:41:25.000Z</Time>
            <Position>
              <LatitudeDegrees>43.098142901435494</LatitudeDegrees>
              <LongitudeDegrees>-2.5764233618974686</LongitudeDegrees>
            </Position>
            <AltitudeMeters>248.8000030517578</AltitudeMeters>
            <DistanceMeters>659.0700073242188</DistanceMeters>
            <HeartRateBpm>
              <Value>87</Value>
            </HeartRateBpm>
            <Extensions>
              <ns3:TPX>
                <ns3:Speed>1.5679999589920044</ns3:Speed>
                <ns3:RunCadence>58</ns3:RunCadence>
              </ns3:TPX>
            </Extensions>
          </Trackpoint>
          <Trackpoint>
            <Time>2025-08-03T17:41:28.000Z</Time>
            <Position>
              <LatitudeDegrees>43.098165364935994</LatitudeDegrees>
              <LongitudeDegrees>-2.576470635831356</LongitudeDegrees>
            </Position>
            <AltitudeMeters>249.0</AltitudeMeters>
            <DistanceMeters>663.8400268554688</DistanceMeters>
            <HeartRateBpm>
              <Value>86</Value>
            </HeartRateBpm>
            <Extensions>
              <ns3:TPX>
                <ns3:Speed>1.5579999685287476</ns3:Speed>
                <ns3:RunCadence>58</ns3:RunCadence>
              </ns3:TPX>
            </Extensions>
          </Trackpoint>
          <Trackpoint>
            <Time>2025-08-03T17:41:29.000Z</Time>
            <Position>
              <LatitudeDegrees>43.09817592613399</LatitudeDegrees>
              <LongitudeDegrees>-2.576485723257065</LongitudeDegrees>
            </Position>
            <AltitudeMeters>249.0</AltitudeMeters>
            <DistanceMeters>665.25</DistanceMeters>
            <HeartRateBpm>
              <Value>84</Value>
            </HeartRateBpm>
            <Extensions>
              <ns3:TPX>
                <ns3:Speed>1.5579999685287476</ns3:Speed>
                <ns3:RunCadence>57</ns3:RunCadence>
              </ns3:TPX>
            </Extensions>
          </Trackpoint>
          <Trackpoint>
            <Time>2025-08-03T17:41:33.000Z</Time>
            <Position>
              <LatitudeDegrees>43.09819755144417</LatitudeDegrees>
              <LongitudeDegrees>-2.576566943898797</LongitudeDegrees>
            </Position>
            <AltitudeMeters>249.0</AltitudeMeters>
            <DistanceMeters>673.969970703125</DistanceMeters>
            <HeartRateBpm>
              <Value>87</Value>
            </HeartRateBpm>
            <Extensions>
              <ns3:TPX>
                <ns3:Speed>1.5679999589920044</ns3:Speed>
                <ns3:RunCadence>58</ns3:RunCadence>
              </ns3:TPX>
            </Extensions>
          </Trackpoint>
          <Trackpoint>
            <Time>2025-08-03T17:41:34.000Z</Time>
            <Position>
              <LatitudeDegrees>43.09820710681379</LatitudeDegrees>
              <LongitudeDegrees>-2.576577588915825</LongitudeDegrees>
            </Position>
            <AltitudeMeters>249.0</AltitudeMeters>
            <DistanceMeters>674.5700073242188</DistanceMeters>
            <HeartRateBpm>
              <Value>87</Value>
            </HeartRateBpm>
            <Extensions>
              <ns3:TPX>
                <ns3:Speed>1.5679999589920044</ns3:Speed>
                <ns3:RunCadence>58</ns3:RunCadence>
              </ns3:TPX>
            </Extensions>
          </Trackpoint>
          <Trackpoint>
            <Time>2025-08-03T17:41:35.000Z</Time>
            <Position>
              <LatitudeDegrees>43.098210878670216</LatitudeDegrees>
              <LongitudeDegrees>-2.5765967834740877</LongitudeDegrees>
            </Position>
            <AltitudeMeters>249.0</AltitudeMeters>
            <DistanceMeters>676.2999877929688</DistanceMeters>
            <HeartRateBpm>
              <Value>89</Value>
            </HeartRateBpm>
            <Extensions>
              <ns3:TPX>
                <ns3:Speed>1.5679999589920044</ns3:Speed>
                <ns3:RunCadence>58</ns3:RunCadence>
              </ns3:TPX>
            </Extensions>
          </Trackpoint>
          <Trackpoint>
            <Time>2025-08-03T17:41:36.000Z</Time>
            <Position>
              <LatitudeDegrees>43.09822102077305</LatitudeDegrees>
              <LongitudeDegrees>-2.576616145670414</LongitudeDegrees>
            </Position>
            <AltitudeMeters>248.8000030517578</AltitudeMeters>
            <DistanceMeters>677.6300048828125</DistanceMeters>
            <HeartRateBpm>
              <Value>87</Value>
            </HeartRateBpm>
            <Extensions>
              <ns3:TPX>
                <ns3:Speed>1.465000033378601</ns3:Speed>
                <ns3:RunCadence>58</ns3:RunCadence>
              </ns3:TPX>
            </Extensions>
          </Trackpoint>
          <Trackpoint>
            <Time>2025-08-03T17:41:39.000Z</Time>
            <Position>
              <LatitudeDegrees>43.098252452909946</LatitudeDegrees>
              <LongitudeDegrees>-2.576672388240695</LongitudeDegrees>
            </Position>
            <AltitudeMeters>248.60000610351562</AltitudeMeters>
            <DistanceMeters>682.1699829101562</DistanceMeters>
            <HeartRateBpm>
              <Value>84</Value>
            </HeartRateBpm>
            <Extensions>
              <ns3:TPX>
                <ns3:Speed>1.5210000276565552</ns3:Speed>
                <ns3:RunCadence>57</ns3:RunCadence>
              </ns3:TPX>
            </Extensions>
          </Trackpoint>
          <Trackpoint>
            <Time>2025-08-03T17:41:41.000Z</Time>
            <Position>
              <LatitudeDegrees>43.098263600841165</LatitudeDegrees>
              <LongitudeDegrees>-2.576699126511812</LongitudeDegrees>
            </Position>
            <AltitudeMeters>248.60000610351562</AltitudeMeters>
            <DistanceMeters>685.8599853515625</DistanceMeters>
            <HeartRateBpm>
              <Value>83</Value>
            </HeartRateBpm>
            <Extensions>
              <ns3:TPX>
                <ns3:Speed>1.5210000276565552</ns3:Speed>
                <ns3:RunCadence>57</ns3:RunCadence>
              </ns3:TPX>
            </Extensions>
          </Trackpoint>
          <Trackpoint>
            <Time>2025-08-03T17:41:42.000Z</Time>
            <Position>
              <LatitudeDegrees>43.098274916410446</LatitudeDegrees>
              <LongitudeDegrees>-2.576727205887437</LongitudeDegrees>
            </Position>
            <AltitudeMeters>248.60000610351562</AltitudeMeters>
            <DistanceMeters>688.02001953125</DistanceMeters>
            <HeartRateBpm>
              <Value>83</Value>
            </HeartRateBpm>
            <Extensions>
              <ns3:TPX>
                <ns3:Speed>1.6139999628067017</ns3:Speed>
                <ns3:RunCadence>58</ns3:RunCadence>
              </ns3:TPX>
            </Extensions>
          </Trackpoint>
          <Trackpoint>
            <Time>2025-08-03T17:41:44.000Z</Time>
            <Position>
              <LatitudeDegrees>43.09829033911228</LatitudeDegrees>
              <LongitudeDegrees>-2.576770791783929</LongitudeDegrees>
            </Position>
            <AltitudeMeters>248.8000030517578</AltitudeMeters>
            <DistanceMeters>692.3400268554688</DistanceMeters>
            <HeartRateBpm>
              <Value>80</Value>
            </HeartRateBpm>
            <Extensions>
              <ns3:TPX>
                <ns3:Speed>1.7640000581741333</ns3:Speed>
                <ns3:RunCadence>57</ns3:RunCadence>
              </ns3:TPX>
            </Extensions>
          </Trackpoint>
          <Trackpoint>
            <Time>2025-08-03T17:41:45.000Z</Time>
            <Position>
              <LatitudeDegrees>43.0982996430248</LatitudeDegrees>
              <LongitudeDegrees>-2.5767796766012907</LongitudeDegrees>
            </Position>
            <AltitudeMeters>248.60000610351562</AltitudeMeters>
            <DistanceMeters>694.1199951171875</DistanceMeters>
            <HeartRateBpm>
              <Value>83</Value>
            </HeartRateBpm>
            <Extensions>
              <ns3:TPX>
                <ns3:Speed>1.8009999990463257</ns3:Speed>
                <ns3:RunCadence>57</ns3:RunCadence>
              </ns3:TPX>
            </Extensions>
          </Trackpoint>
          <Trackpoint>
            <Time>2025-08-03T17:41:46.000Z</Time>
            <Position>
              <LatitudeDegrees>43.09830877929926</LatitudeDegrees>
              <LongitudeDegrees>-2.5767930038273335</LongitudeDegrees>
            </Position>
            <AltitudeMeters>248.60000610351562</AltitudeMeters>
            <DistanceMeters>695.5900268554688</DistanceMeters>
            <HeartRateBpm>
              <Value>83</Value>
            </HeartRateBpm>
            <Extensions>
              <ns3:TPX>
                <ns3:Speed>1.8009999990463257</ns3:Speed>
                <ns3:RunCadence>57</ns3:RunCadence>
              </ns3:TPX>
            </Extensions>
          </Trackpoint>
          <Trackpoint>
            <Time>2025-08-03T17:41:48.000Z</Time>
            <Position>
              <LatitudeDegrees>43.098328057676554</LatitudeDegrees>
              <LongitudeDegrees>-2.5768365059047937</LongitudeDegrees>
            </Position>
            <AltitudeMeters>248.39999389648438</AltitudeMeters>
            <DistanceMeters>698.8900146484375</DistanceMeters>
            <HeartRateBpm>
              <Value>84</Value>
            </HeartRateBpm>
            <Extensions>
              <ns3:TPX>
                <ns3:Speed>1.7170000076293945</ns3:Speed>
                <ns3:RunCadence>58</ns3:RunCadence>
              </ns3:TPX>
            </Extensions>
          </Trackpoint>
          <Trackpoint>
            <Time>2025-08-03T17:41:50.000Z</Time>
            <Position>
              <LatitudeDegrees>43.098337948322296</LatitudeDegrees>
              <LongitudeDegrees>-2.5768734700977802</LongitudeDegrees>
            </Position>
            <AltitudeMeters>248.1999969482422</AltitudeMeters>
            <DistanceMeters>702.77001953125</DistanceMeters>
            <HeartRateBpm>
              <Value>83</Value>
            </HeartRateBpm>
            <Extensions>
              <ns3:TPX>
                <ns3:Speed>1.6610000133514404</ns3:Speed>
                <ns3:RunCadence>58</ns3:RunCadence>
              </ns3:TPX>
            </Extensions>
          </Trackpoint>
          <Trackpoint>
            <Time>2025-08-03T17:41:52.000Z</Time>
            <Position>
              <LatitudeDegrees>43.098355550318956</LatitudeDegrees>
              <LongitudeDegrees>-2.5769121944904327</LongitudeDegrees>
            </Position>
            <AltitudeMeters>248.0</AltitudeMeters>
            <DistanceMeters>705.3400268554688</DistanceMeters>
            <HeartRateBpm>
              <Value>81</Value>
            </HeartRateBpm>
            <Extensions>
              <ns3:TPX>
                <ns3:Speed>1.6519999504089355</ns3:Speed>
                <ns3:RunCadence>57</ns3:RunCadence>
              </ns3:TPX>
            </Extensions>
          </Trackpoint>
          <Trackpoint>
            <Time>2025-08-03T17:41:53.000Z</Time>
            <Position>
              <LatitudeDegrees>43.09837717562914</LatitudeDegrees>
              <LongitudeDegrees>-2.5769240967929363</LongitudeDegrees>
            </Position>
            <AltitudeMeters>248.0</AltitudeMeters>
            <DistanceMeters>708.510009765625</DistanceMeters>
            <HeartRateBpm>
              <Value>83</Value>
            </HeartRateBpm>
            <Extensions>
              <ns3:TPX>
                <ns3:Speed>1.6239999532699585</ns3:Speed>
                <ns3:RunCadence>57</ns3:RunCadence>
              </ns3:TPX>
            </Extensions>
          </Trackpoint>
          <Trackpoint>
            <Time>2025-08-03T17:41:57.000Z</Time>
            <Position>
              <LatitudeDegrees>43.09844180010259</LatitudeDegrees>
              <LongitudeDegrees>-2.577018728479743</LongitudeDegrees>
            </Position>
            <AltitudeMeters>248.0</AltitudeMeters>
            <DistanceMeters>717.989990234375</DistanceMeters>
            <HeartRateBpm>
              <Value>82</Value>
            </HeartRateBpm>
            <Extensions>
              <ns3:TPX>
                <ns3:Speed>1.6239999532699585</ns3:Speed>
                <ns3:RunCadence>58</ns3:RunCadence>
              </ns3:TPX>
            </Extensions>
          </Trackpoint>
          <Trackpoint>
            <Time>2025-08-03T17:41:59.000Z</Time>
            <Position>
              <LatitudeDegrees>43.09847113676369</LatitudeDegrees>
              <LongitudeDegrees>-2.5770745519548655</LongitudeDegrees>
            </Position>
            <AltitudeMeters>248.0</AltitudeMeters>
            <DistanceMeters>723.969970703125</DistanceMeters>
            <HeartRateBpm>
              <Value>85</Value>
            </HeartRateBpm>
            <Extensions>
              <ns3:TPX>
                <ns3:Speed>1.6799999475479126</ns3:Speed>
                <ns3:RunCadence>58</ns3:RunCadence>
              </ns3:TPX>
            </Extensions>
          </Trackpoint>
          <Trackpoint>
            <Time>2025-08-03T17:42:04.000Z</Time>
            <Position>
              <LatitudeDegrees>43.09851463884115</LatitudeDegrees>
              <LongitudeDegrees>-2.5771737098693848</LongitudeDegrees>
            </Position>
            <AltitudeMeters>248.0</AltitudeMeters>
            <DistanceMeters>734.3699951171875</DistanceMeters>
            <HeartRateBpm>
              <Value>84</Value>
            </HeartRateBpm>
            <Extensions>
              <ns3:TPX>
                <ns3:Speed>1.809999942779541</ns3:Speed>
                <ns3:RunCadence>58</ns3:RunCadence>
              </ns3:TPX>
            </Extensions>
          </Trackpoint>
          <Trackpoint>
            <Time>2025-08-03T17:42:05.000Z</Time>
            <Position>
              <LatitudeDegrees>43.09851698577404</LatitudeDegrees>
              <LongitudeDegrees>-2.5771867856383324</LongitudeDegrees>
            </Position>
            <AltitudeMeters>248.0</AltitudeMeters>
            <DistanceMeters>736.6099853515625</DistanceMeters>
            <HeartRateBpm>
              <Value>82</Value>
            </HeartRateBpm>
            <Extensions>
              <ns3:TPX>
                <ns3:Speed>1.809999942779541</ns3:Speed>
                <ns3:RunCadence>58</ns3:RunCadence>
              </ns3:TPX>
            </Extensions>
          </Trackpoint>
          <Trackpoint>
            <Time>2025-08-03T17:42:08.000Z</Time>
            <Position>
              <LatitudeDegrees>43.098550932481885</LatitudeDegrees>
              <LongitudeDegrees>-2.5772400107234716</LongitudeDegrees>
            </Position>
            <AltitudeMeters>247.8000030517578</AltitudeMeters>
            <DistanceMeters>744.9000244140625</DistanceMeters>
            <HeartRateBpm>
              <Value>83</Value>
            </HeartRateBpm>
            <Extensions>
              <ns3:TPX>
                <ns3:Speed>1.847000002861023</ns3:Speed>
                <ns3:RunCadence>59</ns3:RunCadence>
              </ns3:TPX>
            </Extensions>
          </Trackpoint>
          <Trackpoint>
            <Time>2025-08-03T17:42:15.000Z</Time>
            <Position>
              <LatitudeDegrees>43.098629135638475</LatitudeDegrees>
              <LongitudeDegrees>-2.5773584470152855</LongitudeDegrees>
            </Position>
            <AltitudeMeters>247.1999969482422</AltitudeMeters>
            <DistanceMeters>758.6799926757812</DistanceMeters>
            <HeartRateBpm>
              <Value>83</Value>
            </HeartRateBpm>
            <Extensions>
              <ns3:TPX>
                <ns3:Speed>2.00600004196167</ns3:Speed>
                <ns3:RunCadence>58</ns3:RunCadence>
              </ns3:TPX>
            </Extensions>
          </Trackpoint>
          <Trackpoint>
            <Time>2025-08-03T17:42:22.000Z</Time>
            <Position>
              <LatitudeDegrees>43.09869132936001</LatitudeDegrees>
              <LongitudeDegrees>-2.577508734539151</LongitudeDegrees>
            </Position>
            <AltitudeMeters>247.0</AltitudeMeters>
            <DistanceMeters>771.4400024414062</DistanceMeters>
            <HeartRateBpm>
              <Value>84</Value>
            </HeartRateBpm>
            <Extensions>
              <ns3:TPX>
                <ns3:Speed>1.9869999885559082</ns3:Speed>
                <ns3:RunCadence>58</ns3:RunCadence>
              </ns3:TPX>
            </Extensions>
          </Trackpoint>
          <Trackpoint>
            <Time>2025-08-03T17:42:25.000Z</Time>
            <Position>
              <LatitudeDegrees>43.09872133657336</LatitudeDegrees>
              <LongitudeDegrees>-2.577551146969199</LongitudeDegrees>
            </Position>
            <AltitudeMeters>247.0</AltitudeMeters>
            <DistanceMeters>777.1799926757812</DistanceMeters>
            <HeartRateBpm>
              <Value>81</Value>
            </HeartRateBpm>
            <Extensions>
              <ns3:TPX>
                <ns3:Speed>1.968999981880188</ns3:Speed>
                <ns3:RunCadence>58</ns3:RunCadence>
              </ns3:TPX>
            </Extensions>
          </Trackpoint>
          <Trackpoint>
            <Time>2025-08-03T17:42:30.000Z</Time>
            <Position>
              <LatitudeDegrees>43.09878369793296</LatitudeDegrees>
              <LongitudeDegrees>-2.5776326190680265</LongitudeDegrees>
            </Position>
            <AltitudeMeters>246.39999389648438</AltitudeMeters>
            <DistanceMeters>785.9299926757812</DistanceMeters>
            <HeartRateBpm>
              <Value>79</Value>
            </HeartRateBpm>
            <Extensions>
              <ns3:TPX>
                <ns3:Speed>1.930999994277954</ns3:Speed>
                <ns3:RunCadence>58</ns3:RunCadence>
              </ns3:TPX>
            </Extensions>
          </Trackpoint>
          <Trackpoint>
            <Time>2025-08-03T17:42:35.000Z</Time>
            <Position>
              <LatitudeDegrees>43.098828960210085</LatitudeDegrees>
              <LongitudeDegrees>-2.577720796689391</LongitudeDegrees>
            </Position>
            <AltitudeMeters>247.0</AltitudeMeters>
            <DistanceMeters>796.0599975585938</DistanceMeters>
            <HeartRateBpm>
              <Value>82</Value>
            </HeartRateBpm>
            <Extensions>
              <ns3:TPX>
                <ns3:Speed>1.9589999914169312</ns3:Speed>
                <ns3:RunCadence>59</ns3:RunCadence>
              </ns3:TPX>
            </Extensions>
          </Trackpoint>
          <Trackpoint>
            <Time>2025-08-03T17:42:38.000Z</Time>
            <Position>
              <LatitudeDegrees>43.0988591350615</LatitudeDegrees>
              <LongitudeDegrees>-2.577769663184881</LongitudeDegrees>
            </Position>
            <AltitudeMeters>246.60000610351562</AltitudeMeters>
            <DistanceMeters>801.8099975585938</DistanceMeters>
            <HeartRateBpm>
              <Value>80</Value>
            </HeartRateBpm>
            <Extensions>
              <ns3:TPX>
                <ns3:Speed>1.9589999914169312</ns3:Speed>
                <ns3:RunCadence>57</ns3:RunCadence>
              </ns3:TPX>
            </Extensions>
          </Trackpoint>
          <Trackpoint>
            <Time>2025-08-03T17:42:41.000Z</Time>
            <Position>
              <LatitudeDegrees>43.098892997950315</LatitudeDegrees>
              <LongitudeDegrees>-2.5778163503855467</LongitudeDegrees>
            </Position>
            <AltitudeMeters>246.0</AltitudeMeters>
            <DistanceMeters>807.8200073242188</DistanceMeters>
            <HeartRateBpm>
              <Value>78</Value>
            </HeartRateBpm>
            <Extensions>
              <ns3:TPX>
                <ns3:Speed>1.968999981880188</ns3:Speed>
                <ns3:RunCadence>55</ns3:RunCadence>
              </ns3:TPX>
            </Extensions>
          </Trackpoint>
          <Trackpoint>
            <Time>2025-08-03T17:42:45.000Z</Time>
            <Position>
              <LatitudeDegrees>43.09892602264881</LatitudeDegrees>
              <LongitudeDegrees>-2.577878460288048</LongitudeDegrees>
            </Position>
            <AltitudeMeters>246.39999389648438</AltitudeMeters>
            <DistanceMeters>814.6400146484375</DistanceMeters>
            <HeartRateBpm>
              <Value>75</Value>
            </HeartRateBpm>
            <Extensions>
              <ns3:TPX>
                <ns3:Speed>1.968999981880188</ns3:Speed>
                <ns3:RunCadence>57</ns3:RunCadence>
              </ns3:TPX>
            </Extensions>
          </Trackpoint>
          <Trackpoint>
            <Time>2025-08-03T17:42:51.000Z</Time>
            <Position>
              <LatitudeDegrees>43.0989920720458</LatitudeDegrees>
              <LongitudeDegrees>-2.5779828149825335</LongitudeDegrees>
            </Position>
            <AltitudeMeters>246.60000610351562</AltitudeMeters>
            <DistanceMeters>826.0599975585938</DistanceMeters>
            <HeartRateBpm>
              <Value>72</Value>
            </HeartRateBpm>
            <Extensions>
              <ns3:TPX>
                <ns3:Speed>1.9869999885559082</ns3:Speed>
                <ns3:RunCadence>56</ns3:RunCadence>
              </ns3:TPX>
            </Extensions>
          </Trackpoint>
          <Trackpoint>
            <Time>2025-08-03T17:42:53.000Z</Time>
            <Position>
              <LatitudeDegrees>43.099011769518256</LatitudeDegrees>
              <LongitudeDegrees>-2.578024473041296</LongitudeDegrees>
            </Position>
            <AltitudeMeters>246.39999389648438</AltitudeMeters>
            <DistanceMeters>829.47998046875</DistanceMeters>
            <HeartRateBpm>
              <Value>75</Value>
            </HeartRateBpm>
            <Extensions>
              <ns3:TPX>
                <ns3:Speed>1.9869999885559082</ns3:Speed>
                <ns3:RunCadence>56</ns3:RunCadence>
              </ns3:TPX>
            </Extensions>
          </Trackpoint>
          <Trackpoint>
            <Time>2025-08-03T17:42:54.000Z</Time>
            <Position>
              <LatitudeDegrees>43.09902107343078</LatitudeDegrees>
              <LongitudeDegrees>-2.5780457630753517</LongitudeDegrees>
            </Position>
            <AltitudeMeters>246.1999969482422</AltitudeMeters>
            <DistanceMeters>831.239990234375</DistanceMeters>
            <HeartRateBpm>
              <Value>74</Value>
            </HeartRateBpm>
            <Extensions>
              <ns3:TPX>
                <ns3:Speed>1.9780000448226929</ns3:Speed>
                <ns3:RunCadence>57</ns3:RunCadence>
              </ns3:TPX>
            </Extensions>
          </Trackpoint>
          <Trackpoint>
            <Time>2025-08-03T17:42:57.000Z</Time>
            <Position>
              <LatitudeDegrees>43.099043956026435</LatitudeDegrees>
              <LongitudeDegrees>-2.5781047716736794</LongitudeDegrees>
            </Position>
            <AltitudeMeters>245.8000030517578</AltitudeMeters>
            <DistanceMeters>836.5599975585938</DistanceMeters>
            <HeartRateBpm>
              <Value>76</Value>
            </HeartRateBpm>
            <Extensions>
              <ns3:TPX>
                <ns3:Speed>1.9780000448226929</ns3:Speed>
                <ns3:RunCadence>57</ns3:RunCadence>
              </ns3:TPX>
            </Extensions>
          </Trackpoint>
          <Trackpoint>
            <Time>2025-08-03T17:43:01.000Z</Time>
            <Position>
              <LatitudeDegrees>43.09907496906817</LatitudeDegrees>
              <LongitudeDegrees>-2.578182639554143</LongitudeDegrees>
            </Position>
            <AltitudeMeters>245.0</AltitudeMeters>
            <DistanceMeters>844.739990234375</DistanceMeters>
            <HeartRateBpm>
              <Value>76</Value>
            </HeartRateBpm>
            <Extensions>
              <ns3:TPX>
                <ns3:Speed>1.968999981880188</ns3:Speed>
                <ns3:RunCadence>57</ns3:RunCadence>
              </ns3:TPX>
            </Extensions>
          </Trackpoint>
          <Trackpoint>
            <Time>2025-08-03T17:43:08.000Z</Time>
            <Position>
              <LatitudeDegrees>43.0991530045867</LatitudeDegrees>
              <LongitudeDegrees>-2.578301327303052</LongitudeDegrees>
            </Position>
            <AltitudeMeters>246.0</AltitudeMeters>
            <DistanceMeters>859.7899780273438</DistanceMeters>
            <HeartRateBpm>
              <Value>75</Value>
            </HeartRateBpm>
            <Extensions>
              <ns3:TPX>
                <ns3:Speed>2.0339999198913574</ns3:Speed>
                <ns3:RunCadence>57</ns3:RunCadence>
              </ns3:TPX>
            </Extensions>
          </Trackpoint>
          <Trackpoint>
            <Time>2025-08-03T17:43:14.000Z</Time>
            <Position>
              <LatitudeDegrees>43.099202793091536</LatitudeDegrees>
              <LongitudeDegrees>-2.5783951207995415</LongitudeDegrees>
            </Position>
            <AltitudeMeters>245.1999969482422</AltitudeMeters>
            <DistanceMeters>870.010009765625</DistanceMeters>
            <HeartRateBpm>
              <Value>77</Value>
            </HeartRateBpm>
            <Extensions>
              <ns3:TPX>
                <ns3:Speed>2.0429999828338623</ns3:Speed>
                <ns3:RunCadence>58</ns3:RunCadence>
              </ns3:TPX>
            </Extensions>
          </Trackpoint>
          <Trackpoint>
            <Time>2025-08-03T17:43:17.000Z</Time>
            <Position>
              <LatitudeDegrees>43.09922483749688</LatitudeDegrees>
              <LongitudeDegrees>-2.578459745272994</LongitudeDegrees>
            </Position>
            <AltitudeMeters>245.0</AltitudeMeters>
            <DistanceMeters>874.9500122070312</DistanceMeters>
            <HeartRateBpm>
              <Value>74</Value>
            </HeartRateBpm>
            <Extensions>
              <ns3:TPX>
                <ns3:Speed>2.0250000953674316</ns3:Speed>
                <ns3:RunCadence>57</ns3:RunCadence>
              </ns3:TPX>
            </Extensions>
          </Trackpoint>
          <Trackpoint>
            <Time>2025-08-03T17:43:18.000Z</Time>
            <Position>
              <LatitudeDegrees>43.09923615306616</LatitudeDegrees>
              <LongitudeDegrees>-2.578478939831257</LongitudeDegrees>
            </Position>
            <AltitudeMeters>244.8000030517578</AltitudeMeters>
            <DistanceMeters>876.6500244140625</DistanceMeters>
            <HeartRateBpm>
              <Value>74</Value>
            </HeartRateBpm>
            <Extensions>
              <ns3:TPX>
                <ns3:Speed>2.0250000953674316</ns3:Speed>
                <ns3:RunCadence>57</ns3:RunCadence>
              </ns3:TPX>
            </Extensions>
          </Trackpoint>
          <Trackpoint>
            <Time>2025-08-03T17:43:21.000Z</Time>
            <Position>
              <LatitudeDegrees>43.09927060268819</LatitudeDegrees>
              <LongitudeDegrees>-2.578530153259635</LongitudeDegrees>
            </Position>
            <AltitudeMeters>244.60000610351562</AltitudeMeters>
            <DistanceMeters>881.9000244140625</DistanceMeters>
            <HeartRateBpm>
              <Value>75</Value>
            </HeartRateBpm>
            <Extensions>
              <ns3:TPX>
                <ns3:Speed>2.015000104904175</ns3:Speed>
                <ns3:RunCadence>57</ns3:RunCadence>
              </ns3:TPX>
            </Extensions>
          </Trackpoint>
          <Trackpoint>
            <Time>2025-08-03T17:43:27.000Z</Time>
            <Position>
              <LatitudeDegrees>43.09934427961707</LatitudeDegrees>
              <LongitudeDegrees>-2.578618498519063</LongitudeDegrees>
            </Position>
            <AltitudeMeters>244.60000610351562</AltitudeMeters>
            <DistanceMeters>893.0900268554688</DistanceMeters>
            <HeartRateBpm>
              <Value>78</Value>
            </HeartRateBpm>
            <Extensions>
              <ns3:TPX>
                <ns3:Speed>1.996999979019165</ns3:Speed>
                <ns3:RunCadence>58</ns3:RunCadence>
              </ns3:TPX>
            </Extensions>
          </Trackpoint>
          <Trackpoint>
            <Time>2025-08-03T17:43:29.000Z</Time>
            <Position>
              <LatitudeDegrees>43.099369928240776</LatitudeDegrees>
              <LongitudeDegrees>-2.5786481704562902</LongitudeDegrees>
            </Position>
            <AltitudeMeters>244.8000030517578</AltitudeMeters>
            <DistanceMeters>896.7899780273438</DistanceMeters>
            <HeartRateBpm>
              <Value>75</Value>
            </HeartRateBpm>
            <Extensions>
              <ns3:TPX>
                <ns3:Speed>2.00600004196167</ns3:Speed>
                <ns3:RunCadence>57</ns3:RunCadence>
              </ns3:TPX>
            </Extensions>
          </Trackpoint>
          <Trackpoint>
            <Time>2025-08-03T17:43:30.000Z</Time>
            <Position>
              <LatitudeDegrees>43.09938543476164</LatitudeDegrees>
              <LongitudeDegrees>-2.578663257881999</LongitudeDegrees>
            </Position>
            <AltitudeMeters>245.0</AltitudeMeters>
            <DistanceMeters>898.47998046875</DistanceMeters>
            <HeartRateBpm>
              <Value>76</Value>
            </HeartRateBpm>
            <Extensions>
              <ns3:TPX>
                <ns3:Speed>2.00600004196167</ns3:Speed>
                <ns3:RunCadence>57</ns3:RunCadence>
              </ns3:TPX>
            </Extensions>
          </Trackpoint>
          <Trackpoint>
            <Time>2025-08-03T17:43:35.000Z</Time>
            <Position>
              <LatitudeDegrees>43.09944544918835</LatitudeDegrees>
              <LongitudeDegrees>-2.578677926212549</LongitudeDegrees>
            </Position>
            <AltitudeMeters>244.60000610351562</AltitudeMeters>
            <DistanceMeters>906.3499755859375</DistanceMeters>
            <HeartRateBpm>
              <Value>75</Value>
            </HeartRateBpm>
            <Extensions>
              <ns3:TPX>
                <ns3:Speed>1.996999979019165</ns3:Speed>
                <ns3:RunCadence>56</ns3:RunCadence>
              </ns3:TPX>
            </Extensions>
          </Trackpoint>
          <Trackpoint>
            <Time>2025-08-03T17:43:36.000Z</Time>
            <Position>
              <LatitudeDegrees>43.099452406167984</LatitudeDegrees>
              <LongitudeDegrees>-2.5786811113357544</LongitudeDegrees>
            </Position>
            <AltitudeMeters>244.60000610351562</AltitudeMeters>
            <DistanceMeters>907.4299926757812</DistanceMeters>
            <HeartRateBpm>
              <Value>72</Value>
            </HeartRateBpm>
            <Extensions>
              <ns3:TPX>
                <ns3:Speed>1.9869999885559082</ns3:Speed>
                <ns3:RunCadence>57</ns3:RunCadence>
              </ns3:TPX>
            </Extensions>
          </Trackpoint>
          <Trackpoint>
            <Time>2025-08-03T17:43:42.000Z</Time>
            <Position>
              <LatitudeDegrees>43.09939390048385</LatitudeDegrees>
              <LongitudeDegrees>-2.578668873757124</LongitudeDegrees>
            </Position>
            <AltitudeMeters>244.39999389648438</AltitudeMeters>
            <DistanceMeters>908.0900268554688</DistanceMeters>
            <HeartRateBpm>
              <Value>75</Value>
            </HeartRateBpm>
            <Extensions>
              <ns3:TPX>
                <ns3:Speed>0.0</ns3:Speed>
                <ns3:RunCadence>0</ns3:RunCadence>
              </ns3:TPX>
            </Extensions>
          </Trackpoint>
          <Trackpoint>
            <Time>2025-08-03T17:43:43.000Z</Time>
            <Position>
              <LatitudeDegrees>43.09938333928585</LatitudeDegrees>
              <LongitudeDegrees>-2.5786695443093777</LongitudeDegrees>
            </Position>
            <AltitudeMeters>244.39999389648438</AltitudeMeters>
            <DistanceMeters>908.1500244140625</DistanceMeters>
            <HeartRateBpm>
              <Value>75</Value>
            </HeartRateBpm>
            <Extensions>
              <ns3:TPX>
                <ns3:Speed>0.0</ns3:Speed>
                <ns3:RunCadence>0</ns3:RunCadence>
              </ns3:TPX>
            </Extensions>
          </Trackpoint>
          <Trackpoint>
            <Time>2025-08-03T17:43:54.000Z</Time>
            <Position>
              <LatitudeDegrees>43.0994083173573</LatitudeDegrees>
              <LongitudeDegrees>-2.578637106344104</LongitudeDegrees>
            </Position>
            <AltitudeMeters>244.39999389648438</AltitudeMeters>
            <DistanceMeters>908.9199829101562</DistanceMeters>
            <HeartRateBpm>
              <Value>73</Value>
            </HeartRateBpm>
            <Extensions>
              <ns3:TPX>
                <ns3:Speed>0.0</ns3:Speed>
                <ns3:RunCadence>0</ns3:RunCadence>
              </ns3:TPX>
            </Extensions>
          </Trackpoint>
          <Trackpoint>
            <Time>2025-08-03T17:43:59.000Z</Time>
            <Position>
              <LatitudeDegrees>43.099486688151956</LatitudeDegrees>
              <LongitudeDegrees>-2.5787537824362516</LongitudeDegrees>
            </Position>
            <AltitudeMeters>244.39999389648438</AltitudeMeters>
            <DistanceMeters>914.72998046875</DistanceMeters>
            <HeartRateBpm>
              <Value>75</Value>
            </HeartRateBpm>
            <Extensions>
              <ns3:TPX>
                <ns3:Speed>0.0</ns3:Speed>
                <ns3:RunCadence>0</ns3:RunCadence>
              </ns3:TPX>
            </Extensions>
          </Trackpoint>
          <Trackpoint>
            <Time>2025-08-03T17:44:01.000Z</Time>
            <Position>
              <LatitudeDegrees>43.09951912611723</LatitudeDegrees>
              <LongitudeDegrees>-2.5787956081330776</LongitudeDegrees>
            </Position>
            <AltitudeMeters>244.39999389648438</AltitudeMeters>
            <DistanceMeters>919.3699951171875</DistanceMeters>
            <HeartRateBpm>
              <Value>74</Value>
            </HeartRateBpm>
            <Extensions>
              <ns3:TPX>
                <ns3:Speed>1.371999979019165</ns3:Speed>
                <ns3:RunCadence>0</ns3:RunCadence>
              </ns3:TPX>
            </Extensions>
          </Trackpoint>
          <Trackpoint>
            <Time>2025-08-03T17:44:03.000Z</Time>
            <Position>
              <LatitudeDegrees>43.099544271826744</LatitudeDegrees>
              <LongitudeDegrees>-2.5788304768502712</LongitudeDegrees>
            </Position>
            <AltitudeMeters>244.60000610351562</AltitudeMeters>
            <DistanceMeters>923.52001953125</DistanceMeters>
            <HeartRateBpm>
              <Value>73</Value>
            </HeartRateBpm>
            <Extensions>
              <ns3:TPX>
                <ns3:Speed>2.378999948501587</ns3:Speed>
                <ns3:RunCadence>0</ns3:RunCadence>
              </ns3:TPX>
            </Extensions>
          </Trackpoint>
          <Trackpoint>
            <Time>2025-08-03T17:44:06.000Z</Time>
            <Position>
              <LatitudeDegrees>43.09957830235362</LatitudeDegrees>
              <LongitudeDegrees>-2.5788774993270636</LongitudeDegrees>
            </Position>
            <AltitudeMeters>244.60000610351562</AltitudeMeters>
            <DistanceMeters>928.7000122070312</DistanceMeters>
            <HeartRateBpm>
              <Value>74</Value>
            </HeartRateBpm>
            <Extensions>
              <ns3:TPX>
                <ns3:Speed>2.062000036239624</ns3:Speed>
                <ns3:RunCadence>68</ns3:RunCadence>
              </ns3:TPX>
            </Extensions>
          </Trackpoint>
          <Trackpoint>
            <Time>2025-08-03T17:44:08.000Z</Time>
            <Position>
              <LatitudeDegrees>43.09960822574794</LatitudeDegrees>
              <LongitudeDegrees>-2.578902645036578</LongitudeDegrees>
            </Position>
            <AltitudeMeters>244.60000610351562</AltitudeMeters>
            <DistanceMeters>931.77001953125</DistanceMeters>
            <HeartRateBpm>
              <Value>73</Value>
            </HeartRateBpm>
            <Extensions>
              <ns3:TPX>
                <ns3:Speed>1.753999948501587</ns3:Speed>
                <ns3:RunCadence>68</ns3:RunCadence>
              </ns3:TPX>
            </Extensions>
          </Trackpoint>
          <Trackpoint>
            <Time>2025-08-03T17:44:15.000Z</Time>
            <Position>
              <LatitudeDegrees>43.09970629401505</LatitudeDegrees>
              <LongitudeDegrees>-2.579028457403183</LongitudeDegrees>
            </Position>
            <AltitudeMeters>243.8000030517578</AltitudeMeters>
            <DistanceMeters>945.6300048828125</DistanceMeters>
            <HeartRateBpm>
              <Value>71</Value>
            </HeartRateBpm>
            <Extensions>
              <ns3:TPX>
                <ns3:Speed>1.9500000476837158</ns3:Speed>
                <ns3:RunCadence>63</ns3:RunCadence>
              </ns3:TPX>
            </Extensions>
          </Trackpoint>
          <Trackpoint>
            <Time>2025-08-03T17:44:16.000Z</Time>
            <Position>
              <LatitudeDegrees>43.0997225549072</LatitudeDegrees>
              <LongitudeDegrees>-2.5790406949818134</LongitudeDegrees>
            </Position>
            <AltitudeMeters>243.8000030517578</AltitudeMeters>
            <DistanceMeters>947.9000244140625</DistanceMeters>
            <HeartRateBpm>
              <Value>71</Value>
            </HeartRateBpm>
            <Extensions>
              <ns3:TPX>
                <ns3:Speed>1.9780000448226929</ns3:Speed>
                <ns3:RunCadence>63</ns3:RunCadence>
              </ns3:TPX>
            </Extensions>
          </Trackpoint>
          <Trackpoint>
            <Time>2025-08-03T17:44:21.000Z</Time>
            <Position>
              <LatitudeDegrees>43.0998071283102</LatitudeDegrees>
              <LongitudeDegrees>-2.5791069120168686</LongitudeDegrees>
            </Position>
            <AltitudeMeters>243.8000030517578</AltitudeMeters>
            <DistanceMeters>958.3800048828125</DistanceMeters>
            <HeartRateBpm>
              <Value>73</Value>
            </HeartRateBpm>
            <Extensions>
              <ns3:TPX>
                <ns3:Speed>2.0989999771118164</ns3:Speed>
                <ns3:RunCadence>63</ns3:RunCadence>
              </ns3:TPX>
            </Extensions>
          </Trackpoint>
          <Trackpoint>
            <Time>2025-08-03T17:44:22.000Z</Time>
            <Position>
              <LatitudeDegrees>43.09982146136463</LatitudeDegrees>
              <LongitudeDegrees>-2.579125016927719</LongitudeDegrees>
            </Position>
            <AltitudeMeters>244.0</AltitudeMeters>
            <DistanceMeters>960.77001953125</DistanceMeters>
            <HeartRateBpm>
              <Value>72</Value>
            </HeartRateBpm>
            <Extensions>
              <ns3:TPX>
                <ns3:Speed>2.0989999771118164</ns3:Speed>
                <ns3:RunCadence>62</ns3:RunCadence>
              </ns3:TPX>
            </Extensions>
          </Trackpoint>
          <Trackpoint>
            <Time>2025-08-03T17:44:24.000Z</Time>
            <Position>
              <LatitudeDegrees>43.0998520553112</LatitudeDegrees>
              <LongitudeDegrees>-2.579156532883644</LongitudeDegrees>
            </Position>
            <AltitudeMeters>244.0</AltitudeMeters>
            <DistanceMeters>965.7899780273438</DistanceMeters>
            <HeartRateBpm>
              <Value>72</Value>
            </HeartRateBpm>
            <Extensions>
              <ns3:TPX>
                <ns3:Speed>2.118000030517578</ns3:Speed>
                <ns3:RunCadence>62</ns3:RunCadence>
              </ns3:TPX>
            </Extensions>
          </Trackpoint>
          <Trackpoint>
            <Time>2025-08-03T17:44:27.000Z</Time>
            <Position>
              <LatitudeDegrees>43.099880050867796</LatitudeDegrees>
              <LongitudeDegrees>-2.5791803374886513</LongitudeDegrees>
            </Position>
            <AltitudeMeters>244.0</AltitudeMeters>
            <DistanceMeters>973.4500122070312</DistanceMeters>
            <HeartRateBpm>
              <Value>72</Value>
            </HeartRateBpm>
            <Extensions>
              <ns3:TPX>
                <ns3:Speed>2.1740000247955322</ns3:Speed>
                <ns3:RunCadence>63</ns3:RunCadence>
              </ns3:TPX>
            </Extensions>
          </Trackpoint>
          <Trackpoint>
            <Time>2025-08-03T17:44:33.000Z</Time>
            <Position>
              <LatitudeDegrees>43.099955320358276</LatitudeDegrees>
              <LongitudeDegrees>-2.5792762264609337</LongitudeDegrees>
            </Position>
            <AltitudeMeters>244.1999969482422</AltitudeMeters>
            <DistanceMeters>986.9000244140625</DistanceMeters>
            <HeartRateBpm>
              <Value>72</Value>
            </HeartRateBpm>
            <Extensions>
              <ns3:TPX>
                <ns3:Speed>2.239000082015991</ns3:Speed>
                <ns3:RunCadence>62</ns3:RunCadence>
              </ns3:TPX>
            </Extensions>
          </Trackpoint>
          <Trackpoint>
            <Time>2025-08-03T17:44:40.000Z</Time>
            <Position>
              <LatitudeDegrees>43.10004358179867</LatitudeDegrees>
              <LongitudeDegrees>-2.5793776474893093</LongitudeDegrees>
            </Position>
            <AltitudeMeters>244.0</AltitudeMeters>
            <DistanceMeters>1000.030029296875</DistanceMeters>
            <HeartRateBpm>
              <Value>72</Value>
            </HeartRateBpm>
            <Extensions>
              <ns3:TPX>
                <ns3:Speed>2.2109999656677246</ns3:Speed>
                <ns3:RunCadence>62</ns3:RunCadence>
              </ns3:TPX>
            </Extensions>
          </Trackpoint>
          <Trackpoint>
            <Time>2025-08-03T17:44:47.000Z</Time>
            <Position>
              <LatitudeDegrees>43.10012455098331</LatitudeDegrees>
              <LongitudeDegrees>-2.579471440985799</LongitudeDegrees>
            </Position>
            <AltitudeMeters>243.1999969482422</AltitudeMeters>
            <DistanceMeters>1011.7899780273438</DistanceMeters>
            <HeartRateBpm>
              <Value>72</Value>
            </HeartRateBpm>
            <Extensions>
              <ns3:TPX>
                <ns3:Speed>2.1459999084472656</ns3:Speed>
                <ns3:RunCadence>61</ns3:RunCadence>
              </ns3:TPX>
            </Extensions>
          </Trackpoint>
          <Trackpoint>
            <Time>2025-08-03T17:44:52.000Z</Time>
            <Position>
              <LatitudeDegrees>43.10019579716027</LatitudeDegrees>
              <LongitudeDegrees>-2.579530533403158</LongitudeDegrees>
            </Position>
            <AltitudeMeters>243.39999389648438</AltitudeMeters>
            <DistanceMeters>1019.9600219726562</DistanceMeters>
            <HeartRateBpm>
              <Value>73</Value>
            </HeartRateBpm>
            <Extensions>
              <ns3:TPX>
                <ns3:Speed>2.071000099182129</ns3:Speed>
                <ns3:RunCadence>62</ns3:RunCadence>
              </ns3:TPX>
            </Extensions>
          </Trackpoint>
          <Trackpoint>
            <Time>2025-08-03T17:44:59.000Z</Time>
            <Position>
              <LatitudeDegrees>43.1003010738641</LatitudeDegrees>
              <LongitudeDegrees>-2.5796462036669254</LongitudeDegrees>
            </Position>
            <AltitudeMeters>243.8000030517578</AltitudeMeters>
            <DistanceMeters>1034.2900390625</DistanceMeters>
            <HeartRateBpm>
              <Value>72</Value>
            </HeartRateBpm>
            <Extensions>
              <ns3:TPX>
                <ns3:Speed>1.996999979019165</ns3:Speed>
                <ns3:RunCadence>59</ns3:RunCadence>
              </ns3:TPX>
            </Extensions>
          </Trackpoint>
          <Trackpoint>
            <Time>2025-08-03T17:45:00.000Z</Time>
            <Position>
              <LatitudeDegrees>43.10031767003238</LatitudeDegrees>
              <LongitudeDegrees>-2.579663135111332</LongitudeDegrees>
            </Position>
            <AltitudeMeters>243.8000030517578</AltitudeMeters>
            <DistanceMeters>1036.56005859375</DistanceMeters>
            <HeartRateBpm>
              <Value>69</Value>
            </HeartRateBpm>
            <Extensions>
              <ns3:TPX>
                <ns3:Speed>2.0339999198913574</ns3:Speed>
                <ns3:RunCadence>59</ns3:RunCadence>
              </ns3:TPX>
            </Extensions>
          </Trackpoint>
          <Trackpoint>
            <Time>2025-08-03T17:45:04.000Z</Time>
            <Position>
              <LatitudeDegrees>43.10038698837161</LatitudeDegrees>
              <LongitudeDegrees>-2.579748211428523</LongitudeDegrees>
            </Position>
            <AltitudeMeters>243.39999389648438</AltitudeMeters>
            <DistanceMeters>1046.8199462890625</DistanceMeters>
            <HeartRateBpm>
              <Value>73</Value>
            </HeartRateBpm>
            <Extensions>
              <ns3:TPX>
                <ns3:Speed>2.239000082015991</ns3:Speed>
                <ns3:RunCadence>61</ns3:RunCadence>
              </ns3:TPX>
            </Extensions>
          </Trackpoint>
          <Trackpoint>
            <Time>2025-08-03T17:45:05.000Z</Time>
            <Position>
              <LatitudeDegrees>43.10040391981602</LatitudeDegrees>
              <LongitudeDegrees>-2.5797722674906254</LongitudeDegrees>
            </Position>
            <AltitudeMeters>243.1999969482422</AltitudeMeters>
            <DistanceMeters>1049.22998046875</DistanceMeters>
            <HeartRateBpm>
              <Value>73</Value>
            </HeartRateBpm>
            <Extensions>
              <ns3:TPX>
                <ns3:Speed>2.257999897003174</ns3:Speed>
                <ns3:RunCadence>61</ns3:RunCadence>
              </ns3:TPX>
            </Extensions>
          </Trackpoint>
          <Trackpoint>
            <Time>2025-08-03T17:45:06.000Z</Time>
            <Position>
              <LatitudeDegrees>43.10042277909815</LatitudeDegrees>
              <LongitudeDegrees>-2.579798335209489</LongitudeDegrees>
            </Position>
            <AltitudeMeters>243.0</AltitudeMeters>
            <DistanceMeters>1051.8800048828125</DistanceMeters>
            <HeartRateBpm>
              <Value>70</Value>
            </HeartRateBpm>
            <Extensions>
              <ns3:TPX>
                <ns3:Speed>2.2769999504089355</ns3:Speed>
                <ns3:RunCadence>61</ns3:RunCadence>
              </ns3:TPX>
            </Extensions>
          </Trackpoint>
          <Trackpoint>
            <Time>2025-08-03T17:45:10.000Z</Time>
            <Position>
              <LatitudeDegrees>43.10052931308746</LatitudeDegrees>
              <LongitudeDegrees>-2.5799097307026386</LongitudeDegrees>
            </Position>
            <AltitudeMeters>243.0</AltitudeMeters>
            <DistanceMeters>1066.1700439453125</DistanceMeters>
            <HeartRateBpm>
              <Value>69</Value>
            </HeartRateBpm>
            <Extensions>
              <ns3:TPX>
                <ns3:Speed>2.378999948501587</ns3:Speed>
                <ns3:RunCadence>99</ns3:RunCadence>
              </ns3:TPX>
            </Extensions>
          </Trackpoint>
          <Trackpoint>
            <Time>2025-08-03T17:45:14.000Z</Time>
            <Position>
              <LatitudeDegrees>43.100581197068095</LatitudeDegrees>
              <LongitudeDegrees>-2.5799815636128187</LongitudeDegrees>
            </Position>
            <AltitudeMeters>243.39999389648438</AltitudeMeters>
            <DistanceMeters>1076.7099609375</DistanceMeters>
            <HeartRateBpm>
              <Value>72</Value>
            </HeartRateBpm>
            <Extensions>
              <ns3:TPX>
                <ns3:Speed>3.5920000076293945</ns3:Speed>
                <ns3:RunCadence>100</ns3:RunCadence>
              </ns3:TPX>
            </Extensions>
          </Trackpoint>
          <Trackpoint>
            <Time>2025-08-03T17:45:16.000Z</Time>
            <Position>
              <LatitudeDegrees>43.1006018165499</LatitudeDegrees>
              <LongitudeDegrees>-2.580020958557725</LongitudeDegrees>
            </Position>
            <AltitudeMeters>243.0</AltitudeMeters>
            <DistanceMeters>1080.030029296875</DistanceMeters>
            <HeartRateBpm>
              <Value>77</Value>
            </HeartRateBpm>
            <Extensions>
              <ns3:TPX>
                <ns3:Speed>2.2209999561309814</ns3:Speed>
                <ns3:RunCadence>94</ns3:RunCadence>
              </ns3:TPX>
            </Extensions>
          </Trackpoint>
          <Trackpoint>
            <Time>2025-08-03T17:45:17.000Z</Time>
            <Position>
              <LatitudeDegrees>43.100612461566925</LatitudeDegrees>
              <LongitudeDegrees>-2.5800414942204952</LongitudeDegrees>
            </Position>
            <AltitudeMeters>243.0</AltitudeMeters>
            <DistanceMeters>1081.780029296875</DistanceMeters>
            <HeartRateBpm>
              <Value>82</Value>
            </HeartRateBpm>
            <Extensions>
              <ns3:TPX>
                <ns3:Speed>2.2109999656677246</ns3:Speed>
                <ns3:RunCadence>94</ns3:RunCadence>
              </ns3:TPX>
            </Extensions>
          </Trackpoint>
          <Trackpoint>
            <Time>2025-08-03T17:45:18.000Z</Time>
            <Position>
              <LatitudeDegrees>43.10062017291784</LatitudeDegrees>
              <LongitudeDegrees>-2.580055743455887</LongitudeDegrees>
            </Position>
            <AltitudeMeters>242.8000030517578</AltitudeMeters>
            <DistanceMeters>1083.6500244140625</DistanceMeters>
            <HeartRateBpm>
              <Value>89</Value>
            </HeartRateBpm>
            <Extensions>
              <ns3:TPX>
                <ns3:Speed>2.1649999618530273</ns3:Speed>
                <ns3:RunCadence>94</ns3:RunCadence>
              </ns3:TPX>
            </Extensions>
          </Trackpoint>
          <Trackpoint>
            <Time>2025-08-03T17:45:19.000Z</Time>
            <Position>
              <LatitudeDegrees>43.10062880627811</LatitudeDegrees>
              <LongitudeDegrees>-2.5800729263573885</LongitudeDegrees>
            </Position>
            <AltitudeMeters>242.39999389648438</AltitudeMeters>
            <DistanceMeters>1085.550048828125</DistanceMeters>
            <HeartRateBpm>
              <Value>93</Value>
            </HeartRateBpm>
            <Extensions>
              <ns3:TPX>
                <ns3:Speed>2.1649999618530273</ns3:Speed>
                <ns3:RunCadence>94</ns3:RunCadence>
              </ns3:TPX>
            </Extensions>
          </Trackpoint>
          <Trackpoint>
            <Time>2025-08-03T17:45:20.000Z</Time>
            <Position>
              <LatitudeDegrees>43.100637439638376</LatitudeDegrees>
              <LongitudeDegrees>-2.580090193077922</LongitudeDegrees>
            </Position>
            <AltitudeMeters>242.1999969482422</AltitudeMeters>
            <DistanceMeters>1087.3299560546875</DistanceMeters>
            <HeartRateBpm>
              <Value>97</Value>
            </HeartRateBpm>
            <Extensions>
              <ns3:TPX>
                <ns3:Speed>2.183000087738037</ns3:Speed>
                <ns3:RunCadence>94</ns3:RunCadence>
              </ns3:TPX>
            </Extensions>
          </Trackpoint>
          <Trackpoint>
            <Time>2025-08-03T17:45:21.000Z</Time>
            <Position>
              <LatitudeDegrees>43.10064607299864</LatitudeDegrees>
              <LongitudeDegrees>-2.58010670542717</LongitudeDegrees>
            </Position>
            <AltitudeMeters>242.0</AltitudeMeters>
            <DistanceMeters>1089.030029296875</DistanceMeters>
            <HeartRateBpm>
              <Value>102</Value>
            </HeartRateBpm>
            <Extensions>
              <ns3:TPX>
                <ns3:Speed>2.183000087738037</ns3:Speed>
                <ns3:RunCadence>94</ns3:RunCadence>
              </ns3:TPX>
            </Extensions>
          </Trackpoint>
          <Trackpoint>
            <Time>2025-08-03T17:45:22.000Z</Time>
            <Position>
              <LatitudeDegrees>43.10065579600632</LatitudeDegrees>
              <LongitudeDegrees>-2.580122798681259</LongitudeDegrees>
            </Position>
            <AltitudeMeters>242.0</AltitudeMeters>
            <DistanceMeters>1091.219970703125</DistanceMeters>
            <HeartRateBpm>
              <Value>106</Value>
            </HeartRateBpm>
            <Extensions>
              <ns3:TPX>
                <ns3:Speed>2.1089999675750732</ns3:Speed>
                <ns3:RunCadence>94</ns3:RunCadence>
              </ns3:TPX>
            </Extensions>
          </Trackpoint>
          <Trackpoint>
            <Time>2025-08-03T17:45:23.000Z</Time>
            <Position>
              <LatitudeDegrees>43.1006673630327</LatitudeDegrees>
              <LongitudeDegrees>-2.580139311030507</LongitudeDegrees>
            </Position>
            <AltitudeMeters>242.0</AltitudeMeters>
            <DistanceMeters>1093.2900390625</DistanceMeters>
            <HeartRateBpm>
              <Value>114</Value>
            </HeartRateBpm>
            <Extensions>
              <ns3:TPX>
                <ns3:Speed>2.1089999675750732</ns3:Speed>
                <ns3:RunCadence>94</ns3:RunCadence>
              </ns3:TPX>
            </Extensions>
          </Trackpoint>
          <Trackpoint>
            <Time>2025-08-03T17:45:28.000Z</Time>
            <Position>
              <LatitudeDegrees>43.100728718563914</LatitudeDegrees>
              <LongitudeDegrees>-2.580242156982422</LongitudeDegrees>
            </Position>
            <AltitudeMeters>242.0</AltitudeMeters>
            <DistanceMeters>1103.0</DistanceMeters>
            <HeartRateBpm>
              <Value>114</Value>
            </HeartRateBpm>
            <Extensions>
              <ns3:TPX>
                <ns3:Speed>1.9780000448226929</ns3:Speed>
                <ns3:RunCadence>61</ns3:RunCadence>
              </ns3:TPX>
            </Extensions>
          </Trackpoint>
          <Trackpoint>
            <Time>2025-08-03T17:45:33.000Z</Time>
            <Position>
              <LatitudeDegrees>43.100774232298136</LatitudeDegrees>
              <LongitudeDegrees>-2.58033636957407</LongitudeDegrees>
            </Position>
            <AltitudeMeters>242.39999389648438</AltitudeMeters>
            <DistanceMeters>1112.800048828125</DistanceMeters>
            <HeartRateBpm>
              <Value>111</Value>
            </HeartRateBpm>
            <Extensions>
              <ns3:TPX>
                <ns3:Speed>1.9220000505447388</ns3:Speed>
                <ns3:RunCadence>62</ns3:RunCadence>
              </ns3:TPX>
            </Extensions>
          </Trackpoint>
          <Trackpoint>
            <Time>2025-08-03T17:45:34.000Z</Time>
            <Position>
              <LatitudeDegrees>43.10078320093453</LatitudeDegrees>
              <LongitudeDegrees>-2.580356989055872</LongitudeDegrees>
            </Position>
            <AltitudeMeters>242.60000610351562</AltitudeMeters>
            <DistanceMeters>1114.949951171875</DistanceMeters>
            <HeartRateBpm>
              <Value>114</Value>
            </HeartRateBpm>
            <Extensions>
              <ns3:TPX>
                <ns3:Speed>1.930999994277954</ns3:Speed>
                <ns3:RunCadence>60</ns3:RunCadence>
              </ns3:TPX>
            </Extensions>
          </Trackpoint>
          <Trackpoint>
            <Time>2025-08-03T17:45:35.000Z</Time>
            <Position>
              <LatitudeDegrees>43.10079208575189</LatitudeDegrees>
              <LongitudeDegrees>-2.5803760159760714</LongitudeDegrees>
            </Position>
            <AltitudeMeters>242.60000610351562</AltitudeMeters>
            <DistanceMeters>1116.949951171875</DistanceMeters>
            <HeartRateBpm>
              <Value>113</Value>
            </HeartRateBpm>
            <Extensions>
              <ns3:TPX>
                <ns3:Speed>1.9500000476837158</ns3:Speed>
                <ns3:RunCadence>60</ns3:RunCadence>
              </ns3:TPX>
            </Extensions>
          </Trackpoint>
          <Trackpoint>
            <Time>2025-08-03T17:45:37.000Z</Time>
            <Position>
              <LatitudeDegrees>43.100807843729854</LatitudeDegrees>
              <LongitudeDegrees>-2.5804124772548676</LongitudeDegrees>
            </Position>
            <AltitudeMeters>242.8000030517578</AltitudeMeters>
            <DistanceMeters>1120.699951171875</DistanceMeters>
            <HeartRateBpm>
              <Value>110</Value>
            </HeartRateBpm>
            <Extensions>
              <ns3:TPX>
                <ns3:Speed>1.968999981880188</ns3:Speed>
                <ns3:RunCadence>60</ns3:RunCadence>
              </ns3:TPX>
            </Extensions>
          </Trackpoint>
          <Trackpoint>
            <Time>2025-08-03T17:45:41.000Z</Time>
            <Position>
              <LatitudeDegrees>43.10083642601967</LatitudeDegrees>
              <LongitudeDegrees>-2.5804991461336613</LongitudeDegrees>
            </Position>
            <AltitudeMeters>242.8000030517578</AltitudeMeters>
            <DistanceMeters>1128.489990234375</DistanceMeters>
            <HeartRateBpm>
              <Value>106</Value>
            </HeartRateBpm>
            <Extensions>
              <ns3:TPX>
                <ns3:Speed>1.9589999914169312</ns3:Speed>
                <ns3:RunCadence>61</ns3:RunCadence>
              </ns3:TPX>
            </Extensions>
          </Trackpoint>
          <Trackpoint>
            <Time>2025-08-03T17:45:42.000Z</Time>
            <Position>
              <LatitudeDegrees>43.10084271244705</LatitudeDegrees>
              <LongitudeDegrees>-2.580517837777734</LongitudeDegrees>
            </Position>
            <AltitudeMeters>242.60000610351562</AltitudeMeters>
            <DistanceMeters>1130.3900146484375</DistanceMeters>
            <HeartRateBpm>
              <Value>106</Value>
            </HeartRateBpm>
            <Extensions>
              <ns3:TPX>
                <ns3:Speed>1.9869999885559082</ns3:Speed>
                <ns3:RunCadence>61</ns3:RunCadence>
              </ns3:TPX>
            </Extensions>
          </Trackpoint>
          <Trackpoint>
            <Time>2025-08-03T17:45:44.000Z</Time>
            <Position>
              <LatitudeDegrees>43.10086442157626</LatitudeDegrees>
              <LongitudeDegrees>-2.580552874132991</LongitudeDegrees>
            </Position>
            <AltitudeMeters>242.60000610351562</AltitudeMeters>
            <DistanceMeters>1134.0699462890625</DistanceMeters>
            <HeartRateBpm>
              <Value>103</Value>
            </HeartRateBpm>
            <Extensions>
              <ns3:TPX>
                <ns3:Speed>2.00600004196167</ns3:Speed>
                <ns3:RunCadence>61</ns3:RunCadence>
              </ns3:TPX>
            </Extensions>
          </Trackpoint>
          <Trackpoint>
            <Time>2025-08-03T17:45:50.000Z</Time>
            <Position>
              <LatitudeDegrees>43.10093575157225</LatitudeDegrees>
              <LongitudeDegrees>-2.5806390400975943</LongitudeDegrees>
            </Position>
            <AltitudeMeters>241.8000030517578</AltitudeMeters>
            <DistanceMeters>1144.3299560546875</DistanceMeters>
            <HeartRateBpm>
              <Value>103</Value>
            </HeartRateBpm>
            <Extensions>
              <ns3:TPX>
                <ns3:Speed>1.968999981880188</ns3:Speed>
                <ns3:RunCadence>61</ns3:RunCadence>
              </ns3:TPX>
            </Extensions>
          </Trackpoint>
          <Trackpoint>
            <Time>2025-08-03T17:45:56.000Z</Time>
            <Position>
              <LatitudeDegrees>43.10099123977125</LatitudeDegrees>
              <LongitudeDegrees>-2.580730151385069</LongitudeDegrees>
            </Position>
            <AltitudeMeters>241.39999389648438</AltitudeMeters>
            <DistanceMeters>1153.780029296875</DistanceMeters>
            <HeartRateBpm>
              <Value>99</Value>
            </HeartRateBpm>
            <Extensions>
              <ns3:TPX>
                <ns3:Speed>1.9220000505447388</ns3:Speed>
                <ns3:RunCadence>59</ns3:RunCadence>
              </ns3:TPX>
            </Extensions>
          </Trackpoint>
          <Trackpoint>
            <Time>2025-08-03T17:45:58.000Z</Time>
            <Position>
              <LatitudeDegrees>43.10101135633886</LatitudeDegrees>
              <LongitudeDegrees>-2.58076099678874</LongitudeDegrees>
            </Position>
            <AltitudeMeters>241.1999969482422</AltitudeMeters>
            <DistanceMeters>1156.510009765625</DistanceMeters>
            <HeartRateBpm>
              <Value>99</Value>
            </HeartRateBpm>
            <Extensions>
              <ns3:TPX>
                <ns3:Speed>1.8940000534057617</ns3:Speed>
                <ns3:RunCadence>59</ns3:RunCadence>
              </ns3:TPX>
            </Extensions>
          </Trackpoint>
          <Trackpoint>
            <Time>2025-08-03T17:46:05.000Z</Time>
            <Position>
              <LatitudeDegrees>43.10107111930847</LatitudeDegrees>
              <LongitudeDegrees>-2.5809134636074305</LongitudeDegrees>
            </Position>
            <AltitudeMeters>241.0</AltitudeMeters>
            <DistanceMeters>1168.949951171875</DistanceMeters>
            <HeartRateBpm>
              <Value>98</Value>
            </HeartRateBpm>
            <Extensions>
              <ns3:TPX>
                <ns3:Speed>1.847000002861023</ns3:Speed>
                <ns3:RunCadence>59</ns3:RunCadence>
              </ns3:TPX>
            </Extensions>
          </Trackpoint>
          <Trackpoint>
            <Time>2025-08-03T17:46:10.000Z</Time>
            <Position>
              <LatitudeDegrees>43.10110297054052</LatitudeDegrees>
              <LongitudeDegrees>-2.5810194946825504</LongitudeDegrees>
            </Position>
            <AltitudeMeters>240.60000610351562</AltitudeMeters>
            <DistanceMeters>1177.800048828125</DistanceMeters>
            <HeartRateBpm>
              <Value>96</Value>
            </HeartRateBpm>
            <Extensions>
              <ns3:TPX>
                <ns3:Speed>1.8380000591278076</ns3:Speed>
                <ns3:RunCadence>58</ns3:RunCadence>
              </ns3:TPX>
            </Extensions>
          </Trackpoint>
          <Trackpoint>
            <Time>2025-08-03T17:46:12.000Z</Time>
            <Position>
              <LatitudeDegrees>43.101120153442025</LatitudeDegrees>
              <LongitudeDegrees>-2.5810601469129324</LongitudeDegrees>
            </Position>
            <AltitudeMeters>240.39999389648438</AltitudeMeters>
            <DistanceMeters>1181.760009765625</DistanceMeters>
            <HeartRateBpm>
              <Value>94</Value>
            </HeartRateBpm>
            <Extensions>
              <ns3:TPX>
                <ns3:Speed>1.8289999961853027</ns3:Speed>
                <ns3:RunCadence>58</ns3:RunCadence>
              </ns3:TPX>
            </Extensions>
          </Trackpoint>
          <Trackpoint>
            <Time>2025-08-03T17:46:14.000Z</Time>
            <Position>
              <LatitudeDegrees>43.10113834217191</LatitudeDegrees>
              <LongitudeDegrees>-2.5810928363353014</LongitudeDegrees>
            </Position>
            <AltitudeMeters>240.1999969482422</AltitudeMeters>
            <DistanceMeters>1185.739990234375</DistanceMeters>
            <HeartRateBpm>
              <Value>91</Value>
            </HeartRateBpm>
            <Extensions>
              <ns3:TPX>
                <ns3:Speed>1.8289999961853027</ns3:Speed>
                <ns3:RunCadence>57</ns3:RunCadence>
              </ns3:TPX>
            </Extensions>
          </Trackpoint>
          <Trackpoint>
            <Time>2025-08-03T17:46:20.000Z</Time>
            <Position>
              <LatitudeDegrees>43.10119668021798</LatitudeDegrees>
              <LongitudeDegrees>-2.5811849534511566</LongitudeDegrees>
            </Position>
            <AltitudeMeters>240.8000030517578</AltitudeMeters>
            <DistanceMeters>1196.260009765625</DistanceMeters>
            <HeartRateBpm>
              <Value>91</Value>
            </HeartRateBpm>
            <Extensions>
              <ns3:TPX>
                <ns3:Speed>1.819000005722046</ns3:Speed>
                <ns3:RunCadence>57</ns3:RunCadence>
              </ns3:TPX>
            </Extensions>
          </Trackpoint>
          <Trackpoint>
            <Time>2025-08-03T17:46:25.000Z</Time>
            <Position>
              <LatitudeDegrees>43.10123020783067</LatitudeDegrees>
              <LongitudeDegrees>-2.5812778249382973</LongitudeDegrees>
            </Position>
            <AltitudeMeters>239.60000610351562</AltitudeMeters>
            <DistanceMeters>1204.5</DistanceMeters>
            <HeartRateBpm>
              <Value>90</Value>
            </HeartRateBpm>
            <Extensions>
              <ns3:TPX>
                <ns3:Speed>1.753999948501587</ns3:Speed>
                <ns3:RunCadence>58</ns3:RunCadence>
              </ns3:TPX>
            </Extensions>
          </Trackpoint>
          <Trackpoint>
            <Time>2025-08-03T17:46:28.000Z</Time>
            <Position>
              <LatitudeDegrees>43.10125485062599</LatitudeDegrees>
              <LongitudeDegrees>-2.581323506310582</LongitudeDegrees>
            </Position>
            <AltitudeMeters>239.39999389648438</AltitudeMeters>
            <DistanceMeters>1209.68994140625</DistanceMeters>
            <HeartRateBpm>
              <Value>87</Value>
            </HeartRateBpm>
            <Extensions>
              <ns3:TPX>
                <ns3:Speed>1.7640000581741333</ns3:Speed>
                <ns3:RunCadence>0</ns3:RunCadence>
              </ns3:TPX>
            </Extensions>
          </Trackpoint>
          <Trackpoint>
            <Time>2025-08-03T17:46:32.000Z</Time>
            <Position>
              <LatitudeDegrees>43.101284774020314</LatitudeDegrees>
              <LongitudeDegrees>-2.5814007874578238</LongitudeDegrees>
            </Position>
            <AltitudeMeters>239.39999389648438</AltitudeMeters>
            <DistanceMeters>1215.8800048828125</DistanceMeters>
            <HeartRateBpm>
              <Value>90</Value>
            </HeartRateBpm>
            <Extensions>
              <ns3:TPX>
                <ns3:Speed>1.7640000581741333</ns3:Speed>
                <ns3:RunCadence>0</ns3:RunCadence>
              </ns3:TPX>
            </Extensions>
          </Trackpoint>
          <Trackpoint>
            <Time>2025-08-03T17:46:35.000Z</Time>
            <Position>
              <LatitudeDegrees>43.1013063993305</LatitudeDegrees>
              <LongitudeDegrees>-2.581472285091877</LongitudeDegrees>
            </Position>
            <AltitudeMeters>239.1999969482422</AltitudeMeters>
            <DistanceMeters>1220.699951171875</DistanceMeters>
            <HeartRateBpm>
              <Value>90</Value>
            </HeartRateBpm>
            <Extensions>
              <ns3:TPX>
                <ns3:Speed>1.7450000047683716</ns3:Speed>
                <ns3:RunCadence>60</ns3:RunCadence>
              </ns3:TPX>
            </Extensions>
          </Trackpoint>
          <Trackpoint>
            <Time>2025-08-03T17:46:40.000Z</Time>
            <Position>
              <LatitudeDegrees>43.10135736130178</LatitudeDegrees>
              <LongitudeDegrees>-2.5815652403980494</LongitudeDegrees>
            </Position>
            <AltitudeMeters>239.0</AltitudeMeters>
            <DistanceMeters>1229.8699951171875</DistanceMeters>
            <HeartRateBpm>
              <Value>87</Value>
            </HeartRateBpm>
            <Extensions>
              <ns3:TPX>
                <ns3:Speed>1.7359999418258667</ns3:Speed>
                <ns3:RunCadence>61</ns3:RunCadence>
              </ns3:TPX>
            </Extensions>
          </Trackpoint>
          <Trackpoint>
            <Time>2025-08-03T17:46:42.000Z</Time>
            <Position>
              <LatitudeDegrees>43.10137186199427</LatitudeDegrees>
              <LongitudeDegrees>-2.581604216247797</LongitudeDegrees>
            </Position>
            <AltitudeMeters>238.8000030517578</AltitudeMeters>
            <DistanceMeters>1233.1700439453125</DistanceMeters>
            <HeartRateBpm>
              <Value>87</Value>
            </HeartRateBpm>
            <Extensions>
              <ns3:TPX>
                <ns3:Speed>1.7359999418258667</ns3:Speed>
                <ns3:RunCadence>60</ns3:RunCadence>
              </ns3:TPX>
            </Extensions>
          </Trackpoint>
          <Trackpoint>
            <Time>2025-08-03T17:46:45.000Z</Time>
            <Position>
              <LatitudeDegrees>43.101397594437</LatitudeDegrees>
              <LongitudeDegrees>-2.5816567707806826</LongitudeDegrees>
            </Position>
            <AltitudeMeters>238.8000030517578</AltitudeMeters>
            <DistanceMeters>1238.9200439453125</DistanceMeters>
            <HeartRateBpm>
              <Value>84</Value>
            </HeartRateBpm>
            <Extensions>
              <ns3:TPX>
                <ns3:Speed>1.7359999418258667</ns3:Speed>
                <ns3:RunCadence>59</ns3:RunCadence>
              </ns3:TPX>
            </Extensions>
          </Trackpoint>
          <Trackpoint>
            <Time>2025-08-03T17:46:47.000Z</Time>
            <Position>
              <LatitudeDegrees>43.10141712427139</LatitudeDegrees>
              <LongitudeDegrees>-2.581684598699212</LongitudeDegrees>
            </Position>
            <AltitudeMeters>238.60000610351562</AltitudeMeters>
            <DistanceMeters>1242.8299560546875</DistanceMeters>
            <HeartRateBpm>
              <Value>85</Value>
            </HeartRateBpm>
            <Extensions>
              <ns3:TPX>
                <ns3:Speed>1.7359999418258667</ns3:Speed>
                <ns3:RunCadence>60</ns3:RunCadence>
              </ns3:TPX>
            </Extensions>
          </Trackpoint>
          <Trackpoint>
            <Time>2025-08-03T17:46:48.000Z</Time>
            <Position>
              <LatitudeDegrees>43.1014271825552</LatitudeDegrees>
              <LongitudeDegrees>-2.5817015301436186</LongitudeDegrees>
            </Position>
            <AltitudeMeters>238.39999389648438</AltitudeMeters>
            <DistanceMeters>1244.5999755859375</DistanceMeters>
            <HeartRateBpm>
              <Value>86</Value>
            </HeartRateBpm>
            <Extensions>
              <ns3:TPX>
                <ns3:Speed>1.7359999418258667</ns3:Speed>
                <ns3:RunCadence>60</ns3:RunCadence>
              </ns3:TPX>
            </Extensions>
          </Trackpoint>
          <Trackpoint>
            <Time>2025-08-03T17:46:55.000Z</Time>
            <Position>
              <LatitudeDegrees>43.10149918310344</LatitudeDegrees>
              <LongitudeDegrees>-2.581818960607052</LongitudeDegrees>
            </Position>
            <AltitudeMeters>238.60000610351562</AltitudeMeters>
            <DistanceMeters>1257.969970703125</DistanceMeters>
            <HeartRateBpm>
              <Value>82</Value>
            </HeartRateBpm>
            <Extensions>
              <ns3:TPX>
                <ns3:Speed>1.753999948501587</ns3:Speed>
                <ns3:RunCadence>59</ns3:RunCadence>
              </ns3:TPX>
            </Extensions>
          </Trackpoint>
          <Trackpoint>
            <Time>2025-08-03T17:47:01.000Z</Time>
            <Position>
              <LatitudeDegrees>43.10155559331179</LatitudeDegrees>
              <LongitudeDegrees>-2.5819345470517874</LongitudeDegrees>
            </Position>
            <AltitudeMeters>238.1999969482422</AltitudeMeters>
            <DistanceMeters>1269.239990234375</DistanceMeters>
            <HeartRateBpm>
              <Value>84</Value>
            </HeartRateBpm>
            <Extensions>
              <ns3:TPX>
                <ns3:Speed>1.7730000019073486</ns3:Speed>
                <ns3:RunCadence>59</ns3:RunCadence>
              </ns3:TPX>
            </Extensions>
          </Trackpoint>
          <Trackpoint>
            <Time>2025-08-03T17:47:08.000Z</Time>
            <Position>
              <LatitudeDegrees>43.10160990804434</LatitudeDegrees>
              <LongitudeDegrees>-2.5820715073496103</LongitudeDegrees>
            </Position>
            <AltitudeMeters>237.8000030517578</AltitudeMeters>
            <DistanceMeters>1281.56005859375</DistanceMeters>
            <HeartRateBpm>
              <Value>85</Value>
            </HeartRateBpm>
            <Extensions>
              <ns3:TPX>
                <ns3:Speed>1.7730000019073486</ns3:Speed>
                <ns3:RunCadence>59</ns3:RunCadence>
              </ns3:TPX>
            </Extensions>
          </Trackpoint>
          <Trackpoint>
            <Time>2025-08-03T17:47:09.000Z</Time>
            <Position>
              <LatitudeDegrees>43.10161552391946</LatitudeDegrees>
              <LongitudeDegrees>-2.5820891093462706</LongitudeDegrees>
            </Position>
            <AltitudeMeters>237.8000030517578</AltitudeMeters>
            <DistanceMeters>1283.469970703125</DistanceMeters>
            <HeartRateBpm>
              <Value>82</Value>
            </HeartRateBpm>
            <Extensions>
              <ns3:TPX>
                <ns3:Speed>1.7730000019073486</ns3:Speed>
                <ns3:RunCadence>59</ns3:RunCadence>
              </ns3:TPX>
            </Extensions>
          </Trackpoint>
          <Trackpoint>
            <Time>2025-08-03T17:47:13.000Z</Time>
            <Position>
              <LatitudeDegrees>43.101639579981565</LatitudeDegrees>
              <LongitudeDegrees>-2.582158511504531</LongitudeDegrees>
            </Position>
            <AltitudeMeters>237.60000610351562</AltitudeMeters>
            <DistanceMeters>1290.5899658203125</DistanceMeters>
            <HeartRateBpm>
              <Value>81</Value>
            </HeartRateBpm>
            <Extensions>
              <ns3:TPX>
                <ns3:Speed>1.781999945640564</ns3:Speed>
                <ns3:RunCadence>58</ns3:RunCadence>
              </ns3:TPX>
            </Extensions>
          </Trackpoint>
          <Trackpoint>
            <Time>2025-08-03T17:47:17.000Z</Time>
            <Position>
              <LatitudeDegrees>43.10167009010911</LatitudeDegrees>
              <LongitudeDegrees>-2.582232104614377</LongitudeDegrees>
            </Position>
            <AltitudeMeters>237.60000610351562</AltitudeMeters>
            <DistanceMeters>1297.18994140625</DistanceMeters>
            <HeartRateBpm>
              <Value>80</Value>
            </HeartRateBpm>
            <Extensions>
              <ns3:TPX>
                <ns3:Speed>1.7730000019073486</ns3:Speed>
                <ns3:RunCadence>59</ns3:RunCadence>
              </ns3:TPX>
            </Extensions>
          </Trackpoint>
          <Trackpoint>
            <Time>2025-08-03T17:47:20.000Z</Time>
            <Position>
              <LatitudeDegrees>43.10169791802764</LatitudeDegrees>
              <LongitudeDegrees>-2.582290777936578</LongitudeDegrees>
            </Position>
            <AltitudeMeters>237.60000610351562</AltitudeMeters>
            <DistanceMeters>1302.6800537109375</DistanceMeters>
            <HeartRateBpm>
              <Value>83</Value>
            </HeartRateBpm>
            <Extensions>
              <ns3:TPX>
                <ns3:Speed>1.7730000019073486</ns3:Speed>
                <ns3:RunCadence>58</ns3:RunCadence>
              </ns3:TPX>
            </Extensions>
          </Trackpoint>
          <Trackpoint>
            <Time>2025-08-03T17:47:21.000Z</Time>
            <Position>
              <LatitudeDegrees>43.10170512646437</LatitudeDegrees>
              <LongitudeDegrees>-2.5823144149035215</LongitudeDegrees>
            </Position>
            <AltitudeMeters>237.60000610351562</AltitudeMeters>
            <DistanceMeters>1304.3800048828125</DistanceMeters>
            <HeartRateBpm>
              <Value>83</Value>
            </HeartRateBpm>
            <Extensions>
              <ns3:TPX>
                <ns3:Speed>1.7730000019073486</ns3:Speed>
                <ns3:RunCadence>58</ns3:RunCadence>
              </ns3:TPX>
            </Extensions>
          </Trackpoint>
          <Trackpoint>
            <Time>2025-08-03T17:47:28.000Z</Time>
            <Position>
              <LatitudeDegrees>43.1017501372844</LatitudeDegrees>
              <LongitudeDegrees>-2.58246093057096</LongitudeDegrees>
            </Position>
            <AltitudeMeters>238.1999969482422</AltitudeMeters>
            <DistanceMeters>1316.780029296875</DistanceMeters>
            <HeartRateBpm>
              <Value>82</Value>
            </HeartRateBpm>
            <Extensions>
              <ns3:TPX>
                <ns3:Speed>1.7730000019073486</ns3:Speed>
                <ns3:RunCadence>56</ns3:RunCadence>
              </ns3:TPX>
            </Extensions>
          </Trackpoint>
          <Trackpoint>
            <Time>2025-08-03T17:47:31.000Z</Time>
            <Position>
              <LatitudeDegrees>43.101780731230974</LatitudeDegrees>
              <LongitudeDegrees>-2.5825228728353977</LongitudeDegrees>
            </Position>
            <AltitudeMeters>237.8000030517578</AltitudeMeters>
            <DistanceMeters>1323.1300048828125</DistanceMeters>
            <HeartRateBpm>
              <Value>79</Value>
            </HeartRateBpm>
            <Extensions>
              <ns3:TPX>
                <ns3:Speed>1.781999945640564</ns3:Speed>
                <ns3:RunCadence>59</ns3:RunCadence>
              </ns3:TPX>
            </Extensions>
          </Trackpoint>
          <Trackpoint>
            <Time>2025-08-03T17:47:32.000Z</Time>
            <Position>
              <LatitudeDegrees>43.10179037041962</LatitudeDegrees>
              <LongitudeDegrees>-2.5825418159365654</LongitudeDegrees>
            </Position>
            <AltitudeMeters>237.8000030517578</AltitudeMeters>
            <DistanceMeters>1324.93994140625</DistanceMeters>
            <HeartRateBpm>
              <Value>80</Value>
            </HeartRateBpm>
            <Extensions>
              <ns3:TPX>
                <ns3:Speed>1.7910000085830688</ns3:Speed>
                <ns3:RunCadence>59</ns3:RunCadence>
              </ns3:TPX>
            </Extensions>
          </Trackpoint>
          <Trackpoint>
            <Time>2025-08-03T17:47:33.000Z</Time>
            <Position>
              <LatitudeDegrees>43.1018016859889</LatitudeDegrees>
              <LongitudeDegrees>-2.582558076828718</LongitudeDegrees>
            </Position>
            <AltitudeMeters>237.60000610351562</AltitudeMeters>
            <DistanceMeters>1326.5699462890625</DistanceMeters>
            <HeartRateBpm>
              <Value>80</Value>
            </HeartRateBpm>
            <Extensions>
              <ns3:TPX>
                <ns3:Speed>1.7910000085830688</ns3:Speed>
                <ns3:RunCadence>59</ns3:RunCadence>
              </ns3:TPX>
            </Extensions>
          </Trackpoint>
          <Trackpoint>
            <Time>2025-08-03T17:47:39.000Z</Time>
            <Position>
              <LatitudeDegrees>43.10185222886503</LatitudeDegrees>
              <LongitudeDegrees>-2.582656815648079</LongitudeDegrees>
            </Position>
            <AltitudeMeters>237.0</AltitudeMeters>
            <DistanceMeters>1335.6099853515625</DistanceMeters>
            <HeartRateBpm>
              <Value>83</Value>
            </HeartRateBpm>
            <Extensions>
              <ns3:TPX>
                <ns3:Speed>1.7450000047683716</ns3:Speed>
                <ns3:RunCadence>58</ns3:RunCadence>
              </ns3:TPX>
            </Extensions>
          </Trackpoint>
          <Trackpoint>
            <Time>2025-08-03T17:47:40.000Z</Time>
            <Position>
              <LatitudeDegrees>43.1018571741879</LatitudeDegrees>
              <LongitudeDegrees>-2.5826764293015003</LongitudeDegrees>
            </Position>
            <AltitudeMeters>236.8000030517578</AltitudeMeters>
            <DistanceMeters>1337.1400146484375</DistanceMeters>
            <HeartRateBpm>
              <Value>83</Value>
            </HeartRateBpm>
            <Extensions>
              <ns3:TPX>
                <ns3:Speed>1.7359999418258667</ns3:Speed>
                <ns3:RunCadence>58</ns3:RunCadence>
              </ns3:TPX>
            </Extensions>
          </Trackpoint>
          <Trackpoint>
            <Time>2025-08-03T17:47:43.000Z</Time>
            <Position>
              <LatitudeDegrees>43.101873602718115</LatitudeDegrees>
              <LongitudeDegrees>-2.582729235291481</LongitudeDegrees>
            </Position>
            <AltitudeMeters>236.8000030517578</AltitudeMeters>
            <DistanceMeters>1341.969970703125</DistanceMeters>
            <HeartRateBpm>
              <Value>79</Value>
            </HeartRateBpm>
            <Extensions>
              <ns3:TPX>
                <ns3:Speed>1.7170000076293945</ns3:Speed>
                <ns3:RunCadence>58</ns3:RunCadence>
              </ns3:TPX>
            </Extensions>
          </Trackpoint>
          <Trackpoint>
            <Time>2025-08-03T17:47:45.000Z</Time>
            <Position>
              <LatitudeDegrees>43.1018933840096</LatitudeDegrees>
              <LongitudeDegrees>-2.5827630143612623</LongitudeDegrees>
            </Position>
            <AltitudeMeters>236.60000610351562</AltitudeMeters>
            <DistanceMeters>1345.5400390625</DistanceMeters>
            <HeartRateBpm>
              <Value>76</Value>
            </HeartRateBpm>
            <Extensions>
              <ns3:TPX>
                <ns3:Speed>1.7079999446868896</ns3:Speed>
                <ns3:RunCadence>58</ns3:RunCadence>
              </ns3:TPX>
            </Extensions>
          </Trackpoint>
          <Trackpoint>
            <Time>2025-08-03T17:47:46.000Z</Time>
            <Position>
              <LatitudeDegrees>43.1019055377692</LatitudeDegrees>
              <LongitudeDegrees>-2.5827773474156857</LongitudeDegrees>
            </Position>
            <AltitudeMeters>236.60000610351562</AltitudeMeters>
            <DistanceMeters>1347.260009765625</DistanceMeters>
            <HeartRateBpm>
              <Value>79</Value>
            </HeartRateBpm>
            <Extensions>
              <ns3:TPX>
                <ns3:Speed>1.7079999446868896</ns3:Speed>
                <ns3:RunCadence>59</ns3:RunCadence>
              </ns3:TPX>
            </Extensions>
          </Trackpoint>
          <Trackpoint>
            <Time>2025-08-03T17:47:47.000Z</Time>
            <Position>
              <LatitudeDegrees>43.10191643424332</LatitudeDegrees>
              <LongitudeDegrees>-2.5827935244888067</LongitudeDegrees>
            </Position>
            <AltitudeMeters>236.60000610351562</AltitudeMeters>
            <DistanceMeters>1349.260009765625</DistanceMeters>
            <HeartRateBpm>
              <Value>77</Value>
            </HeartRateBpm>
            <Extensions>
              <ns3:TPX>
                <ns3:Speed>1.7079999446868896</ns3:Speed>
                <ns3:RunCadence>64</ns3:RunCadence>
              </ns3:TPX>
            </Extensions>
          </Trackpoint>
          <Trackpoint>
            <Time>2025-08-03T17:47:51.000Z</Time>
            <Position>
              <LatitudeDegrees>43.10195147059858</LatitudeDegrees>
              <LongitudeDegrees>-2.5828510243445635</LongitudeDegrees>
            </Position>
            <AltitudeMeters>236.60000610351562</AltitudeMeters>
            <DistanceMeters>1356.56005859375</DistanceMeters>
            <HeartRateBpm>
              <Value>80</Value>
            </HeartRateBpm>
            <Extensions>
              <ns3:TPX>
                <ns3:Speed>1.753999948501587</ns3:Speed>
                <ns3:RunCadence>59</ns3:RunCadence>
              </ns3:TPX>
            </Extensions>
          </Trackpoint>
          <Trackpoint>
            <Time>2025-08-03T17:47:52.000Z</Time>
            <Position>
              <LatitudeDegrees>43.101957673206925</LatitudeDegrees>
              <LongitudeDegrees>-2.5828660279512405</LongitudeDegrees>
            </Position>
            <AltitudeMeters>236.60000610351562</AltitudeMeters>
            <DistanceMeters>1357.550048828125</DistanceMeters>
            <HeartRateBpm>
              <Value>81</Value>
            </HeartRateBpm>
            <Extensions>
              <ns3:TPX>
                <ns3:Speed>1.753999948501587</ns3:Speed>
                <ns3:RunCadence>59</ns3:RunCadence>
              </ns3:TPX>
            </Extensions>
          </Trackpoint>
          <Trackpoint>
            <Time>2025-08-03T17:47:53.000Z</Time>
            <Position>
              <LatitudeDegrees>43.1019660551101</LatitudeDegrees>
              <LongitudeDegrees>-2.5828852225095034</LongitudeDegrees>
            </Position>
            <AltitudeMeters>236.60000610351562</AltitudeMeters>
            <DistanceMeters>1358.719970703125</DistanceMeters>
            <HeartRateBpm>
              <Value>81</Value>
            </HeartRateBpm>
            <Extensions>
              <ns3:TPX>
                <ns3:Speed>1.7450000047683716</ns3:Speed>
                <ns3:RunCadence>59</ns3:RunCadence>
              </ns3:TPX>
            </Extensions>
          </Trackpoint>
          <Trackpoint>
            <Time>2025-08-03T17:47:58.000Z</Time>
            <Position>
              <LatitudeDegrees>43.10201081447303</LatitudeDegrees>
              <LongitudeDegrees>-2.5829661078751087</LongitudeDegrees>
            </Position>
            <AltitudeMeters>236.39999389648438</AltitudeMeters>
            <DistanceMeters>1365.7099609375</DistanceMeters>
            <HeartRateBpm>
              <Value>79</Value>
            </HeartRateBpm>
            <Extensions>
              <ns3:TPX>
                <ns3:Speed>1.5299999713897705</ns3:Speed>
                <ns3:RunCadence>62</ns3:RunCadence>
              </ns3:TPX>
            </Extensions>
          </Trackpoint>
          <Trackpoint>
            <Time>2025-08-03T17:48:00.000Z</Time>
            <Position>
              <LatitudeDegrees>43.102033948525786</LatitudeDegrees>
              <LongitudeDegrees>-2.582991924136877</LongitudeDegrees>
            </Position>
            <AltitudeMeters>236.1999969482422</AltitudeMeters>
            <DistanceMeters>1368.530029296875</DistanceMeters>
            <HeartRateBpm>
              <Value>80</Value>
            </HeartRateBpm>
            <Extensions>
              <ns3:TPX>
                <ns3:Speed>1.4739999771118164</ns3:Speed>
                <ns3:RunCadence>62</ns3:RunCadence>
              </ns3:TPX>
            </Extensions>
          </Trackpoint>
          <Trackpoint>
            <Time>2025-08-03T17:48:06.000Z</Time>
            <Position>
              <LatitudeDegrees>43.10209605842829</LatitudeDegrees>
              <LongitudeDegrees>-2.5830842927098274</LongitudeDegrees>
            </Position>
            <AltitudeMeters>235.39999389648438</AltitudeMeters>
            <DistanceMeters>1378.530029296875</DistanceMeters>
            <HeartRateBpm>
              <Value>79</Value>
            </HeartRateBpm>
            <Extensions>
              <ns3:TPX>
                <ns3:Speed>1.4930000305175781</ns3:Speed>
                <ns3:RunCadence>58</ns3:RunCadence>
              </ns3:TPX>
            </Extensions>
          </Trackpoint>
          <Trackpoint>
            <Time>2025-08-03T17:48:11.000Z</Time>
            <Position>
              <LatitudeDegrees>43.10215665958822</LatitudeDegrees>
              <LongitudeDegrees>-2.5831712130457163</LongitudeDegrees>
            </Position>
            <AltitudeMeters>235.39999389648438</AltitudeMeters>
            <DistanceMeters>1386.5799560546875</DistanceMeters>
            <HeartRateBpm>
              <Value>81</Value>
            </HeartRateBpm>
            <Extensions>
              <ns3:TPX>
                <ns3:Speed>1.4559999704360962</ns3:Speed>
                <ns3:RunCadence>58</ns3:RunCadence>
              </ns3:TPX>
            </Extensions>
          </Trackpoint>
          <Trackpoint>
            <Time>2025-08-03T17:48:13.000Z</Time>
            <Position>
              <LatitudeDegrees>43.10218281112611</LatitudeDegrees>
              <LongitudeDegrees>-2.583198118954897</LongitudeDegrees>
            </Position>
            <AltitudeMeters>235.39999389648438</AltitudeMeters>
            <DistanceMeters>1390.75</DistanceMeters>
            <HeartRateBpm>
              <Value>81</Value>
            </HeartRateBpm>
            <Extensions>
              <ns3:TPX>
                <ns3:Speed>1.465000033378601</ns3:Speed>
                <ns3:RunCadence>58</ns3:RunCadence>
              </ns3:TPX>
            </Extensions>
          </Trackpoint>
          <Trackpoint>
            <Time>2025-08-03T17:48:15.000Z</Time>
            <Position>
              <LatitudeDegrees>43.1022094655782</LatitudeDegrees>
              <LongitudeDegrees>-2.5832251086831093</LongitudeDegrees>
            </Position>
            <AltitudeMeters>235.39999389648438</AltitudeMeters>
            <DistanceMeters>1393.8599853515625</DistanceMeters>
            <HeartRateBpm>
              <Value>75</Value>
            </HeartRateBpm>
            <Extensions>
              <ns3:TPX>
                <ns3:Speed>1.4839999675750732</ns3:Speed>
                <ns3:RunCadence>58</ns3:RunCadence>
              </ns3:TPX>
            </Extensions>
          </Trackpoint>
          <Trackpoint>
            <Time>2025-08-03T17:48:16.000Z</Time>
            <Position>
              <LatitudeDegrees>43.10222279280424</LatitudeDegrees>
              <LongitudeDegrees>-2.5832371786236763</LongitudeDegrees>
            </Position>
            <AltitudeMeters>235.39999389648438</AltitudeMeters>
            <DistanceMeters>1395.6700439453125</DistanceMeters>
            <HeartRateBpm>
              <Value>78</Value>
            </HeartRateBpm>
            <Extensions>
              <ns3:TPX>
                <ns3:Speed>1.4839999675750732</ns3:Speed>
                <ns3:RunCadence>58</ns3:RunCadence>
              </ns3:TPX>
            </Extensions>
          </Trackpoint>
          <Trackpoint>
            <Time>2025-08-03T17:48:18.000Z</Time>
            <Position>
              <LatitudeDegrees>43.102245004847646</LatitudeDegrees>
              <LongitudeDegrees>-2.5832573790103197</LongitudeDegrees>
            </Position>
            <AltitudeMeters>235.39999389648438</AltitudeMeters>
            <DistanceMeters>1398.2900390625</DistanceMeters>
            <HeartRateBpm>
              <Value>81</Value>
            </HeartRateBpm>
            <Extensions>
              <ns3:TPX>
                <ns3:Speed>1.4839999675750732</ns3:Speed>
                <ns3:RunCadence>58</ns3:RunCadence>
              </ns3:TPX>
            </Extensions>
          </Trackpoint>
          <Trackpoint>
            <Time>2025-08-03T17:48:19.000Z</Time>
            <Position>
              <LatitudeDegrees>43.10225632041693</LatitudeDegrees>
              <LongitudeDegrees>-2.5832665991038084</LongitudeDegrees>
            </Position>
            <AltitudeMeters>235.39999389648438</AltitudeMeters>
            <DistanceMeters>1399.9300537109375</DistanceMeters>
            <HeartRateBpm>
              <Value>80</Value>
            </HeartRateBpm>
            <Extensions>
              <ns3:TPX>
                <ns3:Speed>1.4739999771118164</ns3:Speed>
                <ns3:RunCadence>58</ns3:RunCadence>
              </ns3:TPX>
            </Extensions>
          </Trackpoint>
          <Trackpoint>
            <Time>2025-08-03T17:48:23.000Z</Time>
            <Position>
              <LatitudeDegrees>43.10230342671275</LatitudeDegrees>
              <LongitudeDegrees>-2.5833192374557257</LongitudeDegrees>
            </Position>
            <AltitudeMeters>235.1999969482422</AltitudeMeters>
            <DistanceMeters>1404.989990234375</DistanceMeters>
            <HeartRateBpm>
              <Value>80</Value>
            </HeartRateBpm>
            <Extensions>
              <ns3:TPX>
                <ns3:Speed>1.4179999828338623</ns3:Speed>
                <ns3:RunCadence>57</ns3:RunCadence>
              </ns3:TPX>
            </Extensions>
          </Trackpoint>
          <Trackpoint>
            <Time>2025-08-03T17:48:24.000Z</Time>
            <Position>
              <LatitudeDegrees>43.10231608338654</LatitudeDegrees>
              <LongitudeDegrees>-2.583337090909481</LongitudeDegrees>
            </Position>
            <AltitudeMeters>235.1999969482422</AltitudeMeters>
            <DistanceMeters>1407.0</DistanceMeters>
            <HeartRateBpm>
              <Value>76</Value>
            </HeartRateBpm>
            <Extensions>
              <ns3:TPX>
                <ns3:Speed>1.409000039100647</ns3:Speed>
                <ns3:RunCadence>57</ns3:RunCadence>
              </ns3:TPX>
            </Extensions>
          </Trackpoint>
          <Trackpoint>
            <Time>2025-08-03T17:48:32.000Z</Time>
            <Position>
              <LatitudeDegrees>43.102420940995216</LatitudeDegrees>
              <LongitudeDegrees>-2.5834400206804276</LongitudeDegrees>
            </Position>
            <AltitudeMeters>234.8000030517578</AltitudeMeters>
            <DistanceMeters>1423.9100341796875</DistanceMeters>
            <HeartRateBpm>
              <Value>73</Value>
            </HeartRateBpm>
            <Extensions>
              <ns3:TPX>
                <ns3:Speed>1.4839999675750732</ns3:Speed>
                <ns3:RunCadence>57</ns3:RunCadence>
              </ns3:TPX>
            </Extensions>
          </Trackpoint>
          <Trackpoint>
            <Time>2025-08-03T17:48:33.000Z</Time>
            <Position>
              <LatitudeDegrees>43.102428736165166</LatitudeDegrees>
              <LongitudeDegrees>-2.5834492407739162</LongitudeDegrees>
            </Position>
            <AltitudeMeters>234.60000610351562</AltitudeMeters>
            <DistanceMeters>1425.5999755859375</DistanceMeters>
            <HeartRateBpm>
              <Value>74</Value>
            </HeartRateBpm>
            <Extensions>
              <ns3:TPX>
                <ns3:Speed>1.4930000305175781</ns3:Speed>
                <ns3:RunCadence>56</ns3:RunCadence>
              </ns3:TPX>
            </Extensions>
          </Trackpoint>
          <Trackpoint>
            <Time>2025-08-03T17:48:37.000Z</Time>
            <Position>
              <LatitudeDegrees>43.102480955421925</LatitudeDegrees>
              <LongitudeDegrees>-2.58348997682333</LongitudeDegrees>
            </Position>
            <AltitudeMeters>235.39999389648438</AltitudeMeters>
            <DistanceMeters>1431.8800048828125</DistanceMeters>
            <HeartRateBpm>
              <Value>75</Value>
            </HeartRateBpm>
            <Extensions>
              <ns3:TPX>
                <ns3:Speed>1.4459999799728394</ns3:Speed>
                <ns3:RunCadence>57</ns3:RunCadence>
              </ns3:TPX>
            </Extensions>
          </Trackpoint>
          <Trackpoint>
            <Time>2025-08-03T17:48:40.000Z</Time>
            <Position>
              <LatitudeDegrees>43.102512722834945</LatitudeDegrees>
              <LongitudeDegrees>-2.583510596305132</LongitudeDegrees>
            </Position>
            <AltitudeMeters>235.1999969482422</AltitudeMeters>
            <DistanceMeters>1436.27001953125</DistanceMeters>
            <HeartRateBpm>
              <Value>75</Value>
            </HeartRateBpm>
            <Extensions>
              <ns3:TPX>
                <ns3:Speed>1.437000036239624</ns3:Speed>
                <ns3:RunCadence>57</ns3:RunCadence>
              </ns3:TPX>
            </Extensions>
          </Trackpoint>
          <Trackpoint>
            <Time>2025-08-03T17:48:43.000Z</Time>
            <Position>
              <LatitudeDegrees>43.10256477445364</LatitudeDegrees>
              <LongitudeDegrees>-2.5835630670189857</LongitudeDegrees>
            </Position>
            <AltitudeMeters>234.8000030517578</AltitudeMeters>
            <DistanceMeters>1442.2900390625</DistanceMeters>
            <HeartRateBpm>
              <Value>74</Value>
            </HeartRateBpm>
            <Extensions>
              <ns3:TPX>
                <ns3:Speed>1.4459999799728394</ns3:Speed>
                <ns3:RunCadence>58</ns3:RunCadence>
              </ns3:TPX>
            </Extensions>
          </Trackpoint>
          <Trackpoint>
            <Time>2025-08-03T17:48:45.000Z</Time>
            <Position>
              <LatitudeDegrees>43.102594362571836</LatitudeDegrees>
              <LongitudeDegrees>-2.5835991092026234</LongitudeDegrees>
            </Position>
            <AltitudeMeters>234.39999389648438</AltitudeMeters>
            <DistanceMeters>1445.8299560546875</DistanceMeters>
            <HeartRateBpm>
              <Value>74</Value>
            </HeartRateBpm>
            <Extensions>
              <ns3:TPX>
                <ns3:Speed>1.5210000276565552</ns3:Speed>
                <ns3:RunCadence>58</ns3:RunCadence>
              </ns3:TPX>
            </Extensions>
          </Trackpoint>
          <Trackpoint>
            <Time>2025-08-03T17:48:47.000Z</Time>
            <Position>
              <LatitudeDegrees>43.10262210667133</LatitudeDegrees>
              <LongitudeDegrees>-2.5836300384253263</LongitudeDegrees>
            </Position>
            <AltitudeMeters>234.1999969482422</AltitudeMeters>
            <DistanceMeters>1448.97998046875</DistanceMeters>
            <HeartRateBpm>
              <Value>77</Value>
            </HeartRateBpm>
            <Extensions>
              <ns3:TPX>
                <ns3:Speed>1.5299999713897705</ns3:Speed>
                <ns3:RunCadence>58</ns3:RunCadence>
              </ns3:TPX>
            </Extensions>
          </Trackpoint>
          <Trackpoint>
            <Time>2025-08-03T17:48:49.000Z</Time>
            <Position>
              <LatitudeDegrees>43.10264742001891</LatitudeDegrees>
              <LongitudeDegrees>-2.5836564414203167</LongitudeDegrees>
            </Position>
            <AltitudeMeters>234.0</AltitudeMeters>
            <DistanceMeters>1452.5</DistanceMeters>
            <HeartRateBpm>
              <Value>78</Value>
            </HeartRateBpm>
            <Extensions>
              <ns3:TPX>
                <ns3:Speed>1.5299999713897705</ns3:Speed>
                <ns3:RunCadence>58</ns3:RunCadence>
              </ns3:TPX>
            </Extensions>
          </Trackpoint>
          <Trackpoint>
            <Time>2025-08-03T17:48:55.000Z</Time>
            <Position>
              <LatitudeDegrees>43.10271833091974</LatitudeDegrees>
              <LongitudeDegrees>-2.583744451403618</LongitudeDegrees>
            </Position>
            <AltitudeMeters>233.60000610351562</AltitudeMeters>
            <DistanceMeters>1464.2099609375</DistanceMeters>
            <HeartRateBpm>
              <Value>77</Value>
            </HeartRateBpm>
            <Extensions>
              <ns3:TPX>
                <ns3:Speed>1.5679999589920044</ns3:Speed>
                <ns3:RunCadence>57</ns3:RunCadence>
              </ns3:TPX>
            </Extensions>
          </Trackpoint>
          <Trackpoint>
            <Time>2025-08-03T17:48:56.000Z</Time>
            <Position>
              <LatitudeDegrees>43.102730233222246</LatitudeDegrees>
              <LongitudeDegrees>-2.5837548449635506</LongitudeDegrees>
            </Position>
            <AltitudeMeters>233.39999389648438</AltitudeMeters>
            <DistanceMeters>1465.8299560546875</DistanceMeters>
            <HeartRateBpm>
              <Value>76</Value>
            </HeartRateBpm>
            <Extensions>
              <ns3:TPX>
                <ns3:Speed>1.5679999589920044</ns3:Speed>
                <ns3:RunCadence>57</ns3:RunCadence>
              </ns3:TPX>
            </Extensions>
          </Trackpoint>
          <Trackpoint>
            <Time>2025-08-03T17:49:01.000Z</Time>
            <Position>
              <LatitudeDegrees>43.10279234312475</LatitudeDegrees>
              <LongitudeDegrees>-2.58380563929677</LongitudeDegrees>
            </Position>
            <AltitudeMeters>233.60000610351562</AltitudeMeters>
            <DistanceMeters>1476.199951171875</DistanceMeters>
            <HeartRateBpm>
              <Value>75</Value>
            </HeartRateBpm>
            <Extensions>
              <ns3:TPX>
                <ns3:Speed>1.5770000219345093</ns3:Speed>
                <ns3:RunCadence>57</ns3:RunCadence>
              </ns3:TPX>
            </Extensions>
          </Trackpoint>
          <Trackpoint>
            <Time>2025-08-03T17:49:02.000Z</Time>
            <Position>
              <LatitudeDegrees>43.102802485227585</LatitudeDegrees>
              <LongitudeDegrees>-2.5838105008006096</LongitudeDegrees>
            </Position>
            <AltitudeMeters>233.8000030517578</AltitudeMeters>
            <DistanceMeters>1477.6800537109375</DistanceMeters>
            <HeartRateBpm>
              <Value>75</Value>
            </HeartRateBpm>
            <Extensions>
              <ns3:TPX>
                <ns3:Speed>1.5859999656677246</ns3:Speed>
                <ns3:RunCadence>57</ns3:RunCadence>
              </ns3:TPX>
            </Extensions>
          </Trackpoint>
          <Trackpoint>
            <Time>2025-08-03T17:49:06.000Z</Time>
            <Position>
              <LatitudeDegrees>43.102858727797866</LatitudeDegrees>
              <LongitudeDegrees>-2.5838400050997734</LongitudeDegrees>
            </Position>
            <AltitudeMeters>233.8000030517578</AltitudeMeters>
            <DistanceMeters>1483.280029296875</DistanceMeters>
            <HeartRateBpm>
              <Value>75</Value>
            </HeartRateBpm>
            <Extensions>
              <ns3:TPX>
                <ns3:Speed>1.5959999561309814</ns3:Speed>
                <ns3:RunCadence>54</ns3:RunCadence>
              </ns3:TPX>
            </Extensions>
          </Trackpoint>
          <Trackpoint>
            <Time>2025-08-03T17:49:09.000Z</Time>
            <Position>
              <LatitudeDegrees>43.102910025045276</LatitudeDegrees>
              <LongitudeDegrees>-2.5838670786470175</LongitudeDegrees>
            </Position>
            <AltitudeMeters>233.1999969482422</AltitudeMeters>
            <DistanceMeters>1489.1099853515625</DistanceMeters>
            <HeartRateBpm>
              <Value>73</Value>
            </HeartRateBpm>
            <Extensions>
              <ns3:TPX>
                <ns3:Speed>1.5859999656677246</ns3:Speed>
                <ns3:RunCadence>56</ns3:RunCadence>
              </ns3:TPX>
            </Extensions>
          </Trackpoint>
          <Trackpoint>
            <Time>2025-08-03T17:49:14.000Z</Time>
            <Position>
              <LatitudeDegrees>43.10298219323158</LatitudeDegrees>
              <LongitudeDegrees>-2.583921728655696</LongitudeDegrees>
            </Position>
            <AltitudeMeters>232.39999389648438</AltitudeMeters>
            <DistanceMeters>1498.25</DistanceMeters>
            <HeartRateBpm>
              <Value>76</Value>
            </HeartRateBpm>
            <Extensions>
              <ns3:TPX>
                <ns3:Speed>1.6239999532699585</ns3:Speed>
                <ns3:RunCadence>57</ns3:RunCadence>
              </ns3:TPX>
            </Extensions>
          </Trackpoint>
          <Trackpoint>
            <Time>2025-08-03T17:49:15.000Z</Time>
            <Position>
              <LatitudeDegrees>43.102995520457625</LatitudeDegrees>
              <LongitudeDegrees>-2.583930781111121</LongitudeDegrees>
            </Position>
            <AltitudeMeters>232.39999389648438</AltitudeMeters>
            <DistanceMeters>1499.989990234375</DistanceMeters>
            <HeartRateBpm>
              <Value>74</Value>
            </HeartRateBpm>
            <Extensions>
              <ns3:TPX>
                <ns3:Speed>1.6330000162124634</ns3:Speed>
                <ns3:RunCadence>57</ns3:RunCadence>
              </ns3:TPX>
            </Extensions>
          </Trackpoint>
          <Trackpoint>
            <Time>2025-08-03T17:49:16.000Z</Time>
            <Position>
              <LatitudeDegrees>43.103012535721064</LatitudeDegrees>
              <LongitudeDegrees>-2.583943521603942</LongitudeDegrees>
            </Position>
            <AltitudeMeters>232.60000610351562</AltitudeMeters>
            <DistanceMeters>1502.1700439453125</DistanceMeters>
            <HeartRateBpm>
              <Value>74</Value>
            </HeartRateBpm>
            <Extensions>
              <ns3:TPX>
                <ns3:Speed>1.6330000162124634</ns3:Speed>
                <ns3:RunCadence>57</ns3:RunCadence>
              </ns3:TPX>
            </Extensions>
          </Trackpoint>
          <Trackpoint>
            <Time>2025-08-03T17:49:23.000Z</Time>
            <Position>
              <LatitudeDegrees>43.10311848297715</LatitudeDegrees>
              <LongitudeDegrees>-2.584004793316126</LongitudeDegrees>
            </Position>
            <AltitudeMeters>233.39999389648438</AltitudeMeters>
            <DistanceMeters>1516.0</DistanceMeters>
            <HeartRateBpm>
              <Value>75</Value>
            </HeartRateBpm>
            <Extensions>
              <ns3:TPX>
                <ns3:Speed>1.6979999542236328</ns3:Speed>
                <ns3:RunCadence>57</ns3:RunCadence>
              </ns3:TPX>
            </Extensions>
          </Trackpoint>
          <Trackpoint>
            <Time>2025-08-03T17:49:28.000Z</Time>
            <Position>
              <LatitudeDegrees>43.10318646021187</LatitudeDegrees>
              <LongitudeDegrees>-2.584031531587243</LongitudeDegrees>
            </Position>
            <AltitudeMeters>232.39999389648438</AltitudeMeters>
            <DistanceMeters>1525.030029296875</DistanceMeters>
            <HeartRateBpm>
              <Value>78</Value>
            </HeartRateBpm>
            <Extensions>
              <ns3:TPX>
                <ns3:Speed>1.7170000076293945</ns3:Speed>
                <ns3:RunCadence>59</ns3:RunCadence>
              </ns3:TPX>
            </Extensions>
          </Trackpoint>
          <Trackpoint>
            <Time>2025-08-03T17:49:30.000Z</Time>
            <Position>
              <LatitudeDegrees>43.10321168974042</LatitudeDegrees>
              <LongitudeDegrees>-2.5840499717742205</LongitudeDegrees>
            </Position>
            <AltitudeMeters>232.39999389648438</AltitudeMeters>
            <DistanceMeters>1528.219970703125</DistanceMeters>
            <HeartRateBpm>
              <Value>79</Value>
            </HeartRateBpm>
            <Extensions>
              <ns3:TPX>
                <ns3:Speed>1.7259999513626099</ns3:Speed>
                <ns3:RunCadence>58</ns3:RunCadence>
              </ns3:TPX>
            </Extensions>
          </Trackpoint>
          <Trackpoint>
            <Time>2025-08-03T17:49:36.000Z</Time>
            <Position>
              <LatitudeDegrees>43.10329735279083</LatitudeDegrees>
              <LongitudeDegrees>-2.584122810512781</LongitudeDegrees>
            </Position>
            <AltitudeMeters>231.8000030517578</AltitudeMeters>
            <DistanceMeters>1538.8499755859375</DistanceMeters>
            <HeartRateBpm>
              <Value>76</Value>
            </HeartRateBpm>
            <Extensions>
              <ns3:TPX>
                <ns3:Speed>1.781999945640564</ns3:Speed>
                <ns3:RunCadence>55</ns3:RunCadence>
              </ns3:TPX>
            </Extensions>
          </Trackpoint>
          <Trackpoint>
            <Time>2025-08-03T17:49:38.000Z</Time>
            <Position>
              <LatitudeDegrees>43.10332803055644</LatitudeDegrees>
              <LongitudeDegrees>-2.584149381145835</LongitudeDegrees>
            </Position>
            <AltitudeMeters>231.8000030517578</AltitudeMeters>
            <DistanceMeters>1542.31005859375</DistanceMeters>
            <HeartRateBpm>
              <Value>81</Value>
            </HeartRateBpm>
            <Extensions>
              <ns3:TPX>
                <ns3:Speed>1.781999945640564</ns3:Speed>
                <ns3:RunCadence>57</ns3:RunCadence>
              </ns3:TPX>
            </Extensions>
          </Trackpoint>
          <Trackpoint>
            <Time>2025-08-03T17:49:41.000Z</Time>
            <Position>
              <LatitudeDegrees>43.10337044298649</LatitudeDegrees>
              <LongitudeDegrees>-2.5841837469488382</LongitudeDegrees>
            </Position>
            <AltitudeMeters>232.0</AltitudeMeters>
            <DistanceMeters>1548.260009765625</DistanceMeters>
            <HeartRateBpm>
              <Value>78</Value>
            </HeartRateBpm>
            <Extensions>
              <ns3:TPX>
                <ns3:Speed>1.7910000085830688</ns3:Speed>
                <ns3:RunCadence>57</ns3:RunCadence>
              </ns3:TPX>
            </Extensions>
          </Trackpoint>
          <Trackpoint>
            <Time>2025-08-03T17:49:42.000Z</Time>
            <Position>
              <LatitudeDegrees>43.1033855304122</LatitudeDegrees>
              <LongitudeDegrees>-2.5841901171952486</LongitudeDegrees>
            </Position>
            <AltitudeMeters>232.1999969482422</AltitudeMeters>
            <DistanceMeters>1550.4300537109375</DistanceMeters>
            <HeartRateBpm>
              <Value>75</Value>
            </HeartRateBpm>
            <Extensions>
              <ns3:TPX>
                <ns3:Speed>1.8009999990463257</ns3:Speed>
                <ns3:RunCadence>57</ns3:RunCadence>
              </ns3:TPX>
            </Extensions>
          </Trackpoint>
          <Trackpoint>
            <Time>2025-08-03T17:49:43.000Z</Time>
            <Position>
              <LatitudeDegrees>43.103399612009525</LatitudeDegrees>
              <LongitudeDegrees>-2.584195313975215</LongitudeDegrees>
            </Position>
            <AltitudeMeters>232.0</AltitudeMeters>
            <DistanceMeters>1552.3800048828125</DistanceMeters>
            <HeartRateBpm>
              <Value>76</Value>
            </HeartRateBpm>
            <Extensions>
              <ns3:TPX>
                <ns3:Speed>1.819000005722046</ns3:Speed>
                <ns3:RunCadence>57</ns3:RunCadence>
              </ns3:TPX>
            </Extensions>
          </Trackpoint>
          <Trackpoint>
            <Time>2025-08-03T17:49:47.000Z</Time>
            <Position>
              <LatitudeDegrees>43.10344194062054</LatitudeDegrees>
              <LongitudeDegrees>-2.584227668121457</LongitudeDegrees>
            </Position>
            <AltitudeMeters>231.60000610351562</AltitudeMeters>
            <DistanceMeters>1559.3900146484375</DistanceMeters>
            <HeartRateBpm>
              <Value>82</Value>
            </HeartRateBpm>
            <Extensions>
              <ns3:TPX>
                <ns3:Speed>1.8660000562667847</ns3:Speed>
                <ns3:RunCadence>57</ns3:RunCadence>
              </ns3:TPX>
            </Extensions>
          </Trackpoint>
          <Trackpoint>
            <Time>2025-08-03T17:49:49.000Z</Time>
            <Position>
              <LatitudeDegrees>43.10345996171236</LatitudeDegrees>
              <LongitudeDegrees>-2.584250634536147</LongitudeDegrees>
            </Position>
            <AltitudeMeters>231.1999969482422</AltitudeMeters>
            <DistanceMeters>1561.530029296875</DistanceMeters>
            <HeartRateBpm>
              <Value>84</Value>
            </HeartRateBpm>
            <Extensions>
              <ns3:TPX>
                <ns3:Speed>1.8569999933242798</ns3:Speed>
                <ns3:RunCadence>57</ns3:RunCadence>
              </ns3:TPX>
            </Extensions>
          </Trackpoint>
          <Trackpoint>
            <Time>2025-08-03T17:49:50.000Z</Time>
            <Position>
              <LatitudeDegrees>43.10346960090101</LatitudeDegrees>
              <LongitudeDegrees>-2.5842658895999193</LongitudeDegrees>
            </Position>
            <AltitudeMeters>231.1999969482422</AltitudeMeters>
            <DistanceMeters>1562.8299560546875</DistanceMeters>
            <HeartRateBpm>
              <Value>84</Value>
            </HeartRateBpm>
            <Extensions>
              <ns3:TPX>
                <ns3:Speed>1.847000002861023</ns3:Speed>
                <ns3:RunCadence>58</ns3:RunCadence>
              </ns3:TPX>
            </Extensions>
          </Trackpoint>
          <Trackpoint>
            <Time>2025-08-03T17:49:56.000Z</Time>
            <Position>
              <LatitudeDegrees>43.103560796007514</LatitudeDegrees>
              <LongitudeDegrees>-2.5843377225100994</LongitudeDegrees>
            </Position>
            <AltitudeMeters>231.1999969482422</AltitudeMeters>
            <DistanceMeters>1572.4599609375</DistanceMeters>
            <HeartRateBpm>
              <Value>83</Value>
            </HeartRateBpm>
            <Extensions>
              <ns3:TPX>
                <ns3:Speed>1.8380000591278076</ns3:Speed>
                <ns3:RunCadence>57</ns3:RunCadence>
              </ns3:TPX>
            </Extensions>
          </Trackpoint>
          <Trackpoint>
            <Time>2025-08-03T17:49:59.000Z</Time>
            <Position>
              <LatitudeDegrees>43.103583762422204</LatitudeDegrees>
              <LongitudeDegrees>-2.584357252344489</LongitudeDegrees>
            </Position>
            <AltitudeMeters>231.1999969482422</AltitudeMeters>
            <DistanceMeters>1576.1199951171875</DistanceMeters>
            <HeartRateBpm>
              <Value>80</Value>
            </HeartRateBpm>
            <Extensions>
              <ns3:TPX>
                <ns3:Speed>1.819000005722046</ns3:Speed>
                <ns3:RunCadence>59</ns3:RunCadence>
              </ns3:TPX>
            </Extensions>
          </Trackpoint>
          <Trackpoint>
            <Time>2025-08-03T17:50:01.000Z</Time>
            <Position>
              <LatitudeDegrees>43.10359097085893</LatitudeDegrees>
              <LongitudeDegrees>-2.584351636469364</LongitudeDegrees>
            </Position>
            <AltitudeMeters>231.0</AltitudeMeters>
            <DistanceMeters>1576.8399658203125</DistanceMeters>
            <HeartRateBpm>
              <Value>84</Value>
            </HeartRateBpm>
            <Extensions>
              <ns3:TPX>
                <ns3:Speed>1.7170000076293945</ns3:Speed>
                <ns3:RunCadence>0</ns3:RunCadence>
              </ns3:TPX>
            </Extensions>
          </Trackpoint>
          <Trackpoint>
            <Time>2025-08-03T17:50:02.000Z</Time>
            <Position>
              <LatitudeDegrees>43.10358845628798</LatitudeDegrees>
              <LongitudeDegrees>-2.584334034472704</LongitudeDegrees>
            </Position>
            <AltitudeMeters>231.0</AltitudeMeters>
            <DistanceMeters>1577.5400390625</DistanceMeters>
            <HeartRateBpm>
              <Value>85</Value>
            </HeartRateBpm>
            <Extensions>
              <ns3:TPX>
                <ns3:Speed>1.6979999542236328</ns3:Speed>
                <ns3:RunCadence>0</ns3:RunCadence>
              </ns3:TPX>
            </Extensions>
          </Trackpoint>
          <Trackpoint>
            <Time>2025-08-03T17:50:09.000Z</Time>
            <Position>
              <LatitudeDegrees>43.10357915237546</LatitudeDegrees>
              <LongitudeDegrees>-2.5842744391411543</LongitudeDegrees>
            </Position>
            <AltitudeMeters>230.8000030517578</AltitudeMeters>
            <DistanceMeters>1579.5699462890625</DistanceMeters>
            <HeartRateBpm>
              <Value>86</Value>
            </HeartRateBpm>
            <Extensions>
              <ns3:TPX>
                <ns3:Speed>0.4390000104904175</ns3:Speed>
                <ns3:RunCadence>0</ns3:RunCadence>
              </ns3:TPX>
            </Extensions>
          </Trackpoint>
          <Trackpoint>
            <Time>2025-08-03T17:50:14.000Z</Time>
            <Position>
              <LatitudeDegrees>43.10355945490301</LatitudeDegrees>
              <LongitudeDegrees>-2.5842437613755465</LongitudeDegrees>
            </Position>
            <AltitudeMeters>230.60000610351562</AltitudeMeters>
            <DistanceMeters>1581.550048828125</DistanceMeters>
            <HeartRateBpm>
              <Value>86</Value>
            </HeartRateBpm>
            <Extensions>
              <ns3:TPX>
                <ns3:Speed>0.0</ns3:Speed>
                <ns3:RunCadence>0</ns3:RunCadence>
              </ns3:TPX>
            </Extensions>
          </Trackpoint>
          <Trackpoint>
            <Time>2025-08-03T17:50:23.000Z</Time>
            <Position>
              <LatitudeDegrees>43.10355266556144</LatitudeDegrees>
              <LongitudeDegrees>-2.584225991740823</LongitudeDegrees>
            </Position>
            <AltitudeMeters>230.60000610351562</AltitudeMeters>
            <DistanceMeters>1584.9599609375</DistanceMeters>
            <HeartRateBpm>
              <Value>84</Value>
            </HeartRateBpm>
            <Extensions>
              <ns3:TPX>
                <ns3:Speed>0.0</ns3:Speed>
                <ns3:RunCadence>0</ns3:RunCadence>
              </ns3:TPX>
            </Extensions>
          </Trackpoint>
          <Trackpoint>
            <Time>2025-08-03T17:50:31.000Z</Time>
            <Position>
              <LatitudeDegrees>43.1035633943975</LatitudeDegrees>
              <LongitudeDegrees>-2.584228003397584</LongitudeDegrees>
            </Position>
            <AltitudeMeters>230.8000030517578</AltitudeMeters>
            <DistanceMeters>1585.800048828125</DistanceMeters>
            <HeartRateBpm>
              <Value>82</Value>
            </HeartRateBpm>
            <Extensions>
              <ns3:TPX>
                <ns3:Speed>0.0</ns3:Speed>
                <ns3:RunCadence>0</ns3:RunCadence>
              </ns3:TPX>
            </Extensions>
          </Trackpoint>
          <Trackpoint>
            <Time>2025-08-03T17:50:42.000Z</Time>
            <Position>
              <LatitudeDegrees>43.103614524006844</LatitudeDegrees>
              <LongitudeDegrees>-2.5842498801648617</LongitudeDegrees>
            </Position>
            <AltitudeMeters>230.60000610351562</AltitudeMeters>
            <DistanceMeters>1587.77001953125</DistanceMeters>
            <HeartRateBpm>
              <Value>82</Value>
            </HeartRateBpm>
            <Extensions>
              <ns3:TPX>
                <ns3:Speed>0.0</ns3:Speed>
                <ns3:RunCadence>0</ns3:RunCadence>
              </ns3:TPX>
            </Extensions>
          </Trackpoint>
          <Trackpoint>
            <Time>2025-08-03T17:50:48.000Z</Time>
            <Position>
              <LatitudeDegrees>43.1036046333611</LatitudeDegrees>
              <LongitudeDegrees>-2.584287514910102</LongitudeDegrees>
            </Position>
            <AltitudeMeters>230.39999389648438</AltitudeMeters>
            <DistanceMeters>1589.239990234375</DistanceMeters>
            <HeartRateBpm>
              <Value>83</Value>
            </HeartRateBpm>
            <Extensions>
              <ns3:TPX>
                <ns3:Speed>0.0</ns3:Speed>
                <ns3:RunCadence>0</ns3:RunCadence>
              </ns3:TPX>
            </Extensions>
          </Trackpoint>
          <Trackpoint>
            <Time>2025-08-03T17:50:56.000Z</Time>
            <Position>
              <LatitudeDegrees>43.10360790230334</LatitudeDegrees>
              <LongitudeDegrees>-2.5843094754964113</LongitudeDegrees>
            </Position>
            <AltitudeMeters>230.39999389648438</AltitudeMeters>
            <DistanceMeters>1589.4300537109375</DistanceMeters>
            <HeartRateBpm>
              <Value>77</Value>
            </HeartRateBpm>
            <Extensions>
              <ns3:TPX>
                <ns3:Speed>0.0</ns3:Speed>
                <ns3:RunCadence>0</ns3:RunCadence>
              </ns3:TPX>
            </Extensions>
          </Trackpoint>
          <Trackpoint>
            <Time>2025-08-03T17:50:57.000Z</Time>
            <Position>
              <LatitudeDegrees>43.10360798612237</LatitudeDegrees>
              <LongitudeDegrees>-2.584307547658682</LongitudeDegrees>
            </Position>
            <AltitudeMeters>230.39999389648438</AltitudeMeters>
            <DistanceMeters>1589.97998046875</DistanceMeters>
            <HeartRateBpm>
              <Value>80</Value>
            </HeartRateBpm>
            <Extensions>
              <ns3:TPX>
                <ns3:Speed>0.0</ns3:Speed>
                <ns3:RunCadence>0</ns3:RunCadence>
              </ns3:TPX>
            </Extensions>
          </Trackpoint>
          <Trackpoint>
            <Time>2025-08-03T17:51:01.000Z</Time>
            <Position>
              <LatitudeDegrees>43.10360245406628</LatitudeDegrees>
              <LongitudeDegrees>-2.5843043625354767</LongitudeDegrees>
            </Position>
            <AltitudeMeters>230.39999389648438</AltitudeMeters>
            <DistanceMeters>1591.5799560546875</DistanceMeters>
            <HeartRateBpm>
              <Value>83</Value>
            </HeartRateBpm>
            <Extensions>
              <ns3:TPX>
                <ns3:Speed>0.0</ns3:Speed>
                <ns3:RunCadence>0</ns3:RunCadence>
              </ns3:TPX>
            </Extensions>
          </Trackpoint>
          <Trackpoint>
            <Time>2025-08-03T17:51:03.000Z</Time>
            <Position>
              <LatitudeDegrees>43.10360454954207</LatitudeDegrees>
              <LongitudeDegrees>-2.5843112356960773</LongitudeDegrees>
            </Position>
            <AltitudeMeters>230.39999389648438</AltitudeMeters>
            <DistanceMeters>1592.72998046875</DistanceMeters>
            <HeartRateBpm>
              <Value>76</Value>
            </HeartRateBpm>
            <Extensions>
              <ns3:TPX>
                <ns3:Speed>0.0</ns3:Speed>
                <ns3:RunCadence>0</ns3:RunCadence>
              </ns3:TPX>
            </Extensions>
          </Trackpoint>
          <Trackpoint>
            <Time>2025-08-03T17:51:04.000Z</Time>
            <Position>
              <LatitudeDegrees>43.10360513627529</LatitudeDegrees>
              <LongitudeDegrees>-2.584313079714775</LongitudeDegrees>
            </Position>
            <AltitudeMeters>230.39999389648438</AltitudeMeters>
            <DistanceMeters>1592.969970703125</DistanceMeters>
            <HeartRateBpm>
              <Value>72</Value>
            </HeartRateBpm>
            <Extensions>
              <ns3:TPX>
                <ns3:Speed>0.0</ns3:Speed>
                <ns3:RunCadence>0</ns3:RunCadence>
              </ns3:TPX>
            </Extensions>
          </Trackpoint>
          <Trackpoint>
            <Time>2025-08-03T17:51:05.000Z</Time>
            <Position>
              <LatitudeDegrees>43.103605806827545</LatitudeDegrees>
              <LongitudeDegrees>-2.5843138340860605</LongitudeDegrees>
            </Position>
            <AltitudeMeters>230.39999389648438</AltitudeMeters>
            <DistanceMeters>1593.3800048828125</DistanceMeters>
            <HeartRateBpm>
              <Value>72</Value>
            </HeartRateBpm>
            <Extensions>
              <ns3:TPX>
                <ns3:Speed>0.0</ns3:Speed>
                <ns3:RunCadence>0</ns3:RunCadence>
              </ns3:TPX>
            </Extensions>
          </Trackpoint>
          <Trackpoint>
            <Time>2025-08-03T17:51:11.000Z</Time>
            <Position>
              <LatitudeDegrees>43.10360153205693</LatitudeDegrees>
              <LongitudeDegrees>-2.5842938013374805</LongitudeDegrees>
            </Position>
            <AltitudeMeters>230.39999389648438</AltitudeMeters>
            <DistanceMeters>1594.8699951171875</DistanceMeters>
            <HeartRateBpm>
              <Value>71</Value>
            </HeartRateBpm>
            <Extensions>
              <ns3:TPX>
                <ns3:Speed>0.0</ns3:Speed>
                <ns3:RunCadence>0</ns3:RunCadence>
              </ns3:TPX>
            </Extensions>
          </Trackpoint>
          <Trackpoint>
            <Time>2025-08-03T17:51:18.000Z</Time>
            <Position>
              <LatitudeDegrees>43.10358795337379</LatitudeDegrees>
              <LongitudeDegrees>-2.58425273001194</LongitudeDegrees>
            </Position>
            <AltitudeMeters>230.39999389648438</AltitudeMeters>
            <DistanceMeters>1597.0699462890625</DistanceMeters>
            <HeartRateBpm>
              <Value>72</Value>
            </HeartRateBpm>
            <Extensions>
              <ns3:TPX>
                <ns3:Speed>0.0</ns3:Speed>
                <ns3:RunCadence>0</ns3:RunCadence>
              </ns3:TPX>
            </Extensions>
          </Trackpoint>
          <Trackpoint>
            <Time>2025-08-03T17:51:21.000Z</Time>
            <Position>
              <LatitudeDegrees>43.10358569025993</LatitudeDegrees>
              <LongitudeDegrees>-2.5842435099184513</LongitudeDegrees>
            </Position>
            <AltitudeMeters>230.1999969482422</AltitudeMeters>
            <DistanceMeters>1597.0699462890625</DistanceMeters>
            <HeartRateBpm>
              <Value>74</Value>
            </HeartRateBpm>
            <Extensions>
              <ns3:TPX>
                <ns3:Speed>0.0</ns3:Speed>
                <ns3:RunCadence>0</ns3:RunCadence>
              </ns3:TPX>
            </Extensions>
          </Trackpoint>
          <Trackpoint>
            <Time>2025-08-03T17:51:26.000Z</Time>
            <Position>
              <LatitudeDegrees>43.1036080699414</LatitudeDegrees>
              <LongitudeDegrees>-2.5841597747057676</LongitudeDegrees>
            </Position>
            <AltitudeMeters>230.1999969482422</AltitudeMeters>
            <DistanceMeters>1597.0699462890625</DistanceMeters>
            <HeartRateBpm>
              <Value>73</Value>
            </HeartRateBpm>
            <Extensions>
              <ns3:TPX>
                <ns3:Speed>0.0</ns3:Speed>
                <ns3:RunCadence>0</ns3:RunCadence>
              </ns3:TPX>
            </Extensions>
          </Trackpoint>
          <Trackpoint>
            <Time>2025-08-03T17:51:33.000Z</Time>
            <Position>
              <LatitudeDegrees>43.103607818484306</LatitudeDegrees>
              <LongitudeDegrees>-2.5842737685889006</LongitudeDegrees>
            </Position>
            <AltitudeMeters>230.39999389648438</AltitudeMeters>
            <DistanceMeters>1597.0699462890625</DistanceMeters>
            <HeartRateBpm>
              <Value>74</Value>
            </HeartRateBpm>
            <Extensions>
              <ns3:TPX>
                <ns3:Speed>0.0</ns3:Speed>
                <ns3:RunCadence>0</ns3:RunCadence>
              </ns3:TPX>
            </Extensions>
          </Trackpoint>
          <Trackpoint>
            <Time>2025-08-03T17:51:37.000Z</Time>
            <Position>
              <LatitudeDegrees>43.103603376075625</LatitudeDegrees>
              <LongitudeDegrees>-2.584326323121786</LongitudeDegrees>
            </Position>
            <AltitudeMeters>228.1999969482422</AltitudeMeters>
            <DistanceMeters>1597.0699462890625</DistanceMeters>
            <HeartRateBpm>
              <Value>73</Value>
            </HeartRateBpm>
            <Extensions>
              <ns3:TPX>
                <ns3:Speed>0.0</ns3:Speed>
                <ns3:RunCadence>0</ns3:RunCadence>
              </ns3:TPX>
            </Extensions>
          </Trackpoint>
          <Trackpoint>
            <Time>2025-08-03T17:51:39.000Z</Time>
            <Position>
              <LatitudeDegrees>43.10360865667462</LatitudeDegrees>
              <LongitudeDegrees>-2.584354570135474</LongitudeDegrees>
            </Position>
            <AltitudeMeters>228.1999969482422</AltitudeMeters>
            <DistanceMeters>1597.510009765625</DistanceMeters>
            <HeartRateBpm>
              <Value>74</Value>
            </HeartRateBpm>
            <Extensions>
              <ns3:TPX>
                <ns3:Speed>0.0</ns3:Speed>
                <ns3:RunCadence>0</ns3:RunCadence>
              </ns3:TPX>
            </Extensions>
          </Trackpoint>
          <Trackpoint>
            <Time>2025-08-03T17:51:41.000Z</Time>
            <Position>
              <LatitudeDegrees>43.10362223535776</LatitudeDegrees>
              <LongitudeDegrees>-2.584372591227293</LongitudeDegrees>
            </Position>
            <AltitudeMeters>229.1999969482422</AltitudeMeters>
            <DistanceMeters>1597.5400390625</DistanceMeters>
            <HeartRateBpm>
              <Value>71</Value>
            </HeartRateBpm>
            <Extensions>
              <ns3:TPX>
                <ns3:Speed>0.0</ns3:Speed>
                <ns3:RunCadence>0</ns3:RunCadence>
              </ns3:TPX>
            </Extensions>
          </Trackpoint>
          <Trackpoint>
            <Time>2025-08-03T17:51:43.000Z</Time>
            <Position>
              <LatitudeDegrees>43.10365132056177</LatitudeDegrees>
              <LongitudeDegrees>-2.5843813084065914</LongitudeDegrees>
            </Position>
            <AltitudeMeters>230.1999969482422</AltitudeMeters>
            <DistanceMeters>1599.4200439453125</DistanceMeters>
            <HeartRateBpm>
              <Value>69</Value>
            </HeartRateBpm>
            <Extensions>
              <ns3:TPX>
                <ns3:Speed>0.0</ns3:Speed>
                <ns3:RunCadence>0</ns3:RunCadence>
              </ns3:TPX>
            </Extensions>
          </Trackpoint>
          <Trackpoint>
            <Time>2025-08-03T17:51:44.000Z</Time>
            <Position>
              <LatitudeDegrees>43.10366565361619</LatitudeDegrees>
              <LongitudeDegrees>-2.584380889311433</LongitudeDegrees>
            </Position>
            <AltitudeMeters>230.39999389648438</AltitudeMeters>
            <DistanceMeters>1601.1099853515625</DistanceMeters>
            <HeartRateBpm>
              <Value>69</Value>
            </HeartRateBpm>
            <Extensions>
              <ns3:TPX>
                <ns3:Speed>0.0</ns3:Speed>
                <ns3:RunCadence>0</ns3:RunCadence>
              </ns3:TPX>
            </Extensions>
          </Trackpoint>
          <Trackpoint>
            <Time>2025-08-03T17:51:48.000Z</Time>
            <Position>
              <LatitudeDegrees>43.10371418483555</LatitudeDegrees>
              <LongitudeDegrees>-2.5843860022723675</LongitudeDegrees>
            </Position>
            <AltitudeMeters>231.0</AltitudeMeters>
            <DistanceMeters>1607.52001953125</DistanceMeters>
            <HeartRateBpm>
              <Value>70</Value>
            </HeartRateBpm>
            <Extensions>
              <ns3:TPX>
                <ns3:Speed>1.7259999513626099</ns3:Speed>
                <ns3:RunCadence>56</ns3:RunCadence>
              </ns3:TPX>
            </Extensions>
          </Trackpoint>
          <Trackpoint>
            <Time>2025-08-03T17:51:49.000Z</Time>
            <Position>
              <LatitudeDegrees>43.10372659005225</LatitudeDegrees>
              <LongitudeDegrees>-2.5843851640820503</LongitudeDegrees>
            </Position>
            <AltitudeMeters>231.0</AltitudeMeters>
            <DistanceMeters>1608.969970703125</DistanceMeters>
            <HeartRateBpm>
              <Value>71</Value>
            </HeartRateBpm>
            <Extensions>
              <ns3:TPX>
                <ns3:Speed>1.8009999990463257</ns3:Speed>
                <ns3:RunCadence>57</ns3:RunCadence>
              </ns3:TPX>
            </Extensions>
          </Trackpoint>
          <Trackpoint>
            <Time>2025-08-03T17:51:52.000Z</Time>
            <Position>
              <LatitudeDegrees>43.103767577558756</LatitudeDegrees>
              <LongitudeDegrees>-2.5843856669962406</LongitudeDegrees>
            </Position>
            <AltitudeMeters>230.60000610351562</AltitudeMeters>
            <DistanceMeters>1612.8800048828125</DistanceMeters>
            <HeartRateBpm>
              <Value>71</Value>
            </HeartRateBpm>
            <Extensions>
              <ns3:TPX>
                <ns3:Speed>1.6799999475479126</ns3:Speed>
                <ns3:RunCadence>57</ns3:RunCadence>
              </ns3:TPX>
            </Extensions>
          </Trackpoint>
          <Trackpoint>
            <Time>2025-08-03T17:51:55.000Z</Time>
            <Position>
              <LatitudeDegrees>43.10381258837879</LatitudeDegrees>
              <LongitudeDegrees>-2.584389355033636</LongitudeDegrees>
            </Position>
            <AltitudeMeters>230.60000610351562</AltitudeMeters>
            <DistanceMeters>1617.030029296875</DistanceMeters>
            <HeartRateBpm>
              <Value>73</Value>
            </HeartRateBpm>
            <Extensions>
              <ns3:TPX>
                <ns3:Speed>1.7079999446868896</ns3:Speed>
                <ns3:RunCadence>57</ns3:RunCadence>
              </ns3:TPX>
            </Extensions>
          </Trackpoint>
          <Trackpoint>
            <Time>2025-08-03T17:52:01.000Z</Time>
            <Position>
              <LatitudeDegrees>43.10390495695174</LatitudeDegrees>
              <LongitudeDegrees>-2.5844211224466562</LongitudeDegrees>
            </Position>
            <AltitudeMeters>230.1999969482422</AltitudeMeters>
            <DistanceMeters>1625.97998046875</DistanceMeters>
            <HeartRateBpm>
              <Value>74</Value>
            </HeartRateBpm>
            <Extensions>
              <ns3:TPX>
                <ns3:Speed>1.7640000581741333</ns3:Speed>
                <ns3:RunCadence>57</ns3:RunCadence>
              </ns3:TPX>
            </Extensions>
          </Trackpoint>
          <Trackpoint>
            <Time>2025-08-03T17:52:02.000Z</Time>
            <Position>
              <LatitudeDegrees>43.10392037965357</LatitudeDegrees>
              <LongitudeDegrees>-2.584422128275037</LongitudeDegrees>
            </Position>
            <AltitudeMeters>230.1999969482422</AltitudeMeters>
            <DistanceMeters>1627.530029296875</DistanceMeters>
            <HeartRateBpm>
              <Value>73</Value>
            </HeartRateBpm>
            <Extensions>
              <ns3:TPX>
                <ns3:Speed>1.7640000581741333</ns3:Speed>
                <ns3:RunCadence>57</ns3:RunCadence>
              </ns3:TPX>
            </Extensions>
          </Trackpoint>
          <Trackpoint>
            <Time>2025-08-03T17:52:04.000Z</Time>
            <Position>
              <LatitudeDegrees>43.10395097360015</LatitudeDegrees>
              <LongitudeDegrees>-2.5844186078757048</LongitudeDegrees>
            </Position>
            <AltitudeMeters>230.1999969482422</AltitudeMeters>
            <DistanceMeters>1630.469970703125</DistanceMeters>
            <HeartRateBpm>
              <Value>72</Value>
            </HeartRateBpm>
            <Extensions>
              <ns3:TPX>
                <ns3:Speed>1.7259999513626099</ns3:Speed>
                <ns3:RunCadence>57</ns3:RunCadence>
              </ns3:TPX>
            </Extensions>
          </Trackpoint>
          <Trackpoint>
            <Time>2025-08-03T17:52:05.000Z</Time>
            <Position>
              <LatitudeDegrees>43.10396706685424</LatitudeDegrees>
              <LongitudeDegrees>-2.5844175182282925</LongitudeDegrees>
            </Position>
            <AltitudeMeters>230.0</AltitudeMeters>
            <DistanceMeters>1631.72998046875</DistanceMeters>
            <HeartRateBpm>
              <Value>73</Value>
            </HeartRateBpm>
            <Extensions>
              <ns3:TPX>
                <ns3:Speed>1.7259999513626099</ns3:Speed>
                <ns3:RunCadence>57</ns3:RunCadence>
              </ns3:TPX>
            </Extensions>
          </Trackpoint>
          <Trackpoint>
            <Time>2025-08-03T17:52:10.000Z</Time>
            <Position>
              <LatitudeDegrees>43.104048538953066</LatitudeDegrees>
              <LongitudeDegrees>-2.584431767463684</LongitudeDegrees>
            </Position>
            <AltitudeMeters>230.1999969482422</AltitudeMeters>
            <DistanceMeters>1641.1500244140625</DistanceMeters>
            <HeartRateBpm>
              <Value>73</Value>
            </HeartRateBpm>
            <Extensions>
              <ns3:TPX>
                <ns3:Speed>1.7259999513626099</ns3:Speed>
                <ns3:RunCadence>57</ns3:RunCadence>
              </ns3:TPX>
            </Extensions>
          </Trackpoint>
          <Trackpoint>
            <Time>2025-08-03T17:52:12.000Z</Time>
            <Position>
              <LatitudeDegrees>43.10407527722418</LatitudeDegrees>
              <LongitudeDegrees>-2.584435623139143</LongitudeDegrees>
            </Position>
            <AltitudeMeters>230.39999389648438</AltitudeMeters>
            <DistanceMeters>1644.68994140625</DistanceMeters>
            <HeartRateBpm>
              <Value>74</Value>
            </HeartRateBpm>
            <Extensions>
              <ns3:TPX>
                <ns3:Speed>1.7730000019073486</ns3:Speed>
                <ns3:RunCadence>58</ns3:RunCadence>
              </ns3:TPX>
            </Extensions>
          </Trackpoint>
          <Trackpoint>
            <Time>2025-08-03T17:52:15.000Z</Time>
            <Position>
              <LatitudeDegrees>43.10412255115807</LatitudeDegrees>
              <LongitudeDegrees>-2.5844466872513294</LongitudeDegrees>
            </Position>
            <AltitudeMeters>230.39999389648438</AltitudeMeters>
            <DistanceMeters>1648.449951171875</DistanceMeters>
            <HeartRateBpm>
              <Value>77</Value>
            </HeartRateBpm>
            <Extensions>
              <ns3:TPX>
                <ns3:Speed>1.7730000019073486</ns3:Speed>
                <ns3:RunCadence>58</ns3:RunCadence>
              </ns3:TPX>
            </Extensions>
          </Trackpoint>
          <Trackpoint>
            <Time>2025-08-03T17:52:21.000Z</Time>
            <Position>
              <LatitudeDegrees>43.104222966358066</LatitudeDegrees>
              <LongitudeDegrees>-2.584457164630294</LongitudeDegrees>
            </Position>
            <AltitudeMeters>229.8000030517578</AltitudeMeters>
            <DistanceMeters>1657.989990234375</DistanceMeters>
            <HeartRateBpm>
              <Value>77</Value>
            </HeartRateBpm>
            <Extensions>
              <ns3:TPX>
                <ns3:Speed>1.7640000581741333</ns3:Speed>
                <ns3:RunCadence>58</ns3:RunCadence>
              </ns3:TPX>
            </Extensions>
          </Trackpoint>
          <Trackpoint>
            <Time>2025-08-03T17:52:23.000Z</Time>
            <Position>
              <LatitudeDegrees>43.104251800104976</LatitudeDegrees>
              <LongitudeDegrees>-2.58446185849607</LongitudeDegrees>
            </Position>
            <AltitudeMeters>229.8000030517578</AltitudeMeters>
            <DistanceMeters>1661.5400390625</DistanceMeters>
            <HeartRateBpm>
              <Value>74</Value>
            </HeartRateBpm>
            <Extensions>
              <ns3:TPX>
                <ns3:Speed>1.7640000581741333</ns3:Speed>
                <ns3:RunCadence>58</ns3:RunCadence>
              </ns3:TPX>
            </Extensions>
          </Trackpoint>
          <Trackpoint>
            <Time>2025-08-03T17:52:26.000Z</Time>
            <Position>
              <LatitudeDegrees>43.10429354198277</LatitudeDegrees>
              <LongitudeDegrees>-2.5844678096473217</LongitudeDegrees>
            </Position>
            <AltitudeMeters>229.39999389648438</AltitudeMeters>
            <DistanceMeters>1666.0899658203125</DistanceMeters>
            <HeartRateBpm>
              <Value>77</Value>
            </HeartRateBpm>
            <Extensions>
              <ns3:TPX>
                <ns3:Speed>1.7640000581741333</ns3:Speed>
                <ns3:RunCadence>58</ns3:RunCadence>
              </ns3:TPX>
            </Extensions>
          </Trackpoint>
          <Trackpoint>
            <Time>2025-08-03T17:52:28.000Z</Time>
            <Position>
              <LatitudeDegrees>43.10432388447225</LatitudeDegrees>
              <LongitudeDegrees>-2.5844706594944</LongitudeDegrees>
            </Position>
            <AltitudeMeters>229.39999389648438</AltitudeMeters>
            <DistanceMeters>1669.780029296875</DistanceMeters>
            <HeartRateBpm>
              <Value>79</Value>
            </HeartRateBpm>
            <Extensions>
              <ns3:TPX>
                <ns3:Speed>1.7640000581741333</ns3:Speed>
                <ns3:RunCadence>58</ns3:RunCadence>
              </ns3:TPX>
            </Extensions>
          </Trackpoint>
          <Trackpoint>
            <Time>2025-08-03T17:52:31.000Z</Time>
            <Position>
              <LatitudeDegrees>43.10437325388193</LatitudeDegrees>
              <LongitudeDegrees>-2.584481220692396</LongitudeDegrees>
            </Position>
            <AltitudeMeters>229.1999969482422</AltitudeMeters>
            <DistanceMeters>1675.5</DistanceMeters>
            <HeartRateBpm>
              <Value>76</Value>
            </HeartRateBpm>
            <Extensions>
              <ns3:TPX>
                <ns3:Speed>1.7640000581741333</ns3:Speed>
                <ns3:RunCadence>57</ns3:RunCadence>
              </ns3:TPX>
            </Extensions>
          </Trackpoint>
          <Trackpoint>
            <Time>2025-08-03T17:52:35.000Z</Time>
            <Position>
              <LatitudeDegrees>43.10442513786256</LatitudeDegrees>
              <LongitudeDegrees>-2.584500079974532</LongitudeDegrees>
            </Position>
            <AltitudeMeters>229.1999969482422</AltitudeMeters>
            <DistanceMeters>1682.469970703125</DistanceMeters>
            <HeartRateBpm>
              <Value>76</Value>
            </HeartRateBpm>
            <Extensions>
              <ns3:TPX>
                <ns3:Speed>1.7730000019073486</ns3:Speed>
                <ns3:RunCadence>57</ns3:RunCadence>
              </ns3:TPX>
            </Extensions>
          </Trackpoint>
          <Trackpoint>
            <Time>2025-08-03T17:52:36.000Z</Time>
            <Position>
              <LatitudeDegrees>43.10443913564086</LatitudeDegrees>
              <LongitudeDegrees>-2.5845014210790396</LongitudeDegrees>
            </Position>
            <AltitudeMeters>229.1999969482422</AltitudeMeters>
            <DistanceMeters>1684.1199951171875</DistanceMeters>
            <HeartRateBpm>
              <Value>78</Value>
            </HeartRateBpm>
            <Extensions>
              <ns3:TPX>
                <ns3:Speed>1.7640000581741333</ns3:Speed>
                <ns3:RunCadence>57</ns3:RunCadence>
              </ns3:TPX>
            </Extensions>
          </Trackpoint>
          <Trackpoint>
            <Time>2025-08-03T17:52:40.000Z</Time>
            <Position>
              <LatitudeDegrees>43.10449085198343</LatitudeDegrees>
              <LongitudeDegrees>-2.584507204592228</LongitudeDegrees>
            </Position>
            <AltitudeMeters>229.39999389648438</AltitudeMeters>
            <DistanceMeters>1690.5</DistanceMeters>
            <HeartRateBpm>
              <Value>74</Value>
            </HeartRateBpm>
            <Extensions>
              <ns3:TPX>
                <ns3:Speed>1.7450000047683716</ns3:Speed>
                <ns3:RunCadence>55</ns3:RunCadence>
              </ns3:TPX>
            </Extensions>
          </Trackpoint>
          <Trackpoint>
            <Time>2025-08-03T17:52:42.000Z</Time>
            <Position>
              <LatitudeDegrees>43.10452035628259</LatitudeDegrees>
              <LongitudeDegrees>-2.5845055282115936</LongitudeDegrees>
            </Position>
            <AltitudeMeters>229.39999389648438</AltitudeMeters>
            <DistanceMeters>1693.1300048828125</DistanceMeters>
            <HeartRateBpm>
              <Value>75</Value>
            </HeartRateBpm>
            <Extensions>
              <ns3:TPX>
                <ns3:Speed>1.7450000047683716</ns3:Speed>
                <ns3:RunCadence>55</ns3:RunCadence>
              </ns3:TPX>
            </Extensions>
          </Trackpoint>
          <Trackpoint>
            <Time>2025-08-03T17:52:49.000Z</Time>
            <Position>
              <LatitudeDegrees>43.104622196406126</LatitudeDegrees>
              <LongitudeDegrees>-2.584503935649991</LongitudeDegrees>
            </Position>
            <AltitudeMeters>229.1999969482422</AltitudeMeters>
            <DistanceMeters>1706.010009765625</DistanceMeters>
            <HeartRateBpm>
              <Value>76</Value>
            </HeartRateBpm>
            <Extensions>
              <ns3:TPX>
                <ns3:Speed>1.7079999446868896</ns3:Speed>
                <ns3:RunCadence>56</ns3:RunCadence>
              </ns3:TPX>
            </Extensions>
          </Trackpoint>
          <Trackpoint>
            <Time>2025-08-03T17:52:50.000Z</Time>
            <Position>
              <LatitudeDegrees>43.10464004985988</LatitudeDegrees>
              <LongitudeDegrees>-2.5845056120306253</LongitudeDegrees>
            </Position>
            <AltitudeMeters>229.1999969482422</AltitudeMeters>
            <DistanceMeters>1708.3499755859375</DistanceMeters>
            <HeartRateBpm>
              <Value>75</Value>
            </HeartRateBpm>
            <Extensions>
              <ns3:TPX>
                <ns3:Speed>1.7079999446868896</ns3:Speed>
                <ns3:RunCadence>57</ns3:RunCadence>
              </ns3:TPX>
            </Extensions>
          </Trackpoint>
          <Trackpoint>
            <Time>2025-08-03T17:52:52.000Z</Time>
            <Position>
              <LatitudeDegrees>43.104676427319646</LatitudeDegrees>
              <LongitudeDegrees>-2.5845093838870525</LongitudeDegrees>
            </Position>
            <AltitudeMeters>229.0</AltitudeMeters>
            <DistanceMeters>1712.1800537109375</DistanceMeters>
            <HeartRateBpm>
              <Value>74</Value>
            </HeartRateBpm>
            <Extensions>
              <ns3:TPX>
                <ns3:Speed>1.7259999513626099</ns3:Speed>
                <ns3:RunCadence>57</ns3:RunCadence>
              </ns3:TPX>
            </Extensions>
          </Trackpoint>
          <Trackpoint>
            <Time>2025-08-03T17:52:54.000Z</Time>
            <Position>
              <LatitudeDegrees>43.1047082785517</LatitudeDegrees>
              <LongitudeDegrees>-2.584514580667019</LongitudeDegrees>
            </Position>
            <AltitudeMeters>229.0</AltitudeMeters>
            <DistanceMeters>1715.780029296875</DistanceMeters>
            <HeartRateBpm>
              <Value>72</Value>
            </HeartRateBpm>
            <Extensions>
              <ns3:TPX>
                <ns3:Speed>1.7359999418258667</ns3:Speed>
                <ns3:RunCadence>55</ns3:RunCadence>
              </ns3:TPX>
            </Extensions>
          </Trackpoint>
          <Trackpoint>
            <Time>2025-08-03T17:52:55.000Z</Time>
            <Position>
              <LatitudeDegrees>43.104723785072565</LatitudeDegrees>
              <LongitudeDegrees>-2.5845191068947315</LongitudeDegrees>
            </Position>
            <AltitudeMeters>229.1999969482422</AltitudeMeters>
            <DistanceMeters>1717.510009765625</DistanceMeters>
            <HeartRateBpm>
              <Value>78</Value>
            </HeartRateBpm>
            <Extensions>
              <ns3:TPX>
                <ns3:Speed>1.7359999418258667</ns3:Speed>
                <ns3:RunCadence>56</ns3:RunCadence>
              </ns3:TPX>
            </Extensions>
          </Trackpoint>
          <Trackpoint>
            <Time>2025-08-03T17:52:56.000Z</Time>
            <Position>
              <LatitudeDegrees>43.1047392077744</LatitudeDegrees>
              <LongitudeDegrees>-2.584523968398571</LongitudeDegrees>
            </Position>
            <AltitudeMeters>229.39999389648438</AltitudeMeters>
            <DistanceMeters>1719.02001953125</DistanceMeters>
            <HeartRateBpm>
              <Value>77</Value>
            </HeartRateBpm>
            <Extensions>
              <ns3:TPX>
                <ns3:Speed>1.7359999418258667</ns3:Speed>
                <ns3:RunCadence>56</ns3:RunCadence>
              </ns3:TPX>
            </Extensions>
          </Trackpoint>
          <Trackpoint>
            <Time>2025-08-03T17:53:02.000Z</Time>
            <Position>
              <LatitudeDegrees>43.104837108403444</LatitudeDegrees>
              <LongitudeDegrees>-2.584567554295063</LongitudeDegrees>
            </Position>
            <AltitudeMeters>229.39999389648438</AltitudeMeters>
            <DistanceMeters>1727.97998046875</DistanceMeters>
            <HeartRateBpm>
              <Value>77</Value>
            </HeartRateBpm>
            <Extensions>
              <ns3:TPX>
                <ns3:Speed>1.7259999513626099</ns3:Speed>
                <ns3:RunCadence>56</ns3:RunCadence>
              </ns3:TPX>
            </Extensions>
          </Trackpoint>
          <Trackpoint>
            <Time>2025-08-03T17:53:08.000Z</Time>
            <Position>
              <LatitudeDegrees>43.10491036623716</LatitudeDegrees>
              <LongitudeDegrees>-2.5845938734710217</LongitudeDegrees>
            </Position>
            <AltitudeMeters>229.1999969482422</AltitudeMeters>
            <DistanceMeters>1737.8299560546875</DistanceMeters>
            <HeartRateBpm>
              <Value>76</Value>
            </HeartRateBpm>
            <Extensions>
              <ns3:TPX>
                <ns3:Speed>1.7259999513626099</ns3:Speed>
                <ns3:RunCadence>56</ns3:RunCadence>
              </ns3:TPX>
            </Extensions>
          </Trackpoint>
          <Trackpoint>
            <Time>2025-08-03T17:53:15.000Z</Time>
            <Position>
              <LatitudeDegrees>43.10501027852297</LatitudeDegrees>
              <LongitudeDegrees>-2.5845972262322903</LongitudeDegrees>
            </Position>
            <AltitudeMeters>229.39999389648438</AltitudeMeters>
            <DistanceMeters>1748.7099609375</DistanceMeters>
            <HeartRateBpm>
              <Value>74</Value>
            </HeartRateBpm>
            <Extensions>
              <ns3:TPX>
                <ns3:Speed>1.6799999475479126</ns3:Speed>
                <ns3:RunCadence>56</ns3:RunCadence>
              </ns3:TPX>
            </Extensions>
          </Trackpoint>
          <Trackpoint>
            <Time>2025-08-03T17:53:17.000Z</Time>
            <Position>
              <LatitudeDegrees>43.105041375383735</LatitudeDegrees>
              <LongitudeDegrees>-2.584595298394561</LongitudeDegrees>
            </Position>
            <AltitudeMeters>229.39999389648438</AltitudeMeters>
            <DistanceMeters>1751.739990234375</DistanceMeters>
            <HeartRateBpm>
              <Value>77</Value>
            </HeartRateBpm>
            <Extensions>
              <ns3:TPX>
                <ns3:Speed>1.6799999475479126</ns3:Speed>
                <ns3:RunCadence>58</ns3:RunCadence>
              </ns3:TPX>
            </Extensions>
          </Trackpoint>
          <Trackpoint>
            <Time>2025-08-03T17:53:20.000Z</Time>
            <Position>
              <LatitudeDegrees>43.10509032569826</LatitudeDegrees>
              <LongitudeDegrees>-2.584594627842307</LongitudeDegrees>
            </Position>
            <AltitudeMeters>229.1999969482422</AltitudeMeters>
            <DistanceMeters>1757.030029296875</DistanceMeters>
            <HeartRateBpm>
              <Value>80</Value>
            </HeartRateBpm>
            <Extensions>
              <ns3:TPX>
                <ns3:Speed>1.6799999475479126</ns3:Speed>
                <ns3:RunCadence>58</ns3:RunCadence>
              </ns3:TPX>
            </Extensions>
          </Trackpoint>
          <Trackpoint>
            <Time>2025-08-03T17:53:22.000Z</Time>
            <Position>
              <LatitudeDegrees>43.10512628406286</LatitudeDegrees>
              <LongitudeDegrees>-2.5845980644226074</LongitudeDegrees>
            </Position>
            <AltitudeMeters>229.1999969482422</AltitudeMeters>
            <DistanceMeters>1762.1300048828125</DistanceMeters>
            <HeartRateBpm>
              <Value>80</Value>
            </HeartRateBpm>
            <Extensions>
              <ns3:TPX>
                <ns3:Speed>1.6799999475479126</ns3:Speed>
                <ns3:RunCadence>58</ns3:RunCadence>
              </ns3:TPX>
            </Extensions>
          </Trackpoint>
          <Trackpoint>
            <Time>2025-08-03T17:53:24.000Z</Time>
            <Position>
              <LatitudeDegrees>43.10515511780977</LatitudeDegrees>
              <LongitudeDegrees>-2.584601417183876</LongitudeDegrees>
            </Position>
            <AltitudeMeters>229.0</AltitudeMeters>
            <DistanceMeters>1766.199951171875</DistanceMeters>
            <HeartRateBpm>
              <Value>77</Value>
            </HeartRateBpm>
            <Extensions>
              <ns3:TPX>
                <ns3:Speed>1.7079999446868896</ns3:Speed>
                <ns3:RunCadence>57</ns3:RunCadence>
              </ns3:TPX>
            </Extensions>
          </Trackpoint>
          <Trackpoint>
            <Time>2025-08-03T17:53:27.000Z</Time>
            <Position>
              <LatitudeDegrees>43.105203649029136</LatitudeDegrees>
              <LongitudeDegrees>-2.5845954660326242</LongitudeDegrees>
            </Position>
            <AltitudeMeters>228.60000610351562</AltitudeMeters>
            <DistanceMeters>1770.77001953125</DistanceMeters>
            <HeartRateBpm>
              <Value>75</Value>
            </HeartRateBpm>
            <Extensions>
              <ns3:TPX>
                <ns3:Speed>1.7259999513626099</ns3:Speed>
                <ns3:RunCadence>58</ns3:RunCadence>
              </ns3:TPX>
            </Extensions>
          </Trackpoint>
          <Trackpoint>
            <Time>2025-08-03T17:53:31.000Z</Time>
            <Position>
              <LatitudeDegrees>43.105295430868864</LatitudeDegrees>
              <LongitudeDegrees>-2.5845857430249453</LongitudeDegrees>
            </Position>
            <AltitudeMeters>228.0</AltitudeMeters>
            <DistanceMeters>1778.4300537109375</DistanceMeters>
            <HeartRateBpm>
              <Value>79</Value>
            </HeartRateBpm>
            <Extensions>
              <ns3:TPX>
                <ns3:Speed>1.7450000047683716</ns3:Speed>
                <ns3:RunCadence>58</ns3:RunCadence>
              </ns3:TPX>
            </Extensions>
          </Trackpoint>
          <Trackpoint>
            <Time>2025-08-03T17:53:33.000Z</Time>
            <Position>
              <LatitudeDegrees>43.10533440671861</LatitudeDegrees>
              <LongitudeDegrees>-2.5845859106630087</LongitudeDegrees>
            </Position>
            <AltitudeMeters>227.60000610351562</AltitudeMeters>
            <DistanceMeters>1783.18994140625</DistanceMeters>
            <HeartRateBpm>
              <Value>80</Value>
            </HeartRateBpm>
            <Extensions>
              <ns3:TPX>
                <ns3:Speed>1.753999948501587</ns3:Speed>
                <ns3:RunCadence>58</ns3:RunCadence>
              </ns3:TPX>
            </Extensions>
          </Trackpoint>
          <Trackpoint>
            <Time>2025-08-03T17:53:41.000Z</Time>
            <Position>
              <LatitudeDegrees>43.105462063103914</LatitudeDegrees>
              <LongitudeDegrees>-2.584593454375863</LongitudeDegrees>
            </Position>
            <AltitudeMeters>227.1999969482422</AltitudeMeters>
            <DistanceMeters>1799.81005859375</DistanceMeters>
            <HeartRateBpm>
              <Value>81</Value>
            </HeartRateBpm>
            <Extensions>
              <ns3:TPX>
                <ns3:Speed>1.819000005722046</ns3:Speed>
                <ns3:RunCadence>58</ns3:RunCadence>
              </ns3:TPX>
            </Extensions>
          </Trackpoint>
          <Trackpoint>
            <Time>2025-08-03T17:53:44.000Z</Time>
            <Position>
              <LatitudeDegrees>43.10551520437002</LatitudeDegrees>
              <LongitudeDegrees>-2.584599321708083</LongitudeDegrees>
            </Position>
            <AltitudeMeters>227.1999969482422</AltitudeMeters>
            <DistanceMeters>1806.300048828125</DistanceMeters>
            <HeartRateBpm>
              <Value>85</Value>
            </HeartRateBpm>
            <Extensions>
              <ns3:TPX>
                <ns3:Speed>1.8380000591278076</ns3:Speed>
                <ns3:RunCadence>59</ns3:RunCadence>
              </ns3:TPX>
            </Extensions>
          </Trackpoint>
          <Trackpoint>
            <Time>2025-08-03T17:53:47.000Z</Time>
            <Position>
              <LatitudeDegrees>43.105570524930954</LatitudeDegrees>
              <LongitudeDegrees>-2.5846025068312883</LongitudeDegrees>
            </Position>
            <AltitudeMeters>227.1999969482422</AltitudeMeters>
            <DistanceMeters>1812.25</DistanceMeters>
            <HeartRateBpm>
              <Value>82</Value>
            </HeartRateBpm>
            <Extensions>
              <ns3:TPX>
                <ns3:Speed>1.875</ns3:Speed>
                <ns3:RunCadence>58</ns3:RunCadence>
              </ns3:TPX>
            </Extensions>
          </Trackpoint>
          <Trackpoint>
            <Time>2025-08-03T17:53:48.000Z</Time>
            <Position>
              <LatitudeDegrees>43.105587121099234</LatitudeDegrees>
              <LongitudeDegrees>-2.584602842107415</LongitudeDegrees>
            </Position>
            <AltitudeMeters>227.1999969482422</AltitudeMeters>
            <DistanceMeters>1814.3900146484375</DistanceMeters>
            <HeartRateBpm>
              <Value>80</Value>
            </HeartRateBpm>
            <Extensions>
              <ns3:TPX>
                <ns3:Speed>1.8849999904632568</ns3:Speed>
                <ns3:RunCadence>57</ns3:RunCadence>
              </ns3:TPX>
            </Extensions>
          </Trackpoint>
          <Trackpoint>
            <Time>2025-08-03T17:53:49.000Z</Time>
            <Position>
              <LatitudeDegrees>43.10560204088688</LatitudeDegrees>
              <LongitudeDegrees>-2.5846013333648443</LongitudeDegrees>
            </Position>
            <AltitudeMeters>227.0</AltitudeMeters>
            <DistanceMeters>1816.43994140625</DistanceMeters>
            <HeartRateBpm>
              <Value>80</Value>
            </HeartRateBpm>
            <Extensions>
              <ns3:TPX>
                <ns3:Speed>1.8940000534057617</ns3:Speed>
                <ns3:RunCadence>57</ns3:RunCadence>
              </ns3:TPX>
            </Extensions>
          </Trackpoint>
          <Trackpoint>
            <Time>2025-08-03T17:53:51.000Z</Time>
            <Position>
              <LatitudeDegrees>43.10562936589122</LatitudeDegrees>
              <LongitudeDegrees>-2.5845966394990683</LongitudeDegrees>
            </Position>
            <AltitudeMeters>226.8000030517578</AltitudeMeters>
            <DistanceMeters>1820.260009765625</DistanceMeters>
            <HeartRateBpm>
              <Value>83</Value>
            </HeartRateBpm>
            <Extensions>
              <ns3:TPX>
                <ns3:Speed>1.9129999876022339</ns3:Speed>
                <ns3:RunCadence>58</ns3:RunCadence>
              </ns3:TPX>
            </Extensions>
          </Trackpoint>
          <Trackpoint>
            <Time>2025-08-03T17:53:56.000Z</Time>
            <Position>
              <LatitudeDegrees>43.105696672573686</LatitudeDegrees>
              <LongitudeDegrees>-2.5846000760793686</LongitudeDegrees>
            </Position>
            <AltitudeMeters>226.1999969482422</AltitudeMeters>
            <DistanceMeters>1828.3499755859375</DistanceMeters>
            <HeartRateBpm>
              <Value>83</Value>
            </HeartRateBpm>
            <Extensions>
              <ns3:TPX>
                <ns3:Speed>1.930999994277954</ns3:Speed>
                <ns3:RunCadence>57</ns3:RunCadence>
              </ns3:TPX>
            </Extensions>
          </Trackpoint>
          <Trackpoint>
            <Time>2025-08-03T17:54:00.000Z</Time>
            <Position>
              <LatitudeDegrees>43.10575216077268</LatitudeDegrees>
              <LongitudeDegrees>-2.5846190191805363</LongitudeDegrees>
            </Position>
            <AltitudeMeters>226.0</AltitudeMeters>
            <DistanceMeters>1834.8299560546875</DistanceMeters>
            <HeartRateBpm>
              <Value>81</Value>
            </HeartRateBpm>
            <Extensions>
              <ns3:TPX>
                <ns3:Speed>1.9129999876022339</ns3:Speed>
                <ns3:RunCadence>57</ns3:RunCadence>
              </ns3:TPX>
            </Extensions>
          </Trackpoint>
          <Trackpoint>
            <Time>2025-08-03T17:54:02.000Z</Time>
            <Position>
              <LatitudeDegrees>43.10577739030123</LatitudeDegrees>
              <LongitudeDegrees>-2.5846233777701855</LongitudeDegrees>
            </Position>
            <AltitudeMeters>226.0</AltitudeMeters>
            <DistanceMeters>1837.4300537109375</DistanceMeters>
            <HeartRateBpm>
              <Value>80</Value>
            </HeartRateBpm>
            <Extensions>
              <ns3:TPX>
                <ns3:Speed>1.902999997138977</ns3:Speed>
                <ns3:RunCadence>57</ns3:RunCadence>
              </ns3:TPX>
            </Extensions>
          </Trackpoint>
          <Trackpoint>
            <Time>2025-08-03T17:54:03.000Z</Time>
            <Position>
              <LatitudeDegrees>43.105795411393046</LatitudeDegrees>
              <LongitudeDegrees>-2.5846274849027395</LongitudeDegrees>
            </Position>
            <AltitudeMeters>225.8000030517578</AltitudeMeters>
            <DistanceMeters>1838.6800537109375</DistanceMeters>
            <HeartRateBpm>
              <Value>80</Value>
            </HeartRateBpm>
            <Extensions>
              <ns3:TPX>
                <ns3:Speed>1.902999997138977</ns3:Speed>
                <ns3:RunCadence>57</ns3:RunCadence>
              </ns3:TPX>
            </Extensions>
          </Trackpoint>
          <Trackpoint>
            <Time>2025-08-03T17:54:09.000Z</Time>
            <Position>
              <LatitudeDegrees>43.10591535642743</LatitudeDegrees>
              <LongitudeDegrees>-2.5846528820693493</LongitudeDegrees>
            </Position>
            <AltitudeMeters>225.1999969482422</AltitudeMeters>
            <DistanceMeters>1850.260009765625</DistanceMeters>
            <HeartRateBpm>
              <Value>83</Value>
            </HeartRateBpm>
            <Extensions>
              <ns3:TPX>
                <ns3:Speed>1.8940000534057617</ns3:Speed>
                <ns3:RunCadence>57</ns3:RunCadence>
              </ns3:TPX>
            </Extensions>
          </Trackpoint>
          <Trackpoint>
            <Time>2025-08-03T17:54:10.000Z</Time>
            <Position>
              <LatitudeDegrees>43.10593295842409</LatitudeDegrees>
              <LongitudeDegrees>-2.5846531335264444</LongitudeDegrees>
            </Position>
            <AltitudeMeters>225.1999969482422</AltitudeMeters>
            <DistanceMeters>1852.5</DistanceMeters>
            <HeartRateBpm>
              <Value>84</Value>
            </HeartRateBpm>
            <Extensions>
              <ns3:TPX>
                <ns3:Speed>1.8940000534057617</ns3:Speed>
                <ns3:RunCadence>58</ns3:RunCadence>
              </ns3:TPX>
            </Extensions>
          </Trackpoint>
          <Trackpoint>
            <Time>2025-08-03T17:54:16.000Z</Time>
            <Position>
              <LatitudeDegrees>43.10603681020439</LatitudeDegrees>
              <LongitudeDegrees>-2.5846560671925545</LongitudeDegrees>
            </Position>
            <AltitudeMeters>225.1999969482422</AltitudeMeters>
            <DistanceMeters>1863.93994140625</DistanceMeters>
            <HeartRateBpm>
              <Value>77</Value>
            </HeartRateBpm>
            <Extensions>
              <ns3:TPX>
                <ns3:Speed>1.930999994277954</ns3:Speed>
                <ns3:RunCadence>58</ns3:RunCadence>
              </ns3:TPX>
            </Extensions>
          </Trackpoint>
          <Trackpoint>
            <Time>2025-08-03T17:54:17.000Z</Time>
            <Position>
              <LatitudeDegrees>43.106055837124586</LatitudeDegrees>
              <LongitudeDegrees>-2.5846565701067448</LongitudeDegrees>
            </Position>
            <AltitudeMeters>225.1999969482422</AltitudeMeters>
            <DistanceMeters>1865.9200439453125</DistanceMeters>
            <HeartRateBpm>
              <Value>77</Value>
            </HeartRateBpm>
            <Extensions>
              <ns3:TPX>
                <ns3:Speed>1.930999994277954</ns3:Speed>
                <ns3:RunCadence>58</ns3:RunCadence>
              </ns3:TPX>
            </Extensions>
          </Trackpoint>
          <Trackpoint>
            <Time>2025-08-03T17:54:20.000Z</Time>
            <Position>
              <LatitudeDegrees>43.10609992593527</LatitudeDegrees>
              <LongitudeDegrees>-2.5846527982503176</LongitudeDegrees>
            </Position>
            <AltitudeMeters>225.1999969482422</AltitudeMeters>
            <DistanceMeters>1871.989990234375</DistanceMeters>
            <HeartRateBpm>
              <Value>80</Value>
            </HeartRateBpm>
            <Extensions>
              <ns3:TPX>
                <ns3:Speed>1.940999984741211</ns3:Speed>
                <ns3:RunCadence>57</ns3:RunCadence>
              </ns3:TPX>
            </Extensions>
          </Trackpoint>
          <Trackpoint>
            <Time>2025-08-03T17:54:24.000Z</Time>
            <Position>
              <LatitudeDegrees>43.106139823794365</LatitudeDegrees>
              <LongitudeDegrees>-2.5846530497074127</LongitudeDegrees>
            </Position>
            <AltitudeMeters>224.8000030517578</AltitudeMeters>
            <DistanceMeters>1878.2900390625</DistanceMeters>
            <HeartRateBpm>
              <Value>78</Value>
            </HeartRateBpm>
            <Extensions>
              <ns3:TPX>
                <ns3:Speed>1.940999984741211</ns3:Speed>
                <ns3:RunCadence>58</ns3:RunCadence>
              </ns3:TPX>
            </Extensions>
          </Trackpoint>
          <Trackpoint>
            <Time>2025-08-03T17:54:25.000Z</Time>
            <Position>
              <LatitudeDegrees>43.106149546802044</LatitudeDegrees>
              <LongitudeDegrees>-2.5846522953361273</LongitudeDegrees>
            </Position>
            <AltitudeMeters>224.8000030517578</AltitudeMeters>
            <DistanceMeters>1879.739990234375</DistanceMeters>
            <HeartRateBpm>
              <Value>77</Value>
            </HeartRateBpm>
            <Extensions>
              <ns3:TPX>
                <ns3:Speed>1.940999984741211</ns3:Speed>
                <ns3:RunCadence>57</ns3:RunCadence>
              </ns3:TPX>
            </Extensions>
          </Trackpoint>
          <Trackpoint>
            <Time>2025-08-03T17:54:28.000Z</Time>
            <Position>
              <LatitudeDegrees>43.10618634335697</LatitudeDegrees>
              <LongitudeDegrees>-2.5846599228680134</LongitudeDegrees>
            </Position>
            <AltitudeMeters>224.60000610351562</AltitudeMeters>
            <DistanceMeters>1882.949951171875</DistanceMeters>
            <HeartRateBpm>
              <Value>80</Value>
            </HeartRateBpm>
            <Extensions>
              <ns3:TPX>
                <ns3:Speed>1.9220000505447388</ns3:Speed>
                <ns3:RunCadence>57</ns3:RunCadence>
              </ns3:TPX>
            </Extensions>
          </Trackpoint>
          <Trackpoint>
            <Time>2025-08-03T17:54:32.000Z</Time>
            <Position>
              <LatitudeDegrees>43.10624501667917</LatitudeDegrees>
              <LongitudeDegrees>-2.584675094112754</LongitudeDegrees>
            </Position>
            <AltitudeMeters>224.1999969482422</AltitudeMeters>
            <DistanceMeters>1888.4300537109375</DistanceMeters>
            <HeartRateBpm>
              <Value>78</Value>
            </HeartRateBpm>
            <Extensions>
              <ns3:TPX>
                <ns3:Speed>1.8849999904632568</ns3:Speed>
                <ns3:RunCadence>57</ns3:RunCadence>
              </ns3:TPX>
            </Extensions>
          </Trackpoint>
          <Trackpoint>
            <Time>2025-08-03T17:54:37.000Z</Time>
            <Position>
              <LatitudeDegrees>43.10633981600404</LatitudeDegrees>
              <LongitudeDegrees>-2.584694791585207</LongitudeDegrees>
            </Position>
            <AltitudeMeters>223.8000030517578</AltitudeMeters>
            <DistanceMeters>1896.949951171875</DistanceMeters>
            <HeartRateBpm>
              <Value>74</Value>
            </HeartRateBpm>
            <Extensions>
              <ns3:TPX>
                <ns3:Speed>1.847000002861023</ns3:Speed>
                <ns3:RunCadence>57</ns3:RunCadence>
              </ns3:TPX>
            </Extensions>
          </Trackpoint>
          <Trackpoint>
            <Time>2025-08-03T17:54:38.000Z</Time>
            <Position>
              <LatitudeDegrees>43.10635959729552</LatitudeDegrees>
              <LongitudeDegrees>-2.584695378318429</LongitudeDegrees>
            </Position>
            <AltitudeMeters>223.8000030517578</AltitudeMeters>
            <DistanceMeters>1898.97998046875</DistanceMeters>
            <HeartRateBpm>
              <Value>76</Value>
            </HeartRateBpm>
            <Extensions>
              <ns3:TPX>
                <ns3:Speed>1.8660000562667847</ns3:Speed>
                <ns3:RunCadence>57</ns3:RunCadence>
              </ns3:TPX>
            </Extensions>
          </Trackpoint>
          <Trackpoint>
            <Time>2025-08-03T17:54:39.000Z</Time>
            <Position>
              <LatitudeDegrees>43.10637770220637</LatitudeDegrees>
              <LongitudeDegrees>-2.584695629775524</LongitudeDegrees>
            </Position>
            <AltitudeMeters>223.8000030517578</AltitudeMeters>
            <DistanceMeters>1901.219970703125</DistanceMeters>
            <HeartRateBpm>
              <Value>72</Value>
            </HeartRateBpm>
            <Extensions>
              <ns3:TPX>
                <ns3:Speed>1.875</ns3:Speed>
                <ns3:RunCadence>58</ns3:RunCadence>
              </ns3:TPX>
            </Extensions>
          </Trackpoint>
          <Trackpoint>
            <Time>2025-08-03T17:54:41.000Z</Time>
            <Position>
              <LatitudeDegrees>43.10641014017165</LatitudeDegrees>
              <LongitudeDegrees>-2.5846941210329533</LongitudeDegrees>
            </Position>
            <AltitudeMeters>223.8000030517578</AltitudeMeters>
            <DistanceMeters>1905.8499755859375</DistanceMeters>
            <HeartRateBpm>
              <Value>75</Value>
            </HeartRateBpm>
            <Extensions>
              <ns3:TPX>
                <ns3:Speed>1.9220000505447388</ns3:Speed>
                <ns3:RunCadence>58</ns3:RunCadence>
              </ns3:TPX>
            </Extensions>
          </Trackpoint>
          <Trackpoint>
            <Time>2025-08-03T17:54:47.000Z</Time>
            <Position>
              <LatitudeDegrees>43.106504855677485</LatitudeDegrees>
              <LongitudeDegrees>-2.584678614512086</LongitudeDegrees>
            </Position>
            <AltitudeMeters>224.0</AltitudeMeters>
            <DistanceMeters>1917.18994140625</DistanceMeters>
            <HeartRateBpm>
              <Value>76</Value>
            </HeartRateBpm>
            <Extensions>
              <ns3:TPX>
                <ns3:Speed>1.9780000448226929</ns3:Speed>
                <ns3:RunCadence>57</ns3:RunCadence>
              </ns3:TPX>
            </Extensions>
          </Trackpoint>
          <Trackpoint>
            <Time>2025-08-03T17:54:51.000Z</Time>
            <Position>
              <LatitudeDegrees>43.106566881760955</LatitudeDegrees>
              <LongitudeDegrees>-2.5846730824559927</LongitudeDegrees>
            </Position>
            <AltitudeMeters>223.8000030517578</AltitudeMeters>
            <DistanceMeters>1924.8499755859375</DistanceMeters>
            <HeartRateBpm>
              <Value>73</Value>
            </HeartRateBpm>
            <Extensions>
              <ns3:TPX>
                <ns3:Speed>1.968999981880188</ns3:Speed>
                <ns3:RunCadence>58</ns3:RunCadence>
              </ns3:TPX>
            </Extensions>
          </Trackpoint>
          <Trackpoint>
            <Time>2025-08-03T17:54:54.000Z</Time>
            <Position>
              <LatitudeDegrees>43.10661314986646</LatitudeDegrees>
              <LongitudeDegrees>-2.584679704159498</LongitudeDegrees>
            </Position>
            <AltitudeMeters>223.60000610351562</AltitudeMeters>
            <DistanceMeters>1930.5799560546875</DistanceMeters>
            <HeartRateBpm>
              <Value>74</Value>
            </HeartRateBpm>
            <Extensions>
              <ns3:TPX>
                <ns3:Speed>1.968999981880188</ns3:Speed>
                <ns3:RunCadence>57</ns3:RunCadence>
              </ns3:TPX>
            </Extensions>
          </Trackpoint>
          <Trackpoint>
            <Time>2025-08-03T17:54:56.000Z</Time>
            <Position>
              <LatitudeDegrees>43.10664223507047</LatitudeDegrees>
              <LongitudeDegrees>-2.5846851523965597</LongitudeDegrees>
            </Position>
            <AltitudeMeters>223.39999389648438</AltitudeMeters>
            <DistanceMeters>1933.5999755859375</DistanceMeters>
            <HeartRateBpm>
              <Value>77</Value>
            </HeartRateBpm>
            <Extensions>
              <ns3:TPX>
                <ns3:Speed>1.9780000448226929</ns3:Speed>
                <ns3:RunCadence>58</ns3:RunCadence>
              </ns3:TPX>
            </Extensions>
          </Trackpoint>
          <Trackpoint>
            <Time>2025-08-03T17:55:00.000Z</Time>
            <Position>
              <LatitudeDegrees>43.106694957241416</LatitudeDegrees>
              <LongitudeDegrees>-2.584709795191884</LongitudeDegrees>
            </Position>
            <AltitudeMeters>223.1999969482422</AltitudeMeters>
            <DistanceMeters>1939.43994140625</DistanceMeters>
            <HeartRateBpm>
              <Value>76</Value>
            </HeartRateBpm>
            <Extensions>
              <ns3:TPX>
                <ns3:Speed>1.9500000476837158</ns3:Speed>
                <ns3:RunCadence>57</ns3:RunCadence>
              </ns3:TPX>
            </Extensions>
          </Trackpoint>
          <Trackpoint>
            <Time>2025-08-03T17:55:05.000Z</Time>
            <Position>
              <LatitudeDegrees>43.10675673186779</LatitudeDegrees>
              <LongitudeDegrees>-2.5847223680466413</LongitudeDegrees>
            </Position>
            <AltitudeMeters>222.8000030517578</AltitudeMeters>
            <DistanceMeters>1945.4200439453125</DistanceMeters>
            <HeartRateBpm>
              <Value>77</Value>
            </HeartRateBpm>
            <Extensions>
              <ns3:TPX>
                <ns3:Speed>1.9220000505447388</ns3:Speed>
                <ns3:RunCadence>58</ns3:RunCadence>
              </ns3:TPX>
            </Extensions>
          </Trackpoint>
          <Trackpoint>
            <Time>2025-08-03T17:55:06.000Z</Time>
            <Position>
              <LatitudeDegrees>43.10677131637931</LatitudeDegrees>
              <LongitudeDegrees>-2.5847241282463074</LongitudeDegrees>
            </Position>
            <AltitudeMeters>222.60000610351562</AltitudeMeters>
            <DistanceMeters>1946.4599609375</DistanceMeters>
            <HeartRateBpm>
              <Value>76</Value>
            </HeartRateBpm>
            <Extensions>
              <ns3:TPX>
                <ns3:Speed>1.9129999876022339</ns3:Speed>
                <ns3:RunCadence>58</ns3:RunCadence>
              </ns3:TPX>
            </Extensions>
          </Trackpoint>
          <Trackpoint>
            <Time>2025-08-03T17:55:13.000Z</Time>
            <Position>
              <LatitudeDegrees>43.106875671073794</LatitudeDegrees>
              <LongitudeDegrees>-2.5847646966576576</LongitudeDegrees>
            </Position>
            <AltitudeMeters>222.39999389648438</AltitudeMeters>
            <DistanceMeters>1955.1600341796875</DistanceMeters>
            <HeartRateBpm>
              <Value>77</Value>
            </HeartRateBpm>
            <Extensions>
              <ns3:TPX>
                <ns3:Speed>1.819000005722046</ns3:Speed>
                <ns3:RunCadence>57</ns3:RunCadence>
              </ns3:TPX>
            </Extensions>
          </Trackpoint>
          <Trackpoint>
            <Time>2025-08-03T17:55:16.000Z</Time>
            <Position>
              <LatitudeDegrees>43.10691112652421</LatitudeDegrees>
              <LongitudeDegrees>-2.584770815446973</LongitudeDegrees>
            </Position>
            <AltitudeMeters>222.60000610351562</AltitudeMeters>
            <DistanceMeters>1959.1300048828125</DistanceMeters>
            <HeartRateBpm>
              <Value>75</Value>
            </HeartRateBpm>
            <Extensions>
              <ns3:TPX>
                <ns3:Speed>1.6699999570846558</ns3:Speed>
                <ns3:RunCadence>57</ns3:RunCadence>
              </ns3:TPX>
            </Extensions>
          </Trackpoint>
          <Trackpoint>
            <Time>2025-08-03T17:55:18.000Z</Time>
            <Position>
              <LatitudeDegrees>43.10693107545376</LatitudeDegrees>
              <LongitudeDegrees>-2.5847724080085754</LongitudeDegrees>
            </Position>
            <AltitudeMeters>222.60000610351562</AltitudeMeters>
            <DistanceMeters>1961.1600341796875</DistanceMeters>
            <HeartRateBpm>
              <Value>76</Value>
            </HeartRateBpm>
            <Extensions>
              <ns3:TPX>
                <ns3:Speed>1.5679999589920044</ns3:Speed>
                <ns3:RunCadence>57</ns3:RunCadence>
              </ns3:TPX>
            </Extensions>
          </Trackpoint>
          <Trackpoint>
            <Time>2025-08-03T17:55:20.000Z</Time>
            <Position>
              <LatitudeDegrees>43.10696309432387</LatitudeDegrees>
              <LongitudeDegrees>-2.5847673788666725</LongitudeDegrees>
            </Position>
            <AltitudeMeters>222.60000610351562</AltitudeMeters>
            <DistanceMeters>1963.8299560546875</DistanceMeters>
            <HeartRateBpm>
              <Value>73</Value>
            </HeartRateBpm>
            <Extensions>
              <ns3:TPX>
                <ns3:Speed>1.4930000305175781</ns3:Speed>
                <ns3:RunCadence>57</ns3:RunCadence>
              </ns3:TPX>
            </Extensions>
          </Trackpoint>
          <Trackpoint>
            <Time>2025-08-03T17:55:23.000Z</Time>
            <Position>
              <LatitudeDegrees>43.1070133857429</LatitudeDegrees>
              <LongitudeDegrees>-2.584765451028943</LongitudeDegrees>
            </Position>
            <AltitudeMeters>222.1999969482422</AltitudeMeters>
            <DistanceMeters>1968.949951171875</DistanceMeters>
            <HeartRateBpm>
              <Value>76</Value>
            </HeartRateBpm>
            <Extensions>
              <ns3:TPX>
                <ns3:Speed>1.4559999704360962</ns3:Speed>
                <ns3:RunCadence>57</ns3:RunCadence>
              </ns3:TPX>
            </Extensions>
          </Trackpoint>
          <Trackpoint>
            <Time>2025-08-03T17:55:27.000Z</Time>
            <Position>
              <LatitudeDegrees>43.107091253623366</LatitudeDegrees>
              <LongitudeDegrees>-2.5847693905234337</LongitudeDegrees>
            </Position>
            <AltitudeMeters>222.0</AltitudeMeters>
            <DistanceMeters>1978.1700439453125</DistanceMeters>
            <HeartRateBpm>
              <Value>78</Value>
            </HeartRateBpm>
            <Extensions>
              <ns3:TPX>
                <ns3:Speed>1.5490000247955322</ns3:Speed>
                <ns3:RunCadence>57</ns3:RunCadence>
              </ns3:TPX>
            </Extensions>
          </Trackpoint>
          <Trackpoint>
            <Time>2025-08-03T17:55:28.000Z</Time>
            <Position>
              <LatitudeDegrees>43.107112711295485</LatitudeDegrees>
              <LongitudeDegrees>-2.584766373038292</LongitudeDegrees>
            </Position>
            <AltitudeMeters>222.0</AltitudeMeters>
            <DistanceMeters>1980.06005859375</DistanceMeters>
            <HeartRateBpm>
              <Value>75</Value>
            </HeartRateBpm>
            <Extensions>
              <ns3:TPX>
                <ns3:Speed>1.5859999656677246</ns3:Speed>
                <ns3:RunCadence>57</ns3:RunCadence>
              </ns3:TPX>
            </Extensions>
          </Trackpoint>
          <Trackpoint>
            <Time>2025-08-03T17:55:30.000Z</Time>
            <Position>
              <LatitudeDegrees>43.107151351869106</LatitudeDegrees>
              <LongitudeDegrees>-2.584770144894719</LongitudeDegrees>
            </Position>
            <AltitudeMeters>221.8000030517578</AltitudeMeters>
            <DistanceMeters>1984.1199951171875</DistanceMeters>
            <HeartRateBpm>
              <Value>75</Value>
            </HeartRateBpm>
            <Extensions>
              <ns3:TPX>
                <ns3:Speed>1.6050000190734863</ns3:Speed>
                <ns3:RunCadence>57</ns3:RunCadence>
              </ns3:TPX>
            </Extensions>
          </Trackpoint>
          <Trackpoint>
            <Time>2025-08-03T17:55:33.000Z</Time>
            <Position>
              <LatitudeDegrees>43.10720566660166</LatitudeDegrees>
              <LongitudeDegrees>-2.5847838912159204</LongitudeDegrees>
            </Position>
            <AltitudeMeters>221.60000610351562</AltitudeMeters>
            <DistanceMeters>1990.27001953125</DistanceMeters>
            <HeartRateBpm>
              <Value>74</Value>
            </HeartRateBpm>
            <Extensions>
              <ns3:TPX>
                <ns3:Speed>1.6799999475479126</ns3:Speed>
                <ns3:RunCadence>57</ns3:RunCadence>
              </ns3:TPX>
            </Extensions>
          </Trackpoint>
          <Trackpoint>
            <Time>2025-08-03T17:55:35.000Z</Time>
            <Position>
              <LatitudeDegrees>43.10724095441401</LatitudeDegrees>
              <LongitudeDegrees>-2.5848085340112448</LongitudeDegrees>
            </Position>
            <AltitudeMeters>221.39999389648438</AltitudeMeters>
            <DistanceMeters>1993.8699951171875</DistanceMeters>
            <HeartRateBpm>
              <Value>77</Value>
            </HeartRateBpm>
            <Extensions>
              <ns3:TPX>
                <ns3:Speed>1.6799999475479126</ns3:Speed>
                <ns3:RunCadence>58</ns3:RunCadence>
              </ns3:TPX>
            </Extensions>
          </Trackpoint>
          <Trackpoint>
            <Time>2025-08-03T17:55:37.000Z</Time>
            <Position>
              <LatitudeDegrees>43.107271464541554</LatitudeDegrees>
              <LongitudeDegrees>-2.5848268065601587</LongitudeDegrees>
            </Position>
            <AltitudeMeters>221.39999389648438</AltitudeMeters>
            <DistanceMeters>1998.31005859375</DistanceMeters>
            <HeartRateBpm>
              <Value>80</Value>
            </HeartRateBpm>
            <Extensions>
              <ns3:TPX>
                <ns3:Speed>1.6979999542236328</ns3:Speed>
                <ns3:RunCadence>58</ns3:RunCadence>
              </ns3:TPX>
            </Extensions>
          </Trackpoint>
          <Trackpoint>
            <Time>2025-08-03T17:55:39.000Z</Time>
            <Position>
              <LatitudeDegrees>43.10730122029781</LatitudeDegrees>
              <LongitudeDegrees>-2.5848454143851995</LongitudeDegrees>
            </Position>
            <AltitudeMeters>221.39999389648438</AltitudeMeters>
            <DistanceMeters>2002.56005859375</DistanceMeters>
            <HeartRateBpm>
              <Value>78</Value>
            </HeartRateBpm>
            <Extensions>
              <ns3:TPX>
                <ns3:Speed>1.7170000076293945</ns3:Speed>
                <ns3:RunCadence>58</ns3:RunCadence>
              </ns3:TPX>
            </Extensions>
          </Trackpoint>
          <Trackpoint>
            <Time>2025-08-03T17:55:44.000Z</Time>
            <Position>
              <LatitudeDegrees>43.10736995190382</LatitudeDegrees>
              <LongitudeDegrees>-2.584897968918085</LongitudeDegrees>
            </Position>
            <AltitudeMeters>221.8000030517578</AltitudeMeters>
            <DistanceMeters>2012.06005859375</DistanceMeters>
            <HeartRateBpm>
              <Value>78</Value>
            </HeartRateBpm>
            <Extensions>
              <ns3:TPX>
                <ns3:Speed>1.8009999990463257</ns3:Speed>
                <ns3:RunCadence>57</ns3:RunCadence>
              </ns3:TPX>
            </Extensions>
          </Trackpoint>
          <Trackpoint>
            <Time>2025-08-03T17:55:47.000Z</Time>
            <Position>
              <LatitudeDegrees>43.107406832277775</LatitudeDegrees>
              <LongitudeDegrees>-2.584921270608902</LongitudeDegrees>
            </Position>
            <AltitudeMeters>222.0</AltitudeMeters>
            <DistanceMeters>2018.3399658203125</DistanceMeters>
            <HeartRateBpm>
              <Value>75</Value>
            </HeartRateBpm>
            <Extensions>
              <ns3:TPX>
                <ns3:Speed>1.7170000076293945</ns3:Speed>
                <ns3:RunCadence>57</ns3:RunCadence>
              </ns3:TPX>
            </Extensions>
          </Trackpoint>
          <Trackpoint>
            <Time>2025-08-03T17:55:50.000Z</Time>
            <Position>
              <LatitudeDegrees>43.107443964108825</LatitudeDegrees>
              <LongitudeDegrees>-2.5849375315010548</LongitudeDegrees>
            </Position>
            <AltitudeMeters>221.60000610351562</AltitudeMeters>
            <DistanceMeters>2023.510009765625</DistanceMeters>
            <HeartRateBpm>
              <Value>76</Value>
            </HeartRateBpm>
            <Extensions>
              <ns3:TPX>
                <ns3:Speed>1.7450000047683716</ns3:Speed>
                <ns3:RunCadence>58</ns3:RunCadence>
              </ns3:TPX>
            </Extensions>
          </Trackpoint>
          <Trackpoint>
            <Time>2025-08-03T17:55:53.000Z</Time>
            <Position>
              <LatitudeDegrees>43.10748763382435</LatitudeDegrees>
              <LongitudeDegrees>-2.5849664490669966</LongitudeDegrees>
            </Position>
            <AltitudeMeters>221.1999969482422</AltitudeMeters>
            <DistanceMeters>2029.719970703125</DistanceMeters>
            <HeartRateBpm>
              <Value>79</Value>
            </HeartRateBpm>
            <Extensions>
              <ns3:TPX>
                <ns3:Speed>1.753999948501587</ns3:Speed>
                <ns3:RunCadence>58</ns3:RunCadence>
              </ns3:TPX>
            </Extensions>
          </Trackpoint>
          <Trackpoint>
            <Time>2025-08-03T17:55:55.000Z</Time>
            <Position>
              <LatitudeDegrees>43.10751453973353</LatitudeDegrees>
              <LongitudeDegrees>-2.5849830452352762</LongitudeDegrees>
            </Position>
            <AltitudeMeters>221.0</AltitudeMeters>
            <DistanceMeters>2033.5999755859375</DistanceMeters>
            <HeartRateBpm>
              <Value>76</Value>
            </HeartRateBpm>
            <Extensions>
              <ns3:TPX>
                <ns3:Speed>1.7730000019073486</ns3:Speed>
                <ns3:RunCadence>58</ns3:RunCadence>
              </ns3:TPX>
            </Extensions>
          </Trackpoint>
          <Trackpoint>
            <Time>2025-08-03T17:55:57.000Z</Time>
            <Position>
              <LatitudeDegrees>43.10754245147109</LatitudeDegrees>
              <LongitudeDegrees>-2.585003161802888</LongitudeDegrees>
            </Position>
            <AltitudeMeters>221.0</AltitudeMeters>
            <DistanceMeters>2036.989990234375</DistanceMeters>
            <HeartRateBpm>
              <Value>77</Value>
            </HeartRateBpm>
            <Extensions>
              <ns3:TPX>
                <ns3:Speed>1.781999945640564</ns3:Speed>
                <ns3:RunCadence>57</ns3:RunCadence>
              </ns3:TPX>
            </Extensions>
          </Trackpoint>
          <Trackpoint>
            <Time>2025-08-03T17:56:01.000Z</Time>
            <Position>
              <LatitudeDegrees>43.1075919046998</LatitudeDegrees>
              <LongitudeDegrees>-2.5850371085107327</LongitudeDegrees>
            </Position>
            <AltitudeMeters>220.8000030517578</AltitudeMeters>
            <DistanceMeters>2042.550048828125</DistanceMeters>
            <HeartRateBpm>
              <Value>78</Value>
            </HeartRateBpm>
            <Extensions>
              <ns3:TPX>
                <ns3:Speed>1.7730000019073486</ns3:Speed>
                <ns3:RunCadence>57</ns3:RunCadence>
              </ns3:TPX>
            </Extensions>
          </Trackpoint>
          <Trackpoint>
            <Time>2025-08-03T17:56:02.000Z</Time>
            <Position>
              <LatitudeDegrees>43.10760305263102</LatitudeDegrees>
              <LongitudeDegrees>-2.585046663880348</LongitudeDegrees>
            </Position>
            <AltitudeMeters>220.8000030517578</AltitudeMeters>
            <DistanceMeters>2044.3599853515625</DistanceMeters>
            <HeartRateBpm>
              <Value>81</Value>
            </HeartRateBpm>
            <Extensions>
              <ns3:TPX>
                <ns3:Speed>1.7730000019073486</ns3:Speed>
                <ns3:RunCadence>57</ns3:RunCadence>
              </ns3:TPX>
            </Extensions>
          </Trackpoint>
          <Trackpoint>
            <Time>2025-08-03T17:56:04.000Z</Time>
            <Position>
              <LatitudeDegrees>43.107624342665076</LatitudeDegrees>
              <LongitudeDegrees>-2.585071139037609</LongitudeDegrees>
            </Position>
            <AltitudeMeters>220.39999389648438</AltitudeMeters>
            <DistanceMeters>2047.6300048828125</DistanceMeters>
            <HeartRateBpm>
              <Value>78</Value>
            </HeartRateBpm>
            <Extensions>
              <ns3:TPX>
                <ns3:Speed>1.7640000581741333</ns3:Speed>
                <ns3:RunCadence>57</ns3:RunCadence>
              </ns3:TPX>
            </Extensions>
          </Trackpoint>
          <Trackpoint>
            <Time>2025-08-03T17:56:08.000Z</Time>
            <Position>
              <LatitudeDegrees>43.1076732929796</LatitudeDegrees>
              <LongitudeDegrees>-2.585116820409894</LongitudeDegrees>
            </Position>
            <AltitudeMeters>220.0</AltitudeMeters>
            <DistanceMeters>2053.530029296875</DistanceMeters>
            <HeartRateBpm>
              <Value>75</Value>
            </HeartRateBpm>
            <Extensions>
              <ns3:TPX>
                <ns3:Speed>1.7640000581741333</ns3:Speed>
                <ns3:RunCadence>59</ns3:RunCadence>
              </ns3:TPX>
            </Extensions>
          </Trackpoint>
          <Trackpoint>
            <Time>2025-08-03T17:56:11.000Z</Time>
            <Position>
              <LatitudeDegrees>43.10770866461098</LatitudeDegrees>
              <LongitudeDegrees>-2.585159568116069</LongitudeDegrees>
            </Position>
            <AltitudeMeters>220.1999969482422</AltitudeMeters>
            <DistanceMeters>2057.97998046875</DistanceMeters>
            <HeartRateBpm>
              <Value>73</Value>
            </HeartRateBpm>
            <Extensions>
              <ns3:TPX>
                <ns3:Speed>1.7170000076293945</ns3:Speed>
                <ns3:RunCadence>59</ns3:RunCadence>
              </ns3:TPX>
            </Extensions>
          </Trackpoint>
          <Trackpoint>
            <Time>2025-08-03T17:56:13.000Z</Time>
            <Position>
              <LatitudeDegrees>43.10773389413953</LatitudeDegrees>
              <LongitudeDegrees>-2.5851894076913595</LongitudeDegrees>
            </Position>
            <AltitudeMeters>220.60000610351562</AltitudeMeters>
            <DistanceMeters>2061.239990234375</DistanceMeters>
            <HeartRateBpm>
              <Value>70</Value>
            </HeartRateBpm>
            <Extensions>
              <ns3:TPX>
                <ns3:Speed>1.7079999446868896</ns3:Speed>
                <ns3:RunCadence>58</ns3:RunCadence>
              </ns3:TPX>
            </Extensions>
          </Trackpoint>
          <Trackpoint>
            <Time>2025-08-03T17:56:16.000Z</Time>
            <Position>
              <LatitudeDegrees>43.107766918838024</LatitudeDegrees>
              <LongitudeDegrees>-2.585232323035598</LongitudeDegrees>
            </Position>
            <AltitudeMeters>220.8000030517578</AltitudeMeters>
            <DistanceMeters>2065.179931640625</DistanceMeters>
            <HeartRateBpm>
              <Value>73</Value>
            </HeartRateBpm>
            <Extensions>
              <ns3:TPX>
                <ns3:Speed>1.7079999446868896</ns3:Speed>
                <ns3:RunCadence>57</ns3:RunCadence>
              </ns3:TPX>
            </Extensions>
          </Trackpoint>
          <Trackpoint>
            <Time>2025-08-03T17:56:18.000Z</Time>
            <Position>
              <LatitudeDegrees>43.10779742896557</LatitudeDegrees>
              <LongitudeDegrees>-2.5852700415998697</LongitudeDegrees>
            </Position>
            <AltitudeMeters>220.60000610351562</AltitudeMeters>
            <DistanceMeters>2067.56005859375</DistanceMeters>
            <HeartRateBpm>
              <Value>71</Value>
            </HeartRateBpm>
            <Extensions>
              <ns3:TPX>
                <ns3:Speed>1.6699999570846558</ns3:Speed>
                <ns3:RunCadence>57</ns3:RunCadence>
              </ns3:TPX>
            </Extensions>
          </Trackpoint>
          <Trackpoint>
            <Time>2025-08-03T17:56:22.000Z</Time>
            <Position>
              <LatitudeDegrees>43.10785559937358</LatitudeDegrees>
              <LongitudeDegrees>-2.5853230990469456</LongitudeDegrees>
            </Position>
            <AltitudeMeters>219.8000030517578</AltitudeMeters>
            <DistanceMeters>2075.68994140625</DistanceMeters>
            <HeartRateBpm>
              <Value>71</Value>
            </HeartRateBpm>
            <Extensions>
              <ns3:TPX>
                <ns3:Speed>1.6610000133514404</ns3:Speed>
                <ns3:RunCadence>57</ns3:RunCadence>
              </ns3:TPX>
            </Extensions>
          </Trackpoint>
          <Trackpoint>
            <Time>2025-08-03T17:56:23.000Z</Time>
            <Position>
              <LatitudeDegrees>43.10786800459027</LatitudeDegrees>
              <LongitudeDegrees>-2.585337348282337</LongitudeDegrees>
            </Position>
            <AltitudeMeters>219.8000030517578</AltitudeMeters>
            <DistanceMeters>2078.72998046875</DistanceMeters>
            <HeartRateBpm>
              <Value>73</Value>
            </HeartRateBpm>
            <Extensions>
              <ns3:TPX>
                <ns3:Speed>1.6610000133514404</ns3:Speed>
                <ns3:RunCadence>58</ns3:RunCadence>
              </ns3:TPX>
            </Extensions>
          </Trackpoint>
          <Trackpoint>
            <Time>2025-08-03T17:56:24.000Z</Time>
            <Position>
              <LatitudeDegrees>43.107882337644696</LatitudeDegrees>
              <LongitudeDegrees>-2.585345897823572</LongitudeDegrees>
            </Position>
            <AltitudeMeters>219.60000610351562</AltitudeMeters>
            <DistanceMeters>2080.7900390625</DistanceMeters>
            <HeartRateBpm>
              <Value>69</Value>
            </HeartRateBpm>
            <Extensions>
              <ns3:TPX>
                <ns3:Speed>1.6610000133514404</ns3:Speed>
                <ns3:RunCadence>58</ns3:RunCadence>
              </ns3:TPX>
            </Extensions>
          </Trackpoint>
          <Trackpoint>
            <Time>2025-08-03T17:56:25.000Z</Time>
            <Position>
              <LatitudeDegrees>43.10788971371949</LatitudeDegrees>
              <LongitudeDegrees>-2.5853548664599657</LongitudeDegrees>
            </Position>
            <AltitudeMeters>219.39999389648438</AltitudeMeters>
            <DistanceMeters>2082.02001953125</DistanceMeters>
            <HeartRateBpm>
              <Value>68</Value>
            </HeartRateBpm>
            <Extensions>
              <ns3:TPX>
                <ns3:Speed>1.6799999475479126</ns3:Speed>
                <ns3:RunCadence>58</ns3:RunCadence>
              </ns3:TPX>
            </Extensions>
          </Trackpoint>
          <Trackpoint>
            <Time>2025-08-03T17:56:32.000Z</Time>
            <Position>
              <LatitudeDegrees>43.107958026230335</LatitudeDegrees>
              <LongitudeDegrees>-2.5854586344212294</LongitudeDegrees>
            </Position>
            <AltitudeMeters>219.0</AltitudeMeters>
            <DistanceMeters>2091.5400390625</DistanceMeters>
            <HeartRateBpm>
              <Value>69</Value>
            </HeartRateBpm>
            <Extensions>
              <ns3:TPX>
                <ns3:Speed>1.6519999504089355</ns3:Speed>
                <ns3:RunCadence>58</ns3:RunCadence>
              </ns3:TPX>
            </Extensions>
          </Trackpoint>
          <Trackpoint>
            <Time>2025-08-03T17:56:34.000Z</Time>
            <Position>
              <LatitudeDegrees>43.10797822661698</LatitudeDegrees>
              <LongitudeDegrees>-2.585491491481662</LongitudeDegrees>
            </Position>
            <AltitudeMeters>218.8000030517578</AltitudeMeters>
            <DistanceMeters>2094.6298828125</DistanceMeters>
            <HeartRateBpm>
              <Value>68</Value>
            </HeartRateBpm>
            <Extensions>
              <ns3:TPX>
                <ns3:Speed>1.6419999599456787</ns3:Speed>
                <ns3:RunCadence>57</ns3:RunCadence>
              </ns3:TPX>
            </Extensions>
          </Trackpoint>
          <Trackpoint>
            <Time>2025-08-03T17:56:37.000Z</Time>
            <Position>
              <LatitudeDegrees>43.10801703482866</LatitudeDegrees>
              <LongitudeDegrees>-2.585532981902361</LongitudeDegrees>
            </Position>
            <AltitudeMeters>218.8000030517578</AltitudeMeters>
            <DistanceMeters>2099.56005859375</DistanceMeters>
            <HeartRateBpm>
              <Value>70</Value>
            </HeartRateBpm>
            <Extensions>
              <ns3:TPX>
                <ns3:Speed>1.6330000162124634</ns3:Speed>
                <ns3:RunCadence>57</ns3:RunCadence>
              </ns3:TPX>
            </Extensions>
          </Trackpoint>
          <Trackpoint>
            <Time>2025-08-03T17:56:39.000Z</Time>
            <Position>
              <LatitudeDegrees>43.108043521642685</LatitudeDegrees>
              <LongitudeDegrees>-2.585564749315381</LongitudeDegrees>
            </Position>
            <AltitudeMeters>218.8000030517578</AltitudeMeters>
            <DistanceMeters>2103.1298828125</DistanceMeters>
            <HeartRateBpm>
              <Value>68</Value>
            </HeartRateBpm>
            <Extensions>
              <ns3:TPX>
                <ns3:Speed>1.6239999532699585</ns3:Speed>
                <ns3:RunCadence>57</ns3:RunCadence>
              </ns3:TPX>
            </Extensions>
          </Trackpoint>
          <Trackpoint>
            <Time>2025-08-03T17:56:40.000Z</Time>
            <Position>
              <LatitudeDegrees>43.10805508866906</LatitudeDegrees>
              <LongitudeDegrees>-2.585582686588168</LongitudeDegrees>
            </Position>
            <AltitudeMeters>218.8000030517578</AltitudeMeters>
            <DistanceMeters>2105.6201171875</DistanceMeters>
            <HeartRateBpm>
              <Value>71</Value>
            </HeartRateBpm>
            <Extensions>
              <ns3:TPX>
                <ns3:Speed>1.6239999532699585</ns3:Speed>
                <ns3:RunCadence>57</ns3:RunCadence>
              </ns3:TPX>
            </Extensions>
          </Trackpoint>
          <Trackpoint>
            <Time>2025-08-03T17:56:44.000Z</Time>
            <Position>
              <LatitudeDegrees>43.108101692050695</LatitudeDegrees>
              <LongitudeDegrees>-2.5856441259384155</LongitudeDegrees>
            </Position>
            <AltitudeMeters>219.0</AltitudeMeters>
            <DistanceMeters>2114.340087890625</DistanceMeters>
            <HeartRateBpm>
              <Value>69</Value>
            </HeartRateBpm>
            <Extensions>
              <ns3:TPX>
                <ns3:Speed>1.6419999599456787</ns3:Speed>
                <ns3:RunCadence>57</ns3:RunCadence>
              </ns3:TPX>
            </Extensions>
          </Trackpoint>
          <Trackpoint>
            <Time>2025-08-03T17:56:52.000Z</Time>
            <Position>
              <LatitudeDegrees>43.10818014666438</LatitudeDegrees>
              <LongitudeDegrees>-2.5857563596218824</LongitudeDegrees>
            </Position>
            <AltitudeMeters>218.39999389648438</AltitudeMeters>
            <DistanceMeters>2129.06005859375</DistanceMeters>
            <HeartRateBpm>
              <Value>68</Value>
            </HeartRateBpm>
            <Extensions>
              <ns3:TPX>
                <ns3:Speed>1.6330000162124634</ns3:Speed>
                <ns3:RunCadence>57</ns3:RunCadence>
              </ns3:TPX>
            </Extensions>
          </Trackpoint>
          <Trackpoint>
            <Time>2025-08-03T17:56:59.000Z</Time>
            <Position>
              <LatitudeDegrees>43.10827888548374</LatitudeDegrees>
              <LongitudeDegrees>-2.585831293836236</LongitudeDegrees>
            </Position>
            <AltitudeMeters>218.0</AltitudeMeters>
            <DistanceMeters>2140.52001953125</DistanceMeters>
            <HeartRateBpm>
              <Value>68</Value>
            </HeartRateBpm>
            <Extensions>
              <ns3:TPX>
                <ns3:Speed>1.6330000162124634</ns3:Speed>
                <ns3:RunCadence>57</ns3:RunCadence>
              </ns3:TPX>
            </Extensions>
          </Trackpoint>
          <Trackpoint>
            <Time>2025-08-03T17:57:00.000Z</Time>
            <Position>
              <LatitudeDegrees>43.10829263180494</LatitudeDegrees>
              <LongitudeDegrees>-2.5858409330248833</LongitudeDegrees>
            </Position>
            <AltitudeMeters>217.8000030517578</AltitudeMeters>
            <DistanceMeters>2142.090087890625</DistanceMeters>
            <HeartRateBpm>
              <Value>69</Value>
            </HeartRateBpm>
            <Extensions>
              <ns3:TPX>
                <ns3:Speed>1.6330000162124634</ns3:Speed>
                <ns3:RunCadence>57</ns3:RunCadence>
              </ns3:TPX>
            </Extensions>
          </Trackpoint>
          <Trackpoint>
            <Time>2025-08-03T17:57:05.000Z</Time>
            <Position>
              <LatitudeDegrees>43.10837402008474</LatitudeDegrees>
              <LongitudeDegrees>-2.585877226665616</LongitudeDegrees>
            </Position>
            <AltitudeMeters>217.8000030517578</AltitudeMeters>
            <DistanceMeters>2150.679931640625</DistanceMeters>
            <HeartRateBpm>
              <Value>69</Value>
            </HeartRateBpm>
            <Extensions>
              <ns3:TPX>
                <ns3:Speed>1.6330000162124634</ns3:Speed>
                <ns3:RunCadence>57</ns3:RunCadence>
              </ns3:TPX>
            </Extensions>
          </Trackpoint>
          <Trackpoint>
            <Time>2025-08-03T17:57:08.000Z</Time>
            <Position>
              <LatitudeDegrees>43.10841324739158</LatitudeDegrees>
              <LongitudeDegrees>-2.5859050545841455</LongitudeDegrees>
            </Position>
            <AltitudeMeters>217.8000030517578</AltitudeMeters>
            <DistanceMeters>2155.31005859375</DistanceMeters>
            <HeartRateBpm>
              <Value>70</Value>
            </HeartRateBpm>
            <Extensions>
              <ns3:TPX>
                <ns3:Speed>1.6419999599456787</ns3:Speed>
                <ns3:RunCadence>57</ns3:RunCadence>
              </ns3:TPX>
            </Extensions>
          </Trackpoint>
          <Trackpoint>
            <Time>2025-08-03T17:57:12.000Z</Time>
            <Position>
              <LatitudeDegrees>43.10846680775285</LatitudeDegrees>
              <LongitudeDegrees>-2.5859666615724564</LongitudeDegrees>
            </Position>
            <AltitudeMeters>218.1999969482422</AltitudeMeters>
            <DistanceMeters>2160.679931640625</DistanceMeters>
            <HeartRateBpm>
              <Value>73</Value>
            </HeartRateBpm>
            <Extensions>
              <ns3:TPX>
                <ns3:Speed>1.6330000162124634</ns3:Speed>
                <ns3:RunCadence>57</ns3:RunCadence>
              </ns3:TPX>
            </Extensions>
          </Trackpoint>
          <Trackpoint>
            <Time>2025-08-03T17:57:14.000Z</Time>
            <Position>
              <LatitudeDegrees>43.108494970947504</LatitudeDegrees>
              <LongitudeDegrees>-2.5859922263771296</LongitudeDegrees>
            </Position>
            <AltitudeMeters>218.0</AltitudeMeters>
            <DistanceMeters>2164.68994140625</DistanceMeters>
            <HeartRateBpm>
              <Value>70</Value>
            </HeartRateBpm>
            <Extensions>
              <ns3:TPX>
                <ns3:Speed>1.6239999532699585</ns3:Speed>
                <ns3:RunCadence>57</ns3:RunCadence>
              </ns3:TPX>
            </Extensions>
          </Trackpoint>
          <Trackpoint>
            <Time>2025-08-03T17:57:15.000Z</Time>
            <Position>
              <LatitudeDegrees>43.108512572944164</LatitudeDegrees>
              <LongitudeDegrees>-2.5859981775283813</LongitudeDegrees>
            </Position>
            <AltitudeMeters>217.8000030517578</AltitudeMeters>
            <DistanceMeters>2166.780029296875</DistanceMeters>
            <HeartRateBpm>
              <Value>70</Value>
            </HeartRateBpm>
            <Extensions>
              <ns3:TPX>
                <ns3:Speed>1.6239999532699585</ns3:Speed>
                <ns3:RunCadence>57</ns3:RunCadence>
              </ns3:TPX>
            </Extensions>
          </Trackpoint>
          <Trackpoint>
            <Time>2025-08-03T17:57:16.000Z</Time>
            <Position>
              <LatitudeDegrees>43.10853134840727</LatitudeDegrees>
              <LongitudeDegrees>-2.5860069785267115</LongitudeDegrees>
            </Position>
            <AltitudeMeters>217.8000030517578</AltitudeMeters>
            <DistanceMeters>2168.699951171875</DistanceMeters>
            <HeartRateBpm>
              <Value>70</Value>
            </HeartRateBpm>
            <Extensions>
              <ns3:TPX>
                <ns3:Speed>1.6330000162124634</ns3:Speed>
                <ns3:RunCadence>57</ns3:RunCadence>
              </ns3:TPX>
            </Extensions>
          </Trackpoint>
          <Trackpoint>
            <Time>2025-08-03T17:57:21.000Z</Time>
            <Position>
              <LatitudeDegrees>43.10860192403197</LatitudeDegrees>
              <LongitudeDegrees>-2.5860882829874754</LongitudeDegrees>
            </Position>
            <AltitudeMeters>217.1999969482422</AltitudeMeters>
            <DistanceMeters>2182.25</DistanceMeters>
            <HeartRateBpm>
              <Value>72</Value>
            </HeartRateBpm>
            <Extensions>
              <ns3:TPX>
                <ns3:Speed>1.6610000133514404</ns3:Speed>
                <ns3:RunCadence>57</ns3:RunCadence>
              </ns3:TPX>
            </Extensions>
          </Trackpoint>
          <Trackpoint>
            <Time>2025-08-03T17:57:27.000Z</Time>
            <Position>
              <LatitudeDegrees>43.108671410009265</LatitudeDegrees>
              <LongitudeDegrees>-2.5861436873674393</LongitudeDegrees>
            </Position>
            <AltitudeMeters>216.8000030517578</AltitudeMeters>
            <DistanceMeters>2195.510009765625</DistanceMeters>
            <HeartRateBpm>
              <Value>70</Value>
            </HeartRateBpm>
            <Extensions>
              <ns3:TPX>
                <ns3:Speed>1.7170000076293945</ns3:Speed>
                <ns3:RunCadence>57</ns3:RunCadence>
              </ns3:TPX>
            </Extensions>
          </Trackpoint>
          <Trackpoint>
            <Time>2025-08-03T17:57:30.000Z</Time>
            <Position>
              <LatitudeDegrees>43.10868733562529</LatitudeDegrees>
              <LongitudeDegrees>-2.5861597806215286</LongitudeDegrees>
            </Position>
            <AltitudeMeters>217.0</AltitudeMeters>
            <DistanceMeters>2198.669921875</DistanceMeters>
            <HeartRateBpm>
              <Value>70</Value>
            </HeartRateBpm>
            <Extensions>
              <ns3:TPX>
                <ns3:Speed>1.6979999542236328</ns3:Speed>
                <ns3:RunCadence>57</ns3:RunCadence>
              </ns3:TPX>
            </Extensions>
          </Trackpoint>
          <Trackpoint>
            <Time>2025-08-03T17:57:33.000Z</Time>
            <Position>
              <LatitudeDegrees>43.108713403344154</LatitudeDegrees>
              <LongitudeDegrees>-2.5861860159784555</LongitudeDegrees>
            </Position>
            <AltitudeMeters>217.60000610351562</AltitudeMeters>
            <DistanceMeters>2201.43994140625</DistanceMeters>
            <HeartRateBpm>
              <Value>74</Value>
            </HeartRateBpm>
            <Extensions>
              <ns3:TPX>
                <ns3:Speed>1.5210000276565552</ns3:Speed>
                <ns3:RunCadence>57</ns3:RunCadence>
              </ns3:TPX>
            </Extensions>
          </Trackpoint>
          <Trackpoint>
            <Time>2025-08-03T17:57:34.000Z</Time>
            <Position>
              <LatitudeDegrees>43.108725221827626</LatitudeDegrees>
              <LongitudeDegrees>-2.5862033665180206</LongitudeDegrees>
            </Position>
            <AltitudeMeters>217.60000610351562</AltitudeMeters>
            <DistanceMeters>2202.85009765625</DistanceMeters>
            <HeartRateBpm>
              <Value>71</Value>
            </HeartRateBpm>
            <Extensions>
              <ns3:TPX>
                <ns3:Speed>1.5119999647140503</ns3:Speed>
                <ns3:RunCadence>57</ns3:RunCadence>
              </ns3:TPX>
            </Extensions>
          </Trackpoint>
          <Trackpoint>
            <Time>2025-08-03T17:57:35.000Z</Time>
            <Position>
              <LatitudeDegrees>43.10873947106302</LatitudeDegrees>
              <LongitudeDegrees>-2.586220884695649</LongitudeDegrees>
            </Position>
            <AltitudeMeters>217.60000610351562</AltitudeMeters>
            <DistanceMeters>2204.1201171875</DistanceMeters>
            <HeartRateBpm>
              <Value>71</Value>
            </HeartRateBpm>
            <Extensions>
              <ns3:TPX>
                <ns3:Speed>1.5019999742507935</ns3:Speed>
                <ns3:RunCadence>57</ns3:RunCadence>
              </ns3:TPX>
            </Extensions>
          </Trackpoint>
          <Trackpoint>
            <Time>2025-08-03T17:57:39.000Z</Time>
            <Position>
              <LatitudeDegrees>43.10879185795784</LatitudeDegrees>
              <LongitudeDegrees>-2.586281569674611</LongitudeDegrees>
            </Position>
            <AltitudeMeters>217.0</AltitudeMeters>
            <DistanceMeters>2211.02001953125</DistanceMeters>
            <HeartRateBpm>
              <Value>73</Value>
            </HeartRateBpm>
            <Extensions>
              <ns3:TPX>
                <ns3:Speed>1.5490000247955322</ns3:Speed>
                <ns3:RunCadence>57</ns3:RunCadence>
              </ns3:TPX>
            </Extensions>
          </Trackpoint>
          <Trackpoint>
            <Time>2025-08-03T17:57:41.000Z</Time>
            <Position>
              <LatitudeDegrees>43.108815578743815</LatitudeDegrees>
              <LongitudeDegrees>-2.586299842223525</LongitudeDegrees>
            </Position>
            <AltitudeMeters>216.8000030517578</AltitudeMeters>
            <DistanceMeters>2213.699951171875</DistanceMeters>
            <HeartRateBpm>
              <Value>76</Value>
            </HeartRateBpm>
            <Extensions>
              <ns3:TPX>
                <ns3:Speed>1.5579999685287476</ns3:Speed>
                <ns3:RunCadence>57</ns3:RunCadence>
              </ns3:TPX>
            </Extensions>
          </Trackpoint>
          <Trackpoint>
            <Time>2025-08-03T17:57:42.000Z</Time>
            <Position>
              <LatitudeDegrees>43.108825804665685</LatitudeDegrees>
              <LongitudeDegrees>-2.5863173604011536</LongitudeDegrees>
            </Position>
            <AltitudeMeters>216.8000030517578</AltitudeMeters>
            <DistanceMeters>2215.139892578125</DistanceMeters>
            <HeartRateBpm>
              <Value>74</Value>
            </HeartRateBpm>
            <Extensions>
              <ns3:TPX>
                <ns3:Speed>1.5679999589920044</ns3:Speed>
                <ns3:RunCadence>57</ns3:RunCadence>
              </ns3:TPX>
            </Extensions>
          </Trackpoint>
          <Trackpoint>
            <Time>2025-08-03T17:57:43.000Z</Time>
            <Position>
              <LatitudeDegrees>43.108837204054</LatitudeDegrees>
              <LongitudeDegrees>-2.586332866922021</LongitudeDegrees>
            </Position>
            <AltitudeMeters>216.60000610351562</AltitudeMeters>
            <DistanceMeters>2216.489990234375</DistanceMeters>
            <HeartRateBpm>
              <Value>74</Value>
            </HeartRateBpm>
            <Extensions>
              <ns3:TPX>
                <ns3:Speed>1.5679999589920044</ns3:Speed>
                <ns3:RunCadence>56</ns3:RunCadence>
              </ns3:TPX>
            </Extensions>
          </Trackpoint>
          <Trackpoint>
            <Time>2025-08-03T17:57:45.000Z</Time>
            <Position>
              <LatitudeDegrees>43.10885824263096</LatitudeDegrees>
              <LongitudeDegrees>-2.586363460868597</LongitudeDegrees>
            </Position>
            <AltitudeMeters>216.60000610351562</AltitudeMeters>
            <DistanceMeters>2219.360107421875</DistanceMeters>
            <HeartRateBpm>
              <Value>73</Value>
            </HeartRateBpm>
            <Extensions>
              <ns3:TPX>
                <ns3:Speed>1.5679999589920044</ns3:Speed>
                <ns3:RunCadence>57</ns3:RunCadence>
              </ns3:TPX>
            </Extensions>
          </Trackpoint>
          <Trackpoint>
            <Time>2025-08-03T17:57:48.000Z</Time>
            <Position>
              <LatitudeDegrees>43.108898643404245</LatitudeDegrees>
              <LongitudeDegrees>-2.58641148917377</LongitudeDegrees>
            </Position>
            <AltitudeMeters>216.39999389648438</AltitudeMeters>
            <DistanceMeters>2224.800048828125</DistanceMeters>
            <HeartRateBpm>
              <Value>70</Value>
            </HeartRateBpm>
            <Extensions>
              <ns3:TPX>
                <ns3:Speed>1.5679999589920044</ns3:Speed>
                <ns3:RunCadence>57</ns3:RunCadence>
              </ns3:TPX>
            </Extensions>
          </Trackpoint>
          <Trackpoint>
            <Time>2025-08-03T17:57:52.000Z</Time>
            <Position>
              <LatitudeDegrees>43.10897592455149</LatitudeDegrees>
              <LongitudeDegrees>-2.5864764489233494</LongitudeDegrees>
            </Position>
            <AltitudeMeters>215.8000030517578</AltitudeMeters>
            <DistanceMeters>2234.030029296875</DistanceMeters>
            <HeartRateBpm>
              <Value>70</Value>
            </HeartRateBpm>
            <Extensions>
              <ns3:TPX>
                <ns3:Speed>1.6050000190734863</ns3:Speed>
                <ns3:RunCadence>57</ns3:RunCadence>
              </ns3:TPX>
            </Extensions>
          </Trackpoint>
          <Trackpoint>
            <Time>2025-08-03T17:57:53.000Z</Time>
            <Position>
              <LatitudeDegrees>43.10899411328137</LatitudeDegrees>
              <LongitudeDegrees>-2.586479214951396</LongitudeDegrees>
            </Position>
            <AltitudeMeters>215.8000030517578</AltitudeMeters>
            <DistanceMeters>2236.330078125</DistanceMeters>
            <HeartRateBpm>
              <Value>73</Value>
            </HeartRateBpm>
            <Extensions>
              <ns3:TPX>
                <ns3:Speed>1.6519999504089355</ns3:Speed>
                <ns3:RunCadence>57</ns3:RunCadence>
              </ns3:TPX>
            </Extensions>
          </Trackpoint>
          <Trackpoint>
            <Time>2025-08-03T17:57:56.000Z</Time>
            <Position>
              <LatitudeDegrees>43.109028059989214</LatitudeDegrees>
              <LongitudeDegrees>-2.586476029828191</LongitudeDegrees>
            </Position>
            <AltitudeMeters>215.8000030517578</AltitudeMeters>
            <DistanceMeters>2239.02001953125</DistanceMeters>
            <HeartRateBpm>
              <Value>70</Value>
            </HeartRateBpm>
            <Extensions>
              <ns3:TPX>
                <ns3:Speed>1.6890000104904175</ns3:Speed>
                <ns3:RunCadence>54</ns3:RunCadence>
              </ns3:TPX>
            </Extensions>
          </Trackpoint>
          <Trackpoint>
            <Time>2025-08-03T17:57:57.000Z</Time>
            <Position>
              <LatitudeDegrees>43.10903585515916</LatitudeDegrees>
              <LongitudeDegrees>-2.586478628218174</LongitudeDegrees>
            </Position>
            <AltitudeMeters>215.60000610351562</AltitudeMeters>
            <DistanceMeters>2239.02001953125</DistanceMeters>
            <HeartRateBpm>
              <Value>71</Value>
            </HeartRateBpm>
            <Extensions>
              <ns3:TPX>
                <ns3:Speed>1.6419999599456787</ns3:Speed>
                <ns3:RunCadence>54</ns3:RunCadence>
              </ns3:TPX>
            </Extensions>
          </Trackpoint>
          <Trackpoint>
            <Time>2025-08-03T17:57:58.000Z</Time>
            <Position>
              <LatitudeDegrees>43.10904356651008</LatitudeDegrees>
              <LongitudeDegrees>-2.586480975151062</LongitudeDegrees>
            </Position>
            <AltitudeMeters>215.39999389648438</AltitudeMeters>
            <DistanceMeters>2239.02001953125</DistanceMeters>
            <HeartRateBpm>
              <Value>70</Value>
            </HeartRateBpm>
            <Extensions>
              <ns3:TPX>
                <ns3:Speed>1.6139999628067017</ns3:Speed>
                <ns3:RunCadence>52</ns3:RunCadence>
              </ns3:TPX>
            </Extensions>
          </Trackpoint>
          <Trackpoint>
            <Time>2025-08-03T17:57:59.000Z</Time>
            <Position>
              <LatitudeDegrees>43.109052116051316</LatitudeDegrees>
              <LongitudeDegrees>-2.5864855013787746</LongitudeDegrees>
            </Position>
            <AltitudeMeters>215.1999969482422</AltitudeMeters>
            <DistanceMeters>2239.02001953125</DistanceMeters>
            <HeartRateBpm>
              <Value>69</Value>
            </HeartRateBpm>
            <Extensions>
              <ns3:TPX>
                <ns3:Speed>1.0640000104904175</ns3:Speed>
                <ns3:RunCadence>0</ns3:RunCadence>
              </ns3:TPX>
            </Extensions>
          </Trackpoint>
          <Trackpoint>
            <Time>2025-08-03T17:58:01.000Z</Time>
            <Position>
              <LatitudeDegrees>43.10906929895282</LatitudeDegrees>
              <LongitudeDegrees>-2.5864958111196756</LongitudeDegrees>
            </Position>
            <AltitudeMeters>215.0</AltitudeMeters>
            <DistanceMeters>2239.56005859375</DistanceMeters>
            <HeartRateBpm>
              <Value>71</Value>
            </HeartRateBpm>
            <Extensions>
              <ns3:TPX>
                <ns3:Speed>0.9700000286102295</ns3:Speed>
                <ns3:RunCadence>0</ns3:RunCadence>
              </ns3:TPX>
            </Extensions>
          </Trackpoint>
          <Trackpoint>
            <Time>2025-08-03T17:58:04.000Z</Time>
            <Position>
              <LatitudeDegrees>43.109090169891715</LatitudeDegrees>
              <LongitudeDegrees>-2.586490949615836</LongitudeDegrees>
            </Position>
            <AltitudeMeters>215.0</AltitudeMeters>
            <DistanceMeters>2240.159912109375</DistanceMeters>
            <HeartRateBpm>
              <Value>67</Value>
            </HeartRateBpm>
            <Extensions>
              <ns3:TPX>
                <ns3:Speed>0.0</ns3:Speed>
                <ns3:RunCadence>0</ns3:RunCadence>
              </ns3:TPX>
            </Extensions>
          </Trackpoint>
          <Trackpoint>
            <Time>2025-08-03T17:58:05.000Z</Time>
            <Position>
              <LatitudeDegrees>43.10909494757652</LatitudeDegrees>
              <LongitudeDegrees>-2.586495978757739</LongitudeDegrees>
            </Position>
            <AltitudeMeters>215.0</AltitudeMeters>
            <DistanceMeters>2240.719970703125</DistanceMeters>
            <HeartRateBpm>
              <Value>71</Value>
            </HeartRateBpm>
            <Extensions>
              <ns3:TPX>
                <ns3:Speed>0.0</ns3:Speed>
                <ns3:RunCadence>0</ns3:RunCadence>
              </ns3:TPX>
            </Extensions>
          </Trackpoint>
          <Trackpoint>
            <Time>2025-08-03T17:58:07.000Z</Time>
            <Position>
              <LatitudeDegrees>43.1091049220413</LatitudeDegrees>
              <LongitudeDegrees>-2.586519867181778</LongitudeDegrees>
            </Position>
            <AltitudeMeters>215.0</AltitudeMeters>
            <DistanceMeters>2240.719970703125</DistanceMeters>
            <HeartRateBpm>
              <Value>72</Value>
            </HeartRateBpm>
            <Extensions>
              <ns3:TPX>
                <ns3:Speed>0.0</ns3:Speed>
                <ns3:RunCadence>0</ns3:RunCadence>
              </ns3:TPX>
            </Extensions>
          </Trackpoint>
          <Trackpoint>
            <Time>2025-08-03T17:58:09.000Z</Time>
            <Position>
              <LatitudeDegrees>43.1091046705842</LatitudeDegrees>
              <LongitudeDegrees>-2.5865367148071527</LongitudeDegrees>
            </Position>
            <AltitudeMeters>215.0</AltitudeMeters>
            <DistanceMeters>2241.300048828125</DistanceMeters>
            <HeartRateBpm>
              <Value>69</Value>
            </HeartRateBpm>
            <Extensions>
              <ns3:TPX>
                <ns3:Speed>0.0</ns3:Speed>
                <ns3:RunCadence>0</ns3:RunCadence>
              </ns3:TPX>
            </Extensions>
          </Trackpoint>
          <Trackpoint>
            <Time>2025-08-03T17:58:14.000Z</Time>
            <Position>
              <LatitudeDegrees>43.10911715961993</LatitudeDegrees>
              <LongitudeDegrees>-2.5865880958735943</LongitudeDegrees>
            </Position>
            <AltitudeMeters>215.39999389648438</AltitudeMeters>
            <DistanceMeters>2247.719970703125</DistanceMeters>
            <HeartRateBpm>
              <Value>69</Value>
            </HeartRateBpm>
            <Extensions>
              <ns3:TPX>
                <ns3:Speed>0.0</ns3:Speed>
                <ns3:RunCadence>0</ns3:RunCadence>
              </ns3:TPX>
            </Extensions>
          </Trackpoint>
          <Trackpoint>
            <Time>2025-08-03T17:58:18.000Z</Time>
            <Position>
              <LatitudeDegrees>43.10913635417819</LatitudeDegrees>
              <LongitudeDegrees>-2.586634363979101</LongitudeDegrees>
            </Position>
            <AltitudeMeters>215.39999389648438</AltitudeMeters>
            <DistanceMeters>2252.659912109375</DistanceMeters>
            <HeartRateBpm>
              <Value>69</Value>
            </HeartRateBpm>
            <Extensions>
              <ns3:TPX>
                <ns3:Speed>1.128999948501587</ns3:Speed>
                <ns3:RunCadence>61</ns3:RunCadence>
              </ns3:TPX>
            </Extensions>
          </Trackpoint>
          <Trackpoint>
            <Time>2025-08-03T17:58:19.000Z</Time>
            <Position>
              <LatitudeDegrees>43.109142472967505</LatitudeDegrees>
              <LongitudeDegrees>-2.58664358407259</LongitudeDegrees>
            </Position>
            <AltitudeMeters>215.39999389648438</AltitudeMeters>
            <DistanceMeters>2253.590087890625</DistanceMeters>
            <HeartRateBpm>
              <Value>67</Value>
            </HeartRateBpm>
            <Extensions>
              <ns3:TPX>
                <ns3:Speed>1.409000039100647</ns3:Speed>
                <ns3:RunCadence>58</ns3:RunCadence>
              </ns3:TPX>
            </Extensions>
          </Trackpoint>
          <Trackpoint>
            <Time>2025-08-03T17:58:23.000Z</Time>
            <Position>
              <LatitudeDegrees>43.10917926952243</LatitudeDegrees>
              <LongitudeDegrees>-2.5866943784058094</LongitudeDegrees>
            </Position>
            <AltitudeMeters>215.39999389648438</AltitudeMeters>
            <DistanceMeters>2259.010009765625</DistanceMeters>
            <HeartRateBpm>
              <Value>71</Value>
            </HeartRateBpm>
            <Extensions>
              <ns3:TPX>
                <ns3:Speed>1.343999981880188</ns3:Speed>
                <ns3:RunCadence>56</ns3:RunCadence>
              </ns3:TPX>
            </Extensions>
          </Trackpoint>
          <Trackpoint>
            <Time>2025-08-03T17:58:25.000Z</Time>
            <Position>
              <LatitudeDegrees>43.109203074127436</LatitudeDegrees>
              <LongitudeDegrees>-2.586719775572419</LongitudeDegrees>
            </Position>
            <AltitudeMeters>215.1999969482422</AltitudeMeters>
            <DistanceMeters>2261.43994140625</DistanceMeters>
            <HeartRateBpm>
              <Value>70</Value>
            </HeartRateBpm>
            <Extensions>
              <ns3:TPX>
                <ns3:Speed>1.4559999704360962</ns3:Speed>
                <ns3:RunCadence>57</ns3:RunCadence>
              </ns3:TPX>
            </Extensions>
          </Trackpoint>
          <Trackpoint>
            <Time>2025-08-03T17:58:28.000Z</Time>
            <Position>
              <LatitudeDegrees>43.10923978686333</LatitudeDegrees>
              <LongitudeDegrees>-2.586764870211482</LongitudeDegrees>
            </Position>
            <AltitudeMeters>215.0</AltitudeMeters>
            <DistanceMeters>2265.5400390625</DistanceMeters>
            <HeartRateBpm>
              <Value>66</Value>
            </HeartRateBpm>
            <Extensions>
              <ns3:TPX>
                <ns3:Speed>1.465000033378601</ns3:Speed>
                <ns3:RunCadence>57</ns3:RunCadence>
              </ns3:TPX>
            </Extensions>
          </Trackpoint>
          <Trackpoint>
            <Time>2025-08-03T17:58:30.000Z</Time>
            <Position>
              <LatitudeDegrees>43.10926493257284</LatitudeDegrees>
              <LongitudeDegrees>-2.586784651502967</LongitudeDegrees>
            </Position>
            <AltitudeMeters>215.0</AltitudeMeters>
            <DistanceMeters>2268.330078125</DistanceMeters>
            <HeartRateBpm>
              <Value>68</Value>
            </HeartRateBpm>
            <Extensions>
              <ns3:TPX>
                <ns3:Speed>1.4839999675750732</ns3:Speed>
                <ns3:RunCadence>57</ns3:RunCadence>
              </ns3:TPX>
            </Extensions>
          </Trackpoint>
          <Trackpoint>
            <Time>2025-08-03T17:58:31.000Z</Time>
            <Position>
              <LatitudeDegrees>43.109277756884694</LatitudeDegrees>
              <LongitudeDegrees>-2.586791692301631</LongitudeDegrees>
            </Position>
            <AltitudeMeters>214.8000030517578</AltitudeMeters>
            <DistanceMeters>2269.7099609375</DistanceMeters>
            <HeartRateBpm>
              <Value>68</Value>
            </HeartRateBpm>
            <Extensions>
              <ns3:TPX>
                <ns3:Speed>1.4839999675750732</ns3:Speed>
                <ns3:RunCadence>57</ns3:RunCadence>
              </ns3:TPX>
            </Extensions>
          </Trackpoint>
          <Trackpoint>
            <Time>2025-08-03T17:58:35.000Z</Time>
            <Position>
              <LatitudeDegrees>43.1093293055892</LatitudeDegrees>
              <LongitudeDegrees>-2.586840558797121</LongitudeDegrees>
            </Position>
            <AltitudeMeters>214.39999389648438</AltitudeMeters>
            <DistanceMeters>2277.2099609375</DistanceMeters>
            <HeartRateBpm>
              <Value>69</Value>
            </HeartRateBpm>
            <Extensions>
              <ns3:TPX>
                <ns3:Speed>1.5019999742507935</ns3:Speed>
                <ns3:RunCadence>57</ns3:RunCadence>
              </ns3:TPX>
            </Extensions>
          </Trackpoint>
          <Trackpoint>
            <Time>2025-08-03T17:58:37.000Z</Time>
            <Position>
              <LatitudeDegrees>43.10935227200389</LatitudeDegrees>
              <LongitudeDegrees>-2.5868715718388557</LongitudeDegrees>
            </Position>
            <AltitudeMeters>214.1999969482422</AltitudeMeters>
            <DistanceMeters>2281.389892578125</DistanceMeters>
            <HeartRateBpm>
              <Value>69</Value>
            </HeartRateBpm>
            <Extensions>
              <ns3:TPX>
                <ns3:Speed>1.5579999685287476</ns3:Speed>
                <ns3:RunCadence>57</ns3:RunCadence>
              </ns3:TPX>
            </Extensions>
          </Trackpoint>
          <Trackpoint>
            <Time>2025-08-03T17:58:40.000Z</Time>
            <Position>
              <LatitudeDegrees>43.109388733282685</LatitudeDegrees>
              <LongitudeDegrees>-2.58691867813468</LongitudeDegrees>
            </Position>
            <AltitudeMeters>214.0</AltitudeMeters>
            <DistanceMeters>2287.1298828125</DistanceMeters>
            <HeartRateBpm>
              <Value>72</Value>
            </HeartRateBpm>
            <Extensions>
              <ns3:TPX>
                <ns3:Speed>1.6419999599456787</ns3:Speed>
                <ns3:RunCadence>57</ns3:RunCadence>
              </ns3:TPX>
            </Extensions>
          </Trackpoint>
          <Trackpoint>
            <Time>2025-08-03T17:58:41.000Z</Time>
            <Position>
              <LatitudeDegrees>43.10940457507968</LatitudeDegrees>
              <LongitudeDegrees>-2.5869351904839277</LongitudeDegrees>
            </Position>
            <AltitudeMeters>214.1999969482422</AltitudeMeters>
            <DistanceMeters>2288.760009765625</DistanceMeters>
            <HeartRateBpm>
              <Value>71</Value>
            </HeartRateBpm>
            <Extensions>
              <ns3:TPX>
                <ns3:Speed>1.6519999504089355</ns3:Speed>
                <ns3:RunCadence>57</ns3:RunCadence>
              </ns3:TPX>
            </Extensions>
          </Trackpoint>
          <Trackpoint>
            <Time>2025-08-03T17:58:44.000Z</Time>
            <Position>
              <LatitudeDegrees>43.1094416230917</LatitudeDegrees>
              <LongitudeDegrees>-2.586980788037181</LongitudeDegrees>
            </Position>
            <AltitudeMeters>214.39999389648438</AltitudeMeters>
            <DistanceMeters>2295.1298828125</DistanceMeters>
            <HeartRateBpm>
              <Value>70</Value>
            </HeartRateBpm>
            <Extensions>
              <ns3:TPX>
                <ns3:Speed>1.7079999446868896</ns3:Speed>
                <ns3:RunCadence>57</ns3:RunCadence>
              </ns3:TPX>
            </Extensions>
          </Trackpoint>
          <Trackpoint>
            <Time>2025-08-03T17:58:50.000Z</Time>
            <Position>
              <LatitudeDegrees>43.10952024534345</LatitudeDegrees>
              <LongitudeDegrees>-2.5870415568351746</LongitudeDegrees>
            </Position>
            <AltitudeMeters>214.0</AltitudeMeters>
            <DistanceMeters>2306.070068359375</DistanceMeters>
            <HeartRateBpm>
              <Value>71</Value>
            </HeartRateBpm>
            <Extensions>
              <ns3:TPX>
                <ns3:Speed>1.781999945640564</ns3:Speed>
                <ns3:RunCadence>57</ns3:RunCadence>
              </ns3:TPX>
            </Extensions>
          </Trackpoint>
          <Trackpoint>
            <Time>2025-08-03T17:58:55.000Z</Time>
            <Position>
              <LatitudeDegrees>43.10957514680922</LatitudeDegrees>
              <LongitudeDegrees>-2.587100649252534</LongitudeDegrees>
            </Position>
            <AltitudeMeters>213.39999389648438</AltitudeMeters>
            <DistanceMeters>2314.510009765625</DistanceMeters>
            <HeartRateBpm>
              <Value>72</Value>
            </HeartRateBpm>
            <Extensions>
              <ns3:TPX>
                <ns3:Speed>1.819000005722046</ns3:Speed>
                <ns3:RunCadence>58</ns3:RunCadence>
              </ns3:TPX>
            </Extensions>
          </Trackpoint>
          <Trackpoint>
            <Time>2025-08-03T17:58:56.000Z</Time>
            <Position>
              <LatitudeDegrees>43.10958629474044</LatitudeDegrees>
              <LongitudeDegrees>-2.587110372260213</LongitudeDegrees>
            </Position>
            <AltitudeMeters>213.39999389648438</AltitudeMeters>
            <DistanceMeters>2315.919921875</DistanceMeters>
            <HeartRateBpm>
              <Value>71</Value>
            </HeartRateBpm>
            <Extensions>
              <ns3:TPX>
                <ns3:Speed>1.819000005722046</ns3:Speed>
                <ns3:RunCadence>58</ns3:RunCadence>
              </ns3:TPX>
            </Extensions>
          </Trackpoint>
          <Trackpoint>
            <Time>2025-08-03T17:58:57.000Z</Time>
            <Position>
              <LatitudeDegrees>43.10959903523326</LatitudeDegrees>
              <LongitudeDegrees>-2.5871208496391773</LongitudeDegrees>
            </Position>
            <AltitudeMeters>213.39999389648438</AltitudeMeters>
            <DistanceMeters>2317.4599609375</DistanceMeters>
            <HeartRateBpm>
              <Value>74</Value>
            </HeartRateBpm>
            <Extensions>
              <ns3:TPX>
                <ns3:Speed>1.819000005722046</ns3:Speed>
                <ns3:RunCadence>58</ns3:RunCadence>
              </ns3:TPX>
            </Extensions>
          </Trackpoint>
          <Trackpoint>
            <Time>2025-08-03T17:59:02.000Z</Time>
            <Position>
              <LatitudeDegrees>43.109677992761135</LatitudeDegrees>
              <LongitudeDegrees>-2.5871723145246506</LongitudeDegrees>
            </Position>
            <AltitudeMeters>213.39999389648438</AltitudeMeters>
            <DistanceMeters>2327.030029296875</DistanceMeters>
            <HeartRateBpm>
              <Value>74</Value>
            </HeartRateBpm>
            <Extensions>
              <ns3:TPX>
                <ns3:Speed>1.8660000562667847</ns3:Speed>
                <ns3:RunCadence>59</ns3:RunCadence>
              </ns3:TPX>
            </Extensions>
          </Trackpoint>
          <Trackpoint>
            <Time>2025-08-03T17:59:05.000Z</Time>
            <Position>
              <LatitudeDegrees>43.10972602106631</LatitudeDegrees>
              <LongitudeDegrees>-2.5872014835476875</LongitudeDegrees>
            </Position>
            <AltitudeMeters>213.1999969482422</AltitudeMeters>
            <DistanceMeters>2332.800048828125</DistanceMeters>
            <HeartRateBpm>
              <Value>71</Value>
            </HeartRateBpm>
            <Extensions>
              <ns3:TPX>
                <ns3:Speed>1.8940000534057617</ns3:Speed>
                <ns3:RunCadence>59</ns3:RunCadence>
              </ns3:TPX>
            </Extensions>
          </Trackpoint>
          <Trackpoint>
            <Time>2025-08-03T17:59:06.000Z</Time>
            <Position>
              <LatitudeDegrees>43.10974655672908</LatitudeDegrees>
              <LongitudeDegrees>-2.5872127152979374</LongitudeDegrees>
            </Position>
            <AltitudeMeters>213.0</AltitudeMeters>
            <DistanceMeters>2334.77001953125</DistanceMeters>
            <HeartRateBpm>
              <Value>74</Value>
            </HeartRateBpm>
            <Extensions>
              <ns3:TPX>
                <ns3:Speed>1.902999997138977</ns3:Speed>
                <ns3:RunCadence>59</ns3:RunCadence>
              </ns3:TPX>
            </Extensions>
          </Trackpoint>
          <Trackpoint>
            <Time>2025-08-03T17:59:08.000Z</Time>
            <Position>
              <LatitudeDegrees>43.10977756977081</LatitudeDegrees>
              <LongitudeDegrees>-2.587234592065215</LongitudeDegrees>
            </Position>
            <AltitudeMeters>213.0</AltitudeMeters>
            <DistanceMeters>2338.739990234375</DistanceMeters>
            <HeartRateBpm>
              <Value>77</Value>
            </HeartRateBpm>
            <Extensions>
              <ns3:TPX>
                <ns3:Speed>1.9220000505447388</ns3:Speed>
                <ns3:RunCadence>56</ns3:RunCadence>
              </ns3:TPX>
            </Extensions>
          </Trackpoint>
          <Trackpoint>
            <Time>2025-08-03T17:59:09.000Z</Time>
            <Position>
              <LatitudeDegrees>43.10978972353041</LatitudeDegrees>
              <LongitudeDegrees>-2.5872444827109575</LongitudeDegrees>
            </Position>
            <AltitudeMeters>213.0</AltitudeMeters>
            <DistanceMeters>2340.510009765625</DistanceMeters>
            <HeartRateBpm>
              <Value>73</Value>
            </HeartRateBpm>
            <Extensions>
              <ns3:TPX>
                <ns3:Speed>1.9500000476837158</ns3:Speed>
                <ns3:RunCadence>56</ns3:RunCadence>
              </ns3:TPX>
            </Extensions>
          </Trackpoint>
          <Trackpoint>
            <Time>2025-08-03T17:59:10.000Z</Time>
            <Position>
              <LatitudeDegrees>43.1098058167845</LatitudeDegrees>
              <LongitudeDegrees>-2.5872568879276514</LongitudeDegrees>
            </Position>
            <AltitudeMeters>213.0</AltitudeMeters>
            <DistanceMeters>2342.35009765625</DistanceMeters>
            <HeartRateBpm>
              <Value>73</Value>
            </HeartRateBpm>
            <Extensions>
              <ns3:TPX>
                <ns3:Speed>1.9589999914169312</ns3:Speed>
                <ns3:RunCadence>56</ns3:RunCadence>
              </ns3:TPX>
            </Extensions>
          </Trackpoint>
          <Trackpoint>
            <Time>2025-08-03T17:59:16.000Z</Time>
            <Position>
              <LatitudeDegrees>43.10989256948233</LatitudeDegrees>
              <LongitudeDegrees>-2.587324446067214</LongitudeDegrees>
            </Position>
            <AltitudeMeters>213.1999969482422</AltitudeMeters>
            <DistanceMeters>2353.800048828125</DistanceMeters>
            <HeartRateBpm>
              <Value>73</Value>
            </HeartRateBpm>
            <Extensions>
              <ns3:TPX>
                <ns3:Speed>2.0250000953674316</ns3:Speed>
                <ns3:RunCadence>57</ns3:RunCadence>
              </ns3:TPX>
            </Extensions>
          </Trackpoint>
          <Trackpoint>
            <Time>2025-08-03T17:59:18.000Z</Time>
            <Position>
              <LatitudeDegrees>43.10992073267698</LatitudeDegrees>
              <LongitudeDegrees>-2.587337689474225</LongitudeDegrees>
            </Position>
            <AltitudeMeters>213.1999969482422</AltitudeMeters>
            <DistanceMeters>2357.469970703125</DistanceMeters>
            <HeartRateBpm>
              <Value>72</Value>
            </HeartRateBpm>
            <Extensions>
              <ns3:TPX>
                <ns3:Speed>2.015000104904175</ns3:Speed>
                <ns3:RunCadence>57</ns3:RunCadence>
              </ns3:TPX>
            </Extensions>
          </Trackpoint>
          <Trackpoint>
            <Time>2025-08-03T17:59:22.000Z</Time>
            <Position>
              <LatitudeDegrees>43.10997135937214</LatitudeDegrees>
              <LongitudeDegrees>-2.587362499907613</LongitudeDegrees>
            </Position>
            <AltitudeMeters>212.60000610351562</AltitudeMeters>
            <DistanceMeters>2364.6298828125</DistanceMeters>
            <HeartRateBpm>
              <Value>71</Value>
            </HeartRateBpm>
            <Extensions>
              <ns3:TPX>
                <ns3:Speed>2.0250000953674316</ns3:Speed>
                <ns3:RunCadence>57</ns3:RunCadence>
              </ns3:TPX>
            </Extensions>
          </Trackpoint>
          <Trackpoint>
            <Time>2025-08-03T17:59:24.000Z</Time>
            <Position>
              <LatitudeDegrees>43.11000362969935</LatitudeDegrees>
              <LongitudeDegrees>-2.5873699598014355</LongitudeDegrees>
            </Position>
            <AltitudeMeters>212.39999389648438</AltitudeMeters>
            <DistanceMeters>2367.760009765625</DistanceMeters>
            <HeartRateBpm>
              <Value>71</Value>
            </HeartRateBpm>
            <Extensions>
              <ns3:TPX>
                <ns3:Speed>2.015000104904175</ns3:Speed>
                <ns3:RunCadence>57</ns3:RunCadence>
              </ns3:TPX>
            </Extensions>
          </Trackpoint>
          <Trackpoint>
            <Time>2025-08-03T17:59:28.000Z</Time>
            <Position>
              <LatitudeDegrees>43.110087951645255</LatitudeDegrees>
              <LongitudeDegrees>-2.587376246228814</LongitudeDegrees>
            </Position>
            <AltitudeMeters>212.1999969482422</AltitudeMeters>
            <DistanceMeters>2375.090087890625</DistanceMeters>
            <HeartRateBpm>
              <Value>74</Value>
            </HeartRateBpm>
            <Extensions>
              <ns3:TPX>
                <ns3:Speed>1.9869999885559082</ns3:Speed>
                <ns3:RunCadence>57</ns3:RunCadence>
              </ns3:TPX>
            </Extensions>
          </Trackpoint>
          <Trackpoint>
            <Time>2025-08-03T17:59:33.000Z</Time>
            <Position>
              <LatitudeDegrees>43.110168501734734</LatitudeDegrees>
              <LongitudeDegrees>-2.587373983114958</LongitudeDegrees>
            </Position>
            <AltitudeMeters>211.8000030517578</AltitudeMeters>
            <DistanceMeters>2384.60009765625</DistanceMeters>
            <HeartRateBpm>
              <Value>71</Value>
            </HeartRateBpm>
            <Extensions>
              <ns3:TPX>
                <ns3:Speed>1.9869999885559082</ns3:Speed>
                <ns3:RunCadence>58</ns3:RunCadence>
              </ns3:TPX>
            </Extensions>
          </Trackpoint>
          <Trackpoint>
            <Time>2025-08-03T17:59:34.000Z</Time>
            <Position>
              <LatitudeDegrees>43.11018291860819</LatitudeDegrees>
              <LongitudeDegrees>-2.5873723067343235</LongitudeDegrees>
            </Position>
            <AltitudeMeters>211.8000030517578</AltitudeMeters>
            <DistanceMeters>2386.22998046875</DistanceMeters>
            <HeartRateBpm>
              <Value>71</Value>
            </HeartRateBpm>
            <Extensions>
              <ns3:TPX>
                <ns3:Speed>1.9869999885559082</ns3:Speed>
                <ns3:RunCadence>58</ns3:RunCadence>
              </ns3:TPX>
            </Extensions>
          </Trackpoint>
          <Trackpoint>
            <Time>2025-08-03T17:59:41.000Z</Time>
            <Position>
              <LatitudeDegrees>43.11029280535877</LatitudeDegrees>
              <LongitudeDegrees>-2.5873855501413345</LongitudeDegrees>
            </Position>
            <AltitudeMeters>212.1999969482422</AltitudeMeters>
            <DistanceMeters>2398.0</DistanceMeters>
            <HeartRateBpm>
              <Value>71</Value>
            </HeartRateBpm>
            <Extensions>
              <ns3:TPX>
                <ns3:Speed>1.9589999914169312</ns3:Speed>
                <ns3:RunCadence>57</ns3:RunCadence>
              </ns3:TPX>
            </Extensions>
          </Trackpoint>
          <Trackpoint>
            <Time>2025-08-03T17:59:46.000Z</Time>
            <Position>
              <LatitudeDegrees>43.11036178842187</LatitudeDegrees>
              <LongitudeDegrees>-2.5873879808932543</LongitudeDegrees>
            </Position>
            <AltitudeMeters>211.1999969482422</AltitudeMeters>
            <DistanceMeters>2406.77001953125</DistanceMeters>
            <HeartRateBpm>
              <Value>70</Value>
            </HeartRateBpm>
            <Extensions>
              <ns3:TPX>
                <ns3:Speed>1.940999984741211</ns3:Speed>
                <ns3:RunCadence>0</ns3:RunCadence>
              </ns3:TPX>
            </Extensions>
          </Trackpoint>
          <Trackpoint>
            <Time>2025-08-03T17:59:49.000Z</Time>
            <Position>
              <LatitudeDegrees>43.11040143482387</LatitudeDegrees>
              <LongitudeDegrees>-2.587390998378396</LongitudeDegrees>
            </Position>
            <AltitudeMeters>211.0</AltitudeMeters>
            <DistanceMeters>2411.56005859375</DistanceMeters>
            <HeartRateBpm>
              <Value>72</Value>
            </HeartRateBpm>
            <Extensions>
              <ns3:TPX>
                <ns3:Speed>1.902999997138977</ns3:Speed>
                <ns3:RunCadence>0</ns3:RunCadence>
              </ns3:TPX>
            </Extensions>
          </Trackpoint>
          <Trackpoint>
            <Time>2025-08-03T17:59:51.000Z</Time>
            <Position>
              <LatitudeDegrees>43.1104342918843</LatitudeDegrees>
              <LongitudeDegrees>-2.5873838737607002</LongitudeDegrees>
            </Position>
            <AltitudeMeters>211.0</AltitudeMeters>
            <DistanceMeters>2414.64990234375</DistanceMeters>
            <HeartRateBpm>
              <Value>75</Value>
            </HeartRateBpm>
            <Extensions>
              <ns3:TPX>
                <ns3:Speed>1.8849999904632568</ns3:Speed>
                <ns3:RunCadence>0</ns3:RunCadence>
              </ns3:TPX>
            </Extensions>
          </Trackpoint>
          <Trackpoint>
            <Time>2025-08-03T17:59:58.000Z</Time>
            <Position>
              <LatitudeDegrees>43.110561445355415</LatitudeDegrees>
              <LongitudeDegrees>-2.587348585948348</LongitudeDegrees>
            </Position>
            <AltitudeMeters>210.39999389648438</AltitudeMeters>
            <DistanceMeters>2427.85009765625</DistanceMeters>
            <HeartRateBpm>
              <Value>72</Value>
            </HeartRateBpm>
            <Extensions>
              <ns3:TPX>
                <ns3:Speed>1.875</ns3:Speed>
                <ns3:RunCadence>57</ns3:RunCadence>
              </ns3:TPX>
            </Extensions>
          </Trackpoint>
          <Trackpoint>
            <Time>2025-08-03T18:00:00.000Z</Time>
            <Position>
              <LatitudeDegrees>43.110592206940055</LatitudeDegrees>
              <LongitudeDegrees>-2.587350597605109</LongitudeDegrees>
            </Position>
            <AltitudeMeters>210.60000610351562</AltitudeMeters>
            <DistanceMeters>2431.85009765625</DistanceMeters>
            <HeartRateBpm>
              <Value>73</Value>
            </HeartRateBpm>
            <Extensions>
              <ns3:TPX>
                <ns3:Speed>1.8849999904632568</ns3:Speed>
                <ns3:RunCadence>56</ns3:RunCadence>
              </ns3:TPX>
            </Extensions>
          </Trackpoint>
          <Trackpoint>
            <Time>2025-08-03T18:00:07.000Z</Time>
            <Position>
              <LatitudeDegrees>43.110697818920016</LatitudeDegrees>
              <LongitudeDegrees>-2.5873181596398354</LongitudeDegrees>
            </Position>
            <AltitudeMeters>210.8000030517578</AltitudeMeters>
            <DistanceMeters>2445.0</DistanceMeters>
            <HeartRateBpm>
              <Value>76</Value>
            </HeartRateBpm>
            <Extensions>
              <ns3:TPX>
                <ns3:Speed>1.9129999876022339</ns3:Speed>
                <ns3:RunCadence>0</ns3:RunCadence>
              </ns3:TPX>
            </Extensions>
          </Trackpoint>
          <Trackpoint>
            <Time>2025-08-03T18:00:08.000Z</Time>
            <Position>
              <LatitudeDegrees>43.110712906345725</LatitudeDegrees>
              <LongitudeDegrees>-2.587306508794427</LongitudeDegrees>
            </Position>
            <AltitudeMeters>210.60000610351562</AltitudeMeters>
            <DistanceMeters>2446.75</DistanceMeters>
            <HeartRateBpm>
              <Value>76</Value>
            </HeartRateBpm>
            <Extensions>
              <ns3:TPX>
                <ns3:Speed>1.9129999876022339</ns3:Speed>
                <ns3:RunCadence>57</ns3:RunCadence>
              </ns3:TPX>
            </Extensions>
          </Trackpoint>
          <Trackpoint>
            <Time>2025-08-03T18:00:12.000Z</Time>
            <Position>
              <LatitudeDegrees>43.110766718164086</LatitudeDegrees>
              <LongitudeDegrees>-2.5872910860925913</LongitudeDegrees>
            </Position>
            <AltitudeMeters>210.1999969482422</AltitudeMeters>
            <DistanceMeters>2453.860107421875</DistanceMeters>
            <HeartRateBpm>
              <Value>77</Value>
            </HeartRateBpm>
            <Extensions>
              <ns3:TPX>
                <ns3:Speed>1.902999997138977</ns3:Speed>
                <ns3:RunCadence>55</ns3:RunCadence>
              </ns3:TPX>
            </Extensions>
          </Trackpoint>
          <Trackpoint>
            <Time>2025-08-03T18:00:16.000Z</Time>
            <Position>
              <LatitudeDegrees>43.110829750075936</LatitudeDegrees>
              <LongitudeDegrees>-2.5872562173753977</LongitudeDegrees>
            </Position>
            <AltitudeMeters>210.0</AltitudeMeters>
            <DistanceMeters>2461.090087890625</DistanceMeters>
            <HeartRateBpm>
              <Value>75</Value>
            </HeartRateBpm>
            <Extensions>
              <ns3:TPX>
                <ns3:Speed>1.902999997138977</ns3:Speed>
                <ns3:RunCadence>57</ns3:RunCadence>
              </ns3:TPX>
            </Extensions>
          </Trackpoint>
          <Trackpoint>
            <Time>2025-08-03T18:00:24.000Z</Time>
            <Position>
              <LatitudeDegrees>43.11094575561583</LatitudeDegrees>
              <LongitudeDegrees>-2.5872055906802416</LongitudeDegrees>
            </Position>
            <AltitudeMeters>209.39999389648438</AltitudeMeters>
            <DistanceMeters>2473.1298828125</DistanceMeters>
            <HeartRateBpm>
              <Value>76</Value>
            </HeartRateBpm>
            <Extensions>
              <ns3:TPX>
                <ns3:Speed>1.8849999904632568</ns3:Speed>
                <ns3:RunCadence>58</ns3:RunCadence>
              </ns3:TPX>
            </Extensions>
          </Trackpoint>
          <Trackpoint>
            <Time>2025-08-03T18:00:29.000Z</Time>
            <Position>
              <LatitudeDegrees>43.11102228239179</LatitudeDegrees>
              <LongitudeDegrees>-2.5871791876852512</LongitudeDegrees>
            </Position>
            <AltitudeMeters>209.8000030517578</AltitudeMeters>
            <DistanceMeters>2480.8701171875</DistanceMeters>
            <HeartRateBpm>
              <Value>80</Value>
            </HeartRateBpm>
            <Extensions>
              <ns3:TPX>
                <ns3:Speed>1.8289999961853027</ns3:Speed>
                <ns3:RunCadence>57</ns3:RunCadence>
              </ns3:TPX>
            </Extensions>
          </Trackpoint>
          <Trackpoint>
            <Time>2025-08-03T18:00:30.000Z</Time>
            <Position>
              <LatitudeDegrees>43.11103745363653</LatitudeDegrees>
              <LongitudeDegrees>-2.5871699675917625</LongitudeDegrees>
            </Position>
            <AltitudeMeters>209.8000030517578</AltitudeMeters>
            <DistanceMeters>2482.699951171875</DistanceMeters>
            <HeartRateBpm>
              <Value>78</Value>
            </HeartRateBpm>
            <Extensions>
              <ns3:TPX>
                <ns3:Speed>1.819000005722046</ns3:Speed>
                <ns3:RunCadence>58</ns3:RunCadence>
              </ns3:TPX>
            </Extensions>
          </Trackpoint>
          <Trackpoint>
            <Time>2025-08-03T18:00:32.000Z</Time>
            <Position>
              <LatitudeDegrees>43.11105664819479</LatitudeDegrees>
              <LongitudeDegrees>-2.587160412222147</LongitudeDegrees>
            </Position>
            <AltitudeMeters>209.8000030517578</AltitudeMeters>
            <DistanceMeters>2486.1201171875</DistanceMeters>
            <HeartRateBpm>
              <Value>75</Value>
            </HeartRateBpm>
            <Extensions>
              <ns3:TPX>
                <ns3:Speed>1.819000005722046</ns3:Speed>
                <ns3:RunCadence>58</ns3:RunCadence>
              </ns3:TPX>
            </Extensions>
          </Trackpoint>
          <Trackpoint>
            <Time>2025-08-03T18:00:38.000Z</Time>
            <Position>
              <LatitudeDegrees>43.11112211085856</LatitudeDegrees>
              <LongitudeDegrees>-2.5871264655143023</LongitudeDegrees>
            </Position>
            <AltitudeMeters>209.1999969482422</AltitudeMeters>
            <DistanceMeters>2495.7900390625</DistanceMeters>
            <HeartRateBpm>
              <Value>75</Value>
            </HeartRateBpm>
            <Extensions>
              <ns3:TPX>
                <ns3:Speed>1.7910000085830688</ns3:Speed>
                <ns3:RunCadence>57</ns3:RunCadence>
              </ns3:TPX>
            </Extensions>
          </Trackpoint>
          <Trackpoint>
            <Time>2025-08-03T18:00:39.000Z</Time>
            <Position>
              <LatitudeDegrees>43.11113686300814</LatitudeDegrees>
              <LongitudeDegrees>-2.5871205143630505</LongitudeDegrees>
            </Position>
            <AltitudeMeters>209.0</AltitudeMeters>
            <DistanceMeters>2497.830078125</DistanceMeters>
            <HeartRateBpm>
              <Value>76</Value>
            </HeartRateBpm>
            <Extensions>
              <ns3:TPX>
                <ns3:Speed>1.7910000085830688</ns3:Speed>
                <ns3:RunCadence>57</ns3:RunCadence>
              </ns3:TPX>
            </Extensions>
          </Trackpoint>
          <Trackpoint>
            <Time>2025-08-03T18:00:48.000Z</Time>
            <Position>
              <LatitudeDegrees>43.111263345927</LatitudeDegrees>
              <LongitudeDegrees>-2.587052369490266</LongitudeDegrees>
            </Position>
            <AltitudeMeters>209.0</AltitudeMeters>
            <DistanceMeters>2512.93994140625</DistanceMeters>
            <HeartRateBpm>
              <Value>76</Value>
            </HeartRateBpm>
            <Extensions>
              <ns3:TPX>
                <ns3:Speed>1.781999945640564</ns3:Speed>
                <ns3:RunCadence>55</ns3:RunCadence>
              </ns3:TPX>
            </Extensions>
          </Trackpoint>
          <Trackpoint>
            <Time>2025-08-03T18:00:50.000Z</Time>
            <Position>
              <LatitudeDegrees>43.11129201203585</LatitudeDegrees>
              <LongitudeDegrees>-2.5870394613593817</LongitudeDegrees>
            </Position>
            <AltitudeMeters>208.8000030517578</AltitudeMeters>
            <DistanceMeters>2514.2900390625</DistanceMeters>
            <HeartRateBpm>
              <Value>72</Value>
            </HeartRateBpm>
            <Extensions>
              <ns3:TPX>
                <ns3:Speed>1.6419999599456787</ns3:Speed>
                <ns3:RunCadence>55</ns3:RunCadence>
              </ns3:TPX>
            </Extensions>
          </Trackpoint>
          <Trackpoint>
            <Time>2025-08-03T18:00:51.000Z</Time>
            <Position>
              <LatitudeDegrees>43.11130785383284</LatitudeDegrees>
              <LongitudeDegrees>-2.587031750008464</LongitudeDegrees>
            </Position>
            <AltitudeMeters>208.60000610351562</AltitudeMeters>
            <DistanceMeters>2515.179931640625</DistanceMeters>
            <HeartRateBpm>
              <Value>72</Value>
            </HeartRateBpm>
            <Extensions>
              <ns3:TPX>
                <ns3:Speed>1.5299999713897705</ns3:Speed>
                <ns3:RunCadence>57</ns3:RunCadence>
              </ns3:TPX>
            </Extensions>
          </Trackpoint>
          <Trackpoint>
            <Time>2025-08-03T18:00:54.000Z</Time>
            <Position>
              <LatitudeDegrees>43.111362252384424</LatitudeDegrees>
              <LongitudeDegrees>-2.586992187425494</LongitudeDegrees>
            </Position>
            <AltitudeMeters>208.39999389648438</AltitudeMeters>
            <DistanceMeters>2520.929931640625</DistanceMeters>
            <HeartRateBpm>
              <Value>67</Value>
            </HeartRateBpm>
            <Extensions>
              <ns3:TPX>
                <ns3:Speed>1.5399999618530273</ns3:Speed>
                <ns3:RunCadence>58</ns3:RunCadence>
              </ns3:TPX>
            </Extensions>
          </Trackpoint>
          <Trackpoint>
            <Time>2025-08-03T18:00:55.000Z</Time>
            <Position>
              <LatitudeDegrees>43.11137482523918</LatitudeDegrees>
              <LongitudeDegrees>-2.586984308436513</LongitudeDegrees>
            </Position>
            <AltitudeMeters>208.39999389648438</AltitudeMeters>
            <DistanceMeters>2523.169921875</DistanceMeters>
            <HeartRateBpm>
              <Value>66</Value>
            </HeartRateBpm>
            <Extensions>
              <ns3:TPX>
                <ns3:Speed>1.6239999532699585</ns3:Speed>
                <ns3:RunCadence>58</ns3:RunCadence>
              </ns3:TPX>
            </Extensions>
          </Trackpoint>
          <Trackpoint>
            <Time>2025-08-03T18:01:02.000Z</Time>
            <Position>
              <LatitudeDegrees>43.11148521490395</LatitudeDegrees>
              <LongitudeDegrees>-2.5869364477694035</LongitudeDegrees>
            </Position>
            <AltitudeMeters>208.8000030517578</AltitudeMeters>
            <DistanceMeters>2535.280029296875</DistanceMeters>
            <HeartRateBpm>
              <Value>67</Value>
            </HeartRateBpm>
            <Extensions>
              <ns3:TPX>
                <ns3:Speed>1.5770000219345093</ns3:Speed>
                <ns3:RunCadence>57</ns3:RunCadence>
              </ns3:TPX>
            </Extensions>
          </Trackpoint>
          <Trackpoint>
            <Time>2025-08-03T18:01:07.000Z</Time>
            <Position>
              <LatitudeDegrees>43.11156827956438</LatitudeDegrees>
              <LongitudeDegrees>-2.5869128108024597</LongitudeDegrees>
            </Position>
            <AltitudeMeters>208.39999389648438</AltitudeMeters>
            <DistanceMeters>2544.0</DistanceMeters>
            <HeartRateBpm>
              <Value>64</Value>
            </HeartRateBpm>
            <Extensions>
              <ns3:TPX>
                <ns3:Speed>1.5770000219345093</ns3:Speed>
                <ns3:RunCadence>57</ns3:RunCadence>
              </ns3:TPX>
            </Extensions>
          </Trackpoint>
          <Trackpoint>
            <Time>2025-08-03T18:01:09.000Z</Time>
            <Position>
              <LatitudeDegrees>43.1116000469774</LatitudeDegrees>
              <LongitudeDegrees>-2.5869066081941128</LongitudeDegrees>
            </Position>
            <AltitudeMeters>208.1999969482422</AltitudeMeters>
            <DistanceMeters>2548.070068359375</DistanceMeters>
            <HeartRateBpm>
              <Value>64</Value>
            </HeartRateBpm>
            <Extensions>
              <ns3:TPX>
                <ns3:Speed>1.6050000190734863</ns3:Speed>
                <ns3:RunCadence>57</ns3:RunCadence>
              </ns3:TPX>
            </Extensions>
          </Trackpoint>
          <Trackpoint>
            <Time>2025-08-03T18:01:13.000Z</Time>
            <Position>
              <LatitudeDegrees>43.11164790764451</LatitudeDegrees>
              <LongitudeDegrees>-2.586867967620492</LongitudeDegrees>
            </Position>
            <AltitudeMeters>208.0</AltitudeMeters>
            <DistanceMeters>2555.050048828125</DistanceMeters>
            <HeartRateBpm>
              <Value>65</Value>
            </HeartRateBpm>
            <Extensions>
              <ns3:TPX>
                <ns3:Speed>1.6519999504089355</ns3:Speed>
                <ns3:RunCadence>57</ns3:RunCadence>
              </ns3:TPX>
            </Extensions>
          </Trackpoint>
          <Trackpoint>
            <Time>2025-08-03T18:01:15.000Z</Time>
            <Position>
              <LatitudeDegrees>43.111662743613124</LatitudeDegrees>
              <LongitudeDegrees>-2.5868469290435314</LongitudeDegrees>
            </Position>
            <AltitudeMeters>208.0</AltitudeMeters>
            <DistanceMeters>2558.239990234375</DistanceMeters>
            <HeartRateBpm>
              <Value>65</Value>
            </HeartRateBpm>
            <Extensions>
              <ns3:TPX>
                <ns3:Speed>1.6419999599456787</ns3:Speed>
                <ns3:RunCadence>57</ns3:RunCadence>
              </ns3:TPX>
            </Extensions>
          </Trackpoint>
          <Trackpoint>
            <Time>2025-08-03T18:01:16.000Z</Time>
            <Position>
              <LatitudeDegrees>43.11166978441179</LatitudeDegrees>
              <LongitudeDegrees>-2.586840558797121</LongitudeDegrees>
            </Position>
            <AltitudeMeters>207.8000030517578</AltitudeMeters>
            <DistanceMeters>2559.659912109375</DistanceMeters>
            <HeartRateBpm>
              <Value>61</Value>
            </HeartRateBpm>
            <Extensions>
              <ns3:TPX>
                <ns3:Speed>1.6419999599456787</ns3:Speed>
                <ns3:RunCadence>57</ns3:RunCadence>
              </ns3:TPX>
            </Extensions>
          </Trackpoint>
          <Trackpoint>
            <Time>2025-08-03T18:01:17.000Z</Time>
            <Position>
              <LatitudeDegrees>43.11167816631496</LatitudeDegrees>
              <LongitudeDegrees>-2.5868330989032984</LongitudeDegrees>
            </Position>
            <AltitudeMeters>207.8000030517578</AltitudeMeters>
            <DistanceMeters>2560.909912109375</DistanceMeters>
            <HeartRateBpm>
              <Value>64</Value>
            </HeartRateBpm>
            <Extensions>
              <ns3:TPX>
                <ns3:Speed>1.6330000162124634</ns3:Speed>
                <ns3:RunCadence>57</ns3:RunCadence>
              </ns3:TPX>
            </Extensions>
          </Trackpoint>
          <Trackpoint>
            <Time>2025-08-03T18:01:20.000Z</Time>
            <Position>
              <LatitudeDegrees>43.111709263175726</LatitudeDegrees>
              <LongitudeDegrees>-2.586809881031513</LongitudeDegrees>
            </Position>
            <AltitudeMeters>207.60000610351562</AltitudeMeters>
            <DistanceMeters>2564.530029296875</DistanceMeters>
            <HeartRateBpm>
              <Value>63</Value>
            </HeartRateBpm>
            <Extensions>
              <ns3:TPX>
                <ns3:Speed>1.5579999685287476</ns3:Speed>
                <ns3:RunCadence>57</ns3:RunCadence>
              </ns3:TPX>
            </Extensions>
          </Trackpoint>
          <Trackpoint>
            <Time>2025-08-03T18:01:22.000Z</Time>
            <Position>
              <LatitudeDegrees>43.11173491179943</LatitudeDegrees>
              <LongitudeDegrees>-2.586797894909978</LongitudeDegrees>
            </Position>
            <AltitudeMeters>207.60000610351562</AltitudeMeters>
            <DistanceMeters>2567.260009765625</DistanceMeters>
            <HeartRateBpm>
              <Value>65</Value>
            </HeartRateBpm>
            <Extensions>
              <ns3:TPX>
                <ns3:Speed>1.5210000276565552</ns3:Speed>
                <ns3:RunCadence>57</ns3:RunCadence>
              </ns3:TPX>
            </Extensions>
          </Trackpoint>
          <Trackpoint>
            <Time>2025-08-03T18:01:24.000Z</Time>
            <Position>
              <LatitudeDegrees>43.111761985346675</LatitudeDegrees>
              <LongitudeDegrees>-2.5867935363203287</LongitudeDegrees>
            </Position>
            <AltitudeMeters>207.60000610351562</AltitudeMeters>
            <DistanceMeters>2569.18994140625</DistanceMeters>
            <HeartRateBpm>
              <Value>70</Value>
            </HeartRateBpm>
            <Extensions>
              <ns3:TPX>
                <ns3:Speed>1.5019999742507935</ns3:Speed>
                <ns3:RunCadence>58</ns3:RunCadence>
              </ns3:TPX>
            </Extensions>
          </Trackpoint>
          <Trackpoint>
            <Time>2025-08-03T18:01:25.000Z</Time>
            <Position>
              <LatitudeDegrees>43.11177531257272</LatitudeDegrees>
              <LongitudeDegrees>-2.586786914616823</LongitudeDegrees>
            </Position>
            <AltitudeMeters>207.60000610351562</AltitudeMeters>
            <DistanceMeters>2570.260009765625</DistanceMeters>
            <HeartRateBpm>
              <Value>70</Value>
            </HeartRateBpm>
            <Extensions>
              <ns3:TPX>
                <ns3:Speed>1.4459999799728394</ns3:Speed>
                <ns3:RunCadence>58</ns3:RunCadence>
              </ns3:TPX>
            </Extensions>
          </Trackpoint>
          <Trackpoint>
            <Time>2025-08-03T18:01:27.000Z</Time>
            <Position>
              <LatitudeDegrees>43.11180330812931</LatitudeDegrees>
              <LongitudeDegrees>-2.58676671423018</LongitudeDegrees>
            </Position>
            <AltitudeMeters>207.39999389648438</AltitudeMeters>
            <DistanceMeters>2572.860107421875</DistanceMeters>
            <HeartRateBpm>
              <Value>70</Value>
            </HeartRateBpm>
            <Extensions>
              <ns3:TPX>
                <ns3:Speed>1.371999979019165</ns3:Speed>
                <ns3:RunCadence>0</ns3:RunCadence>
              </ns3:TPX>
            </Extensions>
          </Trackpoint>
          <Trackpoint>
            <Time>2025-08-03T18:01:29.000Z</Time>
            <Position>
              <LatitudeDegrees>43.11184387654066</LatitudeDegrees>
              <LongitudeDegrees>-2.5867464300245047</LongitudeDegrees>
            </Position>
            <AltitudeMeters>207.39999389648438</AltitudeMeters>
            <DistanceMeters>2577.010009765625</DistanceMeters>
            <HeartRateBpm>
              <Value>72</Value>
            </HeartRateBpm>
            <Extensions>
              <ns3:TPX>
                <ns3:Speed>1.371999979019165</ns3:Speed>
                <ns3:RunCadence>59</ns3:RunCadence>
              </ns3:TPX>
            </Extensions>
          </Trackpoint>
          <Trackpoint>
            <Time>2025-08-03T18:01:31.000Z</Time>
            <Position>
              <LatitudeDegrees>43.111880170181394</LatitudeDegrees>
              <LongitudeDegrees>-2.5867234636098146</LongitudeDegrees>
            </Position>
            <AltitudeMeters>207.0</AltitudeMeters>
            <DistanceMeters>2579.969970703125</DistanceMeters>
            <HeartRateBpm>
              <Value>74</Value>
            </HeartRateBpm>
            <Extensions>
              <ns3:TPX>
                <ns3:Speed>1.399999976158142</ns3:Speed>
                <ns3:RunCadence>60</ns3:RunCadence>
              </ns3:TPX>
            </Extensions>
          </Trackpoint>
          <Trackpoint>
            <Time>2025-08-03T18:01:32.000Z</Time>
            <Position>
              <LatitudeDegrees>43.11189500615001</LatitudeDegrees>
              <LongitudeDegrees>-2.5867166742682457</LongitudeDegrees>
            </Position>
            <AltitudeMeters>206.8000030517578</AltitudeMeters>
            <DistanceMeters>2582.14990234375</DistanceMeters>
            <HeartRateBpm>
              <Value>72</Value>
            </HeartRateBpm>
            <Extensions>
              <ns3:TPX>
                <ns3:Speed>1.399999976158142</ns3:Speed>
                <ns3:RunCadence>60</ns3:RunCadence>
              </ns3:TPX>
            </Extensions>
          </Trackpoint>
          <Trackpoint>
            <Time>2025-08-03T18:01:35.000Z</Time>
            <Position>
              <LatitudeDegrees>43.11193314380944</LatitudeDegrees>
              <LongitudeDegrees>-2.586685074493289</LongitudeDegrees>
            </Position>
            <AltitudeMeters>206.8000030517578</AltitudeMeters>
            <DistanceMeters>2587.909912109375</DistanceMeters>
            <HeartRateBpm>
              <Value>73</Value>
            </HeartRateBpm>
            <Extensions>
              <ns3:TPX>
                <ns3:Speed>1.4179999828338623</ns3:Speed>
                <ns3:RunCadence>57</ns3:RunCadence>
              </ns3:TPX>
            </Extensions>
          </Trackpoint>
          <Trackpoint>
            <Time>2025-08-03T18:01:42.000Z</Time>
            <Position>
              <LatitudeDegrees>43.112050322815776</LatitudeDegrees>
              <LongitudeDegrees>-2.586648194119334</LongitudeDegrees>
            </Position>
            <AltitudeMeters>206.60000610351562</AltitudeMeters>
            <DistanceMeters>2601.9599609375</DistanceMeters>
            <HeartRateBpm>
              <Value>70</Value>
            </HeartRateBpm>
            <Extensions>
              <ns3:TPX>
                <ns3:Speed>1.5399999618530273</ns3:Speed>
                <ns3:RunCadence>57</ns3:RunCadence>
              </ns3:TPX>
            </Extensions>
          </Trackpoint>
          <Trackpoint>
            <Time>2025-08-03T18:01:50.000Z</Time>
            <Position>
              <LatitudeDegrees>43.11216247268021</LatitudeDegrees>
              <LongitudeDegrees>-2.5865933764725924</LongitudeDegrees>
            </Position>
            <AltitudeMeters>207.0</AltitudeMeters>
            <DistanceMeters>2616.070068359375</DistanceMeters>
            <HeartRateBpm>
              <Value>72</Value>
            </HeartRateBpm>
            <Extensions>
              <ns3:TPX>
                <ns3:Speed>1.5299999713897705</ns3:Speed>
                <ns3:RunCadence>57</ns3:RunCadence>
              </ns3:TPX>
            </Extensions>
          </Trackpoint>
          <Trackpoint>
            <Time>2025-08-03T18:01:57.000Z</Time>
            <Position>
              <LatitudeDegrees>43.112270683050156</LatitudeDegrees>
              <LongitudeDegrees>-2.586544342339039</LongitudeDegrees>
            </Position>
            <AltitudeMeters>207.60000610351562</AltitudeMeters>
            <DistanceMeters>2630.389892578125</DistanceMeters>
            <HeartRateBpm>
              <Value>73</Value>
            </HeartRateBpm>
            <Extensions>
              <ns3:TPX>
                <ns3:Speed>1.6890000104904175</ns3:Speed>
                <ns3:RunCadence>57</ns3:RunCadence>
              </ns3:TPX>
            </Extensions>
          </Trackpoint>
          <Trackpoint>
            <Time>2025-08-03T18:01:59.000Z</Time>
            <Position>
              <LatitudeDegrees>43.112298510968685</LatitudeDegrees>
              <LongitudeDegrees>-2.586531601846218</LongitudeDegrees>
            </Position>
            <AltitudeMeters>207.60000610351562</AltitudeMeters>
            <DistanceMeters>2633.780029296875</DistanceMeters>
            <HeartRateBpm>
              <Value>70</Value>
            </HeartRateBpm>
            <Extensions>
              <ns3:TPX>
                <ns3:Speed>1.6610000133514404</ns3:Speed>
                <ns3:RunCadence>56</ns3:RunCadence>
              </ns3:TPX>
            </Extensions>
          </Trackpoint>
          <Trackpoint>
            <Time>2025-08-03T18:02:03.000Z</Time>
            <Position>
              <LatitudeDegrees>43.112352322787046</LatitudeDegrees>
              <LongitudeDegrees>-2.5865016784518957</LongitudeDegrees>
            </Position>
            <AltitudeMeters>207.0</AltitudeMeters>
            <DistanceMeters>2641.830078125</DistanceMeters>
            <HeartRateBpm>
              <Value>68</Value>
            </HeartRateBpm>
            <Extensions>
              <ns3:TPX>
                <ns3:Speed>1.7079999446868896</ns3:Speed>
                <ns3:RunCadence>57</ns3:RunCadence>
              </ns3:TPX>
            </Extensions>
          </Trackpoint>
          <Trackpoint>
            <Time>2025-08-03T18:02:09.000Z</Time>
            <Position>
              <LatitudeDegrees>43.112444607540965</LatitudeDegrees>
              <LongitudeDegrees>-2.586479801684618</LongitudeDegrees>
            </Position>
            <AltitudeMeters>207.0</AltitudeMeters>
            <DistanceMeters>2650.929931640625</DistanceMeters>
            <HeartRateBpm>
              <Value>70</Value>
            </HeartRateBpm>
            <Extensions>
              <ns3:TPX>
                <ns3:Speed>1.6610000133514404</ns3:Speed>
                <ns3:RunCadence>57</ns3:RunCadence>
              </ns3:TPX>
            </Extensions>
          </Trackpoint>
          <Trackpoint>
            <Time>2025-08-03T18:02:10.000Z</Time>
            <AltitudeMeters>207.0</AltitudeMeters>
            <DistanceMeters>2652.5</DistanceMeters>
            <HeartRateBpm>
              <Value>71</Value>
            </HeartRateBpm>
            <Extensions>
              <ns3:TPX>
                <ns3:Speed>1.6610000133514404</ns3:Speed>
                <ns3:RunCadence>57</ns3:RunCadence>
              </ns3:TPX>
            </Extensions>
          </Trackpoint>
          <Trackpoint>
            <Time>2025-08-03T18:02:15.000Z</Time>
            <Position>
              <LatitudeDegrees>43.112520379945636</LatitudeDegrees>
              <LongitudeDegrees>-2.5864537339657545</LongitudeDegrees>
            </Position>
            <AltitudeMeters>206.8000030517578</AltitudeMeters>
            <DistanceMeters>2658.610107421875</DistanceMeters>
            <HeartRateBpm>
              <Value>71</Value>
            </HeartRateBpm>
            <Extensions>
              <ns3:TPX>
                <ns3:Speed>1.6050000190734863</ns3:Speed>
                <ns3:RunCadence>56</ns3:RunCadence>
              </ns3:TPX>
            </Extensions>
          </Trackpoint>
          <Trackpoint>
            <Time>2025-08-03T18:02:17.000Z</Time>
            <Position>
              <LatitudeDegrees>43.112546280026436</LatitudeDegrees>
              <LongitudeDegrees>-2.586436467245221</LongitudeDegrees>
            </Position>
            <AltitudeMeters>206.8000030517578</AltitudeMeters>
            <DistanceMeters>2661.64990234375</DistanceMeters>
            <HeartRateBpm>
              <Value>71</Value>
            </HeartRateBpm>
            <Extensions>
              <ns3:TPX>
                <ns3:Speed>1.4930000305175781</ns3:Speed>
                <ns3:RunCadence>57</ns3:RunCadence>
              </ns3:TPX>
            </Extensions>
          </Trackpoint>
          <Trackpoint>
            <Time>2025-08-03T18:02:19.000Z</Time>
            <Position>
              <LatitudeDegrees>43.112575532868505</LatitudeDegrees>
              <LongitudeDegrees>-2.586427079513669</LongitudeDegrees>
            </Position>
            <AltitudeMeters>206.8000030517578</AltitudeMeters>
            <DistanceMeters>2664.719970703125</DistanceMeters>
            <HeartRateBpm>
              <Value>68</Value>
            </HeartRateBpm>
            <Extensions>
              <ns3:TPX>
                <ns3:Speed>1.465000033378601</ns3:Speed>
                <ns3:RunCadence>57</ns3:RunCadence>
              </ns3:TPX>
            </Extensions>
          </Trackpoint>
          <Trackpoint>
            <Time>2025-08-03T18:02:21.000Z</Time>
            <Position>
              <LatitudeDegrees>43.11260721646249</LatitudeDegrees>
              <LongitudeDegrees>-2.586410064250231</LongitudeDegrees>
            </Position>
            <AltitudeMeters>206.8000030517578</AltitudeMeters>
            <DistanceMeters>2668.050048828125</DistanceMeters>
            <HeartRateBpm>
              <Value>69</Value>
            </HeartRateBpm>
            <Extensions>
              <ns3:TPX>
                <ns3:Speed>1.4739999771118164</ns3:Speed>
                <ns3:RunCadence>57</ns3:RunCadence>
              </ns3:TPX>
            </Extensions>
          </Trackpoint>
          <Trackpoint>
            <Time>2025-08-03T18:02:23.000Z</Time>
            <Position>
              <LatitudeDegrees>43.11264183372259</LatitudeDegrees>
              <LongitudeDegrees>-2.586375279352069</LongitudeDegrees>
            </Position>
            <AltitudeMeters>206.60000610351562</AltitudeMeters>
            <DistanceMeters>2672.43994140625</DistanceMeters>
            <HeartRateBpm>
              <Value>70</Value>
            </HeartRateBpm>
            <Extensions>
              <ns3:TPX>
                <ns3:Speed>1.4739999771118164</ns3:Speed>
                <ns3:RunCadence>57</ns3:RunCadence>
              </ns3:TPX>
            </Extensions>
          </Trackpoint>
          <Trackpoint>
            <Time>2025-08-03T18:02:29.000Z</Time>
            <Position>
              <LatitudeDegrees>43.112725568935275</LatitudeDegrees>
              <LongitudeDegrees>-2.58633672259748</LongitudeDegrees>
            </Position>
            <AltitudeMeters>206.0</AltitudeMeters>
            <DistanceMeters>2683.77001953125</DistanceMeters>
            <HeartRateBpm>
              <Value>70</Value>
            </HeartRateBpm>
            <Extensions>
              <ns3:TPX>
                <ns3:Speed>1.5210000276565552</ns3:Speed>
                <ns3:RunCadence>57</ns3:RunCadence>
              </ns3:TPX>
            </Extensions>
          </Trackpoint>
          <Trackpoint>
            <Time>2025-08-03T18:02:30.000Z</Time>
            <Position>
              <LatitudeDegrees>43.112735794857144</LatitudeDegrees>
              <LongitudeDegrees>-2.586336387321353</LongitudeDegrees>
            </Position>
            <AltitudeMeters>206.0</AltitudeMeters>
            <DistanceMeters>2685.5</DistanceMeters>
            <HeartRateBpm>
              <Value>71</Value>
            </HeartRateBpm>
            <Extensions>
              <ns3:TPX>
                <ns3:Speed>1.5299999713897705</ns3:Speed>
                <ns3:RunCadence>57</ns3:RunCadence>
              </ns3:TPX>
            </Extensions>
          </Trackpoint>
          <Trackpoint>
            <Time>2025-08-03T18:02:32.000Z</Time>
            <Position>
              <LatitudeDegrees>43.11274627223611</LatitudeDegrees>
              <LongitudeDegrees>-2.586334627121687</LongitudeDegrees>
            </Position>
            <AltitudeMeters>206.0</AltitudeMeters>
            <DistanceMeters>2687.14990234375</DistanceMeters>
            <HeartRateBpm>
              <Value>73</Value>
            </HeartRateBpm>
            <Extensions>
              <ns3:TPX>
                <ns3:Speed>1.5399999618530273</ns3:Speed>
                <ns3:RunCadence>55</ns3:RunCadence>
              </ns3:TPX>
            </Extensions>
          </Trackpoint>
          <Trackpoint>
            <Time>2025-08-03T18:02:34.000Z</Time>
            <Position>
              <LatitudeDegrees>43.11276135966182</LatitudeDegrees>
              <LongitudeDegrees>-2.5863140914589167</LongitudeDegrees>
            </Position>
            <AltitudeMeters>205.60000610351562</AltitudeMeters>
            <DistanceMeters>2689.090087890625</DistanceMeters>
            <HeartRateBpm>
              <Value>75</Value>
            </HeartRateBpm>
            <Extensions>
              <ns3:TPX>
                <ns3:Speed>1.5210000276565552</ns3:Speed>
                <ns3:RunCadence>57</ns3:RunCadence>
              </ns3:TPX>
            </Extensions>
          </Trackpoint>
          <Trackpoint>
            <Time>2025-08-03T18:02:35.000Z</Time>
            <Position>
              <LatitudeDegrees>43.112772507593036</LatitudeDegrees>
              <LongitudeDegrees>-2.5863047875463963</LongitudeDegrees>
            </Position>
            <AltitudeMeters>205.60000610351562</AltitudeMeters>
            <DistanceMeters>2690.219970703125</DistanceMeters>
            <HeartRateBpm>
              <Value>75</Value>
            </HeartRateBpm>
            <Extensions>
              <ns3:TPX>
                <ns3:Speed>1.5019999742507935</ns3:Speed>
                <ns3:RunCadence>57</ns3:RunCadence>
              </ns3:TPX>
            </Extensions>
          </Trackpoint>
          <Trackpoint>
            <Time>2025-08-03T18:02:36.000Z</Time>
            <Position>
              <LatitudeDegrees>43.11278692446649</LatitudeDegrees>
              <LongitudeDegrees>-2.586293052881956</LongitudeDegrees>
            </Position>
            <AltitudeMeters>205.60000610351562</AltitudeMeters>
            <DistanceMeters>2691.679931640625</DistanceMeters>
            <HeartRateBpm>
              <Value>79</Value>
            </HeartRateBpm>
            <Extensions>
              <ns3:TPX>
                <ns3:Speed>1.4739999771118164</ns3:Speed>
                <ns3:RunCadence>57</ns3:RunCadence>
              </ns3:TPX>
            </Extensions>
          </Trackpoint>
          <Trackpoint>
            <Time>2025-08-03T18:02:37.000Z</Time>
            <Position>
              <LatitudeDegrees>43.112800838425756</LatitudeDegrees>
              <LongitudeDegrees>-2.5862814020365477</LongitudeDegrees>
            </Position>
            <AltitudeMeters>205.39999389648438</AltitudeMeters>
            <DistanceMeters>2693.090087890625</DistanceMeters>
            <HeartRateBpm>
              <Value>78</Value>
            </HeartRateBpm>
            <Extensions>
              <ns3:TPX>
                <ns3:Speed>1.465000033378601</ns3:Speed>
                <ns3:RunCadence>57</ns3:RunCadence>
              </ns3:TPX>
            </Extensions>
          </Trackpoint>
          <Trackpoint>
            <Time>2025-08-03T18:02:38.000Z</Time>
            <AltitudeMeters>205.39999389648438</AltitudeMeters>
            <DistanceMeters>2694.739990234375</DistanceMeters>
            <HeartRateBpm>
              <Value>79</Value>
            </HeartRateBpm>
            <Extensions>
              <ns3:TPX>
                <ns3:Speed>1.465000033378601</ns3:Speed>
                <ns3:RunCadence>57</ns3:RunCadence>
              </ns3:TPX>
            </Extensions>
          </Trackpoint>
          <Trackpoint>
            <Time>2025-08-03T18:04:43.000Z</Time>
            <Position>
              <LatitudeDegrees>43.11389300040901</LatitudeDegrees>
              <LongitudeDegrees>-2.5857227481901646</LongitudeDegrees>
            </Position>
            <AltitudeMeters>202.60000610351562</AltitudeMeters>
            <DistanceMeters>2696.47998046875</DistanceMeters>
            <HeartRateBpm>
              <Value>84</Value>
            </HeartRateBpm>
            <Extensions>
              <ns3:TPX>
                <ns3:Speed>1.4459999799728394</ns3:Speed>
                <ns3:RunCadence>0</ns3:RunCadence>
              </ns3:TPX>
            </Extensions>
          </Trackpoint>
          <Trackpoint>
            <Time>2025-08-03T18:04:44.000Z</Time>
            <Position>
              <LatitudeDegrees>43.11390783637762</LatitudeDegrees>
              <LongitudeDegrees>-2.58571470156312</LongitudeDegrees>
            </Position>
            <AltitudeMeters>202.39999389648438</AltitudeMeters>
            <DistanceMeters>2699.0</DistanceMeters>
            <HeartRateBpm>
              <Value>83</Value>
            </HeartRateBpm>
            <Extensions>
              <ns3:TPX>
                <ns3:Speed>1.465000033378601</ns3:Speed>
                <ns3:RunCadence>0</ns3:RunCadence>
              </ns3:TPX>
            </Extensions>
          </Trackpoint>
          <Trackpoint>
            <Time>2025-08-03T18:04:45.000Z</Time>
            <Position>
              <LatitudeDegrees>43.113924684002995</LatitudeDegrees>
              <LongitudeDegrees>-2.5857074931263924</LongitudeDegrees>
            </Position>
            <AltitudeMeters>202.1999969482422</AltitudeMeters>
            <DistanceMeters>2700.8701171875</DistanceMeters>
            <HeartRateBpm>
              <Value>83</Value>
            </HeartRateBpm>
            <Extensions>
              <ns3:TPX>
                <ns3:Speed>1.465000033378601</ns3:Speed>
                <ns3:RunCadence>0</ns3:RunCadence>
              </ns3:TPX>
            </Extensions>
          </Trackpoint>
          <Trackpoint>
            <Time>2025-08-03T18:04:47.000Z</Time>
            <Position>
              <LatitudeDegrees>43.11394899152219</LatitudeDegrees>
              <LongitudeDegrees>-2.585692321881652</LongitudeDegrees>
            </Position>
            <AltitudeMeters>202.1999969482422</AltitudeMeters>
            <DistanceMeters>2704.5</DistanceMeters>
            <HeartRateBpm>
              <Value>87</Value>
            </HeartRateBpm>
            <Extensions>
              <ns3:TPX>
                <ns3:Speed>1.5679999589920044</ns3:Speed>
                <ns3:RunCadence>0</ns3:RunCadence>
              </ns3:TPX>
            </Extensions>
          </Trackpoint>
          <Trackpoint>
            <Time>2025-08-03T18:04:49.000Z</Time>
            <Position>
              <LatitudeDegrees>43.11397950164974</LatitudeDegrees>
              <LongitudeDegrees>-2.585681341588497</LongitudeDegrees>
            </Position>
            <AltitudeMeters>202.1999969482422</AltitudeMeters>
            <DistanceMeters>2707.389892578125</DistanceMeters>
            <HeartRateBpm>
              <Value>83</Value>
            </HeartRateBpm>
            <Extensions>
              <ns3:TPX>
                <ns3:Speed>1.184999942779541</ns3:Speed>
                <ns3:RunCadence>0</ns3:RunCadence>
              </ns3:TPX>
            </Extensions>
          </Trackpoint>
          <Trackpoint>
            <Time>2025-08-03T18:04:50.000Z</Time>
            <Position>
              <LatitudeDegrees>43.113991152495146</LatitudeDegrees>
              <LongitudeDegrees>-2.5856753066182137</LongitudeDegrees>
            </Position>
            <AltitudeMeters>202.39999389648438</AltitudeMeters>
            <DistanceMeters>2709.02001953125</DistanceMeters>
            <HeartRateBpm>
              <Value>86</Value>
            </HeartRateBpm>
            <Extensions>
              <ns3:TPX>
                <ns3:Speed>1.184999942779541</ns3:Speed>
                <ns3:RunCadence>0</ns3:RunCadence>
              </ns3:TPX>
            </Extensions>
          </Trackpoint>
          <Trackpoint>
            <Time>2025-08-03T18:04:52.000Z</Time>
            <Position>
              <LatitudeDegrees>43.114017555490136</LatitudeDegrees>
              <LongitudeDegrees>-2.5856604706496</LongitudeDegrees>
            </Position>
            <AltitudeMeters>202.39999389648438</AltitudeMeters>
            <DistanceMeters>2711.139892578125</DistanceMeters>
            <HeartRateBpm>
              <Value>84</Value>
            </HeartRateBpm>
            <Extensions>
              <ns3:TPX>
                <ns3:Speed>1.2599999904632568</ns3:Speed>
                <ns3:RunCadence>57</ns3:RunCadence>
              </ns3:TPX>
            </Extensions>
          </Trackpoint>
          <Trackpoint>
            <Time>2025-08-03T18:04:58.000Z</Time>
            <Position>
              <LatitudeDegrees>43.114088298752904</LatitudeDegrees>
              <LongitudeDegrees>-2.5856224168092012</LongitudeDegrees>
            </Position>
            <AltitudeMeters>202.1999969482422</AltitudeMeters>
            <DistanceMeters>2719.75</DistanceMeters>
            <HeartRateBpm>
              <Value>87</Value>
            </HeartRateBpm>
            <Extensions>
              <ns3:TPX>
                <ns3:Speed>1.1759999990463257</ns3:Speed>
                <ns3:RunCadence>57</ns3:RunCadence>
              </ns3:TPX>
            </Extensions>
          </Trackpoint>
          <Trackpoint>
            <Time>2025-08-03T18:04:59.000Z</Time>
            <Position>
              <LatitudeDegrees>43.114103972911835</LatitudeDegrees>
              <LongitudeDegrees>-2.5856137834489346</LongitudeDegrees>
            </Position>
            <AltitudeMeters>202.0</AltitudeMeters>
            <DistanceMeters>2721.080078125</DistanceMeters>
            <HeartRateBpm>
              <Value>87</Value>
            </HeartRateBpm>
            <Extensions>
              <ns3:TPX>
                <ns3:Speed>1.128999948501587</ns3:Speed>
                <ns3:RunCadence>58</ns3:RunCadence>
              </ns3:TPX>
            </Extensions>
          </Trackpoint>
          <Trackpoint>
            <Time>2025-08-03T18:05:02.000Z</Time>
            <Position>
              <LatitudeDegrees>43.11415635980666</LatitudeDegrees>
              <LongitudeDegrees>-2.585594253614545</LongitudeDegrees>
            </Position>
            <AltitudeMeters>201.8000030517578</AltitudeMeters>
            <DistanceMeters>2725.14990234375</DistanceMeters>
            <HeartRateBpm>
              <Value>91</Value>
            </HeartRateBpm>
            <Extensions>
              <ns3:TPX>
                <ns3:Speed>1.1009999513626099</ns3:Speed>
                <ns3:RunCadence>57</ns3:RunCadence>
              </ns3:TPX>
            </Extensions>
          </Trackpoint>
          <Trackpoint>
            <Time>2025-08-03T18:05:06.000Z</Time>
            <Position>
              <LatitudeDegrees>43.11422844417393</LatitudeDegrees>
              <LongitudeDegrees>-2.585552092641592</LongitudeDegrees>
            </Position>
            <AltitudeMeters>201.60000610351562</AltitudeMeters>
            <DistanceMeters>2735.239990234375</DistanceMeters>
            <HeartRateBpm>
              <Value>91</Value>
            </HeartRateBpm>
            <Extensions>
              <ns3:TPX>
                <ns3:Speed>1.2130000591278076</ns3:Speed>
                <ns3:RunCadence>56</ns3:RunCadence>
              </ns3:TPX>
            </Extensions>
          </Trackpoint>
          <Trackpoint>
            <Time>2025-08-03T18:05:08.000Z</Time>
            <Position>
              <LatitudeDegrees>43.11425535008311</LatitudeDegrees>
              <LongitudeDegrees>-2.5855384301394224</LongitudeDegrees>
            </Position>
            <AltitudeMeters>201.60000610351562</AltitudeMeters>
            <DistanceMeters>2738.699951171875</DistanceMeters>
            <HeartRateBpm>
              <Value>93</Value>
            </HeartRateBpm>
            <Extensions>
              <ns3:TPX>
                <ns3:Speed>1.194000005722046</ns3:Speed>
                <ns3:RunCadence>56</ns3:RunCadence>
              </ns3:TPX>
            </Extensions>
          </Trackpoint>
          <Trackpoint>
            <Time>2025-08-03T18:05:15.000Z</Time>
            <Position>
              <LatitudeDegrees>43.114366410300136</LatitudeDegrees>
              <LongitudeDegrees>-2.5854935869574547</LongitudeDegrees>
            </Position>
            <AltitudeMeters>201.39999389648438</AltitudeMeters>
            <DistanceMeters>2752.320068359375</DistanceMeters>
            <HeartRateBpm>
              <Value>89</Value>
            </HeartRateBpm>
            <Extensions>
              <ns3:TPX>
                <ns3:Speed>1.409000039100647</ns3:Speed>
                <ns3:RunCadence>57</ns3:RunCadence>
              </ns3:TPX>
            </Extensions>
          </Trackpoint>
          <Trackpoint>
            <Time>2025-08-03T18:05:17.000Z</Time>
            <Position>
              <LatitudeDegrees>43.11439784243703</LatitudeDegrees>
              <LongitudeDegrees>-2.585472045466304</LongitudeDegrees>
            </Position>
            <AltitudeMeters>201.1999969482422</AltitudeMeters>
            <DistanceMeters>2757.469970703125</DistanceMeters>
            <HeartRateBpm>
              <Value>91</Value>
            </HeartRateBpm>
            <Extensions>
              <ns3:TPX>
                <ns3:Speed>1.4279999732971191</ns3:Speed>
                <ns3:RunCadence>57</ns3:RunCadence>
              </ns3:TPX>
            </Extensions>
          </Trackpoint>
          <Trackpoint>
            <Time>2025-08-03T18:05:25.000Z</Time>
            <Position>
              <LatitudeDegrees>43.1145029515028</LatitudeDegrees>
              <LongitudeDegrees>-2.5854032300412655</LongitudeDegrees>
            </Position>
            <AltitudeMeters>200.39999389648438</AltitudeMeters>
            <DistanceMeters>2771.10009765625</DistanceMeters>
            <HeartRateBpm>
              <Value>90</Value>
            </HeartRateBpm>
            <Extensions>
              <ns3:TPX>
                <ns3:Speed>1.4279999732971191</ns3:Speed>
                <ns3:RunCadence>56</ns3:RunCadence>
              </ns3:TPX>
            </Extensions>
          </Trackpoint>
          <Trackpoint>
            <Time>2025-08-03T18:05:34.000Z</Time>
            <Position>
              <LatitudeDegrees>43.114634212106466</LatitudeDegrees>
              <LongitudeDegrees>-2.58532821200788</LongitudeDegrees>
            </Position>
            <AltitudeMeters>200.60000610351562</AltitudeMeters>
            <DistanceMeters>2788.280029296875</DistanceMeters>
            <HeartRateBpm>
              <Value>89</Value>
            </HeartRateBpm>
            <Extensions>
              <ns3:TPX>
                <ns3:Speed>1.4279999732971191</ns3:Speed>
                <ns3:RunCadence>57</ns3:RunCadence>
              </ns3:TPX>
            </Extensions>
          </Trackpoint>
          <Trackpoint>
            <Time>2025-08-03T18:05:40.000Z</Time>
            <Position>
              <LatitudeDegrees>43.114716270938516</LatitudeDegrees>
              <LongitudeDegrees>-2.585307927802205</LongitudeDegrees>
            </Position>
            <AltitudeMeters>200.1999969482422</AltitudeMeters>
            <DistanceMeters>2798.570068359375</DistanceMeters>
            <HeartRateBpm>
              <Value>90</Value>
            </HeartRateBpm>
            <Extensions>
              <ns3:TPX>
                <ns3:Speed>1.5579999685287476</ns3:Speed>
                <ns3:RunCadence>55</ns3:RunCadence>
              </ns3:TPX>
            </Extensions>
          </Trackpoint>
          <Trackpoint>
            <Time>2025-08-03T18:05:46.000Z</Time>
            <Position>
              <LatitudeDegrees>43.114783158525825</LatitudeDegrees>
              <LongitudeDegrees>-2.585274651646614</LongitudeDegrees>
            </Position>
            <AltitudeMeters>200.0</AltitudeMeters>
            <DistanceMeters>2807.360107421875</DistanceMeters>
            <HeartRateBpm>
              <Value>87</Value>
            </HeartRateBpm>
            <Extensions>
              <ns3:TPX>
                <ns3:Speed>1.4559999704360962</ns3:Speed>
                <ns3:RunCadence>56</ns3:RunCadence>
              </ns3:TPX>
            </Extensions>
          </Trackpoint>
          <Trackpoint>
            <Time>2025-08-03T18:05:47.000Z</Time>
            <Position>
              <LatitudeDegrees>43.11479757539928</LatitudeDegrees>
              <LongitudeDegrees>-2.5852697901427746</LongitudeDegrees>
            </Position>
            <AltitudeMeters>200.1999969482422</AltitudeMeters>
            <DistanceMeters>2808.56005859375</DistanceMeters>
            <HeartRateBpm>
              <Value>88</Value>
            </HeartRateBpm>
            <Extensions>
              <ns3:TPX>
                <ns3:Speed>1.38100004196167</ns3:Speed>
                <ns3:RunCadence>56</ns3:RunCadence>
              </ns3:TPX>
            </Extensions>
          </Trackpoint>
          <Trackpoint>
            <Time>2025-08-03T18:05:55.000Z</Time>
            <Position>
              <LatitudeDegrees>43.11493000946939</LatitudeDegrees>
              <LongitudeDegrees>-2.5852029863744974</LongitudeDegrees>
            </Position>
            <AltitudeMeters>200.0</AltitudeMeters>
            <DistanceMeters>2820.18994140625</DistanceMeters>
            <HeartRateBpm>
              <Value>91</Value>
            </HeartRateBpm>
            <Extensions>
              <ns3:TPX>
                <ns3:Speed>1.3530000448226929</ns3:Speed>
                <ns3:RunCadence>57</ns3:RunCadence>
              </ns3:TPX>
            </Extensions>
          </Trackpoint>
          <Trackpoint>
            <Time>2025-08-03T18:05:58.000Z</Time>
            <Position>
              <LatitudeDegrees>43.114983988925815</LatitudeDegrees>
              <LongitudeDegrees>-2.585159232839942</LongitudeDegrees>
            </Position>
            <AltitudeMeters>199.60000610351562</AltitudeMeters>
            <DistanceMeters>2826.969970703125</DistanceMeters>
            <HeartRateBpm>
              <Value>88</Value>
            </HeartRateBpm>
            <Extensions>
              <ns3:TPX>
                <ns3:Speed>1.3530000448226929</ns3:Speed>
                <ns3:RunCadence>56</ns3:RunCadence>
              </ns3:TPX>
            </Extensions>
          </Trackpoint>
          <Trackpoint>
            <Time>2025-08-03T18:06:01.000Z</Time>
            <Position>
              <LatitudeDegrees>43.11503034085035</LatitudeDegrees>
              <LongitudeDegrees>-2.585145402699709</LongitudeDegrees>
            </Position>
            <AltitudeMeters>199.39999389648438</AltitudeMeters>
            <DistanceMeters>2832.77001953125</DistanceMeters>
            <HeartRateBpm>
              <Value>87</Value>
            </HeartRateBpm>
            <Extensions>
              <ns3:TPX>
                <ns3:Speed>1.409000039100647</ns3:Speed>
                <ns3:RunCadence>54</ns3:RunCadence>
              </ns3:TPX>
            </Extensions>
          </Trackpoint>
          <Trackpoint>
            <Time>2025-08-03T18:06:02.000Z</Time>
            <Position>
              <LatitudeDegrees>43.11504324898124</LatitudeDegrees>
              <LongitudeDegrees>-2.585137439891696</LongitudeDegrees>
            </Position>
            <AltitudeMeters>199.39999389648438</AltitudeMeters>
            <DistanceMeters>2834.739990234375</DistanceMeters>
            <HeartRateBpm>
              <Value>89</Value>
            </HeartRateBpm>
            <Extensions>
              <ns3:TPX>
                <ns3:Speed>1.4459999799728394</ns3:Speed>
                <ns3:RunCadence>53</ns3:RunCadence>
              </ns3:TPX>
            </Extensions>
          </Trackpoint>
          <Trackpoint>
            <Time>2025-08-03T18:06:04.000Z</Time>
            <Position>
              <LatitudeDegrees>43.115064622834325</LatitudeDegrees>
              <LongitudeDegrees>-2.5851293932646513</LongitudeDegrees>
            </Position>
            <AltitudeMeters>199.1999969482422</AltitudeMeters>
            <DistanceMeters>2838.090087890625</DistanceMeters>
            <HeartRateBpm>
              <Value>92</Value>
            </HeartRateBpm>
            <Extensions>
              <ns3:TPX>
                <ns3:Speed>1.5399999618530273</ns3:Speed>
                <ns3:RunCadence>53</ns3:RunCadence>
              </ns3:TPX>
            </Extensions>
          </Trackpoint>
          <Trackpoint>
            <Time>2025-08-03T18:06:05.000Z</Time>
            <Position>
              <LatitudeDegrees>43.11507317237556</LatitudeDegrees>
              <LongitudeDegrees>-2.5851195864379406</LongitudeDegrees>
            </Position>
            <AltitudeMeters>199.1999969482422</AltitudeMeters>
            <DistanceMeters>2839.489990234375</DistanceMeters>
            <HeartRateBpm>
              <Value>89</Value>
            </HeartRateBpm>
            <Extensions>
              <ns3:TPX>
                <ns3:Speed>1.5399999618530273</ns3:Speed>
                <ns3:RunCadence>54</ns3:RunCadence>
              </ns3:TPX>
            </Extensions>
          </Trackpoint>
          <Trackpoint>
            <Time>2025-08-03T18:06:10.000Z</Time>
            <Position>
              <LatitudeDegrees>43.1151248048991</LatitudeDegrees>
              <LongitudeDegrees>-2.5850880704820156</LongitudeDegrees>
            </Position>
            <AltitudeMeters>199.0</AltitudeMeters>
            <DistanceMeters>2846.659912109375</DistanceMeters>
            <HeartRateBpm>
              <Value>88</Value>
            </HeartRateBpm>
            <Extensions>
              <ns3:TPX>
                <ns3:Speed>1.5579999685287476</ns3:Speed>
                <ns3:RunCadence>63</ns3:RunCadence>
              </ns3:TPX>
            </Extensions>
          </Trackpoint>
          <Trackpoint>
            <Time>2025-08-03T18:06:18.000Z</Time>
            <Position>
              <LatitudeDegrees>43.11523745767772</LatitudeDegrees>
              <LongitudeDegrees>-2.5850074365735054</LongitudeDegrees>
            </Position>
            <AltitudeMeters>198.60000610351562</AltitudeMeters>
            <DistanceMeters>2860.02001953125</DistanceMeters>
            <HeartRateBpm>
              <Value>87</Value>
            </HeartRateBpm>
            <Extensions>
              <ns3:TPX>
                <ns3:Speed>1.5579999685287476</ns3:Speed>
                <ns3:RunCadence>56</ns3:RunCadence>
              </ns3:TPX>
            </Extensions>
          </Trackpoint>
          <Trackpoint>
            <Time>2025-08-03T18:06:20.000Z</Time>
            <Position>
              <LatitudeDegrees>43.11524366028607</LatitudeDegrees>
              <LongitudeDegrees>-2.585004335269332</LongitudeDegrees>
            </Position>
            <AltitudeMeters>198.60000610351562</AltitudeMeters>
            <DistanceMeters>2862.85009765625</DistanceMeters>
            <HeartRateBpm>
              <Value>88</Value>
            </HeartRateBpm>
            <Extensions>
              <ns3:TPX>
                <ns3:Speed>1.5399999618530273</ns3:Speed>
                <ns3:RunCadence>56</ns3:RunCadence>
              </ns3:TPX>
            </Extensions>
          </Trackpoint>
          <Trackpoint>
            <Time>2025-08-03T18:06:24.000Z</Time>
            <Position>
              <LatitudeDegrees>43.115261094644666</LatitudeDegrees>
              <LongitudeDegrees>-2.5849953666329384</LongitudeDegrees>
            </Position>
            <AltitudeMeters>198.60000610351562</AltitudeMeters>
            <DistanceMeters>2863.60009765625</DistanceMeters>
            <HeartRateBpm>
              <Value>87</Value>
            </HeartRateBpm>
            <Extensions>
              <ns3:TPX>
                <ns3:Speed>1.399999976158142</ns3:Speed>
                <ns3:RunCadence>0</ns3:RunCadence>
              </ns3:TPX>
            </Extensions>
          </Trackpoint>
          <Trackpoint>
            <Time>2025-08-03T18:06:33.000Z</Time>
            <Position>
              <LatitudeDegrees>43.11533217318356</LatitudeDegrees>
              <LongitudeDegrees>-2.584957480430603</LongitudeDegrees>
            </Position>
            <AltitudeMeters>198.60000610351562</AltitudeMeters>
            <DistanceMeters>2868.3701171875</DistanceMeters>
            <HeartRateBpm>
              <Value>86</Value>
            </HeartRateBpm>
            <Extensions>
              <ns3:TPX>
                <ns3:Speed>0.0</ns3:Speed>
                <ns3:RunCadence>0</ns3:RunCadence>
              </ns3:TPX>
            </Extensions>
          </Trackpoint>
          <Trackpoint>
            <Time>2025-08-03T18:06:34.000Z</Time>
            <Position>
              <LatitudeDegrees>43.115343656390905</LatitudeDegrees>
              <LongitudeDegrees>-2.5849490985274315</LongitudeDegrees>
            </Position>
            <AltitudeMeters>198.39999389648438</AltitudeMeters>
            <DistanceMeters>2869.550048828125</DistanceMeters>
            <HeartRateBpm>
              <Value>84</Value>
            </HeartRateBpm>
            <Extensions>
              <ns3:TPX>
                <ns3:Speed>0.0</ns3:Speed>
                <ns3:RunCadence>0</ns3:RunCadence>
              </ns3:TPX>
            </Extensions>
          </Trackpoint>
          <Trackpoint>
            <Time>2025-08-03T18:06:39.000Z</Time>
            <Position>
              <LatitudeDegrees>43.115419428795576</LatitudeDegrees>
              <LongitudeDegrees>-2.584905596449971</LongitudeDegrees>
            </Position>
            <AltitudeMeters>198.60000610351562</AltitudeMeters>
            <DistanceMeters>2879.699951171875</DistanceMeters>
            <HeartRateBpm>
              <Value>87</Value>
            </HeartRateBpm>
            <Extensions>
              <ns3:TPX>
                <ns3:Speed>1.819000005722046</ns3:Speed>
                <ns3:RunCadence>54</ns3:RunCadence>
              </ns3:TPX>
            </Extensions>
          </Trackpoint>
          <Trackpoint>
            <Time>2025-08-03T18:06:41.000Z</Time>
            <Position>
              <LatitudeDegrees>43.1154509447515</LatitudeDegrees>
              <LongitudeDegrees>-2.5848957896232605</LongitudeDegrees>
            </Position>
            <AltitudeMeters>198.8000030517578</AltitudeMeters>
            <DistanceMeters>2883.050048828125</DistanceMeters>
            <HeartRateBpm>
              <Value>88</Value>
            </HeartRateBpm>
            <Extensions>
              <ns3:TPX>
                <ns3:Speed>1.8380000591278076</ns3:Speed>
                <ns3:RunCadence>56</ns3:RunCadence>
              </ns3:TPX>
            </Extensions>
          </Trackpoint>
          <Trackpoint>
            <Time>2025-08-03T18:06:47.000Z</Time>
            <Position>
              <LatitudeDegrees>43.11556267552078</LatitudeDegrees>
              <LongitudeDegrees>-2.584852622821927</LongitudeDegrees>
            </Position>
            <AltitudeMeters>197.8000030517578</AltitudeMeters>
            <DistanceMeters>2896.72998046875</DistanceMeters>
            <HeartRateBpm>
              <Value>85</Value>
            </HeartRateBpm>
            <Extensions>
              <ns3:TPX>
                <ns3:Speed>1.996999979019165</ns3:Speed>
                <ns3:RunCadence>57</ns3:RunCadence>
              </ns3:TPX>
            </Extensions>
          </Trackpoint>
          <Trackpoint>
            <Time>2025-08-03T18:06:54.000Z</Time>
            <Position>
              <LatitudeDegrees>43.115689158439636</LatitudeDegrees>
              <LongitudeDegrees>-2.5848330091685057</LongitudeDegrees>
            </Position>
            <AltitudeMeters>197.60000610351562</AltitudeMeters>
            <DistanceMeters>2910.090087890625</DistanceMeters>
            <HeartRateBpm>
              <Value>84</Value>
            </HeartRateBpm>
            <Extensions>
              <ns3:TPX>
                <ns3:Speed>1.7259999513626099</ns3:Speed>
                <ns3:RunCadence>58</ns3:RunCadence>
              </ns3:TPX>
            </Extensions>
          </Trackpoint>
          <Trackpoint>
            <Time>2025-08-03T18:07:01.000Z</Time>
            <Position>
              <LatitudeDegrees>43.11578697524965</LatitudeDegrees>
              <LongitudeDegrees>-2.584795793518424</LongitudeDegrees>
            </Position>
            <AltitudeMeters>198.39999389648438</AltitudeMeters>
            <DistanceMeters>2924.239990234375</DistanceMeters>
            <HeartRateBpm>
              <Value>85</Value>
            </HeartRateBpm>
            <Extensions>
              <ns3:TPX>
                <ns3:Speed>1.8940000534057617</ns3:Speed>
                <ns3:RunCadence>57</ns3:RunCadence>
              </ns3:TPX>
            </Extensions>
          </Trackpoint>
          <Trackpoint>
            <Time>2025-08-03T18:07:08.000Z</Time>
            <Position>
              <LatitudeDegrees>43.11587464995682</LatitudeDegrees>
              <LongitudeDegrees>-2.5847502797842026</LongitudeDegrees>
            </Position>
            <AltitudeMeters>197.39999389648438</AltitudeMeters>
            <DistanceMeters>2935.010009765625</DistanceMeters>
            <HeartRateBpm>
              <Value>85</Value>
            </HeartRateBpm>
            <Extensions>
              <ns3:TPX>
                <ns3:Speed>1.847000002861023</ns3:Speed>
                <ns3:RunCadence>56</ns3:RunCadence>
              </ns3:TPX>
            </Extensions>
          </Trackpoint>
          <Trackpoint>
            <Time>2025-08-03T18:07:10.000Z</Time>
            <Position>
              <LatitudeDegrees>43.11590247787535</LatitudeDegrees>
              <LongitudeDegrees>-2.584751872345805</LongitudeDegrees>
            </Position>
            <AltitudeMeters>197.1999969482422</AltitudeMeters>
            <DistanceMeters>2937.6298828125</DistanceMeters>
            <HeartRateBpm>
              <Value>87</Value>
            </HeartRateBpm>
            <Extensions>
              <ns3:TPX>
                <ns3:Speed>1.8380000591278076</ns3:Speed>
                <ns3:RunCadence>56</ns3:RunCadence>
              </ns3:TPX>
            </Extensions>
          </Trackpoint>
          <Trackpoint>
            <Time>2025-08-03T18:07:11.000Z</Time>
            <Position>
              <LatitudeDegrees>43.11591764912009</LatitudeDegrees>
              <LongitudeDegrees>-2.5847496930509806</LongitudeDegrees>
            </Position>
            <AltitudeMeters>197.0</AltitudeMeters>
            <DistanceMeters>2939.3701171875</DistanceMeters>
            <HeartRateBpm>
              <Value>84</Value>
            </HeartRateBpm>
            <Extensions>
              <ns3:TPX>
                <ns3:Speed>1.8289999961853027</ns3:Speed>
                <ns3:RunCadence>57</ns3:RunCadence>
              </ns3:TPX>
            </Extensions>
          </Trackpoint>
          <Trackpoint>
            <Time>2025-08-03T18:07:18.000Z</Time>
            <Position>
              <LatitudeDegrees>43.1160209979862</LatitudeDegrees>
              <LongitudeDegrees>-2.5847314205020666</LongitudeDegrees>
            </Position>
            <AltitudeMeters>197.1999969482422</AltitudeMeters>
            <DistanceMeters>2951.5400390625</DistanceMeters>
            <HeartRateBpm>
              <Value>84</Value>
            </HeartRateBpm>
            <Extensions>
              <ns3:TPX>
                <ns3:Speed>1.819000005722046</ns3:Speed>
                <ns3:RunCadence>57</ns3:RunCadence>
              </ns3:TPX>
            </Extensions>
          </Trackpoint>
          <Trackpoint>
            <Time>2025-08-03T18:07:22.000Z</Time>
            <Position>
              <LatitudeDegrees>43.1160725466907</LatitudeDegrees>
              <LongitudeDegrees>-2.584713399410248</LongitudeDegrees>
            </Position>
            <AltitudeMeters>197.1999969482422</AltitudeMeters>
            <DistanceMeters>2958.679931640625</DistanceMeters>
            <HeartRateBpm>
              <Value>81</Value>
            </HeartRateBpm>
            <Extensions>
              <ns3:TPX>
                <ns3:Speed>1.809999942779541</ns3:Speed>
                <ns3:RunCadence>57</ns3:RunCadence>
              </ns3:TPX>
            </Extensions>
          </Trackpoint>
          <Trackpoint>
            <Time>2025-08-03T18:07:26.000Z</Time>
            <Position>
              <LatitudeDegrees>43.11611940152943</LatitudeDegrees>
              <LongitudeDegrees>-2.5847001560032368</LongitudeDegrees>
            </Position>
            <AltitudeMeters>197.0</AltitudeMeters>
            <DistanceMeters>2964.68994140625</DistanceMeters>
            <HeartRateBpm>
              <Value>81</Value>
            </HeartRateBpm>
            <Extensions>
              <ns3:TPX>
                <ns3:Speed>1.8009999990463257</ns3:Speed>
                <ns3:RunCadence>57</ns3:RunCadence>
              </ns3:TPX>
            </Extensions>
          </Trackpoint>
          <Trackpoint>
            <Time>2025-08-03T18:07:27.000Z</Time>
            <Position>
              <LatitudeDegrees>43.11612996272743</LatitudeDegrees>
              <LongitudeDegrees>-2.5846948754042387</LongitudeDegrees>
            </Position>
            <AltitudeMeters>197.0</AltitudeMeters>
            <DistanceMeters>2966.010009765625</DistanceMeters>
            <HeartRateBpm>
              <Value>79</Value>
            </HeartRateBpm>
            <Extensions>
              <ns3:TPX>
                <ns3:Speed>1.7910000085830688</ns3:Speed>
                <ns3:RunCadence>57</ns3:RunCadence>
              </ns3:TPX>
            </Extensions>
          </Trackpoint>
          <Trackpoint>
            <Time>2025-08-03T18:07:34.000Z</Time>
            <Position>
              <LatitudeDegrees>43.116211434826255</LatitudeDegrees>
              <LongitudeDegrees>-2.5846569892019033</LongitudeDegrees>
            </Position>
            <AltitudeMeters>197.0</AltitudeMeters>
            <DistanceMeters>2974.300048828125</DistanceMeters>
            <HeartRateBpm>
              <Value>81</Value>
            </HeartRateBpm>
            <Extensions>
              <ns3:TPX>
                <ns3:Speed>1.6979999542236328</ns3:Speed>
                <ns3:RunCadence>59</ns3:RunCadence>
              </ns3:TPX>
            </Extensions>
          </Trackpoint>
          <Trackpoint>
            <Time>2025-08-03T18:07:39.000Z</Time>
            <Position>
              <LatitudeDegrees>43.116285195574164</LatitudeDegrees>
              <LongitudeDegrees>-2.584625808522105</LongitudeDegrees>
            </Position>
            <AltitudeMeters>196.60000610351562</AltitudeMeters>
            <DistanceMeters>2980.840087890625</DistanceMeters>
            <HeartRateBpm>
              <Value>84</Value>
            </HeartRateBpm>
            <Extensions>
              <ns3:TPX>
                <ns3:Speed>1.5959999561309814</ns3:Speed>
                <ns3:RunCadence>60</ns3:RunCadence>
              </ns3:TPX>
            </Extensions>
          </Trackpoint>
          <Trackpoint>
            <Time>2025-08-03T18:07:41.000Z</Time>
            <Position>
              <LatitudeDegrees>43.116323836147785</LatitudeDegrees>
              <LongitudeDegrees>-2.5846110563725233</LongitudeDegrees>
            </Position>
            <AltitudeMeters>196.39999389648438</AltitudeMeters>
            <DistanceMeters>2983.489990234375</DistanceMeters>
            <HeartRateBpm>
              <Value>88</Value>
            </HeartRateBpm>
            <Extensions>
              <ns3:TPX>
                <ns3:Speed>1.5210000276565552</ns3:Speed>
                <ns3:RunCadence>59</ns3:RunCadence>
              </ns3:TPX>
            </Extensions>
          </Trackpoint>
          <Trackpoint>
            <Time>2025-08-03T18:07:42.000Z</Time>
            <Position>
              <LatitudeDegrees>43.116343868896365</LatitudeDegrees>
              <LongitudeDegrees>-2.5846054404973984</LongitudeDegrees>
            </Position>
            <AltitudeMeters>196.1999969482422</AltitudeMeters>
            <DistanceMeters>2986.47998046875</DistanceMeters>
            <HeartRateBpm>
              <Value>86</Value>
            </HeartRateBpm>
            <Extensions>
              <ns3:TPX>
                <ns3:Speed>1.5210000276565552</ns3:Speed>
                <ns3:RunCadence>57</ns3:RunCadence>
              </ns3:TPX>
            </Extensions>
          </Trackpoint>
          <Trackpoint>
            <Time>2025-08-03T18:07:50.000Z</Time>
            <Position>
              <LatitudeDegrees>43.11647789552808</LatitudeDegrees>
              <LongitudeDegrees>-2.5845651235431433</LongitudeDegrees>
            </Position>
            <AltitudeMeters>196.8000030517578</AltitudeMeters>
            <DistanceMeters>3002.010009765625</DistanceMeters>
            <HeartRateBpm>
              <Value>83</Value>
            </HeartRateBpm>
            <Extensions>
              <ns3:TPX>
                <ns3:Speed>1.6610000133514404</ns3:Speed>
                <ns3:RunCadence>57</ns3:RunCadence>
              </ns3:TPX>
            </Extensions>
          </Trackpoint>
          <Trackpoint>
            <Time>2025-08-03T18:07:57.000Z</Time>
            <Position>
              <LatitudeDegrees>43.11656238511205</LatitudeDegrees>
              <LongitudeDegrees>-2.5845561549067497</LongitudeDegrees>
            </Position>
            <AltitudeMeters>195.8000030517578</AltitudeMeters>
            <DistanceMeters>3015.010009765625</DistanceMeters>
            <HeartRateBpm>
              <Value>79</Value>
            </HeartRateBpm>
            <Extensions>
              <ns3:TPX>
                <ns3:Speed>1.7450000047683716</ns3:Speed>
                <ns3:RunCadence>57</ns3:RunCadence>
              </ns3:TPX>
            </Extensions>
          </Trackpoint>
          <Trackpoint>
            <Time>2025-08-03T18:08:00.000Z</Time>
            <Position>
              <LatitudeDegrees>43.11661368235946</LatitudeDegrees>
              <LongitudeDegrees>-2.5845352839678526</LongitudeDegrees>
            </Position>
            <AltitudeMeters>195.8000030517578</AltitudeMeters>
            <DistanceMeters>3019.389892578125</DistanceMeters>
            <HeartRateBpm>
              <Value>83</Value>
            </HeartRateBpm>
            <Extensions>
              <ns3:TPX>
                <ns3:Speed>1.7259999513626099</ns3:Speed>
                <ns3:RunCadence>57</ns3:RunCadence>
              </ns3:TPX>
            </Extensions>
          </Trackpoint>
          <Trackpoint>
            <Time>2025-08-03T18:08:08.000Z</Time>
            <Position>
              <LatitudeDegrees>43.11674678698182</LatitudeDegrees>
              <LongitudeDegrees>-2.584473928436637</LongitudeDegrees>
            </Position>
            <AltitudeMeters>196.0</AltitudeMeters>
            <DistanceMeters>3035.47998046875</DistanceMeters>
            <HeartRateBpm>
              <Value>82</Value>
            </HeartRateBpm>
            <Extensions>
              <ns3:TPX>
                <ns3:Speed>1.7910000085830688</ns3:Speed>
                <ns3:RunCadence>56</ns3:RunCadence>
              </ns3:TPX>
            </Extensions>
          </Trackpoint>
          <Trackpoint>
            <Time>2025-08-03T18:08:12.000Z</Time>
            <Position>
              <LatitudeDegrees>43.116806047037244</LatitudeDegrees>
              <LongitudeDegrees>-2.5844640377908945</LongitudeDegrees>
            </Position>
            <AltitudeMeters>196.0</AltitudeMeters>
            <DistanceMeters>3042.530029296875</DistanceMeters>
            <HeartRateBpm>
              <Value>79</Value>
            </HeartRateBpm>
            <Extensions>
              <ns3:TPX>
                <ns3:Speed>1.819000005722046</ns3:Speed>
                <ns3:RunCadence>57</ns3:RunCadence>
              </ns3:TPX>
            </Extensions>
          </Trackpoint>
          <Trackpoint>
            <Time>2025-08-03T18:08:14.000Z</Time>
            <Position>
              <LatitudeDegrees>43.11683312058449</LatitudeDegrees>
              <LongitudeDegrees>-2.584463534876704</LongitudeDegrees>
            </Position>
            <AltitudeMeters>195.8000030517578</AltitudeMeters>
            <DistanceMeters>3045.989990234375</DistanceMeters>
            <HeartRateBpm>
              <Value>80</Value>
            </HeartRateBpm>
            <Extensions>
              <ns3:TPX>
                <ns3:Speed>1.819000005722046</ns3:Speed>
                <ns3:RunCadence>57</ns3:RunCadence>
              </ns3:TPX>
            </Extensions>
          </Trackpoint>
          <Trackpoint>
            <Time>2025-08-03T18:08:17.000Z</Time>
            <Position>
              <LatitudeDegrees>43.116878382861614</LatitudeDegrees>
              <LongitudeDegrees>-2.5844614394009113</LongitudeDegrees>
            </Position>
            <AltitudeMeters>195.1999969482422</AltitudeMeters>
            <DistanceMeters>3050.010009765625</DistanceMeters>
            <HeartRateBpm>
              <Value>81</Value>
            </HeartRateBpm>
            <Extensions>
              <ns3:TPX>
                <ns3:Speed>1.809999942779541</ns3:Speed>
                <ns3:RunCadence>57</ns3:RunCadence>
              </ns3:TPX>
            </Extensions>
          </Trackpoint>
          <Trackpoint>
            <Time>2025-08-03T18:08:23.000Z</Time>
            <Position>
              <LatitudeDegrees>43.11696471646428</LatitudeDegrees>
              <LongitudeDegrees>-2.584429671987891</LongitudeDegrees>
            </Position>
            <AltitudeMeters>194.60000610351562</AltitudeMeters>
            <DistanceMeters>3060.409912109375</DistanceMeters>
            <HeartRateBpm>
              <Value>76</Value>
            </HeartRateBpm>
            <Extensions>
              <ns3:TPX>
                <ns3:Speed>1.8009999990463257</ns3:Speed>
                <ns3:RunCadence>56</ns3:RunCadence>
              </ns3:TPX>
            </Extensions>
          </Trackpoint>
          <Trackpoint>
            <Time>2025-08-03T18:08:25.000Z</Time>
            <Position>
              <LatitudeDegrees>43.11699204146862</LatitudeDegrees>
              <LongitudeDegrees>-2.584422128275037</LongitudeDegrees>
            </Position>
            <AltitudeMeters>194.60000610351562</AltitudeMeters>
            <DistanceMeters>3063.719970703125</DistanceMeters>
            <HeartRateBpm>
              <Value>80</Value>
            </HeartRateBpm>
            <Extensions>
              <ns3:TPX>
                <ns3:Speed>1.8009999990463257</ns3:Speed>
                <ns3:RunCadence>57</ns3:RunCadence>
              </ns3:TPX>
            </Extensions>
          </Trackpoint>
          <Trackpoint>
            <Time>2025-08-03T18:08:32.000Z</Time>
            <Position>
              <LatitudeDegrees>43.11709572561085</LatitudeDegrees>
              <LongitudeDegrees>-2.5843795482069254</LongitudeDegrees>
            </Position>
            <AltitudeMeters>195.39999389648438</AltitudeMeters>
            <DistanceMeters>3075.889892578125</DistanceMeters>
            <HeartRateBpm>
              <Value>84</Value>
            </HeartRateBpm>
            <Extensions>
              <ns3:TPX>
                <ns3:Speed>1.819000005722046</ns3:Speed>
                <ns3:RunCadence>57</ns3:RunCadence>
              </ns3:TPX>
            </Extensions>
          </Trackpoint>
          <Trackpoint>
            <Time>2025-08-03T18:08:33.000Z</Time>
            <Position>
              <LatitudeDegrees>43.11710922047496</LatitudeDegrees>
              <LongitudeDegrees>-2.5843775365501642</LongitudeDegrees>
            </Position>
            <AltitudeMeters>195.39999389648438</AltitudeMeters>
            <DistanceMeters>3077.669921875</DistanceMeters>
            <HeartRateBpm>
              <Value>79</Value>
            </HeartRateBpm>
            <Extensions>
              <ns3:TPX>
                <ns3:Speed>1.819000005722046</ns3:Speed>
                <ns3:RunCadence>56</ns3:RunCadence>
              </ns3:TPX>
            </Extensions>
          </Trackpoint>
          <Trackpoint>
            <Time>2025-08-03T18:08:39.000Z</Time>
            <Position>
              <LatitudeDegrees>43.11720653437078</LatitudeDegrees>
              <LongitudeDegrees>-2.5843373872339725</LongitudeDegrees>
            </Position>
            <AltitudeMeters>194.60000610351562</AltitudeMeters>
            <DistanceMeters>3086.719970703125</DistanceMeters>
            <HeartRateBpm>
              <Value>75</Value>
            </HeartRateBpm>
            <Extensions>
              <ns3:TPX>
                <ns3:Speed>1.809999942779541</ns3:Speed>
                <ns3:RunCadence>57</ns3:RunCadence>
              </ns3:TPX>
            </Extensions>
          </Trackpoint>
          <Trackpoint>
            <Time>2025-08-03T18:08:40.000Z</Time>
            <Position>
              <LatitudeDegrees>43.117223884910345</LatitudeDegrees>
              <LongitudeDegrees>-2.5843344535678625</LongitudeDegrees>
            </Position>
            <AltitudeMeters>194.60000610351562</AltitudeMeters>
            <DistanceMeters>3088.429931640625</DistanceMeters>
            <HeartRateBpm>
              <Value>78</Value>
            </HeartRateBpm>
            <Extensions>
              <ns3:TPX>
                <ns3:Speed>1.8009999990463257</ns3:Speed>
                <ns3:RunCadence>57</ns3:RunCadence>
              </ns3:TPX>
            </Extensions>
          </Trackpoint>
          <Trackpoint>
            <Time>2025-08-03T18:08:44.000Z</Time>
            <Position>
              <LatitudeDegrees>43.1172816362232</LatitudeDegrees>
              <LongitudeDegrees>-2.5843134988099337</LongitudeDegrees>
            </Position>
            <AltitudeMeters>194.1999969482422</AltitudeMeters>
            <DistanceMeters>3096.0400390625</DistanceMeters>
            <HeartRateBpm>
              <Value>79</Value>
            </HeartRateBpm>
            <Extensions>
              <ns3:TPX>
                <ns3:Speed>1.8009999990463257</ns3:Speed>
                <ns3:RunCadence>58</ns3:RunCadence>
              </ns3:TPX>
            </Extensions>
          </Trackpoint>
          <Trackpoint>
            <Time>2025-08-03T18:08:48.000Z</Time>
            <Position>
              <LatitudeDegrees>43.11734089627862</LatitudeDegrees>
              <LongitudeDegrees>-2.584306625649333</LongitudeDegrees>
            </Position>
            <AltitudeMeters>194.1999969482422</AltitudeMeters>
            <DistanceMeters>3102.489990234375</DistanceMeters>
            <HeartRateBpm>
              <Value>76</Value>
            </HeartRateBpm>
            <Extensions>
              <ns3:TPX>
                <ns3:Speed>1.7910000085830688</ns3:Speed>
                <ns3:RunCadence>55</ns3:RunCadence>
              </ns3:TPX>
            </Extensions>
          </Trackpoint>
          <Trackpoint>
            <Time>2025-08-03T18:08:52.000Z</Time>
            <Position>
              <LatitudeDegrees>43.117408622056246</LatitudeDegrees>
              <LongitudeDegrees>-2.5842908676713705</LongitudeDegrees>
            </Position>
            <AltitudeMeters>194.39999389648438</AltitudeMeters>
            <DistanceMeters>3109.030029296875</DistanceMeters>
            <HeartRateBpm>
              <Value>79</Value>
            </HeartRateBpm>
            <Extensions>
              <ns3:TPX>
                <ns3:Speed>1.7640000581741333</ns3:Speed>
                <ns3:RunCadence>55</ns3:RunCadence>
              </ns3:TPX>
            </Extensions>
          </Trackpoint>
          <Trackpoint>
            <Time>2025-08-03T18:08:54.000Z</Time>
            <Position>
              <LatitudeDegrees>43.117435025051236</LatitudeDegrees>
              <LongitudeDegrees>-2.584273014217615</LongitudeDegrees>
            </Position>
            <AltitudeMeters>194.0</AltitudeMeters>
            <DistanceMeters>3111.389892578125</DistanceMeters>
            <HeartRateBpm>
              <Value>77</Value>
            </HeartRateBpm>
            <Extensions>
              <ns3:TPX>
                <ns3:Speed>1.753999948501587</ns3:Speed>
                <ns3:RunCadence>55</ns3:RunCadence>
              </ns3:TPX>
            </Extensions>
          </Trackpoint>
          <Trackpoint>
            <Time>2025-08-03T18:08:57.000Z</Time>
            <Position>
              <LatitudeDegrees>43.11745899729431</LatitudeDegrees>
              <LongitudeDegrees>-2.584246192127466</LongitudeDegrees>
            </Position>
            <AltitudeMeters>193.8000030517578</AltitudeMeters>
            <DistanceMeters>3115.280029296875</DistanceMeters>
            <HeartRateBpm>
              <Value>74</Value>
            </HeartRateBpm>
            <Extensions>
              <ns3:TPX>
                <ns3:Speed>1.7079999446868896</ns3:Speed>
                <ns3:RunCadence>53</ns3:RunCadence>
              </ns3:TPX>
            </Extensions>
          </Trackpoint>
          <Trackpoint>
            <Time>2025-08-03T18:09:00.000Z</Time>
            <Position>
              <LatitudeDegrees>43.1174869928509</LatitudeDegrees>
              <LongitudeDegrees>-2.584230685606599</LongitudeDegrees>
            </Position>
            <AltitudeMeters>193.60000610351562</AltitudeMeters>
            <DistanceMeters>3116.6201171875</DistanceMeters>
            <HeartRateBpm>
              <Value>75</Value>
            </HeartRateBpm>
            <Extensions>
              <ns3:TPX>
                <ns3:Speed>1.5770000219345093</ns3:Speed>
                <ns3:RunCadence>0</ns3:RunCadence>
              </ns3:TPX>
            </Extensions>
          </Trackpoint>
          <Trackpoint>
            <Time>2025-08-03T18:09:07.000Z</Time>
            <Position>
              <LatitudeDegrees>43.11753476969898</LatitudeDegrees>
              <LongitudeDegrees>-2.5842110719531775</LongitudeDegrees>
            </Position>
            <AltitudeMeters>193.8000030517578</AltitudeMeters>
            <DistanceMeters>3118.3701171875</DistanceMeters>
            <HeartRateBpm>
              <Value>72</Value>
            </HeartRateBpm>
            <Extensions>
              <ns3:TPX>
                <ns3:Speed>0.0</ns3:Speed>
                <ns3:RunCadence>0</ns3:RunCadence>
              </ns3:TPX>
            </Extensions>
          </Trackpoint>
          <Trackpoint>
            <Time>2025-08-03T18:09:09.000Z</Time>
            <Position>
              <LatitudeDegrees>43.11754818074405</LatitudeDegrees>
              <LongitudeDegrees>-2.584237977862358</LongitudeDegrees>
            </Position>
            <AltitudeMeters>193.60000610351562</AltitudeMeters>
            <DistanceMeters>3120.8701171875</DistanceMeters>
            <HeartRateBpm>
              <Value>74</Value>
            </HeartRateBpm>
            <Extensions>
              <ns3:TPX>
                <ns3:Speed>0.0</ns3:Speed>
                <ns3:RunCadence>43</ns3:RunCadence>
              </ns3:TPX>
            </Extensions>
          </Trackpoint>
          <Trackpoint>
            <Time>2025-08-03T18:09:15.000Z</Time>
            <Position>
              <LatitudeDegrees>43.11761615797877</LatitudeDegrees>
              <LongitudeDegrees>-2.584265386685729</LongitudeDegrees>
            </Position>
            <AltitudeMeters>194.0</AltitudeMeters>
            <DistanceMeters>3129.489990234375</DistanceMeters>
            <HeartRateBpm>
              <Value>75</Value>
            </HeartRateBpm>
            <Extensions>
              <ns3:TPX>
                <ns3:Speed>1.4739999771118164</ns3:Speed>
                <ns3:RunCadence>0</ns3:RunCadence>
              </ns3:TPX>
            </Extensions>
          </Trackpoint>
          <Trackpoint>
            <Time>2025-08-03T18:09:16.000Z</Time>
            <Position>
              <LatitudeDegrees>43.11762630008161</LatitudeDegrees>
              <LongitudeDegrees>-2.584261279553175</LongitudeDegrees>
            </Position>
            <AltitudeMeters>193.8000030517578</AltitudeMeters>
            <DistanceMeters>3131.070068359375</DistanceMeters>
            <HeartRateBpm>
              <Value>71</Value>
            </HeartRateBpm>
            <Extensions>
              <ns3:TPX>
                <ns3:Speed>1.4739999771118164</ns3:Speed>
                <ns3:RunCadence>0</ns3:RunCadence>
              </ns3:TPX>
            </Extensions>
          </Trackpoint>
          <Trackpoint>
            <Time>2025-08-03T18:09:18.000Z</Time>
            <Position>
              <LatitudeDegrees>43.11764549463987</LatitudeDegrees>
              <LongitudeDegrees>-2.584256585687399</LongitudeDegrees>
            </Position>
            <AltitudeMeters>193.60000610351562</AltitudeMeters>
            <DistanceMeters>3134.239990234375</DistanceMeters>
            <HeartRateBpm>
              <Value>78</Value>
            </HeartRateBpm>
            <Extensions>
              <ns3:TPX>
                <ns3:Speed>1.6610000133514404</ns3:Speed>
                <ns3:RunCadence>55</ns3:RunCadence>
              </ns3:TPX>
            </Extensions>
          </Trackpoint>
          <Trackpoint>
            <Time>2025-08-03T18:09:19.000Z</Time>
            <Position>
              <LatitudeDegrees>43.117655804380774</LatitudeDegrees>
              <LongitudeDegrees>-2.5842532329261303</LongitudeDegrees>
            </Position>
            <AltitudeMeters>193.60000610351562</AltitudeMeters>
            <DistanceMeters>3135.429931640625</DistanceMeters>
            <HeartRateBpm>
              <Value>77</Value>
            </HeartRateBpm>
            <Extensions>
              <ns3:TPX>
                <ns3:Speed>1.6610000133514404</ns3:Speed>
                <ns3:RunCadence>55</ns3:RunCadence>
              </ns3:TPX>
            </Extensions>
          </Trackpoint>
          <Trackpoint>
            <Time>2025-08-03T18:09:23.000Z</Time>
            <Position>
              <LatitudeDegrees>43.11770701780915</LatitudeDegrees>
              <LongitudeDegrees>-2.584228338673711</LongitudeDegrees>
            </Position>
            <AltitudeMeters>193.39999389648438</AltitudeMeters>
            <DistanceMeters>3140.989990234375</DistanceMeters>
            <HeartRateBpm>
              <Value>78</Value>
            </HeartRateBpm>
            <Extensions>
              <ns3:TPX>
                <ns3:Speed>1.5299999713897705</ns3:Speed>
                <ns3:RunCadence>53</ns3:RunCadence>
              </ns3:TPX>
            </Extensions>
          </Trackpoint>
          <Trackpoint>
            <Time>2025-08-03T18:09:29.000Z</Time>
            <Position>
              <LatitudeDegrees>43.1177787669003</LatitudeDegrees>
              <LongitudeDegrees>-2.584190620109439</LongitudeDegrees>
            </Position>
            <AltitudeMeters>193.0</AltitudeMeters>
            <DistanceMeters>3150.969970703125</DistanceMeters>
            <HeartRateBpm>
              <Value>78</Value>
            </HeartRateBpm>
            <Extensions>
              <ns3:TPX>
                <ns3:Speed>1.5490000247955322</ns3:Speed>
                <ns3:RunCadence>56</ns3:RunCadence>
              </ns3:TPX>
            </Extensions>
          </Trackpoint>
          <Trackpoint>
            <Time>2025-08-03T18:09:32.000Z</Time>
            <Position>
              <LatitudeDegrees>43.11778471805155</LatitudeDegrees>
              <LongitudeDegrees>-2.5841895304620266</LongitudeDegrees>
            </Position>
            <AltitudeMeters>193.0</AltitudeMeters>
            <DistanceMeters>3154.530029296875</DistanceMeters>
            <HeartRateBpm>
              <Value>79</Value>
            </HeartRateBpm>
            <Extensions>
              <ns3:TPX>
                <ns3:Speed>1.5959999561309814</ns3:Speed>
                <ns3:RunCadence>54</ns3:RunCadence>
              </ns3:TPX>
            </Extensions>
          </Trackpoint>
          <Trackpoint>
            <Time>2025-08-03T18:09:40.000Z</Time>
            <Position>
              <LatitudeDegrees>43.11780131421983</LatitudeDegrees>
              <LongitudeDegrees>-2.584185590967536</LongitudeDegrees>
            </Position>
            <AltitudeMeters>193.0</AltitudeMeters>
            <DistanceMeters>3155.330078125</DistanceMeters>
            <HeartRateBpm>
              <Value>78</Value>
            </HeartRateBpm>
            <Extensions>
              <ns3:TPX>
                <ns3:Speed>0.0</ns3:Speed>
                <ns3:RunCadence>0</ns3:RunCadence>
              </ns3:TPX>
            </Extensions>
          </Trackpoint>
          <Trackpoint>
            <Time>2025-08-03T18:09:42.000Z</Time>
            <Position>
              <LatitudeDegrees>43.117803325876594</LatitudeDegrees>
              <LongitudeDegrees>-2.5841855071485043</LongitudeDegrees>
            </Position>
            <AltitudeMeters>193.0</AltitudeMeters>
            <DistanceMeters>3155.9599609375</DistanceMeters>
            <HeartRateBpm>
              <Value>81</Value>
            </HeartRateBpm>
            <Extensions>
              <ns3:TPX>
                <ns3:Speed>0.0</ns3:Speed>
                <ns3:RunCadence>0</ns3:RunCadence>
              </ns3:TPX>
            </Extensions>
          </Trackpoint>
          <Trackpoint>
            <Time>2025-08-03T18:09:45.000Z</Time>
            <Position>
              <LatitudeDegrees>43.11780399642885</LatitudeDegrees>
              <LongitudeDegrees>-2.5841868482530117</LongitudeDegrees>
            </Position>
            <AltitudeMeters>193.0</AltitudeMeters>
            <DistanceMeters>3155.969970703125</DistanceMeters>
            <HeartRateBpm>
              <Value>78</Value>
            </HeartRateBpm>
            <Extensions>
              <ns3:TPX>
                <ns3:Speed>0.0</ns3:Speed>
                <ns3:RunCadence>0</ns3:RunCadence>
              </ns3:TPX>
            </Extensions>
          </Trackpoint>
          <Trackpoint>
            <Time>2025-08-03T18:09:46.000Z</Time>
            <Position>
              <LatitudeDegrees>43.11780869029462</LatitudeDegrees>
              <LongitudeDegrees>-2.5841807294636965</LongitudeDegrees>
            </Position>
            <AltitudeMeters>193.0</AltitudeMeters>
            <DistanceMeters>3156.3798828125</DistanceMeters>
            <HeartRateBpm>
              <Value>78</Value>
            </HeartRateBpm>
            <Extensions>
              <ns3:TPX>
                <ns3:Speed>0.0</ns3:Speed>
                <ns3:RunCadence>0</ns3:RunCadence>
              </ns3:TPX>
            </Extensions>
          </Trackpoint>
          <Trackpoint>
            <Time>2025-08-03T18:09:49.000Z</Time>
            <Position>
              <LatitudeDegrees>43.117822017520666</LatitudeDegrees>
              <LongitudeDegrees>-2.584170252084732</LongitudeDegrees>
            </Position>
            <AltitudeMeters>192.8000030517578</AltitudeMeters>
            <DistanceMeters>3158.39990234375</DistanceMeters>
            <HeartRateBpm>
              <Value>75</Value>
            </HeartRateBpm>
            <Extensions>
              <ns3:TPX>
                <ns3:Speed>0.47600001096725464</ns3:Speed>
                <ns3:RunCadence>0</ns3:RunCadence>
              </ns3:TPX>
            </Extensions>
          </Trackpoint>
          <Trackpoint>
            <Time>2025-08-03T18:09:52.000Z</Time>
            <Position>
              <LatitudeDegrees>43.11784598976374</LatitudeDegrees>
              <LongitudeDegrees>-2.584158517420292</LongitudeDegrees>
            </Position>
            <AltitudeMeters>192.8000030517578</AltitudeMeters>
            <DistanceMeters>3161.3701171875</DistanceMeters>
            <HeartRateBpm>
              <Value>78</Value>
            </HeartRateBpm>
            <Extensions>
              <ns3:TPX>
                <ns3:Speed>0.9240000247955322</ns3:Speed>
                <ns3:RunCadence>0</ns3:RunCadence>
              </ns3:TPX>
            </Extensions>
          </Trackpoint>
          <Trackpoint>
            <Time>2025-08-03T18:09:53.000Z</Time>
            <Position>
              <LatitudeDegrees>43.11785529367626</LatitudeDegrees>
              <LongitudeDegrees>-2.584156421944499</LongitudeDegrees>
            </Position>
            <AltitudeMeters>192.8000030517578</AltitudeMeters>
            <DistanceMeters>3162.14990234375</DistanceMeters>
            <HeartRateBpm>
              <Value>78</Value>
            </HeartRateBpm>
            <Extensions>
              <ns3:TPX>
                <ns3:Speed>1.0729999542236328</ns3:Speed>
                <ns3:RunCadence>0</ns3:RunCadence>
              </ns3:TPX>
            </Extensions>
          </Trackpoint>
          <Trackpoint>
            <Time>2025-08-03T18:09:57.000Z</Time>
            <Position>
              <LatitudeDegrees>43.117902148514986</LatitudeDegrees>
              <LongitudeDegrees>-2.5841453578323126</LongitudeDegrees>
            </Position>
            <AltitudeMeters>192.8000030517578</AltitudeMeters>
            <DistanceMeters>3166.7099609375</DistanceMeters>
            <HeartRateBpm>
              <Value>79</Value>
            </HeartRateBpm>
            <Extensions>
              <ns3:TPX>
                <ns3:Speed>1.1009999513626099</ns3:Speed>
                <ns3:RunCadence>0</ns3:RunCadence>
              </ns3:TPX>
            </Extensions>
          </Trackpoint>
          <Trackpoint>
            <Time>2025-08-03T18:09:58.000Z</Time>
            <Position>
              <LatitudeDegrees>43.11791690066457</LatitudeDegrees>
              <LongitudeDegrees>-2.584145860746503</LongitudeDegrees>
            </Position>
            <AltitudeMeters>193.0</AltitudeMeters>
            <DistanceMeters>3168.22998046875</DistanceMeters>
            <HeartRateBpm>
              <Value>79</Value>
            </HeartRateBpm>
            <Extensions>
              <ns3:TPX>
                <ns3:Speed>1.4739999771118164</ns3:Speed>
                <ns3:RunCadence>0</ns3:RunCadence>
              </ns3:TPX>
            </Extensions>
          </Trackpoint>
          <Trackpoint>
            <Time>2025-08-03T18:10:06.000Z</Time>
            <Position>
              <LatitudeDegrees>43.118031648918986</LatitudeDegrees>
              <LongitudeDegrees>-2.5840990897268057</LongitudeDegrees>
            </Position>
            <AltitudeMeters>193.0</AltitudeMeters>
            <DistanceMeters>3180.919921875</DistanceMeters>
            <HeartRateBpm>
              <Value>78</Value>
            </HeartRateBpm>
            <Extensions>
              <ns3:TPX>
                <ns3:Speed>1.6979999542236328</ns3:Speed>
                <ns3:RunCadence>57</ns3:RunCadence>
              </ns3:TPX>
            </Extensions>
          </Trackpoint>
          <Trackpoint>
            <Time>2025-08-03T18:10:15.000Z</Time>
            <Position>
              <LatitudeDegrees>43.11817397363484</LatitudeDegrees>
              <LongitudeDegrees>-2.5840778835117817</LongitudeDegrees>
            </Position>
            <AltitudeMeters>192.8000030517578</AltitudeMeters>
            <DistanceMeters>3196.449951171875</DistanceMeters>
            <HeartRateBpm>
              <Value>81</Value>
            </HeartRateBpm>
            <Extensions>
              <ns3:TPX>
                <ns3:Speed>1.7359999418258667</ns3:Speed>
                <ns3:RunCadence>57</ns3:RunCadence>
              </ns3:TPX>
            </Extensions>
          </Trackpoint>
          <Trackpoint>
            <Time>2025-08-03T18:10:16.000Z</Time>
            <Position>
              <LatitudeDegrees>43.11818822287023</LatitudeDegrees>
              <LongitudeDegrees>-2.584079224616289</LongitudeDegrees>
            </Position>
            <AltitudeMeters>192.8000030517578</AltitudeMeters>
            <DistanceMeters>3198.2900390625</DistanceMeters>
            <HeartRateBpm>
              <Value>79</Value>
            </HeartRateBpm>
            <Extensions>
              <ns3:TPX>
                <ns3:Speed>1.7359999418258667</ns3:Speed>
                <ns3:RunCadence>57</ns3:RunCadence>
              </ns3:TPX>
            </Extensions>
          </Trackpoint>
          <Trackpoint>
            <Time>2025-08-03T18:10:23.000Z</Time>
            <Position>
              <LatitudeDegrees>43.1182967685163</LatitudeDegrees>
              <LongitudeDegrees>-2.5840897019952536</LongitudeDegrees>
            </Position>
            <AltitudeMeters>193.0</AltitudeMeters>
            <DistanceMeters>3210.52001953125</DistanceMeters>
            <HeartRateBpm>
              <Value>79</Value>
            </HeartRateBpm>
            <Extensions>
              <ns3:TPX>
                <ns3:Speed>1.7730000019073486</ns3:Speed>
                <ns3:RunCadence>57</ns3:RunCadence>
              </ns3:TPX>
            </Extensions>
          </Trackpoint>
          <Trackpoint>
            <Time>2025-08-03T18:10:31.000Z</Time>
            <Position>
              <LatitudeDegrees>43.11842601746321</LatitudeDegrees>
              <LongitudeDegrees>-2.584143429994583</LongitudeDegrees>
            </Position>
            <AltitudeMeters>192.8000030517578</AltitudeMeters>
            <DistanceMeters>3225.7900390625</DistanceMeters>
            <HeartRateBpm>
              <Value>79</Value>
            </HeartRateBpm>
            <Extensions>
              <ns3:TPX>
                <ns3:Speed>1.7910000085830688</ns3:Speed>
                <ns3:RunCadence>57</ns3:RunCadence>
              </ns3:TPX>
            </Extensions>
          </Trackpoint>
          <Trackpoint>
            <Time>2025-08-03T18:10:36.000Z</Time>
            <Position>
              <LatitudeDegrees>43.118508495390415</LatitudeDegrees>
              <LongitudeDegrees>-2.5841550808399916</LongitudeDegrees>
            </Position>
            <AltitudeMeters>192.39999389648438</AltitudeMeters>
            <DistanceMeters>3234.610107421875</DistanceMeters>
            <HeartRateBpm>
              <Value>77</Value>
            </HeartRateBpm>
            <Extensions>
              <ns3:TPX>
                <ns3:Speed>1.781999945640564</ns3:Speed>
                <ns3:RunCadence>0</ns3:RunCadence>
              </ns3:TPX>
            </Extensions>
          </Trackpoint>
          <Trackpoint>
            <Time>2025-08-03T18:10:38.000Z</Time>
            <Position>
              <LatitudeDegrees>43.11853649094701</LatitudeDegrees>
              <LongitudeDegrees>-2.5841630436480045</LongitudeDegrees>
            </Position>
            <AltitudeMeters>192.1999969482422</AltitudeMeters>
            <DistanceMeters>3237.679931640625</DistanceMeters>
            <HeartRateBpm>
              <Value>76</Value>
            </HeartRateBpm>
            <Extensions>
              <ns3:TPX>
                <ns3:Speed>1.819000005722046</ns3:Speed>
                <ns3:RunCadence>0</ns3:RunCadence>
              </ns3:TPX>
            </Extensions>
          </Trackpoint>
          <Trackpoint>
            <Time>2025-08-03T18:10:39.000Z</Time>
            <Position>
              <LatitudeDegrees>43.1185488961637</LatitudeDegrees>
              <LongitudeDegrees>-2.584167066961527</LongitudeDegrees>
            </Position>
            <AltitudeMeters>192.0</AltitudeMeters>
            <DistanceMeters>3239.449951171875</DistanceMeters>
            <HeartRateBpm>
              <Value>78</Value>
            </HeartRateBpm>
            <Extensions>
              <ns3:TPX>
                <ns3:Speed>1.819000005722046</ns3:Speed>
                <ns3:RunCadence>0</ns3:RunCadence>
              </ns3:TPX>
            </Extensions>
          </Trackpoint>
          <Trackpoint>
            <Time>2025-08-03T18:10:40.000Z</Time>
            <Position>
              <LatitudeDegrees>43.11856188811362</LatitudeDegrees>
              <LongitudeDegrees>-2.5841757841408253</LongitudeDegrees>
            </Position>
            <AltitudeMeters>192.0</AltitudeMeters>
            <DistanceMeters>3241.469970703125</DistanceMeters>
            <HeartRateBpm>
              <Value>76</Value>
            </HeartRateBpm>
            <Extensions>
              <ns3:TPX>
                <ns3:Speed>1.819000005722046</ns3:Speed>
                <ns3:RunCadence>0</ns3:RunCadence>
              </ns3:TPX>
            </Extensions>
          </Trackpoint>
          <Trackpoint>
            <Time>2025-08-03T18:10:44.000Z</Time>
            <Position>
              <LatitudeDegrees>43.118622824549675</LatitudeDegrees>
              <LongitudeDegrees>-2.5842086412012577</LongitudeDegrees>
            </Position>
            <AltitudeMeters>191.8000030517578</AltitudeMeters>
            <DistanceMeters>3248.889892578125</DistanceMeters>
            <HeartRateBpm>
              <Value>79</Value>
            </HeartRateBpm>
            <Extensions>
              <ns3:TPX>
                <ns3:Speed>1.819000005722046</ns3:Speed>
                <ns3:RunCadence>57</ns3:RunCadence>
              </ns3:TPX>
            </Extensions>
          </Trackpoint>
          <Trackpoint>
            <Time>2025-08-03T18:10:49.000Z</Time>
            <Position>
              <LatitudeDegrees>43.11869256198406</LatitudeDegrees>
              <LongitudeDegrees>-2.5842401571571827</LongitudeDegrees>
            </Position>
            <AltitudeMeters>192.60000610351562</AltitudeMeters>
            <DistanceMeters>3257.530029296875</DistanceMeters>
            <HeartRateBpm>
              <Value>78</Value>
            </HeartRateBpm>
            <Extensions>
              <ns3:TPX>
                <ns3:Speed>1.819000005722046</ns3:Speed>
                <ns3:RunCadence>57</ns3:RunCadence>
              </ns3:TPX>
            </Extensions>
          </Trackpoint>
          <Trackpoint>
            <Time>2025-08-03T18:10:56.000Z</Time>
            <Position>
              <LatitudeDegrees>43.11880194582045</LatitudeDegrees>
              <LongitudeDegrees>-2.584263291209936</LongitudeDegrees>
            </Position>
            <AltitudeMeters>192.1999969482422</AltitudeMeters>
            <DistanceMeters>3269.5400390625</DistanceMeters>
            <HeartRateBpm>
              <Value>81</Value>
            </HeartRateBpm>
            <Extensions>
              <ns3:TPX>
                <ns3:Speed>1.8009999990463257</ns3:Speed>
                <ns3:RunCadence>58</ns3:RunCadence>
              </ns3:TPX>
            </Extensions>
          </Trackpoint>
          <Trackpoint>
            <Time>2025-08-03T18:10:57.000Z</Time>
            <Position>
              <LatitudeDegrees>43.11881711706519</LatitudeDegrees>
              <LongitudeDegrees>-2.584264799952507</LongitudeDegrees>
            </Position>
            <AltitudeMeters>192.0</AltitudeMeters>
            <DistanceMeters>3271.360107421875</DistanceMeters>
            <HeartRateBpm>
              <Value>78</Value>
            </HeartRateBpm>
            <Extensions>
              <ns3:TPX>
                <ns3:Speed>1.809999942779541</ns3:Speed>
                <ns3:RunCadence>57</ns3:RunCadence>
              </ns3:TPX>
            </Extensions>
          </Trackpoint>
          <Trackpoint>
            <Time>2025-08-03T18:10:58.000Z</Time>
            <Position>
              <LatitudeDegrees>43.118833377957344</LatitudeDegrees>
              <LongitudeDegrees>-2.584270164370537</LongitudeDegrees>
            </Position>
            <AltitudeMeters>192.0</AltitudeMeters>
            <DistanceMeters>3273.300048828125</DistanceMeters>
            <HeartRateBpm>
              <Value>78</Value>
            </HeartRateBpm>
            <Extensions>
              <ns3:TPX>
                <ns3:Speed>1.819000005722046</ns3:Speed>
                <ns3:RunCadence>57</ns3:RunCadence>
              </ns3:TPX>
            </Extensions>
          </Trackpoint>
          <Trackpoint>
            <Time>2025-08-03T18:11:03.000Z</Time>
            <Position>
              <LatitudeDegrees>43.118899343535304</LatitudeDegrees>
              <LongitudeDegrees>-2.5843020994216204</LongitudeDegrees>
            </Position>
            <AltitudeMeters>191.60000610351562</AltitudeMeters>
            <DistanceMeters>3281.449951171875</DistanceMeters>
            <HeartRateBpm>
              <Value>75</Value>
            </HeartRateBpm>
            <Extensions>
              <ns3:TPX>
                <ns3:Speed>1.809999942779541</ns3:Speed>
                <ns3:RunCadence>57</ns3:RunCadence>
              </ns3:TPX>
            </Extensions>
          </Trackpoint>
          <Trackpoint>
            <Time>2025-08-03T18:11:08.000Z</Time>
            <Position>
              <LatitudeDegrees>43.11897595413029</LatitudeDegrees>
              <LongitudeDegrees>-2.584339315071702</LongitudeDegrees>
            </Position>
            <AltitudeMeters>191.1999969482422</AltitudeMeters>
            <DistanceMeters>3290.0</DistanceMeters>
            <HeartRateBpm>
              <Value>78</Value>
            </HeartRateBpm>
            <Extensions>
              <ns3:TPX>
                <ns3:Speed>1.781999945640564</ns3:Speed>
                <ns3:RunCadence>57</ns3:RunCadence>
              </ns3:TPX>
            </Extensions>
          </Trackpoint>
          <Trackpoint>
            <Time>2025-08-03T18:11:11.000Z</Time>
            <Position>
              <LatitudeDegrees>43.119023060426116</LatitudeDegrees>
              <LongitudeDegrees>-2.584359012544155</LongitudeDegrees>
            </Position>
            <AltitudeMeters>191.39999389648438</AltitudeMeters>
            <DistanceMeters>3295.050048828125</DistanceMeters>
            <HeartRateBpm>
              <Value>74</Value>
            </HeartRateBpm>
            <Extensions>
              <ns3:TPX>
                <ns3:Speed>1.781999945640564</ns3:Speed>
                <ns3:RunCadence>57</ns3:RunCadence>
              </ns3:TPX>
            </Extensions>
          </Trackpoint>
          <Trackpoint>
            <Time>2025-08-03T18:11:15.000Z</Time>
            <Position>
              <LatitudeDegrees>43.1190671492368</LatitudeDegrees>
              <LongitudeDegrees>-2.5843865051865578</LongitudeDegrees>
            </Position>
            <AltitudeMeters>192.39999389648438</AltitudeMeters>
            <DistanceMeters>3301.510009765625</DistanceMeters>
            <HeartRateBpm>
              <Value>75</Value>
            </HeartRateBpm>
            <Extensions>
              <ns3:TPX>
                <ns3:Speed>1.7640000581741333</ns3:Speed>
                <ns3:RunCadence>57</ns3:RunCadence>
              </ns3:TPX>
            </Extensions>
          </Trackpoint>
          <Trackpoint>
            <Time>2025-08-03T18:11:21.000Z</Time>
            <Position>
              <LatitudeDegrees>43.1191448494792</LatitudeDegrees>
              <LongitudeDegrees>-2.584438221529126</LongitudeDegrees>
            </Position>
            <AltitudeMeters>192.0</AltitudeMeters>
            <DistanceMeters>3310.340087890625</DistanceMeters>
            <HeartRateBpm>
              <Value>74</Value>
            </HeartRateBpm>
            <Extensions>
              <ns3:TPX>
                <ns3:Speed>1.7359999418258667</ns3:Speed>
                <ns3:RunCadence>57</ns3:RunCadence>
              </ns3:TPX>
            </Extensions>
          </Trackpoint>
          <Trackpoint>
            <Time>2025-08-03T18:11:30.000Z</Time>
            <Position>
              <LatitudeDegrees>43.11928021721542</LatitudeDegrees>
              <LongitudeDegrees>-2.584516843780875</LongitudeDegrees>
            </Position>
            <AltitudeMeters>191.0</AltitudeMeters>
            <DistanceMeters>3324.659912109375</DistanceMeters>
            <HeartRateBpm>
              <Value>75</Value>
            </HeartRateBpm>
            <Extensions>
              <ns3:TPX>
                <ns3:Speed>1.6799999475479126</ns3:Speed>
                <ns3:RunCadence>57</ns3:RunCadence>
              </ns3:TPX>
            </Extensions>
          </Trackpoint>
          <Trackpoint>
            <Time>2025-08-03T18:11:35.000Z</Time>
            <Position>
              <LatitudeDegrees>43.11934961937368</LatitudeDegrees>
              <LongitudeDegrees>-2.584567302837968</LongitudeDegrees>
            </Position>
            <AltitudeMeters>191.39999389648438</AltitudeMeters>
            <DistanceMeters>3333.77001953125</DistanceMeters>
            <HeartRateBpm>
              <Value>72</Value>
            </HeartRateBpm>
            <Extensions>
              <ns3:TPX>
                <ns3:Speed>1.7079999446868896</ns3:Speed>
                <ns3:RunCadence>57</ns3:RunCadence>
              </ns3:TPX>
            </Extensions>
          </Trackpoint>
          <Trackpoint>
            <Time>2025-08-03T18:11:36.000Z</Time>
            <Position>
              <LatitudeDegrees>43.11936479061842</LatitudeDegrees>
              <LongitudeDegrees>-2.5845741759985685</LongitudeDegrees>
            </Position>
            <AltitudeMeters>191.60000610351562</AltitudeMeters>
            <DistanceMeters>3335.25</DistanceMeters>
            <HeartRateBpm>
              <Value>75</Value>
            </HeartRateBpm>
            <Extensions>
              <ns3:TPX>
                <ns3:Speed>1.7079999446868896</ns3:Speed>
                <ns3:RunCadence>57</ns3:RunCadence>
              </ns3:TPX>
            </Extensions>
          </Trackpoint>
          <Trackpoint>
            <Time>2025-08-03T18:11:37.000Z</Time>
            <Position>
              <LatitudeDegrees>43.119384823367</LatitudeDegrees>
              <LongitudeDegrees>-2.5845842342823744</LongitudeDegrees>
            </Position>
            <AltitudeMeters>191.60000610351562</AltitudeMeters>
            <DistanceMeters>3337.110107421875</DistanceMeters>
            <HeartRateBpm>
              <Value>73</Value>
            </HeartRateBpm>
            <Extensions>
              <ns3:TPX>
                <ns3:Speed>1.7079999446868896</ns3:Speed>
                <ns3:RunCadence>57</ns3:RunCadence>
              </ns3:TPX>
            </Extensions>
          </Trackpoint>
          <Trackpoint>
            <Time>2025-08-03T18:11:47.000Z</Time>
            <Position>
              <LatitudeDegrees>43.11953544616699</LatitudeDegrees>
              <LongitudeDegrees>-2.5846674665808678</LongitudeDegrees>
            </Position>
            <AltitudeMeters>190.8000030517578</AltitudeMeters>
            <DistanceMeters>3355.75</DistanceMeters>
            <HeartRateBpm>
              <Value>77</Value>
            </HeartRateBpm>
            <Extensions>
              <ns3:TPX>
                <ns3:Speed>1.7450000047683716</ns3:Speed>
                <ns3:RunCadence>57</ns3:RunCadence>
              </ns3:TPX>
            </Extensions>
          </Trackpoint>
          <Trackpoint>
            <Time>2025-08-03T18:11:55.000Z</Time>
            <Position>
              <LatitudeDegrees>43.11963242478669</LatitudeDegrees>
              <LongitudeDegrees>-2.5846989825367928</LongitudeDegrees>
            </Position>
            <AltitudeMeters>191.0</AltitudeMeters>
            <DistanceMeters>3369.010009765625</DistanceMeters>
            <HeartRateBpm>
              <Value>73</Value>
            </HeartRateBpm>
            <Extensions>
              <ns3:TPX>
                <ns3:Speed>1.7450000047683716</ns3:Speed>
                <ns3:RunCadence>57</ns3:RunCadence>
              </ns3:TPX>
            </Extensions>
          </Trackpoint>
          <Trackpoint>
            <Time>2025-08-03T18:11:56.000Z</Time>
            <Position>
              <LatitudeDegrees>43.119642063975334</LatitudeDegrees>
              <LongitudeDegrees>-2.5847057718783617</LongitudeDegrees>
            </Position>
            <AltitudeMeters>191.1999969482422</AltitudeMeters>
            <DistanceMeters>3370.39990234375</DistanceMeters>
            <HeartRateBpm>
              <Value>71</Value>
            </HeartRateBpm>
            <Extensions>
              <ns3:TPX>
                <ns3:Speed>1.7450000047683716</ns3:Speed>
                <ns3:RunCadence>56</ns3:RunCadence>
              </ns3:TPX>
            </Extensions>
          </Trackpoint>
          <Trackpoint>
            <Time>2025-08-03T18:11:57.000Z</Time>
            <Position>
              <LatitudeDegrees>43.119650445878506</LatitudeDegrees>
              <LongitudeDegrees>-2.584712728857994</LongitudeDegrees>
            </Position>
            <AltitudeMeters>191.1999969482422</AltitudeMeters>
            <DistanceMeters>3371.800048828125</DistanceMeters>
            <HeartRateBpm>
              <Value>76</Value>
            </HeartRateBpm>
            <Extensions>
              <ns3:TPX>
                <ns3:Speed>1.7359999418258667</ns3:Speed>
                <ns3:RunCadence>55</ns3:RunCadence>
              </ns3:TPX>
            </Extensions>
          </Trackpoint>
          <Trackpoint>
            <Time>2025-08-03T18:12:05.000Z</Time>
            <Position>
              <LatitudeDegrees>43.11975521966815</LatitudeDegrees>
              <LongitudeDegrees>-2.5847620982676744</LongitudeDegrees>
            </Position>
            <AltitudeMeters>190.8000030517578</AltitudeMeters>
            <DistanceMeters>3383.8798828125</DistanceMeters>
            <HeartRateBpm>
              <Value>74</Value>
            </HeartRateBpm>
            <Extensions>
              <ns3:TPX>
                <ns3:Speed>1.6890000104904175</ns3:Speed>
                <ns3:RunCadence>57</ns3:RunCadence>
              </ns3:TPX>
            </Extensions>
          </Trackpoint>
          <Trackpoint>
            <Time>2025-08-03T18:12:12.000Z</Time>
            <Position>
              <LatitudeDegrees>43.11985890381038</LatitudeDegrees>
              <LongitudeDegrees>-2.584813814610243</LongitudeDegrees>
            </Position>
            <AltitudeMeters>190.8000030517578</AltitudeMeters>
            <DistanceMeters>3393.39990234375</DistanceMeters>
            <HeartRateBpm>
              <Value>75</Value>
            </HeartRateBpm>
            <Extensions>
              <ns3:TPX>
                <ns3:Speed>1.6519999504089355</ns3:Speed>
                <ns3:RunCadence>57</ns3:RunCadence>
              </ns3:TPX>
            </Extensions>
          </Trackpoint>
          <Trackpoint>
            <Time>2025-08-03T18:12:17.000Z</Time>
            <Position>
              <LatitudeDegrees>43.11992855742574</LatitudeDegrees>
              <LongitudeDegrees>-2.5848348531872034</LongitudeDegrees>
            </Position>
            <AltitudeMeters>191.1999969482422</AltitudeMeters>
            <DistanceMeters>3399.530029296875</DistanceMeters>
            <HeartRateBpm>
              <Value>70</Value>
            </HeartRateBpm>
            <Extensions>
              <ns3:TPX>
                <ns3:Speed>1.6139999628067017</ns3:Speed>
                <ns3:RunCadence>56</ns3:RunCadence>
              </ns3:TPX>
            </Extensions>
          </Trackpoint>
          <Trackpoint>
            <Time>2025-08-03T18:12:19.000Z</Time>
            <Position>
              <LatitudeDegrees>43.119949428364635</LatitudeDegrees>
              <LongitudeDegrees>-2.584833260625601</LongitudeDegrees>
            </Position>
            <AltitudeMeters>191.1999969482422</AltitudeMeters>
            <DistanceMeters>3402.7900390625</DistanceMeters>
            <HeartRateBpm>
              <Value>72</Value>
            </HeartRateBpm>
            <Extensions>
              <ns3:TPX>
                <ns3:Speed>1.5959999561309814</ns3:Speed>
                <ns3:RunCadence>56</ns3:RunCadence>
              </ns3:TPX>
            </Extensions>
          </Trackpoint>
          <Trackpoint>
            <Time>2025-08-03T18:12:25.000Z</Time>
            <Position>
              <LatitudeDegrees>43.12000147998333</LatitudeDegrees>
              <LongitudeDegrees>-2.584844743832946</LongitudeDegrees>
            </Position>
            <AltitudeMeters>191.0</AltitudeMeters>
            <DistanceMeters>3409.39990234375</DistanceMeters>
            <HeartRateBpm>
              <Value>70</Value>
            </HeartRateBpm>
            <Extensions>
              <ns3:TPX>
                <ns3:Speed>1.5490000247955322</ns3:Speed>
                <ns3:RunCadence>56</ns3:RunCadence>
              </ns3:TPX>
            </Extensions>
          </Trackpoint>
          <Trackpoint>
            <Time>2025-08-03T18:12:26.000Z</Time>
            <Position>
              <LatitudeDegrees>43.120003156363964</LatitudeDegrees>
              <LongitudeDegrees>-2.584841810166836</LongitudeDegrees>
            </Position>
            <AltitudeMeters>191.1999969482422</AltitudeMeters>
            <DistanceMeters>3410.469970703125</DistanceMeters>
            <HeartRateBpm>
              <Value>67</Value>
            </HeartRateBpm>
            <Extensions>
              <ns3:TPX>
                <ns3:Speed>1.5210000276565552</ns3:Speed>
                <ns3:RunCadence>0</ns3:RunCadence>
              </ns3:TPX>
            </Extensions>
          </Trackpoint>
          <Trackpoint>
            <Time>2025-08-03T18:12:34.000Z</Time>
            <Position>
              <LatitudeDegrees>43.12006702646613</LatitudeDegrees>
              <LongitudeDegrees>-2.5848001521080732</LongitudeDegrees>
            </Position>
            <AltitudeMeters>190.8000030517578</AltitudeMeters>
            <DistanceMeters>3413.570068359375</DistanceMeters>
            <HeartRateBpm>
              <Value>67</Value>
            </HeartRateBpm>
            <Extensions>
              <ns3:TPX>
                <ns3:Speed>0.0</ns3:Speed>
                <ns3:RunCadence>0</ns3:RunCadence>
              </ns3:TPX>
            </Extensions>
          </Trackpoint>
          <Trackpoint>
            <Time>2025-08-03T18:12:36.000Z</Time>
            <Position>
              <LatitudeDegrees>43.12010751105845</LatitudeDegrees>
              <LongitudeDegrees>-2.584787327796221</LongitudeDegrees>
            </Position>
            <AltitudeMeters>190.8000030517578</AltitudeMeters>
            <DistanceMeters>3417.429931640625</DistanceMeters>
            <HeartRateBpm>
              <Value>64</Value>
            </HeartRateBpm>
            <Extensions>
              <ns3:TPX>
                <ns3:Speed>0.5040000081062317</ns3:Speed>
                <ns3:RunCadence>0</ns3:RunCadence>
              </ns3:TPX>
            </Extensions>
          </Trackpoint>
          <Trackpoint>
            <Time>2025-08-03T18:12:37.000Z</Time>
            <Position>
              <LatitudeDegrees>43.120123939588666</LatitudeDegrees>
              <LongitudeDegrees>-2.584779867902398</LongitudeDegrees>
            </Position>
            <AltitudeMeters>190.8000030517578</AltitudeMeters>
            <DistanceMeters>3420.050048828125</DistanceMeters>
            <HeartRateBpm>
              <Value>67</Value>
            </HeartRateBpm>
            <Extensions>
              <ns3:TPX>
                <ns3:Speed>1.2130000591278076</ns3:Speed>
                <ns3:RunCadence>0</ns3:RunCadence>
              </ns3:TPX>
            </Extensions>
          </Trackpoint>
          <Trackpoint>
            <Time>2025-08-03T18:12:41.000Z</Time>
            <Position>
              <LatitudeDegrees>43.120169872418046</LatitudeDegrees>
              <LongitudeDegrees>-2.5847703125327826</LongitudeDegrees>
            </Position>
            <AltitudeMeters>191.0</AltitudeMeters>
            <DistanceMeters>3428.77001953125</DistanceMeters>
            <HeartRateBpm>
              <Value>67</Value>
            </HeartRateBpm>
            <Extensions>
              <ns3:TPX>
                <ns3:Speed>1.9869999885559082</ns3:Speed>
                <ns3:RunCadence>57</ns3:RunCadence>
              </ns3:TPX>
            </Extensions>
          </Trackpoint>
          <Trackpoint>
            <Time>2025-08-03T18:12:48.000Z</Time>
            <Position>
              <LatitudeDegrees>43.12027154490352</LatitudeDegrees>
              <LongitudeDegrees>-2.5847958773374557</LongitudeDegrees>
            </Position>
            <AltitudeMeters>190.8000030517578</AltitudeMeters>
            <DistanceMeters>3439.080078125</DistanceMeters>
            <HeartRateBpm>
              <Value>67</Value>
            </HeartRateBpm>
            <Extensions>
              <ns3:TPX>
                <ns3:Speed>1.5859999656677246</ns3:Speed>
                <ns3:RunCadence>57</ns3:RunCadence>
              </ns3:TPX>
            </Extensions>
          </Trackpoint>
          <Trackpoint>
            <Time>2025-08-03T18:12:50.000Z</Time>
            <Position>
              <LatitudeDegrees>43.12029920518398</LatitudeDegrees>
              <LongitudeDegrees>-2.584814066067338</LongitudeDegrees>
            </Position>
            <AltitudeMeters>190.60000610351562</AltitudeMeters>
            <DistanceMeters>3442.06005859375</DistanceMeters>
            <HeartRateBpm>
              <Value>63</Value>
            </HeartRateBpm>
            <Extensions>
              <ns3:TPX>
                <ns3:Speed>1.5959999561309814</ns3:Speed>
                <ns3:RunCadence>55</ns3:RunCadence>
              </ns3:TPX>
            </Extensions>
          </Trackpoint>
          <Trackpoint>
            <Time>2025-08-03T18:12:51.000Z</Time>
            <Position>
              <LatitudeDegrees>43.12031504698098</LatitudeDegrees>
              <LongitudeDegrees>-2.58481465280056</LongitudeDegrees>
            </Position>
            <AltitudeMeters>190.60000610351562</AltitudeMeters>
            <DistanceMeters>3443.639892578125</DistanceMeters>
            <HeartRateBpm>
              <Value>68</Value>
            </HeartRateBpm>
            <Extensions>
              <ns3:TPX>
                <ns3:Speed>1.5959999561309814</ns3:Speed>
                <ns3:RunCadence>55</ns3:RunCadence>
              </ns3:TPX>
            </Extensions>
          </Trackpoint>
          <Trackpoint>
            <Time>2025-08-03T18:12:55.000Z</Time>
            <Position>
              <LatitudeDegrees>43.120387298986316</LatitudeDegrees>
              <LongitudeDegrees>-2.5847952906042337</LongitudeDegrees>
            </Position>
            <AltitudeMeters>190.60000610351562</AltitudeMeters>
            <DistanceMeters>3450.320068359375</DistanceMeters>
            <HeartRateBpm>
              <Value>67</Value>
            </HeartRateBpm>
            <Extensions>
              <ns3:TPX>
                <ns3:Speed>1.6050000190734863</ns3:Speed>
                <ns3:RunCadence>57</ns3:RunCadence>
              </ns3:TPX>
            </Extensions>
          </Trackpoint>
          <Trackpoint>
            <Time>2025-08-03T18:13:01.000Z</Time>
            <Position>
              <LatitudeDegrees>43.12046726234257</LatitudeDegrees>
              <LongitudeDegrees>-2.5847664568573236</LongitudeDegrees>
            </Position>
            <AltitudeMeters>191.0</AltitudeMeters>
            <DistanceMeters>3458.56005859375</DistanceMeters>
            <HeartRateBpm>
              <Value>64</Value>
            </HeartRateBpm>
            <Extensions>
              <ns3:TPX>
                <ns3:Speed>1.5210000276565552</ns3:Speed>
                <ns3:RunCadence>57</ns3:RunCadence>
              </ns3:TPX>
            </Extensions>
          </Trackpoint>
          <Trackpoint>
            <Time>2025-08-03T18:13:02.000Z</Time>
            <Position>
              <LatitudeDegrees>43.12048117630184</LatitudeDegrees>
              <LongitudeDegrees>-2.5847594160586596</LongitudeDegrees>
            </Position>
            <AltitudeMeters>191.0</AltitudeMeters>
            <DistanceMeters>3461.340087890625</DistanceMeters>
            <HeartRateBpm>
              <Value>67</Value>
            </HeartRateBpm>
            <Extensions>
              <ns3:TPX>
                <ns3:Speed>1.5119999647140503</ns3:Speed>
                <ns3:RunCadence>57</ns3:RunCadence>
              </ns3:TPX>
            </Extensions>
          </Trackpoint>
          <Trackpoint>
            <Time>2025-08-03T18:13:09.000Z</Time>
            <Position>
              <LatitudeDegrees>43.120582681149244</LatitudeDegrees>
              <LongitudeDegrees>-2.584734857082367</LongitudeDegrees>
            </Position>
            <AltitudeMeters>190.1999969482422</AltitudeMeters>
            <DistanceMeters>3473.949951171875</DistanceMeters>
            <HeartRateBpm>
              <Value>70</Value>
            </HeartRateBpm>
            <Extensions>
              <ns3:TPX>
                <ns3:Speed>1.5399999618530273</ns3:Speed>
                <ns3:RunCadence>56</ns3:RunCadence>
              </ns3:TPX>
            </Extensions>
          </Trackpoint>
          <Trackpoint>
            <Time>2025-08-03T18:13:11.000Z</Time>
            <Position>
              <LatitudeDegrees>43.120616963133216</LatitudeDegrees>
              <LongitudeDegrees>-2.5847207754850388</LongitudeDegrees>
            </Position>
            <AltitudeMeters>190.0</AltitudeMeters>
            <DistanceMeters>3477.320068359375</DistanceMeters>
            <HeartRateBpm>
              <Value>69</Value>
            </HeartRateBpm>
            <Extensions>
              <ns3:TPX>
                <ns3:Speed>1.5399999618530273</ns3:Speed>
                <ns3:RunCadence>57</ns3:RunCadence>
              </ns3:TPX>
            </Extensions>
          </Trackpoint>
          <Trackpoint>
            <Time>2025-08-03T18:13:16.000Z</Time>
            <Position>
              <LatitudeDegrees>43.12070220708847</LatitudeDegrees>
              <LongitudeDegrees>-2.5846811290830374</LongitudeDegrees>
            </Position>
            <AltitudeMeters>189.60000610351562</AltitudeMeters>
            <DistanceMeters>3487.27001953125</DistanceMeters>
            <HeartRateBpm>
              <Value>68</Value>
            </HeartRateBpm>
            <Extensions>
              <ns3:TPX>
                <ns3:Speed>1.5770000219345093</ns3:Speed>
                <ns3:RunCadence>57</ns3:RunCadence>
              </ns3:TPX>
            </Extensions>
          </Trackpoint>
          <Trackpoint>
            <Time>2025-08-03T18:13:23.000Z</Time>
            <Position>
              <LatitudeDegrees>43.12081268057227</LatitudeDegrees>
              <LongitudeDegrees>-2.5846510380506516</LongitudeDegrees>
            </Position>
            <AltitudeMeters>190.0</AltitudeMeters>
            <DistanceMeters>3501.199951171875</DistanceMeters>
            <HeartRateBpm>
              <Value>69</Value>
            </HeartRateBpm>
            <Extensions>
              <ns3:TPX>
                <ns3:Speed>1.6610000133514404</ns3:Speed>
                <ns3:RunCadence>55</ns3:RunCadence>
              </ns3:TPX>
            </Extensions>
          </Trackpoint>
          <Trackpoint>
            <Time>2025-08-03T18:13:29.000Z</Time>
            <Position>
              <LatitudeDegrees>43.120910162106156</LatitudeDegrees>
              <LongitudeDegrees>-2.5846080388873816</LongitudeDegrees>
            </Position>
            <AltitudeMeters>189.39999389648438</AltitudeMeters>
            <DistanceMeters>3512.7099609375</DistanceMeters>
            <HeartRateBpm>
              <Value>70</Value>
            </HeartRateBpm>
            <Extensions>
              <ns3:TPX>
                <ns3:Speed>1.7170000076293945</ns3:Speed>
                <ns3:RunCadence>57</ns3:RunCadence>
              </ns3:TPX>
            </Extensions>
          </Trackpoint>
          <Trackpoint>
            <Time>2025-08-03T18:13:37.000Z</Time>
            <Position>
              <LatitudeDegrees>43.121005799621344</LatitudeDegrees>
              <LongitudeDegrees>-2.5845658779144287</LongitudeDegrees>
            </Position>
            <AltitudeMeters>189.0</AltitudeMeters>
            <DistanceMeters>3525.580078125</DistanceMeters>
            <HeartRateBpm>
              <Value>69</Value>
            </HeartRateBpm>
            <Extensions>
              <ns3:TPX>
                <ns3:Speed>1.7170000076293945</ns3:Speed>
                <ns3:RunCadence>57</ns3:RunCadence>
              </ns3:TPX>
            </Extensions>
          </Trackpoint>
          <Trackpoint>
            <Time>2025-08-03T18:13:44.000Z</Time>
            <Position>
              <LatitudeDegrees>43.121097665280104</LatitudeDegrees>
              <LongitudeDegrees>-2.5845291651785374</LongitudeDegrees>
            </Position>
            <AltitudeMeters>189.60000610351562</AltitudeMeters>
            <DistanceMeters>3535.6298828125</DistanceMeters>
            <HeartRateBpm>
              <Value>69</Value>
            </HeartRateBpm>
            <Extensions>
              <ns3:TPX>
                <ns3:Speed>1.6799999475479126</ns3:Speed>
                <ns3:RunCadence>57</ns3:RunCadence>
              </ns3:TPX>
            </Extensions>
          </Trackpoint>
          <Trackpoint>
            <Time>2025-08-03T18:13:50.000Z</Time>
            <Position>
              <LatitudeDegrees>43.12120143324137</LatitudeDegrees>
              <LongitudeDegrees>-2.5845034327358007</LongitudeDegrees>
            </Position>
            <AltitudeMeters>189.0</AltitudeMeters>
            <DistanceMeters>3546.780029296875</DistanceMeters>
            <HeartRateBpm>
              <Value>70</Value>
            </HeartRateBpm>
            <Extensions>
              <ns3:TPX>
                <ns3:Speed>1.6979999542236328</ns3:Speed>
                <ns3:RunCadence>58</ns3:RunCadence>
              </ns3:TPX>
            </Extensions>
          </Trackpoint>
          <Trackpoint>
            <Time>2025-08-03T18:13:52.000Z</Time>
            <Position>
              <LatitudeDegrees>43.121227752417326</LatitudeDegrees>
              <LongitudeDegrees>-2.5844941288232803</LongitudeDegrees>
            </Position>
            <AltitudeMeters>188.8000030517578</AltitudeMeters>
            <DistanceMeters>3550.419921875</DistanceMeters>
            <HeartRateBpm>
              <Value>67</Value>
            </HeartRateBpm>
            <Extensions>
              <ns3:TPX>
                <ns3:Speed>1.6979999542236328</ns3:Speed>
                <ns3:RunCadence>57</ns3:RunCadence>
              </ns3:TPX>
            </Extensions>
          </Trackpoint>
          <Trackpoint>
            <Time>2025-08-03T18:13:53.000Z</Time>
            <Position>
              <LatitudeDegrees>43.12124074436724</LatitudeDegrees>
              <LongitudeDegrees>-2.584488345310092</LongitudeDegrees>
            </Position>
            <AltitudeMeters>188.8000030517578</AltitudeMeters>
            <DistanceMeters>3552.080078125</DistanceMeters>
            <HeartRateBpm>
              <Value>70</Value>
            </HeartRateBpm>
            <Extensions>
              <ns3:TPX>
                <ns3:Speed>1.7079999446868896</ns3:Speed>
                <ns3:RunCadence>57</ns3:RunCadence>
              </ns3:TPX>
            </Extensions>
          </Trackpoint>
          <Trackpoint>
            <Time>2025-08-03T18:13:54.000Z</Time>
            <Position>
              <LatitudeDegrees>43.12125985510647</LatitudeDegrees>
              <LongitudeDegrees>-2.5844792928546667</LongitudeDegrees>
            </Position>
            <AltitudeMeters>188.8000030517578</AltitudeMeters>
            <DistanceMeters>3553.570068359375</DistanceMeters>
            <HeartRateBpm>
              <Value>67</Value>
            </HeartRateBpm>
            <Extensions>
              <ns3:TPX>
                <ns3:Speed>1.7079999446868896</ns3:Speed>
                <ns3:RunCadence>57</ns3:RunCadence>
              </ns3:TPX>
            </Extensions>
          </Trackpoint>
          <Trackpoint>
            <Time>2025-08-03T18:13:55.000Z</Time>
            <Position>
              <LatitudeDegrees>43.121277121827006</LatitudeDegrees>
              <LongitudeDegrees>-2.5844688154757023</LongitudeDegrees>
            </Position>
            <AltitudeMeters>188.60000610351562</AltitudeMeters>
            <DistanceMeters>3555.360107421875</DistanceMeters>
            <HeartRateBpm>
              <Value>70</Value>
            </HeartRateBpm>
            <Extensions>
              <ns3:TPX>
                <ns3:Speed>1.7079999446868896</ns3:Speed>
                <ns3:RunCadence>57</ns3:RunCadence>
              </ns3:TPX>
            </Extensions>
          </Trackpoint>
          <Trackpoint>
            <Time>2025-08-03T18:13:56.000Z</Time>
            <Position>
              <LatitudeDegrees>43.121297154575586</LatitudeDegrees>
              <LongitudeDegrees>-2.584467139095068</LongitudeDegrees>
            </Position>
            <AltitudeMeters>188.60000610351562</AltitudeMeters>
            <DistanceMeters>3556.860107421875</DistanceMeters>
            <HeartRateBpm>
              <Value>70</Value>
            </HeartRateBpm>
            <Extensions>
              <ns3:TPX>
                <ns3:Speed>1.7079999446868896</ns3:Speed>
                <ns3:RunCadence>57</ns3:RunCadence>
              </ns3:TPX>
            </Extensions>
          </Trackpoint>
          <Trackpoint>
            <Time>2025-08-03T18:13:59.000Z</Time>
            <Position>
              <LatitudeDegrees>43.121350295841694</LatitudeDegrees>
              <LongitudeDegrees>-2.5844466872513294</LongitudeDegrees>
            </Position>
            <AltitudeMeters>188.60000610351562</AltitudeMeters>
            <DistanceMeters>3562.2099609375</DistanceMeters>
            <HeartRateBpm>
              <Value>73</Value>
            </HeartRateBpm>
            <Extensions>
              <ns3:TPX>
                <ns3:Speed>1.7079999446868896</ns3:Speed>
                <ns3:RunCadence>57</ns3:RunCadence>
              </ns3:TPX>
            </Extensions>
          </Trackpoint>
          <Trackpoint>
            <Time>2025-08-03T18:14:00.000Z</Time>
            <Position>
              <LatitudeDegrees>43.12136370688677</LatitudeDegrees>
              <LongitudeDegrees>-2.584442747756839</LongitudeDegrees>
            </Position>
            <AltitudeMeters>188.60000610351562</AltitudeMeters>
            <DistanceMeters>3564.0400390625</DistanceMeters>
            <HeartRateBpm>
              <Value>76</Value>
            </HeartRateBpm>
            <Extensions>
              <ns3:TPX>
                <ns3:Speed>1.7079999446868896</ns3:Speed>
                <ns3:RunCadence>57</ns3:RunCadence>
              </ns3:TPX>
            </Extensions>
          </Trackpoint>
          <Trackpoint>
            <Time>2025-08-03T18:14:01.000Z</Time>
            <Position>
              <LatitudeDegrees>43.12137418426573</LatitudeDegrees>
              <LongitudeDegrees>-2.584437383338809</LongitudeDegrees>
            </Position>
            <AltitudeMeters>188.60000610351562</AltitudeMeters>
            <DistanceMeters>3566.169921875</DistanceMeters>
            <HeartRateBpm>
              <Value>73</Value>
            </HeartRateBpm>
            <Extensions>
              <ns3:TPX>
                <ns3:Speed>1.7079999446868896</ns3:Speed>
                <ns3:RunCadence>57</ns3:RunCadence>
              </ns3:TPX>
            </Extensions>
          </Trackpoint>
          <Trackpoint>
            <Time>2025-08-03T18:14:04.000Z</Time>
            <Position>
              <LatitudeDegrees>43.1214052811265</LatitudeDegrees>
              <LongitudeDegrees>-2.584416177123785</LongitudeDegrees>
            </Position>
            <AltitudeMeters>189.0</AltitudeMeters>
            <DistanceMeters>3570.429931640625</DistanceMeters>
            <HeartRateBpm>
              <Value>69</Value>
            </HeartRateBpm>
            <Extensions>
              <ns3:TPX>
                <ns3:Speed>1.7079999446868896</ns3:Speed>
                <ns3:RunCadence>57</ns3:RunCadence>
              </ns3:TPX>
            </Extensions>
          </Trackpoint>
          <Trackpoint>
            <Time>2025-08-03T18:14:07.000Z</Time>
            <Position>
              <LatitudeDegrees>43.1214465200901</LatitudeDegrees>
              <LongitudeDegrees>-2.5844059512019157</LongitudeDegrees>
            </Position>
            <AltitudeMeters>189.0</AltitudeMeters>
            <DistanceMeters>3574.550048828125</DistanceMeters>
            <HeartRateBpm>
              <Value>72</Value>
            </HeartRateBpm>
            <Extensions>
              <ns3:TPX>
                <ns3:Speed>1.6890000104904175</ns3:Speed>
                <ns3:RunCadence>57</ns3:RunCadence>
              </ns3:TPX>
            </Extensions>
          </Trackpoint>
          <Trackpoint>
            <Time>2025-08-03T18:14:10.000Z</Time>
            <Position>
              <LatitudeDegrees>43.121495470404625</LatitudeDegrees>
              <LongitudeDegrees>-2.584386421367526</LongitudeDegrees>
            </Position>
            <AltitudeMeters>188.60000610351562</AltitudeMeters>
            <DistanceMeters>3579.969970703125</DistanceMeters>
            <HeartRateBpm>
              <Value>72</Value>
            </HeartRateBpm>
            <Extensions>
              <ns3:TPX>
                <ns3:Speed>1.6610000133514404</ns3:Speed>
                <ns3:RunCadence>57</ns3:RunCadence>
              </ns3:TPX>
            </Extensions>
          </Trackpoint>
          <Trackpoint>
            <Time>2025-08-03T18:14:16.000Z</Time>
            <Position>
              <LatitudeDegrees>43.12160921283066</LatitudeDegrees>
              <LongitudeDegrees>-2.5843653827905655</LongitudeDegrees>
            </Position>
            <AltitudeMeters>188.0</AltitudeMeters>
            <DistanceMeters>3591.610107421875</DistanceMeters>
            <HeartRateBpm>
              <Value>73</Value>
            </HeartRateBpm>
            <Extensions>
              <ns3:TPX>
                <ns3:Speed>1.6699999570846558</ns3:Speed>
                <ns3:RunCadence>57</ns3:RunCadence>
              </ns3:TPX>
            </Extensions>
          </Trackpoint>
          <Trackpoint>
            <Time>2025-08-03T18:14:19.000Z</Time>
            <Position>
              <LatitudeDegrees>43.12164802104235</LatitudeDegrees>
              <LongitudeDegrees>-2.584360772743821</LongitudeDegrees>
            </Position>
            <AltitudeMeters>187.8000030517578</AltitudeMeters>
            <DistanceMeters>3596.889892578125</DistanceMeters>
            <HeartRateBpm>
              <Value>72</Value>
            </HeartRateBpm>
            <Extensions>
              <ns3:TPX>
                <ns3:Speed>1.6799999475479126</ns3:Speed>
                <ns3:RunCadence>57</ns3:RunCadence>
              </ns3:TPX>
            </Extensions>
          </Trackpoint>
          <Trackpoint>
            <Time>2025-08-03T18:14:22.000Z</Time>
            <Position>
              <LatitudeDegrees>43.121695294976234</LatitudeDegrees>
              <LongitudeDegrees>-2.5843477807939053</LongitudeDegrees>
            </Position>
            <AltitudeMeters>187.8000030517578</AltitudeMeters>
            <DistanceMeters>3601.429931640625</DistanceMeters>
            <HeartRateBpm>
              <Value>69</Value>
            </HeartRateBpm>
            <Extensions>
              <ns3:TPX>
                <ns3:Speed>1.6799999475479126</ns3:Speed>
                <ns3:RunCadence>57</ns3:RunCadence>
              </ns3:TPX>
            </Extensions>
          </Trackpoint>
          <Trackpoint>
            <Time>2025-08-03T18:14:24.000Z</Time>
            <Position>
              <LatitudeDegrees>43.121735947206616</LatitudeDegrees>
              <LongitudeDegrees>-2.584338476881385</LongitudeDegrees>
            </Position>
            <AltitudeMeters>187.8000030517578</AltitudeMeters>
            <DistanceMeters>3604.64990234375</DistanceMeters>
            <HeartRateBpm>
              <Value>72</Value>
            </HeartRateBpm>
            <Extensions>
              <ns3:TPX>
                <ns3:Speed>1.6890000104904175</ns3:Speed>
                <ns3:RunCadence>57</ns3:RunCadence>
              </ns3:TPX>
            </Extensions>
          </Trackpoint>
          <Trackpoint>
            <Time>2025-08-03T18:14:31.000Z</Time>
            <Position>
              <LatitudeDegrees>43.12185354530811</LatitudeDegrees>
              <LongitudeDegrees>-2.5842932146042585</LongitudeDegrees>
            </Position>
            <AltitudeMeters>187.1999969482422</AltitudeMeters>
            <DistanceMeters>3618.679931640625</DistanceMeters>
            <HeartRateBpm>
              <Value>70</Value>
            </HeartRateBpm>
            <Extensions>
              <ns3:TPX>
                <ns3:Speed>1.6979999542236328</ns3:Speed>
                <ns3:RunCadence>57</ns3:RunCadence>
              </ns3:TPX>
            </Extensions>
          </Trackpoint>
          <Trackpoint>
            <Time>2025-08-03T18:14:34.000Z</Time>
            <Position>
              <LatitudeDegrees>43.12189436517656</LatitudeDegrees>
              <LongitudeDegrees>-2.5842853356152773</LongitudeDegrees>
            </Position>
            <AltitudeMeters>187.0</AltitudeMeters>
            <DistanceMeters>3625.6201171875</DistanceMeters>
            <HeartRateBpm>
              <Value>73</Value>
            </HeartRateBpm>
            <Extensions>
              <ns3:TPX>
                <ns3:Speed>1.7170000076293945</ns3:Speed>
                <ns3:RunCadence>57</ns3:RunCadence>
              </ns3:TPX>
            </Extensions>
          </Trackpoint>
          <Trackpoint>
            <Time>2025-08-03T18:14:39.000Z</Time>
            <Position>
              <LatitudeDegrees>43.121957229450345</LatitudeDegrees>
              <LongitudeDegrees>-2.5842545740306377</LongitudeDegrees>
            </Position>
            <AltitudeMeters>186.8000030517578</AltitudeMeters>
            <DistanceMeters>3633.47998046875</DistanceMeters>
            <HeartRateBpm>
              <Value>74</Value>
            </HeartRateBpm>
            <Extensions>
              <ns3:TPX>
                <ns3:Speed>1.753999948501587</ns3:Speed>
                <ns3:RunCadence>57</ns3:RunCadence>
              </ns3:TPX>
            </Extensions>
          </Trackpoint>
          <Trackpoint>
            <Time>2025-08-03T18:14:41.000Z</Time>
            <Position>
              <LatitudeDegrees>43.12198690138757</LatitudeDegrees>
              <LongitudeDegrees>-2.584251808002591</LongitudeDegrees>
            </Position>
            <AltitudeMeters>186.8000030517578</AltitudeMeters>
            <DistanceMeters>3636.6298828125</DistanceMeters>
            <HeartRateBpm>
              <Value>75</Value>
            </HeartRateBpm>
            <Extensions>
              <ns3:TPX>
                <ns3:Speed>1.753999948501587</ns3:Speed>
                <ns3:RunCadence>57</ns3:RunCadence>
              </ns3:TPX>
            </Extensions>
          </Trackpoint>
          <Trackpoint>
            <Time>2025-08-03T18:14:44.000Z</Time>
            <Position>
              <LatitudeDegrees>43.122027553617954</LatitudeDegrees>
              <LongitudeDegrees>-2.584231775254011</LongitudeDegrees>
            </Position>
            <AltitudeMeters>186.60000610351562</AltitudeMeters>
            <DistanceMeters>3642.22998046875</DistanceMeters>
            <HeartRateBpm>
              <Value>72</Value>
            </HeartRateBpm>
            <Extensions>
              <ns3:TPX>
                <ns3:Speed>1.7640000581741333</ns3:Speed>
                <ns3:RunCadence>57</ns3:RunCadence>
              </ns3:TPX>
            </Extensions>
          </Trackpoint>
          <Trackpoint>
            <Time>2025-08-03T18:14:47.000Z</Time>
            <Position>
              <LatitudeDegrees>43.1220683734864</LatitudeDegrees>
              <LongitudeDegrees>-2.5842339545488358</LongitudeDegrees>
            </Position>
            <AltitudeMeters>186.39999389648438</AltitudeMeters>
            <DistanceMeters>3646.68994140625</DistanceMeters>
            <HeartRateBpm>
              <Value>71</Value>
            </HeartRateBpm>
            <Extensions>
              <ns3:TPX>
                <ns3:Speed>1.7640000581741333</ns3:Speed>
                <ns3:RunCadence>57</ns3:RunCadence>
              </ns3:TPX>
            </Extensions>
          </Trackpoint>
          <Trackpoint>
            <Time>2025-08-03T18:14:49.000Z</Time>
            <Position>
              <LatitudeDegrees>43.12209511175752</LatitudeDegrees>
              <LongitudeDegrees>-2.584228338673711</LongitudeDegrees>
            </Position>
            <AltitudeMeters>186.60000610351562</AltitudeMeters>
            <DistanceMeters>3650.2099609375</DistanceMeters>
            <HeartRateBpm>
              <Value>76</Value>
            </HeartRateBpm>
            <Extensions>
              <ns3:TPX>
                <ns3:Speed>1.753999948501587</ns3:Speed>
                <ns3:RunCadence>0</ns3:RunCadence>
              </ns3:TPX>
            </Extensions>
          </Trackpoint>
          <Trackpoint>
            <Time>2025-08-03T18:14:50.000Z</Time>
            <Position>
              <LatitudeDegrees>43.12210743315518</LatitudeDegrees>
              <LongitudeDegrees>-2.5842273328453302</LongitudeDegrees>
            </Position>
            <AltitudeMeters>186.60000610351562</AltitudeMeters>
            <DistanceMeters>3651.780029296875</DistanceMeters>
            <HeartRateBpm>
              <Value>76</Value>
            </HeartRateBpm>
            <Extensions>
              <ns3:TPX>
                <ns3:Speed>1.753999948501587</ns3:Speed>
                <ns3:RunCadence>0</ns3:RunCadence>
              </ns3:TPX>
            </Extensions>
          </Trackpoint>
          <Trackpoint>
            <Time>2025-08-03T18:14:53.000Z</Time>
            <Position>
              <LatitudeDegrees>43.122144900262356</LatitudeDegrees>
              <LongitudeDegrees>-2.5842249020934105</LongitudeDegrees>
            </Position>
            <AltitudeMeters>187.0</AltitudeMeters>
            <DistanceMeters>3656.5400390625</DistanceMeters>
            <HeartRateBpm>
              <Value>77</Value>
            </HeartRateBpm>
            <Extensions>
              <ns3:TPX>
                <ns3:Speed>1.7450000047683716</ns3:Speed>
                <ns3:RunCadence>54</ns3:RunCadence>
              </ns3:TPX>
            </Extensions>
          </Trackpoint>
          <Trackpoint>
            <Time>2025-08-03T18:15:00.000Z</Time>
            <Position>
              <LatitudeDegrees>43.12223198823631</LatitudeDegrees>
              <LongitudeDegrees>-2.5841984152793884</LongitudeDegrees>
            </Position>
            <AltitudeMeters>186.0</AltitudeMeters>
            <DistanceMeters>3664.780029296875</DistanceMeters>
            <HeartRateBpm>
              <Value>78</Value>
            </HeartRateBpm>
            <Extensions>
              <ns3:TPX>
                <ns3:Speed>1.7170000076293945</ns3:Speed>
                <ns3:RunCadence>56</ns3:RunCadence>
              </ns3:TPX>
            </Extensions>
          </Trackpoint>
          <Trackpoint>
            <Time>2025-08-03T18:15:02.000Z</Time>
            <Position>
              <LatitudeDegrees>43.12226073816419</LatitudeDegrees>
              <LongitudeDegrees>-2.5841969065368176</LongitudeDegrees>
            </Position>
            <AltitudeMeters>185.8000030517578</AltitudeMeters>
            <DistanceMeters>3666.47998046875</DistanceMeters>
            <HeartRateBpm>
              <Value>80</Value>
            </HeartRateBpm>
            <Extensions>
              <ns3:TPX>
                <ns3:Speed>1.6799999475479126</ns3:Speed>
                <ns3:RunCadence>57</ns3:RunCadence>
              </ns3:TPX>
            </Extensions>
          </Trackpoint>
          <Trackpoint>
            <Time>2025-08-03T18:15:03.000Z</Time>
            <Position>
              <LatitudeDegrees>43.1222771666944</LatitudeDegrees>
              <LongitudeDegrees>-2.5841925479471684</LongitudeDegrees>
            </Position>
            <AltitudeMeters>185.60000610351562</AltitudeMeters>
            <DistanceMeters>3667.820068359375</DistanceMeters>
            <HeartRateBpm>
              <Value>75</Value>
            </HeartRateBpm>
            <Extensions>
              <ns3:TPX>
                <ns3:Speed>1.6419999599456787</ns3:Speed>
                <ns3:RunCadence>57</ns3:RunCadence>
              </ns3:TPX>
            </Extensions>
          </Trackpoint>
          <Trackpoint>
            <Time>2025-08-03T18:15:04.000Z</Time>
            <Position>
              <LatitudeDegrees>43.12229267321527</LatitudeDegrees>
              <LongitudeDegrees>-2.5841903686523438</LongitudeDegrees>
            </Position>
            <AltitudeMeters>185.60000610351562</AltitudeMeters>
            <DistanceMeters>3669.14990234375</DistanceMeters>
            <HeartRateBpm>
              <Value>78</Value>
            </HeartRateBpm>
            <Extensions>
              <ns3:TPX>
                <ns3:Speed>1.6330000162124634</ns3:Speed>
                <ns3:RunCadence>56</ns3:RunCadence>
              </ns3:TPX>
            </Extensions>
          </Trackpoint>
          <Trackpoint>
            <Time>2025-08-03T18:15:07.000Z</Time>
            <Position>
              <LatitudeDegrees>43.12234648503363</LatitudeDegrees>
              <LongitudeDegrees>-2.5841674860566854</LongitudeDegrees>
            </Position>
            <AltitudeMeters>185.60000610351562</AltitudeMeters>
            <DistanceMeters>3674.969970703125</DistanceMeters>
            <HeartRateBpm>
              <Value>78</Value>
            </HeartRateBpm>
            <Extensions>
              <ns3:TPX>
                <ns3:Speed>1.6239999532699585</ns3:Speed>
                <ns3:RunCadence>56</ns3:RunCadence>
              </ns3:TPX>
            </Extensions>
          </Trackpoint>
          <Trackpoint>
            <Time>2025-08-03T18:15:11.000Z</Time>
            <Position>
              <LatitudeDegrees>43.12241328880191</LatitudeDegrees>
              <LongitudeDegrees>-2.5841598585247993</LongitudeDegrees>
            </Position>
            <AltitudeMeters>186.1999969482422</AltitudeMeters>
            <DistanceMeters>3683.1201171875</DistanceMeters>
            <HeartRateBpm>
              <Value>81</Value>
            </HeartRateBpm>
            <Extensions>
              <ns3:TPX>
                <ns3:Speed>1.7170000076293945</ns3:Speed>
                <ns3:RunCadence>57</ns3:RunCadence>
              </ns3:TPX>
            </Extensions>
          </Trackpoint>
          <Trackpoint>
            <Time>2025-08-03T18:15:16.000Z</Time>
            <Position>
              <LatitudeDegrees>43.12249626964331</LatitudeDegrees>
              <LongitudeDegrees>-2.5841454416513443</LongitudeDegrees>
            </Position>
            <AltitudeMeters>186.0</AltitudeMeters>
            <DistanceMeters>3692.699951171875</DistanceMeters>
            <HeartRateBpm>
              <Value>81</Value>
            </HeartRateBpm>
            <Extensions>
              <ns3:TPX>
                <ns3:Speed>1.809999942779541</ns3:Speed>
                <ns3:RunCadence>58</ns3:RunCadence>
              </ns3:TPX>
            </Extensions>
          </Trackpoint>
          <Trackpoint>
            <Time>2025-08-03T18:15:20.000Z</Time>
            <Position>
              <LatitudeDegrees>43.12256198376417</LatitudeDegrees>
              <LongitudeDegrees>-2.58413253352046</LongitudeDegrees>
            </Position>
            <AltitudeMeters>185.39999389648438</AltitudeMeters>
            <DistanceMeters>3699.93994140625</DistanceMeters>
            <HeartRateBpm>
              <Value>77</Value>
            </HeartRateBpm>
            <Extensions>
              <ns3:TPX>
                <ns3:Speed>1.8289999961853027</ns3:Speed>
                <ns3:RunCadence>0</ns3:RunCadence>
              </ns3:TPX>
            </Extensions>
          </Trackpoint>
          <Trackpoint>
            <Time>2025-08-03T18:15:22.000Z</Time>
            <Position>
              <LatitudeDegrees>43.12260766513646</LatitudeDegrees>
              <LongitudeDegrees>-2.5841114949434996</LongitudeDegrees>
            </Position>
            <AltitudeMeters>185.39999389648438</AltitudeMeters>
            <DistanceMeters>3704.530029296875</DistanceMeters>
            <HeartRateBpm>
              <Value>74</Value>
            </HeartRateBpm>
            <Extensions>
              <ns3:TPX>
                <ns3:Speed>1.8289999961853027</ns3:Speed>
                <ns3:RunCadence>0</ns3:RunCadence>
              </ns3:TPX>
            </Extensions>
          </Trackpoint>
          <Trackpoint>
            <Time>2025-08-03T18:15:23.000Z</Time>
            <Position>
              <LatitudeDegrees>43.12262702733278</LatitudeDegrees>
              <LongitudeDegrees>-2.5841055437922478</LongitudeDegrees>
            </Position>
            <AltitudeMeters>185.1999969482422</AltitudeMeters>
            <DistanceMeters>3706.9599609375</DistanceMeters>
            <HeartRateBpm>
              <Value>73</Value>
            </HeartRateBpm>
            <Extensions>
              <ns3:TPX>
                <ns3:Speed>1.847000002861023</ns3:Speed>
                <ns3:RunCadence>53</ns3:RunCadence>
              </ns3:TPX>
            </Extensions>
          </Trackpoint>
          <Trackpoint>
            <Time>2025-08-03T18:15:26.000Z</Time>
            <Position>
              <LatitudeDegrees>43.1226796656847</LatitudeDegrees>
              <LongitudeDegrees>-2.584096994251013</LongitudeDegrees>
            </Position>
            <AltitudeMeters>185.39999389648438</AltitudeMeters>
            <DistanceMeters>3713.02001953125</DistanceMeters>
            <HeartRateBpm>
              <Value>76</Value>
            </HeartRateBpm>
            <Extensions>
              <ns3:TPX>
                <ns3:Speed>1.930999994277954</ns3:Speed>
                <ns3:RunCadence>53</ns3:RunCadence>
              </ns3:TPX>
            </Extensions>
          </Trackpoint>
          <Trackpoint>
            <Time>2025-08-03T18:15:29.000Z</Time>
            <Position>
              <LatitudeDegrees>43.1227296218276</LatitudeDegrees>
              <LongitudeDegrees>-2.5840853434056044</LongitudeDegrees>
            </Position>
            <AltitudeMeters>185.1999969482422</AltitudeMeters>
            <DistanceMeters>3718.510009765625</DistanceMeters>
            <HeartRateBpm>
              <Value>78</Value>
            </HeartRateBpm>
            <Extensions>
              <ns3:TPX>
                <ns3:Speed>1.902999997138977</ns3:Speed>
                <ns3:RunCadence>57</ns3:RunCadence>
              </ns3:TPX>
            </Extensions>
          </Trackpoint>
          <Trackpoint>
            <Time>2025-08-03T18:15:31.000Z</Time>
            <Position>
              <LatitudeDegrees>43.12276910059154</LatitudeDegrees>
              <LongitudeDegrees>-2.5840758718550205</LongitudeDegrees>
            </Position>
            <AltitudeMeters>185.0</AltitudeMeters>
            <DistanceMeters>3722.6298828125</DistanceMeters>
            <HeartRateBpm>
              <Value>75</Value>
            </HeartRateBpm>
            <Extensions>
              <ns3:TPX>
                <ns3:Speed>1.930999994277954</ns3:Speed>
                <ns3:RunCadence>59</ns3:RunCadence>
              </ns3:TPX>
            </Extensions>
          </Trackpoint>
          <Trackpoint>
            <Time>2025-08-03T18:15:33.000Z</Time>
            <Position>
              <LatitudeDegrees>43.12280095182359</LatitudeDegrees>
              <LongitudeDegrees>-2.5840711779892445</LongitudeDegrees>
            </Position>
            <AltitudeMeters>184.8000030517578</AltitudeMeters>
            <DistanceMeters>3726.679931640625</DistanceMeters>
            <HeartRateBpm>
              <Value>75</Value>
            </HeartRateBpm>
            <Extensions>
              <ns3:TPX>
                <ns3:Speed>1.940999984741211</ns3:Speed>
                <ns3:RunCadence>0</ns3:RunCadence>
              </ns3:TPX>
            </Extensions>
          </Trackpoint>
          <Trackpoint>
            <Time>2025-08-03T18:15:35.000Z</Time>
            <Position>
              <LatitudeDegrees>43.122835317626595</LatitudeDegrees>
              <LongitudeDegrees>-2.5840612035244703</LongitudeDegrees>
            </Position>
            <AltitudeMeters>184.8000030517578</AltitudeMeters>
            <DistanceMeters>3730.52001953125</DistanceMeters>
            <HeartRateBpm>
              <Value>75</Value>
            </HeartRateBpm>
            <Extensions>
              <ns3:TPX>
                <ns3:Speed>1.9589999914169312</ns3:Speed>
                <ns3:RunCadence>0</ns3:RunCadence>
              </ns3:TPX>
            </Extensions>
          </Trackpoint>
          <Trackpoint>
            <Time>2025-08-03T18:15:36.000Z</Time>
            <Position>
              <LatitudeDegrees>43.122852332890034</LatitudeDegrees>
              <LongitudeDegrees>-2.5840591080486774</LongitudeDegrees>
            </Position>
            <AltitudeMeters>185.1999969482422</AltitudeMeters>
            <DistanceMeters>3732.280029296875</DistanceMeters>
            <HeartRateBpm>
              <Value>72</Value>
            </HeartRateBpm>
            <Extensions>
              <ns3:TPX>
                <ns3:Speed>1.9589999914169312</ns3:Speed>
                <ns3:RunCadence>57</ns3:RunCadence>
              </ns3:TPX>
            </Extensions>
          </Trackpoint>
          <Trackpoint>
            <Time>2025-08-03T18:15:45.000Z</Time>
            <Position>
              <LatitudeDegrees>43.122966745868325</LatitudeDegrees>
              <LongitudeDegrees>-2.5840716809034348</LongitudeDegrees>
            </Position>
            <AltitudeMeters>184.60000610351562</AltitudeMeters>
            <DistanceMeters>3747.169921875</DistanceMeters>
            <HeartRateBpm>
              <Value>69</Value>
            </HeartRateBpm>
            <Extensions>
              <ns3:TPX>
                <ns3:Speed>1.8849999904632568</ns3:Speed>
                <ns3:RunCadence>57</ns3:RunCadence>
              </ns3:TPX>
            </Extensions>
          </Trackpoint>
          <Trackpoint>
            <Time>2025-08-03T18:15:53.000Z</Time>
            <Position>
              <LatitudeDegrees>43.123096749186516</LatitudeDegrees>
              <LongitudeDegrees>-2.5841023586690426</LongitudeDegrees>
            </Position>
            <AltitudeMeters>184.1999969482422</AltitudeMeters>
            <DistanceMeters>3760.5</DistanceMeters>
            <HeartRateBpm>
              <Value>68</Value>
            </HeartRateBpm>
            <Extensions>
              <ns3:TPX>
                <ns3:Speed>1.809999942779541</ns3:Speed>
                <ns3:RunCadence>57</ns3:RunCadence>
              </ns3:TPX>
            </Extensions>
          </Trackpoint>
          <Trackpoint>
            <Time>2025-08-03T18:15:56.000Z</Time>
            <Position>
              <LatitudeDegrees>43.12314670532942</LatitudeDegrees>
              <LongitudeDegrees>-2.58410076610744</LongitudeDegrees>
            </Position>
            <AltitudeMeters>183.8000030517578</AltitudeMeters>
            <DistanceMeters>3765.8798828125</DistanceMeters>
            <HeartRateBpm>
              <Value>63</Value>
            </HeartRateBpm>
            <Extensions>
              <ns3:TPX>
                <ns3:Speed>1.809999942779541</ns3:Speed>
                <ns3:RunCadence>57</ns3:RunCadence>
              </ns3:TPX>
            </Extensions>
          </Trackpoint>
          <Trackpoint>
            <Time>2025-08-03T18:15:57.000Z</Time>
            <Position>
              <LatitudeDegrees>43.12316522933543</LatitudeDegrees>
              <LongitudeDegrees>-2.5841008499264717</LongitudeDegrees>
            </Position>
            <AltitudeMeters>183.8000030517578</AltitudeMeters>
            <DistanceMeters>3767.68994140625</DistanceMeters>
            <HeartRateBpm>
              <Value>60</Value>
            </HeartRateBpm>
            <Extensions>
              <ns3:TPX>
                <ns3:Speed>1.809999942779541</ns3:Speed>
                <ns3:RunCadence>57</ns3:RunCadence>
              </ns3:TPX>
            </Extensions>
          </Trackpoint>
          <Trackpoint>
            <Time>2025-08-03T18:16:03.000Z</Time>
            <Position>
              <LatitudeDegrees>43.123267237097025</LatitudeDegrees>
              <LongitudeDegrees>-2.5841141771525145</LongitudeDegrees>
            </Position>
            <AltitudeMeters>184.1999969482422</AltitudeMeters>
            <DistanceMeters>3777.580078125</DistanceMeters>
            <HeartRateBpm>
              <Value>59</Value>
            </HeartRateBpm>
            <Extensions>
              <ns3:TPX>
                <ns3:Speed>1.847000002861023</ns3:Speed>
                <ns3:RunCadence>57</ns3:RunCadence>
              </ns3:TPX>
            </Extensions>
          </Trackpoint>
          <Trackpoint>
            <Time>2025-08-03T18:16:08.000Z</Time>
            <Position>
              <LatitudeDegrees>43.12332121655345</LatitudeDegrees>
              <LongitudeDegrees>-2.5841041188687086</LongitudeDegrees>
            </Position>
            <AltitudeMeters>183.1999969482422</AltitudeMeters>
            <DistanceMeters>3785.330078125</DistanceMeters>
            <HeartRateBpm>
              <Value>63</Value>
            </HeartRateBpm>
            <Extensions>
              <ns3:TPX>
                <ns3:Speed>1.8009999990463257</ns3:Speed>
                <ns3:RunCadence>0</ns3:RunCadence>
              </ns3:TPX>
            </Extensions>
          </Trackpoint>
          <Trackpoint>
            <Time>2025-08-03T18:16:09.000Z</Time>
            <Position>
              <LatitudeDegrees>43.12333823181689</LatitudeDegrees>
              <LongitudeDegrees>-2.5841038674116135</LongitudeDegrees>
            </Position>
            <AltitudeMeters>183.1999969482422</AltitudeMeters>
            <DistanceMeters>3787.0400390625</DistanceMeters>
            <HeartRateBpm>
              <Value>60</Value>
            </HeartRateBpm>
            <Extensions>
              <ns3:TPX>
                <ns3:Speed>1.8009999990463257</ns3:Speed>
                <ns3:RunCadence>0</ns3:RunCadence>
              </ns3:TPX>
            </Extensions>
          </Trackpoint>
          <Trackpoint>
            <Time>2025-08-03T18:16:14.000Z</Time>
            <Position>
              <LatitudeDegrees>43.123428001999855</LatitudeDegrees>
              <LongitudeDegrees>-2.5841218046844006</LongitudeDegrees>
            </Position>
            <AltitudeMeters>183.39999389648438</AltitudeMeters>
            <DistanceMeters>3795.97998046875</DistanceMeters>
            <HeartRateBpm>
              <Value>58</Value>
            </HeartRateBpm>
            <Extensions>
              <ns3:TPX>
                <ns3:Speed>1.7910000085830688</ns3:Speed>
                <ns3:RunCadence>56</ns3:RunCadence>
              </ns3:TPX>
            </Extensions>
          </Trackpoint>
          <Trackpoint>
            <Time>2025-08-03T18:16:15.000Z</Time>
            <Position>
              <LatitudeDegrees>43.12344426289201</LatitudeDegrees>
              <LongitudeDegrees>-2.5841229781508446</LongitudeDegrees>
            </Position>
            <AltitudeMeters>183.39999389648438</AltitudeMeters>
            <DistanceMeters>3797.889892578125</DistanceMeters>
            <HeartRateBpm>
              <Value>58</Value>
            </HeartRateBpm>
            <Extensions>
              <ns3:TPX>
                <ns3:Speed>1.7910000085830688</ns3:Speed>
                <ns3:RunCadence>56</ns3:RunCadence>
              </ns3:TPX>
            </Extensions>
          </Trackpoint>
          <Trackpoint>
            <Time>2025-08-03T18:16:23.000Z</Time>
            <Position>
              <LatitudeDegrees>43.123566722497344</LatitudeDegrees>
              <LongitudeDegrees>-2.5841570924967527</LongitudeDegrees>
            </Position>
            <AltitudeMeters>183.8000030517578</AltitudeMeters>
            <DistanceMeters>3813.070068359375</DistanceMeters>
            <HeartRateBpm>
              <Value>61</Value>
            </HeartRateBpm>
            <Extensions>
              <ns3:TPX>
                <ns3:Speed>1.8380000591278076</ns3:Speed>
                <ns3:RunCadence>57</ns3:RunCadence>
              </ns3:TPX>
            </Extensions>
          </Trackpoint>
          <Trackpoint>
            <Time>2025-08-03T18:16:26.000Z</Time>
            <Position>
              <LatitudeDegrees>43.123605363070965</LatitudeDegrees>
              <LongitudeDegrees>-2.584173185750842</LongitudeDegrees>
            </Position>
            <AltitudeMeters>183.39999389648438</AltitudeMeters>
            <DistanceMeters>3818.070068359375</DistanceMeters>
            <HeartRateBpm>
              <Value>55</Value>
            </HeartRateBpm>
            <Extensions>
              <ns3:TPX>
                <ns3:Speed>1.7730000019073486</ns3:Speed>
                <ns3:RunCadence>57</ns3:RunCadence>
              </ns3:TPX>
            </Extensions>
          </Trackpoint>
          <Trackpoint>
            <Time>2025-08-03T18:16:28.000Z</Time>
            <Position>
              <LatitudeDegrees>43.12363193370402</LatitudeDegrees>
              <LongitudeDegrees>-2.5841812323778868</LongitudeDegrees>
            </Position>
            <AltitudeMeters>183.0</AltitudeMeters>
            <DistanceMeters>3821.179931640625</DistanceMeters>
            <HeartRateBpm>
              <Value>59</Value>
            </HeartRateBpm>
            <Extensions>
              <ns3:TPX>
                <ns3:Speed>1.7640000581741333</ns3:Speed>
                <ns3:RunCadence>57</ns3:RunCadence>
              </ns3:TPX>
            </Extensions>
          </Trackpoint>
          <Trackpoint>
            <Time>2025-08-03T18:16:30.000Z</Time>
            <Position>
              <LatitudeDegrees>43.12366269528866</LatitudeDegrees>
              <LongitudeDegrees>-2.5841803941875696</LongitudeDegrees>
            </Position>
            <AltitudeMeters>183.0</AltitudeMeters>
            <DistanceMeters>3824.31005859375</DistanceMeters>
            <HeartRateBpm>
              <Value>62</Value>
            </HeartRateBpm>
            <Extensions>
              <ns3:TPX>
                <ns3:Speed>1.753999948501587</ns3:Speed>
                <ns3:RunCadence>57</ns3:RunCadence>
              </ns3:TPX>
            </Extensions>
          </Trackpoint>
          <Trackpoint>
            <Time>2025-08-03T18:16:31.000Z</Time>
            <Position>
              <LatitudeDegrees>43.12367753125727</LatitudeDegrees>
              <LongitudeDegrees>-2.584176203235984</LongitudeDegrees>
            </Position>
            <AltitudeMeters>183.0</AltitudeMeters>
            <DistanceMeters>3825.89990234375</DistanceMeters>
            <HeartRateBpm>
              <Value>63</Value>
            </HeartRateBpm>
            <Extensions>
              <ns3:TPX>
                <ns3:Speed>1.753999948501587</ns3:Speed>
                <ns3:RunCadence>57</ns3:RunCadence>
              </ns3:TPX>
            </Extensions>
          </Trackpoint>
          <Trackpoint>
            <Time>2025-08-03T18:16:34.000Z</Time>
            <Position>
              <LatitudeDegrees>43.12372421845794</LatitudeDegrees>
              <LongitudeDegrees>-2.584166983142495</LongitudeDegrees>
            </Position>
            <AltitudeMeters>182.8000030517578</AltitudeMeters>
            <DistanceMeters>3830.840087890625</DistanceMeters>
            <HeartRateBpm>
              <Value>59</Value>
            </HeartRateBpm>
            <Extensions>
              <ns3:TPX>
                <ns3:Speed>1.7450000047683716</ns3:Speed>
                <ns3:RunCadence>57</ns3:RunCadence>
              </ns3:TPX>
            </Extensions>
          </Trackpoint>
          <Trackpoint>
            <Time>2025-08-03T18:16:37.000Z</Time>
            <Position>
              <LatitudeDegrees>43.123781215399504</LatitudeDegrees>
              <LongitudeDegrees>-2.5841674022376537</LongitudeDegrees>
            </Position>
            <AltitudeMeters>182.60000610351562</AltitudeMeters>
            <DistanceMeters>3836.389892578125</DistanceMeters>
            <HeartRateBpm>
              <Value>62</Value>
            </HeartRateBpm>
            <Extensions>
              <ns3:TPX>
                <ns3:Speed>1.7359999418258667</ns3:Speed>
                <ns3:RunCadence>56</ns3:RunCadence>
              </ns3:TPX>
            </Extensions>
          </Trackpoint>
          <Trackpoint>
            <Time>2025-08-03T18:16:38.000Z</Time>
            <Position>
              <LatitudeDegrees>43.12379948794842</LatitudeDegrees>
              <LongitudeDegrees>-2.584166396409273</LongitudeDegrees>
            </Position>
            <AltitudeMeters>182.60000610351562</AltitudeMeters>
            <DistanceMeters>3838.409912109375</DistanceMeters>
            <HeartRateBpm>
              <Value>62</Value>
            </HeartRateBpm>
            <Extensions>
              <ns3:TPX>
                <ns3:Speed>1.7359999418258667</ns3:Speed>
                <ns3:RunCadence>56</ns3:RunCadence>
              </ns3:TPX>
            </Extensions>
          </Trackpoint>
          <Trackpoint>
            <Time>2025-08-03T18:16:46.000Z</Time>
            <Position>
              <LatitudeDegrees>43.12390124425292</LatitudeDegrees>
              <LongitudeDegrees>-2.584167569875717</LongitudeDegrees>
            </Position>
            <AltitudeMeters>182.8000030517578</AltitudeMeters>
            <DistanceMeters>3852.60009765625</DistanceMeters>
            <HeartRateBpm>
              <Value>60</Value>
            </HeartRateBpm>
            <Extensions>
              <ns3:TPX>
                <ns3:Speed>1.781999945640564</ns3:Speed>
                <ns3:RunCadence>57</ns3:RunCadence>
              </ns3:TPX>
            </Extensions>
          </Trackpoint>
          <Trackpoint>
            <Time>2025-08-03T18:16:47.000Z</Time>
            <Position>
              <LatitudeDegrees>43.1239125598222</LatitudeDegrees>
              <LongitudeDegrees>-2.5841809809207916</LongitudeDegrees>
            </Position>
            <AltitudeMeters>182.60000610351562</AltitudeMeters>
            <DistanceMeters>3854.22998046875</DistanceMeters>
            <HeartRateBpm>
              <Value>63</Value>
            </HeartRateBpm>
            <Extensions>
              <ns3:TPX>
                <ns3:Speed>1.781999945640564</ns3:Speed>
                <ns3:RunCadence>57</ns3:RunCadence>
              </ns3:TPX>
            </Extensions>
          </Trackpoint>
          <Trackpoint>
            <Time>2025-08-03T18:16:52.000Z</Time>
            <Position>
              <LatitudeDegrees>43.123991936445236</LatitudeDegrees>
              <LongitudeDegrees>-2.5842055398970842</LongitudeDegrees>
            </Position>
            <AltitudeMeters>181.60000610351562</AltitudeMeters>
            <DistanceMeters>3861.800048828125</DistanceMeters>
            <HeartRateBpm>
              <Value>62</Value>
            </HeartRateBpm>
            <Extensions>
              <ns3:TPX>
                <ns3:Speed>1.753999948501587</ns3:Speed>
                <ns3:RunCadence>58</ns3:RunCadence>
              </ns3:TPX>
            </Extensions>
          </Trackpoint>
          <Trackpoint>
            <Time>2025-08-03T18:16:53.000Z</Time>
            <Position>
              <LatitudeDegrees>43.12400476075709</LatitudeDegrees>
              <LongitudeDegrees>-2.5842010136693716</LongitudeDegrees>
            </Position>
            <AltitudeMeters>181.60000610351562</AltitudeMeters>
            <DistanceMeters>3863.419921875</DistanceMeters>
            <HeartRateBpm>
              <Value>62</Value>
            </HeartRateBpm>
            <Extensions>
              <ns3:TPX>
                <ns3:Speed>1.7450000047683716</ns3:Speed>
                <ns3:RunCadence>58</ns3:RunCadence>
              </ns3:TPX>
            </Extensions>
          </Trackpoint>
          <Trackpoint>
            <Time>2025-08-03T18:17:01.000Z</Time>
            <Position>
              <LatitudeDegrees>43.12414197251201</LatitudeDegrees>
              <LongitudeDegrees>-2.584205372259021</LongitudeDegrees>
            </Position>
            <AltitudeMeters>181.39999389648438</AltitudeMeters>
            <DistanceMeters>3876.949951171875</DistanceMeters>
            <HeartRateBpm>
              <Value>63</Value>
            </HeartRateBpm>
            <Extensions>
              <ns3:TPX>
                <ns3:Speed>1.7170000076293945</ns3:Speed>
                <ns3:RunCadence>55</ns3:RunCadence>
              </ns3:TPX>
            </Extensions>
          </Trackpoint>
          <Trackpoint>
            <Time>2025-08-03T18:17:10.000Z</Time>
            <Position>
              <LatitudeDegrees>43.12427935190499</LatitudeDegrees>
              <LongitudeDegrees>-2.584225572645664</LongitudeDegrees>
            </Position>
            <AltitudeMeters>182.0</AltitudeMeters>
            <DistanceMeters>3893.199951171875</DistanceMeters>
            <HeartRateBpm>
              <Value>63</Value>
            </HeartRateBpm>
            <Extensions>
              <ns3:TPX>
                <ns3:Speed>1.7359999418258667</ns3:Speed>
                <ns3:RunCadence>57</ns3:RunCadence>
              </ns3:TPX>
            </Extensions>
          </Trackpoint>
          <Trackpoint>
            <Time>2025-08-03T18:17:17.000Z</Time>
            <Position>
              <LatitudeDegrees>43.12438873574138</LatitudeDegrees>
              <LongitudeDegrees>-2.58423269726336</LongitudeDegrees>
            </Position>
            <AltitudeMeters>181.39999389648438</AltitudeMeters>
            <DistanceMeters>3905.590087890625</DistanceMeters>
            <HeartRateBpm>
              <Value>60</Value>
            </HeartRateBpm>
            <Extensions>
              <ns3:TPX>
                <ns3:Speed>1.7079999446868896</ns3:Speed>
                <ns3:RunCadence>58</ns3:RunCadence>
              </ns3:TPX>
            </Extensions>
          </Trackpoint>
          <Trackpoint>
            <Time>2025-08-03T18:17:18.000Z</Time>
            <Position>
              <LatitudeDegrees>43.12440248206258</LatitudeDegrees>
              <LongitudeDegrees>-2.584233870729804</LongitudeDegrees>
            </Position>
            <AltitudeMeters>181.1999969482422</AltitudeMeters>
            <DistanceMeters>3907.22998046875</DistanceMeters>
            <HeartRateBpm>
              <Value>58</Value>
            </HeartRateBpm>
            <Extensions>
              <ns3:TPX>
                <ns3:Speed>1.7079999446868896</ns3:Speed>
                <ns3:RunCadence>58</ns3:RunCadence>
              </ns3:TPX>
            </Extensions>
          </Trackpoint>
          <Trackpoint>
            <Time>2025-08-03T18:17:25.000Z</Time>
            <Position>
              <LatitudeDegrees>43.124525444582105</LatitudeDegrees>
              <LongitudeDegrees>-2.5842504668980837</LongitudeDegrees>
            </Position>
            <AltitudeMeters>180.8000030517578</AltitudeMeters>
            <DistanceMeters>3919.3701171875</DistanceMeters>
            <HeartRateBpm>
              <Value>55</Value>
            </HeartRateBpm>
            <Extensions>
              <ns3:TPX>
                <ns3:Speed>1.6890000104904175</ns3:Speed>
                <ns3:RunCadence>57</ns3:RunCadence>
              </ns3:TPX>
            </Extensions>
          </Trackpoint>
          <Trackpoint>
            <Time>2025-08-03T18:17:33.000Z</Time>
            <Position>
              <LatitudeDegrees>43.12464941293001</LatitudeDegrees>
              <LongitudeDegrees>-2.5842546578496695</LongitudeDegrees>
            </Position>
            <AltitudeMeters>181.0</AltitudeMeters>
            <DistanceMeters>3933.93994140625</DistanceMeters>
            <HeartRateBpm>
              <Value>56</Value>
            </HeartRateBpm>
            <Extensions>
              <ns3:TPX>
                <ns3:Speed>1.6979999542236328</ns3:Speed>
                <ns3:RunCadence>58</ns3:RunCadence>
              </ns3:TPX>
            </Extensions>
          </Trackpoint>
          <Trackpoint>
            <Time>2025-08-03T18:17:38.000Z</Time>
            <Position>
              <LatitudeDegrees>43.124726023525</LatitudeDegrees>
              <LongitudeDegrees>-2.5842555798590183</LongitudeDegrees>
            </Position>
            <AltitudeMeters>180.60000610351562</AltitudeMeters>
            <DistanceMeters>3942.550048828125</DistanceMeters>
            <HeartRateBpm>
              <Value>57</Value>
            </HeartRateBpm>
            <Extensions>
              <ns3:TPX>
                <ns3:Speed>1.7079999446868896</ns3:Speed>
                <ns3:RunCadence>58</ns3:RunCadence>
              </ns3:TPX>
            </Extensions>
          </Trackpoint>
          <Trackpoint>
            <Time>2025-08-03T18:17:40.000Z</Time>
            <Position>
              <LatitudeDegrees>43.124752677977085</LatitudeDegrees>
              <LongitudeDegrees>-2.5842596869915724</LongitudeDegrees>
            </Position>
            <AltitudeMeters>180.39999389648438</AltitudeMeters>
            <DistanceMeters>3946.179931640625</DistanceMeters>
            <HeartRateBpm>
              <Value>57</Value>
            </HeartRateBpm>
            <Extensions>
              <ns3:TPX>
                <ns3:Speed>1.7079999446868896</ns3:Speed>
                <ns3:RunCadence>57</ns3:RunCadence>
              </ns3:TPX>
            </Extensions>
          </Trackpoint>
          <Trackpoint>
            <Time>2025-08-03T18:17:49.000Z</Time>
            <Position>
              <LatitudeDegrees>43.124899780377746</LatitudeDegrees>
              <LongitudeDegrees>-2.584263291209936</LongitudeDegrees>
            </Position>
            <AltitudeMeters>180.0</AltitudeMeters>
            <DistanceMeters>3962.27001953125</DistanceMeters>
            <HeartRateBpm>
              <Value>58</Value>
            </HeartRateBpm>
            <Extensions>
              <ns3:TPX>
                <ns3:Speed>1.753999948501587</ns3:Speed>
                <ns3:RunCadence>58</ns3:RunCadence>
              </ns3:TPX>
            </Extensions>
          </Trackpoint>
          <Trackpoint>
            <Time>2025-08-03T18:17:58.000Z</Time>
            <Position>
              <LatitudeDegrees>43.12504378147423</LatitudeDegrees>
              <LongitudeDegrees>-2.584269242361188</LongitudeDegrees>
            </Position>
            <AltitudeMeters>181.0</AltitudeMeters>
            <DistanceMeters>3978.68994140625</DistanceMeters>
            <HeartRateBpm>
              <Value>56</Value>
            </HeartRateBpm>
            <Extensions>
              <ns3:TPX>
                <ns3:Speed>1.7640000581741333</ns3:Speed>
                <ns3:RunCadence>57</ns3:RunCadence>
              </ns3:TPX>
            </Extensions>
          </Trackpoint>
          <Trackpoint>
            <Time>2025-08-03T18:18:01.000Z</Time>
            <Position>
              <LatitudeDegrees>43.12508208677173</LatitudeDegrees>
              <LongitudeDegrees>-2.584266308695078</LongitudeDegrees>
            </Position>
            <AltitudeMeters>180.8000030517578</AltitudeMeters>
            <DistanceMeters>3983.260009765625</DistanceMeters>
            <HeartRateBpm>
              <Value>59</Value>
            </HeartRateBpm>
            <Extensions>
              <ns3:TPX>
                <ns3:Speed>1.7730000019073486</ns3:Speed>
                <ns3:RunCadence>57</ns3:RunCadence>
              </ns3:TPX>
            </Extensions>
          </Trackpoint>
          <Trackpoint>
            <Time>2025-08-03T18:18:02.000Z</Time>
            <Position>
              <LatitudeDegrees>43.125095749273896</LatitudeDegrees>
              <LongitudeDegrees>-2.58426982909441</LongitudeDegrees>
            </Position>
            <AltitudeMeters>180.60000610351562</AltitudeMeters>
            <DistanceMeters>3985.1201171875</DistanceMeters>
            <HeartRateBpm>
              <Value>62</Value>
            </HeartRateBpm>
            <Extensions>
              <ns3:TPX>
                <ns3:Speed>1.7640000581741333</ns3:Speed>
                <ns3:RunCadence>57</ns3:RunCadence>
              </ns3:TPX>
            </Extensions>
          </Trackpoint>
          <Trackpoint>
            <Time>2025-08-03T18:18:04.000Z</Time>
            <Position>
              <LatitudeDegrees>43.12512584030628</LatitudeDegrees>
              <LongitudeDegrees>-2.5842711701989174</LongitudeDegrees>
            </Position>
            <AltitudeMeters>180.1999969482422</AltitudeMeters>
            <DistanceMeters>3988.43994140625</DistanceMeters>
            <HeartRateBpm>
              <Value>63</Value>
            </HeartRateBpm>
            <Extensions>
              <ns3:TPX>
                <ns3:Speed>1.7640000581741333</ns3:Speed>
                <ns3:RunCadence>57</ns3:RunCadence>
              </ns3:TPX>
            </Extensions>
          </Trackpoint>
          <Trackpoint>
            <Time>2025-08-03T18:18:13.000Z</Time>
            <Position>
              <LatitudeDegrees>43.12525223940611</LatitudeDegrees>
              <LongitudeDegrees>-2.5842935498803854</LongitudeDegrees>
            </Position>
            <AltitudeMeters>179.39999389648438</AltitudeMeters>
            <DistanceMeters>4003.5</DistanceMeters>
            <HeartRateBpm>
              <Value>64</Value>
            </HeartRateBpm>
            <Extensions>
              <ns3:TPX>
                <ns3:Speed>1.7450000047683716</ns3:Speed>
                <ns3:RunCadence>57</ns3:RunCadence>
              </ns3:TPX>
            </Extensions>
          </Trackpoint>
          <Trackpoint>
            <Time>2025-08-03T18:18:14.000Z</Time>
            <Position>
              <LatitudeDegrees>43.12527051195502</LatitudeDegrees>
              <LongitudeDegrees>-2.5842855870723724</LongitudeDegrees>
            </Position>
            <AltitudeMeters>179.1999969482422</AltitudeMeters>
            <DistanceMeters>4005.10009765625</DistanceMeters>
            <HeartRateBpm>
              <Value>59</Value>
            </HeartRateBpm>
            <Extensions>
              <ns3:TPX>
                <ns3:Speed>1.7450000047683716</ns3:Speed>
                <ns3:RunCadence>58</ns3:RunCadence>
              </ns3:TPX>
            </Extensions>
          </Trackpoint>
          <Trackpoint>
            <Time>2025-08-03T18:18:16.000Z</Time>
            <Position>
              <LatitudeDegrees>43.12530705705285</LatitudeDegrees>
              <LongitudeDegrees>-2.5842567533254623</LongitudeDegrees>
            </Position>
            <AltitudeMeters>179.1999969482422</AltitudeMeters>
            <DistanceMeters>4008.25</DistanceMeters>
            <HeartRateBpm>
              <Value>56</Value>
            </HeartRateBpm>
            <Extensions>
              <ns3:TPX>
                <ns3:Speed>1.7359999418258667</ns3:Speed>
                <ns3:RunCadence>57</ns3:RunCadence>
              </ns3:TPX>
            </Extensions>
          </Trackpoint>
          <Trackpoint>
            <Time>2025-08-03T18:18:18.000Z</Time>
            <Position>
              <LatitudeDegrees>43.1253579352051</LatitudeDegrees>
              <LongitudeDegrees>-2.5842452701181173</LongitudeDegrees>
            </Position>
            <AltitudeMeters>179.0</AltitudeMeters>
            <DistanceMeters>4011.989990234375</DistanceMeters>
            <HeartRateBpm>
              <Value>60</Value>
            </HeartRateBpm>
            <Extensions>
              <ns3:TPX>
                <ns3:Speed>1.7359999418258667</ns3:Speed>
                <ns3:RunCadence>57</ns3:RunCadence>
              </ns3:TPX>
            </Extensions>
          </Trackpoint>
          <Trackpoint>
            <Time>2025-08-03T18:18:21.000Z</Time>
            <Position>
              <LatitudeDegrees>43.125399593263865</LatitudeDegrees>
              <LongitudeDegrees>-2.584251556545496</LongitudeDegrees>
            </Position>
            <AltitudeMeters>179.1999969482422</AltitudeMeters>
            <DistanceMeters>4017.330078125</DistanceMeters>
            <HeartRateBpm>
              <Value>62</Value>
            </HeartRateBpm>
            <Extensions>
              <ns3:TPX>
                <ns3:Speed>1.7359999418258667</ns3:Speed>
                <ns3:RunCadence>58</ns3:RunCadence>
              </ns3:TPX>
            </Extensions>
          </Trackpoint>
          <Trackpoint>
            <Time>2025-08-03T18:18:23.000Z</Time>
            <Position>
              <LatitudeDegrees>43.12543228268623</LatitudeDegrees>
              <LongitudeDegrees>-2.5842505507171154</LongitudeDegrees>
            </Position>
            <AltitudeMeters>179.8000030517578</AltitudeMeters>
            <DistanceMeters>4020.699951171875</DistanceMeters>
            <HeartRateBpm>
              <Value>59</Value>
            </HeartRateBpm>
            <Extensions>
              <ns3:TPX>
                <ns3:Speed>1.7359999418258667</ns3:Speed>
                <ns3:RunCadence>57</ns3:RunCadence>
              </ns3:TPX>
            </Extensions>
          </Trackpoint>
          <Trackpoint>
            <Time>2025-08-03T18:18:28.000Z</Time>
            <Position>
              <LatitudeDegrees>43.12551710754633</LatitudeDegrees>
              <LongitudeDegrees>-2.5842290930449963</LongitudeDegrees>
            </Position>
            <AltitudeMeters>179.60000610351562</AltitudeMeters>
            <DistanceMeters>4029.080078125</DistanceMeters>
            <HeartRateBpm>
              <Value>59</Value>
            </HeartRateBpm>
            <Extensions>
              <ns3:TPX>
                <ns3:Speed>1.7259999513626099</ns3:Speed>
                <ns3:RunCadence>57</ns3:RunCadence>
              </ns3:TPX>
            </Extensions>
          </Trackpoint>
          <Trackpoint>
            <Time>2025-08-03T18:18:37.000Z</Time>
            <Position>
              <LatitudeDegrees>43.12564769759774</LatitudeDegrees>
              <LongitudeDegrees>-2.5841610319912434</LongitudeDegrees>
            </Position>
            <AltitudeMeters>178.39999389648438</AltitudeMeters>
            <DistanceMeters>4044.56005859375</DistanceMeters>
            <HeartRateBpm>
              <Value>57</Value>
            </HeartRateBpm>
            <Extensions>
              <ns3:TPX>
                <ns3:Speed>1.7170000076293945</ns3:Speed>
                <ns3:RunCadence>57</ns3:RunCadence>
              </ns3:TPX>
            </Extensions>
          </Trackpoint>
          <Trackpoint>
            <Time>2025-08-03T18:18:38.000Z</Time>
            <Position>
              <LatitudeDegrees>43.12565976753831</LatitudeDegrees>
              <LongitudeDegrees>-2.5841560028493404</LongitudeDegrees>
            </Position>
            <AltitudeMeters>178.1999969482422</AltitudeMeters>
            <DistanceMeters>4046.489990234375</DistanceMeters>
            <HeartRateBpm>
              <Value>57</Value>
            </HeartRateBpm>
            <Extensions>
              <ns3:TPX>
                <ns3:Speed>1.7170000076293945</ns3:Speed>
                <ns3:RunCadence>57</ns3:RunCadence>
              </ns3:TPX>
            </Extensions>
          </Trackpoint>
          <Trackpoint>
            <Time>2025-08-03T18:18:47.000Z</Time>
            <Position>
              <LatitudeDegrees>43.12579010613263</LatitudeDegrees>
              <LongitudeDegrees>-2.58411543443799</LongitudeDegrees>
            </Position>
            <AltitudeMeters>178.60000610351562</AltitudeMeters>
            <DistanceMeters>4061.860107421875</DistanceMeters>
            <HeartRateBpm>
              <Value>59</Value>
            </HeartRateBpm>
            <Extensions>
              <ns3:TPX>
                <ns3:Speed>1.7079999446868896</ns3:Speed>
                <ns3:RunCadence>58</ns3:RunCadence>
              </ns3:TPX>
            </Extensions>
          </Trackpoint>
          <Trackpoint>
            <Time>2025-08-03T18:18:55.000Z</Time>
            <Position>
              <LatitudeDegrees>43.12591985799372</LatitudeDegrees>
              <LongitudeDegrees>-2.5840393267571926</LongitudeDegrees>
            </Position>
            <AltitudeMeters>178.0</AltitudeMeters>
            <DistanceMeters>4075.530029296875</DistanceMeters>
            <HeartRateBpm>
              <Value>59</Value>
            </HeartRateBpm>
            <Extensions>
              <ns3:TPX>
                <ns3:Speed>1.6979999542236328</ns3:Speed>
                <ns3:RunCadence>58</ns3:RunCadence>
              </ns3:TPX>
            </Extensions>
          </Trackpoint>
          <Trackpoint>
            <Time>2025-08-03T18:19:03.000Z</Time>
            <Position>
              <LatitudeDegrees>43.12603418715298</LatitudeDegrees>
              <LongitudeDegrees>-2.5839406717568636</LongitudeDegrees>
            </Position>
            <AltitudeMeters>177.8000030517578</AltitudeMeters>
            <DistanceMeters>4086.969970703125</DistanceMeters>
            <HeartRateBpm>
              <Value>57</Value>
            </HeartRateBpm>
            <Extensions>
              <ns3:TPX>
                <ns3:Speed>1.6699999570846558</ns3:Speed>
                <ns3:RunCadence>59</ns3:RunCadence>
              </ns3:TPX>
            </Extensions>
          </Trackpoint>
          <Trackpoint>
            <Time>2025-08-03T18:19:07.000Z</Time>
            <Position>
              <LatitudeDegrees>43.12608917243779</LatitudeDegrees>
              <LongitudeDegrees>-2.5839047972112894</LongitudeDegrees>
            </Position>
            <AltitudeMeters>177.60000610351562</AltitudeMeters>
            <DistanceMeters>4095.389892578125</DistanceMeters>
            <HeartRateBpm>
              <Value>60</Value>
            </HeartRateBpm>
            <Extensions>
              <ns3:TPX>
                <ns3:Speed>1.6519999504089355</ns3:Speed>
                <ns3:RunCadence>59</ns3:RunCadence>
              </ns3:TPX>
            </Extensions>
          </Trackpoint>
          <Trackpoint>
            <Time>2025-08-03T18:19:09.000Z</Time>
            <Position>
              <LatitudeDegrees>43.12611213885248</LatitudeDegrees>
              <LongitudeDegrees>-2.5838799867779016</LongitudeDegrees>
            </Position>
            <AltitudeMeters>177.60000610351562</AltitudeMeters>
            <DistanceMeters>4097.93017578125</DistanceMeters>
            <HeartRateBpm>
              <Value>57</Value>
            </HeartRateBpm>
            <Extensions>
              <ns3:TPX>
                <ns3:Speed>1.6519999504089355</ns3:Speed>
                <ns3:RunCadence>57</ns3:RunCadence>
              </ns3:TPX>
            </Extensions>
          </Trackpoint>
          <Trackpoint>
            <Time>2025-08-03T18:19:14.000Z</Time>
            <Position>
              <LatitudeDegrees>43.126168213784695</LatitudeDegrees>
              <LongitudeDegrees>-2.5838391669094563</LongitudeDegrees>
            </Position>
            <AltitudeMeters>177.39999389648438</AltitudeMeters>
            <DistanceMeters>4107.0400390625</DistanceMeters>
            <HeartRateBpm>
              <Value>57</Value>
            </HeartRateBpm>
            <Extensions>
              <ns3:TPX>
                <ns3:Speed>1.6139999628067017</ns3:Speed>
                <ns3:RunCadence>58</ns3:RunCadence>
              </ns3:TPX>
            </Extensions>
          </Trackpoint>
          <Trackpoint>
            <Time>2025-08-03T18:19:16.000Z</Time>
            <Position>
              <LatitudeDegrees>43.12618321739137</LatitudeDegrees>
              <LongitudeDegrees>-2.5838243309408426</LongitudeDegrees>
            </Position>
            <AltitudeMeters>177.1999969482422</AltitudeMeters>
            <DistanceMeters>4109.52978515625</DistanceMeters>
            <HeartRateBpm>
              <Value>58</Value>
            </HeartRateBpm>
            <Extensions>
              <ns3:TPX>
                <ns3:Speed>1.6139999628067017</ns3:Speed>
                <ns3:RunCadence>58</ns3:RunCadence>
              </ns3:TPX>
            </Extensions>
          </Trackpoint>
          <Trackpoint>
            <Time>2025-08-03T18:19:19.000Z</Time>
            <Position>
              <LatitudeDegrees>43.12620375305414</LatitudeDegrees>
              <LongitudeDegrees>-2.5837975088506937</LongitudeDegrees>
            </Position>
            <AltitudeMeters>177.1999969482422</AltitudeMeters>
            <DistanceMeters>4113.240234375</DistanceMeters>
            <HeartRateBpm>
              <Value>58</Value>
            </HeartRateBpm>
            <Extensions>
              <ns3:TPX>
                <ns3:Speed>1.5959999561309814</ns3:Speed>
                <ns3:RunCadence>59</ns3:RunCadence>
              </ns3:TPX>
            </Extensions>
          </Trackpoint>
          <Trackpoint>
            <Time>2025-08-03T18:19:20.000Z</Time>
            <Position>
              <LatitudeDegrees>43.12621297314763</LatitudeDegrees>
              <LongitudeDegrees>-2.5837908033281565</LongitudeDegrees>
            </Position>
            <AltitudeMeters>177.1999969482422</AltitudeMeters>
            <DistanceMeters>4114.02001953125</DistanceMeters>
            <HeartRateBpm>
              <Value>58</Value>
            </HeartRateBpm>
            <Extensions>
              <ns3:TPX>
                <ns3:Speed>1.5859999656677246</ns3:Speed>
                <ns3:RunCadence>59</ns3:RunCadence>
              </ns3:TPX>
            </Extensions>
          </Trackpoint>
          <Trackpoint>
            <Time>2025-08-03T18:19:23.000Z</Time>
            <Position>
              <LatitudeDegrees>43.12624482437968</LatitudeDegrees>
              <LongitudeDegrees>-2.5837690103799105</LongitudeDegrees>
            </Position>
            <AltitudeMeters>177.39999389648438</AltitudeMeters>
            <DistanceMeters>4117.39013671875</DistanceMeters>
            <HeartRateBpm>
              <Value>54</Value>
            </HeartRateBpm>
            <Extensions>
              <ns3:TPX>
                <ns3:Speed>1.5210000276565552</ns3:Speed>
                <ns3:RunCadence>58</ns3:RunCadence>
              </ns3:TPX>
            </Extensions>
          </Trackpoint>
          <Trackpoint>
            <Time>2025-08-03T18:19:27.000Z</Time>
            <Position>
              <LatitudeDegrees>43.12628975138068</LatitudeDegrees>
              <LongitudeDegrees>-2.583723161369562</LongitudeDegrees>
            </Position>
            <AltitudeMeters>177.1999969482422</AltitudeMeters>
            <DistanceMeters>4123.2001953125</DistanceMeters>
            <HeartRateBpm>
              <Value>56</Value>
            </HeartRateBpm>
            <Extensions>
              <ns3:TPX>
                <ns3:Speed>1.5019999742507935</ns3:Speed>
                <ns3:RunCadence>57</ns3:RunCadence>
              </ns3:TPX>
            </Extensions>
          </Trackpoint>
          <Trackpoint>
            <Time>2025-08-03T18:19:32.000Z</Time>
            <Position>
              <LatitudeDegrees>43.126370469108224</LatitudeDegrees>
              <LongitudeDegrees>-2.5836691819131374</LongitudeDegrees>
            </Position>
            <AltitudeMeters>177.0</AltitudeMeters>
            <DistanceMeters>4130.240234375</DistanceMeters>
            <HeartRateBpm>
              <Value>58</Value>
            </HeartRateBpm>
            <Extensions>
              <ns3:TPX>
                <ns3:Speed>1.4739999771118164</ns3:Speed>
                <ns3:RunCadence>59</ns3:RunCadence>
              </ns3:TPX>
            </Extensions>
          </Trackpoint>
          <Trackpoint>
            <Time>2025-08-03T18:19:35.000Z</Time>
            <Position>
              <LatitudeDegrees>43.126423275098205</LatitudeDegrees>
              <LongitudeDegrees>-2.58363364264369</LongitudeDegrees>
            </Position>
            <AltitudeMeters>176.60000610351562</AltitudeMeters>
            <DistanceMeters>4136.919921875</DistanceMeters>
            <HeartRateBpm>
              <Value>61</Value>
            </HeartRateBpm>
            <Extensions>
              <ns3:TPX>
                <ns3:Speed>1.4839999675750732</ns3:Speed>
                <ns3:RunCadence>59</ns3:RunCadence>
              </ns3:TPX>
            </Extensions>
          </Trackpoint>
          <Trackpoint>
            <Time>2025-08-03T18:19:38.000Z</Time>
            <Position>
              <LatitudeDegrees>43.126468202099204</LatitudeDegrees>
              <LongitudeDegrees>-2.5836220756173134</LongitudeDegrees>
            </Position>
            <AltitudeMeters>176.60000610351562</AltitudeMeters>
            <DistanceMeters>4141.52001953125</DistanceMeters>
            <HeartRateBpm>
              <Value>60</Value>
            </HeartRateBpm>
            <Extensions>
              <ns3:TPX>
                <ns3:Speed>1.4839999675750732</ns3:Speed>
                <ns3:RunCadence>57</ns3:RunCadence>
              </ns3:TPX>
            </Extensions>
          </Trackpoint>
          <Trackpoint>
            <Time>2025-08-03T18:19:39.000Z</Time>
            <Position>
              <LatitudeDegrees>43.126482870429754</LatitudeDegrees>
              <LongitudeDegrees>-2.5836167111992836</LongitudeDegrees>
            </Position>
            <AltitudeMeters>176.60000610351562</AltitudeMeters>
            <DistanceMeters>4142.39990234375</DistanceMeters>
            <HeartRateBpm>
              <Value>60</Value>
            </HeartRateBpm>
            <Extensions>
              <ns3:TPX>
                <ns3:Speed>1.4930000305175781</ns3:Speed>
                <ns3:RunCadence>58</ns3:RunCadence>
              </ns3:TPX>
            </Extensions>
          </Trackpoint>
          <Trackpoint>
            <Time>2025-08-03T18:19:42.000Z</Time>
            <Position>
              <LatitudeDegrees>43.126522433012724</LatitudeDegrees>
              <LongitudeDegrees>-2.5836075749248266</LongitudeDegrees>
            </Position>
            <AltitudeMeters>176.39999389648438</AltitudeMeters>
            <DistanceMeters>4145.91015625</DistanceMeters>
            <HeartRateBpm>
              <Value>58</Value>
            </HeartRateBpm>
            <Extensions>
              <ns3:TPX>
                <ns3:Speed>1.4459999799728394</ns3:Speed>
                <ns3:RunCadence>59</ns3:RunCadence>
              </ns3:TPX>
            </Extensions>
          </Trackpoint>
          <Trackpoint>
            <Time>2025-08-03T18:19:45.000Z</Time>
            <Position>
              <LatitudeDegrees>43.1265633367002</LatitudeDegrees>
              <LongitudeDegrees>-2.583583015948534</LongitudeDegrees>
            </Position>
            <AltitudeMeters>176.39999389648438</AltitudeMeters>
            <DistanceMeters>4150.1201171875</DistanceMeters>
            <HeartRateBpm>
              <Value>58</Value>
            </HeartRateBpm>
            <Extensions>
              <ns3:TPX>
                <ns3:Speed>1.4179999828338623</ns3:Speed>
                <ns3:RunCadence>57</ns3:RunCadence>
              </ns3:TPX>
            </Extensions>
          </Trackpoint>
          <Trackpoint>
            <Time>2025-08-03T18:19:47.000Z</Time>
            <Position>
              <LatitudeDegrees>43.12659451738</LatitudeDegrees>
              <LongitudeDegrees>-2.583575053140521</LongitudeDegrees>
            </Position>
            <AltitudeMeters>176.1999969482422</AltitudeMeters>
            <DistanceMeters>4153.7998046875</DistanceMeters>
            <HeartRateBpm>
              <Value>56</Value>
            </HeartRateBpm>
            <Extensions>
              <ns3:TPX>
                <ns3:Speed>1.3899999856948853</ns3:Speed>
                <ns3:RunCadence>57</ns3:RunCadence>
              </ns3:TPX>
            </Extensions>
          </Trackpoint>
          <Trackpoint>
            <Time>2025-08-03T18:19:48.000Z</Time>
            <Position>
              <LatitudeDegrees>43.126607509329915</LatitudeDegrees>
              <LongitudeDegrees>-2.5835740473121405</LongitudeDegrees>
            </Position>
            <AltitudeMeters>176.1999969482422</AltitudeMeters>
            <DistanceMeters>4156.31982421875</DistanceMeters>
            <HeartRateBpm>
              <Value>56</Value>
            </HeartRateBpm>
            <Extensions>
              <ns3:TPX>
                <ns3:Speed>1.3899999856948853</ns3:Speed>
                <ns3:RunCadence>58</ns3:RunCadence>
              </ns3:TPX>
            </Extensions>
          </Trackpoint>
          <Trackpoint>
            <Time>2025-08-03T18:19:51.000Z</Time>
            <Position>
              <LatitudeDegrees>43.126657884567976</LatitudeDegrees>
              <LongitudeDegrees>-2.5835561100393534</LongitudeDegrees>
            </Position>
            <AltitudeMeters>176.0</AltitudeMeters>
            <DistanceMeters>4162.25</DistanceMeters>
            <HeartRateBpm>
              <Value>58</Value>
            </HeartRateBpm>
            <Extensions>
              <ns3:TPX>
                <ns3:Speed>1.399999976158142</ns3:Speed>
                <ns3:RunCadence>57</ns3:RunCadence>
              </ns3:TPX>
            </Extensions>
          </Trackpoint>
          <Trackpoint>
            <Time>2025-08-03T18:19:56.000Z</Time>
            <Position>
              <LatitudeDegrees>43.12671924009919</LatitudeDegrees>
              <LongitudeDegrees>-2.5835004542022943</LongitudeDegrees>
            </Position>
            <AltitudeMeters>175.60000610351562</AltitudeMeters>
            <DistanceMeters>4173.47998046875</DistanceMeters>
            <HeartRateBpm>
              <Value>58</Value>
            </HeartRateBpm>
            <Extensions>
              <ns3:TPX>
                <ns3:Speed>1.4279999732971191</ns3:Speed>
                <ns3:RunCadence>57</ns3:RunCadence>
              </ns3:TPX>
            </Extensions>
          </Trackpoint>
          <Trackpoint>
            <Time>2025-08-03T18:20:04.000Z</Time>
            <Position>
              <LatitudeDegrees>43.1268223375082</LatitudeDegrees>
              <LongitudeDegrees>-2.583495257422328</LongitudeDegrees>
            </Position>
            <AltitudeMeters>176.0</AltitudeMeters>
            <DistanceMeters>4185.56982421875</DistanceMeters>
            <HeartRateBpm>
              <Value>58</Value>
            </HeartRateBpm>
            <Extensions>
              <ns3:TPX>
                <ns3:Speed>1.3899999856948853</ns3:Speed>
                <ns3:RunCadence>57</ns3:RunCadence>
              </ns3:TPX>
            </Extensions>
          </Trackpoint>
          <Trackpoint>
            <Time>2025-08-03T18:20:08.000Z</Time>
            <Position>
              <LatitudeDegrees>43.12689316459</LatitudeDegrees>
              <LongitudeDegrees>-2.583471368998289</LongitudeDegrees>
            </Position>
            <AltitudeMeters>176.0</AltitudeMeters>
            <DistanceMeters>4194.81982421875</DistanceMeters>
            <HeartRateBpm>
              <Value>54</Value>
            </HeartRateBpm>
            <Extensions>
              <ns3:TPX>
                <ns3:Speed>1.4739999771118164</ns3:Speed>
                <ns3:RunCadence>57</ns3:RunCadence>
              </ns3:TPX>
            </Extensions>
          </Trackpoint>
          <Trackpoint>
            <Time>2025-08-03T18:20:11.000Z</Time>
            <Position>
              <LatitudeDegrees>43.12693700194359</LatitudeDegrees>
              <LongitudeDegrees>-2.5834382604807615</LongitudeDegrees>
            </Position>
            <AltitudeMeters>176.0</AltitudeMeters>
            <DistanceMeters>4199.06005859375</DistanceMeters>
            <HeartRateBpm>
              <Value>58</Value>
            </HeartRateBpm>
            <Extensions>
              <ns3:TPX>
                <ns3:Speed>1.5490000247955322</ns3:Speed>
                <ns3:RunCadence>57</ns3:RunCadence>
              </ns3:TPX>
            </Extensions>
          </Trackpoint>
          <Trackpoint>
            <Time>2025-08-03T18:20:16.000Z</Time>
            <Position>
              <LatitudeDegrees>43.12703331001103</LatitudeDegrees>
              <LongitudeDegrees>-2.5833835266530514</LongitudeDegrees>
            </Position>
            <AltitudeMeters>175.0</AltitudeMeters>
            <DistanceMeters>4208.77001953125</DistanceMeters>
            <HeartRateBpm>
              <Value>59</Value>
            </HeartRateBpm>
            <Extensions>
              <ns3:TPX>
                <ns3:Speed>1.5399999618530273</ns3:Speed>
                <ns3:RunCadence>57</ns3:RunCadence>
              </ns3:TPX>
            </Extensions>
          </Trackpoint>
          <Trackpoint>
            <Time>2025-08-03T18:20:18.000Z</Time>
            <Position>
              <LatitudeDegrees>43.12706155702472</LatitudeDegrees>
              <LongitudeDegrees>-2.583386292681098</LongitudeDegrees>
            </Position>
            <AltitudeMeters>175.0</AltitudeMeters>
            <DistanceMeters>4212.240234375</DistanceMeters>
            <HeartRateBpm>
              <Value>59</Value>
            </HeartRateBpm>
            <Extensions>
              <ns3:TPX>
                <ns3:Speed>1.5399999618530273</ns3:Speed>
                <ns3:RunCadence>57</ns3:RunCadence>
              </ns3:TPX>
            </Extensions>
          </Trackpoint>
          <Trackpoint>
            <Time>2025-08-03T18:20:24.000Z</Time>
            <Position>
              <LatitudeDegrees>43.1271452922374</LatitudeDegrees>
              <LongitudeDegrees>-2.58337271399796</LongitudeDegrees>
            </Position>
            <AltitudeMeters>175.60000610351562</AltitudeMeters>
            <DistanceMeters>4223.7900390625</DistanceMeters>
            <HeartRateBpm>
              <Value>59</Value>
            </HeartRateBpm>
            <Extensions>
              <ns3:TPX>
                <ns3:Speed>1.5959999561309814</ns3:Speed>
                <ns3:RunCadence>57</ns3:RunCadence>
              </ns3:TPX>
            </Extensions>
          </Trackpoint>
          <Trackpoint>
            <Time>2025-08-03T18:20:31.000Z</Time>
            <Position>
              <LatitudeDegrees>43.127254927530885</LatitudeDegrees>
              <LongitudeDegrees>-2.5833007972687483</LongitudeDegrees>
            </Position>
            <AltitudeMeters>175.1999969482422</AltitudeMeters>
            <DistanceMeters>4235.9599609375</DistanceMeters>
            <HeartRateBpm>
              <Value>59</Value>
            </HeartRateBpm>
            <Extensions>
              <ns3:TPX>
                <ns3:Speed>1.6419999599456787</ns3:Speed>
                <ns3:RunCadence>60</ns3:RunCadence>
              </ns3:TPX>
            </Extensions>
          </Trackpoint>
          <Trackpoint>
            <Time>2025-08-03T18:20:37.000Z</Time>
            <Position>
              <LatitudeDegrees>43.12734612263739</LatitudeDegrees>
              <LongitudeDegrees>-2.5832606479525566</LongitudeDegrees>
            </Position>
            <AltitudeMeters>175.0</AltitudeMeters>
            <DistanceMeters>4246.330078125</DistanceMeters>
            <HeartRateBpm>
              <Value>59</Value>
            </HeartRateBpm>
            <Extensions>
              <ns3:TPX>
                <ns3:Speed>1.6699999570846558</ns3:Speed>
                <ns3:RunCadence>56</ns3:RunCadence>
              </ns3:TPX>
            </Extensions>
          </Trackpoint>
          <Trackpoint>
            <Time>2025-08-03T18:20:45.000Z</Time>
            <Position>
              <LatitudeDegrees>43.127456679940224</LatitudeDegrees>
              <LongitudeDegrees>-2.5832271203398705</LongitudeDegrees>
            </Position>
            <AltitudeMeters>175.0</AltitudeMeters>
            <DistanceMeters>4261.4599609375</DistanceMeters>
            <HeartRateBpm>
              <Value>59</Value>
            </HeartRateBpm>
            <Extensions>
              <ns3:TPX>
                <ns3:Speed>1.8009999990463257</ns3:Speed>
                <ns3:RunCadence>57</ns3:RunCadence>
              </ns3:TPX>
            </Extensions>
          </Trackpoint>
          <Trackpoint>
            <Time>2025-08-03T18:20:47.000Z</Time>
            <Position>
              <LatitudeDegrees>43.12748434022069</LatitudeDegrees>
              <LongitudeDegrees>-2.5832238513976336</LongitudeDegrees>
            </Position>
            <AltitudeMeters>174.8000030517578</AltitudeMeters>
            <DistanceMeters>4263.7998046875</DistanceMeters>
            <HeartRateBpm>
              <Value>56</Value>
            </HeartRateBpm>
            <Extensions>
              <ns3:TPX>
                <ns3:Speed>1.7910000085830688</ns3:Speed>
                <ns3:RunCadence>57</ns3:RunCadence>
              </ns3:TPX>
            </Extensions>
          </Trackpoint>
          <Trackpoint>
            <Time>2025-08-03T18:20:50.000Z</Time>
            <Position>
              <LatitudeDegrees>43.12751954421401</LatitudeDegrees>
              <LongitudeDegrees>-2.58320071734488</LongitudeDegrees>
            </Position>
            <AltitudeMeters>174.60000610351562</AltitudeMeters>
            <DistanceMeters>4267.2099609375</DistanceMeters>
            <HeartRateBpm>
              <Value>59</Value>
            </HeartRateBpm>
            <Extensions>
              <ns3:TPX>
                <ns3:Speed>1.7170000076293945</ns3:Speed>
                <ns3:RunCadence>57</ns3:RunCadence>
              </ns3:TPX>
            </Extensions>
          </Trackpoint>
          <Trackpoint>
            <Time>2025-08-03T18:20:52.000Z</Time>
            <Position>
              <LatitudeDegrees>43.12754929997027</LatitudeDegrees>
              <LongitudeDegrees>-2.5831846240907907</LongitudeDegrees>
            </Position>
            <AltitudeMeters>174.60000610351562</AltitudeMeters>
            <DistanceMeters>4270.33984375</DistanceMeters>
            <HeartRateBpm>
              <Value>59</Value>
            </HeartRateBpm>
            <Extensions>
              <ns3:TPX>
                <ns3:Speed>1.6519999504089355</ns3:Speed>
                <ns3:RunCadence>57</ns3:RunCadence>
              </ns3:TPX>
            </Extensions>
          </Trackpoint>
          <Trackpoint>
            <Time>2025-08-03T18:21:01.000Z</Time>
            <Position>
              <LatitudeDegrees>43.127694223076105</LatitudeDegrees>
              <LongitudeDegrees>-2.583162412047386</LongitudeDegrees>
            </Position>
            <AltitudeMeters>174.1999969482422</AltitudeMeters>
            <DistanceMeters>4289.0498046875</DistanceMeters>
            <HeartRateBpm>
              <Value>58</Value>
            </HeartRateBpm>
            <Extensions>
              <ns3:TPX>
                <ns3:Speed>1.7450000047683716</ns3:Speed>
                <ns3:RunCadence>56</ns3:RunCadence>
              </ns3:TPX>
            </Extensions>
          </Trackpoint>
          <Trackpoint>
            <Time>2025-08-03T18:21:03.000Z</Time>
            <Position>
              <LatitudeDegrees>43.1277187820524</LatitudeDegrees>
              <LongitudeDegrees>-2.583161825314164</LongitudeDegrees>
            </Position>
            <AltitudeMeters>174.39999389648438</AltitudeMeters>
            <DistanceMeters>4291.8798828125</DistanceMeters>
            <HeartRateBpm>
              <Value>58</Value>
            </HeartRateBpm>
            <Extensions>
              <ns3:TPX>
                <ns3:Speed>1.753999948501587</ns3:Speed>
                <ns3:RunCadence>57</ns3:RunCadence>
              </ns3:TPX>
            </Extensions>
          </Trackpoint>
          <Trackpoint>
            <Time>2025-08-03T18:21:07.000Z</Time>
            <Position>
              <LatitudeDegrees>43.12777443788946</LatitudeDegrees>
              <LongitudeDegrees>-2.5831616576761007</LongitudeDegrees>
            </Position>
            <AltitudeMeters>174.1999969482422</AltitudeMeters>
            <DistanceMeters>4297.64990234375</DistanceMeters>
            <HeartRateBpm>
              <Value>58</Value>
            </HeartRateBpm>
            <Extensions>
              <ns3:TPX>
                <ns3:Speed>1.7359999418258667</ns3:Speed>
                <ns3:RunCadence>57</ns3:RunCadence>
              </ns3:TPX>
            </Extensions>
          </Trackpoint>
          <Trackpoint>
            <Time>2025-08-03T18:21:09.000Z</Time>
            <Position>
              <LatitudeDegrees>43.12780687585473</LatitudeDegrees>
              <LongitudeDegrees>-2.5831541139632463</LongitudeDegrees>
            </Position>
            <AltitudeMeters>174.0</AltitudeMeters>
            <DistanceMeters>4300.68994140625</DistanceMeters>
            <HeartRateBpm>
              <Value>58</Value>
            </HeartRateBpm>
            <Extensions>
              <ns3:TPX>
                <ns3:Speed>1.7259999513626099</ns3:Speed>
                <ns3:RunCadence>57</ns3:RunCadence>
              </ns3:TPX>
            </Extensions>
          </Trackpoint>
          <Trackpoint>
            <Time>2025-08-03T18:21:16.000Z</Time>
            <Position>
              <LatitudeDegrees>43.12791877426207</LatitudeDegrees>
              <LongitudeDegrees>-2.5831220112740993</LongitudeDegrees>
            </Position>
            <AltitudeMeters>173.60000610351562</AltitudeMeters>
            <DistanceMeters>4312.5498046875</DistanceMeters>
            <HeartRateBpm>
              <Value>58</Value>
            </HeartRateBpm>
            <Extensions>
              <ns3:TPX>
                <ns3:Speed>1.7170000076293945</ns3:Speed>
                <ns3:RunCadence>57</ns3:RunCadence>
              </ns3:TPX>
            </Extensions>
          </Trackpoint>
          <Trackpoint>
            <Time>2025-08-03T18:21:25.000Z</Time>
            <Position>
              <LatitudeDegrees>43.12805414199829</LatitudeDegrees>
              <LongitudeDegrees>-2.5830913335084915</LongitudeDegrees>
            </Position>
            <AltitudeMeters>173.8000030517578</AltitudeMeters>
            <DistanceMeters>4325.6298828125</DistanceMeters>
            <HeartRateBpm>
              <Value>59</Value>
            </HeartRateBpm>
            <Extensions>
              <ns3:TPX>
                <ns3:Speed>1.7079999446868896</ns3:Speed>
                <ns3:RunCadence>57</ns3:RunCadence>
              </ns3:TPX>
            </Extensions>
          </Trackpoint>
          <Trackpoint>
            <Time>2025-08-03T18:21:28.000Z</Time>
            <Position>
              <LatitudeDegrees>43.128102673217654</LatitudeDegrees>
              <LongitudeDegrees>-2.5830893218517303</LongitudeDegrees>
            </Position>
            <AltitudeMeters>173.60000610351562</AltitudeMeters>
            <DistanceMeters>4330.1298828125</DistanceMeters>
            <HeartRateBpm>
              <Value>56</Value>
            </HeartRateBpm>
            <Extensions>
              <ns3:TPX>
                <ns3:Speed>1.6979999542236328</ns3:Speed>
                <ns3:RunCadence>57</ns3:RunCadence>
              </ns3:TPX>
            </Extensions>
          </Trackpoint>
          <Trackpoint>
            <Time>2025-08-03T18:21:32.000Z</Time>
            <Position>
              <LatitudeDegrees>43.12815531156957</LatitudeDegrees>
              <LongitudeDegrees>-2.5830635894089937</LongitudeDegrees>
            </Position>
            <AltitudeMeters>173.60000610351562</AltitudeMeters>
            <DistanceMeters>4335.56005859375</DistanceMeters>
            <HeartRateBpm>
              <Value>59</Value>
            </HeartRateBpm>
            <Extensions>
              <ns3:TPX>
                <ns3:Speed>1.6610000133514404</ns3:Speed>
                <ns3:RunCadence>57</ns3:RunCadence>
              </ns3:TPX>
            </Extensions>
          </Trackpoint>
          <Trackpoint>
            <Time>2025-08-03T18:21:33.000Z</Time>
            <Position>
              <LatitudeDegrees>43.12816645950079</LatitudeDegrees>
              <LongitudeDegrees>-2.583057386800647</LongitudeDegrees>
            </Position>
            <AltitudeMeters>173.39999389648438</AltitudeMeters>
            <DistanceMeters>4337.33984375</DistanceMeters>
            <HeartRateBpm>
              <Value>57</Value>
            </HeartRateBpm>
            <Extensions>
              <ns3:TPX>
                <ns3:Speed>1.6610000133514404</ns3:Speed>
                <ns3:RunCadence>57</ns3:RunCadence>
              </ns3:TPX>
            </Extensions>
          </Trackpoint>
          <Trackpoint>
            <Time>2025-08-03T18:21:39.000Z</Time>
            <Position>
              <LatitudeDegrees>43.12825094908476</LatitudeDegrees>
              <LongitudeDegrees>-2.5830020662397146</LongitudeDegrees>
            </Position>
            <AltitudeMeters>173.1999969482422</AltitudeMeters>
            <DistanceMeters>4348.740234375</DistanceMeters>
            <HeartRateBpm>
              <Value>58</Value>
            </HeartRateBpm>
            <Extensions>
              <ns3:TPX>
                <ns3:Speed>1.6699999570846558</ns3:Speed>
                <ns3:RunCadence>57</ns3:RunCadence>
              </ns3:TPX>
            </Extensions>
          </Trackpoint>
          <Trackpoint>
            <Time>2025-08-03T18:21:44.000Z</Time>
            <Position>
              <LatitudeDegrees>43.128314819186926</LatitudeDegrees>
              <LongitudeDegrees>-2.5829923432320356</LongitudeDegrees>
            </Position>
            <AltitudeMeters>173.1999969482422</AltitudeMeters>
            <DistanceMeters>4356.39013671875</DistanceMeters>
            <HeartRateBpm>
              <Value>57</Value>
            </HeartRateBpm>
            <Extensions>
              <ns3:TPX>
                <ns3:Speed>1.6419999599456787</ns3:Speed>
                <ns3:RunCadence>56</ns3:RunCadence>
              </ns3:TPX>
            </Extensions>
          </Trackpoint>
          <Trackpoint>
            <Time>2025-08-03T18:21:46.000Z</Time>
            <Position>
              <LatitudeDegrees>43.12834625132382</LatitudeDegrees>
              <LongitudeDegrees>-2.5829817820340395</LongitudeDegrees>
            </Position>
            <AltitudeMeters>173.0</AltitudeMeters>
            <DistanceMeters>4359.39013671875</DistanceMeters>
            <HeartRateBpm>
              <Value>57</Value>
            </HeartRateBpm>
            <Extensions>
              <ns3:TPX>
                <ns3:Speed>1.6519999504089355</ns3:Speed>
                <ns3:RunCadence>57</ns3:RunCadence>
              </ns3:TPX>
            </Extensions>
          </Trackpoint>
          <Trackpoint>
            <Time>2025-08-03T18:21:51.000Z</Time>
            <Position>
              <LatitudeDegrees>43.128443313762546</LatitudeDegrees>
              <LongitudeDegrees>-2.582966610789299</LongitudeDegrees>
            </Position>
            <AltitudeMeters>173.0</AltitudeMeters>
            <DistanceMeters>4367.72998046875</DistanceMeters>
            <HeartRateBpm>
              <Value>57</Value>
            </HeartRateBpm>
            <Extensions>
              <ns3:TPX>
                <ns3:Speed>1.6330000162124634</ns3:Speed>
                <ns3:RunCadence>56</ns3:RunCadence>
              </ns3:TPX>
            </Extensions>
          </Trackpoint>
          <Trackpoint>
            <Time>2025-08-03T18:21:58.000Z</Time>
            <Position>
              <LatitudeDegrees>43.12855479307473</LatitudeDegrees>
              <LongitudeDegrees>-2.5829469971358776</LongitudeDegrees>
            </Position>
            <AltitudeMeters>173.1999969482422</AltitudeMeters>
            <DistanceMeters>4381.89013671875</DistanceMeters>
            <HeartRateBpm>
              <Value>56</Value>
            </HeartRateBpm>
            <Extensions>
              <ns3:TPX>
                <ns3:Speed>1.7170000076293945</ns3:Speed>
                <ns3:RunCadence>54</ns3:RunCadence>
              </ns3:TPX>
            </Extensions>
          </Trackpoint>
          <Trackpoint>
            <Time>2025-08-03T18:22:00.000Z</Time>
            <Position>
              <LatitudeDegrees>43.128524869680405</LatitudeDegrees>
              <LongitudeDegrees>-2.582943057641387</LongitudeDegrees>
            </Position>
            <AltitudeMeters>173.0</AltitudeMeters>
            <DistanceMeters>4384.7998046875</DistanceMeters>
            <HeartRateBpm>
              <Value>56</Value>
            </HeartRateBpm>
            <Extensions>
              <ns3:TPX>
                <ns3:Speed>1.6979999542236328</ns3:Speed>
                <ns3:RunCadence>57</ns3:RunCadence>
              </ns3:TPX>
            </Extensions>
          </Trackpoint>
        </Track>
        <Extensions>
          <ns3:LX>
            <ns3:AvgSpeed>1.559999942779541</ns3:AvgSpeed>
            <ns3:AvgRunCadence>49</ns3:AvgRunCadence>
            <ns3:MaxRunCadence>100</ns3:MaxRunCadence>
          </ns3:LX>
        </Extensions>
      </Lap>
      <Creator xsi:type="Device_t">
        <Name>fenix 5X Plus</Name>
        <UnitId>3325297807</UnitId>
        <ProductID>3111</ProductID>
        <Version>
          <VersionMajor>19</VersionMajor>
          <VersionMinor>30</VersionMinor>
          <BuildMajor>0</BuildMajor>
          <BuildMinor>0</BuildMinor>
        </Version>
      </Creator>
    </Activity>
  </Activities>
  <Author xsi:type="Application_t">
    <Name>Connect Api</Name>
    <Build>
      <Version>
        <VersionMajor>26</VersionMajor>
        <VersionMinor>9</VersionMinor>
        <BuildMajor>0</BuildMajor>
        <BuildMinor>0</BuildMinor>
      </Version>
    </Build>
    <LangID>en</LangID>
    <PartNumber>006-D2449-00</PartNumber>
  </Author>
</TrainingCenterDatabase>
