<?xml version="1.0" encoding="UTF-8"?>
<TrainingCenterDatabase
  xsi:schemaLocation="http://www.garmin.com/xmlschemas/TrainingCenterDatabase/v2 http://www.garmin.com/xmlschemas/TrainingCenterDatabasev2.xsd"
  xmlns:ns5="http://www.garmin.com/xmlschemas/ActivityGoals/v1"
  xmlns:ns3="http://www.garmin.com/xmlschemas/ActivityExtension/v2"
  xmlns:ns2="http://www.garmin.com/xmlschemas/UserProfile/v2"
  xmlns="http://www.garmin.com/xmlschemas/TrainingCenterDatabase/v2"
  xmlns:xsi="http://www.w3.org/2001/XMLSchema-instance" xmlns:ns4="http://www.garmin.com/xmlschemas/ProfileExtension/v1">
  <Activities>
    <Activity Sport="Other">
      <Id>2026-06-15T14:08:19.000Z</Id>
      <Lap StartTime="2026-06-15T14:08:19.000Z">
        <TotalTimeSeconds>1877.327</TotalTimeSeconds>
        <DistanceMeters>0.0</DistanceMeters>
        <Calories>173</Calories>
        <AverageHeartRateBpm>
          <Value>96</Value>
        </AverageHeartRateBpm>
        <MaximumHeartRateBpm>
          <Value>154</Value>
        </MaximumHeartRateBpm>
        <Intensity>Active</Intensity>
        <TriggerMethod>Manual</TriggerMethod>
        <Track>
          <Trackpoint>
            <Time>2026-06-15T14:08:19.000Z</Time>
            <DistanceMeters>0.0</DistanceMeters>
            <HeartRateBpm>
              <Value>61</Value>
            </HeartRateBpm>
            <Extensions>
              <ns3:TPX/>
            </Extensions>
          </Trackpoint>
          <Trackpoint>
            <Time>2026-06-15T14:08:20.000Z</Time>
            <DistanceMeters>0.0</DistanceMeters>
            <HeartRateBpm>
              <Value>62</Value>
            </HeartRateBpm>
            <Extensions>
              <ns3:TPX/>
            </Extensions>
          </Trackpoint>
          <Trackpoint>
            <Time>2026-06-15T14:08:21.000Z</Time>
            <DistanceMeters>0.0</DistanceMeters>
            <HeartRateBpm>
              <Value>64</Value>
            </HeartRateBpm>
            <Extensions>
              <ns3:TPX/>
            </Extensions>
          </Trackpoint>
          <Trackpoint>
            <Time>2026-06-15T14:08:24.000Z</Time>
            <DistanceMeters>0.0</DistanceMeters>
            <HeartRateBpm>
              <Value>67</Value>
            </HeartRateBpm>
            <Extensions>
              <ns3:TPX/>
            </Extensions>
          </Trackpoint>
          <Trackpoint>
            <Time>2026-06-15T14:08:25.000Z</Time>
            <DistanceMeters>0.0</DistanceMeters>
            <HeartRateBpm>
              <Value>72</Value>
            </HeartRateBpm>
            <Extensions>
              <ns3:TPX/>
            </Extensions>
          </Trackpoint>
          <Trackpoint>
            <Time>2026-06-15T14:08:26.000Z</Time>
            <DistanceMeters>0.0</DistanceMeters>
            <HeartRateBpm>
              <Value>75</Value>
            </HeartRateBpm>
            <Extensions>
              <ns3:TPX/>
            </Extensions>
          </Trackpoint>
          <Trackpoint>
            <Time>2026-06-15T14:08:27.000Z</Time>
            <DistanceMeters>0.0</DistanceMeters>
            <HeartRateBpm>
              <Value>77</Value>
            </HeartRateBpm>
            <Extensions>
              <ns3:TPX/>
            </Extensions>
          </Trackpoint>
          <Trackpoint>
            <Time>2026-06-15T14:08:28.000Z</Time>
            <DistanceMeters>0.0</DistanceMeters>
            <HeartRateBpm>
              <Value>79</Value>
            </HeartRateBpm>
            <Extensions>
              <ns3:TPX/>
            </Extensions>
          </Trackpoint>
          <Trackpoint>
            <Time>2026-06-15T14:08:29.000Z</Time>
            <DistanceMeters>0.0</DistanceMeters>
            <HeartRateBpm>
              <Value>80</Value>
            </HeartRateBpm>
            <Extensions>
              <ns3:TPX/>
            </Extensions>
          </Trackpoint>
          <Trackpoint>
            <Time>2026-06-15T14:08:30.000Z</Time>
            <DistanceMeters>0.0</DistanceMeters>
            <HeartRateBpm>
              <Value>81</Value>
            </HeartRateBpm>
            <Extensions>
              <ns3:TPX/>
            </Extensions>
          </Trackpoint>
          <Trackpoint>
            <Time>2026-06-15T14:08:31.000Z</Time>
            <DistanceMeters>0.0</DistanceMeters>
            <HeartRateBpm>
              <Value>82</Value>
            </HeartRateBpm>
            <Extensions>
              <ns3:TPX/>
            </Extensions>
          </Trackpoint>
          <Trackpoint>
            <Time>2026-06-15T14:08:33.000Z</Time>
            <DistanceMeters>0.0</DistanceMeters>
            <HeartRateBpm>
              <Value>84</Value>
            </HeartRateBpm>
            <Extensions>
              <ns3:TPX/>
            </Extensions>
          </Trackpoint>
          <Trackpoint>
            <Time>2026-06-15T14:08:36.000Z</Time>
            <DistanceMeters>0.0</DistanceMeters>
            <HeartRateBpm>
              <Value>85</Value>
            </HeartRateBpm>
            <Extensions>
              <ns3:TPX/>
            </Extensions>
          </Trackpoint>
          <Trackpoint>
            <Time>2026-06-15T14:08:39.000Z</Time>
            <DistanceMeters>0.0</DistanceMeters>
            <HeartRateBpm>
              <Value>86</Value>
            </HeartRateBpm>
            <Extensions>
              <ns3:TPX/>
            </Extensions>
          </Trackpoint>
          <Trackpoint>
            <Time>2026-06-15T14:08:40.000Z</Time>
            <DistanceMeters>0.0</DistanceMeters>
            <HeartRateBpm>
              <Value>87</Value>
            </HeartRateBpm>
            <Extensions>
              <ns3:TPX/>
            </Extensions>
          </Trackpoint>
          <Trackpoint>
            <Time>2026-06-15T14:08:42.000Z</Time>
            <DistanceMeters>0.0</DistanceMeters>
            <HeartRateBpm>
              <Value>88</Value>
            </HeartRateBpm>
            <Extensions>
              <ns3:TPX/>
            </Extensions>
          </Trackpoint>
          <Trackpoint>
            <Time>2026-06-15T14:08:46.000Z</Time>
            <DistanceMeters>0.0</DistanceMeters>
            <HeartRateBpm>
              <Value>89</Value>
            </HeartRateBpm>
            <Extensions>
              <ns3:TPX/>
            </Extensions>
          </Trackpoint>
          <Trackpoint>
            <Time>2026-06-15T14:08:54.000Z</Time>
            <DistanceMeters>0.0</DistanceMeters>
            <HeartRateBpm>
              <Value>90</Value>
            </HeartRateBpm>
            <Extensions>
              <ns3:TPX/>
            </Extensions>
          </Trackpoint>
          <Trackpoint>
            <Time>2026-06-15T14:08:55.000Z</Time>
            <DistanceMeters>0.0</DistanceMeters>
            <HeartRateBpm>
              <Value>91</Value>
            </HeartRateBpm>
            <Extensions>
              <ns3:TPX/>
            </Extensions>
          </Trackpoint>
          <Trackpoint>
            <Time>2026-06-15T14:08:56.000Z</Time>
            <DistanceMeters>0.0</DistanceMeters>
            <HeartRateBpm>
              <Value>92</Value>
            </HeartRateBpm>
            <Extensions>
              <ns3:TPX/>
            </Extensions>
          </Trackpoint>
          <Trackpoint>
            <Time>2026-06-15T14:08:57.000Z</Time>
            <DistanceMeters>0.0</DistanceMeters>
            <HeartRateBpm>
              <Value>93</Value>
            </HeartRateBpm>
            <Extensions>
              <ns3:TPX/>
            </Extensions>
          </Trackpoint>
          <Trackpoint>
            <Time>2026-06-15T14:08:58.000Z</Time>
            <DistanceMeters>0.0</DistanceMeters>
            <HeartRateBpm>
              <Value>94</Value>
            </HeartRateBpm>
            <Extensions>
              <ns3:TPX/>
            </Extensions>
          </Trackpoint>
          <Trackpoint>
            <Time>2026-06-15T14:08:59.000Z</Time>
            <DistanceMeters>0.0</DistanceMeters>
            <HeartRateBpm>
              <Value>95</Value>
            </HeartRateBpm>
            <Extensions>
              <ns3:TPX/>
            </Extensions>
          </Trackpoint>
          <Trackpoint>
            <Time>2026-06-15T14:09:00.000Z</Time>
            <DistanceMeters>0.0</DistanceMeters>
            <HeartRateBpm>
              <Value>96</Value>
            </HeartRateBpm>
            <Extensions>
              <ns3:TPX/>
            </Extensions>
          </Trackpoint>
          <Trackpoint>
            <Time>2026-06-15T14:09:08.000Z</Time>
            <DistanceMeters>0.0</DistanceMeters>
            <HeartRateBpm>
              <Value>97</Value>
            </HeartRateBpm>
            <Extensions>
              <ns3:TPX/>
            </Extensions>
          </Trackpoint>
          <Trackpoint>
            <Time>2026-06-15T14:09:12.000Z</Time>
            <DistanceMeters>0.0</DistanceMeters>
            <HeartRateBpm>
              <Value>98</Value>
            </HeartRateBpm>
            <Extensions>
              <ns3:TPX/>
            </Extensions>
          </Trackpoint>
          <Trackpoint>
            <Time>2026-06-15T14:09:14.000Z</Time>
            <DistanceMeters>0.0</DistanceMeters>
            <HeartRateBpm>
              <Value>99</Value>
            </HeartRateBpm>
            <Extensions>
              <ns3:TPX/>
            </Extensions>
          </Trackpoint>
          <Trackpoint>
            <Time>2026-06-15T14:09:15.000Z</Time>
            <DistanceMeters>0.0</DistanceMeters>
            <HeartRateBpm>
              <Value>100</Value>
            </HeartRateBpm>
            <Extensions>
              <ns3:TPX/>
            </Extensions>
          </Trackpoint>
          <Trackpoint>
            <Time>2026-06-15T14:09:18.000Z</Time>
            <DistanceMeters>0.0</DistanceMeters>
            <HeartRateBpm>
              <Value>102</Value>
            </HeartRateBpm>
            <Extensions>
              <ns3:TPX/>
            </Extensions>
          </Trackpoint>
          <Trackpoint>
            <Time>2026-06-15T14:09:19.000Z</Time>
            <DistanceMeters>0.0</DistanceMeters>
            <HeartRateBpm>
              <Value>103</Value>
            </HeartRateBpm>
            <Extensions>
              <ns3:TPX/>
            </Extensions>
          </Trackpoint>
          <Trackpoint>
            <Time>2026-06-15T14:09:20.000Z</Time>
            <DistanceMeters>0.0</DistanceMeters>
            <HeartRateBpm>
              <Value>104</Value>
            </HeartRateBpm>
            <Extensions>
              <ns3:TPX/>
            </Extensions>
          </Trackpoint>
          <Trackpoint>
            <Time>2026-06-15T14:09:24.000Z</Time>
            <DistanceMeters>0.0</DistanceMeters>
            <HeartRateBpm>
              <Value>105</Value>
            </HeartRateBpm>
            <Extensions>
              <ns3:TPX/>
            </Extensions>
          </Trackpoint>
          <Trackpoint>
            <Time>2026-06-15T14:09:25.000Z</Time>
            <DistanceMeters>0.0</DistanceMeters>
            <HeartRateBpm>
              <Value>106</Value>
            </HeartRateBpm>
            <Extensions>
              <ns3:TPX/>
            </Extensions>
          </Trackpoint>
          <Trackpoint>
            <Time>2026-06-15T14:09:27.000Z</Time>
            <DistanceMeters>0.0</DistanceMeters>
            <HeartRateBpm>
              <Value>107</Value>
            </HeartRateBpm>
            <Extensions>
              <ns3:TPX/>
            </Extensions>
          </Trackpoint>
          <Trackpoint>
            <Time>2026-06-15T14:09:28.000Z</Time>
            <DistanceMeters>0.0</DistanceMeters>
            <HeartRateBpm>
              <Value>108</Value>
            </HeartRateBpm>
            <Extensions>
              <ns3:TPX/>
            </Extensions>
          </Trackpoint>
          <Trackpoint>
            <Time>2026-06-15T14:09:29.000Z</Time>
            <DistanceMeters>0.0</DistanceMeters>
            <HeartRateBpm>
              <Value>109</Value>
            </HeartRateBpm>
            <Extensions>
              <ns3:TPX/>
            </Extensions>
          </Trackpoint>
          <Trackpoint>
            <Time>2026-06-15T14:09:33.000Z</Time>
            <DistanceMeters>0.0</DistanceMeters>
            <HeartRateBpm>
              <Value>108</Value>
            </HeartRateBpm>
            <Extensions>
              <ns3:TPX/>
            </Extensions>
          </Trackpoint>
          <Trackpoint>
            <Time>2026-06-15T14:09:38.000Z</Time>
            <DistanceMeters>0.0</DistanceMeters>
            <HeartRateBpm>
              <Value>107</Value>
            </HeartRateBpm>
            <Extensions>
              <ns3:TPX/>
            </Extensions>
          </Trackpoint>
          <Trackpoint>
            <Time>2026-06-15T14:09:45.000Z</Time>
            <DistanceMeters>0.0</DistanceMeters>
            <HeartRateBpm>
              <Value>108</Value>
            </HeartRateBpm>
            <Extensions>
              <ns3:TPX/>
            </Extensions>
          </Trackpoint>
          <Trackpoint>
            <Time>2026-06-15T14:09:46.000Z</Time>
            <DistanceMeters>0.0</DistanceMeters>
            <HeartRateBpm>
              <Value>109</Value>
            </HeartRateBpm>
            <Extensions>
              <ns3:TPX/>
            </Extensions>
          </Trackpoint>
          <Trackpoint>
            <Time>2026-06-15T14:10:09.000Z</Time>
            <DistanceMeters>0.0</DistanceMeters>
            <HeartRateBpm>
              <Value>110</Value>
            </HeartRateBpm>
            <Extensions>
              <ns3:TPX/>
            </Extensions>
          </Trackpoint>
          <Trackpoint>
            <Time>2026-06-15T14:10:11.000Z</Time>
            <DistanceMeters>0.0</DistanceMeters>
            <HeartRateBpm>
              <Value>111</Value>
            </HeartRateBpm>
            <Extensions>
              <ns3:TPX/>
            </Extensions>
          </Trackpoint>
          <Trackpoint>
            <Time>2026-06-15T14:10:20.000Z</Time>
            <DistanceMeters>0.0</DistanceMeters>
            <HeartRateBpm>
              <Value>110</Value>
            </HeartRateBpm>
            <Extensions>
              <ns3:TPX/>
            </Extensions>
          </Trackpoint>
          <Trackpoint>
            <Time>2026-06-15T14:10:21.000Z</Time>
            <DistanceMeters>0.0</DistanceMeters>
            <HeartRateBpm>
              <Value>111</Value>
            </HeartRateBpm>
            <Extensions>
              <ns3:TPX/>
            </Extensions>
          </Trackpoint>
          <Trackpoint>
            <Time>2026-06-15T14:10:22.000Z</Time>
            <DistanceMeters>0.0</DistanceMeters>
            <HeartRateBpm>
              <Value>110</Value>
            </HeartRateBpm>
            <Extensions>
              <ns3:TPX/>
            </Extensions>
          </Trackpoint>
          <Trackpoint>
            <Time>2026-06-15T14:10:23.000Z</Time>
            <DistanceMeters>0.0</DistanceMeters>
            <HeartRateBpm>
              <Value>111</Value>
            </HeartRateBpm>
            <Extensions>
              <ns3:TPX/>
            </Extensions>
          </Trackpoint>
          <Trackpoint>
            <Time>2026-06-15T14:10:27.000Z</Time>
            <DistanceMeters>0.0</DistanceMeters>
            <HeartRateBpm>
              <Value>112</Value>
            </HeartRateBpm>
            <Extensions>
              <ns3:TPX/>
            </Extensions>
          </Trackpoint>
          <Trackpoint>
            <Time>2026-06-15T14:10:31.000Z</Time>
            <DistanceMeters>0.0</DistanceMeters>
            <HeartRateBpm>
              <Value>112</Value>
            </HeartRateBpm>
            <Extensions>
              <ns3:TPX/>
            </Extensions>
          </Trackpoint>
          <Trackpoint>
            <Time>2026-06-15T14:10:34.000Z</Time>
            <DistanceMeters>0.0</DistanceMeters>
            <HeartRateBpm>
              <Value>111</Value>
            </HeartRateBpm>
            <Extensions>
              <ns3:TPX/>
            </Extensions>
          </Trackpoint>
          <Trackpoint>
            <Time>2026-06-15T14:10:37.000Z</Time>
            <DistanceMeters>0.0</DistanceMeters>
            <HeartRateBpm>
              <Value>110</Value>
            </HeartRateBpm>
            <Extensions>
              <ns3:TPX/>
            </Extensions>
          </Trackpoint>
          <Trackpoint>
            <Time>2026-06-15T14:10:40.000Z</Time>
            <DistanceMeters>0.0</DistanceMeters>
            <HeartRateBpm>
              <Value>109</Value>
            </HeartRateBpm>
            <Extensions>
              <ns3:TPX/>
            </Extensions>
          </Trackpoint>
          <Trackpoint>
            <Time>2026-06-15T14:10:42.000Z</Time>
            <DistanceMeters>0.0</DistanceMeters>
            <HeartRateBpm>
              <Value>108</Value>
            </HeartRateBpm>
            <Extensions>
              <ns3:TPX/>
            </Extensions>
          </Trackpoint>
          <Trackpoint>
            <Time>2026-06-15T14:10:44.000Z</Time>
            <DistanceMeters>0.0</DistanceMeters>
            <HeartRateBpm>
              <Value>107</Value>
            </HeartRateBpm>
            <Extensions>
              <ns3:TPX/>
            </Extensions>
          </Trackpoint>
          <Trackpoint>
            <Time>2026-06-15T14:10:45.000Z</Time>
            <DistanceMeters>0.0</DistanceMeters>
            <HeartRateBpm>
              <Value>106</Value>
            </HeartRateBpm>
            <Extensions>
              <ns3:TPX/>
            </Extensions>
          </Trackpoint>
          <Trackpoint>
            <Time>2026-06-15T14:10:46.000Z</Time>
            <DistanceMeters>0.0</DistanceMeters>
            <HeartRateBpm>
              <Value>105</Value>
            </HeartRateBpm>
            <Extensions>
              <ns3:TPX/>
            </Extensions>
          </Trackpoint>
          <Trackpoint>
            <Time>2026-06-15T14:10:47.000Z</Time>
            <DistanceMeters>0.0</DistanceMeters>
            <HeartRateBpm>
              <Value>104</Value>
            </HeartRateBpm>
            <Extensions>
              <ns3:TPX/>
            </Extensions>
          </Trackpoint>
          <Trackpoint>
            <Time>2026-06-15T14:10:48.000Z</Time>
            <DistanceMeters>0.0</DistanceMeters>
            <HeartRateBpm>
              <Value>103</Value>
            </HeartRateBpm>
            <Extensions>
              <ns3:TPX/>
            </Extensions>
          </Trackpoint>
          <Trackpoint>
            <Time>2026-06-15T14:10:49.000Z</Time>
            <DistanceMeters>0.0</DistanceMeters>
            <HeartRateBpm>
              <Value>100</Value>
            </HeartRateBpm>
            <Extensions>
              <ns3:TPX/>
            </Extensions>
          </Trackpoint>
          <Trackpoint>
            <Time>2026-06-15T14:10:50.000Z</Time>
            <DistanceMeters>0.0</DistanceMeters>
            <HeartRateBpm>
              <Value>99</Value>
            </HeartRateBpm>
            <Extensions>
              <ns3:TPX/>
            </Extensions>
          </Trackpoint>
          <Trackpoint>
            <Time>2026-06-15T14:10:51.000Z</Time>
            <DistanceMeters>0.0</DistanceMeters>
            <HeartRateBpm>
              <Value>98</Value>
            </HeartRateBpm>
            <Extensions>
              <ns3:TPX/>
            </Extensions>
          </Trackpoint>
          <Trackpoint>
            <Time>2026-06-15T14:10:52.000Z</Time>
            <DistanceMeters>0.0</DistanceMeters>
            <HeartRateBpm>
              <Value>96</Value>
            </HeartRateBpm>
            <Extensions>
              <ns3:TPX/>
            </Extensions>
          </Trackpoint>
          <Trackpoint>
            <Time>2026-06-15T14:10:54.000Z</Time>
            <DistanceMeters>0.0</DistanceMeters>
            <HeartRateBpm>
              <Value>95</Value>
            </HeartRateBpm>
            <Extensions>
              <ns3:TPX/>
            </Extensions>
          </Trackpoint>
          <Trackpoint>
            <Time>2026-06-15T14:10:55.000Z</Time>
            <DistanceMeters>0.0</DistanceMeters>
            <HeartRateBpm>
              <Value>94</Value>
            </HeartRateBpm>
            <Extensions>
              <ns3:TPX/>
            </Extensions>
          </Trackpoint>
          <Trackpoint>
            <Time>2026-06-15T14:11:03.000Z</Time>
            <DistanceMeters>0.0</DistanceMeters>
            <HeartRateBpm>
              <Value>97</Value>
            </HeartRateBpm>
            <Extensions>
              <ns3:TPX/>
            </Extensions>
          </Trackpoint>
          <Trackpoint>
            <Time>2026-06-15T14:11:04.000Z</Time>
            <DistanceMeters>0.0</DistanceMeters>
            <HeartRateBpm>
              <Value>96</Value>
            </HeartRateBpm>
            <Extensions>
              <ns3:TPX/>
            </Extensions>
          </Trackpoint>
          <Trackpoint>
            <Time>2026-06-15T14:11:06.000Z</Time>
            <DistanceMeters>0.0</DistanceMeters>
            <HeartRateBpm>
              <Value>98</Value>
            </HeartRateBpm>
            <Extensions>
              <ns3:TPX/>
            </Extensions>
          </Trackpoint>
          <Trackpoint>
            <Time>2026-06-15T14:11:11.000Z</Time>
            <DistanceMeters>0.0</DistanceMeters>
            <HeartRateBpm>
              <Value>95</Value>
            </HeartRateBpm>
            <Extensions>
              <ns3:TPX/>
            </Extensions>
          </Trackpoint>
          <Trackpoint>
            <Time>2026-06-15T14:11:14.000Z</Time>
            <DistanceMeters>0.0</DistanceMeters>
            <HeartRateBpm>
              <Value>91</Value>
            </HeartRateBpm>
            <Extensions>
              <ns3:TPX/>
            </Extensions>
          </Trackpoint>
          <Trackpoint>
            <Time>2026-06-15T14:11:15.000Z</Time>
            <DistanceMeters>0.0</DistanceMeters>
            <HeartRateBpm>
              <Value>88</Value>
            </HeartRateBpm>
            <Extensions>
              <ns3:TPX/>
            </Extensions>
          </Trackpoint>
          <Trackpoint>
            <Time>2026-06-15T14:11:16.000Z</Time>
            <DistanceMeters>0.0</DistanceMeters>
            <HeartRateBpm>
              <Value>88</Value>
            </HeartRateBpm>
            <Extensions>
              <ns3:TPX/>
            </Extensions>
          </Trackpoint>
          <Trackpoint>
            <Time>2026-06-15T14:11:20.000Z</Time>
            <DistanceMeters>0.0</DistanceMeters>
            <HeartRateBpm>
              <Value>92</Value>
            </HeartRateBpm>
            <Extensions>
              <ns3:TPX/>
            </Extensions>
          </Trackpoint>
          <Trackpoint>
            <Time>2026-06-15T14:11:21.000Z</Time>
            <DistanceMeters>0.0</DistanceMeters>
            <HeartRateBpm>
              <Value>85</Value>
            </HeartRateBpm>
            <Extensions>
              <ns3:TPX/>
            </Extensions>
          </Trackpoint>
          <Trackpoint>
            <Time>2026-06-15T14:11:22.000Z</Time>
            <DistanceMeters>0.0</DistanceMeters>
            <HeartRateBpm>
              <Value>86</Value>
            </HeartRateBpm>
            <Extensions>
              <ns3:TPX/>
            </Extensions>
          </Trackpoint>
          <Trackpoint>
            <Time>2026-06-15T14:11:24.000Z</Time>
            <DistanceMeters>0.0</DistanceMeters>
            <HeartRateBpm>
              <Value>84</Value>
            </HeartRateBpm>
            <Extensions>
              <ns3:TPX/>
            </Extensions>
          </Trackpoint>
          <Trackpoint>
            <Time>2026-06-15T14:11:26.000Z</Time>
            <DistanceMeters>0.0</DistanceMeters>
            <HeartRateBpm>
              <Value>83</Value>
            </HeartRateBpm>
            <Extensions>
              <ns3:TPX/>
            </Extensions>
          </Trackpoint>
          <Trackpoint>
            <Time>2026-06-15T14:11:27.000Z</Time>
            <DistanceMeters>0.0</DistanceMeters>
            <HeartRateBpm>
              <Value>82</Value>
            </HeartRateBpm>
            <Extensions>
              <ns3:TPX/>
            </Extensions>
          </Trackpoint>
          <Trackpoint>
            <Time>2026-06-15T14:11:28.000Z</Time>
            <DistanceMeters>0.0</DistanceMeters>
            <HeartRateBpm>
              <Value>83</Value>
            </HeartRateBpm>
            <Extensions>
              <ns3:TPX/>
            </Extensions>
          </Trackpoint>
          <Trackpoint>
            <Time>2026-06-15T14:11:29.000Z</Time>
            <DistanceMeters>0.0</DistanceMeters>
            <HeartRateBpm>
              <Value>82</Value>
            </HeartRateBpm>
            <Extensions>
              <ns3:TPX/>
            </Extensions>
          </Trackpoint>
          <Trackpoint>
            <Time>2026-06-15T14:11:30.000Z</Time>
            <DistanceMeters>0.0</DistanceMeters>
            <HeartRateBpm>
              <Value>83</Value>
            </HeartRateBpm>
            <Extensions>
              <ns3:TPX/>
            </Extensions>
          </Trackpoint>
          <Trackpoint>
            <Time>2026-06-15T14:11:31.000Z</Time>
            <DistanceMeters>0.0</DistanceMeters>
            <HeartRateBpm>
              <Value>85</Value>
            </HeartRateBpm>
            <Extensions>
              <ns3:TPX/>
            </Extensions>
          </Trackpoint>
          <Trackpoint>
            <Time>2026-06-15T14:11:38.000Z</Time>
            <DistanceMeters>0.0</DistanceMeters>
            <HeartRateBpm>
              <Value>83</Value>
            </HeartRateBpm>
            <Extensions>
              <ns3:TPX/>
            </Extensions>
          </Trackpoint>
          <Trackpoint>
            <Time>2026-06-15T14:11:40.000Z</Time>
            <DistanceMeters>0.0</DistanceMeters>
            <HeartRateBpm>
              <Value>85</Value>
            </HeartRateBpm>
            <Extensions>
              <ns3:TPX/>
            </Extensions>
          </Trackpoint>
          <Trackpoint>
            <Time>2026-06-15T14:11:41.000Z</Time>
            <DistanceMeters>0.0</DistanceMeters>
            <HeartRateBpm>
              <Value>86</Value>
            </HeartRateBpm>
            <Extensions>
              <ns3:TPX/>
            </Extensions>
          </Trackpoint>
          <Trackpoint>
            <Time>2026-06-15T14:11:46.000Z</Time>
            <DistanceMeters>0.0</DistanceMeters>
            <HeartRateBpm>
              <Value>93</Value>
            </HeartRateBpm>
            <Extensions>
              <ns3:TPX/>
            </Extensions>
          </Trackpoint>
          <Trackpoint>
            <Time>2026-06-15T14:11:47.000Z</Time>
            <DistanceMeters>0.0</DistanceMeters>
            <HeartRateBpm>
              <Value>92</Value>
            </HeartRateBpm>
            <Extensions>
              <ns3:TPX/>
            </Extensions>
          </Trackpoint>
          <Trackpoint>
            <Time>2026-06-15T14:11:48.000Z</Time>
            <DistanceMeters>0.0</DistanceMeters>
            <HeartRateBpm>
              <Value>93</Value>
            </HeartRateBpm>
            <Extensions>
              <ns3:TPX/>
            </Extensions>
          </Trackpoint>
          <Trackpoint>
            <Time>2026-06-15T14:11:49.000Z</Time>
            <DistanceMeters>0.0</DistanceMeters>
            <HeartRateBpm>
              <Value>89</Value>
            </HeartRateBpm>
            <Extensions>
              <ns3:TPX/>
            </Extensions>
          </Trackpoint>
          <Trackpoint>
            <Time>2026-06-15T14:11:52.000Z</Time>
            <DistanceMeters>0.0</DistanceMeters>
            <HeartRateBpm>
              <Value>82</Value>
            </HeartRateBpm>
            <Extensions>
              <ns3:TPX/>
            </Extensions>
          </Trackpoint>
          <Trackpoint>
            <Time>2026-06-15T14:11:53.000Z</Time>
            <DistanceMeters>0.0</DistanceMeters>
            <HeartRateBpm>
              <Value>81</Value>
            </HeartRateBpm>
            <Extensions>
              <ns3:TPX/>
            </Extensions>
          </Trackpoint>
          <Trackpoint>
            <Time>2026-06-15T14:11:55.000Z</Time>
            <DistanceMeters>0.0</DistanceMeters>
            <HeartRateBpm>
              <Value>82</Value>
            </HeartRateBpm>
            <Extensions>
              <ns3:TPX/>
            </Extensions>
          </Trackpoint>
          <Trackpoint>
            <Time>2026-06-15T14:12:03.000Z</Time>
            <DistanceMeters>0.0</DistanceMeters>
            <HeartRateBpm>
              <Value>92</Value>
            </HeartRateBpm>
            <Extensions>
              <ns3:TPX/>
            </Extensions>
          </Trackpoint>
          <Trackpoint>
            <Time>2026-06-15T14:12:04.000Z</Time>
            <DistanceMeters>0.0</DistanceMeters>
            <HeartRateBpm>
              <Value>94</Value>
            </HeartRateBpm>
            <Extensions>
              <ns3:TPX/>
            </Extensions>
          </Trackpoint>
          <Trackpoint>
            <Time>2026-06-15T14:12:05.000Z</Time>
            <DistanceMeters>0.0</DistanceMeters>
            <HeartRateBpm>
              <Value>98</Value>
            </HeartRateBpm>
            <Extensions>
              <ns3:TPX/>
            </Extensions>
          </Trackpoint>
          <Trackpoint>
            <Time>2026-06-15T14:12:06.000Z</Time>
            <DistanceMeters>0.0</DistanceMeters>
            <HeartRateBpm>
              <Value>98</Value>
            </HeartRateBpm>
            <Extensions>
              <ns3:TPX/>
            </Extensions>
          </Trackpoint>
          <Trackpoint>
            <Time>2026-06-15T14:12:08.000Z</Time>
            <DistanceMeters>0.0</DistanceMeters>
            <HeartRateBpm>
              <Value>107</Value>
            </HeartRateBpm>
            <Extensions>
              <ns3:TPX/>
            </Extensions>
          </Trackpoint>
          <Trackpoint>
            <Time>2026-06-15T14:12:09.000Z</Time>
            <DistanceMeters>0.0</DistanceMeters>
            <HeartRateBpm>
              <Value>111</Value>
            </HeartRateBpm>
            <Extensions>
              <ns3:TPX/>
            </Extensions>
          </Trackpoint>
          <Trackpoint>
            <Time>2026-06-15T14:12:10.000Z</Time>
            <DistanceMeters>0.0</DistanceMeters>
            <HeartRateBpm>
              <Value>112</Value>
            </HeartRateBpm>
            <Extensions>
              <ns3:TPX/>
            </Extensions>
          </Trackpoint>
          <Trackpoint>
            <Time>2026-06-15T14:12:13.000Z</Time>
            <DistanceMeters>0.0</DistanceMeters>
            <HeartRateBpm>
              <Value>110</Value>
            </HeartRateBpm>
            <Extensions>
              <ns3:TPX/>
            </Extensions>
          </Trackpoint>
          <Trackpoint>
            <Time>2026-06-15T14:12:14.000Z</Time>
            <DistanceMeters>0.0</DistanceMeters>
            <HeartRateBpm>
              <Value>106</Value>
            </HeartRateBpm>
            <Extensions>
              <ns3:TPX/>
            </Extensions>
          </Trackpoint>
          <Trackpoint>
            <Time>2026-06-15T14:12:15.000Z</Time>
            <DistanceMeters>0.0</DistanceMeters>
            <HeartRateBpm>
              <Value>105</Value>
            </HeartRateBpm>
            <Extensions>
              <ns3:TPX/>
            </Extensions>
          </Trackpoint>
          <Trackpoint>
            <Time>2026-06-15T14:12:19.000Z</Time>
            <DistanceMeters>0.0</DistanceMeters>
            <HeartRateBpm>
              <Value>103</Value>
            </HeartRateBpm>
            <Extensions>
              <ns3:TPX/>
            </Extensions>
          </Trackpoint>
          <Trackpoint>
            <Time>2026-06-15T14:12:21.000Z</Time>
            <DistanceMeters>0.0</DistanceMeters>
            <HeartRateBpm>
              <Value>109</Value>
            </HeartRateBpm>
            <Extensions>
              <ns3:TPX/>
            </Extensions>
          </Trackpoint>
          <Trackpoint>
            <Time>2026-06-15T14:12:22.000Z</Time>
            <DistanceMeters>0.0</DistanceMeters>
            <HeartRateBpm>
              <Value>111</Value>
            </HeartRateBpm>
            <Extensions>
              <ns3:TPX/>
            </Extensions>
          </Trackpoint>
          <Trackpoint>
            <Time>2026-06-15T14:12:24.000Z</Time>
            <DistanceMeters>0.0</DistanceMeters>
            <HeartRateBpm>
              <Value>112</Value>
            </HeartRateBpm>
            <Extensions>
              <ns3:TPX/>
            </Extensions>
          </Trackpoint>
          <Trackpoint>
            <Time>2026-06-15T14:12:28.000Z</Time>
            <DistanceMeters>0.0</DistanceMeters>
            <HeartRateBpm>
              <Value>117</Value>
            </HeartRateBpm>
            <Extensions>
              <ns3:TPX/>
            </Extensions>
          </Trackpoint>
          <Trackpoint>
            <Time>2026-06-15T14:12:29.000Z</Time>
            <DistanceMeters>0.0</DistanceMeters>
            <HeartRateBpm>
              <Value>117</Value>
            </HeartRateBpm>
            <Extensions>
              <ns3:TPX/>
            </Extensions>
          </Trackpoint>
          <Trackpoint>
            <Time>2026-06-15T14:12:34.000Z</Time>
            <DistanceMeters>0.0</DistanceMeters>
            <HeartRateBpm>
              <Value>118</Value>
            </HeartRateBpm>
            <Extensions>
              <ns3:TPX/>
            </Extensions>
          </Trackpoint>
          <Trackpoint>
            <Time>2026-06-15T14:12:35.000Z</Time>
            <DistanceMeters>0.0</DistanceMeters>
            <HeartRateBpm>
              <Value>119</Value>
            </HeartRateBpm>
            <Extensions>
              <ns3:TPX/>
            </Extensions>
          </Trackpoint>
          <Trackpoint>
            <Time>2026-06-15T14:12:38.000Z</Time>
            <DistanceMeters>0.0</DistanceMeters>
            <HeartRateBpm>
              <Value>120</Value>
            </HeartRateBpm>
            <Extensions>
              <ns3:TPX/>
            </Extensions>
          </Trackpoint>
          <Trackpoint>
            <Time>2026-06-15T14:12:40.000Z</Time>
            <DistanceMeters>0.0</DistanceMeters>
            <HeartRateBpm>
              <Value>122</Value>
            </HeartRateBpm>
            <Extensions>
              <ns3:TPX/>
            </Extensions>
          </Trackpoint>
          <Trackpoint>
            <Time>2026-06-15T14:12:44.000Z</Time>
            <DistanceMeters>0.0</DistanceMeters>
            <HeartRateBpm>
              <Value>118</Value>
            </HeartRateBpm>
            <Extensions>
              <ns3:TPX/>
            </Extensions>
          </Trackpoint>
          <Trackpoint>
            <Time>2026-06-15T14:12:45.000Z</Time>
            <DistanceMeters>0.0</DistanceMeters>
            <HeartRateBpm>
              <Value>122</Value>
            </HeartRateBpm>
            <Extensions>
              <ns3:TPX/>
            </Extensions>
          </Trackpoint>
          <Trackpoint>
            <Time>2026-06-15T14:12:51.000Z</Time>
            <DistanceMeters>0.0</DistanceMeters>
            <HeartRateBpm>
              <Value>124</Value>
            </HeartRateBpm>
            <Extensions>
              <ns3:TPX/>
            </Extensions>
          </Trackpoint>
          <Trackpoint>
            <Time>2026-06-15T14:12:54.000Z</Time>
            <DistanceMeters>0.0</DistanceMeters>
            <HeartRateBpm>
              <Value>127</Value>
            </HeartRateBpm>
            <Extensions>
              <ns3:TPX/>
            </Extensions>
          </Trackpoint>
          <Trackpoint>
            <Time>2026-06-15T14:12:57.000Z</Time>
            <DistanceMeters>0.0</DistanceMeters>
            <HeartRateBpm>
              <Value>130</Value>
            </HeartRateBpm>
            <Extensions>
              <ns3:TPX/>
            </Extensions>
          </Trackpoint>
          <Trackpoint>
            <Time>2026-06-15T14:13:03.000Z</Time>
            <DistanceMeters>0.0</DistanceMeters>
            <HeartRateBpm>
              <Value>135</Value>
            </HeartRateBpm>
            <Extensions>
              <ns3:TPX/>
            </Extensions>
          </Trackpoint>
          <Trackpoint>
            <Time>2026-06-15T14:13:04.000Z</Time>
            <DistanceMeters>0.0</DistanceMeters>
            <HeartRateBpm>
              <Value>129</Value>
            </HeartRateBpm>
            <Extensions>
              <ns3:TPX/>
            </Extensions>
          </Trackpoint>
          <Trackpoint>
            <Time>2026-06-15T14:13:05.000Z</Time>
            <DistanceMeters>0.0</DistanceMeters>
            <HeartRateBpm>
              <Value>123</Value>
            </HeartRateBpm>
            <Extensions>
              <ns3:TPX/>
            </Extensions>
          </Trackpoint>
          <Trackpoint>
            <Time>2026-06-15T14:13:06.000Z</Time>
            <DistanceMeters>0.0</DistanceMeters>
            <HeartRateBpm>
              <Value>122</Value>
            </HeartRateBpm>
            <Extensions>
              <ns3:TPX/>
            </Extensions>
          </Trackpoint>
          <Trackpoint>
            <Time>2026-06-15T14:13:07.000Z</Time>
            <DistanceMeters>0.0</DistanceMeters>
            <HeartRateBpm>
              <Value>120</Value>
            </HeartRateBpm>
            <Extensions>
              <ns3:TPX/>
            </Extensions>
          </Trackpoint>
          <Trackpoint>
            <Time>2026-06-15T14:13:09.000Z</Time>
            <DistanceMeters>0.0</DistanceMeters>
            <HeartRateBpm>
              <Value>116</Value>
            </HeartRateBpm>
            <Extensions>
              <ns3:TPX/>
            </Extensions>
          </Trackpoint>
          <Trackpoint>
            <Time>2026-06-15T14:13:11.000Z</Time>
            <DistanceMeters>0.0</DistanceMeters>
            <HeartRateBpm>
              <Value>115</Value>
            </HeartRateBpm>
            <Extensions>
              <ns3:TPX/>
            </Extensions>
          </Trackpoint>
          <Trackpoint>
            <Time>2026-06-15T14:13:12.000Z</Time>
            <DistanceMeters>0.0</DistanceMeters>
            <HeartRateBpm>
              <Value>107</Value>
            </HeartRateBpm>
            <Extensions>
              <ns3:TPX/>
            </Extensions>
          </Trackpoint>
          <Trackpoint>
            <Time>2026-06-15T14:13:13.000Z</Time>
            <DistanceMeters>0.0</DistanceMeters>
            <HeartRateBpm>
              <Value>103</Value>
            </HeartRateBpm>
            <Extensions>
              <ns3:TPX/>
            </Extensions>
          </Trackpoint>
          <Trackpoint>
            <Time>2026-06-15T14:13:14.000Z</Time>
            <DistanceMeters>0.0</DistanceMeters>
            <HeartRateBpm>
              <Value>99</Value>
            </HeartRateBpm>
            <Extensions>
              <ns3:TPX/>
            </Extensions>
          </Trackpoint>
          <Trackpoint>
            <Time>2026-06-15T14:13:15.000Z</Time>
            <DistanceMeters>0.0</DistanceMeters>
            <HeartRateBpm>
              <Value>94</Value>
            </HeartRateBpm>
            <Extensions>
              <ns3:TPX/>
            </Extensions>
          </Trackpoint>
          <Trackpoint>
            <Time>2026-06-15T14:13:16.000Z</Time>
            <DistanceMeters>0.0</DistanceMeters>
            <HeartRateBpm>
              <Value>90</Value>
            </HeartRateBpm>
            <Extensions>
              <ns3:TPX/>
            </Extensions>
          </Trackpoint>
          <Trackpoint>
            <Time>2026-06-15T14:13:17.000Z</Time>
            <DistanceMeters>0.0</DistanceMeters>
            <HeartRateBpm>
              <Value>87</Value>
            </HeartRateBpm>
            <Extensions>
              <ns3:TPX/>
            </Extensions>
          </Trackpoint>
          <Trackpoint>
            <Time>2026-06-15T14:13:18.000Z</Time>
            <DistanceMeters>0.0</DistanceMeters>
            <HeartRateBpm>
              <Value>82</Value>
            </HeartRateBpm>
            <Extensions>
              <ns3:TPX/>
            </Extensions>
          </Trackpoint>
          <Trackpoint>
            <Time>2026-06-15T14:13:19.000Z</Time>
            <DistanceMeters>0.0</DistanceMeters>
            <HeartRateBpm>
              <Value>82</Value>
            </HeartRateBpm>
            <Extensions>
              <ns3:TPX/>
            </Extensions>
          </Trackpoint>
          <Trackpoint>
            <Time>2026-06-15T14:13:20.000Z</Time>
            <DistanceMeters>0.0</DistanceMeters>
            <HeartRateBpm>
              <Value>84</Value>
            </HeartRateBpm>
            <Extensions>
              <ns3:TPX/>
            </Extensions>
          </Trackpoint>
          <Trackpoint>
            <Time>2026-06-15T14:13:21.000Z</Time>
            <DistanceMeters>0.0</DistanceMeters>
            <HeartRateBpm>
              <Value>86</Value>
            </HeartRateBpm>
            <Extensions>
              <ns3:TPX/>
            </Extensions>
          </Trackpoint>
          <Trackpoint>
            <Time>2026-06-15T14:13:24.000Z</Time>
            <DistanceMeters>0.0</DistanceMeters>
            <HeartRateBpm>
              <Value>84</Value>
            </HeartRateBpm>
            <Extensions>
              <ns3:TPX/>
            </Extensions>
          </Trackpoint>
          <Trackpoint>
            <Time>2026-06-15T14:13:25.000Z</Time>
            <DistanceMeters>0.0</DistanceMeters>
            <HeartRateBpm>
              <Value>81</Value>
            </HeartRateBpm>
            <Extensions>
              <ns3:TPX/>
            </Extensions>
          </Trackpoint>
          <Trackpoint>
            <Time>2026-06-15T14:13:26.000Z</Time>
            <DistanceMeters>0.0</DistanceMeters>
            <HeartRateBpm>
              <Value>78</Value>
            </HeartRateBpm>
            <Extensions>
              <ns3:TPX/>
            </Extensions>
          </Trackpoint>
          <Trackpoint>
            <Time>2026-06-15T14:13:27.000Z</Time>
            <DistanceMeters>0.0</DistanceMeters>
            <HeartRateBpm>
              <Value>75</Value>
            </HeartRateBpm>
            <Extensions>
              <ns3:TPX/>
            </Extensions>
          </Trackpoint>
          <Trackpoint>
            <Time>2026-06-15T14:13:28.000Z</Time>
            <DistanceMeters>0.0</DistanceMeters>
            <HeartRateBpm>
              <Value>76</Value>
            </HeartRateBpm>
            <Extensions>
              <ns3:TPX/>
            </Extensions>
          </Trackpoint>
          <Trackpoint>
            <Time>2026-06-15T14:13:34.000Z</Time>
            <DistanceMeters>0.0</DistanceMeters>
            <HeartRateBpm>
              <Value>73</Value>
            </HeartRateBpm>
            <Extensions>
              <ns3:TPX/>
            </Extensions>
          </Trackpoint>
          <Trackpoint>
            <Time>2026-06-15T14:13:35.000Z</Time>
            <DistanceMeters>0.0</DistanceMeters>
            <HeartRateBpm>
              <Value>69</Value>
            </HeartRateBpm>
            <Extensions>
              <ns3:TPX/>
            </Extensions>
          </Trackpoint>
          <Trackpoint>
            <Time>2026-06-15T14:13:36.000Z</Time>
            <DistanceMeters>0.0</DistanceMeters>
            <HeartRateBpm>
              <Value>69</Value>
            </HeartRateBpm>
            <Extensions>
              <ns3:TPX/>
            </Extensions>
          </Trackpoint>
          <Trackpoint>
            <Time>2026-06-15T14:13:37.000Z</Time>
            <DistanceMeters>0.0</DistanceMeters>
            <HeartRateBpm>
              <Value>68</Value>
            </HeartRateBpm>
            <Extensions>
              <ns3:TPX/>
            </Extensions>
          </Trackpoint>
          <Trackpoint>
            <Time>2026-06-15T14:13:39.000Z</Time>
            <DistanceMeters>0.0</DistanceMeters>
            <HeartRateBpm>
              <Value>66</Value>
            </HeartRateBpm>
            <Extensions>
              <ns3:TPX/>
            </Extensions>
          </Trackpoint>
          <Trackpoint>
            <Time>2026-06-15T14:13:40.000Z</Time>
            <DistanceMeters>0.0</DistanceMeters>
            <HeartRateBpm>
              <Value>64</Value>
            </HeartRateBpm>
            <Extensions>
              <ns3:TPX/>
            </Extensions>
          </Trackpoint>
          <Trackpoint>
            <Time>2026-06-15T14:13:41.000Z</Time>
            <DistanceMeters>0.0</DistanceMeters>
            <HeartRateBpm>
              <Value>62</Value>
            </HeartRateBpm>
            <Extensions>
              <ns3:TPX/>
            </Extensions>
          </Trackpoint>
          <Trackpoint>
            <Time>2026-06-15T14:13:42.000Z</Time>
            <DistanceMeters>0.0</DistanceMeters>
            <HeartRateBpm>
              <Value>64</Value>
            </HeartRateBpm>
            <Extensions>
              <ns3:TPX/>
            </Extensions>
          </Trackpoint>
          <Trackpoint>
            <Time>2026-06-15T14:13:44.000Z</Time>
            <DistanceMeters>0.0</DistanceMeters>
            <HeartRateBpm>
              <Value>66</Value>
            </HeartRateBpm>
            <Extensions>
              <ns3:TPX/>
            </Extensions>
          </Trackpoint>
          <Trackpoint>
            <Time>2026-06-15T14:13:45.000Z</Time>
            <DistanceMeters>0.0</DistanceMeters>
            <HeartRateBpm>
              <Value>68</Value>
            </HeartRateBpm>
            <Extensions>
              <ns3:TPX/>
            </Extensions>
          </Trackpoint>
          <Trackpoint>
            <Time>2026-06-15T14:13:46.000Z</Time>
            <DistanceMeters>0.0</DistanceMeters>
            <HeartRateBpm>
              <Value>69</Value>
            </HeartRateBpm>
            <Extensions>
              <ns3:TPX/>
            </Extensions>
          </Trackpoint>
          <Trackpoint>
            <Time>2026-06-15T14:13:47.000Z</Time>
            <DistanceMeters>0.0</DistanceMeters>
            <HeartRateBpm>
              <Value>70</Value>
            </HeartRateBpm>
            <Extensions>
              <ns3:TPX/>
            </Extensions>
          </Trackpoint>
          <Trackpoint>
            <Time>2026-06-15T14:13:55.000Z</Time>
            <DistanceMeters>0.0</DistanceMeters>
            <HeartRateBpm>
              <Value>71</Value>
            </HeartRateBpm>
            <Extensions>
              <ns3:TPX/>
            </Extensions>
          </Trackpoint>
          <Trackpoint>
            <Time>2026-06-15T14:13:57.000Z</Time>
            <DistanceMeters>0.0</DistanceMeters>
            <HeartRateBpm>
              <Value>75</Value>
            </HeartRateBpm>
            <Extensions>
              <ns3:TPX/>
            </Extensions>
          </Trackpoint>
          <Trackpoint>
            <Time>2026-06-15T14:13:58.000Z</Time>
            <DistanceMeters>0.0</DistanceMeters>
            <HeartRateBpm>
              <Value>77</Value>
            </HeartRateBpm>
            <Extensions>
              <ns3:TPX/>
            </Extensions>
          </Trackpoint>
          <Trackpoint>
            <Time>2026-06-15T14:14:00.000Z</Time>
            <DistanceMeters>0.0</DistanceMeters>
            <HeartRateBpm>
              <Value>80</Value>
            </HeartRateBpm>
            <Extensions>
              <ns3:TPX/>
            </Extensions>
          </Trackpoint>
          <Trackpoint>
            <Time>2026-06-15T14:14:02.000Z</Time>
            <DistanceMeters>0.0</DistanceMeters>
            <HeartRateBpm>
              <Value>82</Value>
            </HeartRateBpm>
            <Extensions>
              <ns3:TPX/>
            </Extensions>
          </Trackpoint>
          <Trackpoint>
            <Time>2026-06-15T14:14:03.000Z</Time>
            <DistanceMeters>0.0</DistanceMeters>
            <HeartRateBpm>
              <Value>86</Value>
            </HeartRateBpm>
            <Extensions>
              <ns3:TPX/>
            </Extensions>
          </Trackpoint>
          <Trackpoint>
            <Time>2026-06-15T14:14:04.000Z</Time>
            <DistanceMeters>0.0</DistanceMeters>
            <HeartRateBpm>
              <Value>92</Value>
            </HeartRateBpm>
            <Extensions>
              <ns3:TPX/>
            </Extensions>
          </Trackpoint>
          <Trackpoint>
            <Time>2026-06-15T14:14:05.000Z</Time>
            <DistanceMeters>0.0</DistanceMeters>
            <HeartRateBpm>
              <Value>92</Value>
            </HeartRateBpm>
            <Extensions>
              <ns3:TPX/>
            </Extensions>
          </Trackpoint>
          <Trackpoint>
            <Time>2026-06-15T14:14:08.000Z</Time>
            <DistanceMeters>0.0</DistanceMeters>
            <HeartRateBpm>
              <Value>96</Value>
            </HeartRateBpm>
            <Extensions>
              <ns3:TPX/>
            </Extensions>
          </Trackpoint>
          <Trackpoint>
            <Time>2026-06-15T14:14:11.000Z</Time>
            <DistanceMeters>0.0</DistanceMeters>
            <HeartRateBpm>
              <Value>98</Value>
            </HeartRateBpm>
            <Extensions>
              <ns3:TPX/>
            </Extensions>
          </Trackpoint>
          <Trackpoint>
            <Time>2026-06-15T14:14:17.000Z</Time>
            <DistanceMeters>0.0</DistanceMeters>
            <HeartRateBpm>
              <Value>99</Value>
            </HeartRateBpm>
            <Extensions>
              <ns3:TPX/>
            </Extensions>
          </Trackpoint>
          <Trackpoint>
            <Time>2026-06-15T14:14:18.000Z</Time>
            <DistanceMeters>0.0</DistanceMeters>
            <HeartRateBpm>
              <Value>100</Value>
            </HeartRateBpm>
            <Extensions>
              <ns3:TPX/>
            </Extensions>
          </Trackpoint>
          <Trackpoint>
            <Time>2026-06-15T14:14:21.000Z</Time>
            <DistanceMeters>0.0</DistanceMeters>
            <HeartRateBpm>
              <Value>102</Value>
            </HeartRateBpm>
            <Extensions>
              <ns3:TPX/>
            </Extensions>
          </Trackpoint>
          <Trackpoint>
            <Time>2026-06-15T14:14:24.000Z</Time>
            <DistanceMeters>0.0</DistanceMeters>
            <HeartRateBpm>
              <Value>107</Value>
            </HeartRateBpm>
            <Extensions>
              <ns3:TPX/>
            </Extensions>
          </Trackpoint>
          <Trackpoint>
            <Time>2026-06-15T14:14:25.000Z</Time>
            <DistanceMeters>0.0</DistanceMeters>
            <HeartRateBpm>
              <Value>107</Value>
            </HeartRateBpm>
            <Extensions>
              <ns3:TPX/>
            </Extensions>
          </Trackpoint>
          <Trackpoint>
            <Time>2026-06-15T14:14:27.000Z</Time>
            <DistanceMeters>0.0</DistanceMeters>
            <HeartRateBpm>
              <Value>110</Value>
            </HeartRateBpm>
            <Extensions>
              <ns3:TPX/>
            </Extensions>
          </Trackpoint>
          <Trackpoint>
            <Time>2026-06-15T14:14:31.000Z</Time>
            <DistanceMeters>0.0</DistanceMeters>
            <HeartRateBpm>
              <Value>111</Value>
            </HeartRateBpm>
            <Extensions>
              <ns3:TPX/>
            </Extensions>
          </Trackpoint>
          <Trackpoint>
            <Time>2026-06-15T14:14:32.000Z</Time>
            <DistanceMeters>0.0</DistanceMeters>
            <HeartRateBpm>
              <Value>113</Value>
            </HeartRateBpm>
            <Extensions>
              <ns3:TPX/>
            </Extensions>
          </Trackpoint>
          <Trackpoint>
            <Time>2026-06-15T14:14:34.000Z</Time>
            <DistanceMeters>0.0</DistanceMeters>
            <HeartRateBpm>
              <Value>116</Value>
            </HeartRateBpm>
            <Extensions>
              <ns3:TPX/>
            </Extensions>
          </Trackpoint>
          <Trackpoint>
            <Time>2026-06-15T14:14:38.000Z</Time>
            <DistanceMeters>0.0</DistanceMeters>
            <HeartRateBpm>
              <Value>116</Value>
            </HeartRateBpm>
            <Extensions>
              <ns3:TPX/>
            </Extensions>
          </Trackpoint>
          <Trackpoint>
            <Time>2026-06-15T14:14:39.000Z</Time>
            <DistanceMeters>0.0</DistanceMeters>
            <HeartRateBpm>
              <Value>120</Value>
            </HeartRateBpm>
            <Extensions>
              <ns3:TPX/>
            </Extensions>
          </Trackpoint>
          <Trackpoint>
            <Time>2026-06-15T14:14:40.000Z</Time>
            <DistanceMeters>0.0</DistanceMeters>
            <HeartRateBpm>
              <Value>121</Value>
            </HeartRateBpm>
            <Extensions>
              <ns3:TPX/>
            </Extensions>
          </Trackpoint>
          <Trackpoint>
            <Time>2026-06-15T14:14:44.000Z</Time>
            <DistanceMeters>0.0</DistanceMeters>
            <HeartRateBpm>
              <Value>123</Value>
            </HeartRateBpm>
            <Extensions>
              <ns3:TPX/>
            </Extensions>
          </Trackpoint>
          <Trackpoint>
            <Time>2026-06-15T14:14:45.000Z</Time>
            <DistanceMeters>0.0</DistanceMeters>
            <HeartRateBpm>
              <Value>123</Value>
            </HeartRateBpm>
            <Extensions>
              <ns3:TPX/>
            </Extensions>
          </Trackpoint>
          <Trackpoint>
            <Time>2026-06-15T14:14:47.000Z</Time>
            <DistanceMeters>0.0</DistanceMeters>
            <HeartRateBpm>
              <Value>127</Value>
            </HeartRateBpm>
            <Extensions>
              <ns3:TPX/>
            </Extensions>
          </Trackpoint>
          <Trackpoint>
            <Time>2026-06-15T14:14:49.000Z</Time>
            <DistanceMeters>0.0</DistanceMeters>
            <HeartRateBpm>
              <Value>132</Value>
            </HeartRateBpm>
            <Extensions>
              <ns3:TPX/>
            </Extensions>
          </Trackpoint>
          <Trackpoint>
            <Time>2026-06-15T14:14:50.000Z</Time>
            <DistanceMeters>0.0</DistanceMeters>
            <HeartRateBpm>
              <Value>134</Value>
            </HeartRateBpm>
            <Extensions>
              <ns3:TPX/>
            </Extensions>
          </Trackpoint>
          <Trackpoint>
            <Time>2026-06-15T14:14:51.000Z</Time>
            <DistanceMeters>0.0</DistanceMeters>
            <HeartRateBpm>
              <Value>136</Value>
            </HeartRateBpm>
            <Extensions>
              <ns3:TPX/>
            </Extensions>
          </Trackpoint>
          <Trackpoint>
            <Time>2026-06-15T14:14:55.000Z</Time>
            <DistanceMeters>0.0</DistanceMeters>
            <HeartRateBpm>
              <Value>141</Value>
            </HeartRateBpm>
            <Extensions>
              <ns3:TPX/>
            </Extensions>
          </Trackpoint>
          <Trackpoint>
            <Time>2026-06-15T14:14:56.000Z</Time>
            <DistanceMeters>0.0</DistanceMeters>
            <HeartRateBpm>
              <Value>145</Value>
            </HeartRateBpm>
            <Extensions>
              <ns3:TPX/>
            </Extensions>
          </Trackpoint>
          <Trackpoint>
            <Time>2026-06-15T14:14:57.000Z</Time>
            <DistanceMeters>0.0</DistanceMeters>
            <HeartRateBpm>
              <Value>145</Value>
            </HeartRateBpm>
            <Extensions>
              <ns3:TPX/>
            </Extensions>
          </Trackpoint>
          <Trackpoint>
            <Time>2026-06-15T14:14:59.000Z</Time>
            <DistanceMeters>0.0</DistanceMeters>
            <HeartRateBpm>
              <Value>146</Value>
            </HeartRateBpm>
            <Extensions>
              <ns3:TPX/>
            </Extensions>
          </Trackpoint>
          <Trackpoint>
            <Time>2026-06-15T14:15:00.000Z</Time>
            <DistanceMeters>0.0</DistanceMeters>
            <HeartRateBpm>
              <Value>148</Value>
            </HeartRateBpm>
            <Extensions>
              <ns3:TPX/>
            </Extensions>
          </Trackpoint>
          <Trackpoint>
            <Time>2026-06-15T14:15:05.000Z</Time>
            <DistanceMeters>0.0</DistanceMeters>
            <HeartRateBpm>
              <Value>147</Value>
            </HeartRateBpm>
            <Extensions>
              <ns3:TPX/>
            </Extensions>
          </Trackpoint>
          <Trackpoint>
            <Time>2026-06-15T14:15:07.000Z</Time>
            <DistanceMeters>0.0</DistanceMeters>
            <HeartRateBpm>
              <Value>143</Value>
            </HeartRateBpm>
            <Extensions>
              <ns3:TPX/>
            </Extensions>
          </Trackpoint>
          <Trackpoint>
            <Time>2026-06-15T14:15:08.000Z</Time>
            <DistanceMeters>0.0</DistanceMeters>
            <HeartRateBpm>
              <Value>147</Value>
            </HeartRateBpm>
            <Extensions>
              <ns3:TPX/>
            </Extensions>
          </Trackpoint>
          <Trackpoint>
            <Time>2026-06-15T14:15:09.000Z</Time>
            <DistanceMeters>0.0</DistanceMeters>
            <HeartRateBpm>
              <Value>148</Value>
            </HeartRateBpm>
            <Extensions>
              <ns3:TPX/>
            </Extensions>
          </Trackpoint>
          <Trackpoint>
            <Time>2026-06-15T14:15:10.000Z</Time>
            <DistanceMeters>0.0</DistanceMeters>
            <HeartRateBpm>
              <Value>149</Value>
            </HeartRateBpm>
            <Extensions>
              <ns3:TPX/>
            </Extensions>
          </Trackpoint>
          <Trackpoint>
            <Time>2026-06-15T14:15:12.000Z</Time>
            <DistanceMeters>0.0</DistanceMeters>
            <HeartRateBpm>
              <Value>152</Value>
            </HeartRateBpm>
            <Extensions>
              <ns3:TPX/>
            </Extensions>
          </Trackpoint>
          <Trackpoint>
            <Time>2026-06-15T14:15:14.000Z</Time>
            <DistanceMeters>0.0</DistanceMeters>
            <HeartRateBpm>
              <Value>150</Value>
            </HeartRateBpm>
            <Extensions>
              <ns3:TPX/>
            </Extensions>
          </Trackpoint>
          <Trackpoint>
            <Time>2026-06-15T14:15:17.000Z</Time>
            <DistanceMeters>0.0</DistanceMeters>
            <HeartRateBpm>
              <Value>151</Value>
            </HeartRateBpm>
            <Extensions>
              <ns3:TPX/>
            </Extensions>
          </Trackpoint>
          <Trackpoint>
            <Time>2026-06-15T14:15:20.000Z</Time>
            <DistanceMeters>0.0</DistanceMeters>
            <HeartRateBpm>
              <Value>154</Value>
            </HeartRateBpm>
            <Extensions>
              <ns3:TPX/>
            </Extensions>
          </Trackpoint>
          <Trackpoint>
            <Time>2026-06-15T14:15:23.000Z</Time>
            <DistanceMeters>0.0</DistanceMeters>
            <HeartRateBpm>
              <Value>150</Value>
            </HeartRateBpm>
            <Extensions>
              <ns3:TPX/>
            </Extensions>
          </Trackpoint>
          <Trackpoint>
            <Time>2026-06-15T14:15:24.000Z</Time>
            <DistanceMeters>0.0</DistanceMeters>
            <HeartRateBpm>
              <Value>149</Value>
            </HeartRateBpm>
            <Extensions>
              <ns3:TPX/>
            </Extensions>
          </Trackpoint>
          <Trackpoint>
            <Time>2026-06-15T14:15:27.000Z</Time>
            <DistanceMeters>0.0</DistanceMeters>
            <HeartRateBpm>
              <Value>146</Value>
            </HeartRateBpm>
            <Extensions>
              <ns3:TPX/>
            </Extensions>
          </Trackpoint>
          <Trackpoint>
            <Time>2026-06-15T14:15:30.000Z</Time>
            <DistanceMeters>0.0</DistanceMeters>
            <HeartRateBpm>
              <Value>144</Value>
            </HeartRateBpm>
            <Extensions>
              <ns3:TPX/>
            </Extensions>
          </Trackpoint>
          <Trackpoint>
            <Time>2026-06-15T14:15:31.000Z</Time>
            <DistanceMeters>0.0</DistanceMeters>
            <HeartRateBpm>
              <Value>143</Value>
            </HeartRateBpm>
            <Extensions>
              <ns3:TPX/>
            </Extensions>
          </Trackpoint>
          <Trackpoint>
            <Time>2026-06-15T14:15:34.000Z</Time>
            <DistanceMeters>0.0</DistanceMeters>
            <HeartRateBpm>
              <Value>142</Value>
            </HeartRateBpm>
            <Extensions>
              <ns3:TPX/>
            </Extensions>
          </Trackpoint>
          <Trackpoint>
            <Time>2026-06-15T14:15:36.000Z</Time>
            <DistanceMeters>0.0</DistanceMeters>
            <HeartRateBpm>
              <Value>140</Value>
            </HeartRateBpm>
            <Extensions>
              <ns3:TPX/>
            </Extensions>
          </Trackpoint>
          <Trackpoint>
            <Time>2026-06-15T14:15:38.000Z</Time>
            <DistanceMeters>0.0</DistanceMeters>
            <HeartRateBpm>
              <Value>136</Value>
            </HeartRateBpm>
            <Extensions>
              <ns3:TPX/>
            </Extensions>
          </Trackpoint>
          <Trackpoint>
            <Time>2026-06-15T14:15:40.000Z</Time>
            <DistanceMeters>0.0</DistanceMeters>
            <HeartRateBpm>
              <Value>136</Value>
            </HeartRateBpm>
            <Extensions>
              <ns3:TPX/>
            </Extensions>
          </Trackpoint>
          <Trackpoint>
            <Time>2026-06-15T14:15:41.000Z</Time>
            <DistanceMeters>0.0</DistanceMeters>
            <HeartRateBpm>
              <Value>137</Value>
            </HeartRateBpm>
            <Extensions>
              <ns3:TPX/>
            </Extensions>
          </Trackpoint>
          <Trackpoint>
            <Time>2026-06-15T14:15:42.000Z</Time>
            <DistanceMeters>0.0</DistanceMeters>
            <HeartRateBpm>
              <Value>133</Value>
            </HeartRateBpm>
            <Extensions>
              <ns3:TPX/>
            </Extensions>
          </Trackpoint>
          <Trackpoint>
            <Time>2026-06-15T14:15:43.000Z</Time>
            <DistanceMeters>0.0</DistanceMeters>
            <HeartRateBpm>
              <Value>132</Value>
            </HeartRateBpm>
            <Extensions>
              <ns3:TPX/>
            </Extensions>
          </Trackpoint>
          <Trackpoint>
            <Time>2026-06-15T14:15:44.000Z</Time>
            <DistanceMeters>0.0</DistanceMeters>
            <HeartRateBpm>
              <Value>131</Value>
            </HeartRateBpm>
            <Extensions>
              <ns3:TPX/>
            </Extensions>
          </Trackpoint>
          <Trackpoint>
            <Time>2026-06-15T14:15:45.000Z</Time>
            <DistanceMeters>0.0</DistanceMeters>
            <HeartRateBpm>
              <Value>123</Value>
            </HeartRateBpm>
            <Extensions>
              <ns3:TPX/>
            </Extensions>
          </Trackpoint>
          <Trackpoint>
            <Time>2026-06-15T14:15:46.000Z</Time>
            <DistanceMeters>0.0</DistanceMeters>
            <HeartRateBpm>
              <Value>123</Value>
            </HeartRateBpm>
            <Extensions>
              <ns3:TPX/>
            </Extensions>
          </Trackpoint>
          <Trackpoint>
            <Time>2026-06-15T14:15:49.000Z</Time>
            <DistanceMeters>0.0</DistanceMeters>
            <HeartRateBpm>
              <Value>122</Value>
            </HeartRateBpm>
            <Extensions>
              <ns3:TPX/>
            </Extensions>
          </Trackpoint>
          <Trackpoint>
            <Time>2026-06-15T14:15:50.000Z</Time>
            <DistanceMeters>0.0</DistanceMeters>
            <HeartRateBpm>
              <Value>119</Value>
            </HeartRateBpm>
            <Extensions>
              <ns3:TPX/>
            </Extensions>
          </Trackpoint>
          <Trackpoint>
            <Time>2026-06-15T14:15:51.000Z</Time>
            <DistanceMeters>0.0</DistanceMeters>
            <HeartRateBpm>
              <Value>118</Value>
            </HeartRateBpm>
            <Extensions>
              <ns3:TPX/>
            </Extensions>
          </Trackpoint>
          <Trackpoint>
            <Time>2026-06-15T14:15:53.000Z</Time>
            <DistanceMeters>0.0</DistanceMeters>
            <HeartRateBpm>
              <Value>114</Value>
            </HeartRateBpm>
            <Extensions>
              <ns3:TPX/>
            </Extensions>
          </Trackpoint>
          <Trackpoint>
            <Time>2026-06-15T14:15:54.000Z</Time>
            <DistanceMeters>0.0</DistanceMeters>
            <HeartRateBpm>
              <Value>109</Value>
            </HeartRateBpm>
            <Extensions>
              <ns3:TPX/>
            </Extensions>
          </Trackpoint>
          <Trackpoint>
            <Time>2026-06-15T14:15:55.000Z</Time>
            <DistanceMeters>0.0</DistanceMeters>
            <HeartRateBpm>
              <Value>99</Value>
            </HeartRateBpm>
            <Extensions>
              <ns3:TPX/>
            </Extensions>
          </Trackpoint>
          <Trackpoint>
            <Time>2026-06-15T14:15:56.000Z</Time>
            <DistanceMeters>0.0</DistanceMeters>
            <HeartRateBpm>
              <Value>94</Value>
            </HeartRateBpm>
            <Extensions>
              <ns3:TPX/>
            </Extensions>
          </Trackpoint>
          <Trackpoint>
            <Time>2026-06-15T14:15:57.000Z</Time>
            <DistanceMeters>0.0</DistanceMeters>
            <HeartRateBpm>
              <Value>89</Value>
            </HeartRateBpm>
            <Extensions>
              <ns3:TPX/>
            </Extensions>
          </Trackpoint>
          <Trackpoint>
            <Time>2026-06-15T14:15:58.000Z</Time>
            <DistanceMeters>0.0</DistanceMeters>
            <HeartRateBpm>
              <Value>80</Value>
            </HeartRateBpm>
            <Extensions>
              <ns3:TPX/>
            </Extensions>
          </Trackpoint>
          <Trackpoint>
            <Time>2026-06-15T14:15:59.000Z</Time>
            <DistanceMeters>0.0</DistanceMeters>
            <HeartRateBpm>
              <Value>80</Value>
            </HeartRateBpm>
            <Extensions>
              <ns3:TPX/>
            </Extensions>
          </Trackpoint>
          <Trackpoint>
            <Time>2026-06-15T14:16:04.000Z</Time>
            <DistanceMeters>0.0</DistanceMeters>
            <HeartRateBpm>
              <Value>79</Value>
            </HeartRateBpm>
            <Extensions>
              <ns3:TPX/>
            </Extensions>
          </Trackpoint>
          <Trackpoint>
            <Time>2026-06-15T14:16:06.000Z</Time>
            <DistanceMeters>0.0</DistanceMeters>
            <HeartRateBpm>
              <Value>81</Value>
            </HeartRateBpm>
            <Extensions>
              <ns3:TPX/>
            </Extensions>
          </Trackpoint>
          <Trackpoint>
            <Time>2026-06-15T14:16:07.000Z</Time>
            <DistanceMeters>0.0</DistanceMeters>
            <HeartRateBpm>
              <Value>82</Value>
            </HeartRateBpm>
            <Extensions>
              <ns3:TPX/>
            </Extensions>
          </Trackpoint>
          <Trackpoint>
            <Time>2026-06-15T14:16:11.000Z</Time>
            <DistanceMeters>0.0</DistanceMeters>
            <HeartRateBpm>
              <Value>86</Value>
            </HeartRateBpm>
            <Extensions>
              <ns3:TPX/>
            </Extensions>
          </Trackpoint>
          <Trackpoint>
            <Time>2026-06-15T14:16:13.000Z</Time>
            <DistanceMeters>0.0</DistanceMeters>
            <HeartRateBpm>
              <Value>87</Value>
            </HeartRateBpm>
            <Extensions>
              <ns3:TPX/>
            </Extensions>
          </Trackpoint>
          <Trackpoint>
            <Time>2026-06-15T14:16:17.000Z</Time>
            <DistanceMeters>0.0</DistanceMeters>
            <HeartRateBpm>
              <Value>89</Value>
            </HeartRateBpm>
            <Extensions>
              <ns3:TPX/>
            </Extensions>
          </Trackpoint>
          <Trackpoint>
            <Time>2026-06-15T14:16:18.000Z</Time>
            <DistanceMeters>0.0</DistanceMeters>
            <HeartRateBpm>
              <Value>93</Value>
            </HeartRateBpm>
            <Extensions>
              <ns3:TPX/>
            </Extensions>
          </Trackpoint>
          <Trackpoint>
            <Time>2026-06-15T14:16:19.000Z</Time>
            <DistanceMeters>0.0</DistanceMeters>
            <HeartRateBpm>
              <Value>100</Value>
            </HeartRateBpm>
            <Extensions>
              <ns3:TPX/>
            </Extensions>
          </Trackpoint>
          <Trackpoint>
            <Time>2026-06-15T14:16:20.000Z</Time>
            <DistanceMeters>0.0</DistanceMeters>
            <HeartRateBpm>
              <Value>95</Value>
            </HeartRateBpm>
            <Extensions>
              <ns3:TPX/>
            </Extensions>
          </Trackpoint>
          <Trackpoint>
            <Time>2026-06-15T14:16:21.000Z</Time>
            <DistanceMeters>0.0</DistanceMeters>
            <HeartRateBpm>
              <Value>91</Value>
            </HeartRateBpm>
            <Extensions>
              <ns3:TPX/>
            </Extensions>
          </Trackpoint>
          <Trackpoint>
            <Time>2026-06-15T14:16:22.000Z</Time>
            <DistanceMeters>0.0</DistanceMeters>
            <HeartRateBpm>
              <Value>91</Value>
            </HeartRateBpm>
            <Extensions>
              <ns3:TPX/>
            </Extensions>
          </Trackpoint>
          <Trackpoint>
            <Time>2026-06-15T14:16:23.000Z</Time>
            <DistanceMeters>0.0</DistanceMeters>
            <HeartRateBpm>
              <Value>90</Value>
            </HeartRateBpm>
            <Extensions>
              <ns3:TPX/>
            </Extensions>
          </Trackpoint>
          <Trackpoint>
            <Time>2026-06-15T14:16:24.000Z</Time>
            <DistanceMeters>0.0</DistanceMeters>
            <HeartRateBpm>
              <Value>91</Value>
            </HeartRateBpm>
            <Extensions>
              <ns3:TPX/>
            </Extensions>
          </Trackpoint>
          <Trackpoint>
            <Time>2026-06-15T14:16:25.000Z</Time>
            <DistanceMeters>0.0</DistanceMeters>
            <HeartRateBpm>
              <Value>94</Value>
            </HeartRateBpm>
            <Extensions>
              <ns3:TPX/>
            </Extensions>
          </Trackpoint>
          <Trackpoint>
            <Time>2026-06-15T14:16:29.000Z</Time>
            <DistanceMeters>0.0</DistanceMeters>
            <HeartRateBpm>
              <Value>98</Value>
            </HeartRateBpm>
            <Extensions>
              <ns3:TPX/>
            </Extensions>
          </Trackpoint>
          <Trackpoint>
            <Time>2026-06-15T14:16:30.000Z</Time>
            <DistanceMeters>0.0</DistanceMeters>
            <HeartRateBpm>
              <Value>103</Value>
            </HeartRateBpm>
            <Extensions>
              <ns3:TPX/>
            </Extensions>
          </Trackpoint>
          <Trackpoint>
            <Time>2026-06-15T14:16:31.000Z</Time>
            <DistanceMeters>0.0</DistanceMeters>
            <HeartRateBpm>
              <Value>104</Value>
            </HeartRateBpm>
            <Extensions>
              <ns3:TPX/>
            </Extensions>
          </Trackpoint>
          <Trackpoint>
            <Time>2026-06-15T14:16:35.000Z</Time>
            <DistanceMeters>0.0</DistanceMeters>
            <HeartRateBpm>
              <Value>106</Value>
            </HeartRateBpm>
            <Extensions>
              <ns3:TPX/>
            </Extensions>
          </Trackpoint>
          <Trackpoint>
            <Time>2026-06-15T14:16:41.000Z</Time>
            <DistanceMeters>0.0</DistanceMeters>
            <HeartRateBpm>
              <Value>109</Value>
            </HeartRateBpm>
            <Extensions>
              <ns3:TPX/>
            </Extensions>
          </Trackpoint>
          <Trackpoint>
            <Time>2026-06-15T14:16:45.000Z</Time>
            <DistanceMeters>0.0</DistanceMeters>
            <HeartRateBpm>
              <Value>110</Value>
            </HeartRateBpm>
            <Extensions>
              <ns3:TPX/>
            </Extensions>
          </Trackpoint>
          <Trackpoint>
            <Time>2026-06-15T14:16:46.000Z</Time>
            <DistanceMeters>0.0</DistanceMeters>
            <HeartRateBpm>
              <Value>114</Value>
            </HeartRateBpm>
            <Extensions>
              <ns3:TPX/>
            </Extensions>
          </Trackpoint>
          <Trackpoint>
            <Time>2026-06-15T14:16:47.000Z</Time>
            <DistanceMeters>0.0</DistanceMeters>
            <HeartRateBpm>
              <Value>114</Value>
            </HeartRateBpm>
            <Extensions>
              <ns3:TPX/>
            </Extensions>
          </Trackpoint>
          <Trackpoint>
            <Time>2026-06-15T14:16:49.000Z</Time>
            <DistanceMeters>0.0</DistanceMeters>
            <HeartRateBpm>
              <Value>110</Value>
            </HeartRateBpm>
            <Extensions>
              <ns3:TPX/>
            </Extensions>
          </Trackpoint>
          <Trackpoint>
            <Time>2026-06-15T14:16:50.000Z</Time>
            <DistanceMeters>0.0</DistanceMeters>
            <HeartRateBpm>
              <Value>106</Value>
            </HeartRateBpm>
            <Extensions>
              <ns3:TPX/>
            </Extensions>
          </Trackpoint>
          <Trackpoint>
            <Time>2026-06-15T14:16:51.000Z</Time>
            <DistanceMeters>0.0</DistanceMeters>
            <HeartRateBpm>
              <Value>97</Value>
            </HeartRateBpm>
            <Extensions>
              <ns3:TPX/>
            </Extensions>
          </Trackpoint>
          <Trackpoint>
            <Time>2026-06-15T14:16:52.000Z</Time>
            <DistanceMeters>0.0</DistanceMeters>
            <HeartRateBpm>
              <Value>92</Value>
            </HeartRateBpm>
            <Extensions>
              <ns3:TPX/>
            </Extensions>
          </Trackpoint>
          <Trackpoint>
            <Time>2026-06-15T14:16:53.000Z</Time>
            <DistanceMeters>0.0</DistanceMeters>
            <HeartRateBpm>
              <Value>85</Value>
            </HeartRateBpm>
            <Extensions>
              <ns3:TPX/>
            </Extensions>
          </Trackpoint>
          <Trackpoint>
            <Time>2026-06-15T14:16:54.000Z</Time>
            <DistanceMeters>0.0</DistanceMeters>
            <HeartRateBpm>
              <Value>85</Value>
            </HeartRateBpm>
            <Extensions>
              <ns3:TPX/>
            </Extensions>
          </Trackpoint>
          <Trackpoint>
            <Time>2026-06-15T14:16:57.000Z</Time>
            <DistanceMeters>0.0</DistanceMeters>
            <HeartRateBpm>
              <Value>81</Value>
            </HeartRateBpm>
            <Extensions>
              <ns3:TPX/>
            </Extensions>
          </Trackpoint>
          <Trackpoint>
            <Time>2026-06-15T14:17:03.000Z</Time>
            <DistanceMeters>0.0</DistanceMeters>
            <HeartRateBpm>
              <Value>80</Value>
            </HeartRateBpm>
            <Extensions>
              <ns3:TPX/>
            </Extensions>
          </Trackpoint>
          <Trackpoint>
            <Time>2026-06-15T14:17:09.000Z</Time>
            <DistanceMeters>0.0</DistanceMeters>
            <HeartRateBpm>
              <Value>81</Value>
            </HeartRateBpm>
            <Extensions>
              <ns3:TPX/>
            </Extensions>
          </Trackpoint>
          <Trackpoint>
            <Time>2026-06-15T14:17:12.000Z</Time>
            <DistanceMeters>0.0</DistanceMeters>
            <HeartRateBpm>
              <Value>82</Value>
            </HeartRateBpm>
            <Extensions>
              <ns3:TPX/>
            </Extensions>
          </Trackpoint>
          <Trackpoint>
            <Time>2026-06-15T14:17:13.000Z</Time>
            <DistanceMeters>0.0</DistanceMeters>
            <HeartRateBpm>
              <Value>84</Value>
            </HeartRateBpm>
            <Extensions>
              <ns3:TPX/>
            </Extensions>
          </Trackpoint>
          <Trackpoint>
            <Time>2026-06-15T14:17:15.000Z</Time>
            <DistanceMeters>0.0</DistanceMeters>
            <HeartRateBpm>
              <Value>88</Value>
            </HeartRateBpm>
            <Extensions>
              <ns3:TPX/>
            </Extensions>
          </Trackpoint>
          <Trackpoint>
            <Time>2026-06-15T14:17:16.000Z</Time>
            <DistanceMeters>0.0</DistanceMeters>
            <HeartRateBpm>
              <Value>89</Value>
            </HeartRateBpm>
            <Extensions>
              <ns3:TPX/>
            </Extensions>
          </Trackpoint>
          <Trackpoint>
            <Time>2026-06-15T14:17:17.000Z</Time>
            <DistanceMeters>0.0</DistanceMeters>
            <HeartRateBpm>
              <Value>90</Value>
            </HeartRateBpm>
            <Extensions>
              <ns3:TPX/>
            </Extensions>
          </Trackpoint>
          <Trackpoint>
            <Time>2026-06-15T14:17:20.000Z</Time>
            <DistanceMeters>0.0</DistanceMeters>
            <HeartRateBpm>
              <Value>94</Value>
            </HeartRateBpm>
            <Extensions>
              <ns3:TPX/>
            </Extensions>
          </Trackpoint>
          <Trackpoint>
            <Time>2026-06-15T14:17:22.000Z</Time>
            <DistanceMeters>0.0</DistanceMeters>
            <HeartRateBpm>
              <Value>93</Value>
            </HeartRateBpm>
            <Extensions>
              <ns3:TPX/>
            </Extensions>
          </Trackpoint>
          <Trackpoint>
            <Time>2026-06-15T14:17:23.000Z</Time>
            <DistanceMeters>0.0</DistanceMeters>
            <HeartRateBpm>
              <Value>91</Value>
            </HeartRateBpm>
            <Extensions>
              <ns3:TPX/>
            </Extensions>
          </Trackpoint>
          <Trackpoint>
            <Time>2026-06-15T14:17:24.000Z</Time>
            <DistanceMeters>0.0</DistanceMeters>
            <HeartRateBpm>
              <Value>96</Value>
            </HeartRateBpm>
            <Extensions>
              <ns3:TPX/>
            </Extensions>
          </Trackpoint>
          <Trackpoint>
            <Time>2026-06-15T14:17:25.000Z</Time>
            <DistanceMeters>0.0</DistanceMeters>
            <HeartRateBpm>
              <Value>105</Value>
            </HeartRateBpm>
            <Extensions>
              <ns3:TPX/>
            </Extensions>
          </Trackpoint>
          <Trackpoint>
            <Time>2026-06-15T14:17:26.000Z</Time>
            <DistanceMeters>0.0</DistanceMeters>
            <HeartRateBpm>
              <Value>105</Value>
            </HeartRateBpm>
            <Extensions>
              <ns3:TPX/>
            </Extensions>
          </Trackpoint>
          <Trackpoint>
            <Time>2026-06-15T14:17:30.000Z</Time>
            <DistanceMeters>0.0</DistanceMeters>
            <HeartRateBpm>
              <Value>106</Value>
            </HeartRateBpm>
            <Extensions>
              <ns3:TPX/>
            </Extensions>
          </Trackpoint>
          <Trackpoint>
            <Time>2026-06-15T14:17:33.000Z</Time>
            <DistanceMeters>0.0</DistanceMeters>
            <HeartRateBpm>
              <Value>108</Value>
            </HeartRateBpm>
            <Extensions>
              <ns3:TPX/>
            </Extensions>
          </Trackpoint>
          <Trackpoint>
            <Time>2026-06-15T14:17:34.000Z</Time>
            <DistanceMeters>0.0</DistanceMeters>
            <HeartRateBpm>
              <Value>110</Value>
            </HeartRateBpm>
            <Extensions>
              <ns3:TPX/>
            </Extensions>
          </Trackpoint>
          <Trackpoint>
            <Time>2026-06-15T14:17:40.000Z</Time>
            <DistanceMeters>0.0</DistanceMeters>
            <HeartRateBpm>
              <Value>115</Value>
            </HeartRateBpm>
            <Extensions>
              <ns3:TPX/>
            </Extensions>
          </Trackpoint>
          <Trackpoint>
            <Time>2026-06-15T14:17:41.000Z</Time>
            <DistanceMeters>0.0</DistanceMeters>
            <HeartRateBpm>
              <Value>115</Value>
            </HeartRateBpm>
            <Extensions>
              <ns3:TPX/>
            </Extensions>
          </Trackpoint>
          <Trackpoint>
            <Time>2026-06-15T14:17:43.000Z</Time>
            <DistanceMeters>0.0</DistanceMeters>
            <HeartRateBpm>
              <Value>117</Value>
            </HeartRateBpm>
            <Extensions>
              <ns3:TPX/>
            </Extensions>
          </Trackpoint>
          <Trackpoint>
            <Time>2026-06-15T14:17:44.000Z</Time>
            <DistanceMeters>0.0</DistanceMeters>
            <HeartRateBpm>
              <Value>123</Value>
            </HeartRateBpm>
            <Extensions>
              <ns3:TPX/>
            </Extensions>
          </Trackpoint>
          <Trackpoint>
            <Time>2026-06-15T14:17:45.000Z</Time>
            <DistanceMeters>0.0</DistanceMeters>
            <HeartRateBpm>
              <Value>125</Value>
            </HeartRateBpm>
            <Extensions>
              <ns3:TPX/>
            </Extensions>
          </Trackpoint>
          <Trackpoint>
            <Time>2026-06-15T14:17:47.000Z</Time>
            <DistanceMeters>0.0</DistanceMeters>
            <HeartRateBpm>
              <Value>128</Value>
            </HeartRateBpm>
            <Extensions>
              <ns3:TPX/>
            </Extensions>
          </Trackpoint>
          <Trackpoint>
            <Time>2026-06-15T14:17:48.000Z</Time>
            <DistanceMeters>0.0</DistanceMeters>
            <HeartRateBpm>
              <Value>130</Value>
            </HeartRateBpm>
            <Extensions>
              <ns3:TPX/>
            </Extensions>
          </Trackpoint>
          <Trackpoint>
            <Time>2026-06-15T14:17:49.000Z</Time>
            <DistanceMeters>0.0</DistanceMeters>
            <HeartRateBpm>
              <Value>131</Value>
            </HeartRateBpm>
            <Extensions>
              <ns3:TPX/>
            </Extensions>
          </Trackpoint>
          <Trackpoint>
            <Time>2026-06-15T14:17:51.000Z</Time>
            <DistanceMeters>0.0</DistanceMeters>
            <HeartRateBpm>
              <Value>127</Value>
            </HeartRateBpm>
            <Extensions>
              <ns3:TPX/>
            </Extensions>
          </Trackpoint>
          <Trackpoint>
            <Time>2026-06-15T14:17:55.000Z</Time>
            <DistanceMeters>0.0</DistanceMeters>
            <HeartRateBpm>
              <Value>125</Value>
            </HeartRateBpm>
            <Extensions>
              <ns3:TPX/>
            </Extensions>
          </Trackpoint>
          <Trackpoint>
            <Time>2026-06-15T14:17:56.000Z</Time>
            <DistanceMeters>0.0</DistanceMeters>
            <HeartRateBpm>
              <Value>126</Value>
            </HeartRateBpm>
            <Extensions>
              <ns3:TPX/>
            </Extensions>
          </Trackpoint>
          <Trackpoint>
            <Time>2026-06-15T14:17:57.000Z</Time>
            <DistanceMeters>0.0</DistanceMeters>
            <HeartRateBpm>
              <Value>127</Value>
            </HeartRateBpm>
            <Extensions>
              <ns3:TPX/>
            </Extensions>
          </Trackpoint>
          <Trackpoint>
            <Time>2026-06-15T14:18:00.000Z</Time>
            <DistanceMeters>0.0</DistanceMeters>
            <HeartRateBpm>
              <Value>128</Value>
            </HeartRateBpm>
            <Extensions>
              <ns3:TPX/>
            </Extensions>
          </Trackpoint>
          <Trackpoint>
            <Time>2026-06-15T14:18:01.000Z</Time>
            <DistanceMeters>0.0</DistanceMeters>
            <HeartRateBpm>
              <Value>131</Value>
            </HeartRateBpm>
            <Extensions>
              <ns3:TPX/>
            </Extensions>
          </Trackpoint>
          <Trackpoint>
            <Time>2026-06-15T14:18:02.000Z</Time>
            <DistanceMeters>0.0</DistanceMeters>
            <HeartRateBpm>
              <Value>134</Value>
            </HeartRateBpm>
            <Extensions>
              <ns3:TPX/>
            </Extensions>
          </Trackpoint>
          <Trackpoint>
            <Time>2026-06-15T14:18:03.000Z</Time>
            <DistanceMeters>0.0</DistanceMeters>
            <HeartRateBpm>
              <Value>135</Value>
            </HeartRateBpm>
            <Extensions>
              <ns3:TPX/>
            </Extensions>
          </Trackpoint>
          <Trackpoint>
            <Time>2026-06-15T14:18:04.000Z</Time>
            <DistanceMeters>0.0</DistanceMeters>
            <HeartRateBpm>
              <Value>136</Value>
            </HeartRateBpm>
            <Extensions>
              <ns3:TPX/>
            </Extensions>
          </Trackpoint>
          <Trackpoint>
            <Time>2026-06-15T14:18:06.000Z</Time>
            <DistanceMeters>0.0</DistanceMeters>
            <HeartRateBpm>
              <Value>140</Value>
            </HeartRateBpm>
            <Extensions>
              <ns3:TPX/>
            </Extensions>
          </Trackpoint>
          <Trackpoint>
            <Time>2026-06-15T14:18:07.000Z</Time>
            <DistanceMeters>0.0</DistanceMeters>
            <HeartRateBpm>
              <Value>144</Value>
            </HeartRateBpm>
            <Extensions>
              <ns3:TPX/>
            </Extensions>
          </Trackpoint>
          <Trackpoint>
            <Time>2026-06-15T14:18:08.000Z</Time>
            <DistanceMeters>0.0</DistanceMeters>
            <HeartRateBpm>
              <Value>141</Value>
            </HeartRateBpm>
            <Extensions>
              <ns3:TPX/>
            </Extensions>
          </Trackpoint>
          <Trackpoint>
            <Time>2026-06-15T14:18:10.000Z</Time>
            <DistanceMeters>0.0</DistanceMeters>
            <HeartRateBpm>
              <Value>139</Value>
            </HeartRateBpm>
            <Extensions>
              <ns3:TPX/>
            </Extensions>
          </Trackpoint>
          <Trackpoint>
            <Time>2026-06-15T14:18:12.000Z</Time>
            <DistanceMeters>0.0</DistanceMeters>
            <HeartRateBpm>
              <Value>137</Value>
            </HeartRateBpm>
            <Extensions>
              <ns3:TPX/>
            </Extensions>
          </Trackpoint>
          <Trackpoint>
            <Time>2026-06-15T14:18:14.000Z</Time>
            <DistanceMeters>0.0</DistanceMeters>
            <HeartRateBpm>
              <Value>139</Value>
            </HeartRateBpm>
            <Extensions>
              <ns3:TPX/>
            </Extensions>
          </Trackpoint>
          <Trackpoint>
            <Time>2026-06-15T14:18:16.000Z</Time>
            <DistanceMeters>0.0</DistanceMeters>
            <HeartRateBpm>
              <Value>137</Value>
            </HeartRateBpm>
            <Extensions>
              <ns3:TPX/>
            </Extensions>
          </Trackpoint>
          <Trackpoint>
            <Time>2026-06-15T14:18:19.000Z</Time>
            <DistanceMeters>0.0</DistanceMeters>
            <HeartRateBpm>
              <Value>141</Value>
            </HeartRateBpm>
            <Extensions>
              <ns3:TPX/>
            </Extensions>
          </Trackpoint>
          <Trackpoint>
            <Time>2026-06-15T14:18:20.000Z</Time>
            <DistanceMeters>0.0</DistanceMeters>
            <HeartRateBpm>
              <Value>143</Value>
            </HeartRateBpm>
            <Extensions>
              <ns3:TPX/>
            </Extensions>
          </Trackpoint>
          <Trackpoint>
            <Time>2026-06-15T14:18:21.000Z</Time>
            <DistanceMeters>0.0</DistanceMeters>
            <HeartRateBpm>
              <Value>139</Value>
            </HeartRateBpm>
            <Extensions>
              <ns3:TPX/>
            </Extensions>
          </Trackpoint>
          <Trackpoint>
            <Time>2026-06-15T14:18:22.000Z</Time>
            <DistanceMeters>0.0</DistanceMeters>
            <HeartRateBpm>
              <Value>131</Value>
            </HeartRateBpm>
            <Extensions>
              <ns3:TPX/>
            </Extensions>
          </Trackpoint>
          <Trackpoint>
            <Time>2026-06-15T14:18:23.000Z</Time>
            <DistanceMeters>0.0</DistanceMeters>
            <HeartRateBpm>
              <Value>127</Value>
            </HeartRateBpm>
            <Extensions>
              <ns3:TPX/>
            </Extensions>
          </Trackpoint>
          <Trackpoint>
            <Time>2026-06-15T14:18:24.000Z</Time>
            <DistanceMeters>0.0</DistanceMeters>
            <HeartRateBpm>
              <Value>122</Value>
            </HeartRateBpm>
            <Extensions>
              <ns3:TPX/>
            </Extensions>
          </Trackpoint>
          <Trackpoint>
            <Time>2026-06-15T14:18:25.000Z</Time>
            <DistanceMeters>0.0</DistanceMeters>
            <HeartRateBpm>
              <Value>114</Value>
            </HeartRateBpm>
            <Extensions>
              <ns3:TPX/>
            </Extensions>
          </Trackpoint>
          <Trackpoint>
            <Time>2026-06-15T14:18:26.000Z</Time>
            <DistanceMeters>0.0</DistanceMeters>
            <HeartRateBpm>
              <Value>110</Value>
            </HeartRateBpm>
            <Extensions>
              <ns3:TPX/>
            </Extensions>
          </Trackpoint>
          <Trackpoint>
            <Time>2026-06-15T14:18:27.000Z</Time>
            <DistanceMeters>0.0</DistanceMeters>
            <HeartRateBpm>
              <Value>102</Value>
            </HeartRateBpm>
            <Extensions>
              <ns3:TPX/>
            </Extensions>
          </Trackpoint>
          <Trackpoint>
            <Time>2026-06-15T14:18:28.000Z</Time>
            <DistanceMeters>0.0</DistanceMeters>
            <HeartRateBpm>
              <Value>92</Value>
            </HeartRateBpm>
            <Extensions>
              <ns3:TPX/>
            </Extensions>
          </Trackpoint>
          <Trackpoint>
            <Time>2026-06-15T14:18:29.000Z</Time>
            <DistanceMeters>0.0</DistanceMeters>
            <HeartRateBpm>
              <Value>90</Value>
            </HeartRateBpm>
            <Extensions>
              <ns3:TPX/>
            </Extensions>
          </Trackpoint>
          <Trackpoint>
            <Time>2026-06-15T14:18:34.000Z</Time>
            <DistanceMeters>0.0</DistanceMeters>
            <HeartRateBpm>
              <Value>89</Value>
            </HeartRateBpm>
            <Extensions>
              <ns3:TPX/>
            </Extensions>
          </Trackpoint>
          <Trackpoint>
            <Time>2026-06-15T14:18:35.000Z</Time>
            <DistanceMeters>0.0</DistanceMeters>
            <HeartRateBpm>
              <Value>87</Value>
            </HeartRateBpm>
            <Extensions>
              <ns3:TPX/>
            </Extensions>
          </Trackpoint>
          <Trackpoint>
            <Time>2026-06-15T14:18:36.000Z</Time>
            <DistanceMeters>0.0</DistanceMeters>
            <HeartRateBpm>
              <Value>84</Value>
            </HeartRateBpm>
            <Extensions>
              <ns3:TPX/>
            </Extensions>
          </Trackpoint>
          <Trackpoint>
            <Time>2026-06-15T14:18:37.000Z</Time>
            <DistanceMeters>0.0</DistanceMeters>
            <HeartRateBpm>
              <Value>84</Value>
            </HeartRateBpm>
            <Extensions>
              <ns3:TPX/>
            </Extensions>
          </Trackpoint>
          <Trackpoint>
            <Time>2026-06-15T14:18:38.000Z</Time>
            <DistanceMeters>0.0</DistanceMeters>
            <HeartRateBpm>
              <Value>83</Value>
            </HeartRateBpm>
            <Extensions>
              <ns3:TPX/>
            </Extensions>
          </Trackpoint>
          <Trackpoint>
            <Time>2026-06-15T14:18:41.000Z</Time>
            <DistanceMeters>0.0</DistanceMeters>
            <HeartRateBpm>
              <Value>84</Value>
            </HeartRateBpm>
            <Extensions>
              <ns3:TPX/>
            </Extensions>
          </Trackpoint>
          <Trackpoint>
            <Time>2026-06-15T14:18:49.000Z</Time>
            <DistanceMeters>0.0</DistanceMeters>
            <HeartRateBpm>
              <Value>85</Value>
            </HeartRateBpm>
            <Extensions>
              <ns3:TPX/>
            </Extensions>
          </Trackpoint>
          <Trackpoint>
            <Time>2026-06-15T14:18:50.000Z</Time>
            <DistanceMeters>0.0</DistanceMeters>
            <HeartRateBpm>
              <Value>84</Value>
            </HeartRateBpm>
            <Extensions>
              <ns3:TPX/>
            </Extensions>
          </Trackpoint>
          <Trackpoint>
            <Time>2026-06-15T14:18:51.000Z</Time>
            <DistanceMeters>0.0</DistanceMeters>
            <HeartRateBpm>
              <Value>83</Value>
            </HeartRateBpm>
            <Extensions>
              <ns3:TPX/>
            </Extensions>
          </Trackpoint>
          <Trackpoint>
            <Time>2026-06-15T14:18:54.000Z</Time>
            <DistanceMeters>0.0</DistanceMeters>
            <HeartRateBpm>
              <Value>84</Value>
            </HeartRateBpm>
            <Extensions>
              <ns3:TPX/>
            </Extensions>
          </Trackpoint>
          <Trackpoint>
            <Time>2026-06-15T14:19:00.000Z</Time>
            <DistanceMeters>0.0</DistanceMeters>
            <HeartRateBpm>
              <Value>85</Value>
            </HeartRateBpm>
            <Extensions>
              <ns3:TPX/>
            </Extensions>
          </Trackpoint>
          <Trackpoint>
            <Time>2026-06-15T14:19:02.000Z</Time>
            <DistanceMeters>0.0</DistanceMeters>
            <HeartRateBpm>
              <Value>91</Value>
            </HeartRateBpm>
            <Extensions>
              <ns3:TPX/>
            </Extensions>
          </Trackpoint>
          <Trackpoint>
            <Time>2026-06-15T14:19:03.000Z</Time>
            <DistanceMeters>0.0</DistanceMeters>
            <HeartRateBpm>
              <Value>94</Value>
            </HeartRateBpm>
            <Extensions>
              <ns3:TPX/>
            </Extensions>
          </Trackpoint>
          <Trackpoint>
            <Time>2026-06-15T14:19:04.000Z</Time>
            <DistanceMeters>0.0</DistanceMeters>
            <HeartRateBpm>
              <Value>94</Value>
            </HeartRateBpm>
            <Extensions>
              <ns3:TPX/>
            </Extensions>
          </Trackpoint>
          <Trackpoint>
            <Time>2026-06-15T14:19:06.000Z</Time>
            <DistanceMeters>0.0</DistanceMeters>
            <HeartRateBpm>
              <Value>97</Value>
            </HeartRateBpm>
            <Extensions>
              <ns3:TPX/>
            </Extensions>
          </Trackpoint>
          <Trackpoint>
            <Time>2026-06-15T14:19:09.000Z</Time>
            <DistanceMeters>0.0</DistanceMeters>
            <HeartRateBpm>
              <Value>99</Value>
            </HeartRateBpm>
            <Extensions>
              <ns3:TPX/>
            </Extensions>
          </Trackpoint>
          <Trackpoint>
            <Time>2026-06-15T14:19:10.000Z</Time>
            <DistanceMeters>0.0</DistanceMeters>
            <HeartRateBpm>
              <Value>100</Value>
            </HeartRateBpm>
            <Extensions>
              <ns3:TPX/>
            </Extensions>
          </Trackpoint>
          <Trackpoint>
            <Time>2026-06-15T14:19:14.000Z</Time>
            <DistanceMeters>0.0</DistanceMeters>
            <HeartRateBpm>
              <Value>102</Value>
            </HeartRateBpm>
            <Extensions>
              <ns3:TPX/>
            </Extensions>
          </Trackpoint>
          <Trackpoint>
            <Time>2026-06-15T14:19:15.000Z</Time>
            <DistanceMeters>0.0</DistanceMeters>
            <HeartRateBpm>
              <Value>104</Value>
            </HeartRateBpm>
            <Extensions>
              <ns3:TPX/>
            </Extensions>
          </Trackpoint>
          <Trackpoint>
            <Time>2026-06-15T14:19:18.000Z</Time>
            <DistanceMeters>0.0</DistanceMeters>
            <HeartRateBpm>
              <Value>105</Value>
            </HeartRateBpm>
            <Extensions>
              <ns3:TPX/>
            </Extensions>
          </Trackpoint>
          <Trackpoint>
            <Time>2026-06-15T14:19:19.000Z</Time>
            <DistanceMeters>0.0</DistanceMeters>
            <HeartRateBpm>
              <Value>110</Value>
            </HeartRateBpm>
            <Extensions>
              <ns3:TPX/>
            </Extensions>
          </Trackpoint>
          <Trackpoint>
            <Time>2026-06-15T14:19:20.000Z</Time>
            <DistanceMeters>0.0</DistanceMeters>
            <HeartRateBpm>
              <Value>110</Value>
            </HeartRateBpm>
            <Extensions>
              <ns3:TPX/>
            </Extensions>
          </Trackpoint>
          <Trackpoint>
            <Time>2026-06-15T14:19:21.000Z</Time>
            <DistanceMeters>0.0</DistanceMeters>
            <HeartRateBpm>
              <Value>111</Value>
            </HeartRateBpm>
            <Extensions>
              <ns3:TPX/>
            </Extensions>
          </Trackpoint>
          <Trackpoint>
            <Time>2026-06-15T14:19:24.000Z</Time>
            <DistanceMeters>0.0</DistanceMeters>
            <HeartRateBpm>
              <Value>112</Value>
            </HeartRateBpm>
            <Extensions>
              <ns3:TPX/>
            </Extensions>
          </Trackpoint>
          <Trackpoint>
            <Time>2026-06-15T14:19:25.000Z</Time>
            <DistanceMeters>0.0</DistanceMeters>
            <HeartRateBpm>
              <Value>113</Value>
            </HeartRateBpm>
            <Extensions>
              <ns3:TPX/>
            </Extensions>
          </Trackpoint>
          <Trackpoint>
            <Time>2026-06-15T14:19:30.000Z</Time>
            <DistanceMeters>0.0</DistanceMeters>
            <HeartRateBpm>
              <Value>115</Value>
            </HeartRateBpm>
            <Extensions>
              <ns3:TPX/>
            </Extensions>
          </Trackpoint>
          <Trackpoint>
            <Time>2026-06-15T14:19:33.000Z</Time>
            <DistanceMeters>0.0</DistanceMeters>
            <HeartRateBpm>
              <Value>121</Value>
            </HeartRateBpm>
            <Extensions>
              <ns3:TPX/>
            </Extensions>
          </Trackpoint>
          <Trackpoint>
            <Time>2026-06-15T14:19:34.000Z</Time>
            <DistanceMeters>0.0</DistanceMeters>
            <HeartRateBpm>
              <Value>121</Value>
            </HeartRateBpm>
            <Extensions>
              <ns3:TPX/>
            </Extensions>
          </Trackpoint>
          <Trackpoint>
            <Time>2026-06-15T14:19:36.000Z</Time>
            <DistanceMeters>0.0</DistanceMeters>
            <HeartRateBpm>
              <Value>125</Value>
            </HeartRateBpm>
            <Extensions>
              <ns3:TPX/>
            </Extensions>
          </Trackpoint>
          <Trackpoint>
            <Time>2026-06-15T14:19:37.000Z</Time>
            <DistanceMeters>0.0</DistanceMeters>
            <HeartRateBpm>
              <Value>129</Value>
            </HeartRateBpm>
            <Extensions>
              <ns3:TPX/>
            </Extensions>
          </Trackpoint>
          <Trackpoint>
            <Time>2026-06-15T14:19:38.000Z</Time>
            <DistanceMeters>0.0</DistanceMeters>
            <HeartRateBpm>
              <Value>129</Value>
            </HeartRateBpm>
            <Extensions>
              <ns3:TPX/>
            </Extensions>
          </Trackpoint>
          <Trackpoint>
            <Time>2026-06-15T14:19:41.000Z</Time>
            <DistanceMeters>0.0</DistanceMeters>
            <HeartRateBpm>
              <Value>131</Value>
            </HeartRateBpm>
            <Extensions>
              <ns3:TPX/>
            </Extensions>
          </Trackpoint>
          <Trackpoint>
            <Time>2026-06-15T14:19:42.000Z</Time>
            <DistanceMeters>0.0</DistanceMeters>
            <HeartRateBpm>
              <Value>126</Value>
            </HeartRateBpm>
            <Extensions>
              <ns3:TPX/>
            </Extensions>
          </Trackpoint>
          <Trackpoint>
            <Time>2026-06-15T14:19:44.000Z</Time>
            <DistanceMeters>0.0</DistanceMeters>
            <HeartRateBpm>
              <Value>127</Value>
            </HeartRateBpm>
            <Extensions>
              <ns3:TPX/>
            </Extensions>
          </Trackpoint>
          <Trackpoint>
            <Time>2026-06-15T14:19:45.000Z</Time>
            <DistanceMeters>0.0</DistanceMeters>
            <HeartRateBpm>
              <Value>131</Value>
            </HeartRateBpm>
            <Extensions>
              <ns3:TPX/>
            </Extensions>
          </Trackpoint>
          <Trackpoint>
            <Time>2026-06-15T14:19:46.000Z</Time>
            <DistanceMeters>0.0</DistanceMeters>
            <HeartRateBpm>
              <Value>131</Value>
            </HeartRateBpm>
            <Extensions>
              <ns3:TPX/>
            </Extensions>
          </Trackpoint>
          <Trackpoint>
            <Time>2026-06-15T14:19:48.000Z</Time>
            <DistanceMeters>0.0</DistanceMeters>
            <HeartRateBpm>
              <Value>127</Value>
            </HeartRateBpm>
            <Extensions>
              <ns3:TPX/>
            </Extensions>
          </Trackpoint>
          <Trackpoint>
            <Time>2026-06-15T14:19:49.000Z</Time>
            <DistanceMeters>0.0</DistanceMeters>
            <HeartRateBpm>
              <Value>123</Value>
            </HeartRateBpm>
            <Extensions>
              <ns3:TPX/>
            </Extensions>
          </Trackpoint>
          <Trackpoint>
            <Time>2026-06-15T14:19:50.000Z</Time>
            <DistanceMeters>0.0</DistanceMeters>
            <HeartRateBpm>
              <Value>114</Value>
            </HeartRateBpm>
            <Extensions>
              <ns3:TPX/>
            </Extensions>
          </Trackpoint>
          <Trackpoint>
            <Time>2026-06-15T14:19:51.000Z</Time>
            <DistanceMeters>0.0</DistanceMeters>
            <HeartRateBpm>
              <Value>114</Value>
            </HeartRateBpm>
            <Extensions>
              <ns3:TPX/>
            </Extensions>
          </Trackpoint>
          <Trackpoint>
            <Time>2026-06-15T14:19:52.000Z</Time>
            <DistanceMeters>0.0</DistanceMeters>
            <HeartRateBpm>
              <Value>114</Value>
            </HeartRateBpm>
            <Extensions>
              <ns3:TPX/>
            </Extensions>
          </Trackpoint>
          <Trackpoint>
            <Time>2026-06-15T14:19:55.000Z</Time>
            <DistanceMeters>0.0</DistanceMeters>
            <HeartRateBpm>
              <Value>113</Value>
            </HeartRateBpm>
            <Extensions>
              <ns3:TPX/>
            </Extensions>
          </Trackpoint>
          <Trackpoint>
            <Time>2026-06-15T14:19:58.000Z</Time>
            <DistanceMeters>0.0</DistanceMeters>
            <HeartRateBpm>
              <Value>111</Value>
            </HeartRateBpm>
            <Extensions>
              <ns3:TPX/>
            </Extensions>
          </Trackpoint>
          <Trackpoint>
            <Time>2026-06-15T14:20:01.000Z</Time>
            <DistanceMeters>0.0</DistanceMeters>
            <HeartRateBpm>
              <Value>113</Value>
            </HeartRateBpm>
            <Extensions>
              <ns3:TPX/>
            </Extensions>
          </Trackpoint>
          <Trackpoint>
            <Time>2026-06-15T14:20:02.000Z</Time>
            <DistanceMeters>0.0</DistanceMeters>
            <HeartRateBpm>
              <Value>115</Value>
            </HeartRateBpm>
            <Extensions>
              <ns3:TPX/>
            </Extensions>
          </Trackpoint>
          <Trackpoint>
            <Time>2026-06-15T14:20:03.000Z</Time>
            <DistanceMeters>0.0</DistanceMeters>
            <HeartRateBpm>
              <Value>118</Value>
            </HeartRateBpm>
            <Extensions>
              <ns3:TPX/>
            </Extensions>
          </Trackpoint>
          <Trackpoint>
            <Time>2026-06-15T14:20:04.000Z</Time>
            <DistanceMeters>0.0</DistanceMeters>
            <HeartRateBpm>
              <Value>118</Value>
            </HeartRateBpm>
            <Extensions>
              <ns3:TPX/>
            </Extensions>
          </Trackpoint>
          <Trackpoint>
            <Time>2026-06-15T14:20:06.000Z</Time>
            <DistanceMeters>0.0</DistanceMeters>
            <HeartRateBpm>
              <Value>122</Value>
            </HeartRateBpm>
            <Extensions>
              <ns3:TPX/>
            </Extensions>
          </Trackpoint>
          <Trackpoint>
            <Time>2026-06-15T14:20:09.000Z</Time>
            <DistanceMeters>0.0</DistanceMeters>
            <HeartRateBpm>
              <Value>126</Value>
            </HeartRateBpm>
            <Extensions>
              <ns3:TPX/>
            </Extensions>
          </Trackpoint>
          <Trackpoint>
            <Time>2026-06-15T14:20:10.000Z</Time>
            <DistanceMeters>0.0</DistanceMeters>
            <HeartRateBpm>
              <Value>130</Value>
            </HeartRateBpm>
            <Extensions>
              <ns3:TPX/>
            </Extensions>
          </Trackpoint>
          <Trackpoint>
            <Time>2026-06-15T14:20:11.000Z</Time>
            <DistanceMeters>0.0</DistanceMeters>
            <HeartRateBpm>
              <Value>130</Value>
            </HeartRateBpm>
            <Extensions>
              <ns3:TPX/>
            </Extensions>
          </Trackpoint>
          <Trackpoint>
            <Time>2026-06-15T14:20:12.000Z</Time>
            <DistanceMeters>0.0</DistanceMeters>
            <HeartRateBpm>
              <Value>134</Value>
            </HeartRateBpm>
            <Extensions>
              <ns3:TPX/>
            </Extensions>
          </Trackpoint>
          <Trackpoint>
            <Time>2026-06-15T14:20:13.000Z</Time>
            <DistanceMeters>0.0</DistanceMeters>
            <HeartRateBpm>
              <Value>137</Value>
            </HeartRateBpm>
            <Extensions>
              <ns3:TPX/>
            </Extensions>
          </Trackpoint>
          <Trackpoint>
            <Time>2026-06-15T14:20:14.000Z</Time>
            <DistanceMeters>0.0</DistanceMeters>
            <HeartRateBpm>
              <Value>148</Value>
            </HeartRateBpm>
            <Extensions>
              <ns3:TPX/>
            </Extensions>
          </Trackpoint>
          <Trackpoint>
            <Time>2026-06-15T14:20:15.000Z</Time>
            <DistanceMeters>0.0</DistanceMeters>
            <HeartRateBpm>
              <Value>148</Value>
            </HeartRateBpm>
            <Extensions>
              <ns3:TPX/>
            </Extensions>
          </Trackpoint>
          <Trackpoint>
            <Time>2026-06-15T14:20:16.000Z</Time>
            <DistanceMeters>0.0</DistanceMeters>
            <HeartRateBpm>
              <Value>144</Value>
            </HeartRateBpm>
            <Extensions>
              <ns3:TPX/>
            </Extensions>
          </Trackpoint>
          <Trackpoint>
            <Time>2026-06-15T14:20:17.000Z</Time>
            <DistanceMeters>0.0</DistanceMeters>
            <HeartRateBpm>
              <Value>140</Value>
            </HeartRateBpm>
            <Extensions>
              <ns3:TPX/>
            </Extensions>
          </Trackpoint>
          <Trackpoint>
            <Time>2026-06-15T14:20:18.000Z</Time>
            <DistanceMeters>0.0</DistanceMeters>
            <HeartRateBpm>
              <Value>140</Value>
            </HeartRateBpm>
            <Extensions>
              <ns3:TPX/>
            </Extensions>
          </Trackpoint>
          <Trackpoint>
            <Time>2026-06-15T14:20:23.000Z</Time>
            <DistanceMeters>0.0</DistanceMeters>
            <HeartRateBpm>
              <Value>139</Value>
            </HeartRateBpm>
            <Extensions>
              <ns3:TPX/>
            </Extensions>
          </Trackpoint>
          <Trackpoint>
            <Time>2026-06-15T14:20:28.000Z</Time>
            <DistanceMeters>0.0</DistanceMeters>
            <HeartRateBpm>
              <Value>137</Value>
            </HeartRateBpm>
            <Extensions>
              <ns3:TPX/>
            </Extensions>
          </Trackpoint>
          <Trackpoint>
            <Time>2026-06-15T14:20:29.000Z</Time>
            <DistanceMeters>0.0</DistanceMeters>
            <HeartRateBpm>
              <Value>133</Value>
            </HeartRateBpm>
            <Extensions>
              <ns3:TPX/>
            </Extensions>
          </Trackpoint>
          <Trackpoint>
            <Time>2026-06-15T14:20:30.000Z</Time>
            <DistanceMeters>0.0</DistanceMeters>
            <HeartRateBpm>
              <Value>133</Value>
            </HeartRateBpm>
            <Extensions>
              <ns3:TPX/>
            </Extensions>
          </Trackpoint>
          <Trackpoint>
            <Time>2026-06-15T14:20:31.000Z</Time>
            <DistanceMeters>0.0</DistanceMeters>
            <HeartRateBpm>
              <Value>138</Value>
            </HeartRateBpm>
            <Extensions>
              <ns3:TPX/>
            </Extensions>
          </Trackpoint>
          <Trackpoint>
            <Time>2026-06-15T14:20:32.000Z</Time>
            <DistanceMeters>0.0</DistanceMeters>
            <HeartRateBpm>
              <Value>139</Value>
            </HeartRateBpm>
            <Extensions>
              <ns3:TPX/>
            </Extensions>
          </Trackpoint>
          <Trackpoint>
            <Time>2026-06-15T14:20:37.000Z</Time>
            <DistanceMeters>0.0</DistanceMeters>
            <HeartRateBpm>
              <Value>141</Value>
            </HeartRateBpm>
            <Extensions>
              <ns3:TPX/>
            </Extensions>
          </Trackpoint>
          <Trackpoint>
            <Time>2026-06-15T14:20:42.000Z</Time>
            <DistanceMeters>0.0</DistanceMeters>
            <HeartRateBpm>
              <Value>142</Value>
            </HeartRateBpm>
            <Extensions>
              <ns3:TPX/>
            </Extensions>
          </Trackpoint>
          <Trackpoint>
            <Time>2026-06-15T14:20:43.000Z</Time>
            <DistanceMeters>0.0</DistanceMeters>
            <HeartRateBpm>
              <Value>135</Value>
            </HeartRateBpm>
            <Extensions>
              <ns3:TPX/>
            </Extensions>
          </Trackpoint>
          <Trackpoint>
            <Time>2026-06-15T14:20:44.000Z</Time>
            <DistanceMeters>0.0</DistanceMeters>
            <HeartRateBpm>
              <Value>132</Value>
            </HeartRateBpm>
            <Extensions>
              <ns3:TPX/>
            </Extensions>
          </Trackpoint>
          <Trackpoint>
            <Time>2026-06-15T14:20:45.000Z</Time>
            <DistanceMeters>0.0</DistanceMeters>
            <HeartRateBpm>
              <Value>132</Value>
            </HeartRateBpm>
            <Extensions>
              <ns3:TPX/>
            </Extensions>
          </Trackpoint>
          <Trackpoint>
            <Time>2026-06-15T14:20:46.000Z</Time>
            <DistanceMeters>0.0</DistanceMeters>
            <HeartRateBpm>
              <Value>126</Value>
            </HeartRateBpm>
            <Extensions>
              <ns3:TPX/>
            </Extensions>
          </Trackpoint>
          <Trackpoint>
            <Time>2026-06-15T14:20:47.000Z</Time>
            <DistanceMeters>0.0</DistanceMeters>
            <HeartRateBpm>
              <Value>126</Value>
            </HeartRateBpm>
            <Extensions>
              <ns3:TPX/>
            </Extensions>
          </Trackpoint>
          <Trackpoint>
            <Time>2026-06-15T14:20:48.000Z</Time>
            <DistanceMeters>0.0</DistanceMeters>
            <HeartRateBpm>
              <Value>124</Value>
            </HeartRateBpm>
            <Extensions>
              <ns3:TPX/>
            </Extensions>
          </Trackpoint>
          <Trackpoint>
            <Time>2026-06-15T14:20:51.000Z</Time>
            <DistanceMeters>0.0</DistanceMeters>
            <HeartRateBpm>
              <Value>120</Value>
            </HeartRateBpm>
            <Extensions>
              <ns3:TPX/>
            </Extensions>
          </Trackpoint>
          <Trackpoint>
            <Time>2026-06-15T14:20:52.000Z</Time>
            <DistanceMeters>0.0</DistanceMeters>
            <HeartRateBpm>
              <Value>121</Value>
            </HeartRateBpm>
            <Extensions>
              <ns3:TPX/>
            </Extensions>
          </Trackpoint>
          <Trackpoint>
            <Time>2026-06-15T14:20:55.000Z</Time>
            <DistanceMeters>0.0</DistanceMeters>
            <HeartRateBpm>
              <Value>125</Value>
            </HeartRateBpm>
            <Extensions>
              <ns3:TPX/>
            </Extensions>
          </Trackpoint>
          <Trackpoint>
            <Time>2026-06-15T14:20:57.000Z</Time>
            <DistanceMeters>0.0</DistanceMeters>
            <HeartRateBpm>
              <Value>121</Value>
            </HeartRateBpm>
            <Extensions>
              <ns3:TPX/>
            </Extensions>
          </Trackpoint>
          <Trackpoint>
            <Time>2026-06-15T14:20:58.000Z</Time>
            <DistanceMeters>0.0</DistanceMeters>
            <HeartRateBpm>
              <Value>116</Value>
            </HeartRateBpm>
            <Extensions>
              <ns3:TPX/>
            </Extensions>
          </Trackpoint>
          <Trackpoint>
            <Time>2026-06-15T14:20:59.000Z</Time>
            <DistanceMeters>0.0</DistanceMeters>
            <HeartRateBpm>
              <Value>106</Value>
            </HeartRateBpm>
            <Extensions>
              <ns3:TPX/>
            </Extensions>
          </Trackpoint>
          <Trackpoint>
            <Time>2026-06-15T14:21:00.000Z</Time>
            <DistanceMeters>0.0</DistanceMeters>
            <HeartRateBpm>
              <Value>98</Value>
            </HeartRateBpm>
            <Extensions>
              <ns3:TPX/>
            </Extensions>
          </Trackpoint>
          <Trackpoint>
            <Time>2026-06-15T14:21:01.000Z</Time>
            <DistanceMeters>0.0</DistanceMeters>
            <HeartRateBpm>
              <Value>94</Value>
            </HeartRateBpm>
            <Extensions>
              <ns3:TPX/>
            </Extensions>
          </Trackpoint>
          <Trackpoint>
            <Time>2026-06-15T14:21:02.000Z</Time>
            <DistanceMeters>0.0</DistanceMeters>
            <HeartRateBpm>
              <Value>87</Value>
            </HeartRateBpm>
            <Extensions>
              <ns3:TPX/>
            </Extensions>
          </Trackpoint>
          <Trackpoint>
            <Time>2026-06-15T14:21:03.000Z</Time>
            <DistanceMeters>0.0</DistanceMeters>
            <HeartRateBpm>
              <Value>87</Value>
            </HeartRateBpm>
            <Extensions>
              <ns3:TPX/>
            </Extensions>
          </Trackpoint>
          <Trackpoint>
            <Time>2026-06-15T14:21:07.000Z</Time>
            <DistanceMeters>0.0</DistanceMeters>
            <HeartRateBpm>
              <Value>86</Value>
            </HeartRateBpm>
            <Extensions>
              <ns3:TPX/>
            </Extensions>
          </Trackpoint>
          <Trackpoint>
            <Time>2026-06-15T14:21:16.000Z</Time>
            <DistanceMeters>0.0</DistanceMeters>
            <HeartRateBpm>
              <Value>87</Value>
            </HeartRateBpm>
            <Extensions>
              <ns3:TPX/>
            </Extensions>
          </Trackpoint>
          <Trackpoint>
            <Time>2026-06-15T14:21:20.000Z</Time>
            <DistanceMeters>0.0</DistanceMeters>
            <HeartRateBpm>
              <Value>88</Value>
            </HeartRateBpm>
            <Extensions>
              <ns3:TPX/>
            </Extensions>
          </Trackpoint>
          <Trackpoint>
            <Time>2026-06-15T14:21:23.000Z</Time>
            <DistanceMeters>0.0</DistanceMeters>
            <HeartRateBpm>
              <Value>89</Value>
            </HeartRateBpm>
            <Extensions>
              <ns3:TPX/>
            </Extensions>
          </Trackpoint>
          <Trackpoint>
            <Time>2026-06-15T14:21:25.000Z</Time>
            <DistanceMeters>0.0</DistanceMeters>
            <HeartRateBpm>
              <Value>89</Value>
            </HeartRateBpm>
            <Extensions>
              <ns3:TPX/>
            </Extensions>
          </Trackpoint>
          <Trackpoint>
            <Time>2026-06-15T14:21:30.000Z</Time>
            <DistanceMeters>0.0</DistanceMeters>
            <HeartRateBpm>
              <Value>88</Value>
            </HeartRateBpm>
            <Extensions>
              <ns3:TPX/>
            </Extensions>
          </Trackpoint>
          <Trackpoint>
            <Time>2026-06-15T14:21:36.000Z</Time>
            <DistanceMeters>0.0</DistanceMeters>
            <HeartRateBpm>
              <Value>89</Value>
            </HeartRateBpm>
            <Extensions>
              <ns3:TPX/>
            </Extensions>
          </Trackpoint>
          <Trackpoint>
            <Time>2026-06-15T14:21:37.000Z</Time>
            <DistanceMeters>0.0</DistanceMeters>
            <HeartRateBpm>
              <Value>90</Value>
            </HeartRateBpm>
            <Extensions>
              <ns3:TPX/>
            </Extensions>
          </Trackpoint>
          <Trackpoint>
            <Time>2026-06-15T14:21:41.000Z</Time>
            <DistanceMeters>0.0</DistanceMeters>
            <HeartRateBpm>
              <Value>91</Value>
            </HeartRateBpm>
            <Extensions>
              <ns3:TPX/>
            </Extensions>
          </Trackpoint>
          <Trackpoint>
            <Time>2026-06-15T14:21:43.000Z</Time>
            <DistanceMeters>0.0</DistanceMeters>
            <HeartRateBpm>
              <Value>90</Value>
            </HeartRateBpm>
            <Extensions>
              <ns3:TPX/>
            </Extensions>
          </Trackpoint>
          <Trackpoint>
            <Time>2026-06-15T14:21:45.000Z</Time>
            <DistanceMeters>0.0</DistanceMeters>
            <HeartRateBpm>
              <Value>88</Value>
            </HeartRateBpm>
            <Extensions>
              <ns3:TPX/>
            </Extensions>
          </Trackpoint>
          <Trackpoint>
            <Time>2026-06-15T14:21:46.000Z</Time>
            <DistanceMeters>0.0</DistanceMeters>
            <HeartRateBpm>
              <Value>87</Value>
            </HeartRateBpm>
            <Extensions>
              <ns3:TPX/>
            </Extensions>
          </Trackpoint>
          <Trackpoint>
            <Time>2026-06-15T14:21:51.000Z</Time>
            <DistanceMeters>0.0</DistanceMeters>
            <HeartRateBpm>
              <Value>89</Value>
            </HeartRateBpm>
            <Extensions>
              <ns3:TPX/>
            </Extensions>
          </Trackpoint>
          <Trackpoint>
            <Time>2026-06-15T14:21:52.000Z</Time>
            <DistanceMeters>0.0</DistanceMeters>
            <HeartRateBpm>
              <Value>90</Value>
            </HeartRateBpm>
            <Extensions>
              <ns3:TPX/>
            </Extensions>
          </Trackpoint>
          <Trackpoint>
            <Time>2026-06-15T14:21:58.000Z</Time>
            <DistanceMeters>0.0</DistanceMeters>
            <HeartRateBpm>
              <Value>91</Value>
            </HeartRateBpm>
            <Extensions>
              <ns3:TPX/>
            </Extensions>
          </Trackpoint>
          <Trackpoint>
            <Time>2026-06-15T14:22:02.000Z</Time>
            <DistanceMeters>0.0</DistanceMeters>
            <HeartRateBpm>
              <Value>90</Value>
            </HeartRateBpm>
            <Extensions>
              <ns3:TPX/>
            </Extensions>
          </Trackpoint>
          <Trackpoint>
            <Time>2026-06-15T14:22:03.000Z</Time>
            <DistanceMeters>0.0</DistanceMeters>
            <HeartRateBpm>
              <Value>89</Value>
            </HeartRateBpm>
            <Extensions>
              <ns3:TPX/>
            </Extensions>
          </Trackpoint>
          <Trackpoint>
            <Time>2026-06-15T14:22:04.000Z</Time>
            <DistanceMeters>0.0</DistanceMeters>
            <HeartRateBpm>
              <Value>88</Value>
            </HeartRateBpm>
            <Extensions>
              <ns3:TPX/>
            </Extensions>
          </Trackpoint>
          <Trackpoint>
            <Time>2026-06-15T14:22:05.000Z</Time>
            <DistanceMeters>0.0</DistanceMeters>
            <HeartRateBpm>
              <Value>87</Value>
            </HeartRateBpm>
            <Extensions>
              <ns3:TPX/>
            </Extensions>
          </Trackpoint>
          <Trackpoint>
            <Time>2026-06-15T14:22:07.000Z</Time>
            <DistanceMeters>0.0</DistanceMeters>
            <HeartRateBpm>
              <Value>86</Value>
            </HeartRateBpm>
            <Extensions>
              <ns3:TPX/>
            </Extensions>
          </Trackpoint>
          <Trackpoint>
            <Time>2026-06-15T14:22:08.000Z</Time>
            <DistanceMeters>0.0</DistanceMeters>
            <HeartRateBpm>
              <Value>83</Value>
            </HeartRateBpm>
            <Extensions>
              <ns3:TPX/>
            </Extensions>
          </Trackpoint>
          <Trackpoint>
            <Time>2026-06-15T14:22:09.000Z</Time>
            <DistanceMeters>0.0</DistanceMeters>
            <HeartRateBpm>
              <Value>83</Value>
            </HeartRateBpm>
            <Extensions>
              <ns3:TPX/>
            </Extensions>
          </Trackpoint>
          <Trackpoint>
            <Time>2026-06-15T14:22:18.000Z</Time>
            <DistanceMeters>0.0</DistanceMeters>
            <HeartRateBpm>
              <Value>84</Value>
            </HeartRateBpm>
            <Extensions>
              <ns3:TPX/>
            </Extensions>
          </Trackpoint>
          <Trackpoint>
            <Time>2026-06-15T14:22:21.000Z</Time>
            <DistanceMeters>0.0</DistanceMeters>
            <HeartRateBpm>
              <Value>86</Value>
            </HeartRateBpm>
            <Extensions>
              <ns3:TPX/>
            </Extensions>
          </Trackpoint>
          <Trackpoint>
            <Time>2026-06-15T14:22:23.000Z</Time>
            <DistanceMeters>0.0</DistanceMeters>
            <HeartRateBpm>
              <Value>87</Value>
            </HeartRateBpm>
            <Extensions>
              <ns3:TPX/>
            </Extensions>
          </Trackpoint>
          <Trackpoint>
            <Time>2026-06-15T14:22:25.000Z</Time>
            <DistanceMeters>0.0</DistanceMeters>
            <HeartRateBpm>
              <Value>92</Value>
            </HeartRateBpm>
            <Extensions>
              <ns3:TPX/>
            </Extensions>
          </Trackpoint>
          <Trackpoint>
            <Time>2026-06-15T14:22:26.000Z</Time>
            <DistanceMeters>0.0</DistanceMeters>
            <HeartRateBpm>
              <Value>101</Value>
            </HeartRateBpm>
            <Extensions>
              <ns3:TPX/>
            </Extensions>
          </Trackpoint>
          <Trackpoint>
            <Time>2026-06-15T14:22:27.000Z</Time>
            <DistanceMeters>0.0</DistanceMeters>
            <HeartRateBpm>
              <Value>101</Value>
            </HeartRateBpm>
            <Extensions>
              <ns3:TPX/>
            </Extensions>
          </Trackpoint>
          <Trackpoint>
            <Time>2026-06-15T14:22:28.000Z</Time>
            <DistanceMeters>0.0</DistanceMeters>
            <HeartRateBpm>
              <Value>98</Value>
            </HeartRateBpm>
            <Extensions>
              <ns3:TPX/>
            </Extensions>
          </Trackpoint>
          <Trackpoint>
            <Time>2026-06-15T14:22:29.000Z</Time>
            <DistanceMeters>0.0</DistanceMeters>
            <HeartRateBpm>
              <Value>99</Value>
            </HeartRateBpm>
            <Extensions>
              <ns3:TPX/>
            </Extensions>
          </Trackpoint>
          <Trackpoint>
            <Time>2026-06-15T14:22:30.000Z</Time>
            <DistanceMeters>0.0</DistanceMeters>
            <HeartRateBpm>
              <Value>94</Value>
            </HeartRateBpm>
            <Extensions>
              <ns3:TPX/>
            </Extensions>
          </Trackpoint>
          <Trackpoint>
            <Time>2026-06-15T14:22:31.000Z</Time>
            <DistanceMeters>0.0</DistanceMeters>
            <HeartRateBpm>
              <Value>92</Value>
            </HeartRateBpm>
            <Extensions>
              <ns3:TPX/>
            </Extensions>
          </Trackpoint>
          <Trackpoint>
            <Time>2026-06-15T14:22:32.000Z</Time>
            <DistanceMeters>0.0</DistanceMeters>
            <HeartRateBpm>
              <Value>93</Value>
            </HeartRateBpm>
            <Extensions>
              <ns3:TPX/>
            </Extensions>
          </Trackpoint>
          <Trackpoint>
            <Time>2026-06-15T14:22:35.000Z</Time>
            <DistanceMeters>0.0</DistanceMeters>
            <HeartRateBpm>
              <Value>94</Value>
            </HeartRateBpm>
            <Extensions>
              <ns3:TPX/>
            </Extensions>
          </Trackpoint>
          <Trackpoint>
            <Time>2026-06-15T14:22:38.000Z</Time>
            <DistanceMeters>0.0</DistanceMeters>
            <HeartRateBpm>
              <Value>95</Value>
            </HeartRateBpm>
            <Extensions>
              <ns3:TPX/>
            </Extensions>
          </Trackpoint>
          <Trackpoint>
            <Time>2026-06-15T14:22:41.000Z</Time>
            <DistanceMeters>0.0</DistanceMeters>
            <HeartRateBpm>
              <Value>94</Value>
            </HeartRateBpm>
            <Extensions>
              <ns3:TPX/>
            </Extensions>
          </Trackpoint>
          <Trackpoint>
            <Time>2026-06-15T14:22:45.000Z</Time>
            <DistanceMeters>0.0</DistanceMeters>
            <HeartRateBpm>
              <Value>93</Value>
            </HeartRateBpm>
            <Extensions>
              <ns3:TPX/>
            </Extensions>
          </Trackpoint>
          <Trackpoint>
            <Time>2026-06-15T14:22:46.000Z</Time>
            <DistanceMeters>0.0</DistanceMeters>
            <HeartRateBpm>
              <Value>93</Value>
            </HeartRateBpm>
            <Extensions>
              <ns3:TPX/>
            </Extensions>
          </Trackpoint>
          <Trackpoint>
            <Time>2026-06-15T14:22:48.000Z</Time>
            <DistanceMeters>0.0</DistanceMeters>
            <HeartRateBpm>
              <Value>92</Value>
            </HeartRateBpm>
            <Extensions>
              <ns3:TPX/>
            </Extensions>
          </Trackpoint>
          <Trackpoint>
            <Time>2026-06-15T14:22:49.000Z</Time>
            <DistanceMeters>0.0</DistanceMeters>
            <HeartRateBpm>
              <Value>91</Value>
            </HeartRateBpm>
            <Extensions>
              <ns3:TPX/>
            </Extensions>
          </Trackpoint>
          <Trackpoint>
            <Time>2026-06-15T14:22:50.000Z</Time>
            <DistanceMeters>0.0</DistanceMeters>
            <HeartRateBpm>
              <Value>90</Value>
            </HeartRateBpm>
            <Extensions>
              <ns3:TPX/>
            </Extensions>
          </Trackpoint>
          <Trackpoint>
            <Time>2026-06-15T14:22:51.000Z</Time>
            <DistanceMeters>0.0</DistanceMeters>
            <HeartRateBpm>
              <Value>87</Value>
            </HeartRateBpm>
            <Extensions>
              <ns3:TPX/>
            </Extensions>
          </Trackpoint>
          <Trackpoint>
            <Time>2026-06-15T14:22:52.000Z</Time>
            <DistanceMeters>0.0</DistanceMeters>
            <HeartRateBpm>
              <Value>83</Value>
            </HeartRateBpm>
            <Extensions>
              <ns3:TPX/>
            </Extensions>
          </Trackpoint>
          <Trackpoint>
            <Time>2026-06-15T14:22:53.000Z</Time>
            <DistanceMeters>0.0</DistanceMeters>
            <HeartRateBpm>
              <Value>82</Value>
            </HeartRateBpm>
            <Extensions>
              <ns3:TPX/>
            </Extensions>
          </Trackpoint>
          <Trackpoint>
            <Time>2026-06-15T14:22:54.000Z</Time>
            <DistanceMeters>0.0</DistanceMeters>
            <HeartRateBpm>
              <Value>81</Value>
            </HeartRateBpm>
            <Extensions>
              <ns3:TPX/>
            </Extensions>
          </Trackpoint>
          <Trackpoint>
            <Time>2026-06-15T14:22:55.000Z</Time>
            <DistanceMeters>0.0</DistanceMeters>
            <HeartRateBpm>
              <Value>80</Value>
            </HeartRateBpm>
            <Extensions>
              <ns3:TPX/>
            </Extensions>
          </Trackpoint>
          <Trackpoint>
            <Time>2026-06-15T14:22:56.000Z</Time>
            <DistanceMeters>0.0</DistanceMeters>
            <HeartRateBpm>
              <Value>79</Value>
            </HeartRateBpm>
            <Extensions>
              <ns3:TPX/>
            </Extensions>
          </Trackpoint>
          <Trackpoint>
            <Time>2026-06-15T14:22:57.000Z</Time>
            <DistanceMeters>0.0</DistanceMeters>
            <HeartRateBpm>
              <Value>78</Value>
            </HeartRateBpm>
            <Extensions>
              <ns3:TPX/>
            </Extensions>
          </Trackpoint>
          <Trackpoint>
            <Time>2026-06-15T14:22:58.000Z</Time>
            <DistanceMeters>0.0</DistanceMeters>
            <HeartRateBpm>
              <Value>77</Value>
            </HeartRateBpm>
            <Extensions>
              <ns3:TPX/>
            </Extensions>
          </Trackpoint>
          <Trackpoint>
            <Time>2026-06-15T14:23:00.000Z</Time>
            <DistanceMeters>0.0</DistanceMeters>
            <HeartRateBpm>
              <Value>74</Value>
            </HeartRateBpm>
            <Extensions>
              <ns3:TPX/>
            </Extensions>
          </Trackpoint>
          <Trackpoint>
            <Time>2026-06-15T14:23:01.000Z</Time>
            <DistanceMeters>0.0</DistanceMeters>
            <HeartRateBpm>
              <Value>73</Value>
            </HeartRateBpm>
            <Extensions>
              <ns3:TPX/>
            </Extensions>
          </Trackpoint>
          <Trackpoint>
            <Time>2026-06-15T14:23:06.000Z</Time>
            <DistanceMeters>0.0</DistanceMeters>
            <HeartRateBpm>
              <Value>75</Value>
            </HeartRateBpm>
            <Extensions>
              <ns3:TPX/>
            </Extensions>
          </Trackpoint>
          <Trackpoint>
            <Time>2026-06-15T14:23:07.000Z</Time>
            <DistanceMeters>0.0</DistanceMeters>
            <HeartRateBpm>
              <Value>76</Value>
            </HeartRateBpm>
            <Extensions>
              <ns3:TPX/>
            </Extensions>
          </Trackpoint>
          <Trackpoint>
            <Time>2026-06-15T14:23:08.000Z</Time>
            <DistanceMeters>0.0</DistanceMeters>
            <HeartRateBpm>
              <Value>78</Value>
            </HeartRateBpm>
            <Extensions>
              <ns3:TPX/>
            </Extensions>
          </Trackpoint>
          <Trackpoint>
            <Time>2026-06-15T14:23:09.000Z</Time>
            <DistanceMeters>0.0</DistanceMeters>
            <HeartRateBpm>
              <Value>79</Value>
            </HeartRateBpm>
            <Extensions>
              <ns3:TPX/>
            </Extensions>
          </Trackpoint>
          <Trackpoint>
            <Time>2026-06-15T14:23:10.000Z</Time>
            <DistanceMeters>0.0</DistanceMeters>
            <HeartRateBpm>
              <Value>80</Value>
            </HeartRateBpm>
            <Extensions>
              <ns3:TPX/>
            </Extensions>
          </Trackpoint>
          <Trackpoint>
            <Time>2026-06-15T14:23:12.000Z</Time>
            <DistanceMeters>0.0</DistanceMeters>
            <HeartRateBpm>
              <Value>81</Value>
            </HeartRateBpm>
            <Extensions>
              <ns3:TPX/>
            </Extensions>
          </Trackpoint>
          <Trackpoint>
            <Time>2026-06-15T14:23:13.000Z</Time>
            <DistanceMeters>0.0</DistanceMeters>
            <HeartRateBpm>
              <Value>82</Value>
            </HeartRateBpm>
            <Extensions>
              <ns3:TPX/>
            </Extensions>
          </Trackpoint>
          <Trackpoint>
            <Time>2026-06-15T14:23:15.000Z</Time>
            <DistanceMeters>0.0</DistanceMeters>
            <HeartRateBpm>
              <Value>83</Value>
            </HeartRateBpm>
            <Extensions>
              <ns3:TPX/>
            </Extensions>
          </Trackpoint>
          <Trackpoint>
            <Time>2026-06-15T14:23:22.000Z</Time>
            <DistanceMeters>0.0</DistanceMeters>
            <HeartRateBpm>
              <Value>84</Value>
            </HeartRateBpm>
            <Extensions>
              <ns3:TPX/>
            </Extensions>
          </Trackpoint>
          <Trackpoint>
            <Time>2026-06-15T14:23:24.000Z</Time>
            <DistanceMeters>0.0</DistanceMeters>
            <HeartRateBpm>
              <Value>85</Value>
            </HeartRateBpm>
            <Extensions>
              <ns3:TPX/>
            </Extensions>
          </Trackpoint>
          <Trackpoint>
            <Time>2026-06-15T14:23:26.000Z</Time>
            <DistanceMeters>0.0</DistanceMeters>
            <HeartRateBpm>
              <Value>86</Value>
            </HeartRateBpm>
            <Extensions>
              <ns3:TPX/>
            </Extensions>
          </Trackpoint>
          <Trackpoint>
            <Time>2026-06-15T14:23:27.000Z</Time>
            <DistanceMeters>0.0</DistanceMeters>
            <HeartRateBpm>
              <Value>86</Value>
            </HeartRateBpm>
            <Extensions>
              <ns3:TPX/>
            </Extensions>
          </Trackpoint>
          <Trackpoint>
            <Time>2026-06-15T14:23:29.000Z</Time>
            <DistanceMeters>0.0</DistanceMeters>
            <HeartRateBpm>
              <Value>87</Value>
            </HeartRateBpm>
            <Extensions>
              <ns3:TPX/>
            </Extensions>
          </Trackpoint>
          <Trackpoint>
            <Time>2026-06-15T14:23:31.000Z</Time>
            <DistanceMeters>0.0</DistanceMeters>
            <HeartRateBpm>
              <Value>88</Value>
            </HeartRateBpm>
            <Extensions>
              <ns3:TPX/>
            </Extensions>
          </Trackpoint>
          <Trackpoint>
            <Time>2026-06-15T14:23:33.000Z</Time>
            <DistanceMeters>0.0</DistanceMeters>
            <HeartRateBpm>
              <Value>89</Value>
            </HeartRateBpm>
            <Extensions>
              <ns3:TPX/>
            </Extensions>
          </Trackpoint>
          <Trackpoint>
            <Time>2026-06-15T14:23:34.000Z</Time>
            <DistanceMeters>0.0</DistanceMeters>
            <HeartRateBpm>
              <Value>90</Value>
            </HeartRateBpm>
            <Extensions>
              <ns3:TPX/>
            </Extensions>
          </Trackpoint>
          <Trackpoint>
            <Time>2026-06-15T14:23:36.000Z</Time>
            <DistanceMeters>0.0</DistanceMeters>
            <HeartRateBpm>
              <Value>91</Value>
            </HeartRateBpm>
            <Extensions>
              <ns3:TPX/>
            </Extensions>
          </Trackpoint>
          <Trackpoint>
            <Time>2026-06-15T14:23:47.000Z</Time>
            <DistanceMeters>0.0</DistanceMeters>
            <HeartRateBpm>
              <Value>92</Value>
            </HeartRateBpm>
            <Extensions>
              <ns3:TPX/>
            </Extensions>
          </Trackpoint>
          <Trackpoint>
            <Time>2026-06-15T14:23:51.000Z</Time>
            <DistanceMeters>0.0</DistanceMeters>
            <HeartRateBpm>
              <Value>93</Value>
            </HeartRateBpm>
            <Extensions>
              <ns3:TPX/>
            </Extensions>
          </Trackpoint>
          <Trackpoint>
            <Time>2026-06-15T14:23:58.000Z</Time>
            <DistanceMeters>0.0</DistanceMeters>
            <HeartRateBpm>
              <Value>92</Value>
            </HeartRateBpm>
            <Extensions>
              <ns3:TPX/>
            </Extensions>
          </Trackpoint>
          <Trackpoint>
            <Time>2026-06-15T14:23:59.000Z</Time>
            <DistanceMeters>0.0</DistanceMeters>
            <HeartRateBpm>
              <Value>92</Value>
            </HeartRateBpm>
            <Extensions>
              <ns3:TPX/>
            </Extensions>
          </Trackpoint>
          <Trackpoint>
            <Time>2026-06-15T14:24:00.000Z</Time>
            <DistanceMeters>0.0</DistanceMeters>
            <HeartRateBpm>
              <Value>91</Value>
            </HeartRateBpm>
            <Extensions>
              <ns3:TPX/>
            </Extensions>
          </Trackpoint>
          <Trackpoint>
            <Time>2026-06-15T14:24:01.000Z</Time>
            <DistanceMeters>0.0</DistanceMeters>
            <HeartRateBpm>
              <Value>90</Value>
            </HeartRateBpm>
            <Extensions>
              <ns3:TPX/>
            </Extensions>
          </Trackpoint>
          <Trackpoint>
            <Time>2026-06-15T14:24:03.000Z</Time>
            <DistanceMeters>0.0</DistanceMeters>
            <HeartRateBpm>
              <Value>89</Value>
            </HeartRateBpm>
            <Extensions>
              <ns3:TPX/>
            </Extensions>
          </Trackpoint>
          <Trackpoint>
            <Time>2026-06-15T14:24:04.000Z</Time>
            <DistanceMeters>0.0</DistanceMeters>
            <HeartRateBpm>
              <Value>88</Value>
            </HeartRateBpm>
            <Extensions>
              <ns3:TPX/>
            </Extensions>
          </Trackpoint>
          <Trackpoint>
            <Time>2026-06-15T14:24:07.000Z</Time>
            <DistanceMeters>0.0</DistanceMeters>
            <HeartRateBpm>
              <Value>87</Value>
            </HeartRateBpm>
            <Extensions>
              <ns3:TPX/>
            </Extensions>
          </Trackpoint>
          <Trackpoint>
            <Time>2026-06-15T14:24:11.000Z</Time>
            <DistanceMeters>0.0</DistanceMeters>
            <HeartRateBpm>
              <Value>88</Value>
            </HeartRateBpm>
            <Extensions>
              <ns3:TPX/>
            </Extensions>
          </Trackpoint>
          <Trackpoint>
            <Time>2026-06-15T14:24:14.000Z</Time>
            <DistanceMeters>0.0</DistanceMeters>
            <HeartRateBpm>
              <Value>88</Value>
            </HeartRateBpm>
            <Extensions>
              <ns3:TPX/>
            </Extensions>
          </Trackpoint>
          <Trackpoint>
            <Time>2026-06-15T14:24:15.000Z</Time>
            <DistanceMeters>0.0</DistanceMeters>
            <HeartRateBpm>
              <Value>89</Value>
            </HeartRateBpm>
            <Extensions>
              <ns3:TPX/>
            </Extensions>
          </Trackpoint>
          <Trackpoint>
            <Time>2026-06-15T14:24:18.000Z</Time>
            <DistanceMeters>0.0</DistanceMeters>
            <HeartRateBpm>
              <Value>90</Value>
            </HeartRateBpm>
            <Extensions>
              <ns3:TPX/>
            </Extensions>
          </Trackpoint>
          <Trackpoint>
            <Time>2026-06-15T14:24:19.000Z</Time>
            <DistanceMeters>0.0</DistanceMeters>
            <HeartRateBpm>
              <Value>89</Value>
            </HeartRateBpm>
            <Extensions>
              <ns3:TPX/>
            </Extensions>
          </Trackpoint>
          <Trackpoint>
            <Time>2026-06-15T14:24:23.000Z</Time>
            <DistanceMeters>0.0</DistanceMeters>
            <HeartRateBpm>
              <Value>90</Value>
            </HeartRateBpm>
            <Extensions>
              <ns3:TPX/>
            </Extensions>
          </Trackpoint>
          <Trackpoint>
            <Time>2026-06-15T14:24:27.000Z</Time>
            <DistanceMeters>0.0</DistanceMeters>
            <HeartRateBpm>
              <Value>91</Value>
            </HeartRateBpm>
            <Extensions>
              <ns3:TPX/>
            </Extensions>
          </Trackpoint>
          <Trackpoint>
            <Time>2026-06-15T14:24:28.000Z</Time>
            <DistanceMeters>0.0</DistanceMeters>
            <HeartRateBpm>
              <Value>92</Value>
            </HeartRateBpm>
            <Extensions>
              <ns3:TPX/>
            </Extensions>
          </Trackpoint>
          <Trackpoint>
            <Time>2026-06-15T14:24:29.000Z</Time>
            <DistanceMeters>0.0</DistanceMeters>
            <HeartRateBpm>
              <Value>93</Value>
            </HeartRateBpm>
            <Extensions>
              <ns3:TPX/>
            </Extensions>
          </Trackpoint>
          <Trackpoint>
            <Time>2026-06-15T14:24:31.000Z</Time>
            <DistanceMeters>0.0</DistanceMeters>
            <HeartRateBpm>
              <Value>94</Value>
            </HeartRateBpm>
            <Extensions>
              <ns3:TPX/>
            </Extensions>
          </Trackpoint>
          <Trackpoint>
            <Time>2026-06-15T14:24:32.000Z</Time>
            <DistanceMeters>0.0</DistanceMeters>
            <HeartRateBpm>
              <Value>95</Value>
            </HeartRateBpm>
            <Extensions>
              <ns3:TPX/>
            </Extensions>
          </Trackpoint>
          <Trackpoint>
            <Time>2026-06-15T14:24:33.000Z</Time>
            <DistanceMeters>0.0</DistanceMeters>
            <HeartRateBpm>
              <Value>96</Value>
            </HeartRateBpm>
            <Extensions>
              <ns3:TPX/>
            </Extensions>
          </Trackpoint>
          <Trackpoint>
            <Time>2026-06-15T14:24:38.000Z</Time>
            <DistanceMeters>0.0</DistanceMeters>
            <HeartRateBpm>
              <Value>95</Value>
            </HeartRateBpm>
            <Extensions>
              <ns3:TPX/>
            </Extensions>
          </Trackpoint>
          <Trackpoint>
            <Time>2026-06-15T14:24:42.000Z</Time>
            <DistanceMeters>0.0</DistanceMeters>
            <HeartRateBpm>
              <Value>96</Value>
            </HeartRateBpm>
            <Extensions>
              <ns3:TPX/>
            </Extensions>
          </Trackpoint>
          <Trackpoint>
            <Time>2026-06-15T14:24:44.000Z</Time>
            <DistanceMeters>0.0</DistanceMeters>
            <HeartRateBpm>
              <Value>97</Value>
            </HeartRateBpm>
            <Extensions>
              <ns3:TPX/>
            </Extensions>
          </Trackpoint>
          <Trackpoint>
            <Time>2026-06-15T14:24:48.000Z</Time>
            <DistanceMeters>0.0</DistanceMeters>
            <HeartRateBpm>
              <Value>95</Value>
            </HeartRateBpm>
            <Extensions>
              <ns3:TPX/>
            </Extensions>
          </Trackpoint>
          <Trackpoint>
            <Time>2026-06-15T14:24:49.000Z</Time>
            <DistanceMeters>0.0</DistanceMeters>
            <HeartRateBpm>
              <Value>90</Value>
            </HeartRateBpm>
            <Extensions>
              <ns3:TPX/>
            </Extensions>
          </Trackpoint>
          <Trackpoint>
            <Time>2026-06-15T14:24:50.000Z</Time>
            <DistanceMeters>0.0</DistanceMeters>
            <HeartRateBpm>
              <Value>88</Value>
            </HeartRateBpm>
            <Extensions>
              <ns3:TPX/>
            </Extensions>
          </Trackpoint>
          <Trackpoint>
            <Time>2026-06-15T14:24:53.000Z</Time>
            <DistanceMeters>0.0</DistanceMeters>
            <HeartRateBpm>
              <Value>86</Value>
            </HeartRateBpm>
            <Extensions>
              <ns3:TPX/>
            </Extensions>
          </Trackpoint>
          <Trackpoint>
            <Time>2026-06-15T14:24:54.000Z</Time>
            <DistanceMeters>0.0</DistanceMeters>
            <HeartRateBpm>
              <Value>85</Value>
            </HeartRateBpm>
            <Extensions>
              <ns3:TPX/>
            </Extensions>
          </Trackpoint>
          <Trackpoint>
            <Time>2026-06-15T14:24:56.000Z</Time>
            <DistanceMeters>0.0</DistanceMeters>
            <HeartRateBpm>
              <Value>86</Value>
            </HeartRateBpm>
            <Extensions>
              <ns3:TPX/>
            </Extensions>
          </Trackpoint>
          <Trackpoint>
            <Time>2026-06-15T14:25:03.000Z</Time>
            <DistanceMeters>0.0</DistanceMeters>
            <HeartRateBpm>
              <Value>85</Value>
            </HeartRateBpm>
            <Extensions>
              <ns3:TPX/>
            </Extensions>
          </Trackpoint>
          <Trackpoint>
            <Time>2026-06-15T14:25:04.000Z</Time>
            <DistanceMeters>0.0</DistanceMeters>
            <HeartRateBpm>
              <Value>84</Value>
            </HeartRateBpm>
            <Extensions>
              <ns3:TPX/>
            </Extensions>
          </Trackpoint>
          <Trackpoint>
            <Time>2026-06-15T14:25:05.000Z</Time>
            <DistanceMeters>0.0</DistanceMeters>
            <HeartRateBpm>
              <Value>82</Value>
            </HeartRateBpm>
            <Extensions>
              <ns3:TPX/>
            </Extensions>
          </Trackpoint>
          <Trackpoint>
            <Time>2026-06-15T14:25:06.000Z</Time>
            <DistanceMeters>0.0</DistanceMeters>
            <HeartRateBpm>
              <Value>81</Value>
            </HeartRateBpm>
            <Extensions>
              <ns3:TPX/>
            </Extensions>
          </Trackpoint>
          <Trackpoint>
            <Time>2026-06-15T14:25:07.000Z</Time>
            <DistanceMeters>0.0</DistanceMeters>
            <HeartRateBpm>
              <Value>80</Value>
            </HeartRateBpm>
            <Extensions>
              <ns3:TPX/>
            </Extensions>
          </Trackpoint>
          <Trackpoint>
            <Time>2026-06-15T14:25:15.000Z</Time>
            <DistanceMeters>0.0</DistanceMeters>
            <HeartRateBpm>
              <Value>81</Value>
            </HeartRateBpm>
            <Extensions>
              <ns3:TPX/>
            </Extensions>
          </Trackpoint>
          <Trackpoint>
            <Time>2026-06-15T14:25:18.000Z</Time>
            <DistanceMeters>0.0</DistanceMeters>
            <HeartRateBpm>
              <Value>80</Value>
            </HeartRateBpm>
            <Extensions>
              <ns3:TPX/>
            </Extensions>
          </Trackpoint>
          <Trackpoint>
            <Time>2026-06-15T14:25:24.000Z</Time>
            <DistanceMeters>0.0</DistanceMeters>
            <HeartRateBpm>
              <Value>80</Value>
            </HeartRateBpm>
            <Extensions>
              <ns3:TPX/>
            </Extensions>
          </Trackpoint>
          <Trackpoint>
            <Time>2026-06-15T14:25:25.000Z</Time>
            <DistanceMeters>0.0</DistanceMeters>
            <HeartRateBpm>
              <Value>79</Value>
            </HeartRateBpm>
            <Extensions>
              <ns3:TPX/>
            </Extensions>
          </Trackpoint>
          <Trackpoint>
            <Time>2026-06-15T14:25:29.000Z</Time>
            <DistanceMeters>0.0</DistanceMeters>
            <HeartRateBpm>
              <Value>80</Value>
            </HeartRateBpm>
            <Extensions>
              <ns3:TPX/>
            </Extensions>
          </Trackpoint>
          <Trackpoint>
            <Time>2026-06-15T14:25:30.000Z</Time>
            <DistanceMeters>0.0</DistanceMeters>
            <HeartRateBpm>
              <Value>82</Value>
            </HeartRateBpm>
            <Extensions>
              <ns3:TPX/>
            </Extensions>
          </Trackpoint>
          <Trackpoint>
            <Time>2026-06-15T14:25:31.000Z</Time>
            <DistanceMeters>0.0</DistanceMeters>
            <HeartRateBpm>
              <Value>83</Value>
            </HeartRateBpm>
            <Extensions>
              <ns3:TPX/>
            </Extensions>
          </Trackpoint>
          <Trackpoint>
            <Time>2026-06-15T14:25:32.000Z</Time>
            <DistanceMeters>0.0</DistanceMeters>
            <HeartRateBpm>
              <Value>86</Value>
            </HeartRateBpm>
            <Extensions>
              <ns3:TPX/>
            </Extensions>
          </Trackpoint>
          <Trackpoint>
            <Time>2026-06-15T14:25:34.000Z</Time>
            <DistanceMeters>0.0</DistanceMeters>
            <HeartRateBpm>
              <Value>89</Value>
            </HeartRateBpm>
            <Extensions>
              <ns3:TPX/>
            </Extensions>
          </Trackpoint>
          <Trackpoint>
            <Time>2026-06-15T14:25:35.000Z</Time>
            <DistanceMeters>0.0</DistanceMeters>
            <HeartRateBpm>
              <Value>90</Value>
            </HeartRateBpm>
            <Extensions>
              <ns3:TPX/>
            </Extensions>
          </Trackpoint>
          <Trackpoint>
            <Time>2026-06-15T14:25:40.000Z</Time>
            <DistanceMeters>0.0</DistanceMeters>
            <HeartRateBpm>
              <Value>89</Value>
            </HeartRateBpm>
            <Extensions>
              <ns3:TPX/>
            </Extensions>
          </Trackpoint>
          <Trackpoint>
            <Time>2026-06-15T14:25:41.000Z</Time>
            <DistanceMeters>0.0</DistanceMeters>
            <HeartRateBpm>
              <Value>87</Value>
            </HeartRateBpm>
            <Extensions>
              <ns3:TPX/>
            </Extensions>
          </Trackpoint>
          <Trackpoint>
            <Time>2026-06-15T14:25:43.000Z</Time>
            <DistanceMeters>0.0</DistanceMeters>
            <HeartRateBpm>
              <Value>86</Value>
            </HeartRateBpm>
            <Extensions>
              <ns3:TPX/>
            </Extensions>
          </Trackpoint>
          <Trackpoint>
            <Time>2026-06-15T14:25:46.000Z</Time>
            <DistanceMeters>0.0</DistanceMeters>
            <HeartRateBpm>
              <Value>87</Value>
            </HeartRateBpm>
            <Extensions>
              <ns3:TPX/>
            </Extensions>
          </Trackpoint>
          <Trackpoint>
            <Time>2026-06-15T14:25:48.000Z</Time>
            <DistanceMeters>0.0</DistanceMeters>
            <HeartRateBpm>
              <Value>89</Value>
            </HeartRateBpm>
            <Extensions>
              <ns3:TPX/>
            </Extensions>
          </Trackpoint>
          <Trackpoint>
            <Time>2026-06-15T14:25:49.000Z</Time>
            <DistanceMeters>0.0</DistanceMeters>
            <HeartRateBpm>
              <Value>90</Value>
            </HeartRateBpm>
            <Extensions>
              <ns3:TPX/>
            </Extensions>
          </Trackpoint>
          <Trackpoint>
            <Time>2026-06-15T14:25:58.000Z</Time>
            <DistanceMeters>0.0</DistanceMeters>
            <HeartRateBpm>
              <Value>91</Value>
            </HeartRateBpm>
            <Extensions>
              <ns3:TPX/>
            </Extensions>
          </Trackpoint>
          <Trackpoint>
            <Time>2026-06-15T14:25:59.000Z</Time>
            <DistanceMeters>0.0</DistanceMeters>
            <HeartRateBpm>
              <Value>92</Value>
            </HeartRateBpm>
            <Extensions>
              <ns3:TPX/>
            </Extensions>
          </Trackpoint>
          <Trackpoint>
            <Time>2026-06-15T14:26:01.000Z</Time>
            <DistanceMeters>0.0</DistanceMeters>
            <HeartRateBpm>
              <Value>93</Value>
            </HeartRateBpm>
            <Extensions>
              <ns3:TPX/>
            </Extensions>
          </Trackpoint>
          <Trackpoint>
            <Time>2026-06-15T14:26:04.000Z</Time>
            <DistanceMeters>0.0</DistanceMeters>
            <HeartRateBpm>
              <Value>91</Value>
            </HeartRateBpm>
            <Extensions>
              <ns3:TPX/>
            </Extensions>
          </Trackpoint>
          <Trackpoint>
            <Time>2026-06-15T14:26:05.000Z</Time>
            <DistanceMeters>0.0</DistanceMeters>
            <HeartRateBpm>
              <Value>90</Value>
            </HeartRateBpm>
            <Extensions>
              <ns3:TPX/>
            </Extensions>
          </Trackpoint>
          <Trackpoint>
            <Time>2026-06-15T14:26:06.000Z</Time>
            <DistanceMeters>0.0</DistanceMeters>
            <HeartRateBpm>
              <Value>85</Value>
            </HeartRateBpm>
            <Extensions>
              <ns3:TPX/>
            </Extensions>
          </Trackpoint>
          <Trackpoint>
            <Time>2026-06-15T14:26:07.000Z</Time>
            <DistanceMeters>0.0</DistanceMeters>
            <HeartRateBpm>
              <Value>84</Value>
            </HeartRateBpm>
            <Extensions>
              <ns3:TPX/>
            </Extensions>
          </Trackpoint>
          <Trackpoint>
            <Time>2026-06-15T14:26:08.000Z</Time>
            <DistanceMeters>0.0</DistanceMeters>
            <HeartRateBpm>
              <Value>83</Value>
            </HeartRateBpm>
            <Extensions>
              <ns3:TPX/>
            </Extensions>
          </Trackpoint>
          <Trackpoint>
            <Time>2026-06-15T14:26:09.000Z</Time>
            <DistanceMeters>0.0</DistanceMeters>
            <HeartRateBpm>
              <Value>81</Value>
            </HeartRateBpm>
            <Extensions>
              <ns3:TPX/>
            </Extensions>
          </Trackpoint>
          <Trackpoint>
            <Time>2026-06-15T14:26:11.000Z</Time>
            <DistanceMeters>0.0</DistanceMeters>
            <HeartRateBpm>
              <Value>80</Value>
            </HeartRateBpm>
            <Extensions>
              <ns3:TPX/>
            </Extensions>
          </Trackpoint>
          <Trackpoint>
            <Time>2026-06-15T14:26:14.000Z</Time>
            <DistanceMeters>0.0</DistanceMeters>
            <HeartRateBpm>
              <Value>80</Value>
            </HeartRateBpm>
            <Extensions>
              <ns3:TPX/>
            </Extensions>
          </Trackpoint>
          <Trackpoint>
            <Time>2026-06-15T14:26:16.000Z</Time>
            <DistanceMeters>0.0</DistanceMeters>
            <HeartRateBpm>
              <Value>82</Value>
            </HeartRateBpm>
            <Extensions>
              <ns3:TPX/>
            </Extensions>
          </Trackpoint>
          <Trackpoint>
            <Time>2026-06-15T14:26:17.000Z</Time>
            <DistanceMeters>0.0</DistanceMeters>
            <HeartRateBpm>
              <Value>84</Value>
            </HeartRateBpm>
            <Extensions>
              <ns3:TPX/>
            </Extensions>
          </Trackpoint>
          <Trackpoint>
            <Time>2026-06-15T14:26:18.000Z</Time>
            <DistanceMeters>0.0</DistanceMeters>
            <HeartRateBpm>
              <Value>86</Value>
            </HeartRateBpm>
            <Extensions>
              <ns3:TPX/>
            </Extensions>
          </Trackpoint>
          <Trackpoint>
            <Time>2026-06-15T14:26:19.000Z</Time>
            <DistanceMeters>0.0</DistanceMeters>
            <HeartRateBpm>
              <Value>89</Value>
            </HeartRateBpm>
            <Extensions>
              <ns3:TPX/>
            </Extensions>
          </Trackpoint>
          <Trackpoint>
            <Time>2026-06-15T14:26:20.000Z</Time>
            <DistanceMeters>0.0</DistanceMeters>
            <HeartRateBpm>
              <Value>89</Value>
            </HeartRateBpm>
            <Extensions>
              <ns3:TPX/>
            </Extensions>
          </Trackpoint>
          <Trackpoint>
            <Time>2026-06-15T14:26:26.000Z</Time>
            <DistanceMeters>0.0</DistanceMeters>
            <HeartRateBpm>
              <Value>88</Value>
            </HeartRateBpm>
            <Extensions>
              <ns3:TPX/>
            </Extensions>
          </Trackpoint>
          <Trackpoint>
            <Time>2026-06-15T14:26:28.000Z</Time>
            <DistanceMeters>0.0</DistanceMeters>
            <HeartRateBpm>
              <Value>89</Value>
            </HeartRateBpm>
            <Extensions>
              <ns3:TPX/>
            </Extensions>
          </Trackpoint>
          <Trackpoint>
            <Time>2026-06-15T14:26:29.000Z</Time>
            <DistanceMeters>0.0</DistanceMeters>
            <HeartRateBpm>
              <Value>91</Value>
            </HeartRateBpm>
            <Extensions>
              <ns3:TPX/>
            </Extensions>
          </Trackpoint>
          <Trackpoint>
            <Time>2026-06-15T14:26:30.000Z</Time>
            <DistanceMeters>0.0</DistanceMeters>
            <HeartRateBpm>
              <Value>93</Value>
            </HeartRateBpm>
            <Extensions>
              <ns3:TPX/>
            </Extensions>
          </Trackpoint>
          <Trackpoint>
            <Time>2026-06-15T14:26:31.000Z</Time>
            <DistanceMeters>0.0</DistanceMeters>
            <HeartRateBpm>
              <Value>94</Value>
            </HeartRateBpm>
            <Extensions>
              <ns3:TPX/>
            </Extensions>
          </Trackpoint>
          <Trackpoint>
            <Time>2026-06-15T14:26:32.000Z</Time>
            <DistanceMeters>0.0</DistanceMeters>
            <HeartRateBpm>
              <Value>96</Value>
            </HeartRateBpm>
            <Extensions>
              <ns3:TPX/>
            </Extensions>
          </Trackpoint>
          <Trackpoint>
            <Time>2026-06-15T14:26:33.000Z</Time>
            <DistanceMeters>0.0</DistanceMeters>
            <HeartRateBpm>
              <Value>98</Value>
            </HeartRateBpm>
            <Extensions>
              <ns3:TPX/>
            </Extensions>
          </Trackpoint>
          <Trackpoint>
            <Time>2026-06-15T14:26:40.000Z</Time>
            <DistanceMeters>0.0</DistanceMeters>
            <HeartRateBpm>
              <Value>99</Value>
            </HeartRateBpm>
            <Extensions>
              <ns3:TPX/>
            </Extensions>
          </Trackpoint>
          <Trackpoint>
            <Time>2026-06-15T14:26:44.000Z</Time>
            <DistanceMeters>0.0</DistanceMeters>
            <HeartRateBpm>
              <Value>100</Value>
            </HeartRateBpm>
            <Extensions>
              <ns3:TPX/>
            </Extensions>
          </Trackpoint>
          <Trackpoint>
            <Time>2026-06-15T14:26:48.000Z</Time>
            <DistanceMeters>0.0</DistanceMeters>
            <HeartRateBpm>
              <Value>100</Value>
            </HeartRateBpm>
            <Extensions>
              <ns3:TPX/>
            </Extensions>
          </Trackpoint>
          <Trackpoint>
            <Time>2026-06-15T14:26:49.000Z</Time>
            <DistanceMeters>0.0</DistanceMeters>
            <HeartRateBpm>
              <Value>99</Value>
            </HeartRateBpm>
            <Extensions>
              <ns3:TPX/>
            </Extensions>
          </Trackpoint>
          <Trackpoint>
            <Time>2026-06-15T14:26:50.000Z</Time>
            <DistanceMeters>0.0</DistanceMeters>
            <HeartRateBpm>
              <Value>98</Value>
            </HeartRateBpm>
            <Extensions>
              <ns3:TPX/>
            </Extensions>
          </Trackpoint>
          <Trackpoint>
            <Time>2026-06-15T14:26:51.000Z</Time>
            <DistanceMeters>0.0</DistanceMeters>
            <HeartRateBpm>
              <Value>95</Value>
            </HeartRateBpm>
            <Extensions>
              <ns3:TPX/>
            </Extensions>
          </Trackpoint>
          <Trackpoint>
            <Time>2026-06-15T14:26:52.000Z</Time>
            <DistanceMeters>0.0</DistanceMeters>
            <HeartRateBpm>
              <Value>93</Value>
            </HeartRateBpm>
            <Extensions>
              <ns3:TPX/>
            </Extensions>
          </Trackpoint>
          <Trackpoint>
            <Time>2026-06-15T14:26:53.000Z</Time>
            <DistanceMeters>0.0</DistanceMeters>
            <HeartRateBpm>
              <Value>90</Value>
            </HeartRateBpm>
            <Extensions>
              <ns3:TPX/>
            </Extensions>
          </Trackpoint>
          <Trackpoint>
            <Time>2026-06-15T14:26:54.000Z</Time>
            <DistanceMeters>0.0</DistanceMeters>
            <HeartRateBpm>
              <Value>89</Value>
            </HeartRateBpm>
            <Extensions>
              <ns3:TPX/>
            </Extensions>
          </Trackpoint>
          <Trackpoint>
            <Time>2026-06-15T14:26:59.000Z</Time>
            <DistanceMeters>0.0</DistanceMeters>
            <HeartRateBpm>
              <Value>90</Value>
            </HeartRateBpm>
            <Extensions>
              <ns3:TPX/>
            </Extensions>
          </Trackpoint>
          <Trackpoint>
            <Time>2026-06-15T14:27:00.000Z</Time>
            <DistanceMeters>0.0</DistanceMeters>
            <HeartRateBpm>
              <Value>91</Value>
            </HeartRateBpm>
            <Extensions>
              <ns3:TPX/>
            </Extensions>
          </Trackpoint>
          <Trackpoint>
            <Time>2026-06-15T14:27:04.000Z</Time>
            <DistanceMeters>0.0</DistanceMeters>
            <HeartRateBpm>
              <Value>90</Value>
            </HeartRateBpm>
            <Extensions>
              <ns3:TPX/>
            </Extensions>
          </Trackpoint>
          <Trackpoint>
            <Time>2026-06-15T14:27:05.000Z</Time>
            <DistanceMeters>0.0</DistanceMeters>
            <HeartRateBpm>
              <Value>89</Value>
            </HeartRateBpm>
            <Extensions>
              <ns3:TPX/>
            </Extensions>
          </Trackpoint>
          <Trackpoint>
            <Time>2026-06-15T14:27:06.000Z</Time>
            <DistanceMeters>0.0</DistanceMeters>
            <HeartRateBpm>
              <Value>88</Value>
            </HeartRateBpm>
            <Extensions>
              <ns3:TPX/>
            </Extensions>
          </Trackpoint>
          <Trackpoint>
            <Time>2026-06-15T14:27:07.000Z</Time>
            <DistanceMeters>0.0</DistanceMeters>
            <HeartRateBpm>
              <Value>87</Value>
            </HeartRateBpm>
            <Extensions>
              <ns3:TPX/>
            </Extensions>
          </Trackpoint>
          <Trackpoint>
            <Time>2026-06-15T14:27:08.000Z</Time>
            <DistanceMeters>0.0</DistanceMeters>
            <HeartRateBpm>
              <Value>86</Value>
            </HeartRateBpm>
            <Extensions>
              <ns3:TPX/>
            </Extensions>
          </Trackpoint>
          <Trackpoint>
            <Time>2026-06-15T14:27:09.000Z</Time>
            <DistanceMeters>0.0</DistanceMeters>
            <HeartRateBpm>
              <Value>85</Value>
            </HeartRateBpm>
            <Extensions>
              <ns3:TPX/>
            </Extensions>
          </Trackpoint>
          <Trackpoint>
            <Time>2026-06-15T14:27:10.000Z</Time>
            <DistanceMeters>0.0</DistanceMeters>
            <HeartRateBpm>
              <Value>84</Value>
            </HeartRateBpm>
            <Extensions>
              <ns3:TPX/>
            </Extensions>
          </Trackpoint>
          <Trackpoint>
            <Time>2026-06-15T14:27:12.000Z</Time>
            <DistanceMeters>0.0</DistanceMeters>
            <HeartRateBpm>
              <Value>83</Value>
            </HeartRateBpm>
            <Extensions>
              <ns3:TPX/>
            </Extensions>
          </Trackpoint>
          <Trackpoint>
            <Time>2026-06-15T14:27:15.000Z</Time>
            <DistanceMeters>0.0</DistanceMeters>
            <HeartRateBpm>
              <Value>84</Value>
            </HeartRateBpm>
            <Extensions>
              <ns3:TPX/>
            </Extensions>
          </Trackpoint>
          <Trackpoint>
            <Time>2026-06-15T14:27:22.000Z</Time>
            <DistanceMeters>0.0</DistanceMeters>
            <HeartRateBpm>
              <Value>83</Value>
            </HeartRateBpm>
            <Extensions>
              <ns3:TPX/>
            </Extensions>
          </Trackpoint>
          <Trackpoint>
            <Time>2026-06-15T14:27:23.000Z</Time>
            <DistanceMeters>0.0</DistanceMeters>
            <HeartRateBpm>
              <Value>82</Value>
            </HeartRateBpm>
            <Extensions>
              <ns3:TPX/>
            </Extensions>
          </Trackpoint>
          <Trackpoint>
            <Time>2026-06-15T14:27:24.000Z</Time>
            <DistanceMeters>0.0</DistanceMeters>
            <HeartRateBpm>
              <Value>81</Value>
            </HeartRateBpm>
            <Extensions>
              <ns3:TPX/>
            </Extensions>
          </Trackpoint>
          <Trackpoint>
            <Time>2026-06-15T14:27:25.000Z</Time>
            <DistanceMeters>0.0</DistanceMeters>
            <HeartRateBpm>
              <Value>82</Value>
            </HeartRateBpm>
            <Extensions>
              <ns3:TPX/>
            </Extensions>
          </Trackpoint>
          <Trackpoint>
            <Time>2026-06-15T14:27:27.000Z</Time>
            <DistanceMeters>0.0</DistanceMeters>
            <HeartRateBpm>
              <Value>82</Value>
            </HeartRateBpm>
            <Extensions>
              <ns3:TPX/>
            </Extensions>
          </Trackpoint>
          <Trackpoint>
            <Time>2026-06-15T14:27:28.000Z</Time>
            <DistanceMeters>0.0</DistanceMeters>
            <HeartRateBpm>
              <Value>83</Value>
            </HeartRateBpm>
            <Extensions>
              <ns3:TPX/>
            </Extensions>
          </Trackpoint>
          <Trackpoint>
            <Time>2026-06-15T14:27:29.000Z</Time>
            <DistanceMeters>0.0</DistanceMeters>
            <HeartRateBpm>
              <Value>84</Value>
            </HeartRateBpm>
            <Extensions>
              <ns3:TPX/>
            </Extensions>
          </Trackpoint>
          <Trackpoint>
            <Time>2026-06-15T14:27:31.000Z</Time>
            <DistanceMeters>0.0</DistanceMeters>
            <HeartRateBpm>
              <Value>85</Value>
            </HeartRateBpm>
            <Extensions>
              <ns3:TPX/>
            </Extensions>
          </Trackpoint>
          <Trackpoint>
            <Time>2026-06-15T14:27:34.000Z</Time>
            <DistanceMeters>0.0</DistanceMeters>
            <HeartRateBpm>
              <Value>87</Value>
            </HeartRateBpm>
            <Extensions>
              <ns3:TPX/>
            </Extensions>
          </Trackpoint>
          <Trackpoint>
            <Time>2026-06-15T14:27:35.000Z</Time>
            <DistanceMeters>0.0</DistanceMeters>
            <HeartRateBpm>
              <Value>89</Value>
            </HeartRateBpm>
            <Extensions>
              <ns3:TPX/>
            </Extensions>
          </Trackpoint>
          <Trackpoint>
            <Time>2026-06-15T14:27:38.000Z</Time>
            <DistanceMeters>0.0</DistanceMeters>
            <HeartRateBpm>
              <Value>90</Value>
            </HeartRateBpm>
            <Extensions>
              <ns3:TPX/>
            </Extensions>
          </Trackpoint>
          <Trackpoint>
            <Time>2026-06-15T14:27:41.000Z</Time>
            <DistanceMeters>0.0</DistanceMeters>
            <HeartRateBpm>
              <Value>91</Value>
            </HeartRateBpm>
            <Extensions>
              <ns3:TPX/>
            </Extensions>
          </Trackpoint>
          <Trackpoint>
            <Time>2026-06-15T14:27:44.000Z</Time>
            <DistanceMeters>0.0</DistanceMeters>
            <HeartRateBpm>
              <Value>92</Value>
            </HeartRateBpm>
            <Extensions>
              <ns3:TPX/>
            </Extensions>
          </Trackpoint>
          <Trackpoint>
            <Time>2026-06-15T14:27:46.000Z</Time>
            <DistanceMeters>0.0</DistanceMeters>
            <HeartRateBpm>
              <Value>91</Value>
            </HeartRateBpm>
            <Extensions>
              <ns3:TPX/>
            </Extensions>
          </Trackpoint>
          <Trackpoint>
            <Time>2026-06-15T14:27:54.000Z</Time>
            <DistanceMeters>0.0</DistanceMeters>
            <HeartRateBpm>
              <Value>92</Value>
            </HeartRateBpm>
            <Extensions>
              <ns3:TPX/>
            </Extensions>
          </Trackpoint>
          <Trackpoint>
            <Time>2026-06-15T14:27:57.000Z</Time>
            <DistanceMeters>0.0</DistanceMeters>
            <HeartRateBpm>
              <Value>93</Value>
            </HeartRateBpm>
            <Extensions>
              <ns3:TPX/>
            </Extensions>
          </Trackpoint>
          <Trackpoint>
            <Time>2026-06-15T14:27:58.000Z</Time>
            <DistanceMeters>0.0</DistanceMeters>
            <HeartRateBpm>
              <Value>94</Value>
            </HeartRateBpm>
            <Extensions>
              <ns3:TPX/>
            </Extensions>
          </Trackpoint>
          <Trackpoint>
            <Time>2026-06-15T14:27:59.000Z</Time>
            <DistanceMeters>0.0</DistanceMeters>
            <HeartRateBpm>
              <Value>95</Value>
            </HeartRateBpm>
            <Extensions>
              <ns3:TPX/>
            </Extensions>
          </Trackpoint>
          <Trackpoint>
            <Time>2026-06-15T14:28:06.000Z</Time>
            <DistanceMeters>0.0</DistanceMeters>
            <HeartRateBpm>
              <Value>94</Value>
            </HeartRateBpm>
            <Extensions>
              <ns3:TPX/>
            </Extensions>
          </Trackpoint>
          <Trackpoint>
            <Time>2026-06-15T14:28:07.000Z</Time>
            <DistanceMeters>0.0</DistanceMeters>
            <HeartRateBpm>
              <Value>93</Value>
            </HeartRateBpm>
            <Extensions>
              <ns3:TPX/>
            </Extensions>
          </Trackpoint>
          <Trackpoint>
            <Time>2026-06-15T14:28:08.000Z</Time>
            <DistanceMeters>0.0</DistanceMeters>
            <HeartRateBpm>
              <Value>91</Value>
            </HeartRateBpm>
            <Extensions>
              <ns3:TPX/>
            </Extensions>
          </Trackpoint>
          <Trackpoint>
            <Time>2026-06-15T14:28:09.000Z</Time>
            <DistanceMeters>0.0</DistanceMeters>
            <HeartRateBpm>
              <Value>90</Value>
            </HeartRateBpm>
            <Extensions>
              <ns3:TPX/>
            </Extensions>
          </Trackpoint>
          <Trackpoint>
            <Time>2026-06-15T14:28:10.000Z</Time>
            <DistanceMeters>0.0</DistanceMeters>
            <HeartRateBpm>
              <Value>89</Value>
            </HeartRateBpm>
            <Extensions>
              <ns3:TPX/>
            </Extensions>
          </Trackpoint>
          <Trackpoint>
            <Time>2026-06-15T14:28:11.000Z</Time>
            <DistanceMeters>0.0</DistanceMeters>
            <HeartRateBpm>
              <Value>87</Value>
            </HeartRateBpm>
            <Extensions>
              <ns3:TPX/>
            </Extensions>
          </Trackpoint>
          <Trackpoint>
            <Time>2026-06-15T14:28:12.000Z</Time>
            <DistanceMeters>0.0</DistanceMeters>
            <HeartRateBpm>
              <Value>86</Value>
            </HeartRateBpm>
            <Extensions>
              <ns3:TPX/>
            </Extensions>
          </Trackpoint>
          <Trackpoint>
            <Time>2026-06-15T14:28:16.000Z</Time>
            <DistanceMeters>0.0</DistanceMeters>
            <HeartRateBpm>
              <Value>87</Value>
            </HeartRateBpm>
            <Extensions>
              <ns3:TPX/>
            </Extensions>
          </Trackpoint>
          <Trackpoint>
            <Time>2026-06-15T14:28:17.000Z</Time>
            <DistanceMeters>0.0</DistanceMeters>
            <HeartRateBpm>
              <Value>87</Value>
            </HeartRateBpm>
            <Extensions>
              <ns3:TPX/>
            </Extensions>
          </Trackpoint>
          <Trackpoint>
            <Time>2026-06-15T14:28:18.000Z</Time>
            <DistanceMeters>0.0</DistanceMeters>
            <HeartRateBpm>
              <Value>88</Value>
            </HeartRateBpm>
            <Extensions>
              <ns3:TPX/>
            </Extensions>
          </Trackpoint>
          <Trackpoint>
            <Time>2026-06-15T14:28:21.000Z</Time>
            <DistanceMeters>0.0</DistanceMeters>
            <HeartRateBpm>
              <Value>89</Value>
            </HeartRateBpm>
            <Extensions>
              <ns3:TPX/>
            </Extensions>
          </Trackpoint>
          <Trackpoint>
            <Time>2026-06-15T14:28:22.000Z</Time>
            <DistanceMeters>0.0</DistanceMeters>
            <HeartRateBpm>
              <Value>90</Value>
            </HeartRateBpm>
            <Extensions>
              <ns3:TPX/>
            </Extensions>
          </Trackpoint>
          <Trackpoint>
            <Time>2026-06-15T14:28:23.000Z</Time>
            <DistanceMeters>0.0</DistanceMeters>
            <HeartRateBpm>
              <Value>91</Value>
            </HeartRateBpm>
            <Extensions>
              <ns3:TPX/>
            </Extensions>
          </Trackpoint>
          <Trackpoint>
            <Time>2026-06-15T14:28:25.000Z</Time>
            <DistanceMeters>0.0</DistanceMeters>
            <HeartRateBpm>
              <Value>92</Value>
            </HeartRateBpm>
            <Extensions>
              <ns3:TPX/>
            </Extensions>
          </Trackpoint>
          <Trackpoint>
            <Time>2026-06-15T14:28:27.000Z</Time>
            <DistanceMeters>0.0</DistanceMeters>
            <HeartRateBpm>
              <Value>93</Value>
            </HeartRateBpm>
            <Extensions>
              <ns3:TPX/>
            </Extensions>
          </Trackpoint>
          <Trackpoint>
            <Time>2026-06-15T14:28:28.000Z</Time>
            <DistanceMeters>0.0</DistanceMeters>
            <HeartRateBpm>
              <Value>94</Value>
            </HeartRateBpm>
            <Extensions>
              <ns3:TPX/>
            </Extensions>
          </Trackpoint>
          <Trackpoint>
            <Time>2026-06-15T14:28:29.000Z</Time>
            <DistanceMeters>0.0</DistanceMeters>
            <HeartRateBpm>
              <Value>95</Value>
            </HeartRateBpm>
            <Extensions>
              <ns3:TPX/>
            </Extensions>
          </Trackpoint>
          <Trackpoint>
            <Time>2026-06-15T14:28:30.000Z</Time>
            <DistanceMeters>0.0</DistanceMeters>
            <HeartRateBpm>
              <Value>96</Value>
            </HeartRateBpm>
            <Extensions>
              <ns3:TPX/>
            </Extensions>
          </Trackpoint>
          <Trackpoint>
            <Time>2026-06-15T14:28:31.000Z</Time>
            <DistanceMeters>0.0</DistanceMeters>
            <HeartRateBpm>
              <Value>97</Value>
            </HeartRateBpm>
            <Extensions>
              <ns3:TPX/>
            </Extensions>
          </Trackpoint>
          <Trackpoint>
            <Time>2026-06-15T14:28:33.000Z</Time>
            <DistanceMeters>0.0</DistanceMeters>
            <HeartRateBpm>
              <Value>99</Value>
            </HeartRateBpm>
            <Extensions>
              <ns3:TPX/>
            </Extensions>
          </Trackpoint>
          <Trackpoint>
            <Time>2026-06-15T14:28:35.000Z</Time>
            <DistanceMeters>0.0</DistanceMeters>
            <HeartRateBpm>
              <Value>100</Value>
            </HeartRateBpm>
            <Extensions>
              <ns3:TPX/>
            </Extensions>
          </Trackpoint>
          <Trackpoint>
            <Time>2026-06-15T14:28:37.000Z</Time>
            <DistanceMeters>0.0</DistanceMeters>
            <HeartRateBpm>
              <Value>101</Value>
            </HeartRateBpm>
            <Extensions>
              <ns3:TPX/>
            </Extensions>
          </Trackpoint>
          <Trackpoint>
            <Time>2026-06-15T14:28:41.000Z</Time>
            <DistanceMeters>0.0</DistanceMeters>
            <HeartRateBpm>
              <Value>102</Value>
            </HeartRateBpm>
            <Extensions>
              <ns3:TPX/>
            </Extensions>
          </Trackpoint>
          <Trackpoint>
            <Time>2026-06-15T14:28:45.000Z</Time>
            <DistanceMeters>0.0</DistanceMeters>
            <HeartRateBpm>
              <Value>103</Value>
            </HeartRateBpm>
            <Extensions>
              <ns3:TPX/>
            </Extensions>
          </Trackpoint>
          <Trackpoint>
            <Time>2026-06-15T14:28:48.000Z</Time>
            <DistanceMeters>0.0</DistanceMeters>
            <HeartRateBpm>
              <Value>102</Value>
            </HeartRateBpm>
            <Extensions>
              <ns3:TPX/>
            </Extensions>
          </Trackpoint>
          <Trackpoint>
            <Time>2026-06-15T14:28:50.000Z</Time>
            <DistanceMeters>0.0</DistanceMeters>
            <HeartRateBpm>
              <Value>100</Value>
            </HeartRateBpm>
            <Extensions>
              <ns3:TPX/>
            </Extensions>
          </Trackpoint>
          <Trackpoint>
            <Time>2026-06-15T14:28:51.000Z</Time>
            <DistanceMeters>0.0</DistanceMeters>
            <HeartRateBpm>
              <Value>98</Value>
            </HeartRateBpm>
            <Extensions>
              <ns3:TPX/>
            </Extensions>
          </Trackpoint>
          <Trackpoint>
            <Time>2026-06-15T14:28:52.000Z</Time>
            <DistanceMeters>0.0</DistanceMeters>
            <HeartRateBpm>
              <Value>94</Value>
            </HeartRateBpm>
            <Extensions>
              <ns3:TPX/>
            </Extensions>
          </Trackpoint>
          <Trackpoint>
            <Time>2026-06-15T14:28:53.000Z</Time>
            <DistanceMeters>0.0</DistanceMeters>
            <HeartRateBpm>
              <Value>93</Value>
            </HeartRateBpm>
            <Extensions>
              <ns3:TPX/>
            </Extensions>
          </Trackpoint>
          <Trackpoint>
            <Time>2026-06-15T14:28:54.000Z</Time>
            <DistanceMeters>0.0</DistanceMeters>
            <HeartRateBpm>
              <Value>91</Value>
            </HeartRateBpm>
            <Extensions>
              <ns3:TPX/>
            </Extensions>
          </Trackpoint>
          <Trackpoint>
            <Time>2026-06-15T14:28:56.000Z</Time>
            <DistanceMeters>0.0</DistanceMeters>
            <HeartRateBpm>
              <Value>90</Value>
            </HeartRateBpm>
            <Extensions>
              <ns3:TPX/>
            </Extensions>
          </Trackpoint>
          <Trackpoint>
            <Time>2026-06-15T14:28:57.000Z</Time>
            <DistanceMeters>0.0</DistanceMeters>
            <HeartRateBpm>
              <Value>89</Value>
            </HeartRateBpm>
            <Extensions>
              <ns3:TPX/>
            </Extensions>
          </Trackpoint>
          <Trackpoint>
            <Time>2026-06-15T14:28:59.000Z</Time>
            <DistanceMeters>0.0</DistanceMeters>
            <HeartRateBpm>
              <Value>88</Value>
            </HeartRateBpm>
            <Extensions>
              <ns3:TPX/>
            </Extensions>
          </Trackpoint>
          <Trackpoint>
            <Time>2026-06-15T14:29:00.000Z</Time>
            <DistanceMeters>0.0</DistanceMeters>
            <HeartRateBpm>
              <Value>87</Value>
            </HeartRateBpm>
            <Extensions>
              <ns3:TPX/>
            </Extensions>
          </Trackpoint>
          <Trackpoint>
            <Time>2026-06-15T14:29:01.000Z</Time>
            <DistanceMeters>0.0</DistanceMeters>
            <HeartRateBpm>
              <Value>86</Value>
            </HeartRateBpm>
            <Extensions>
              <ns3:TPX/>
            </Extensions>
          </Trackpoint>
          <Trackpoint>
            <Time>2026-06-15T14:29:02.000Z</Time>
            <DistanceMeters>0.0</DistanceMeters>
            <HeartRateBpm>
              <Value>85</Value>
            </HeartRateBpm>
            <Extensions>
              <ns3:TPX/>
            </Extensions>
          </Trackpoint>
          <Trackpoint>
            <Time>2026-06-15T14:29:03.000Z</Time>
            <DistanceMeters>0.0</DistanceMeters>
            <HeartRateBpm>
              <Value>84</Value>
            </HeartRateBpm>
            <Extensions>
              <ns3:TPX/>
            </Extensions>
          </Trackpoint>
          <Trackpoint>
            <Time>2026-06-15T14:29:05.000Z</Time>
            <DistanceMeters>0.0</DistanceMeters>
            <HeartRateBpm>
              <Value>81</Value>
            </HeartRateBpm>
            <Extensions>
              <ns3:TPX/>
            </Extensions>
          </Trackpoint>
          <Trackpoint>
            <Time>2026-06-15T14:29:09.000Z</Time>
            <DistanceMeters>0.0</DistanceMeters>
            <HeartRateBpm>
              <Value>83</Value>
            </HeartRateBpm>
            <Extensions>
              <ns3:TPX/>
            </Extensions>
          </Trackpoint>
          <Trackpoint>
            <Time>2026-06-15T14:29:12.000Z</Time>
            <DistanceMeters>0.0</DistanceMeters>
            <HeartRateBpm>
              <Value>84</Value>
            </HeartRateBpm>
            <Extensions>
              <ns3:TPX/>
            </Extensions>
          </Trackpoint>
          <Trackpoint>
            <Time>2026-06-15T14:29:16.000Z</Time>
            <DistanceMeters>0.0</DistanceMeters>
            <HeartRateBpm>
              <Value>83</Value>
            </HeartRateBpm>
            <Extensions>
              <ns3:TPX/>
            </Extensions>
          </Trackpoint>
          <Trackpoint>
            <Time>2026-06-15T14:29:17.000Z</Time>
            <DistanceMeters>0.0</DistanceMeters>
            <HeartRateBpm>
              <Value>82</Value>
            </HeartRateBpm>
            <Extensions>
              <ns3:TPX/>
            </Extensions>
          </Trackpoint>
          <Trackpoint>
            <Time>2026-06-15T14:29:20.000Z</Time>
            <DistanceMeters>0.0</DistanceMeters>
            <HeartRateBpm>
              <Value>83</Value>
            </HeartRateBpm>
            <Extensions>
              <ns3:TPX/>
            </Extensions>
          </Trackpoint>
          <Trackpoint>
            <Time>2026-06-15T14:29:22.000Z</Time>
            <DistanceMeters>0.0</DistanceMeters>
            <HeartRateBpm>
              <Value>84</Value>
            </HeartRateBpm>
            <Extensions>
              <ns3:TPX/>
            </Extensions>
          </Trackpoint>
          <Trackpoint>
            <Time>2026-06-15T14:29:24.000Z</Time>
            <DistanceMeters>0.0</DistanceMeters>
            <HeartRateBpm>
              <Value>85</Value>
            </HeartRateBpm>
            <Extensions>
              <ns3:TPX/>
            </Extensions>
          </Trackpoint>
          <Trackpoint>
            <Time>2026-06-15T14:29:27.000Z</Time>
            <DistanceMeters>0.0</DistanceMeters>
            <HeartRateBpm>
              <Value>86</Value>
            </HeartRateBpm>
            <Extensions>
              <ns3:TPX/>
            </Extensions>
          </Trackpoint>
          <Trackpoint>
            <Time>2026-06-15T14:29:28.000Z</Time>
            <DistanceMeters>0.0</DistanceMeters>
            <HeartRateBpm>
              <Value>86</Value>
            </HeartRateBpm>
            <Extensions>
              <ns3:TPX/>
            </Extensions>
          </Trackpoint>
          <Trackpoint>
            <Time>2026-06-15T14:29:29.000Z</Time>
            <DistanceMeters>0.0</DistanceMeters>
            <HeartRateBpm>
              <Value>87</Value>
            </HeartRateBpm>
            <Extensions>
              <ns3:TPX/>
            </Extensions>
          </Trackpoint>
          <Trackpoint>
            <Time>2026-06-15T14:29:30.000Z</Time>
            <DistanceMeters>0.0</DistanceMeters>
            <HeartRateBpm>
              <Value>88</Value>
            </HeartRateBpm>
            <Extensions>
              <ns3:TPX/>
            </Extensions>
          </Trackpoint>
          <Trackpoint>
            <Time>2026-06-15T14:29:31.000Z</Time>
            <DistanceMeters>0.0</DistanceMeters>
            <HeartRateBpm>
              <Value>89</Value>
            </HeartRateBpm>
            <Extensions>
              <ns3:TPX/>
            </Extensions>
          </Trackpoint>
          <Trackpoint>
            <Time>2026-06-15T14:29:32.000Z</Time>
            <DistanceMeters>0.0</DistanceMeters>
            <HeartRateBpm>
              <Value>91</Value>
            </HeartRateBpm>
            <Extensions>
              <ns3:TPX/>
            </Extensions>
          </Trackpoint>
          <Trackpoint>
            <Time>2026-06-15T14:29:36.000Z</Time>
            <DistanceMeters>0.0</DistanceMeters>
            <HeartRateBpm>
              <Value>90</Value>
            </HeartRateBpm>
            <Extensions>
              <ns3:TPX/>
            </Extensions>
          </Trackpoint>
          <Trackpoint>
            <Time>2026-06-15T14:29:39.000Z</Time>
            <DistanceMeters>0.0</DistanceMeters>
            <HeartRateBpm>
              <Value>92</Value>
            </HeartRateBpm>
            <Extensions>
              <ns3:TPX/>
            </Extensions>
          </Trackpoint>
          <Trackpoint>
            <Time>2026-06-15T14:29:40.000Z</Time>
            <DistanceMeters>0.0</DistanceMeters>
            <HeartRateBpm>
              <Value>90</Value>
            </HeartRateBpm>
            <Extensions>
              <ns3:TPX/>
            </Extensions>
          </Trackpoint>
          <Trackpoint>
            <Time>2026-06-15T14:29:41.000Z</Time>
            <DistanceMeters>0.0</DistanceMeters>
            <HeartRateBpm>
              <Value>89</Value>
            </HeartRateBpm>
            <Extensions>
              <ns3:TPX/>
            </Extensions>
          </Trackpoint>
          <Trackpoint>
            <Time>2026-06-15T14:29:43.000Z</Time>
            <DistanceMeters>0.0</DistanceMeters>
            <HeartRateBpm>
              <Value>90</Value>
            </HeartRateBpm>
            <Extensions>
              <ns3:TPX/>
            </Extensions>
          </Trackpoint>
          <Trackpoint>
            <Time>2026-06-15T14:29:57.000Z</Time>
            <DistanceMeters>0.0</DistanceMeters>
            <HeartRateBpm>
              <Value>91</Value>
            </HeartRateBpm>
            <Extensions>
              <ns3:TPX/>
            </Extensions>
          </Trackpoint>
          <Trackpoint>
            <Time>2026-06-15T14:29:58.000Z</Time>
            <DistanceMeters>0.0</DistanceMeters>
            <HeartRateBpm>
              <Value>92</Value>
            </HeartRateBpm>
            <Extensions>
              <ns3:TPX/>
            </Extensions>
          </Trackpoint>
          <Trackpoint>
            <Time>2026-06-15T14:29:59.000Z</Time>
            <DistanceMeters>0.0</DistanceMeters>
            <HeartRateBpm>
              <Value>94</Value>
            </HeartRateBpm>
            <Extensions>
              <ns3:TPX/>
            </Extensions>
          </Trackpoint>
          <Trackpoint>
            <Time>2026-06-15T14:30:03.000Z</Time>
            <DistanceMeters>0.0</DistanceMeters>
            <HeartRateBpm>
              <Value>93</Value>
            </HeartRateBpm>
            <Extensions>
              <ns3:TPX/>
            </Extensions>
          </Trackpoint>
          <Trackpoint>
            <Time>2026-06-15T14:30:04.000Z</Time>
            <DistanceMeters>0.0</DistanceMeters>
            <HeartRateBpm>
              <Value>94</Value>
            </HeartRateBpm>
            <Extensions>
              <ns3:TPX/>
            </Extensions>
          </Trackpoint>
          <Trackpoint>
            <Time>2026-06-15T14:30:07.000Z</Time>
            <DistanceMeters>0.0</DistanceMeters>
            <HeartRateBpm>
              <Value>93</Value>
            </HeartRateBpm>
            <Extensions>
              <ns3:TPX/>
            </Extensions>
          </Trackpoint>
          <Trackpoint>
            <Time>2026-06-15T14:30:10.000Z</Time>
            <DistanceMeters>0.0</DistanceMeters>
            <HeartRateBpm>
              <Value>92</Value>
            </HeartRateBpm>
            <Extensions>
              <ns3:TPX/>
            </Extensions>
          </Trackpoint>
          <Trackpoint>
            <Time>2026-06-15T14:30:12.000Z</Time>
            <DistanceMeters>0.0</DistanceMeters>
            <HeartRateBpm>
              <Value>90</Value>
            </HeartRateBpm>
            <Extensions>
              <ns3:TPX/>
            </Extensions>
          </Trackpoint>
          <Trackpoint>
            <Time>2026-06-15T14:30:13.000Z</Time>
            <DistanceMeters>0.0</DistanceMeters>
            <HeartRateBpm>
              <Value>89</Value>
            </HeartRateBpm>
            <Extensions>
              <ns3:TPX/>
            </Extensions>
          </Trackpoint>
          <Trackpoint>
            <Time>2026-06-15T14:30:15.000Z</Time>
            <DistanceMeters>0.0</DistanceMeters>
            <HeartRateBpm>
              <Value>88</Value>
            </HeartRateBpm>
            <Extensions>
              <ns3:TPX/>
            </Extensions>
          </Trackpoint>
          <Trackpoint>
            <Time>2026-06-15T14:30:16.000Z</Time>
            <DistanceMeters>0.0</DistanceMeters>
            <HeartRateBpm>
              <Value>86</Value>
            </HeartRateBpm>
            <Extensions>
              <ns3:TPX/>
            </Extensions>
          </Trackpoint>
          <Trackpoint>
            <Time>2026-06-15T14:30:17.000Z</Time>
            <DistanceMeters>0.0</DistanceMeters>
            <HeartRateBpm>
              <Value>84</Value>
            </HeartRateBpm>
            <Extensions>
              <ns3:TPX/>
            </Extensions>
          </Trackpoint>
          <Trackpoint>
            <Time>2026-06-15T14:30:18.000Z</Time>
            <DistanceMeters>0.0</DistanceMeters>
            <HeartRateBpm>
              <Value>83</Value>
            </HeartRateBpm>
            <Extensions>
              <ns3:TPX/>
            </Extensions>
          </Trackpoint>
          <Trackpoint>
            <Time>2026-06-15T14:30:19.000Z</Time>
            <DistanceMeters>0.0</DistanceMeters>
            <HeartRateBpm>
              <Value>80</Value>
            </HeartRateBpm>
            <Extensions>
              <ns3:TPX/>
            </Extensions>
          </Trackpoint>
          <Trackpoint>
            <Time>2026-06-15T14:30:23.000Z</Time>
            <DistanceMeters>0.0</DistanceMeters>
            <HeartRateBpm>
              <Value>84</Value>
            </HeartRateBpm>
            <Extensions>
              <ns3:TPX/>
            </Extensions>
          </Trackpoint>
          <Trackpoint>
            <Time>2026-06-15T14:30:24.000Z</Time>
            <DistanceMeters>0.0</DistanceMeters>
            <HeartRateBpm>
              <Value>85</Value>
            </HeartRateBpm>
            <Extensions>
              <ns3:TPX/>
            </Extensions>
          </Trackpoint>
          <Trackpoint>
            <Time>2026-06-15T14:30:25.000Z</Time>
            <DistanceMeters>0.0</DistanceMeters>
            <HeartRateBpm>
              <Value>87</Value>
            </HeartRateBpm>
            <Extensions>
              <ns3:TPX/>
            </Extensions>
          </Trackpoint>
          <Trackpoint>
            <Time>2026-06-15T14:30:26.000Z</Time>
            <DistanceMeters>0.0</DistanceMeters>
            <HeartRateBpm>
              <Value>88</Value>
            </HeartRateBpm>
            <Extensions>
              <ns3:TPX/>
            </Extensions>
          </Trackpoint>
          <Trackpoint>
            <Time>2026-06-15T14:30:27.000Z</Time>
            <DistanceMeters>0.0</DistanceMeters>
            <HeartRateBpm>
              <Value>89</Value>
            </HeartRateBpm>
            <Extensions>
              <ns3:TPX/>
            </Extensions>
          </Trackpoint>
          <Trackpoint>
            <Time>2026-06-15T14:30:31.000Z</Time>
            <DistanceMeters>0.0</DistanceMeters>
            <HeartRateBpm>
              <Value>90</Value>
            </HeartRateBpm>
            <Extensions>
              <ns3:TPX/>
            </Extensions>
          </Trackpoint>
          <Trackpoint>
            <Time>2026-06-15T14:30:32.000Z</Time>
            <DistanceMeters>0.0</DistanceMeters>
            <HeartRateBpm>
              <Value>91</Value>
            </HeartRateBpm>
            <Extensions>
              <ns3:TPX/>
            </Extensions>
          </Trackpoint>
          <Trackpoint>
            <Time>2026-06-15T14:30:33.000Z</Time>
            <DistanceMeters>0.0</DistanceMeters>
            <HeartRateBpm>
              <Value>92</Value>
            </HeartRateBpm>
            <Extensions>
              <ns3:TPX/>
            </Extensions>
          </Trackpoint>
          <Trackpoint>
            <Time>2026-06-15T14:30:34.000Z</Time>
            <DistanceMeters>0.0</DistanceMeters>
            <HeartRateBpm>
              <Value>94</Value>
            </HeartRateBpm>
            <Extensions>
              <ns3:TPX/>
            </Extensions>
          </Trackpoint>
          <Trackpoint>
            <Time>2026-06-15T14:30:36.000Z</Time>
            <DistanceMeters>0.0</DistanceMeters>
            <HeartRateBpm>
              <Value>95</Value>
            </HeartRateBpm>
            <Extensions>
              <ns3:TPX/>
            </Extensions>
          </Trackpoint>
          <Trackpoint>
            <Time>2026-06-15T14:30:40.000Z</Time>
            <DistanceMeters>0.0</DistanceMeters>
            <HeartRateBpm>
              <Value>96</Value>
            </HeartRateBpm>
            <Extensions>
              <ns3:TPX/>
            </Extensions>
          </Trackpoint>
          <Trackpoint>
            <Time>2026-06-15T14:30:43.000Z</Time>
            <DistanceMeters>0.0</DistanceMeters>
            <HeartRateBpm>
              <Value>97</Value>
            </HeartRateBpm>
            <Extensions>
              <ns3:TPX/>
            </Extensions>
          </Trackpoint>
          <Trackpoint>
            <Time>2026-06-15T14:30:45.000Z</Time>
            <DistanceMeters>0.0</DistanceMeters>
            <HeartRateBpm>
              <Value>98</Value>
            </HeartRateBpm>
            <Extensions>
              <ns3:TPX/>
            </Extensions>
          </Trackpoint>
          <Trackpoint>
            <Time>2026-06-15T14:30:51.000Z</Time>
            <DistanceMeters>0.0</DistanceMeters>
            <HeartRateBpm>
              <Value>97</Value>
            </HeartRateBpm>
            <Extensions>
              <ns3:TPX/>
            </Extensions>
          </Trackpoint>
          <Trackpoint>
            <Time>2026-06-15T14:30:53.000Z</Time>
            <DistanceMeters>0.0</DistanceMeters>
            <HeartRateBpm>
              <Value>96</Value>
            </HeartRateBpm>
            <Extensions>
              <ns3:TPX/>
            </Extensions>
          </Trackpoint>
          <Trackpoint>
            <Time>2026-06-15T14:30:54.000Z</Time>
            <DistanceMeters>0.0</DistanceMeters>
            <HeartRateBpm>
              <Value>94</Value>
            </HeartRateBpm>
            <Extensions>
              <ns3:TPX/>
            </Extensions>
          </Trackpoint>
          <Trackpoint>
            <Time>2026-06-15T14:30:55.000Z</Time>
            <DistanceMeters>0.0</DistanceMeters>
            <HeartRateBpm>
              <Value>93</Value>
            </HeartRateBpm>
            <Extensions>
              <ns3:TPX/>
            </Extensions>
          </Trackpoint>
          <Trackpoint>
            <Time>2026-06-15T14:30:56.000Z</Time>
            <DistanceMeters>0.0</DistanceMeters>
            <HeartRateBpm>
              <Value>92</Value>
            </HeartRateBpm>
            <Extensions>
              <ns3:TPX/>
            </Extensions>
          </Trackpoint>
          <Trackpoint>
            <Time>2026-06-15T14:30:57.000Z</Time>
            <DistanceMeters>0.0</DistanceMeters>
            <HeartRateBpm>
              <Value>91</Value>
            </HeartRateBpm>
            <Extensions>
              <ns3:TPX/>
            </Extensions>
          </Trackpoint>
          <Trackpoint>
            <Time>2026-06-15T14:31:02.000Z</Time>
            <DistanceMeters>0.0</DistanceMeters>
            <HeartRateBpm>
              <Value>92</Value>
            </HeartRateBpm>
            <Extensions>
              <ns3:TPX/>
            </Extensions>
          </Trackpoint>
          <Trackpoint>
            <Time>2026-06-15T14:31:04.000Z</Time>
            <DistanceMeters>0.0</DistanceMeters>
            <HeartRateBpm>
              <Value>91</Value>
            </HeartRateBpm>
            <Extensions>
              <ns3:TPX/>
            </Extensions>
          </Trackpoint>
          <Trackpoint>
            <Time>2026-06-15T14:31:06.000Z</Time>
            <DistanceMeters>0.0</DistanceMeters>
            <HeartRateBpm>
              <Value>90</Value>
            </HeartRateBpm>
            <Extensions>
              <ns3:TPX/>
            </Extensions>
          </Trackpoint>
          <Trackpoint>
            <Time>2026-06-15T14:31:07.000Z</Time>
            <DistanceMeters>0.0</DistanceMeters>
            <HeartRateBpm>
              <Value>89</Value>
            </HeartRateBpm>
            <Extensions>
              <ns3:TPX/>
            </Extensions>
          </Trackpoint>
          <Trackpoint>
            <Time>2026-06-15T14:31:08.000Z</Time>
            <DistanceMeters>0.0</DistanceMeters>
            <HeartRateBpm>
              <Value>86</Value>
            </HeartRateBpm>
            <Extensions>
              <ns3:TPX/>
            </Extensions>
          </Trackpoint>
          <Trackpoint>
            <Time>2026-06-15T14:31:09.000Z</Time>
            <DistanceMeters>0.0</DistanceMeters>
            <HeartRateBpm>
              <Value>85</Value>
            </HeartRateBpm>
            <Extensions>
              <ns3:TPX/>
            </Extensions>
          </Trackpoint>
          <Trackpoint>
            <Time>2026-06-15T14:31:11.000Z</Time>
            <DistanceMeters>0.0</DistanceMeters>
            <HeartRateBpm>
              <Value>84</Value>
            </HeartRateBpm>
            <Extensions>
              <ns3:TPX/>
            </Extensions>
          </Trackpoint>
          <Trackpoint>
            <Time>2026-06-15T14:31:12.000Z</Time>
            <DistanceMeters>0.0</DistanceMeters>
            <HeartRateBpm>
              <Value>83</Value>
            </HeartRateBpm>
            <Extensions>
              <ns3:TPX/>
            </Extensions>
          </Trackpoint>
          <Trackpoint>
            <Time>2026-06-15T14:31:13.000Z</Time>
            <DistanceMeters>0.0</DistanceMeters>
            <HeartRateBpm>
              <Value>82</Value>
            </HeartRateBpm>
            <Extensions>
              <ns3:TPX/>
            </Extensions>
          </Trackpoint>
          <Trackpoint>
            <Time>2026-06-15T14:31:16.000Z</Time>
            <DistanceMeters>0.0</DistanceMeters>
            <HeartRateBpm>
              <Value>81</Value>
            </HeartRateBpm>
            <Extensions>
              <ns3:TPX/>
            </Extensions>
          </Trackpoint>
          <Trackpoint>
            <Time>2026-06-15T14:31:17.000Z</Time>
            <DistanceMeters>0.0</DistanceMeters>
            <HeartRateBpm>
              <Value>80</Value>
            </HeartRateBpm>
            <Extensions>
              <ns3:TPX/>
            </Extensions>
          </Trackpoint>
          <Trackpoint>
            <Time>2026-06-15T14:31:22.000Z</Time>
            <DistanceMeters>0.0</DistanceMeters>
            <HeartRateBpm>
              <Value>81</Value>
            </HeartRateBpm>
            <Extensions>
              <ns3:TPX/>
            </Extensions>
          </Trackpoint>
          <Trackpoint>
            <Time>2026-06-15T14:31:25.000Z</Time>
            <DistanceMeters>0.0</DistanceMeters>
            <HeartRateBpm>
              <Value>82</Value>
            </HeartRateBpm>
            <Extensions>
              <ns3:TPX/>
            </Extensions>
          </Trackpoint>
          <Trackpoint>
            <Time>2026-06-15T14:31:28.000Z</Time>
            <DistanceMeters>0.0</DistanceMeters>
            <HeartRateBpm>
              <Value>83</Value>
            </HeartRateBpm>
            <Extensions>
              <ns3:TPX/>
            </Extensions>
          </Trackpoint>
          <Trackpoint>
            <Time>2026-06-15T14:31:29.000Z</Time>
            <DistanceMeters>0.0</DistanceMeters>
            <HeartRateBpm>
              <Value>85</Value>
            </HeartRateBpm>
            <Extensions>
              <ns3:TPX/>
            </Extensions>
          </Trackpoint>
          <Trackpoint>
            <Time>2026-06-15T14:31:30.000Z</Time>
            <DistanceMeters>0.0</DistanceMeters>
            <HeartRateBpm>
              <Value>87</Value>
            </HeartRateBpm>
            <Extensions>
              <ns3:TPX/>
            </Extensions>
          </Trackpoint>
          <Trackpoint>
            <Time>2026-06-15T14:31:33.000Z</Time>
            <DistanceMeters>0.0</DistanceMeters>
            <HeartRateBpm>
              <Value>88</Value>
            </HeartRateBpm>
            <Extensions>
              <ns3:TPX/>
            </Extensions>
          </Trackpoint>
          <Trackpoint>
            <Time>2026-06-15T14:31:34.000Z</Time>
            <DistanceMeters>0.0</DistanceMeters>
            <HeartRateBpm>
              <Value>87</Value>
            </HeartRateBpm>
            <Extensions>
              <ns3:TPX/>
            </Extensions>
          </Trackpoint>
          <Trackpoint>
            <Time>2026-06-15T14:31:40.000Z</Time>
            <DistanceMeters>0.0</DistanceMeters>
            <HeartRateBpm>
              <Value>88</Value>
            </HeartRateBpm>
            <Extensions>
              <ns3:TPX/>
            </Extensions>
          </Trackpoint>
          <Trackpoint>
            <Time>2026-06-15T14:31:43.000Z</Time>
            <DistanceMeters>0.0</DistanceMeters>
            <HeartRateBpm>
              <Value>89</Value>
            </HeartRateBpm>
            <Extensions>
              <ns3:TPX/>
            </Extensions>
          </Trackpoint>
          <Trackpoint>
            <Time>2026-06-15T14:31:51.000Z</Time>
            <DistanceMeters>0.0</DistanceMeters>
            <HeartRateBpm>
              <Value>91</Value>
            </HeartRateBpm>
            <Extensions>
              <ns3:TPX/>
            </Extensions>
          </Trackpoint>
          <Trackpoint>
            <Time>2026-06-15T14:31:54.000Z</Time>
            <DistanceMeters>0.0</DistanceMeters>
            <HeartRateBpm>
              <Value>92</Value>
            </HeartRateBpm>
            <Extensions>
              <ns3:TPX/>
            </Extensions>
          </Trackpoint>
          <Trackpoint>
            <Time>2026-06-15T14:32:07.000Z</Time>
            <DistanceMeters>0.0</DistanceMeters>
            <HeartRateBpm>
              <Value>93</Value>
            </HeartRateBpm>
            <Extensions>
              <ns3:TPX/>
            </Extensions>
          </Trackpoint>
          <Trackpoint>
            <Time>2026-06-15T14:32:08.000Z</Time>
            <DistanceMeters>0.0</DistanceMeters>
            <HeartRateBpm>
              <Value>94</Value>
            </HeartRateBpm>
            <Extensions>
              <ns3:TPX/>
            </Extensions>
          </Trackpoint>
          <Trackpoint>
            <Time>2026-06-15T14:32:10.000Z</Time>
            <DistanceMeters>0.0</DistanceMeters>
            <HeartRateBpm>
              <Value>94</Value>
            </HeartRateBpm>
            <Extensions>
              <ns3:TPX/>
            </Extensions>
          </Trackpoint>
          <Trackpoint>
            <Time>2026-06-15T14:32:12.000Z</Time>
            <DistanceMeters>0.0</DistanceMeters>
            <HeartRateBpm>
              <Value>93</Value>
            </HeartRateBpm>
            <Extensions>
              <ns3:TPX/>
            </Extensions>
          </Trackpoint>
          <Trackpoint>
            <Time>2026-06-15T14:32:13.000Z</Time>
            <DistanceMeters>0.0</DistanceMeters>
            <HeartRateBpm>
              <Value>93</Value>
            </HeartRateBpm>
            <Extensions>
              <ns3:TPX/>
            </Extensions>
          </Trackpoint>
          <Trackpoint>
            <Time>2026-06-15T14:32:14.000Z</Time>
            <DistanceMeters>0.0</DistanceMeters>
            <HeartRateBpm>
              <Value>91</Value>
            </HeartRateBpm>
            <Extensions>
              <ns3:TPX/>
            </Extensions>
          </Trackpoint>
          <Trackpoint>
            <Time>2026-06-15T14:32:15.000Z</Time>
            <DistanceMeters>0.0</DistanceMeters>
            <HeartRateBpm>
              <Value>88</Value>
            </HeartRateBpm>
            <Extensions>
              <ns3:TPX/>
            </Extensions>
          </Trackpoint>
          <Trackpoint>
            <Time>2026-06-15T14:32:16.000Z</Time>
            <DistanceMeters>0.0</DistanceMeters>
            <HeartRateBpm>
              <Value>85</Value>
            </HeartRateBpm>
            <Extensions>
              <ns3:TPX/>
            </Extensions>
          </Trackpoint>
          <Trackpoint>
            <Time>2026-06-15T14:32:17.000Z</Time>
            <DistanceMeters>0.0</DistanceMeters>
            <HeartRateBpm>
              <Value>81</Value>
            </HeartRateBpm>
            <Extensions>
              <ns3:TPX/>
            </Extensions>
          </Trackpoint>
          <Trackpoint>
            <Time>2026-06-15T14:32:18.000Z</Time>
            <DistanceMeters>0.0</DistanceMeters>
            <HeartRateBpm>
              <Value>77</Value>
            </HeartRateBpm>
            <Extensions>
              <ns3:TPX/>
            </Extensions>
          </Trackpoint>
          <Trackpoint>
            <Time>2026-06-15T14:32:19.000Z</Time>
            <DistanceMeters>0.0</DistanceMeters>
            <HeartRateBpm>
              <Value>77</Value>
            </HeartRateBpm>
            <Extensions>
              <ns3:TPX/>
            </Extensions>
          </Trackpoint>
          <Trackpoint>
            <Time>2026-06-15T14:32:20.000Z</Time>
            <DistanceMeters>0.0</DistanceMeters>
            <HeartRateBpm>
              <Value>77</Value>
            </HeartRateBpm>
            <Extensions>
              <ns3:TPX/>
            </Extensions>
          </Trackpoint>
          <Trackpoint>
            <Time>2026-06-15T14:32:23.000Z</Time>
            <DistanceMeters>0.0</DistanceMeters>
            <HeartRateBpm>
              <Value>80</Value>
            </HeartRateBpm>
            <Extensions>
              <ns3:TPX/>
            </Extensions>
          </Trackpoint>
          <Trackpoint>
            <Time>2026-06-15T14:32:24.000Z</Time>
            <DistanceMeters>0.0</DistanceMeters>
            <HeartRateBpm>
              <Value>81</Value>
            </HeartRateBpm>
            <Extensions>
              <ns3:TPX/>
            </Extensions>
          </Trackpoint>
          <Trackpoint>
            <Time>2026-06-15T14:32:25.000Z</Time>
            <DistanceMeters>0.0</DistanceMeters>
            <HeartRateBpm>
              <Value>82</Value>
            </HeartRateBpm>
            <Extensions>
              <ns3:TPX/>
            </Extensions>
          </Trackpoint>
          <Trackpoint>
            <Time>2026-06-15T14:32:26.000Z</Time>
            <DistanceMeters>0.0</DistanceMeters>
            <HeartRateBpm>
              <Value>84</Value>
            </HeartRateBpm>
            <Extensions>
              <ns3:TPX/>
            </Extensions>
          </Trackpoint>
          <Trackpoint>
            <Time>2026-06-15T14:32:29.000Z</Time>
            <DistanceMeters>0.0</DistanceMeters>
            <HeartRateBpm>
              <Value>85</Value>
            </HeartRateBpm>
            <Extensions>
              <ns3:TPX/>
            </Extensions>
          </Trackpoint>
          <Trackpoint>
            <Time>2026-06-15T14:32:30.000Z</Time>
            <DistanceMeters>0.0</DistanceMeters>
            <HeartRateBpm>
              <Value>86</Value>
            </HeartRateBpm>
            <Extensions>
              <ns3:TPX/>
            </Extensions>
          </Trackpoint>
          <Trackpoint>
            <Time>2026-06-15T14:32:31.000Z</Time>
            <DistanceMeters>0.0</DistanceMeters>
            <HeartRateBpm>
              <Value>87</Value>
            </HeartRateBpm>
            <Extensions>
              <ns3:TPX/>
            </Extensions>
          </Trackpoint>
          <Trackpoint>
            <Time>2026-06-15T14:32:33.000Z</Time>
            <DistanceMeters>0.0</DistanceMeters>
            <HeartRateBpm>
              <Value>88</Value>
            </HeartRateBpm>
            <Extensions>
              <ns3:TPX/>
            </Extensions>
          </Trackpoint>
          <Trackpoint>
            <Time>2026-06-15T14:32:37.000Z</Time>
            <DistanceMeters>0.0</DistanceMeters>
            <HeartRateBpm>
              <Value>89</Value>
            </HeartRateBpm>
            <Extensions>
              <ns3:TPX/>
            </Extensions>
          </Trackpoint>
          <Trackpoint>
            <Time>2026-06-15T14:32:38.000Z</Time>
            <DistanceMeters>0.0</DistanceMeters>
            <HeartRateBpm>
              <Value>91</Value>
            </HeartRateBpm>
            <Extensions>
              <ns3:TPX/>
            </Extensions>
          </Trackpoint>
          <Trackpoint>
            <Time>2026-06-15T14:32:39.000Z</Time>
            <DistanceMeters>0.0</DistanceMeters>
            <HeartRateBpm>
              <Value>93</Value>
            </HeartRateBpm>
            <Extensions>
              <ns3:TPX/>
            </Extensions>
          </Trackpoint>
          <Trackpoint>
            <Time>2026-06-15T14:32:49.000Z</Time>
            <DistanceMeters>0.0</DistanceMeters>
            <HeartRateBpm>
              <Value>94</Value>
            </HeartRateBpm>
            <Extensions>
              <ns3:TPX/>
            </Extensions>
          </Trackpoint>
          <Trackpoint>
            <Time>2026-06-15T14:32:55.000Z</Time>
            <DistanceMeters>0.0</DistanceMeters>
            <HeartRateBpm>
              <Value>93</Value>
            </HeartRateBpm>
            <Extensions>
              <ns3:TPX/>
            </Extensions>
          </Trackpoint>
          <Trackpoint>
            <Time>2026-06-15T14:32:58.000Z</Time>
            <DistanceMeters>0.0</DistanceMeters>
            <HeartRateBpm>
              <Value>92</Value>
            </HeartRateBpm>
            <Extensions>
              <ns3:TPX/>
            </Extensions>
          </Trackpoint>
          <Trackpoint>
            <Time>2026-06-15T14:32:59.000Z</Time>
            <DistanceMeters>0.0</DistanceMeters>
            <HeartRateBpm>
              <Value>91</Value>
            </HeartRateBpm>
            <Extensions>
              <ns3:TPX/>
            </Extensions>
          </Trackpoint>
          <Trackpoint>
            <Time>2026-06-15T14:33:00.000Z</Time>
            <DistanceMeters>0.0</DistanceMeters>
            <HeartRateBpm>
              <Value>90</Value>
            </HeartRateBpm>
            <Extensions>
              <ns3:TPX/>
            </Extensions>
          </Trackpoint>
          <Trackpoint>
            <Time>2026-06-15T14:33:01.000Z</Time>
            <DistanceMeters>0.0</DistanceMeters>
            <HeartRateBpm>
              <Value>89</Value>
            </HeartRateBpm>
            <Extensions>
              <ns3:TPX/>
            </Extensions>
          </Trackpoint>
          <Trackpoint>
            <Time>2026-06-15T14:33:08.000Z</Time>
            <DistanceMeters>0.0</DistanceMeters>
            <HeartRateBpm>
              <Value>88</Value>
            </HeartRateBpm>
            <Extensions>
              <ns3:TPX/>
            </Extensions>
          </Trackpoint>
          <Trackpoint>
            <Time>2026-06-15T14:33:14.000Z</Time>
            <DistanceMeters>0.0</DistanceMeters>
            <HeartRateBpm>
              <Value>87</Value>
            </HeartRateBpm>
            <Extensions>
              <ns3:TPX/>
            </Extensions>
          </Trackpoint>
          <Trackpoint>
            <Time>2026-06-15T14:33:16.000Z</Time>
            <DistanceMeters>0.0</DistanceMeters>
            <HeartRateBpm>
              <Value>86</Value>
            </HeartRateBpm>
            <Extensions>
              <ns3:TPX/>
            </Extensions>
          </Trackpoint>
          <Trackpoint>
            <Time>2026-06-15T14:33:18.000Z</Time>
            <DistanceMeters>0.0</DistanceMeters>
            <HeartRateBpm>
              <Value>85</Value>
            </HeartRateBpm>
            <Extensions>
              <ns3:TPX/>
            </Extensions>
          </Trackpoint>
          <Trackpoint>
            <Time>2026-06-15T14:33:20.000Z</Time>
            <DistanceMeters>0.0</DistanceMeters>
            <HeartRateBpm>
              <Value>84</Value>
            </HeartRateBpm>
            <Extensions>
              <ns3:TPX/>
            </Extensions>
          </Trackpoint>
          <Trackpoint>
            <Time>2026-06-15T14:33:22.000Z</Time>
            <DistanceMeters>0.0</DistanceMeters>
            <HeartRateBpm>
              <Value>83</Value>
            </HeartRateBpm>
            <Extensions>
              <ns3:TPX/>
            </Extensions>
          </Trackpoint>
          <Trackpoint>
            <Time>2026-06-15T14:33:23.000Z</Time>
            <DistanceMeters>0.0</DistanceMeters>
            <HeartRateBpm>
              <Value>82</Value>
            </HeartRateBpm>
            <Extensions>
              <ns3:TPX/>
            </Extensions>
          </Trackpoint>
          <Trackpoint>
            <Time>2026-06-15T14:33:24.000Z</Time>
            <DistanceMeters>0.0</DistanceMeters>
            <HeartRateBpm>
              <Value>81</Value>
            </HeartRateBpm>
            <Extensions>
              <ns3:TPX/>
            </Extensions>
          </Trackpoint>
          <Trackpoint>
            <Time>2026-06-15T14:33:31.000Z</Time>
            <DistanceMeters>0.0</DistanceMeters>
            <HeartRateBpm>
              <Value>81</Value>
            </HeartRateBpm>
            <Extensions>
              <ns3:TPX/>
            </Extensions>
          </Trackpoint>
          <Trackpoint>
            <Time>2026-06-15T14:33:33.000Z</Time>
            <DistanceMeters>0.0</DistanceMeters>
            <HeartRateBpm>
              <Value>82</Value>
            </HeartRateBpm>
            <Extensions>
              <ns3:TPX/>
            </Extensions>
          </Trackpoint>
          <Trackpoint>
            <Time>2026-06-15T14:33:34.000Z</Time>
            <DistanceMeters>0.0</DistanceMeters>
            <HeartRateBpm>
              <Value>83</Value>
            </HeartRateBpm>
            <Extensions>
              <ns3:TPX/>
            </Extensions>
          </Trackpoint>
          <Trackpoint>
            <Time>2026-06-15T14:33:35.000Z</Time>
            <DistanceMeters>0.0</DistanceMeters>
            <HeartRateBpm>
              <Value>84</Value>
            </HeartRateBpm>
            <Extensions>
              <ns3:TPX/>
            </Extensions>
          </Trackpoint>
          <Trackpoint>
            <Time>2026-06-15T14:33:36.000Z</Time>
            <DistanceMeters>0.0</DistanceMeters>
            <HeartRateBpm>
              <Value>85</Value>
            </HeartRateBpm>
            <Extensions>
              <ns3:TPX/>
            </Extensions>
          </Trackpoint>
          <Trackpoint>
            <Time>2026-06-15T14:33:39.000Z</Time>
            <DistanceMeters>0.0</DistanceMeters>
            <HeartRateBpm>
              <Value>88</Value>
            </HeartRateBpm>
            <Extensions>
              <ns3:TPX/>
            </Extensions>
          </Trackpoint>
          <Trackpoint>
            <Time>2026-06-15T14:33:40.000Z</Time>
            <DistanceMeters>0.0</DistanceMeters>
            <HeartRateBpm>
              <Value>89</Value>
            </HeartRateBpm>
            <Extensions>
              <ns3:TPX/>
            </Extensions>
          </Trackpoint>
          <Trackpoint>
            <Time>2026-06-15T14:33:41.000Z</Time>
            <DistanceMeters>0.0</DistanceMeters>
            <HeartRateBpm>
              <Value>91</Value>
            </HeartRateBpm>
            <Extensions>
              <ns3:TPX/>
            </Extensions>
          </Trackpoint>
          <Trackpoint>
            <Time>2026-06-15T14:33:43.000Z</Time>
            <DistanceMeters>0.0</DistanceMeters>
            <HeartRateBpm>
              <Value>92</Value>
            </HeartRateBpm>
            <Extensions>
              <ns3:TPX/>
            </Extensions>
          </Trackpoint>
          <Trackpoint>
            <Time>2026-06-15T14:33:45.000Z</Time>
            <DistanceMeters>0.0</DistanceMeters>
            <HeartRateBpm>
              <Value>93</Value>
            </HeartRateBpm>
            <Extensions>
              <ns3:TPX/>
            </Extensions>
          </Trackpoint>
          <Trackpoint>
            <Time>2026-06-15T14:33:46.000Z</Time>
            <DistanceMeters>0.0</DistanceMeters>
            <HeartRateBpm>
              <Value>92</Value>
            </HeartRateBpm>
            <Extensions>
              <ns3:TPX/>
            </Extensions>
          </Trackpoint>
          <Trackpoint>
            <Time>2026-06-15T14:33:48.000Z</Time>
            <DistanceMeters>0.0</DistanceMeters>
            <HeartRateBpm>
              <Value>91</Value>
            </HeartRateBpm>
            <Extensions>
              <ns3:TPX/>
            </Extensions>
          </Trackpoint>
          <Trackpoint>
            <Time>2026-06-15T14:33:49.000Z</Time>
            <DistanceMeters>0.0</DistanceMeters>
            <HeartRateBpm>
              <Value>92</Value>
            </HeartRateBpm>
            <Extensions>
              <ns3:TPX/>
            </Extensions>
          </Trackpoint>
          <Trackpoint>
            <Time>2026-06-15T14:33:50.000Z</Time>
            <DistanceMeters>0.0</DistanceMeters>
            <HeartRateBpm>
              <Value>91</Value>
            </HeartRateBpm>
            <Extensions>
              <ns3:TPX/>
            </Extensions>
          </Trackpoint>
          <Trackpoint>
            <Time>2026-06-15T14:33:54.000Z</Time>
            <DistanceMeters>0.0</DistanceMeters>
            <HeartRateBpm>
              <Value>92</Value>
            </HeartRateBpm>
            <Extensions>
              <ns3:TPX/>
            </Extensions>
          </Trackpoint>
          <Trackpoint>
            <Time>2026-06-15T14:33:56.000Z</Time>
            <DistanceMeters>0.0</DistanceMeters>
            <HeartRateBpm>
              <Value>93</Value>
            </HeartRateBpm>
            <Extensions>
              <ns3:TPX/>
            </Extensions>
          </Trackpoint>
          <Trackpoint>
            <Time>2026-06-15T14:33:57.000Z</Time>
            <DistanceMeters>0.0</DistanceMeters>
            <HeartRateBpm>
              <Value>94</Value>
            </HeartRateBpm>
            <Extensions>
              <ns3:TPX/>
            </Extensions>
          </Trackpoint>
          <Trackpoint>
            <Time>2026-06-15T14:33:59.000Z</Time>
            <DistanceMeters>0.0</DistanceMeters>
            <HeartRateBpm>
              <Value>95</Value>
            </HeartRateBpm>
            <Extensions>
              <ns3:TPX/>
            </Extensions>
          </Trackpoint>
          <Trackpoint>
            <Time>2026-06-15T14:34:04.000Z</Time>
            <DistanceMeters>0.0</DistanceMeters>
            <HeartRateBpm>
              <Value>96</Value>
            </HeartRateBpm>
            <Extensions>
              <ns3:TPX/>
            </Extensions>
          </Trackpoint>
          <Trackpoint>
            <Time>2026-06-15T14:34:09.000Z</Time>
            <DistanceMeters>0.0</DistanceMeters>
            <HeartRateBpm>
              <Value>97</Value>
            </HeartRateBpm>
            <Extensions>
              <ns3:TPX/>
            </Extensions>
          </Trackpoint>
          <Trackpoint>
            <Time>2026-06-15T14:34:10.000Z</Time>
            <DistanceMeters>0.0</DistanceMeters>
            <HeartRateBpm>
              <Value>97</Value>
            </HeartRateBpm>
            <Extensions>
              <ns3:TPX/>
            </Extensions>
          </Trackpoint>
          <Trackpoint>
            <Time>2026-06-15T14:34:11.000Z</Time>
            <DistanceMeters>0.0</DistanceMeters>
            <HeartRateBpm>
              <Value>96</Value>
            </HeartRateBpm>
            <Extensions>
              <ns3:TPX/>
            </Extensions>
          </Trackpoint>
          <Trackpoint>
            <Time>2026-06-15T14:34:13.000Z</Time>
            <DistanceMeters>0.0</DistanceMeters>
            <HeartRateBpm>
              <Value>93</Value>
            </HeartRateBpm>
            <Extensions>
              <ns3:TPX/>
            </Extensions>
          </Trackpoint>
          <Trackpoint>
            <Time>2026-06-15T14:34:14.000Z</Time>
            <DistanceMeters>0.0</DistanceMeters>
            <HeartRateBpm>
              <Value>92</Value>
            </HeartRateBpm>
            <Extensions>
              <ns3:TPX/>
            </Extensions>
          </Trackpoint>
          <Trackpoint>
            <Time>2026-06-15T14:34:15.000Z</Time>
            <DistanceMeters>0.0</DistanceMeters>
            <HeartRateBpm>
              <Value>90</Value>
            </HeartRateBpm>
            <Extensions>
              <ns3:TPX/>
            </Extensions>
          </Trackpoint>
          <Trackpoint>
            <Time>2026-06-15T14:34:16.000Z</Time>
            <DistanceMeters>0.0</DistanceMeters>
            <HeartRateBpm>
              <Value>89</Value>
            </HeartRateBpm>
            <Extensions>
              <ns3:TPX/>
            </Extensions>
          </Trackpoint>
          <Trackpoint>
            <Time>2026-06-15T14:34:21.000Z</Time>
            <DistanceMeters>0.0</DistanceMeters>
            <HeartRateBpm>
              <Value>90</Value>
            </HeartRateBpm>
            <Extensions>
              <ns3:TPX/>
            </Extensions>
          </Trackpoint>
          <Trackpoint>
            <Time>2026-06-15T14:34:27.000Z</Time>
            <DistanceMeters>0.0</DistanceMeters>
            <HeartRateBpm>
              <Value>89</Value>
            </HeartRateBpm>
            <Extensions>
              <ns3:TPX/>
            </Extensions>
          </Trackpoint>
          <Trackpoint>
            <Time>2026-06-15T14:34:29.000Z</Time>
            <DistanceMeters>0.0</DistanceMeters>
            <HeartRateBpm>
              <Value>88</Value>
            </HeartRateBpm>
            <Extensions>
              <ns3:TPX/>
            </Extensions>
          </Trackpoint>
          <Trackpoint>
            <Time>2026-06-15T14:34:30.000Z</Time>
            <DistanceMeters>0.0</DistanceMeters>
            <HeartRateBpm>
              <Value>89</Value>
            </HeartRateBpm>
            <Extensions>
              <ns3:TPX/>
            </Extensions>
          </Trackpoint>
          <Trackpoint>
            <Time>2026-06-15T14:34:35.000Z</Time>
            <DistanceMeters>0.0</DistanceMeters>
            <HeartRateBpm>
              <Value>90</Value>
            </HeartRateBpm>
            <Extensions>
              <ns3:TPX/>
            </Extensions>
          </Trackpoint>
          <Trackpoint>
            <Time>2026-06-15T14:34:36.000Z</Time>
            <DistanceMeters>0.0</DistanceMeters>
            <HeartRateBpm>
              <Value>93</Value>
            </HeartRateBpm>
            <Extensions>
              <ns3:TPX/>
            </Extensions>
          </Trackpoint>
          <Trackpoint>
            <Time>2026-06-15T14:34:37.000Z</Time>
            <DistanceMeters>0.0</DistanceMeters>
            <HeartRateBpm>
              <Value>94</Value>
            </HeartRateBpm>
            <Extensions>
              <ns3:TPX/>
            </Extensions>
          </Trackpoint>
          <Trackpoint>
            <Time>2026-06-15T14:34:38.000Z</Time>
            <DistanceMeters>0.0</DistanceMeters>
            <HeartRateBpm>
              <Value>95</Value>
            </HeartRateBpm>
            <Extensions>
              <ns3:TPX/>
            </Extensions>
          </Trackpoint>
          <Trackpoint>
            <Time>2026-06-15T14:34:43.000Z</Time>
            <DistanceMeters>0.0</DistanceMeters>
            <HeartRateBpm>
              <Value>94</Value>
            </HeartRateBpm>
            <Extensions>
              <ns3:TPX/>
            </Extensions>
          </Trackpoint>
          <Trackpoint>
            <Time>2026-06-15T14:34:47.000Z</Time>
            <DistanceMeters>0.0</DistanceMeters>
            <HeartRateBpm>
              <Value>95</Value>
            </HeartRateBpm>
            <Extensions>
              <ns3:TPX/>
            </Extensions>
          </Trackpoint>
          <Trackpoint>
            <Time>2026-06-15T14:34:48.000Z</Time>
            <DistanceMeters>0.0</DistanceMeters>
            <HeartRateBpm>
              <Value>96</Value>
            </HeartRateBpm>
            <Extensions>
              <ns3:TPX/>
            </Extensions>
          </Trackpoint>
          <Trackpoint>
            <Time>2026-06-15T14:34:50.000Z</Time>
            <DistanceMeters>0.0</DistanceMeters>
            <HeartRateBpm>
              <Value>97</Value>
            </HeartRateBpm>
            <Extensions>
              <ns3:TPX/>
            </Extensions>
          </Trackpoint>
          <Trackpoint>
            <Time>2026-06-15T14:34:51.000Z</Time>
            <DistanceMeters>0.0</DistanceMeters>
            <HeartRateBpm>
              <Value>98</Value>
            </HeartRateBpm>
            <Extensions>
              <ns3:TPX/>
            </Extensions>
          </Trackpoint>
          <Trackpoint>
            <Time>2026-06-15T14:34:52.000Z</Time>
            <DistanceMeters>0.0</DistanceMeters>
            <HeartRateBpm>
              <Value>99</Value>
            </HeartRateBpm>
            <Extensions>
              <ns3:TPX/>
            </Extensions>
          </Trackpoint>
          <Trackpoint>
            <Time>2026-06-15T14:34:53.000Z</Time>
            <DistanceMeters>0.0</DistanceMeters>
            <HeartRateBpm>
              <Value>99</Value>
            </HeartRateBpm>
            <Extensions>
              <ns3:TPX/>
            </Extensions>
          </Trackpoint>
          <Trackpoint>
            <Time>2026-06-15T14:34:57.000Z</Time>
            <DistanceMeters>0.0</DistanceMeters>
            <HeartRateBpm>
              <Value>98</Value>
            </HeartRateBpm>
            <Extensions>
              <ns3:TPX/>
            </Extensions>
          </Trackpoint>
          <Trackpoint>
            <Time>2026-06-15T14:34:58.000Z</Time>
            <DistanceMeters>0.0</DistanceMeters>
            <HeartRateBpm>
              <Value>97</Value>
            </HeartRateBpm>
            <Extensions>
              <ns3:TPX/>
            </Extensions>
          </Trackpoint>
          <Trackpoint>
            <Time>2026-06-15T14:34:59.000Z</Time>
            <DistanceMeters>0.0</DistanceMeters>
            <HeartRateBpm>
              <Value>96</Value>
            </HeartRateBpm>
            <Extensions>
              <ns3:TPX/>
            </Extensions>
          </Trackpoint>
          <Trackpoint>
            <Time>2026-06-15T14:35:04.000Z</Time>
            <DistanceMeters>0.0</DistanceMeters>
            <HeartRateBpm>
              <Value>97</Value>
            </HeartRateBpm>
            <Extensions>
              <ns3:TPX/>
            </Extensions>
          </Trackpoint>
          <Trackpoint>
            <Time>2026-06-15T14:35:06.000Z</Time>
            <DistanceMeters>0.0</DistanceMeters>
            <HeartRateBpm>
              <Value>96</Value>
            </HeartRateBpm>
            <Extensions>
              <ns3:TPX/>
            </Extensions>
          </Trackpoint>
          <Trackpoint>
            <Time>2026-06-15T14:35:08.000Z</Time>
            <DistanceMeters>0.0</DistanceMeters>
            <HeartRateBpm>
              <Value>95</Value>
            </HeartRateBpm>
            <Extensions>
              <ns3:TPX/>
            </Extensions>
          </Trackpoint>
          <Trackpoint>
            <Time>2026-06-15T14:35:09.000Z</Time>
            <DistanceMeters>0.0</DistanceMeters>
            <HeartRateBpm>
              <Value>94</Value>
            </HeartRateBpm>
            <Extensions>
              <ns3:TPX/>
            </Extensions>
          </Trackpoint>
          <Trackpoint>
            <Time>2026-06-15T14:35:10.000Z</Time>
            <DistanceMeters>0.0</DistanceMeters>
            <HeartRateBpm>
              <Value>92</Value>
            </HeartRateBpm>
            <Extensions>
              <ns3:TPX/>
            </Extensions>
          </Trackpoint>
          <Trackpoint>
            <Time>2026-06-15T14:35:11.000Z</Time>
            <DistanceMeters>0.0</DistanceMeters>
            <HeartRateBpm>
              <Value>91</Value>
            </HeartRateBpm>
            <Extensions>
              <ns3:TPX/>
            </Extensions>
          </Trackpoint>
          <Trackpoint>
            <Time>2026-06-15T14:35:12.000Z</Time>
            <DistanceMeters>0.0</DistanceMeters>
            <HeartRateBpm>
              <Value>90</Value>
            </HeartRateBpm>
            <Extensions>
              <ns3:TPX/>
            </Extensions>
          </Trackpoint>
          <Trackpoint>
            <Time>2026-06-15T14:35:14.000Z</Time>
            <DistanceMeters>0.0</DistanceMeters>
            <HeartRateBpm>
              <Value>89</Value>
            </HeartRateBpm>
            <Extensions>
              <ns3:TPX/>
            </Extensions>
          </Trackpoint>
          <Trackpoint>
            <Time>2026-06-15T14:35:15.000Z</Time>
            <DistanceMeters>0.0</DistanceMeters>
            <HeartRateBpm>
              <Value>88</Value>
            </HeartRateBpm>
            <Extensions>
              <ns3:TPX/>
            </Extensions>
          </Trackpoint>
          <Trackpoint>
            <Time>2026-06-15T14:35:16.000Z</Time>
            <DistanceMeters>0.0</DistanceMeters>
            <HeartRateBpm>
              <Value>87</Value>
            </HeartRateBpm>
            <Extensions>
              <ns3:TPX/>
            </Extensions>
          </Trackpoint>
          <Trackpoint>
            <Time>2026-06-15T14:35:19.000Z</Time>
            <DistanceMeters>0.0</DistanceMeters>
            <HeartRateBpm>
              <Value>86</Value>
            </HeartRateBpm>
            <Extensions>
              <ns3:TPX/>
            </Extensions>
          </Trackpoint>
          <Trackpoint>
            <Time>2026-06-15T14:35:21.000Z</Time>
            <DistanceMeters>0.0</DistanceMeters>
            <HeartRateBpm>
              <Value>85</Value>
            </HeartRateBpm>
            <Extensions>
              <ns3:TPX/>
            </Extensions>
          </Trackpoint>
          <Trackpoint>
            <Time>2026-06-15T14:35:30.000Z</Time>
            <DistanceMeters>0.0</DistanceMeters>
            <HeartRateBpm>
              <Value>84</Value>
            </HeartRateBpm>
            <Extensions>
              <ns3:TPX/>
            </Extensions>
          </Trackpoint>
          <Trackpoint>
            <Time>2026-06-15T14:35:31.000Z</Time>
            <DistanceMeters>0.0</DistanceMeters>
            <HeartRateBpm>
              <Value>85</Value>
            </HeartRateBpm>
            <Extensions>
              <ns3:TPX/>
            </Extensions>
          </Trackpoint>
          <Trackpoint>
            <Time>2026-06-15T14:35:32.000Z</Time>
            <DistanceMeters>0.0</DistanceMeters>
            <HeartRateBpm>
              <Value>84</Value>
            </HeartRateBpm>
            <Extensions>
              <ns3:TPX/>
            </Extensions>
          </Trackpoint>
          <Trackpoint>
            <Time>2026-06-15T14:35:33.000Z</Time>
            <DistanceMeters>0.0</DistanceMeters>
            <HeartRateBpm>
              <Value>85</Value>
            </HeartRateBpm>
            <Extensions>
              <ns3:TPX/>
            </Extensions>
          </Trackpoint>
          <Trackpoint>
            <Time>2026-06-15T14:35:34.000Z</Time>
            <DistanceMeters>0.0</DistanceMeters>
            <HeartRateBpm>
              <Value>85</Value>
            </HeartRateBpm>
            <Extensions>
              <ns3:TPX/>
            </Extensions>
          </Trackpoint>
          <Trackpoint>
            <Time>2026-06-15T14:35:35.000Z</Time>
            <DistanceMeters>0.0</DistanceMeters>
            <HeartRateBpm>
              <Value>86</Value>
            </HeartRateBpm>
            <Extensions>
              <ns3:TPX/>
            </Extensions>
          </Trackpoint>
          <Trackpoint>
            <Time>2026-06-15T14:35:37.000Z</Time>
            <DistanceMeters>0.0</DistanceMeters>
            <HeartRateBpm>
              <Value>88</Value>
            </HeartRateBpm>
            <Extensions>
              <ns3:TPX/>
            </Extensions>
          </Trackpoint>
          <Trackpoint>
            <Time>2026-06-15T14:35:38.000Z</Time>
            <DistanceMeters>0.0</DistanceMeters>
            <HeartRateBpm>
              <Value>89</Value>
            </HeartRateBpm>
            <Extensions>
              <ns3:TPX/>
            </Extensions>
          </Trackpoint>
          <Trackpoint>
            <Time>2026-06-15T14:35:39.000Z</Time>
            <DistanceMeters>0.0</DistanceMeters>
            <HeartRateBpm>
              <Value>91</Value>
            </HeartRateBpm>
            <Extensions>
              <ns3:TPX/>
            </Extensions>
          </Trackpoint>
          <Trackpoint>
            <Time>2026-06-15T14:35:41.000Z</Time>
            <DistanceMeters>0.0</DistanceMeters>
            <HeartRateBpm>
              <Value>93</Value>
            </HeartRateBpm>
            <Extensions>
              <ns3:TPX/>
            </Extensions>
          </Trackpoint>
          <Trackpoint>
            <Time>2026-06-15T14:35:42.000Z</Time>
            <DistanceMeters>0.0</DistanceMeters>
            <HeartRateBpm>
              <Value>94</Value>
            </HeartRateBpm>
            <Extensions>
              <ns3:TPX/>
            </Extensions>
          </Trackpoint>
          <Trackpoint>
            <Time>2026-06-15T14:35:44.000Z</Time>
            <DistanceMeters>0.0</DistanceMeters>
            <HeartRateBpm>
              <Value>95</Value>
            </HeartRateBpm>
            <Extensions>
              <ns3:TPX/>
            </Extensions>
          </Trackpoint>
          <Trackpoint>
            <Time>2026-06-15T14:35:46.000Z</Time>
            <DistanceMeters>0.0</DistanceMeters>
            <HeartRateBpm>
              <Value>96</Value>
            </HeartRateBpm>
            <Extensions>
              <ns3:TPX/>
            </Extensions>
          </Trackpoint>
          <Trackpoint>
            <Time>2026-06-15T14:35:47.000Z</Time>
            <DistanceMeters>0.0</DistanceMeters>
            <HeartRateBpm>
              <Value>97</Value>
            </HeartRateBpm>
            <Extensions>
              <ns3:TPX/>
            </Extensions>
          </Trackpoint>
          <Trackpoint>
            <Time>2026-06-15T14:35:54.000Z</Time>
            <DistanceMeters>0.0</DistanceMeters>
            <HeartRateBpm>
              <Value>96</Value>
            </HeartRateBpm>
            <Extensions>
              <ns3:TPX/>
            </Extensions>
          </Trackpoint>
          <Trackpoint>
            <Time>2026-06-15T14:35:55.000Z</Time>
            <DistanceMeters>0.0</DistanceMeters>
            <HeartRateBpm>
              <Value>95</Value>
            </HeartRateBpm>
            <Extensions>
              <ns3:TPX/>
            </Extensions>
          </Trackpoint>
          <Trackpoint>
            <Time>2026-06-15T14:36:00.000Z</Time>
            <DistanceMeters>0.0</DistanceMeters>
            <HeartRateBpm>
              <Value>96</Value>
            </HeartRateBpm>
            <Extensions>
              <ns3:TPX/>
            </Extensions>
          </Trackpoint>
          <Trackpoint>
            <Time>2026-06-15T14:36:01.000Z</Time>
            <DistanceMeters>0.0</DistanceMeters>
            <HeartRateBpm>
              <Value>97</Value>
            </HeartRateBpm>
            <Extensions>
              <ns3:TPX/>
            </Extensions>
          </Trackpoint>
          <Trackpoint>
            <Time>2026-06-15T14:36:02.000Z</Time>
            <DistanceMeters>0.0</DistanceMeters>
            <HeartRateBpm>
              <Value>98</Value>
            </HeartRateBpm>
            <Extensions>
              <ns3:TPX/>
            </Extensions>
          </Trackpoint>
          <Trackpoint>
            <Time>2026-06-15T14:36:03.000Z</Time>
            <DistanceMeters>0.0</DistanceMeters>
            <HeartRateBpm>
              <Value>99</Value>
            </HeartRateBpm>
            <Extensions>
              <ns3:TPX/>
            </Extensions>
          </Trackpoint>
          <Trackpoint>
            <Time>2026-06-15T14:36:05.000Z</Time>
            <DistanceMeters>0.0</DistanceMeters>
            <HeartRateBpm>
              <Value>100</Value>
            </HeartRateBpm>
            <Extensions>
              <ns3:TPX/>
            </Extensions>
          </Trackpoint>
          <Trackpoint>
            <Time>2026-06-15T14:36:12.000Z</Time>
            <DistanceMeters>0.0</DistanceMeters>
            <HeartRateBpm>
              <Value>100</Value>
            </HeartRateBpm>
            <Extensions>
              <ns3:TPX/>
            </Extensions>
          </Trackpoint>
          <Trackpoint>
            <Time>2026-06-15T14:36:15.000Z</Time>
            <DistanceMeters>0.0</DistanceMeters>
            <HeartRateBpm>
              <Value>99</Value>
            </HeartRateBpm>
            <Extensions>
              <ns3:TPX/>
            </Extensions>
          </Trackpoint>
          <Trackpoint>
            <Time>2026-06-15T14:36:16.000Z</Time>
            <DistanceMeters>0.0</DistanceMeters>
            <HeartRateBpm>
              <Value>97</Value>
            </HeartRateBpm>
            <Extensions>
              <ns3:TPX/>
            </Extensions>
          </Trackpoint>
          <Trackpoint>
            <Time>2026-06-15T14:36:17.000Z</Time>
            <DistanceMeters>0.0</DistanceMeters>
            <HeartRateBpm>
              <Value>96</Value>
            </HeartRateBpm>
            <Extensions>
              <ns3:TPX/>
            </Extensions>
          </Trackpoint>
          <Trackpoint>
            <Time>2026-06-15T14:36:18.000Z</Time>
            <DistanceMeters>0.0</DistanceMeters>
            <HeartRateBpm>
              <Value>94</Value>
            </HeartRateBpm>
            <Extensions>
              <ns3:TPX/>
            </Extensions>
          </Trackpoint>
          <Trackpoint>
            <Time>2026-06-15T14:36:19.000Z</Time>
            <DistanceMeters>0.0</DistanceMeters>
            <HeartRateBpm>
              <Value>93</Value>
            </HeartRateBpm>
            <Extensions>
              <ns3:TPX/>
            </Extensions>
          </Trackpoint>
          <Trackpoint>
            <Time>2026-06-15T14:36:20.000Z</Time>
            <DistanceMeters>0.0</DistanceMeters>
            <HeartRateBpm>
              <Value>93</Value>
            </HeartRateBpm>
            <Extensions>
              <ns3:TPX/>
            </Extensions>
          </Trackpoint>
          <Trackpoint>
            <Time>2026-06-15T14:36:21.000Z</Time>
            <DistanceMeters>0.0</DistanceMeters>
            <HeartRateBpm>
              <Value>92</Value>
            </HeartRateBpm>
            <Extensions>
              <ns3:TPX/>
            </Extensions>
          </Trackpoint>
          <Trackpoint>
            <Time>2026-06-15T14:36:23.000Z</Time>
            <DistanceMeters>0.0</DistanceMeters>
            <HeartRateBpm>
              <Value>93</Value>
            </HeartRateBpm>
            <Extensions>
              <ns3:TPX/>
            </Extensions>
          </Trackpoint>
          <Trackpoint>
            <Time>2026-06-15T14:36:24.000Z</Time>
            <DistanceMeters>0.0</DistanceMeters>
            <HeartRateBpm>
              <Value>94</Value>
            </HeartRateBpm>
            <Extensions>
              <ns3:TPX/>
            </Extensions>
          </Trackpoint>
          <Trackpoint>
            <Time>2026-06-15T14:36:28.000Z</Time>
            <DistanceMeters>0.0</DistanceMeters>
            <HeartRateBpm>
              <Value>93</Value>
            </HeartRateBpm>
            <Extensions>
              <ns3:TPX/>
            </Extensions>
          </Trackpoint>
          <Trackpoint>
            <Time>2026-06-15T14:36:30.000Z</Time>
            <DistanceMeters>0.0</DistanceMeters>
            <HeartRateBpm>
              <Value>92</Value>
            </HeartRateBpm>
            <Extensions>
              <ns3:TPX/>
            </Extensions>
          </Trackpoint>
          <Trackpoint>
            <Time>2026-06-15T14:36:31.000Z</Time>
            <DistanceMeters>0.0</DistanceMeters>
            <HeartRateBpm>
              <Value>91</Value>
            </HeartRateBpm>
            <Extensions>
              <ns3:TPX/>
            </Extensions>
          </Trackpoint>
          <Trackpoint>
            <Time>2026-06-15T14:36:35.000Z</Time>
            <DistanceMeters>0.0</DistanceMeters>
            <HeartRateBpm>
              <Value>92</Value>
            </HeartRateBpm>
            <Extensions>
              <ns3:TPX/>
            </Extensions>
          </Trackpoint>
          <Trackpoint>
            <Time>2026-06-15T14:36:37.000Z</Time>
            <DistanceMeters>0.0</DistanceMeters>
            <HeartRateBpm>
              <Value>94</Value>
            </HeartRateBpm>
            <Extensions>
              <ns3:TPX/>
            </Extensions>
          </Trackpoint>
          <Trackpoint>
            <Time>2026-06-15T14:36:38.000Z</Time>
            <DistanceMeters>0.0</DistanceMeters>
            <HeartRateBpm>
              <Value>95</Value>
            </HeartRateBpm>
            <Extensions>
              <ns3:TPX/>
            </Extensions>
          </Trackpoint>
          <Trackpoint>
            <Time>2026-06-15T14:36:39.000Z</Time>
            <DistanceMeters>0.0</DistanceMeters>
            <HeartRateBpm>
              <Value>97</Value>
            </HeartRateBpm>
            <Extensions>
              <ns3:TPX/>
            </Extensions>
          </Trackpoint>
          <Trackpoint>
            <Time>2026-06-15T14:36:40.000Z</Time>
            <DistanceMeters>0.0</DistanceMeters>
            <HeartRateBpm>
              <Value>99</Value>
            </HeartRateBpm>
            <Extensions>
              <ns3:TPX/>
            </Extensions>
          </Trackpoint>
          <Trackpoint>
            <Time>2026-06-15T14:36:41.000Z</Time>
            <DistanceMeters>0.0</DistanceMeters>
            <HeartRateBpm>
              <Value>100</Value>
            </HeartRateBpm>
            <Extensions>
              <ns3:TPX/>
            </Extensions>
          </Trackpoint>
          <Trackpoint>
            <Time>2026-06-15T14:36:46.000Z</Time>
            <DistanceMeters>0.0</DistanceMeters>
            <HeartRateBpm>
              <Value>99</Value>
            </HeartRateBpm>
            <Extensions>
              <ns3:TPX/>
            </Extensions>
          </Trackpoint>
          <Trackpoint>
            <Time>2026-06-15T14:36:49.000Z</Time>
            <DistanceMeters>0.0</DistanceMeters>
            <HeartRateBpm>
              <Value>100</Value>
            </HeartRateBpm>
            <Extensions>
              <ns3:TPX/>
            </Extensions>
          </Trackpoint>
          <Trackpoint>
            <Time>2026-06-15T14:36:53.000Z</Time>
            <DistanceMeters>0.0</DistanceMeters>
            <HeartRateBpm>
              <Value>99</Value>
            </HeartRateBpm>
            <Extensions>
              <ns3:TPX/>
            </Extensions>
          </Trackpoint>
          <Trackpoint>
            <Time>2026-06-15T14:36:56.000Z</Time>
            <DistanceMeters>0.0</DistanceMeters>
            <HeartRateBpm>
              <Value>98</Value>
            </HeartRateBpm>
            <Extensions>
              <ns3:TPX/>
            </Extensions>
          </Trackpoint>
          <Trackpoint>
            <Time>2026-06-15T14:36:58.000Z</Time>
            <DistanceMeters>0.0</DistanceMeters>
            <HeartRateBpm>
              <Value>97</Value>
            </HeartRateBpm>
            <Extensions>
              <ns3:TPX/>
            </Extensions>
          </Trackpoint>
          <Trackpoint>
            <Time>2026-06-15T14:36:59.000Z</Time>
            <DistanceMeters>0.0</DistanceMeters>
            <HeartRateBpm>
              <Value>97</Value>
            </HeartRateBpm>
            <Extensions>
              <ns3:TPX/>
            </Extensions>
          </Trackpoint>
          <Trackpoint>
            <Time>2026-06-15T14:37:00.000Z</Time>
            <DistanceMeters>0.0</DistanceMeters>
            <HeartRateBpm>
              <Value>96</Value>
            </HeartRateBpm>
            <Extensions>
              <ns3:TPX/>
            </Extensions>
          </Trackpoint>
          <Trackpoint>
            <Time>2026-06-15T14:37:01.000Z</Time>
            <DistanceMeters>0.0</DistanceMeters>
            <HeartRateBpm>
              <Value>95</Value>
            </HeartRateBpm>
            <Extensions>
              <ns3:TPX/>
            </Extensions>
          </Trackpoint>
          <Trackpoint>
            <Time>2026-06-15T14:37:02.000Z</Time>
            <DistanceMeters>0.0</DistanceMeters>
            <HeartRateBpm>
              <Value>94</Value>
            </HeartRateBpm>
            <Extensions>
              <ns3:TPX/>
            </Extensions>
          </Trackpoint>
          <Trackpoint>
            <Time>2026-06-15T14:37:03.000Z</Time>
            <DistanceMeters>0.0</DistanceMeters>
            <HeartRateBpm>
              <Value>93</Value>
            </HeartRateBpm>
            <Extensions>
              <ns3:TPX/>
            </Extensions>
          </Trackpoint>
          <Trackpoint>
            <Time>2026-06-15T14:37:04.000Z</Time>
            <DistanceMeters>0.0</DistanceMeters>
            <HeartRateBpm>
              <Value>91</Value>
            </HeartRateBpm>
            <Extensions>
              <ns3:TPX/>
            </Extensions>
          </Trackpoint>
          <Trackpoint>
            <Time>2026-06-15T14:37:05.000Z</Time>
            <DistanceMeters>0.0</DistanceMeters>
            <HeartRateBpm>
              <Value>86</Value>
            </HeartRateBpm>
            <Extensions>
              <ns3:TPX/>
            </Extensions>
          </Trackpoint>
          <Trackpoint>
            <Time>2026-06-15T14:37:06.000Z</Time>
            <DistanceMeters>0.0</DistanceMeters>
            <HeartRateBpm>
              <Value>83</Value>
            </HeartRateBpm>
            <Extensions>
              <ns3:TPX/>
            </Extensions>
          </Trackpoint>
          <Trackpoint>
            <Time>2026-06-15T14:37:07.000Z</Time>
            <DistanceMeters>0.0</DistanceMeters>
            <HeartRateBpm>
              <Value>83</Value>
            </HeartRateBpm>
            <Extensions>
              <ns3:TPX/>
            </Extensions>
          </Trackpoint>
          <Trackpoint>
            <Time>2026-06-15T14:37:12.000Z</Time>
            <DistanceMeters>0.0</DistanceMeters>
            <HeartRateBpm>
              <Value>84</Value>
            </HeartRateBpm>
            <Extensions>
              <ns3:TPX/>
            </Extensions>
          </Trackpoint>
          <Trackpoint>
            <Time>2026-06-15T14:37:13.000Z</Time>
            <DistanceMeters>0.0</DistanceMeters>
            <HeartRateBpm>
              <Value>85</Value>
            </HeartRateBpm>
            <Extensions>
              <ns3:TPX/>
            </Extensions>
          </Trackpoint>
          <Trackpoint>
            <Time>2026-06-15T14:37:14.000Z</Time>
            <DistanceMeters>0.0</DistanceMeters>
            <HeartRateBpm>
              <Value>86</Value>
            </HeartRateBpm>
            <Extensions>
              <ns3:TPX/>
            </Extensions>
          </Trackpoint>
          <Trackpoint>
            <Time>2026-06-15T14:37:19.000Z</Time>
            <DistanceMeters>0.0</DistanceMeters>
            <HeartRateBpm>
              <Value>93</Value>
            </HeartRateBpm>
            <Extensions>
              <ns3:TPX/>
            </Extensions>
          </Trackpoint>
          <Trackpoint>
            <Time>2026-06-15T14:37:20.000Z</Time>
            <DistanceMeters>0.0</DistanceMeters>
            <HeartRateBpm>
              <Value>99</Value>
            </HeartRateBpm>
            <Extensions>
              <ns3:TPX/>
            </Extensions>
          </Trackpoint>
          <Trackpoint>
            <Time>2026-06-15T14:37:21.000Z</Time>
            <DistanceMeters>0.0</DistanceMeters>
            <HeartRateBpm>
              <Value>101</Value>
            </HeartRateBpm>
            <Extensions>
              <ns3:TPX/>
            </Extensions>
          </Trackpoint>
          <Trackpoint>
            <Time>2026-06-15T14:37:24.000Z</Time>
            <DistanceMeters>0.0</DistanceMeters>
            <HeartRateBpm>
              <Value>107</Value>
            </HeartRateBpm>
            <Extensions>
              <ns3:TPX/>
            </Extensions>
          </Trackpoint>
          <Trackpoint>
            <Time>2026-06-15T14:37:25.000Z</Time>
            <DistanceMeters>0.0</DistanceMeters>
            <HeartRateBpm>
              <Value>107</Value>
            </HeartRateBpm>
            <Extensions>
              <ns3:TPX/>
            </Extensions>
          </Trackpoint>
          <Trackpoint>
            <Time>2026-06-15T14:37:26.000Z</Time>
            <DistanceMeters>0.0</DistanceMeters>
            <HeartRateBpm>
              <Value>112</Value>
            </HeartRateBpm>
            <Extensions>
              <ns3:TPX/>
            </Extensions>
          </Trackpoint>
          <Trackpoint>
            <Time>2026-06-15T14:37:27.000Z</Time>
            <DistanceMeters>0.0</DistanceMeters>
            <HeartRateBpm>
              <Value>117</Value>
            </HeartRateBpm>
            <Extensions>
              <ns3:TPX/>
            </Extensions>
          </Trackpoint>
          <Trackpoint>
            <Time>2026-06-15T14:37:28.000Z</Time>
            <DistanceMeters>0.0</DistanceMeters>
            <HeartRateBpm>
              <Value>121</Value>
            </HeartRateBpm>
            <Extensions>
              <ns3:TPX/>
            </Extensions>
          </Trackpoint>
          <Trackpoint>
            <Time>2026-06-15T14:37:29.000Z</Time>
            <DistanceMeters>0.0</DistanceMeters>
            <HeartRateBpm>
              <Value>117</Value>
            </HeartRateBpm>
            <Extensions>
              <ns3:TPX/>
            </Extensions>
          </Trackpoint>
          <Trackpoint>
            <Time>2026-06-15T14:37:30.000Z</Time>
            <DistanceMeters>0.0</DistanceMeters>
            <HeartRateBpm>
              <Value>108</Value>
            </HeartRateBpm>
            <Extensions>
              <ns3:TPX/>
            </Extensions>
          </Trackpoint>
          <Trackpoint>
            <Time>2026-06-15T14:37:31.000Z</Time>
            <DistanceMeters>0.0</DistanceMeters>
            <HeartRateBpm>
              <Value>98</Value>
            </HeartRateBpm>
            <Extensions>
              <ns3:TPX/>
            </Extensions>
          </Trackpoint>
          <Trackpoint>
            <Time>2026-06-15T14:37:32.000Z</Time>
            <DistanceMeters>0.0</DistanceMeters>
            <HeartRateBpm>
              <Value>94</Value>
            </HeartRateBpm>
            <Extensions>
              <ns3:TPX/>
            </Extensions>
          </Trackpoint>
          <Trackpoint>
            <Time>2026-06-15T14:37:33.000Z</Time>
            <DistanceMeters>0.0</DistanceMeters>
            <HeartRateBpm>
              <Value>87</Value>
            </HeartRateBpm>
            <Extensions>
              <ns3:TPX/>
            </Extensions>
          </Trackpoint>
          <Trackpoint>
            <Time>2026-06-15T14:37:34.000Z</Time>
            <DistanceMeters>0.0</DistanceMeters>
            <HeartRateBpm>
              <Value>87</Value>
            </HeartRateBpm>
            <Extensions>
              <ns3:TPX/>
            </Extensions>
          </Trackpoint>
          <Trackpoint>
            <Time>2026-06-15T14:37:35.000Z</Time>
            <DistanceMeters>0.0</DistanceMeters>
            <HeartRateBpm>
              <Value>88</Value>
            </HeartRateBpm>
            <Extensions>
              <ns3:TPX/>
            </Extensions>
          </Trackpoint>
          <Trackpoint>
            <Time>2026-06-15T14:37:36.000Z</Time>
            <DistanceMeters>0.0</DistanceMeters>
            <HeartRateBpm>
              <Value>89</Value>
            </HeartRateBpm>
            <Extensions>
              <ns3:TPX/>
            </Extensions>
          </Trackpoint>
          <Trackpoint>
            <Time>2026-06-15T14:37:37.000Z</Time>
            <DistanceMeters>0.0</DistanceMeters>
            <HeartRateBpm>
              <Value>90</Value>
            </HeartRateBpm>
            <Extensions>
              <ns3:TPX/>
            </Extensions>
          </Trackpoint>
          <Trackpoint>
            <Time>2026-06-15T14:37:38.000Z</Time>
            <DistanceMeters>0.0</DistanceMeters>
            <HeartRateBpm>
              <Value>91</Value>
            </HeartRateBpm>
            <Extensions>
              <ns3:TPX/>
            </Extensions>
          </Trackpoint>
          <Trackpoint>
            <Time>2026-06-15T14:37:39.000Z</Time>
            <DistanceMeters>0.0</DistanceMeters>
            <HeartRateBpm>
              <Value>92</Value>
            </HeartRateBpm>
            <Extensions>
              <ns3:TPX/>
            </Extensions>
          </Trackpoint>
          <Trackpoint>
            <Time>2026-06-15T14:37:43.000Z</Time>
            <DistanceMeters>0.0</DistanceMeters>
            <HeartRateBpm>
              <Value>91</Value>
            </HeartRateBpm>
            <Extensions>
              <ns3:TPX/>
            </Extensions>
          </Trackpoint>
          <Trackpoint>
            <Time>2026-06-15T14:37:45.000Z</Time>
            <DistanceMeters>0.0</DistanceMeters>
            <HeartRateBpm>
              <Value>90</Value>
            </HeartRateBpm>
            <Extensions>
              <ns3:TPX/>
            </Extensions>
          </Trackpoint>
          <Trackpoint>
            <Time>2026-06-15T14:37:46.000Z</Time>
            <DistanceMeters>0.0</DistanceMeters>
            <HeartRateBpm>
              <Value>89</Value>
            </HeartRateBpm>
            <Extensions>
              <ns3:TPX/>
            </Extensions>
          </Trackpoint>
          <Trackpoint>
            <Time>2026-06-15T14:37:48.000Z</Time>
            <DistanceMeters>0.0</DistanceMeters>
            <HeartRateBpm>
              <Value>86</Value>
            </HeartRateBpm>
            <Extensions>
              <ns3:TPX/>
            </Extensions>
          </Trackpoint>
          <Trackpoint>
            <Time>2026-06-15T14:37:49.000Z</Time>
            <DistanceMeters>0.0</DistanceMeters>
            <HeartRateBpm>
              <Value>85</Value>
            </HeartRateBpm>
            <Extensions>
              <ns3:TPX/>
            </Extensions>
          </Trackpoint>
          <Trackpoint>
            <Time>2026-06-15T14:37:50.000Z</Time>
            <DistanceMeters>0.0</DistanceMeters>
            <HeartRateBpm>
              <Value>83</Value>
            </HeartRateBpm>
            <Extensions>
              <ns3:TPX/>
            </Extensions>
          </Trackpoint>
          <Trackpoint>
            <Time>2026-06-15T14:37:51.000Z</Time>
            <DistanceMeters>0.0</DistanceMeters>
            <HeartRateBpm>
              <Value>82</Value>
            </HeartRateBpm>
            <Extensions>
              <ns3:TPX/>
            </Extensions>
          </Trackpoint>
          <Trackpoint>
            <Time>2026-06-15T14:37:57.000Z</Time>
            <DistanceMeters>0.0</DistanceMeters>
            <HeartRateBpm>
              <Value>83</Value>
            </HeartRateBpm>
            <Extensions>
              <ns3:TPX/>
            </Extensions>
          </Trackpoint>
          <Trackpoint>
            <Time>2026-06-15T14:37:58.000Z</Time>
            <DistanceMeters>0.0</DistanceMeters>
            <HeartRateBpm>
              <Value>84</Value>
            </HeartRateBpm>
            <Extensions>
              <ns3:TPX/>
            </Extensions>
          </Trackpoint>
          <Trackpoint>
            <Time>2026-06-15T14:37:59.000Z</Time>
            <DistanceMeters>0.0</DistanceMeters>
            <HeartRateBpm>
              <Value>86</Value>
            </HeartRateBpm>
            <Extensions>
              <ns3:TPX/>
            </Extensions>
          </Trackpoint>
          <Trackpoint>
            <Time>2026-06-15T14:38:05.000Z</Time>
            <DistanceMeters>0.0</DistanceMeters>
            <HeartRateBpm>
              <Value>85</Value>
            </HeartRateBpm>
            <Extensions>
              <ns3:TPX/>
            </Extensions>
          </Trackpoint>
          <Trackpoint>
            <Time>2026-06-15T14:38:06.000Z</Time>
            <DistanceMeters>0.0</DistanceMeters>
            <HeartRateBpm>
              <Value>84</Value>
            </HeartRateBpm>
            <Extensions>
              <ns3:TPX/>
            </Extensions>
          </Trackpoint>
          <Trackpoint>
            <Time>2026-06-15T14:38:19.000Z</Time>
            <DistanceMeters>0.0</DistanceMeters>
            <HeartRateBpm>
              <Value>70</Value>
            </HeartRateBpm>
            <Extensions>
              <ns3:TPX/>
            </Extensions>
          </Trackpoint>
          <Trackpoint>
            <Time>2026-06-15T14:38:20.000Z</Time>
            <DistanceMeters>0.0</DistanceMeters>
            <HeartRateBpm>
              <Value>70</Value>
            </HeartRateBpm>
            <Extensions>
              <ns3:TPX/>
            </Extensions>
          </Trackpoint>
          <Trackpoint>
            <Time>2026-06-15T14:38:21.000Z</Time>
            <DistanceMeters>0.0</DistanceMeters>
            <HeartRateBpm>
              <Value>69</Value>
            </HeartRateBpm>
            <Extensions>
              <ns3:TPX/>
            </Extensions>
          </Trackpoint>
          <Trackpoint>
            <Time>2026-06-15T14:38:23.000Z</Time>
            <DistanceMeters>0.0</DistanceMeters>
            <HeartRateBpm>
              <Value>87</Value>
            </HeartRateBpm>
            <Extensions>
              <ns3:TPX/>
            </Extensions>
          </Trackpoint>
          <Trackpoint>
            <Time>2026-06-15T14:38:24.000Z</Time>
            <DistanceMeters>0.0</DistanceMeters>
            <HeartRateBpm>
              <Value>88</Value>
            </HeartRateBpm>
            <Extensions>
              <ns3:TPX/>
            </Extensions>
          </Trackpoint>
          <Trackpoint>
            <Time>2026-06-15T14:38:26.000Z</Time>
            <DistanceMeters>0.0</DistanceMeters>
            <HeartRateBpm>
              <Value>95</Value>
            </HeartRateBpm>
            <Extensions>
              <ns3:TPX/>
            </Extensions>
          </Trackpoint>
          <Trackpoint>
            <Time>2026-06-15T14:38:27.000Z</Time>
            <DistanceMeters>0.0</DistanceMeters>
            <HeartRateBpm>
              <Value>95</Value>
            </HeartRateBpm>
            <Extensions>
              <ns3:TPX/>
            </Extensions>
          </Trackpoint>
          <Trackpoint>
            <Time>2026-06-15T14:38:29.000Z</Time>
            <DistanceMeters>0.0</DistanceMeters>
            <HeartRateBpm>
              <Value>96</Value>
            </HeartRateBpm>
            <Extensions>
              <ns3:TPX/>
            </Extensions>
          </Trackpoint>
          <Trackpoint>
            <Time>2026-06-15T14:38:30.000Z</Time>
            <DistanceMeters>0.0</DistanceMeters>
            <HeartRateBpm>
              <Value>94</Value>
            </HeartRateBpm>
            <Extensions>
              <ns3:TPX/>
            </Extensions>
          </Trackpoint>
          <Trackpoint>
            <Time>2026-06-15T14:38:32.000Z</Time>
            <DistanceMeters>0.0</DistanceMeters>
            <HeartRateBpm>
              <Value>93</Value>
            </HeartRateBpm>
            <Extensions>
              <ns3:TPX/>
            </Extensions>
          </Trackpoint>
          <Trackpoint>
            <Time>2026-06-15T14:38:33.000Z</Time>
            <DistanceMeters>0.0</DistanceMeters>
            <HeartRateBpm>
              <Value>88</Value>
            </HeartRateBpm>
            <Extensions>
              <ns3:TPX/>
            </Extensions>
          </Trackpoint>
          <Trackpoint>
            <Time>2026-06-15T14:38:34.000Z</Time>
            <DistanceMeters>0.0</DistanceMeters>
            <HeartRateBpm>
              <Value>88</Value>
            </HeartRateBpm>
            <Extensions>
              <ns3:TPX/>
            </Extensions>
          </Trackpoint>
          <Trackpoint>
            <Time>2026-06-15T14:38:36.000Z</Time>
            <DistanceMeters>0.0</DistanceMeters>
            <HeartRateBpm>
              <Value>89</Value>
            </HeartRateBpm>
            <Extensions>
              <ns3:TPX/>
            </Extensions>
          </Trackpoint>
          <Trackpoint>
            <Time>2026-06-15T14:38:48.000Z</Time>
            <DistanceMeters>0.0</DistanceMeters>
            <HeartRateBpm>
              <Value>88</Value>
            </HeartRateBpm>
            <Extensions>
              <ns3:TPX/>
            </Extensions>
          </Trackpoint>
          <Trackpoint>
            <Time>2026-06-15T14:38:49.000Z</Time>
            <DistanceMeters>0.0</DistanceMeters>
            <HeartRateBpm>
              <Value>89</Value>
            </HeartRateBpm>
            <Extensions>
              <ns3:TPX/>
            </Extensions>
          </Trackpoint>
          <Trackpoint>
            <Time>2026-06-15T14:38:50.000Z</Time>
            <DistanceMeters>0.0</DistanceMeters>
            <HeartRateBpm>
              <Value>90</Value>
            </HeartRateBpm>
            <Extensions>
              <ns3:TPX/>
            </Extensions>
          </Trackpoint>
          <Trackpoint>
            <Time>2026-06-15T14:38:52.000Z</Time>
            <DistanceMeters>0.0</DistanceMeters>
            <HeartRateBpm>
              <Value>89</Value>
            </HeartRateBpm>
            <Extensions>
              <ns3:TPX/>
            </Extensions>
          </Trackpoint>
          <Trackpoint>
            <Time>2026-06-15T14:38:56.000Z</Time>
            <DistanceMeters>0.0</DistanceMeters>
            <HeartRateBpm>
              <Value>88</Value>
            </HeartRateBpm>
            <Extensions>
              <ns3:TPX/>
            </Extensions>
          </Trackpoint>
          <Trackpoint>
            <Time>2026-06-15T14:38:57.000Z</Time>
            <DistanceMeters>0.0</DistanceMeters>
            <HeartRateBpm>
              <Value>86</Value>
            </HeartRateBpm>
            <Extensions>
              <ns3:TPX/>
            </Extensions>
          </Trackpoint>
          <Trackpoint>
            <Time>2026-06-15T14:38:58.000Z</Time>
            <DistanceMeters>0.0</DistanceMeters>
            <HeartRateBpm>
              <Value>85</Value>
            </HeartRateBpm>
            <Extensions>
              <ns3:TPX/>
            </Extensions>
          </Trackpoint>
          <Trackpoint>
            <Time>2026-06-15T14:38:59.000Z</Time>
            <DistanceMeters>0.0</DistanceMeters>
            <HeartRateBpm>
              <Value>83</Value>
            </HeartRateBpm>
            <Extensions>
              <ns3:TPX/>
            </Extensions>
          </Trackpoint>
          <Trackpoint>
            <Time>2026-06-15T14:39:00.000Z</Time>
            <DistanceMeters>0.0</DistanceMeters>
            <HeartRateBpm>
              <Value>82</Value>
            </HeartRateBpm>
            <Extensions>
              <ns3:TPX/>
            </Extensions>
          </Trackpoint>
          <Trackpoint>
            <Time>2026-06-15T14:39:01.000Z</Time>
            <DistanceMeters>0.0</DistanceMeters>
            <HeartRateBpm>
              <Value>81</Value>
            </HeartRateBpm>
            <Extensions>
              <ns3:TPX/>
            </Extensions>
          </Trackpoint>
          <Trackpoint>
            <Time>2026-06-15T14:39:04.000Z</Time>
            <DistanceMeters>0.0</DistanceMeters>
            <HeartRateBpm>
              <Value>82</Value>
            </HeartRateBpm>
            <Extensions>
              <ns3:TPX/>
            </Extensions>
          </Trackpoint>
          <Trackpoint>
            <Time>2026-06-15T14:39:05.000Z</Time>
            <DistanceMeters>0.0</DistanceMeters>
            <HeartRateBpm>
              <Value>83</Value>
            </HeartRateBpm>
            <Extensions>
              <ns3:TPX/>
            </Extensions>
          </Trackpoint>
          <Trackpoint>
            <Time>2026-06-15T14:39:06.000Z</Time>
            <DistanceMeters>0.0</DistanceMeters>
            <HeartRateBpm>
              <Value>86</Value>
            </HeartRateBpm>
            <Extensions>
              <ns3:TPX/>
            </Extensions>
          </Trackpoint>
          <Trackpoint>
            <Time>2026-06-15T14:39:07.000Z</Time>
            <DistanceMeters>0.0</DistanceMeters>
            <HeartRateBpm>
              <Value>87</Value>
            </HeartRateBpm>
            <Extensions>
              <ns3:TPX/>
            </Extensions>
          </Trackpoint>
          <Trackpoint>
            <Time>2026-06-15T14:39:08.000Z</Time>
            <DistanceMeters>0.0</DistanceMeters>
            <HeartRateBpm>
              <Value>88</Value>
            </HeartRateBpm>
            <Extensions>
              <ns3:TPX/>
            </Extensions>
          </Trackpoint>
          <Trackpoint>
            <Time>2026-06-15T14:39:09.000Z</Time>
            <DistanceMeters>0.0</DistanceMeters>
            <HeartRateBpm>
              <Value>89</Value>
            </HeartRateBpm>
            <Extensions>
              <ns3:TPX/>
            </Extensions>
          </Trackpoint>
          <Trackpoint>
            <Time>2026-06-15T14:39:13.000Z</Time>
            <DistanceMeters>0.0</DistanceMeters>
            <HeartRateBpm>
              <Value>87</Value>
            </HeartRateBpm>
            <Extensions>
              <ns3:TPX/>
            </Extensions>
          </Trackpoint>
          <Trackpoint>
            <Time>2026-06-15T14:39:17.000Z</Time>
            <DistanceMeters>0.0</DistanceMeters>
            <HeartRateBpm>
              <Value>86</Value>
            </HeartRateBpm>
            <Extensions>
              <ns3:TPX/>
            </Extensions>
          </Trackpoint>
          <Trackpoint>
            <Time>2026-06-15T14:39:19.000Z</Time>
            <DistanceMeters>0.0</DistanceMeters>
            <HeartRateBpm>
              <Value>88</Value>
            </HeartRateBpm>
            <Extensions>
              <ns3:TPX/>
            </Extensions>
          </Trackpoint>
          <Trackpoint>
            <Time>2026-06-15T14:39:23.000Z</Time>
            <DistanceMeters>0.0</DistanceMeters>
            <HeartRateBpm>
              <Value>89</Value>
            </HeartRateBpm>
            <Extensions>
              <ns3:TPX/>
            </Extensions>
          </Trackpoint>
          <Trackpoint>
            <Time>2026-06-15T14:39:24.000Z</Time>
            <DistanceMeters>0.0</DistanceMeters>
            <HeartRateBpm>
              <Value>88</Value>
            </HeartRateBpm>
            <Extensions>
              <ns3:TPX/>
            </Extensions>
          </Trackpoint>
          <Trackpoint>
            <Time>2026-06-15T14:39:25.000Z</Time>
            <DistanceMeters>0.0</DistanceMeters>
            <HeartRateBpm>
              <Value>89</Value>
            </HeartRateBpm>
            <Extensions>
              <ns3:TPX/>
            </Extensions>
          </Trackpoint>
          <Trackpoint>
            <Time>2026-06-15T14:39:29.000Z</Time>
            <DistanceMeters>0.0</DistanceMeters>
            <HeartRateBpm>
              <Value>88</Value>
            </HeartRateBpm>
            <Extensions>
              <ns3:TPX/>
            </Extensions>
          </Trackpoint>
          <Trackpoint>
            <Time>2026-06-15T14:39:30.000Z</Time>
            <DistanceMeters>0.0</DistanceMeters>
            <HeartRateBpm>
              <Value>87</Value>
            </HeartRateBpm>
            <Extensions>
              <ns3:TPX/>
            </Extensions>
          </Trackpoint>
          <Trackpoint>
            <Time>2026-06-15T14:39:34.000Z</Time>
            <DistanceMeters>0.0</DistanceMeters>
            <HeartRateBpm>
              <Value>86</Value>
            </HeartRateBpm>
            <Extensions>
              <ns3:TPX/>
            </Extensions>
          </Trackpoint>
          <Trackpoint>
            <Time>2026-06-15T14:39:35.000Z</Time>
            <DistanceMeters>0.0</DistanceMeters>
            <HeartRateBpm>
              <Value>84</Value>
            </HeartRateBpm>
            <Extensions>
              <ns3:TPX/>
            </Extensions>
          </Trackpoint>
          <Trackpoint>
            <Time>2026-06-15T14:39:36.000Z</Time>
            <DistanceMeters>0.0</DistanceMeters>
            <HeartRateBpm>
              <Value>81</Value>
            </HeartRateBpm>
            <Extensions>
              <ns3:TPX/>
            </Extensions>
          </Trackpoint>
          <Trackpoint>
            <Time>2026-06-15T14:39:37.000Z</Time>
            <DistanceMeters>0.0</DistanceMeters>
            <HeartRateBpm>
              <Value>78</Value>
            </HeartRateBpm>
            <Extensions>
              <ns3:TPX/>
            </Extensions>
          </Trackpoint>
        </Track>
        <Extensions>
          <ns3:LX/>
        </Extensions>
      </Lap>
      <Creator xsi:type="Device_t">
        <Name>fenix 5X Plus</Name>
        <UnitId>3325297807</UnitId>
        <ProductID>3111</ProductID>
        <Version>
          <VersionMajor>19</VersionMajor>
          <VersionMinor>30</VersionMinor>
          <BuildMajor>0</BuildMajor>
          <BuildMinor>0</BuildMinor>
        </Version>
      </Creator>
    </Activity>
  </Activities>
  <Author xsi:type="Application_t">
    <Name>Connect Api</Name>
    <Build>
      <Version>
        <VersionMajor>26</VersionMajor>
        <VersionMinor>9</VersionMinor>
        <BuildMajor>0</BuildMajor>
        <BuildMinor>0</BuildMinor>
      </Version>
    </Build>
    <LangID>en</LangID>
    <PartNumber>006-D2449-00</PartNumber>
  </Author>
</TrainingCenterDatabase>
