<?xml version="1.0" encoding="UTF-8"?>
<TrainingCenterDatabase
  xsi:schemaLocation="http://www.garmin.com/xmlschemas/TrainingCenterDatabase/v2 http://www.garmin.com/xmlschemas/TrainingCenterDatabasev2.xsd"
  xmlns:ns5="http://www.garmin.com/xmlschemas/ActivityGoals/v1"
  xmlns:ns3="http://www.garmin.com/xmlschemas/ActivityExtension/v2"
  xmlns:ns2="http://www.garmin.com/xmlschemas/UserProfile/v2"
  xmlns="http://www.garmin.com/xmlschemas/TrainingCenterDatabase/v2"
  xmlns:xsi="http://www.w3.org/2001/XMLSchema-instance" xmlns:ns4="http://www.garmin.com/xmlschemas/ProfileExtension/v1">
  <Activities>
    <Activity Sport="Other">
      <Id>2026-05-28T20:19:00.000Z</Id>
      <Lap StartTime="2026-05-28T20:19:00.000Z">
        <TotalTimeSeconds>1229.16</TotalTimeSeconds>
        <DistanceMeters>0.0</DistanceMeters>
        <Calories>133</Calories>
        <AverageHeartRateBpm>
          <Value>97</Value>
        </AverageHeartRateBpm>
        <MaximumHeartRateBpm>
          <Value>111</Value>
        </MaximumHeartRateBpm>
        <Intensity>Active</Intensity>
        <TriggerMethod>Manual</TriggerMethod>
        <Track>
          <Trackpoint>
            <Time>2026-05-28T20:19:00.000Z</Time>
            <DistanceMeters>0.0</DistanceMeters>
            <HeartRateBpm>
              <Value>74</Value>
            </HeartRateBpm>
            <Extensions>
              <ns3:TPX/>
            </Extensions>
          </Trackpoint>
          <Trackpoint>
            <Time>2026-05-28T20:19:01.000Z</Time>
            <DistanceMeters>0.0</DistanceMeters>
            <HeartRateBpm>
              <Value>74</Value>
            </HeartRateBpm>
            <Extensions>
              <ns3:TPX/>
            </Extensions>
          </Trackpoint>
          <Trackpoint>
            <Time>2026-05-28T20:19:05.000Z</Time>
            <DistanceMeters>0.0</DistanceMeters>
            <HeartRateBpm>
              <Value>75</Value>
            </HeartRateBpm>
            <Extensions>
              <ns3:TPX/>
            </Extensions>
          </Trackpoint>
          <Trackpoint>
            <Time>2026-05-28T20:19:06.000Z</Time>
            <DistanceMeters>0.0</DistanceMeters>
            <HeartRateBpm>
              <Value>80</Value>
            </HeartRateBpm>
            <Extensions>
              <ns3:TPX/>
            </Extensions>
          </Trackpoint>
          <Trackpoint>
            <Time>2026-05-28T20:19:07.000Z</Time>
            <DistanceMeters>0.0</DistanceMeters>
            <HeartRateBpm>
              <Value>85</Value>
            </HeartRateBpm>
            <Extensions>
              <ns3:TPX/>
            </Extensions>
          </Trackpoint>
          <Trackpoint>
            <Time>2026-05-28T20:19:08.000Z</Time>
            <DistanceMeters>0.0</DistanceMeters>
            <HeartRateBpm>
              <Value>86</Value>
            </HeartRateBpm>
            <Extensions>
              <ns3:TPX/>
            </Extensions>
          </Trackpoint>
          <Trackpoint>
            <Time>2026-05-28T20:19:09.000Z</Time>
            <DistanceMeters>0.0</DistanceMeters>
            <HeartRateBpm>
              <Value>87</Value>
            </HeartRateBpm>
            <Extensions>
              <ns3:TPX/>
            </Extensions>
          </Trackpoint>
          <Trackpoint>
            <Time>2026-05-28T20:19:11.000Z</Time>
            <DistanceMeters>0.0</DistanceMeters>
            <HeartRateBpm>
              <Value>86</Value>
            </HeartRateBpm>
            <Extensions>
              <ns3:TPX/>
            </Extensions>
          </Trackpoint>
          <Trackpoint>
            <Time>2026-05-28T20:19:15.000Z</Time>
            <DistanceMeters>0.0</DistanceMeters>
            <HeartRateBpm>
              <Value>85</Value>
            </HeartRateBpm>
            <Extensions>
              <ns3:TPX/>
            </Extensions>
          </Trackpoint>
          <Trackpoint>
            <Time>2026-05-28T20:19:20.000Z</Time>
            <DistanceMeters>0.0</DistanceMeters>
            <HeartRateBpm>
              <Value>86</Value>
            </HeartRateBpm>
            <Extensions>
              <ns3:TPX/>
            </Extensions>
          </Trackpoint>
          <Trackpoint>
            <Time>2026-05-28T20:19:23.000Z</Time>
            <DistanceMeters>0.0</DistanceMeters>
            <HeartRateBpm>
              <Value>87</Value>
            </HeartRateBpm>
            <Extensions>
              <ns3:TPX/>
            </Extensions>
          </Trackpoint>
          <Trackpoint>
            <Time>2026-05-28T20:19:25.000Z</Time>
            <DistanceMeters>0.0</DistanceMeters>
            <HeartRateBpm>
              <Value>86</Value>
            </HeartRateBpm>
            <Extensions>
              <ns3:TPX/>
            </Extensions>
          </Trackpoint>
          <Trackpoint>
            <Time>2026-05-28T20:19:34.000Z</Time>
            <DistanceMeters>0.0</DistanceMeters>
            <HeartRateBpm>
              <Value>88</Value>
            </HeartRateBpm>
            <Extensions>
              <ns3:TPX/>
            </Extensions>
          </Trackpoint>
          <Trackpoint>
            <Time>2026-05-28T20:19:35.000Z</Time>
            <DistanceMeters>0.0</DistanceMeters>
            <HeartRateBpm>
              <Value>89</Value>
            </HeartRateBpm>
            <Extensions>
              <ns3:TPX/>
            </Extensions>
          </Trackpoint>
          <Trackpoint>
            <Time>2026-05-28T20:19:36.000Z</Time>
            <DistanceMeters>0.0</DistanceMeters>
            <HeartRateBpm>
              <Value>90</Value>
            </HeartRateBpm>
            <Extensions>
              <ns3:TPX/>
            </Extensions>
          </Trackpoint>
          <Trackpoint>
            <Time>2026-05-28T20:19:37.000Z</Time>
            <DistanceMeters>0.0</DistanceMeters>
            <HeartRateBpm>
              <Value>91</Value>
            </HeartRateBpm>
            <Extensions>
              <ns3:TPX/>
            </Extensions>
          </Trackpoint>
          <Trackpoint>
            <Time>2026-05-28T20:19:39.000Z</Time>
            <DistanceMeters>0.0</DistanceMeters>
            <HeartRateBpm>
              <Value>92</Value>
            </HeartRateBpm>
            <Extensions>
              <ns3:TPX/>
            </Extensions>
          </Trackpoint>
          <Trackpoint>
            <Time>2026-05-28T20:19:42.000Z</Time>
            <DistanceMeters>0.0</DistanceMeters>
            <HeartRateBpm>
              <Value>94</Value>
            </HeartRateBpm>
            <Extensions>
              <ns3:TPX/>
            </Extensions>
          </Trackpoint>
          <Trackpoint>
            <Time>2026-05-28T20:19:43.000Z</Time>
            <DistanceMeters>0.0</DistanceMeters>
            <HeartRateBpm>
              <Value>95</Value>
            </HeartRateBpm>
            <Extensions>
              <ns3:TPX/>
            </Extensions>
          </Trackpoint>
          <Trackpoint>
            <Time>2026-05-28T20:19:44.000Z</Time>
            <DistanceMeters>0.0</DistanceMeters>
            <HeartRateBpm>
              <Value>96</Value>
            </HeartRateBpm>
            <Extensions>
              <ns3:TPX/>
            </Extensions>
          </Trackpoint>
          <Trackpoint>
            <Time>2026-05-28T20:19:57.000Z</Time>
            <DistanceMeters>0.0</DistanceMeters>
            <HeartRateBpm>
              <Value>98</Value>
            </HeartRateBpm>
            <Extensions>
              <ns3:TPX/>
            </Extensions>
          </Trackpoint>
          <Trackpoint>
            <Time>2026-05-28T20:19:59.000Z</Time>
            <DistanceMeters>0.0</DistanceMeters>
            <HeartRateBpm>
              <Value>99</Value>
            </HeartRateBpm>
            <Extensions>
              <ns3:TPX/>
            </Extensions>
          </Trackpoint>
          <Trackpoint>
            <Time>2026-05-28T20:20:00.000Z</Time>
            <DistanceMeters>0.0</DistanceMeters>
            <HeartRateBpm>
              <Value>100</Value>
            </HeartRateBpm>
            <Extensions>
              <ns3:TPX/>
            </Extensions>
          </Trackpoint>
          <Trackpoint>
            <Time>2026-05-28T20:20:01.000Z</Time>
            <DistanceMeters>0.0</DistanceMeters>
            <HeartRateBpm>
              <Value>98</Value>
            </HeartRateBpm>
            <Extensions>
              <ns3:TPX/>
            </Extensions>
          </Trackpoint>
          <Trackpoint>
            <Time>2026-05-28T20:20:02.000Z</Time>
            <DistanceMeters>0.0</DistanceMeters>
            <HeartRateBpm>
              <Value>95</Value>
            </HeartRateBpm>
            <Extensions>
              <ns3:TPX/>
            </Extensions>
          </Trackpoint>
          <Trackpoint>
            <Time>2026-05-28T20:20:03.000Z</Time>
            <DistanceMeters>0.0</DistanceMeters>
            <HeartRateBpm>
              <Value>95</Value>
            </HeartRateBpm>
            <Extensions>
              <ns3:TPX/>
            </Extensions>
          </Trackpoint>
          <Trackpoint>
            <Time>2026-05-28T20:20:04.000Z</Time>
            <DistanceMeters>0.0</DistanceMeters>
            <HeartRateBpm>
              <Value>96</Value>
            </HeartRateBpm>
            <Extensions>
              <ns3:TPX/>
            </Extensions>
          </Trackpoint>
          <Trackpoint>
            <Time>2026-05-28T20:20:05.000Z</Time>
            <DistanceMeters>0.0</DistanceMeters>
            <HeartRateBpm>
              <Value>97</Value>
            </HeartRateBpm>
            <Extensions>
              <ns3:TPX/>
            </Extensions>
          </Trackpoint>
          <Trackpoint>
            <Time>2026-05-28T20:20:06.000Z</Time>
            <DistanceMeters>0.0</DistanceMeters>
            <HeartRateBpm>
              <Value>98</Value>
            </HeartRateBpm>
            <Extensions>
              <ns3:TPX/>
            </Extensions>
          </Trackpoint>
          <Trackpoint>
            <Time>2026-05-28T20:20:07.000Z</Time>
            <DistanceMeters>0.0</DistanceMeters>
            <HeartRateBpm>
              <Value>99</Value>
            </HeartRateBpm>
            <Extensions>
              <ns3:TPX/>
            </Extensions>
          </Trackpoint>
          <Trackpoint>
            <Time>2026-05-28T20:20:09.000Z</Time>
            <DistanceMeters>0.0</DistanceMeters>
            <HeartRateBpm>
              <Value>100</Value>
            </HeartRateBpm>
            <Extensions>
              <ns3:TPX/>
            </Extensions>
          </Trackpoint>
          <Trackpoint>
            <Time>2026-05-28T20:20:10.000Z</Time>
            <DistanceMeters>0.0</DistanceMeters>
            <HeartRateBpm>
              <Value>99</Value>
            </HeartRateBpm>
            <Extensions>
              <ns3:TPX/>
            </Extensions>
          </Trackpoint>
          <Trackpoint>
            <Time>2026-05-28T20:20:13.000Z</Time>
            <DistanceMeters>0.0</DistanceMeters>
            <HeartRateBpm>
              <Value>98</Value>
            </HeartRateBpm>
            <Extensions>
              <ns3:TPX/>
            </Extensions>
          </Trackpoint>
          <Trackpoint>
            <Time>2026-05-28T20:20:14.000Z</Time>
            <DistanceMeters>0.0</DistanceMeters>
            <HeartRateBpm>
              <Value>99</Value>
            </HeartRateBpm>
            <Extensions>
              <ns3:TPX/>
            </Extensions>
          </Trackpoint>
          <Trackpoint>
            <Time>2026-05-28T20:20:15.000Z</Time>
            <DistanceMeters>0.0</DistanceMeters>
            <HeartRateBpm>
              <Value>98</Value>
            </HeartRateBpm>
            <Extensions>
              <ns3:TPX/>
            </Extensions>
          </Trackpoint>
          <Trackpoint>
            <Time>2026-05-28T20:20:20.000Z</Time>
            <DistanceMeters>0.0</DistanceMeters>
            <HeartRateBpm>
              <Value>99</Value>
            </HeartRateBpm>
            <Extensions>
              <ns3:TPX/>
            </Extensions>
          </Trackpoint>
          <Trackpoint>
            <Time>2026-05-28T20:20:22.000Z</Time>
            <DistanceMeters>0.0</DistanceMeters>
            <HeartRateBpm>
              <Value>100</Value>
            </HeartRateBpm>
            <Extensions>
              <ns3:TPX/>
            </Extensions>
          </Trackpoint>
          <Trackpoint>
            <Time>2026-05-28T20:20:24.000Z</Time>
            <DistanceMeters>0.0</DistanceMeters>
            <HeartRateBpm>
              <Value>101</Value>
            </HeartRateBpm>
            <Extensions>
              <ns3:TPX/>
            </Extensions>
          </Trackpoint>
          <Trackpoint>
            <Time>2026-05-28T20:20:27.000Z</Time>
            <DistanceMeters>0.0</DistanceMeters>
            <HeartRateBpm>
              <Value>102</Value>
            </HeartRateBpm>
            <Extensions>
              <ns3:TPX/>
            </Extensions>
          </Trackpoint>
          <Trackpoint>
            <Time>2026-05-28T20:20:28.000Z</Time>
            <DistanceMeters>0.0</DistanceMeters>
            <HeartRateBpm>
              <Value>103</Value>
            </HeartRateBpm>
            <Extensions>
              <ns3:TPX/>
            </Extensions>
          </Trackpoint>
          <Trackpoint>
            <Time>2026-05-28T20:20:30.000Z</Time>
            <DistanceMeters>0.0</DistanceMeters>
            <HeartRateBpm>
              <Value>104</Value>
            </HeartRateBpm>
            <Extensions>
              <ns3:TPX/>
            </Extensions>
          </Trackpoint>
          <Trackpoint>
            <Time>2026-05-28T20:20:32.000Z</Time>
            <DistanceMeters>0.0</DistanceMeters>
            <HeartRateBpm>
              <Value>105</Value>
            </HeartRateBpm>
            <Extensions>
              <ns3:TPX/>
            </Extensions>
          </Trackpoint>
          <Trackpoint>
            <Time>2026-05-28T20:20:42.000Z</Time>
            <DistanceMeters>0.0</DistanceMeters>
            <HeartRateBpm>
              <Value>106</Value>
            </HeartRateBpm>
            <Extensions>
              <ns3:TPX/>
            </Extensions>
          </Trackpoint>
          <Trackpoint>
            <Time>2026-05-28T20:20:43.000Z</Time>
            <DistanceMeters>0.0</DistanceMeters>
            <HeartRateBpm>
              <Value>107</Value>
            </HeartRateBpm>
            <Extensions>
              <ns3:TPX/>
            </Extensions>
          </Trackpoint>
          <Trackpoint>
            <Time>2026-05-28T20:20:44.000Z</Time>
            <DistanceMeters>0.0</DistanceMeters>
            <HeartRateBpm>
              <Value>108</Value>
            </HeartRateBpm>
            <Extensions>
              <ns3:TPX/>
            </Extensions>
          </Trackpoint>
          <Trackpoint>
            <Time>2026-05-28T20:20:46.000Z</Time>
            <DistanceMeters>0.0</DistanceMeters>
            <HeartRateBpm>
              <Value>109</Value>
            </HeartRateBpm>
            <Extensions>
              <ns3:TPX/>
            </Extensions>
          </Trackpoint>
          <Trackpoint>
            <Time>2026-05-28T20:21:03.000Z</Time>
            <DistanceMeters>0.0</DistanceMeters>
            <HeartRateBpm>
              <Value>108</Value>
            </HeartRateBpm>
            <Extensions>
              <ns3:TPX/>
            </Extensions>
          </Trackpoint>
          <Trackpoint>
            <Time>2026-05-28T20:21:04.000Z</Time>
            <DistanceMeters>0.0</DistanceMeters>
            <HeartRateBpm>
              <Value>107</Value>
            </HeartRateBpm>
            <Extensions>
              <ns3:TPX/>
            </Extensions>
          </Trackpoint>
          <Trackpoint>
            <Time>2026-05-28T20:21:06.000Z</Time>
            <DistanceMeters>0.0</DistanceMeters>
            <HeartRateBpm>
              <Value>106</Value>
            </HeartRateBpm>
            <Extensions>
              <ns3:TPX/>
            </Extensions>
          </Trackpoint>
          <Trackpoint>
            <Time>2026-05-28T20:21:07.000Z</Time>
            <DistanceMeters>0.0</DistanceMeters>
            <HeartRateBpm>
              <Value>105</Value>
            </HeartRateBpm>
            <Extensions>
              <ns3:TPX/>
            </Extensions>
          </Trackpoint>
          <Trackpoint>
            <Time>2026-05-28T20:21:10.000Z</Time>
            <DistanceMeters>0.0</DistanceMeters>
            <HeartRateBpm>
              <Value>104</Value>
            </HeartRateBpm>
            <Extensions>
              <ns3:TPX/>
            </Extensions>
          </Trackpoint>
          <Trackpoint>
            <Time>2026-05-28T20:21:12.000Z</Time>
            <DistanceMeters>0.0</DistanceMeters>
            <HeartRateBpm>
              <Value>105</Value>
            </HeartRateBpm>
            <Extensions>
              <ns3:TPX/>
            </Extensions>
          </Trackpoint>
          <Trackpoint>
            <Time>2026-05-28T20:21:14.000Z</Time>
            <DistanceMeters>0.0</DistanceMeters>
            <HeartRateBpm>
              <Value>106</Value>
            </HeartRateBpm>
            <Extensions>
              <ns3:TPX/>
            </Extensions>
          </Trackpoint>
          <Trackpoint>
            <Time>2026-05-28T20:21:16.000Z</Time>
            <DistanceMeters>0.0</DistanceMeters>
            <HeartRateBpm>
              <Value>107</Value>
            </HeartRateBpm>
            <Extensions>
              <ns3:TPX/>
            </Extensions>
          </Trackpoint>
          <Trackpoint>
            <Time>2026-05-28T20:21:19.000Z</Time>
            <DistanceMeters>0.0</DistanceMeters>
            <HeartRateBpm>
              <Value>106</Value>
            </HeartRateBpm>
            <Extensions>
              <ns3:TPX/>
            </Extensions>
          </Trackpoint>
          <Trackpoint>
            <Time>2026-05-28T20:21:21.000Z</Time>
            <DistanceMeters>0.0</DistanceMeters>
            <HeartRateBpm>
              <Value>105</Value>
            </HeartRateBpm>
            <Extensions>
              <ns3:TPX/>
            </Extensions>
          </Trackpoint>
          <Trackpoint>
            <Time>2026-05-28T20:21:24.000Z</Time>
            <DistanceMeters>0.0</DistanceMeters>
            <HeartRateBpm>
              <Value>104</Value>
            </HeartRateBpm>
            <Extensions>
              <ns3:TPX/>
            </Extensions>
          </Trackpoint>
          <Trackpoint>
            <Time>2026-05-28T20:21:26.000Z</Time>
            <DistanceMeters>0.0</DistanceMeters>
            <HeartRateBpm>
              <Value>103</Value>
            </HeartRateBpm>
            <Extensions>
              <ns3:TPX/>
            </Extensions>
          </Trackpoint>
          <Trackpoint>
            <Time>2026-05-28T20:21:30.000Z</Time>
            <DistanceMeters>0.0</DistanceMeters>
            <HeartRateBpm>
              <Value>102</Value>
            </HeartRateBpm>
            <Extensions>
              <ns3:TPX/>
            </Extensions>
          </Trackpoint>
          <Trackpoint>
            <Time>2026-05-28T20:21:34.000Z</Time>
            <DistanceMeters>0.0</DistanceMeters>
            <HeartRateBpm>
              <Value>101</Value>
            </HeartRateBpm>
            <Extensions>
              <ns3:TPX/>
            </Extensions>
          </Trackpoint>
          <Trackpoint>
            <Time>2026-05-28T20:21:35.000Z</Time>
            <DistanceMeters>0.0</DistanceMeters>
            <HeartRateBpm>
              <Value>100</Value>
            </HeartRateBpm>
            <Extensions>
              <ns3:TPX/>
            </Extensions>
          </Trackpoint>
          <Trackpoint>
            <Time>2026-05-28T20:21:36.000Z</Time>
            <DistanceMeters>0.0</DistanceMeters>
            <HeartRateBpm>
              <Value>99</Value>
            </HeartRateBpm>
            <Extensions>
              <ns3:TPX/>
            </Extensions>
          </Trackpoint>
          <Trackpoint>
            <Time>2026-05-28T20:21:37.000Z</Time>
            <DistanceMeters>0.0</DistanceMeters>
            <HeartRateBpm>
              <Value>98</Value>
            </HeartRateBpm>
            <Extensions>
              <ns3:TPX/>
            </Extensions>
          </Trackpoint>
          <Trackpoint>
            <Time>2026-05-28T20:21:38.000Z</Time>
            <DistanceMeters>0.0</DistanceMeters>
            <HeartRateBpm>
              <Value>97</Value>
            </HeartRateBpm>
            <Extensions>
              <ns3:TPX/>
            </Extensions>
          </Trackpoint>
          <Trackpoint>
            <Time>2026-05-28T20:21:39.000Z</Time>
            <DistanceMeters>0.0</DistanceMeters>
            <HeartRateBpm>
              <Value>96</Value>
            </HeartRateBpm>
            <Extensions>
              <ns3:TPX/>
            </Extensions>
          </Trackpoint>
          <Trackpoint>
            <Time>2026-05-28T20:21:40.000Z</Time>
            <DistanceMeters>0.0</DistanceMeters>
            <HeartRateBpm>
              <Value>95</Value>
            </HeartRateBpm>
            <Extensions>
              <ns3:TPX/>
            </Extensions>
          </Trackpoint>
          <Trackpoint>
            <Time>2026-05-28T20:21:41.000Z</Time>
            <DistanceMeters>0.0</DistanceMeters>
            <HeartRateBpm>
              <Value>92</Value>
            </HeartRateBpm>
            <Extensions>
              <ns3:TPX/>
            </Extensions>
          </Trackpoint>
          <Trackpoint>
            <Time>2026-05-28T20:21:42.000Z</Time>
            <DistanceMeters>0.0</DistanceMeters>
            <HeartRateBpm>
              <Value>89</Value>
            </HeartRateBpm>
            <Extensions>
              <ns3:TPX/>
            </Extensions>
          </Trackpoint>
          <Trackpoint>
            <Time>2026-05-28T20:21:43.000Z</Time>
            <DistanceMeters>0.0</DistanceMeters>
            <HeartRateBpm>
              <Value>87</Value>
            </HeartRateBpm>
            <Extensions>
              <ns3:TPX/>
            </Extensions>
          </Trackpoint>
          <Trackpoint>
            <Time>2026-05-28T20:21:47.000Z</Time>
            <DistanceMeters>0.0</DistanceMeters>
            <HeartRateBpm>
              <Value>89</Value>
            </HeartRateBpm>
            <Extensions>
              <ns3:TPX/>
            </Extensions>
          </Trackpoint>
          <Trackpoint>
            <Time>2026-05-28T20:21:49.000Z</Time>
            <DistanceMeters>0.0</DistanceMeters>
            <HeartRateBpm>
              <Value>94</Value>
            </HeartRateBpm>
            <Extensions>
              <ns3:TPX/>
            </Extensions>
          </Trackpoint>
          <Trackpoint>
            <Time>2026-05-28T20:21:50.000Z</Time>
            <DistanceMeters>0.0</DistanceMeters>
            <HeartRateBpm>
              <Value>95</Value>
            </HeartRateBpm>
            <Extensions>
              <ns3:TPX/>
            </Extensions>
          </Trackpoint>
          <Trackpoint>
            <Time>2026-05-28T20:21:51.000Z</Time>
            <DistanceMeters>0.0</DistanceMeters>
            <HeartRateBpm>
              <Value>98</Value>
            </HeartRateBpm>
            <Extensions>
              <ns3:TPX/>
            </Extensions>
          </Trackpoint>
          <Trackpoint>
            <Time>2026-05-28T20:21:52.000Z</Time>
            <DistanceMeters>0.0</DistanceMeters>
            <HeartRateBpm>
              <Value>99</Value>
            </HeartRateBpm>
            <Extensions>
              <ns3:TPX/>
            </Extensions>
          </Trackpoint>
          <Trackpoint>
            <Time>2026-05-28T20:21:56.000Z</Time>
            <DistanceMeters>0.0</DistanceMeters>
            <HeartRateBpm>
              <Value>98</Value>
            </HeartRateBpm>
            <Extensions>
              <ns3:TPX/>
            </Extensions>
          </Trackpoint>
          <Trackpoint>
            <Time>2026-05-28T20:21:57.000Z</Time>
            <DistanceMeters>0.0</DistanceMeters>
            <HeartRateBpm>
              <Value>97</Value>
            </HeartRateBpm>
            <Extensions>
              <ns3:TPX/>
            </Extensions>
          </Trackpoint>
          <Trackpoint>
            <Time>2026-05-28T20:21:58.000Z</Time>
            <DistanceMeters>0.0</DistanceMeters>
            <HeartRateBpm>
              <Value>95</Value>
            </HeartRateBpm>
            <Extensions>
              <ns3:TPX/>
            </Extensions>
          </Trackpoint>
          <Trackpoint>
            <Time>2026-05-28T20:21:59.000Z</Time>
            <DistanceMeters>0.0</DistanceMeters>
            <HeartRateBpm>
              <Value>91</Value>
            </HeartRateBpm>
            <Extensions>
              <ns3:TPX/>
            </Extensions>
          </Trackpoint>
          <Trackpoint>
            <Time>2026-05-28T20:22:00.000Z</Time>
            <DistanceMeters>0.0</DistanceMeters>
            <HeartRateBpm>
              <Value>90</Value>
            </HeartRateBpm>
            <Extensions>
              <ns3:TPX/>
            </Extensions>
          </Trackpoint>
          <Trackpoint>
            <Time>2026-05-28T20:22:01.000Z</Time>
            <DistanceMeters>0.0</DistanceMeters>
            <HeartRateBpm>
              <Value>89</Value>
            </HeartRateBpm>
            <Extensions>
              <ns3:TPX/>
            </Extensions>
          </Trackpoint>
          <Trackpoint>
            <Time>2026-05-28T20:22:03.000Z</Time>
            <DistanceMeters>0.0</DistanceMeters>
            <HeartRateBpm>
              <Value>90</Value>
            </HeartRateBpm>
            <Extensions>
              <ns3:TPX/>
            </Extensions>
          </Trackpoint>
          <Trackpoint>
            <Time>2026-05-28T20:22:04.000Z</Time>
            <DistanceMeters>0.0</DistanceMeters>
            <HeartRateBpm>
              <Value>91</Value>
            </HeartRateBpm>
            <Extensions>
              <ns3:TPX/>
            </Extensions>
          </Trackpoint>
          <Trackpoint>
            <Time>2026-05-28T20:22:07.000Z</Time>
            <DistanceMeters>0.0</DistanceMeters>
            <HeartRateBpm>
              <Value>91</Value>
            </HeartRateBpm>
            <Extensions>
              <ns3:TPX/>
            </Extensions>
          </Trackpoint>
          <Trackpoint>
            <Time>2026-05-28T20:22:11.000Z</Time>
            <DistanceMeters>0.0</DistanceMeters>
            <HeartRateBpm>
              <Value>92</Value>
            </HeartRateBpm>
            <Extensions>
              <ns3:TPX/>
            </Extensions>
          </Trackpoint>
          <Trackpoint>
            <Time>2026-05-28T20:22:13.000Z</Time>
            <DistanceMeters>0.0</DistanceMeters>
            <HeartRateBpm>
              <Value>91</Value>
            </HeartRateBpm>
            <Extensions>
              <ns3:TPX/>
            </Extensions>
          </Trackpoint>
          <Trackpoint>
            <Time>2026-05-28T20:22:14.000Z</Time>
            <DistanceMeters>0.0</DistanceMeters>
            <HeartRateBpm>
              <Value>88</Value>
            </HeartRateBpm>
            <Extensions>
              <ns3:TPX/>
            </Extensions>
          </Trackpoint>
          <Trackpoint>
            <Time>2026-05-28T20:22:15.000Z</Time>
            <DistanceMeters>0.0</DistanceMeters>
            <HeartRateBpm>
              <Value>87</Value>
            </HeartRateBpm>
            <Extensions>
              <ns3:TPX/>
            </Extensions>
          </Trackpoint>
          <Trackpoint>
            <Time>2026-05-28T20:22:16.000Z</Time>
            <DistanceMeters>0.0</DistanceMeters>
            <HeartRateBpm>
              <Value>86</Value>
            </HeartRateBpm>
            <Extensions>
              <ns3:TPX/>
            </Extensions>
          </Trackpoint>
          <Trackpoint>
            <Time>2026-05-28T20:22:18.000Z</Time>
            <DistanceMeters>0.0</DistanceMeters>
            <HeartRateBpm>
              <Value>89</Value>
            </HeartRateBpm>
            <Extensions>
              <ns3:TPX/>
            </Extensions>
          </Trackpoint>
          <Trackpoint>
            <Time>2026-05-28T20:22:22.000Z</Time>
            <DistanceMeters>0.0</DistanceMeters>
            <HeartRateBpm>
              <Value>90</Value>
            </HeartRateBpm>
            <Extensions>
              <ns3:TPX/>
            </Extensions>
          </Trackpoint>
          <Trackpoint>
            <Time>2026-05-28T20:22:23.000Z</Time>
            <DistanceMeters>0.0</DistanceMeters>
            <HeartRateBpm>
              <Value>91</Value>
            </HeartRateBpm>
            <Extensions>
              <ns3:TPX/>
            </Extensions>
          </Trackpoint>
          <Trackpoint>
            <Time>2026-05-28T20:22:24.000Z</Time>
            <DistanceMeters>0.0</DistanceMeters>
            <HeartRateBpm>
              <Value>93</Value>
            </HeartRateBpm>
            <Extensions>
              <ns3:TPX/>
            </Extensions>
          </Trackpoint>
          <Trackpoint>
            <Time>2026-05-28T20:22:25.000Z</Time>
            <DistanceMeters>0.0</DistanceMeters>
            <HeartRateBpm>
              <Value>94</Value>
            </HeartRateBpm>
            <Extensions>
              <ns3:TPX/>
            </Extensions>
          </Trackpoint>
          <Trackpoint>
            <Time>2026-05-28T20:22:26.000Z</Time>
            <DistanceMeters>0.0</DistanceMeters>
            <HeartRateBpm>
              <Value>95</Value>
            </HeartRateBpm>
            <Extensions>
              <ns3:TPX/>
            </Extensions>
          </Trackpoint>
          <Trackpoint>
            <Time>2026-05-28T20:22:28.000Z</Time>
            <DistanceMeters>0.0</DistanceMeters>
            <HeartRateBpm>
              <Value>96</Value>
            </HeartRateBpm>
            <Extensions>
              <ns3:TPX/>
            </Extensions>
          </Trackpoint>
          <Trackpoint>
            <Time>2026-05-28T20:22:31.000Z</Time>
            <DistanceMeters>0.0</DistanceMeters>
            <HeartRateBpm>
              <Value>98</Value>
            </HeartRateBpm>
            <Extensions>
              <ns3:TPX/>
            </Extensions>
          </Trackpoint>
          <Trackpoint>
            <Time>2026-05-28T20:22:37.000Z</Time>
            <DistanceMeters>0.0</DistanceMeters>
            <HeartRateBpm>
              <Value>99</Value>
            </HeartRateBpm>
            <Extensions>
              <ns3:TPX/>
            </Extensions>
          </Trackpoint>
          <Trackpoint>
            <Time>2026-05-28T20:22:38.000Z</Time>
            <DistanceMeters>0.0</DistanceMeters>
            <HeartRateBpm>
              <Value>98</Value>
            </HeartRateBpm>
            <Extensions>
              <ns3:TPX/>
            </Extensions>
          </Trackpoint>
          <Trackpoint>
            <Time>2026-05-28T20:22:41.000Z</Time>
            <DistanceMeters>0.0</DistanceMeters>
            <HeartRateBpm>
              <Value>99</Value>
            </HeartRateBpm>
            <Extensions>
              <ns3:TPX/>
            </Extensions>
          </Trackpoint>
          <Trackpoint>
            <Time>2026-05-28T20:22:43.000Z</Time>
            <DistanceMeters>0.0</DistanceMeters>
            <HeartRateBpm>
              <Value>100</Value>
            </HeartRateBpm>
            <Extensions>
              <ns3:TPX/>
            </Extensions>
          </Trackpoint>
          <Trackpoint>
            <Time>2026-05-28T20:22:45.000Z</Time>
            <DistanceMeters>0.0</DistanceMeters>
            <HeartRateBpm>
              <Value>102</Value>
            </HeartRateBpm>
            <Extensions>
              <ns3:TPX/>
            </Extensions>
          </Trackpoint>
          <Trackpoint>
            <Time>2026-05-28T20:22:54.000Z</Time>
            <DistanceMeters>0.0</DistanceMeters>
            <HeartRateBpm>
              <Value>103</Value>
            </HeartRateBpm>
            <Extensions>
              <ns3:TPX/>
            </Extensions>
          </Trackpoint>
          <Trackpoint>
            <Time>2026-05-28T20:22:56.000Z</Time>
            <DistanceMeters>0.0</DistanceMeters>
            <HeartRateBpm>
              <Value>104</Value>
            </HeartRateBpm>
            <Extensions>
              <ns3:TPX/>
            </Extensions>
          </Trackpoint>
          <Trackpoint>
            <Time>2026-05-28T20:22:58.000Z</Time>
            <DistanceMeters>0.0</DistanceMeters>
            <HeartRateBpm>
              <Value>105</Value>
            </HeartRateBpm>
            <Extensions>
              <ns3:TPX/>
            </Extensions>
          </Trackpoint>
          <Trackpoint>
            <Time>2026-05-28T20:23:01.000Z</Time>
            <DistanceMeters>0.0</DistanceMeters>
            <HeartRateBpm>
              <Value>104</Value>
            </HeartRateBpm>
            <Extensions>
              <ns3:TPX/>
            </Extensions>
          </Trackpoint>
          <Trackpoint>
            <Time>2026-05-28T20:23:02.000Z</Time>
            <DistanceMeters>0.0</DistanceMeters>
            <HeartRateBpm>
              <Value>100</Value>
            </HeartRateBpm>
            <Extensions>
              <ns3:TPX/>
            </Extensions>
          </Trackpoint>
          <Trackpoint>
            <Time>2026-05-28T20:23:03.000Z</Time>
            <DistanceMeters>0.0</DistanceMeters>
            <HeartRateBpm>
              <Value>98</Value>
            </HeartRateBpm>
            <Extensions>
              <ns3:TPX/>
            </Extensions>
          </Trackpoint>
          <Trackpoint>
            <Time>2026-05-28T20:23:04.000Z</Time>
            <DistanceMeters>0.0</DistanceMeters>
            <HeartRateBpm>
              <Value>95</Value>
            </HeartRateBpm>
            <Extensions>
              <ns3:TPX/>
            </Extensions>
          </Trackpoint>
          <Trackpoint>
            <Time>2026-05-28T20:23:05.000Z</Time>
            <DistanceMeters>0.0</DistanceMeters>
            <HeartRateBpm>
              <Value>95</Value>
            </HeartRateBpm>
            <Extensions>
              <ns3:TPX/>
            </Extensions>
          </Trackpoint>
          <Trackpoint>
            <Time>2026-05-28T20:23:09.000Z</Time>
            <DistanceMeters>0.0</DistanceMeters>
            <HeartRateBpm>
              <Value>96</Value>
            </HeartRateBpm>
            <Extensions>
              <ns3:TPX/>
            </Extensions>
          </Trackpoint>
          <Trackpoint>
            <Time>2026-05-28T20:23:12.000Z</Time>
            <DistanceMeters>0.0</DistanceMeters>
            <HeartRateBpm>
              <Value>95</Value>
            </HeartRateBpm>
            <Extensions>
              <ns3:TPX/>
            </Extensions>
          </Trackpoint>
          <Trackpoint>
            <Time>2026-05-28T20:23:13.000Z</Time>
            <DistanceMeters>0.0</DistanceMeters>
            <HeartRateBpm>
              <Value>96</Value>
            </HeartRateBpm>
            <Extensions>
              <ns3:TPX/>
            </Extensions>
          </Trackpoint>
          <Trackpoint>
            <Time>2026-05-28T20:23:19.000Z</Time>
            <DistanceMeters>0.0</DistanceMeters>
            <HeartRateBpm>
              <Value>97</Value>
            </HeartRateBpm>
            <Extensions>
              <ns3:TPX/>
            </Extensions>
          </Trackpoint>
          <Trackpoint>
            <Time>2026-05-28T20:23:21.000Z</Time>
            <DistanceMeters>0.0</DistanceMeters>
            <HeartRateBpm>
              <Value>98</Value>
            </HeartRateBpm>
            <Extensions>
              <ns3:TPX/>
            </Extensions>
          </Trackpoint>
          <Trackpoint>
            <Time>2026-05-28T20:23:25.000Z</Time>
            <DistanceMeters>0.0</DistanceMeters>
            <HeartRateBpm>
              <Value>99</Value>
            </HeartRateBpm>
            <Extensions>
              <ns3:TPX/>
            </Extensions>
          </Trackpoint>
          <Trackpoint>
            <Time>2026-05-28T20:23:27.000Z</Time>
            <DistanceMeters>0.0</DistanceMeters>
            <HeartRateBpm>
              <Value>100</Value>
            </HeartRateBpm>
            <Extensions>
              <ns3:TPX/>
            </Extensions>
          </Trackpoint>
          <Trackpoint>
            <Time>2026-05-28T20:23:29.000Z</Time>
            <DistanceMeters>0.0</DistanceMeters>
            <HeartRateBpm>
              <Value>101</Value>
            </HeartRateBpm>
            <Extensions>
              <ns3:TPX/>
            </Extensions>
          </Trackpoint>
          <Trackpoint>
            <Time>2026-05-28T20:23:31.000Z</Time>
            <DistanceMeters>0.0</DistanceMeters>
            <HeartRateBpm>
              <Value>102</Value>
            </HeartRateBpm>
            <Extensions>
              <ns3:TPX/>
            </Extensions>
          </Trackpoint>
          <Trackpoint>
            <Time>2026-05-28T20:23:33.000Z</Time>
            <DistanceMeters>0.0</DistanceMeters>
            <HeartRateBpm>
              <Value>103</Value>
            </HeartRateBpm>
            <Extensions>
              <ns3:TPX/>
            </Extensions>
          </Trackpoint>
          <Trackpoint>
            <Time>2026-05-28T20:23:34.000Z</Time>
            <DistanceMeters>0.0</DistanceMeters>
            <HeartRateBpm>
              <Value>102</Value>
            </HeartRateBpm>
            <Extensions>
              <ns3:TPX/>
            </Extensions>
          </Trackpoint>
          <Trackpoint>
            <Time>2026-05-28T20:23:39.000Z</Time>
            <DistanceMeters>0.0</DistanceMeters>
            <HeartRateBpm>
              <Value>103</Value>
            </HeartRateBpm>
            <Extensions>
              <ns3:TPX/>
            </Extensions>
          </Trackpoint>
          <Trackpoint>
            <Time>2026-05-28T20:23:43.000Z</Time>
            <DistanceMeters>0.0</DistanceMeters>
            <HeartRateBpm>
              <Value>102</Value>
            </HeartRateBpm>
            <Extensions>
              <ns3:TPX/>
            </Extensions>
          </Trackpoint>
          <Trackpoint>
            <Time>2026-05-28T20:23:45.000Z</Time>
            <DistanceMeters>0.0</DistanceMeters>
            <HeartRateBpm>
              <Value>101</Value>
            </HeartRateBpm>
            <Extensions>
              <ns3:TPX/>
            </Extensions>
          </Trackpoint>
          <Trackpoint>
            <Time>2026-05-28T20:23:47.000Z</Time>
            <DistanceMeters>0.0</DistanceMeters>
            <HeartRateBpm>
              <Value>98</Value>
            </HeartRateBpm>
            <Extensions>
              <ns3:TPX/>
            </Extensions>
          </Trackpoint>
          <Trackpoint>
            <Time>2026-05-28T20:23:48.000Z</Time>
            <DistanceMeters>0.0</DistanceMeters>
            <HeartRateBpm>
              <Value>96</Value>
            </HeartRateBpm>
            <Extensions>
              <ns3:TPX/>
            </Extensions>
          </Trackpoint>
          <Trackpoint>
            <Time>2026-05-28T20:23:49.000Z</Time>
            <DistanceMeters>0.0</DistanceMeters>
            <HeartRateBpm>
              <Value>94</Value>
            </HeartRateBpm>
            <Extensions>
              <ns3:TPX/>
            </Extensions>
          </Trackpoint>
          <Trackpoint>
            <Time>2026-05-28T20:23:50.000Z</Time>
            <DistanceMeters>0.0</DistanceMeters>
            <HeartRateBpm>
              <Value>91</Value>
            </HeartRateBpm>
            <Extensions>
              <ns3:TPX/>
            </Extensions>
          </Trackpoint>
          <Trackpoint>
            <Time>2026-05-28T20:23:51.000Z</Time>
            <DistanceMeters>0.0</DistanceMeters>
            <HeartRateBpm>
              <Value>91</Value>
            </HeartRateBpm>
            <Extensions>
              <ns3:TPX/>
            </Extensions>
          </Trackpoint>
          <Trackpoint>
            <Time>2026-05-28T20:23:59.000Z</Time>
            <DistanceMeters>0.0</DistanceMeters>
            <HeartRateBpm>
              <Value>92</Value>
            </HeartRateBpm>
            <Extensions>
              <ns3:TPX/>
            </Extensions>
          </Trackpoint>
          <Trackpoint>
            <Time>2026-05-28T20:24:00.000Z</Time>
            <DistanceMeters>0.0</DistanceMeters>
            <HeartRateBpm>
              <Value>93</Value>
            </HeartRateBpm>
            <Extensions>
              <ns3:TPX/>
            </Extensions>
          </Trackpoint>
          <Trackpoint>
            <Time>2026-05-28T20:24:05.000Z</Time>
            <DistanceMeters>0.0</DistanceMeters>
            <HeartRateBpm>
              <Value>94</Value>
            </HeartRateBpm>
            <Extensions>
              <ns3:TPX/>
            </Extensions>
          </Trackpoint>
          <Trackpoint>
            <Time>2026-05-28T20:24:07.000Z</Time>
            <DistanceMeters>0.0</DistanceMeters>
            <HeartRateBpm>
              <Value>95</Value>
            </HeartRateBpm>
            <Extensions>
              <ns3:TPX/>
            </Extensions>
          </Trackpoint>
          <Trackpoint>
            <Time>2026-05-28T20:24:08.000Z</Time>
            <DistanceMeters>0.0</DistanceMeters>
            <HeartRateBpm>
              <Value>97</Value>
            </HeartRateBpm>
            <Extensions>
              <ns3:TPX/>
            </Extensions>
          </Trackpoint>
          <Trackpoint>
            <Time>2026-05-28T20:24:10.000Z</Time>
            <DistanceMeters>0.0</DistanceMeters>
            <HeartRateBpm>
              <Value>98</Value>
            </HeartRateBpm>
            <Extensions>
              <ns3:TPX/>
            </Extensions>
          </Trackpoint>
          <Trackpoint>
            <Time>2026-05-28T20:24:21.000Z</Time>
            <DistanceMeters>0.0</DistanceMeters>
            <HeartRateBpm>
              <Value>99</Value>
            </HeartRateBpm>
            <Extensions>
              <ns3:TPX/>
            </Extensions>
          </Trackpoint>
          <Trackpoint>
            <Time>2026-05-28T20:24:23.000Z</Time>
            <DistanceMeters>0.0</DistanceMeters>
            <HeartRateBpm>
              <Value>100</Value>
            </HeartRateBpm>
            <Extensions>
              <ns3:TPX/>
            </Extensions>
          </Trackpoint>
          <Trackpoint>
            <Time>2026-05-28T20:24:24.000Z</Time>
            <DistanceMeters>0.0</DistanceMeters>
            <HeartRateBpm>
              <Value>101</Value>
            </HeartRateBpm>
            <Extensions>
              <ns3:TPX/>
            </Extensions>
          </Trackpoint>
          <Trackpoint>
            <Time>2026-05-28T20:24:25.000Z</Time>
            <DistanceMeters>0.0</DistanceMeters>
            <HeartRateBpm>
              <Value>102</Value>
            </HeartRateBpm>
            <Extensions>
              <ns3:TPX/>
            </Extensions>
          </Trackpoint>
          <Trackpoint>
            <Time>2026-05-28T20:24:28.000Z</Time>
            <DistanceMeters>0.0</DistanceMeters>
            <HeartRateBpm>
              <Value>103</Value>
            </HeartRateBpm>
            <Extensions>
              <ns3:TPX/>
            </Extensions>
          </Trackpoint>
          <Trackpoint>
            <Time>2026-05-28T20:24:31.000Z</Time>
            <DistanceMeters>0.0</DistanceMeters>
            <HeartRateBpm>
              <Value>104</Value>
            </HeartRateBpm>
            <Extensions>
              <ns3:TPX/>
            </Extensions>
          </Trackpoint>
          <Trackpoint>
            <Time>2026-05-28T20:24:32.000Z</Time>
            <DistanceMeters>0.0</DistanceMeters>
            <HeartRateBpm>
              <Value>103</Value>
            </HeartRateBpm>
            <Extensions>
              <ns3:TPX/>
            </Extensions>
          </Trackpoint>
          <Trackpoint>
            <Time>2026-05-28T20:24:33.000Z</Time>
            <DistanceMeters>0.0</DistanceMeters>
            <HeartRateBpm>
              <Value>104</Value>
            </HeartRateBpm>
            <Extensions>
              <ns3:TPX/>
            </Extensions>
          </Trackpoint>
          <Trackpoint>
            <Time>2026-05-28T20:24:35.000Z</Time>
            <DistanceMeters>0.0</DistanceMeters>
            <HeartRateBpm>
              <Value>103</Value>
            </HeartRateBpm>
            <Extensions>
              <ns3:TPX/>
            </Extensions>
          </Trackpoint>
          <Trackpoint>
            <Time>2026-05-28T20:24:39.000Z</Time>
            <DistanceMeters>0.0</DistanceMeters>
            <HeartRateBpm>
              <Value>102</Value>
            </HeartRateBpm>
            <Extensions>
              <ns3:TPX/>
            </Extensions>
          </Trackpoint>
          <Trackpoint>
            <Time>2026-05-28T20:24:40.000Z</Time>
            <DistanceMeters>0.0</DistanceMeters>
            <HeartRateBpm>
              <Value>101</Value>
            </HeartRateBpm>
            <Extensions>
              <ns3:TPX/>
            </Extensions>
          </Trackpoint>
          <Trackpoint>
            <Time>2026-05-28T20:24:41.000Z</Time>
            <DistanceMeters>0.0</DistanceMeters>
            <HeartRateBpm>
              <Value>100</Value>
            </HeartRateBpm>
            <Extensions>
              <ns3:TPX/>
            </Extensions>
          </Trackpoint>
          <Trackpoint>
            <Time>2026-05-28T20:24:42.000Z</Time>
            <DistanceMeters>0.0</DistanceMeters>
            <HeartRateBpm>
              <Value>99</Value>
            </HeartRateBpm>
            <Extensions>
              <ns3:TPX/>
            </Extensions>
          </Trackpoint>
          <Trackpoint>
            <Time>2026-05-28T20:24:43.000Z</Time>
            <DistanceMeters>0.0</DistanceMeters>
            <HeartRateBpm>
              <Value>97</Value>
            </HeartRateBpm>
            <Extensions>
              <ns3:TPX/>
            </Extensions>
          </Trackpoint>
          <Trackpoint>
            <Time>2026-05-28T20:24:44.000Z</Time>
            <DistanceMeters>0.0</DistanceMeters>
            <HeartRateBpm>
              <Value>95</Value>
            </HeartRateBpm>
            <Extensions>
              <ns3:TPX/>
            </Extensions>
          </Trackpoint>
          <Trackpoint>
            <Time>2026-05-28T20:24:45.000Z</Time>
            <DistanceMeters>0.0</DistanceMeters>
            <HeartRateBpm>
              <Value>94</Value>
            </HeartRateBpm>
            <Extensions>
              <ns3:TPX/>
            </Extensions>
          </Trackpoint>
          <Trackpoint>
            <Time>2026-05-28T20:24:47.000Z</Time>
            <DistanceMeters>0.0</DistanceMeters>
            <HeartRateBpm>
              <Value>93</Value>
            </HeartRateBpm>
            <Extensions>
              <ns3:TPX/>
            </Extensions>
          </Trackpoint>
          <Trackpoint>
            <Time>2026-05-28T20:24:48.000Z</Time>
            <DistanceMeters>0.0</DistanceMeters>
            <HeartRateBpm>
              <Value>92</Value>
            </HeartRateBpm>
            <Extensions>
              <ns3:TPX/>
            </Extensions>
          </Trackpoint>
          <Trackpoint>
            <Time>2026-05-28T20:24:49.000Z</Time>
            <DistanceMeters>0.0</DistanceMeters>
            <HeartRateBpm>
              <Value>89</Value>
            </HeartRateBpm>
            <Extensions>
              <ns3:TPX/>
            </Extensions>
          </Trackpoint>
          <Trackpoint>
            <Time>2026-05-28T20:24:50.000Z</Time>
            <DistanceMeters>0.0</DistanceMeters>
            <HeartRateBpm>
              <Value>86</Value>
            </HeartRateBpm>
            <Extensions>
              <ns3:TPX/>
            </Extensions>
          </Trackpoint>
          <Trackpoint>
            <Time>2026-05-28T20:24:51.000Z</Time>
            <DistanceMeters>0.0</DistanceMeters>
            <HeartRateBpm>
              <Value>83</Value>
            </HeartRateBpm>
            <Extensions>
              <ns3:TPX/>
            </Extensions>
          </Trackpoint>
          <Trackpoint>
            <Time>2026-05-28T20:24:52.000Z</Time>
            <DistanceMeters>0.0</DistanceMeters>
            <HeartRateBpm>
              <Value>79</Value>
            </HeartRateBpm>
            <Extensions>
              <ns3:TPX/>
            </Extensions>
          </Trackpoint>
          <Trackpoint>
            <Time>2026-05-28T20:24:53.000Z</Time>
            <DistanceMeters>0.0</DistanceMeters>
            <HeartRateBpm>
              <Value>79</Value>
            </HeartRateBpm>
            <Extensions>
              <ns3:TPX/>
            </Extensions>
          </Trackpoint>
          <Trackpoint>
            <Time>2026-05-28T20:24:56.000Z</Time>
            <DistanceMeters>0.0</DistanceMeters>
            <HeartRateBpm>
              <Value>82</Value>
            </HeartRateBpm>
            <Extensions>
              <ns3:TPX/>
            </Extensions>
          </Trackpoint>
          <Trackpoint>
            <Time>2026-05-28T20:24:57.000Z</Time>
            <DistanceMeters>0.0</DistanceMeters>
            <HeartRateBpm>
              <Value>89</Value>
            </HeartRateBpm>
            <Extensions>
              <ns3:TPX/>
            </Extensions>
          </Trackpoint>
          <Trackpoint>
            <Time>2026-05-28T20:24:58.000Z</Time>
            <DistanceMeters>0.0</DistanceMeters>
            <HeartRateBpm>
              <Value>91</Value>
            </HeartRateBpm>
            <Extensions>
              <ns3:TPX/>
            </Extensions>
          </Trackpoint>
          <Trackpoint>
            <Time>2026-05-28T20:24:59.000Z</Time>
            <DistanceMeters>0.0</DistanceMeters>
            <HeartRateBpm>
              <Value>95</Value>
            </HeartRateBpm>
            <Extensions>
              <ns3:TPX/>
            </Extensions>
          </Trackpoint>
          <Trackpoint>
            <Time>2026-05-28T20:25:00.000Z</Time>
            <DistanceMeters>0.0</DistanceMeters>
            <HeartRateBpm>
              <Value>97</Value>
            </HeartRateBpm>
            <Extensions>
              <ns3:TPX/>
            </Extensions>
          </Trackpoint>
          <Trackpoint>
            <Time>2026-05-28T20:25:01.000Z</Time>
            <DistanceMeters>0.0</DistanceMeters>
            <HeartRateBpm>
              <Value>98</Value>
            </HeartRateBpm>
            <Extensions>
              <ns3:TPX/>
            </Extensions>
          </Trackpoint>
          <Trackpoint>
            <Time>2026-05-28T20:25:02.000Z</Time>
            <DistanceMeters>0.0</DistanceMeters>
            <HeartRateBpm>
              <Value>101</Value>
            </HeartRateBpm>
            <Extensions>
              <ns3:TPX/>
            </Extensions>
          </Trackpoint>
          <Trackpoint>
            <Time>2026-05-28T20:25:03.000Z</Time>
            <DistanceMeters>0.0</DistanceMeters>
            <HeartRateBpm>
              <Value>102</Value>
            </HeartRateBpm>
            <Extensions>
              <ns3:TPX/>
            </Extensions>
          </Trackpoint>
          <Trackpoint>
            <Time>2026-05-28T20:25:04.000Z</Time>
            <DistanceMeters>0.0</DistanceMeters>
            <HeartRateBpm>
              <Value>103</Value>
            </HeartRateBpm>
            <Extensions>
              <ns3:TPX/>
            </Extensions>
          </Trackpoint>
          <Trackpoint>
            <Time>2026-05-28T20:25:09.000Z</Time>
            <DistanceMeters>0.0</DistanceMeters>
            <HeartRateBpm>
              <Value>102</Value>
            </HeartRateBpm>
            <Extensions>
              <ns3:TPX/>
            </Extensions>
          </Trackpoint>
          <Trackpoint>
            <Time>2026-05-28T20:25:11.000Z</Time>
            <DistanceMeters>0.0</DistanceMeters>
            <HeartRateBpm>
              <Value>101</Value>
            </HeartRateBpm>
            <Extensions>
              <ns3:TPX/>
            </Extensions>
          </Trackpoint>
          <Trackpoint>
            <Time>2026-05-28T20:25:12.000Z</Time>
            <DistanceMeters>0.0</DistanceMeters>
            <HeartRateBpm>
              <Value>100</Value>
            </HeartRateBpm>
            <Extensions>
              <ns3:TPX/>
            </Extensions>
          </Trackpoint>
          <Trackpoint>
            <Time>2026-05-28T20:25:23.000Z</Time>
            <DistanceMeters>0.0</DistanceMeters>
            <HeartRateBpm>
              <Value>99</Value>
            </HeartRateBpm>
            <Extensions>
              <ns3:TPX/>
            </Extensions>
          </Trackpoint>
          <Trackpoint>
            <Time>2026-05-28T20:25:27.000Z</Time>
            <DistanceMeters>0.0</DistanceMeters>
            <HeartRateBpm>
              <Value>98</Value>
            </HeartRateBpm>
            <Extensions>
              <ns3:TPX/>
            </Extensions>
          </Trackpoint>
          <Trackpoint>
            <Time>2026-05-28T20:25:32.000Z</Time>
            <DistanceMeters>0.0</DistanceMeters>
            <HeartRateBpm>
              <Value>94</Value>
            </HeartRateBpm>
            <Extensions>
              <ns3:TPX/>
            </Extensions>
          </Trackpoint>
          <Trackpoint>
            <Time>2026-05-28T20:25:33.000Z</Time>
            <DistanceMeters>0.0</DistanceMeters>
            <HeartRateBpm>
              <Value>90</Value>
            </HeartRateBpm>
            <Extensions>
              <ns3:TPX/>
            </Extensions>
          </Trackpoint>
          <Trackpoint>
            <Time>2026-05-28T20:25:34.000Z</Time>
            <DistanceMeters>0.0</DistanceMeters>
            <HeartRateBpm>
              <Value>89</Value>
            </HeartRateBpm>
            <Extensions>
              <ns3:TPX/>
            </Extensions>
          </Trackpoint>
          <Trackpoint>
            <Time>2026-05-28T20:25:36.000Z</Time>
            <DistanceMeters>0.0</DistanceMeters>
            <HeartRateBpm>
              <Value>87</Value>
            </HeartRateBpm>
            <Extensions>
              <ns3:TPX/>
            </Extensions>
          </Trackpoint>
          <Trackpoint>
            <Time>2026-05-28T20:25:38.000Z</Time>
            <DistanceMeters>0.0</DistanceMeters>
            <HeartRateBpm>
              <Value>85</Value>
            </HeartRateBpm>
            <Extensions>
              <ns3:TPX/>
            </Extensions>
          </Trackpoint>
          <Trackpoint>
            <Time>2026-05-28T20:25:41.000Z</Time>
            <DistanceMeters>0.0</DistanceMeters>
            <HeartRateBpm>
              <Value>87</Value>
            </HeartRateBpm>
            <Extensions>
              <ns3:TPX/>
            </Extensions>
          </Trackpoint>
          <Trackpoint>
            <Time>2026-05-28T20:25:42.000Z</Time>
            <DistanceMeters>0.0</DistanceMeters>
            <HeartRateBpm>
              <Value>89</Value>
            </HeartRateBpm>
            <Extensions>
              <ns3:TPX/>
            </Extensions>
          </Trackpoint>
          <Trackpoint>
            <Time>2026-05-28T20:25:44.000Z</Time>
            <DistanceMeters>0.0</DistanceMeters>
            <HeartRateBpm>
              <Value>93</Value>
            </HeartRateBpm>
            <Extensions>
              <ns3:TPX/>
            </Extensions>
          </Trackpoint>
          <Trackpoint>
            <Time>2026-05-28T20:25:45.000Z</Time>
            <DistanceMeters>0.0</DistanceMeters>
            <HeartRateBpm>
              <Value>95</Value>
            </HeartRateBpm>
            <Extensions>
              <ns3:TPX/>
            </Extensions>
          </Trackpoint>
          <Trackpoint>
            <Time>2026-05-28T20:25:48.000Z</Time>
            <DistanceMeters>0.0</DistanceMeters>
            <HeartRateBpm>
              <Value>96</Value>
            </HeartRateBpm>
            <Extensions>
              <ns3:TPX/>
            </Extensions>
          </Trackpoint>
          <Trackpoint>
            <Time>2026-05-28T20:25:51.000Z</Time>
            <DistanceMeters>0.0</DistanceMeters>
            <HeartRateBpm>
              <Value>95</Value>
            </HeartRateBpm>
            <Extensions>
              <ns3:TPX/>
            </Extensions>
          </Trackpoint>
          <Trackpoint>
            <Time>2026-05-28T20:25:52.000Z</Time>
            <DistanceMeters>0.0</DistanceMeters>
            <HeartRateBpm>
              <Value>91</Value>
            </HeartRateBpm>
            <Extensions>
              <ns3:TPX/>
            </Extensions>
          </Trackpoint>
          <Trackpoint>
            <Time>2026-05-28T20:25:53.000Z</Time>
            <DistanceMeters>0.0</DistanceMeters>
            <HeartRateBpm>
              <Value>90</Value>
            </HeartRateBpm>
            <Extensions>
              <ns3:TPX/>
            </Extensions>
          </Trackpoint>
          <Trackpoint>
            <Time>2026-05-28T20:25:54.000Z</Time>
            <DistanceMeters>0.0</DistanceMeters>
            <HeartRateBpm>
              <Value>87</Value>
            </HeartRateBpm>
            <Extensions>
              <ns3:TPX/>
            </Extensions>
          </Trackpoint>
          <Trackpoint>
            <Time>2026-05-28T20:25:57.000Z</Time>
            <DistanceMeters>0.0</DistanceMeters>
            <HeartRateBpm>
              <Value>88</Value>
            </HeartRateBpm>
            <Extensions>
              <ns3:TPX/>
            </Extensions>
          </Trackpoint>
          <Trackpoint>
            <Time>2026-05-28T20:25:58.000Z</Time>
            <DistanceMeters>0.0</DistanceMeters>
            <HeartRateBpm>
              <Value>89</Value>
            </HeartRateBpm>
            <Extensions>
              <ns3:TPX/>
            </Extensions>
          </Trackpoint>
          <Trackpoint>
            <Time>2026-05-28T20:26:01.000Z</Time>
            <DistanceMeters>0.0</DistanceMeters>
            <HeartRateBpm>
              <Value>90</Value>
            </HeartRateBpm>
            <Extensions>
              <ns3:TPX/>
            </Extensions>
          </Trackpoint>
          <Trackpoint>
            <Time>2026-05-28T20:26:02.000Z</Time>
            <DistanceMeters>0.0</DistanceMeters>
            <HeartRateBpm>
              <Value>91</Value>
            </HeartRateBpm>
            <Extensions>
              <ns3:TPX/>
            </Extensions>
          </Trackpoint>
          <Trackpoint>
            <Time>2026-05-28T20:26:03.000Z</Time>
            <DistanceMeters>0.0</DistanceMeters>
            <HeartRateBpm>
              <Value>92</Value>
            </HeartRateBpm>
            <Extensions>
              <ns3:TPX/>
            </Extensions>
          </Trackpoint>
          <Trackpoint>
            <Time>2026-05-28T20:26:04.000Z</Time>
            <DistanceMeters>0.0</DistanceMeters>
            <HeartRateBpm>
              <Value>93</Value>
            </HeartRateBpm>
            <Extensions>
              <ns3:TPX/>
            </Extensions>
          </Trackpoint>
          <Trackpoint>
            <Time>2026-05-28T20:26:05.000Z</Time>
            <DistanceMeters>0.0</DistanceMeters>
            <HeartRateBpm>
              <Value>94</Value>
            </HeartRateBpm>
            <Extensions>
              <ns3:TPX/>
            </Extensions>
          </Trackpoint>
          <Trackpoint>
            <Time>2026-05-28T20:26:08.000Z</Time>
            <DistanceMeters>0.0</DistanceMeters>
            <HeartRateBpm>
              <Value>95</Value>
            </HeartRateBpm>
            <Extensions>
              <ns3:TPX/>
            </Extensions>
          </Trackpoint>
          <Trackpoint>
            <Time>2026-05-28T20:26:10.000Z</Time>
            <DistanceMeters>0.0</DistanceMeters>
            <HeartRateBpm>
              <Value>94</Value>
            </HeartRateBpm>
            <Extensions>
              <ns3:TPX/>
            </Extensions>
          </Trackpoint>
          <Trackpoint>
            <Time>2026-05-28T20:26:11.000Z</Time>
            <DistanceMeters>0.0</DistanceMeters>
            <HeartRateBpm>
              <Value>95</Value>
            </HeartRateBpm>
            <Extensions>
              <ns3:TPX/>
            </Extensions>
          </Trackpoint>
          <Trackpoint>
            <Time>2026-05-28T20:26:18.000Z</Time>
            <DistanceMeters>0.0</DistanceMeters>
            <HeartRateBpm>
              <Value>96</Value>
            </HeartRateBpm>
            <Extensions>
              <ns3:TPX/>
            </Extensions>
          </Trackpoint>
          <Trackpoint>
            <Time>2026-05-28T20:26:34.000Z</Time>
            <DistanceMeters>0.0</DistanceMeters>
            <HeartRateBpm>
              <Value>95</Value>
            </HeartRateBpm>
            <Extensions>
              <ns3:TPX/>
            </Extensions>
          </Trackpoint>
          <Trackpoint>
            <Time>2026-05-28T20:26:35.000Z</Time>
            <DistanceMeters>0.0</DistanceMeters>
            <HeartRateBpm>
              <Value>94</Value>
            </HeartRateBpm>
            <Extensions>
              <ns3:TPX/>
            </Extensions>
          </Trackpoint>
          <Trackpoint>
            <Time>2026-05-28T20:26:37.000Z</Time>
            <DistanceMeters>0.0</DistanceMeters>
            <HeartRateBpm>
              <Value>95</Value>
            </HeartRateBpm>
            <Extensions>
              <ns3:TPX/>
            </Extensions>
          </Trackpoint>
          <Trackpoint>
            <Time>2026-05-28T20:26:39.000Z</Time>
            <DistanceMeters>0.0</DistanceMeters>
            <HeartRateBpm>
              <Value>94</Value>
            </HeartRateBpm>
            <Extensions>
              <ns3:TPX/>
            </Extensions>
          </Trackpoint>
          <Trackpoint>
            <Time>2026-05-28T20:26:42.000Z</Time>
            <DistanceMeters>0.0</DistanceMeters>
            <HeartRateBpm>
              <Value>93</Value>
            </HeartRateBpm>
            <Extensions>
              <ns3:TPX/>
            </Extensions>
          </Trackpoint>
          <Trackpoint>
            <Time>2026-05-28T20:26:43.000Z</Time>
            <DistanceMeters>0.0</DistanceMeters>
            <HeartRateBpm>
              <Value>89</Value>
            </HeartRateBpm>
            <Extensions>
              <ns3:TPX/>
            </Extensions>
          </Trackpoint>
          <Trackpoint>
            <Time>2026-05-28T20:26:44.000Z</Time>
            <DistanceMeters>0.0</DistanceMeters>
            <HeartRateBpm>
              <Value>87</Value>
            </HeartRateBpm>
            <Extensions>
              <ns3:TPX/>
            </Extensions>
          </Trackpoint>
          <Trackpoint>
            <Time>2026-05-28T20:26:45.000Z</Time>
            <DistanceMeters>0.0</DistanceMeters>
            <HeartRateBpm>
              <Value>84</Value>
            </HeartRateBpm>
            <Extensions>
              <ns3:TPX/>
            </Extensions>
          </Trackpoint>
          <Trackpoint>
            <Time>2026-05-28T20:26:46.000Z</Time>
            <DistanceMeters>0.0</DistanceMeters>
            <HeartRateBpm>
              <Value>83</Value>
            </HeartRateBpm>
            <Extensions>
              <ns3:TPX/>
            </Extensions>
          </Trackpoint>
          <Trackpoint>
            <Time>2026-05-28T20:26:51.000Z</Time>
            <DistanceMeters>0.0</DistanceMeters>
            <HeartRateBpm>
              <Value>84</Value>
            </HeartRateBpm>
            <Extensions>
              <ns3:TPX/>
            </Extensions>
          </Trackpoint>
          <Trackpoint>
            <Time>2026-05-28T20:26:52.000Z</Time>
            <DistanceMeters>0.0</DistanceMeters>
            <HeartRateBpm>
              <Value>86</Value>
            </HeartRateBpm>
            <Extensions>
              <ns3:TPX/>
            </Extensions>
          </Trackpoint>
          <Trackpoint>
            <Time>2026-05-28T20:26:53.000Z</Time>
            <DistanceMeters>0.0</DistanceMeters>
            <HeartRateBpm>
              <Value>87</Value>
            </HeartRateBpm>
            <Extensions>
              <ns3:TPX/>
            </Extensions>
          </Trackpoint>
          <Trackpoint>
            <Time>2026-05-28T20:26:54.000Z</Time>
            <DistanceMeters>0.0</DistanceMeters>
            <HeartRateBpm>
              <Value>89</Value>
            </HeartRateBpm>
            <Extensions>
              <ns3:TPX/>
            </Extensions>
          </Trackpoint>
          <Trackpoint>
            <Time>2026-05-28T20:26:55.000Z</Time>
            <DistanceMeters>0.0</DistanceMeters>
            <HeartRateBpm>
              <Value>90</Value>
            </HeartRateBpm>
            <Extensions>
              <ns3:TPX/>
            </Extensions>
          </Trackpoint>
          <Trackpoint>
            <Time>2026-05-28T20:26:56.000Z</Time>
            <DistanceMeters>0.0</DistanceMeters>
            <HeartRateBpm>
              <Value>92</Value>
            </HeartRateBpm>
            <Extensions>
              <ns3:TPX/>
            </Extensions>
          </Trackpoint>
          <Trackpoint>
            <Time>2026-05-28T20:26:57.000Z</Time>
            <DistanceMeters>0.0</DistanceMeters>
            <HeartRateBpm>
              <Value>93</Value>
            </HeartRateBpm>
            <Extensions>
              <ns3:TPX/>
            </Extensions>
          </Trackpoint>
          <Trackpoint>
            <Time>2026-05-28T20:26:58.000Z</Time>
            <DistanceMeters>0.0</DistanceMeters>
            <HeartRateBpm>
              <Value>95</Value>
            </HeartRateBpm>
            <Extensions>
              <ns3:TPX/>
            </Extensions>
          </Trackpoint>
          <Trackpoint>
            <Time>2026-05-28T20:26:59.000Z</Time>
            <DistanceMeters>0.0</DistanceMeters>
            <HeartRateBpm>
              <Value>96</Value>
            </HeartRateBpm>
            <Extensions>
              <ns3:TPX/>
            </Extensions>
          </Trackpoint>
          <Trackpoint>
            <Time>2026-05-28T20:27:00.000Z</Time>
            <DistanceMeters>0.0</DistanceMeters>
            <HeartRateBpm>
              <Value>98</Value>
            </HeartRateBpm>
            <Extensions>
              <ns3:TPX/>
            </Extensions>
          </Trackpoint>
          <Trackpoint>
            <Time>2026-05-28T20:27:01.000Z</Time>
            <DistanceMeters>0.0</DistanceMeters>
            <HeartRateBpm>
              <Value>99</Value>
            </HeartRateBpm>
            <Extensions>
              <ns3:TPX/>
            </Extensions>
          </Trackpoint>
          <Trackpoint>
            <Time>2026-05-28T20:27:02.000Z</Time>
            <DistanceMeters>0.0</DistanceMeters>
            <HeartRateBpm>
              <Value>100</Value>
            </HeartRateBpm>
            <Extensions>
              <ns3:TPX/>
            </Extensions>
          </Trackpoint>
          <Trackpoint>
            <Time>2026-05-28T20:27:06.000Z</Time>
            <DistanceMeters>0.0</DistanceMeters>
            <HeartRateBpm>
              <Value>99</Value>
            </HeartRateBpm>
            <Extensions>
              <ns3:TPX/>
            </Extensions>
          </Trackpoint>
          <Trackpoint>
            <Time>2026-05-28T20:27:08.000Z</Time>
            <DistanceMeters>0.0</DistanceMeters>
            <HeartRateBpm>
              <Value>98</Value>
            </HeartRateBpm>
            <Extensions>
              <ns3:TPX/>
            </Extensions>
          </Trackpoint>
          <Trackpoint>
            <Time>2026-05-28T20:27:09.000Z</Time>
            <DistanceMeters>0.0</DistanceMeters>
            <HeartRateBpm>
              <Value>97</Value>
            </HeartRateBpm>
            <Extensions>
              <ns3:TPX/>
            </Extensions>
          </Trackpoint>
          <Trackpoint>
            <Time>2026-05-28T20:27:11.000Z</Time>
            <DistanceMeters>0.0</DistanceMeters>
            <HeartRateBpm>
              <Value>95</Value>
            </HeartRateBpm>
            <Extensions>
              <ns3:TPX/>
            </Extensions>
          </Trackpoint>
          <Trackpoint>
            <Time>2026-05-28T20:27:12.000Z</Time>
            <DistanceMeters>0.0</DistanceMeters>
            <HeartRateBpm>
              <Value>94</Value>
            </HeartRateBpm>
            <Extensions>
              <ns3:TPX/>
            </Extensions>
          </Trackpoint>
          <Trackpoint>
            <Time>2026-05-28T20:27:14.000Z</Time>
            <DistanceMeters>0.0</DistanceMeters>
            <HeartRateBpm>
              <Value>93</Value>
            </HeartRateBpm>
            <Extensions>
              <ns3:TPX/>
            </Extensions>
          </Trackpoint>
          <Trackpoint>
            <Time>2026-05-28T20:27:16.000Z</Time>
            <DistanceMeters>0.0</DistanceMeters>
            <HeartRateBpm>
              <Value>92</Value>
            </HeartRateBpm>
            <Extensions>
              <ns3:TPX/>
            </Extensions>
          </Trackpoint>
          <Trackpoint>
            <Time>2026-05-28T20:27:21.000Z</Time>
            <DistanceMeters>0.0</DistanceMeters>
            <HeartRateBpm>
              <Value>91</Value>
            </HeartRateBpm>
            <Extensions>
              <ns3:TPX/>
            </Extensions>
          </Trackpoint>
          <Trackpoint>
            <Time>2026-05-28T20:27:22.000Z</Time>
            <DistanceMeters>0.0</DistanceMeters>
            <HeartRateBpm>
              <Value>90</Value>
            </HeartRateBpm>
            <Extensions>
              <ns3:TPX/>
            </Extensions>
          </Trackpoint>
          <Trackpoint>
            <Time>2026-05-28T20:27:23.000Z</Time>
            <DistanceMeters>0.0</DistanceMeters>
            <HeartRateBpm>
              <Value>89</Value>
            </HeartRateBpm>
            <Extensions>
              <ns3:TPX/>
            </Extensions>
          </Trackpoint>
          <Trackpoint>
            <Time>2026-05-28T20:27:25.000Z</Time>
            <DistanceMeters>0.0</DistanceMeters>
            <HeartRateBpm>
              <Value>88</Value>
            </HeartRateBpm>
            <Extensions>
              <ns3:TPX/>
            </Extensions>
          </Trackpoint>
          <Trackpoint>
            <Time>2026-05-28T20:27:28.000Z</Time>
            <DistanceMeters>0.0</DistanceMeters>
            <HeartRateBpm>
              <Value>87</Value>
            </HeartRateBpm>
            <Extensions>
              <ns3:TPX/>
            </Extensions>
          </Trackpoint>
          <Trackpoint>
            <Time>2026-05-28T20:27:33.000Z</Time>
            <DistanceMeters>0.0</DistanceMeters>
            <HeartRateBpm>
              <Value>88</Value>
            </HeartRateBpm>
            <Extensions>
              <ns3:TPX/>
            </Extensions>
          </Trackpoint>
          <Trackpoint>
            <Time>2026-05-28T20:27:39.000Z</Time>
            <DistanceMeters>0.0</DistanceMeters>
            <HeartRateBpm>
              <Value>90</Value>
            </HeartRateBpm>
            <Extensions>
              <ns3:TPX/>
            </Extensions>
          </Trackpoint>
          <Trackpoint>
            <Time>2026-05-28T20:27:40.000Z</Time>
            <DistanceMeters>0.0</DistanceMeters>
            <HeartRateBpm>
              <Value>92</Value>
            </HeartRateBpm>
            <Extensions>
              <ns3:TPX/>
            </Extensions>
          </Trackpoint>
          <Trackpoint>
            <Time>2026-05-28T20:27:41.000Z</Time>
            <DistanceMeters>0.0</DistanceMeters>
            <HeartRateBpm>
              <Value>95</Value>
            </HeartRateBpm>
            <Extensions>
              <ns3:TPX/>
            </Extensions>
          </Trackpoint>
          <Trackpoint>
            <Time>2026-05-28T20:27:42.000Z</Time>
            <DistanceMeters>0.0</DistanceMeters>
            <HeartRateBpm>
              <Value>96</Value>
            </HeartRateBpm>
            <Extensions>
              <ns3:TPX/>
            </Extensions>
          </Trackpoint>
          <Trackpoint>
            <Time>2026-05-28T20:27:43.000Z</Time>
            <DistanceMeters>0.0</DistanceMeters>
            <HeartRateBpm>
              <Value>98</Value>
            </HeartRateBpm>
            <Extensions>
              <ns3:TPX/>
            </Extensions>
          </Trackpoint>
          <Trackpoint>
            <Time>2026-05-28T20:27:45.000Z</Time>
            <DistanceMeters>0.0</DistanceMeters>
            <HeartRateBpm>
              <Value>99</Value>
            </HeartRateBpm>
            <Extensions>
              <ns3:TPX/>
            </Extensions>
          </Trackpoint>
          <Trackpoint>
            <Time>2026-05-28T20:27:46.000Z</Time>
            <DistanceMeters>0.0</DistanceMeters>
            <HeartRateBpm>
              <Value>100</Value>
            </HeartRateBpm>
            <Extensions>
              <ns3:TPX/>
            </Extensions>
          </Trackpoint>
          <Trackpoint>
            <Time>2026-05-28T20:27:48.000Z</Time>
            <DistanceMeters>0.0</DistanceMeters>
            <HeartRateBpm>
              <Value>101</Value>
            </HeartRateBpm>
            <Extensions>
              <ns3:TPX/>
            </Extensions>
          </Trackpoint>
          <Trackpoint>
            <Time>2026-05-28T20:27:53.000Z</Time>
            <DistanceMeters>0.0</DistanceMeters>
            <HeartRateBpm>
              <Value>102</Value>
            </HeartRateBpm>
            <Extensions>
              <ns3:TPX/>
            </Extensions>
          </Trackpoint>
          <Trackpoint>
            <Time>2026-05-28T20:27:55.000Z</Time>
            <DistanceMeters>0.0</DistanceMeters>
            <HeartRateBpm>
              <Value>103</Value>
            </HeartRateBpm>
            <Extensions>
              <ns3:TPX/>
            </Extensions>
          </Trackpoint>
          <Trackpoint>
            <Time>2026-05-28T20:27:57.000Z</Time>
            <DistanceMeters>0.0</DistanceMeters>
            <HeartRateBpm>
              <Value>104</Value>
            </HeartRateBpm>
            <Extensions>
              <ns3:TPX/>
            </Extensions>
          </Trackpoint>
          <Trackpoint>
            <Time>2026-05-28T20:27:58.000Z</Time>
            <DistanceMeters>0.0</DistanceMeters>
            <HeartRateBpm>
              <Value>105</Value>
            </HeartRateBpm>
            <Extensions>
              <ns3:TPX/>
            </Extensions>
          </Trackpoint>
          <Trackpoint>
            <Time>2026-05-28T20:28:01.000Z</Time>
            <DistanceMeters>0.0</DistanceMeters>
            <HeartRateBpm>
              <Value>106</Value>
            </HeartRateBpm>
            <Extensions>
              <ns3:TPX/>
            </Extensions>
          </Trackpoint>
          <Trackpoint>
            <Time>2026-05-28T20:28:03.000Z</Time>
            <DistanceMeters>0.0</DistanceMeters>
            <HeartRateBpm>
              <Value>107</Value>
            </HeartRateBpm>
            <Extensions>
              <ns3:TPX/>
            </Extensions>
          </Trackpoint>
          <Trackpoint>
            <Time>2026-05-28T20:28:04.000Z</Time>
            <DistanceMeters>0.0</DistanceMeters>
            <HeartRateBpm>
              <Value>108</Value>
            </HeartRateBpm>
            <Extensions>
              <ns3:TPX/>
            </Extensions>
          </Trackpoint>
          <Trackpoint>
            <Time>2026-05-28T20:28:05.000Z</Time>
            <DistanceMeters>0.0</DistanceMeters>
            <HeartRateBpm>
              <Value>109</Value>
            </HeartRateBpm>
            <Extensions>
              <ns3:TPX/>
            </Extensions>
          </Trackpoint>
          <Trackpoint>
            <Time>2026-05-28T20:28:09.000Z</Time>
            <DistanceMeters>0.0</DistanceMeters>
            <HeartRateBpm>
              <Value>110</Value>
            </HeartRateBpm>
            <Extensions>
              <ns3:TPX/>
            </Extensions>
          </Trackpoint>
          <Trackpoint>
            <Time>2026-05-28T20:28:12.000Z</Time>
            <DistanceMeters>0.0</DistanceMeters>
            <HeartRateBpm>
              <Value>111</Value>
            </HeartRateBpm>
            <Extensions>
              <ns3:TPX/>
            </Extensions>
          </Trackpoint>
          <Trackpoint>
            <Time>2026-05-28T20:28:15.000Z</Time>
            <DistanceMeters>0.0</DistanceMeters>
            <HeartRateBpm>
              <Value>110</Value>
            </HeartRateBpm>
            <Extensions>
              <ns3:TPX/>
            </Extensions>
          </Trackpoint>
          <Trackpoint>
            <Time>2026-05-28T20:28:17.000Z</Time>
            <DistanceMeters>0.0</DistanceMeters>
            <HeartRateBpm>
              <Value>109</Value>
            </HeartRateBpm>
            <Extensions>
              <ns3:TPX/>
            </Extensions>
          </Trackpoint>
          <Trackpoint>
            <Time>2026-05-28T20:28:18.000Z</Time>
            <DistanceMeters>0.0</DistanceMeters>
            <HeartRateBpm>
              <Value>108</Value>
            </HeartRateBpm>
            <Extensions>
              <ns3:TPX/>
            </Extensions>
          </Trackpoint>
          <Trackpoint>
            <Time>2026-05-28T20:28:20.000Z</Time>
            <DistanceMeters>0.0</DistanceMeters>
            <HeartRateBpm>
              <Value>106</Value>
            </HeartRateBpm>
            <Extensions>
              <ns3:TPX/>
            </Extensions>
          </Trackpoint>
          <Trackpoint>
            <Time>2026-05-28T20:28:21.000Z</Time>
            <DistanceMeters>0.0</DistanceMeters>
            <HeartRateBpm>
              <Value>104</Value>
            </HeartRateBpm>
            <Extensions>
              <ns3:TPX/>
            </Extensions>
          </Trackpoint>
          <Trackpoint>
            <Time>2026-05-28T20:28:22.000Z</Time>
            <DistanceMeters>0.0</DistanceMeters>
            <HeartRateBpm>
              <Value>103</Value>
            </HeartRateBpm>
            <Extensions>
              <ns3:TPX/>
            </Extensions>
          </Trackpoint>
          <Trackpoint>
            <Time>2026-05-28T20:33:31.000Z</Time>
            <DistanceMeters>0.0</DistanceMeters>
            <HeartRateBpm>
              <Value>104</Value>
            </HeartRateBpm>
            <Extensions>
              <ns3:TPX/>
            </Extensions>
          </Trackpoint>
          <Trackpoint>
            <Time>2026-05-28T20:33:32.000Z</Time>
            <DistanceMeters>0.0</DistanceMeters>
            <HeartRateBpm>
              <Value>103</Value>
            </HeartRateBpm>
            <Extensions>
              <ns3:TPX/>
            </Extensions>
          </Trackpoint>
          <Trackpoint>
            <Time>2026-05-28T20:33:33.000Z</Time>
            <DistanceMeters>0.0</DistanceMeters>
            <HeartRateBpm>
              <Value>102</Value>
            </HeartRateBpm>
            <Extensions>
              <ns3:TPX/>
            </Extensions>
          </Trackpoint>
          <Trackpoint>
            <Time>2026-05-28T20:33:34.000Z</Time>
            <DistanceMeters>0.0</DistanceMeters>
            <HeartRateBpm>
              <Value>100</Value>
            </HeartRateBpm>
            <Extensions>
              <ns3:TPX/>
            </Extensions>
          </Trackpoint>
          <Trackpoint>
            <Time>2026-05-28T20:33:35.000Z</Time>
            <DistanceMeters>0.0</DistanceMeters>
            <HeartRateBpm>
              <Value>99</Value>
            </HeartRateBpm>
            <Extensions>
              <ns3:TPX/>
            </Extensions>
          </Trackpoint>
          <Trackpoint>
            <Time>2026-05-28T20:33:36.000Z</Time>
            <DistanceMeters>0.0</DistanceMeters>
            <HeartRateBpm>
              <Value>97</Value>
            </HeartRateBpm>
            <Extensions>
              <ns3:TPX/>
            </Extensions>
          </Trackpoint>
          <Trackpoint>
            <Time>2026-05-28T20:33:37.000Z</Time>
            <DistanceMeters>0.0</DistanceMeters>
            <HeartRateBpm>
              <Value>96</Value>
            </HeartRateBpm>
            <Extensions>
              <ns3:TPX/>
            </Extensions>
          </Trackpoint>
          <Trackpoint>
            <Time>2026-05-28T20:33:39.000Z</Time>
            <DistanceMeters>0.0</DistanceMeters>
            <HeartRateBpm>
              <Value>95</Value>
            </HeartRateBpm>
            <Extensions>
              <ns3:TPX/>
            </Extensions>
          </Trackpoint>
          <Trackpoint>
            <Time>2026-05-28T20:33:41.000Z</Time>
            <DistanceMeters>0.0</DistanceMeters>
            <HeartRateBpm>
              <Value>94</Value>
            </HeartRateBpm>
            <Extensions>
              <ns3:TPX/>
            </Extensions>
          </Trackpoint>
          <Trackpoint>
            <Time>2026-05-28T20:33:42.000Z</Time>
            <DistanceMeters>0.0</DistanceMeters>
            <HeartRateBpm>
              <Value>93</Value>
            </HeartRateBpm>
            <Extensions>
              <ns3:TPX/>
            </Extensions>
          </Trackpoint>
          <Trackpoint>
            <Time>2026-05-28T20:33:43.000Z</Time>
            <DistanceMeters>0.0</DistanceMeters>
            <HeartRateBpm>
              <Value>93</Value>
            </HeartRateBpm>
            <Extensions>
              <ns3:TPX/>
            </Extensions>
          </Trackpoint>
          <Trackpoint>
            <Time>2026-05-28T20:33:44.000Z</Time>
            <DistanceMeters>0.0</DistanceMeters>
            <HeartRateBpm>
              <Value>92</Value>
            </HeartRateBpm>
            <Extensions>
              <ns3:TPX/>
            </Extensions>
          </Trackpoint>
          <Trackpoint>
            <Time>2026-05-28T20:33:45.000Z</Time>
            <DistanceMeters>0.0</DistanceMeters>
            <HeartRateBpm>
              <Value>91</Value>
            </HeartRateBpm>
            <Extensions>
              <ns3:TPX/>
            </Extensions>
          </Trackpoint>
          <Trackpoint>
            <Time>2026-05-28T20:33:49.000Z</Time>
            <DistanceMeters>0.0</DistanceMeters>
            <HeartRateBpm>
              <Value>92</Value>
            </HeartRateBpm>
            <Extensions>
              <ns3:TPX/>
            </Extensions>
          </Trackpoint>
          <Trackpoint>
            <Time>2026-05-28T20:33:51.000Z</Time>
            <DistanceMeters>0.0</DistanceMeters>
            <HeartRateBpm>
              <Value>93</Value>
            </HeartRateBpm>
            <Extensions>
              <ns3:TPX/>
            </Extensions>
          </Trackpoint>
          <Trackpoint>
            <Time>2026-05-28T20:33:52.000Z</Time>
            <DistanceMeters>0.0</DistanceMeters>
            <HeartRateBpm>
              <Value>95</Value>
            </HeartRateBpm>
            <Extensions>
              <ns3:TPX/>
            </Extensions>
          </Trackpoint>
          <Trackpoint>
            <Time>2026-05-28T20:33:53.000Z</Time>
            <DistanceMeters>0.0</DistanceMeters>
            <HeartRateBpm>
              <Value>96</Value>
            </HeartRateBpm>
            <Extensions>
              <ns3:TPX/>
            </Extensions>
          </Trackpoint>
          <Trackpoint>
            <Time>2026-05-28T20:33:54.000Z</Time>
            <DistanceMeters>0.0</DistanceMeters>
            <HeartRateBpm>
              <Value>97</Value>
            </HeartRateBpm>
            <Extensions>
              <ns3:TPX/>
            </Extensions>
          </Trackpoint>
          <Trackpoint>
            <Time>2026-05-28T20:34:03.000Z</Time>
            <DistanceMeters>0.0</DistanceMeters>
            <HeartRateBpm>
              <Value>98</Value>
            </HeartRateBpm>
            <Extensions>
              <ns3:TPX/>
            </Extensions>
          </Trackpoint>
          <Trackpoint>
            <Time>2026-05-28T20:34:05.000Z</Time>
            <DistanceMeters>0.0</DistanceMeters>
            <HeartRateBpm>
              <Value>99</Value>
            </HeartRateBpm>
            <Extensions>
              <ns3:TPX/>
            </Extensions>
          </Trackpoint>
          <Trackpoint>
            <Time>2026-05-28T20:34:07.000Z</Time>
            <DistanceMeters>0.0</DistanceMeters>
            <HeartRateBpm>
              <Value>100</Value>
            </HeartRateBpm>
            <Extensions>
              <ns3:TPX/>
            </Extensions>
          </Trackpoint>
          <Trackpoint>
            <Time>2026-05-28T20:34:10.000Z</Time>
            <DistanceMeters>0.0</DistanceMeters>
            <HeartRateBpm>
              <Value>101</Value>
            </HeartRateBpm>
            <Extensions>
              <ns3:TPX/>
            </Extensions>
          </Trackpoint>
          <Trackpoint>
            <Time>2026-05-28T20:34:12.000Z</Time>
            <DistanceMeters>0.0</DistanceMeters>
            <HeartRateBpm>
              <Value>100</Value>
            </HeartRateBpm>
            <Extensions>
              <ns3:TPX/>
            </Extensions>
          </Trackpoint>
          <Trackpoint>
            <Time>2026-05-28T20:34:16.000Z</Time>
            <DistanceMeters>0.0</DistanceMeters>
            <HeartRateBpm>
              <Value>99</Value>
            </HeartRateBpm>
            <Extensions>
              <ns3:TPX/>
            </Extensions>
          </Trackpoint>
          <Trackpoint>
            <Time>2026-05-28T20:34:18.000Z</Time>
            <DistanceMeters>0.0</DistanceMeters>
            <HeartRateBpm>
              <Value>98</Value>
            </HeartRateBpm>
            <Extensions>
              <ns3:TPX/>
            </Extensions>
          </Trackpoint>
          <Trackpoint>
            <Time>2026-05-28T20:34:19.000Z</Time>
            <DistanceMeters>0.0</DistanceMeters>
            <HeartRateBpm>
              <Value>97</Value>
            </HeartRateBpm>
            <Extensions>
              <ns3:TPX/>
            </Extensions>
          </Trackpoint>
          <Trackpoint>
            <Time>2026-05-28T20:34:21.000Z</Time>
            <DistanceMeters>0.0</DistanceMeters>
            <HeartRateBpm>
              <Value>96</Value>
            </HeartRateBpm>
            <Extensions>
              <ns3:TPX/>
            </Extensions>
          </Trackpoint>
          <Trackpoint>
            <Time>2026-05-28T20:34:29.000Z</Time>
            <DistanceMeters>0.0</DistanceMeters>
            <HeartRateBpm>
              <Value>95</Value>
            </HeartRateBpm>
            <Extensions>
              <ns3:TPX/>
            </Extensions>
          </Trackpoint>
          <Trackpoint>
            <Time>2026-05-28T20:34:31.000Z</Time>
            <DistanceMeters>0.0</DistanceMeters>
            <HeartRateBpm>
              <Value>93</Value>
            </HeartRateBpm>
            <Extensions>
              <ns3:TPX/>
            </Extensions>
          </Trackpoint>
          <Trackpoint>
            <Time>2026-05-28T20:34:38.000Z</Time>
            <DistanceMeters>0.0</DistanceMeters>
            <HeartRateBpm>
              <Value>94</Value>
            </HeartRateBpm>
            <Extensions>
              <ns3:TPX/>
            </Extensions>
          </Trackpoint>
          <Trackpoint>
            <Time>2026-05-28T20:34:39.000Z</Time>
            <DistanceMeters>0.0</DistanceMeters>
            <HeartRateBpm>
              <Value>95</Value>
            </HeartRateBpm>
            <Extensions>
              <ns3:TPX/>
            </Extensions>
          </Trackpoint>
          <Trackpoint>
            <Time>2026-05-28T20:34:40.000Z</Time>
            <DistanceMeters>0.0</DistanceMeters>
            <HeartRateBpm>
              <Value>96</Value>
            </HeartRateBpm>
            <Extensions>
              <ns3:TPX/>
            </Extensions>
          </Trackpoint>
          <Trackpoint>
            <Time>2026-05-28T20:34:41.000Z</Time>
            <DistanceMeters>0.0</DistanceMeters>
            <HeartRateBpm>
              <Value>97</Value>
            </HeartRateBpm>
            <Extensions>
              <ns3:TPX/>
            </Extensions>
          </Trackpoint>
          <Trackpoint>
            <Time>2026-05-28T20:34:43.000Z</Time>
            <DistanceMeters>0.0</DistanceMeters>
            <HeartRateBpm>
              <Value>98</Value>
            </HeartRateBpm>
            <Extensions>
              <ns3:TPX/>
            </Extensions>
          </Trackpoint>
          <Trackpoint>
            <Time>2026-05-28T20:34:47.000Z</Time>
            <DistanceMeters>0.0</DistanceMeters>
            <HeartRateBpm>
              <Value>99</Value>
            </HeartRateBpm>
            <Extensions>
              <ns3:TPX/>
            </Extensions>
          </Trackpoint>
          <Trackpoint>
            <Time>2026-05-28T20:34:50.000Z</Time>
            <DistanceMeters>0.0</DistanceMeters>
            <HeartRateBpm>
              <Value>100</Value>
            </HeartRateBpm>
            <Extensions>
              <ns3:TPX/>
            </Extensions>
          </Trackpoint>
          <Trackpoint>
            <Time>2026-05-28T20:34:54.000Z</Time>
            <DistanceMeters>0.0</DistanceMeters>
            <HeartRateBpm>
              <Value>99</Value>
            </HeartRateBpm>
            <Extensions>
              <ns3:TPX/>
            </Extensions>
          </Trackpoint>
          <Trackpoint>
            <Time>2026-05-28T20:34:56.000Z</Time>
            <DistanceMeters>0.0</DistanceMeters>
            <HeartRateBpm>
              <Value>100</Value>
            </HeartRateBpm>
            <Extensions>
              <ns3:TPX/>
            </Extensions>
          </Trackpoint>
          <Trackpoint>
            <Time>2026-05-28T20:35:03.000Z</Time>
            <DistanceMeters>0.0</DistanceMeters>
            <HeartRateBpm>
              <Value>101</Value>
            </HeartRateBpm>
            <Extensions>
              <ns3:TPX/>
            </Extensions>
          </Trackpoint>
          <Trackpoint>
            <Time>2026-05-28T20:35:04.000Z</Time>
            <DistanceMeters>0.0</DistanceMeters>
            <HeartRateBpm>
              <Value>100</Value>
            </HeartRateBpm>
            <Extensions>
              <ns3:TPX/>
            </Extensions>
          </Trackpoint>
          <Trackpoint>
            <Time>2026-05-28T20:35:05.000Z</Time>
            <DistanceMeters>0.0</DistanceMeters>
            <HeartRateBpm>
              <Value>101</Value>
            </HeartRateBpm>
            <Extensions>
              <ns3:TPX/>
            </Extensions>
          </Trackpoint>
          <Trackpoint>
            <Time>2026-05-28T20:35:07.000Z</Time>
            <DistanceMeters>0.0</DistanceMeters>
            <HeartRateBpm>
              <Value>102</Value>
            </HeartRateBpm>
            <Extensions>
              <ns3:TPX/>
            </Extensions>
          </Trackpoint>
          <Trackpoint>
            <Time>2026-05-28T20:35:17.000Z</Time>
            <DistanceMeters>0.0</DistanceMeters>
            <HeartRateBpm>
              <Value>101</Value>
            </HeartRateBpm>
            <Extensions>
              <ns3:TPX/>
            </Extensions>
          </Trackpoint>
          <Trackpoint>
            <Time>2026-05-28T20:35:19.000Z</Time>
            <DistanceMeters>0.0</DistanceMeters>
            <HeartRateBpm>
              <Value>100</Value>
            </HeartRateBpm>
            <Extensions>
              <ns3:TPX/>
            </Extensions>
          </Trackpoint>
          <Trackpoint>
            <Time>2026-05-28T20:35:21.000Z</Time>
            <DistanceMeters>0.0</DistanceMeters>
            <HeartRateBpm>
              <Value>100</Value>
            </HeartRateBpm>
            <Extensions>
              <ns3:TPX/>
            </Extensions>
          </Trackpoint>
          <Trackpoint>
            <Time>2026-05-28T20:35:24.000Z</Time>
            <DistanceMeters>0.0</DistanceMeters>
            <HeartRateBpm>
              <Value>99</Value>
            </HeartRateBpm>
            <Extensions>
              <ns3:TPX/>
            </Extensions>
          </Trackpoint>
          <Trackpoint>
            <Time>2026-05-28T20:35:26.000Z</Time>
            <DistanceMeters>0.0</DistanceMeters>
            <HeartRateBpm>
              <Value>98</Value>
            </HeartRateBpm>
            <Extensions>
              <ns3:TPX/>
            </Extensions>
          </Trackpoint>
          <Trackpoint>
            <Time>2026-05-28T20:35:27.000Z</Time>
            <DistanceMeters>0.0</DistanceMeters>
            <HeartRateBpm>
              <Value>96</Value>
            </HeartRateBpm>
            <Extensions>
              <ns3:TPX/>
            </Extensions>
          </Trackpoint>
          <Trackpoint>
            <Time>2026-05-28T20:35:28.000Z</Time>
            <DistanceMeters>0.0</DistanceMeters>
            <HeartRateBpm>
              <Value>95</Value>
            </HeartRateBpm>
            <Extensions>
              <ns3:TPX/>
            </Extensions>
          </Trackpoint>
          <Trackpoint>
            <Time>2026-05-28T20:35:29.000Z</Time>
            <DistanceMeters>0.0</DistanceMeters>
            <HeartRateBpm>
              <Value>93</Value>
            </HeartRateBpm>
            <Extensions>
              <ns3:TPX/>
            </Extensions>
          </Trackpoint>
          <Trackpoint>
            <Time>2026-05-28T20:35:31.000Z</Time>
            <DistanceMeters>0.0</DistanceMeters>
            <HeartRateBpm>
              <Value>92</Value>
            </HeartRateBpm>
            <Extensions>
              <ns3:TPX/>
            </Extensions>
          </Trackpoint>
          <Trackpoint>
            <Time>2026-05-28T20:35:35.000Z</Time>
            <DistanceMeters>0.0</DistanceMeters>
            <HeartRateBpm>
              <Value>93</Value>
            </HeartRateBpm>
            <Extensions>
              <ns3:TPX/>
            </Extensions>
          </Trackpoint>
          <Trackpoint>
            <Time>2026-05-28T20:35:37.000Z</Time>
            <DistanceMeters>0.0</DistanceMeters>
            <HeartRateBpm>
              <Value>94</Value>
            </HeartRateBpm>
            <Extensions>
              <ns3:TPX/>
            </Extensions>
          </Trackpoint>
          <Trackpoint>
            <Time>2026-05-28T20:35:43.000Z</Time>
            <DistanceMeters>0.0</DistanceMeters>
            <HeartRateBpm>
              <Value>95</Value>
            </HeartRateBpm>
            <Extensions>
              <ns3:TPX/>
            </Extensions>
          </Trackpoint>
          <Trackpoint>
            <Time>2026-05-28T20:36:01.000Z</Time>
            <DistanceMeters>0.0</DistanceMeters>
            <HeartRateBpm>
              <Value>94</Value>
            </HeartRateBpm>
            <Extensions>
              <ns3:TPX/>
            </Extensions>
          </Trackpoint>
          <Trackpoint>
            <Time>2026-05-28T20:36:07.000Z</Time>
            <DistanceMeters>0.0</DistanceMeters>
            <HeartRateBpm>
              <Value>93</Value>
            </HeartRateBpm>
            <Extensions>
              <ns3:TPX/>
            </Extensions>
          </Trackpoint>
          <Trackpoint>
            <Time>2026-05-28T20:36:10.000Z</Time>
            <DistanceMeters>0.0</DistanceMeters>
            <HeartRateBpm>
              <Value>92</Value>
            </HeartRateBpm>
            <Extensions>
              <ns3:TPX/>
            </Extensions>
          </Trackpoint>
          <Trackpoint>
            <Time>2026-05-28T20:36:12.000Z</Time>
            <DistanceMeters>0.0</DistanceMeters>
            <HeartRateBpm>
              <Value>93</Value>
            </HeartRateBpm>
            <Extensions>
              <ns3:TPX/>
            </Extensions>
          </Trackpoint>
          <Trackpoint>
            <Time>2026-05-28T20:36:14.000Z</Time>
            <DistanceMeters>0.0</DistanceMeters>
            <HeartRateBpm>
              <Value>94</Value>
            </HeartRateBpm>
            <Extensions>
              <ns3:TPX/>
            </Extensions>
          </Trackpoint>
          <Trackpoint>
            <Time>2026-05-28T20:36:19.000Z</Time>
            <DistanceMeters>0.0</DistanceMeters>
            <HeartRateBpm>
              <Value>93</Value>
            </HeartRateBpm>
            <Extensions>
              <ns3:TPX/>
            </Extensions>
          </Trackpoint>
          <Trackpoint>
            <Time>2026-05-28T20:36:20.000Z</Time>
            <DistanceMeters>0.0</DistanceMeters>
            <HeartRateBpm>
              <Value>92</Value>
            </HeartRateBpm>
            <Extensions>
              <ns3:TPX/>
            </Extensions>
          </Trackpoint>
          <Trackpoint>
            <Time>2026-05-28T20:36:25.000Z</Time>
            <DistanceMeters>0.0</DistanceMeters>
            <HeartRateBpm>
              <Value>93</Value>
            </HeartRateBpm>
            <Extensions>
              <ns3:TPX/>
            </Extensions>
          </Trackpoint>
          <Trackpoint>
            <Time>2026-05-28T20:36:27.000Z</Time>
            <DistanceMeters>0.0</DistanceMeters>
            <HeartRateBpm>
              <Value>94</Value>
            </HeartRateBpm>
            <Extensions>
              <ns3:TPX/>
            </Extensions>
          </Trackpoint>
          <Trackpoint>
            <Time>2026-05-28T20:36:30.000Z</Time>
            <DistanceMeters>0.0</DistanceMeters>
            <HeartRateBpm>
              <Value>95</Value>
            </HeartRateBpm>
            <Extensions>
              <ns3:TPX/>
            </Extensions>
          </Trackpoint>
          <Trackpoint>
            <Time>2026-05-28T20:36:32.000Z</Time>
            <DistanceMeters>0.0</DistanceMeters>
            <HeartRateBpm>
              <Value>96</Value>
            </HeartRateBpm>
            <Extensions>
              <ns3:TPX/>
            </Extensions>
          </Trackpoint>
          <Trackpoint>
            <Time>2026-05-28T20:36:34.000Z</Time>
            <DistanceMeters>0.0</DistanceMeters>
            <HeartRateBpm>
              <Value>97</Value>
            </HeartRateBpm>
            <Extensions>
              <ns3:TPX/>
            </Extensions>
          </Trackpoint>
          <Trackpoint>
            <Time>2026-05-28T20:36:36.000Z</Time>
            <DistanceMeters>0.0</DistanceMeters>
            <HeartRateBpm>
              <Value>98</Value>
            </HeartRateBpm>
            <Extensions>
              <ns3:TPX/>
            </Extensions>
          </Trackpoint>
          <Trackpoint>
            <Time>2026-05-28T20:36:41.000Z</Time>
            <DistanceMeters>0.0</DistanceMeters>
            <HeartRateBpm>
              <Value>99</Value>
            </HeartRateBpm>
            <Extensions>
              <ns3:TPX/>
            </Extensions>
          </Trackpoint>
          <Trackpoint>
            <Time>2026-05-28T20:36:44.000Z</Time>
            <DistanceMeters>0.0</DistanceMeters>
            <HeartRateBpm>
              <Value>100</Value>
            </HeartRateBpm>
            <Extensions>
              <ns3:TPX/>
            </Extensions>
          </Trackpoint>
          <Trackpoint>
            <Time>2026-05-28T20:36:51.000Z</Time>
            <DistanceMeters>0.0</DistanceMeters>
            <HeartRateBpm>
              <Value>101</Value>
            </HeartRateBpm>
            <Extensions>
              <ns3:TPX/>
            </Extensions>
          </Trackpoint>
          <Trackpoint>
            <Time>2026-05-28T20:36:56.000Z</Time>
            <DistanceMeters>0.0</DistanceMeters>
            <HeartRateBpm>
              <Value>102</Value>
            </HeartRateBpm>
            <Extensions>
              <ns3:TPX/>
            </Extensions>
          </Trackpoint>
          <Trackpoint>
            <Time>2026-05-28T20:37:04.000Z</Time>
            <DistanceMeters>0.0</DistanceMeters>
            <HeartRateBpm>
              <Value>101</Value>
            </HeartRateBpm>
            <Extensions>
              <ns3:TPX/>
            </Extensions>
          </Trackpoint>
          <Trackpoint>
            <Time>2026-05-28T20:37:05.000Z</Time>
            <DistanceMeters>0.0</DistanceMeters>
            <HeartRateBpm>
              <Value>100</Value>
            </HeartRateBpm>
            <Extensions>
              <ns3:TPX/>
            </Extensions>
          </Trackpoint>
          <Trackpoint>
            <Time>2026-05-28T20:37:06.000Z</Time>
            <DistanceMeters>0.0</DistanceMeters>
            <HeartRateBpm>
              <Value>98</Value>
            </HeartRateBpm>
            <Extensions>
              <ns3:TPX/>
            </Extensions>
          </Trackpoint>
          <Trackpoint>
            <Time>2026-05-28T20:37:07.000Z</Time>
            <DistanceMeters>0.0</DistanceMeters>
            <HeartRateBpm>
              <Value>96</Value>
            </HeartRateBpm>
            <Extensions>
              <ns3:TPX/>
            </Extensions>
          </Trackpoint>
          <Trackpoint>
            <Time>2026-05-28T20:37:08.000Z</Time>
            <DistanceMeters>0.0</DistanceMeters>
            <HeartRateBpm>
              <Value>94</Value>
            </HeartRateBpm>
            <Extensions>
              <ns3:TPX/>
            </Extensions>
          </Trackpoint>
          <Trackpoint>
            <Time>2026-05-28T20:37:14.000Z</Time>
            <DistanceMeters>0.0</DistanceMeters>
            <HeartRateBpm>
              <Value>96</Value>
            </HeartRateBpm>
            <Extensions>
              <ns3:TPX/>
            </Extensions>
          </Trackpoint>
          <Trackpoint>
            <Time>2026-05-28T20:37:17.000Z</Time>
            <DistanceMeters>0.0</DistanceMeters>
            <HeartRateBpm>
              <Value>97</Value>
            </HeartRateBpm>
            <Extensions>
              <ns3:TPX/>
            </Extensions>
          </Trackpoint>
          <Trackpoint>
            <Time>2026-05-28T20:37:18.000Z</Time>
            <DistanceMeters>0.0</DistanceMeters>
            <HeartRateBpm>
              <Value>98</Value>
            </HeartRateBpm>
            <Extensions>
              <ns3:TPX/>
            </Extensions>
          </Trackpoint>
          <Trackpoint>
            <Time>2026-05-28T20:37:20.000Z</Time>
            <DistanceMeters>0.0</DistanceMeters>
            <HeartRateBpm>
              <Value>99</Value>
            </HeartRateBpm>
            <Extensions>
              <ns3:TPX/>
            </Extensions>
          </Trackpoint>
          <Trackpoint>
            <Time>2026-05-28T20:37:21.000Z</Time>
            <DistanceMeters>0.0</DistanceMeters>
            <HeartRateBpm>
              <Value>100</Value>
            </HeartRateBpm>
            <Extensions>
              <ns3:TPX/>
            </Extensions>
          </Trackpoint>
          <Trackpoint>
            <Time>2026-05-28T20:37:22.000Z</Time>
            <DistanceMeters>0.0</DistanceMeters>
            <HeartRateBpm>
              <Value>99</Value>
            </HeartRateBpm>
            <Extensions>
              <ns3:TPX/>
            </Extensions>
          </Trackpoint>
          <Trackpoint>
            <Time>2026-05-28T20:37:25.000Z</Time>
            <DistanceMeters>0.0</DistanceMeters>
            <HeartRateBpm>
              <Value>98</Value>
            </HeartRateBpm>
            <Extensions>
              <ns3:TPX/>
            </Extensions>
          </Trackpoint>
          <Trackpoint>
            <Time>2026-05-28T20:37:26.000Z</Time>
            <DistanceMeters>0.0</DistanceMeters>
            <HeartRateBpm>
              <Value>97</Value>
            </HeartRateBpm>
            <Extensions>
              <ns3:TPX/>
            </Extensions>
          </Trackpoint>
          <Trackpoint>
            <Time>2026-05-28T20:37:27.000Z</Time>
            <DistanceMeters>0.0</DistanceMeters>
            <HeartRateBpm>
              <Value>96</Value>
            </HeartRateBpm>
            <Extensions>
              <ns3:TPX/>
            </Extensions>
          </Trackpoint>
          <Trackpoint>
            <Time>2026-05-28T20:37:28.000Z</Time>
            <DistanceMeters>0.0</DistanceMeters>
            <HeartRateBpm>
              <Value>94</Value>
            </HeartRateBpm>
            <Extensions>
              <ns3:TPX/>
            </Extensions>
          </Trackpoint>
          <Trackpoint>
            <Time>2026-05-28T20:37:29.000Z</Time>
            <DistanceMeters>0.0</DistanceMeters>
            <HeartRateBpm>
              <Value>93</Value>
            </HeartRateBpm>
            <Extensions>
              <ns3:TPX/>
            </Extensions>
          </Trackpoint>
          <Trackpoint>
            <Time>2026-05-28T20:37:30.000Z</Time>
            <DistanceMeters>0.0</DistanceMeters>
            <HeartRateBpm>
              <Value>92</Value>
            </HeartRateBpm>
            <Extensions>
              <ns3:TPX/>
            </Extensions>
          </Trackpoint>
          <Trackpoint>
            <Time>2026-05-28T20:37:33.000Z</Time>
            <DistanceMeters>0.0</DistanceMeters>
            <HeartRateBpm>
              <Value>93</Value>
            </HeartRateBpm>
            <Extensions>
              <ns3:TPX/>
            </Extensions>
          </Trackpoint>
          <Trackpoint>
            <Time>2026-05-28T20:37:34.000Z</Time>
            <DistanceMeters>0.0</DistanceMeters>
            <HeartRateBpm>
              <Value>94</Value>
            </HeartRateBpm>
            <Extensions>
              <ns3:TPX/>
            </Extensions>
          </Trackpoint>
          <Trackpoint>
            <Time>2026-05-28T20:37:35.000Z</Time>
            <DistanceMeters>0.0</DistanceMeters>
            <HeartRateBpm>
              <Value>95</Value>
            </HeartRateBpm>
            <Extensions>
              <ns3:TPX/>
            </Extensions>
          </Trackpoint>
          <Trackpoint>
            <Time>2026-05-28T20:37:36.000Z</Time>
            <DistanceMeters>0.0</DistanceMeters>
            <HeartRateBpm>
              <Value>96</Value>
            </HeartRateBpm>
            <Extensions>
              <ns3:TPX/>
            </Extensions>
          </Trackpoint>
          <Trackpoint>
            <Time>2026-05-28T20:37:40.000Z</Time>
            <DistanceMeters>0.0</DistanceMeters>
            <HeartRateBpm>
              <Value>97</Value>
            </HeartRateBpm>
            <Extensions>
              <ns3:TPX/>
            </Extensions>
          </Trackpoint>
          <Trackpoint>
            <Time>2026-05-28T20:37:41.000Z</Time>
            <DistanceMeters>0.0</DistanceMeters>
            <HeartRateBpm>
              <Value>96</Value>
            </HeartRateBpm>
            <Extensions>
              <ns3:TPX/>
            </Extensions>
          </Trackpoint>
          <Trackpoint>
            <Time>2026-05-28T20:37:44.000Z</Time>
            <DistanceMeters>0.0</DistanceMeters>
            <HeartRateBpm>
              <Value>96</Value>
            </HeartRateBpm>
            <Extensions>
              <ns3:TPX/>
            </Extensions>
          </Trackpoint>
          <Trackpoint>
            <Time>2026-05-28T20:37:45.000Z</Time>
            <DistanceMeters>0.0</DistanceMeters>
            <HeartRateBpm>
              <Value>95</Value>
            </HeartRateBpm>
            <Extensions>
              <ns3:TPX/>
            </Extensions>
          </Trackpoint>
          <Trackpoint>
            <Time>2026-05-28T20:37:46.000Z</Time>
            <DistanceMeters>0.0</DistanceMeters>
            <HeartRateBpm>
              <Value>94</Value>
            </HeartRateBpm>
            <Extensions>
              <ns3:TPX/>
            </Extensions>
          </Trackpoint>
          <Trackpoint>
            <Time>2026-05-28T20:37:47.000Z</Time>
            <DistanceMeters>0.0</DistanceMeters>
            <HeartRateBpm>
              <Value>93</Value>
            </HeartRateBpm>
            <Extensions>
              <ns3:TPX/>
            </Extensions>
          </Trackpoint>
          <Trackpoint>
            <Time>2026-05-28T20:37:48.000Z</Time>
            <DistanceMeters>0.0</DistanceMeters>
            <HeartRateBpm>
              <Value>91</Value>
            </HeartRateBpm>
            <Extensions>
              <ns3:TPX/>
            </Extensions>
          </Trackpoint>
          <Trackpoint>
            <Time>2026-05-28T20:37:50.000Z</Time>
            <DistanceMeters>0.0</DistanceMeters>
            <HeartRateBpm>
              <Value>90</Value>
            </HeartRateBpm>
            <Extensions>
              <ns3:TPX/>
            </Extensions>
          </Trackpoint>
          <Trackpoint>
            <Time>2026-05-28T20:37:53.000Z</Time>
            <DistanceMeters>0.0</DistanceMeters>
            <HeartRateBpm>
              <Value>91</Value>
            </HeartRateBpm>
            <Extensions>
              <ns3:TPX/>
            </Extensions>
          </Trackpoint>
          <Trackpoint>
            <Time>2026-05-28T20:37:54.000Z</Time>
            <DistanceMeters>0.0</DistanceMeters>
            <HeartRateBpm>
              <Value>92</Value>
            </HeartRateBpm>
            <Extensions>
              <ns3:TPX/>
            </Extensions>
          </Trackpoint>
          <Trackpoint>
            <Time>2026-05-28T20:37:55.000Z</Time>
            <DistanceMeters>0.0</DistanceMeters>
            <HeartRateBpm>
              <Value>93</Value>
            </HeartRateBpm>
            <Extensions>
              <ns3:TPX/>
            </Extensions>
          </Trackpoint>
          <Trackpoint>
            <Time>2026-05-28T20:37:56.000Z</Time>
            <DistanceMeters>0.0</DistanceMeters>
            <HeartRateBpm>
              <Value>94</Value>
            </HeartRateBpm>
            <Extensions>
              <ns3:TPX/>
            </Extensions>
          </Trackpoint>
          <Trackpoint>
            <Time>2026-05-28T20:37:58.000Z</Time>
            <DistanceMeters>0.0</DistanceMeters>
            <HeartRateBpm>
              <Value>95</Value>
            </HeartRateBpm>
            <Extensions>
              <ns3:TPX/>
            </Extensions>
          </Trackpoint>
          <Trackpoint>
            <Time>2026-05-28T20:38:00.000Z</Time>
            <DistanceMeters>0.0</DistanceMeters>
            <HeartRateBpm>
              <Value>96</Value>
            </HeartRateBpm>
            <Extensions>
              <ns3:TPX/>
            </Extensions>
          </Trackpoint>
          <Trackpoint>
            <Time>2026-05-28T20:38:03.000Z</Time>
            <DistanceMeters>0.0</DistanceMeters>
            <HeartRateBpm>
              <Value>95</Value>
            </HeartRateBpm>
            <Extensions>
              <ns3:TPX/>
            </Extensions>
          </Trackpoint>
          <Trackpoint>
            <Time>2026-05-28T20:38:05.000Z</Time>
            <DistanceMeters>0.0</DistanceMeters>
            <HeartRateBpm>
              <Value>94</Value>
            </HeartRateBpm>
            <Extensions>
              <ns3:TPX/>
            </Extensions>
          </Trackpoint>
          <Trackpoint>
            <Time>2026-05-28T20:38:08.000Z</Time>
            <DistanceMeters>0.0</DistanceMeters>
            <HeartRateBpm>
              <Value>93</Value>
            </HeartRateBpm>
            <Extensions>
              <ns3:TPX/>
            </Extensions>
          </Trackpoint>
          <Trackpoint>
            <Time>2026-05-28T20:38:10.000Z</Time>
            <DistanceMeters>0.0</DistanceMeters>
            <HeartRateBpm>
              <Value>94</Value>
            </HeartRateBpm>
            <Extensions>
              <ns3:TPX/>
            </Extensions>
          </Trackpoint>
          <Trackpoint>
            <Time>2026-05-28T20:38:13.000Z</Time>
            <DistanceMeters>0.0</DistanceMeters>
            <HeartRateBpm>
              <Value>95</Value>
            </HeartRateBpm>
            <Extensions>
              <ns3:TPX/>
            </Extensions>
          </Trackpoint>
          <Trackpoint>
            <Time>2026-05-28T20:38:14.000Z</Time>
            <DistanceMeters>0.0</DistanceMeters>
            <HeartRateBpm>
              <Value>96</Value>
            </HeartRateBpm>
            <Extensions>
              <ns3:TPX/>
            </Extensions>
          </Trackpoint>
          <Trackpoint>
            <Time>2026-05-28T20:38:15.000Z</Time>
            <DistanceMeters>0.0</DistanceMeters>
            <HeartRateBpm>
              <Value>97</Value>
            </HeartRateBpm>
            <Extensions>
              <ns3:TPX/>
            </Extensions>
          </Trackpoint>
          <Trackpoint>
            <Time>2026-05-28T20:38:18.000Z</Time>
            <DistanceMeters>0.0</DistanceMeters>
            <HeartRateBpm>
              <Value>98</Value>
            </HeartRateBpm>
            <Extensions>
              <ns3:TPX/>
            </Extensions>
          </Trackpoint>
          <Trackpoint>
            <Time>2026-05-28T20:38:19.000Z</Time>
            <DistanceMeters>0.0</DistanceMeters>
            <HeartRateBpm>
              <Value>99</Value>
            </HeartRateBpm>
            <Extensions>
              <ns3:TPX/>
            </Extensions>
          </Trackpoint>
          <Trackpoint>
            <Time>2026-05-28T20:38:21.000Z</Time>
            <DistanceMeters>0.0</DistanceMeters>
            <HeartRateBpm>
              <Value>100</Value>
            </HeartRateBpm>
            <Extensions>
              <ns3:TPX/>
            </Extensions>
          </Trackpoint>
          <Trackpoint>
            <Time>2026-05-28T20:38:22.000Z</Time>
            <DistanceMeters>0.0</DistanceMeters>
            <HeartRateBpm>
              <Value>101</Value>
            </HeartRateBpm>
            <Extensions>
              <ns3:TPX/>
            </Extensions>
          </Trackpoint>
          <Trackpoint>
            <Time>2026-05-28T20:38:25.000Z</Time>
            <DistanceMeters>0.0</DistanceMeters>
            <HeartRateBpm>
              <Value>102</Value>
            </HeartRateBpm>
            <Extensions>
              <ns3:TPX/>
            </Extensions>
          </Trackpoint>
          <Trackpoint>
            <Time>2026-05-28T20:38:27.000Z</Time>
            <DistanceMeters>0.0</DistanceMeters>
            <HeartRateBpm>
              <Value>101</Value>
            </HeartRateBpm>
            <Extensions>
              <ns3:TPX/>
            </Extensions>
          </Trackpoint>
          <Trackpoint>
            <Time>2026-05-28T20:38:30.000Z</Time>
            <DistanceMeters>0.0</DistanceMeters>
            <HeartRateBpm>
              <Value>100</Value>
            </HeartRateBpm>
            <Extensions>
              <ns3:TPX/>
            </Extensions>
          </Trackpoint>
          <Trackpoint>
            <Time>2026-05-28T20:38:31.000Z</Time>
            <DistanceMeters>0.0</DistanceMeters>
            <HeartRateBpm>
              <Value>99</Value>
            </HeartRateBpm>
            <Extensions>
              <ns3:TPX/>
            </Extensions>
          </Trackpoint>
          <Trackpoint>
            <Time>2026-05-28T20:38:33.000Z</Time>
            <DistanceMeters>0.0</DistanceMeters>
            <HeartRateBpm>
              <Value>98</Value>
            </HeartRateBpm>
            <Extensions>
              <ns3:TPX/>
            </Extensions>
          </Trackpoint>
          <Trackpoint>
            <Time>2026-05-28T20:38:35.000Z</Time>
            <DistanceMeters>0.0</DistanceMeters>
            <HeartRateBpm>
              <Value>99</Value>
            </HeartRateBpm>
            <Extensions>
              <ns3:TPX/>
            </Extensions>
          </Trackpoint>
          <Trackpoint>
            <Time>2026-05-28T20:38:38.000Z</Time>
            <DistanceMeters>0.0</DistanceMeters>
            <HeartRateBpm>
              <Value>100</Value>
            </HeartRateBpm>
            <Extensions>
              <ns3:TPX/>
            </Extensions>
          </Trackpoint>
          <Trackpoint>
            <Time>2026-05-28T20:38:39.000Z</Time>
            <DistanceMeters>0.0</DistanceMeters>
            <HeartRateBpm>
              <Value>101</Value>
            </HeartRateBpm>
            <Extensions>
              <ns3:TPX/>
            </Extensions>
          </Trackpoint>
          <Trackpoint>
            <Time>2026-05-28T20:38:40.000Z</Time>
            <DistanceMeters>0.0</DistanceMeters>
            <HeartRateBpm>
              <Value>102</Value>
            </HeartRateBpm>
            <Extensions>
              <ns3:TPX/>
            </Extensions>
          </Trackpoint>
          <Trackpoint>
            <Time>2026-05-28T20:38:42.000Z</Time>
            <DistanceMeters>0.0</DistanceMeters>
            <HeartRateBpm>
              <Value>103</Value>
            </HeartRateBpm>
            <Extensions>
              <ns3:TPX/>
            </Extensions>
          </Trackpoint>
          <Trackpoint>
            <Time>2026-05-28T20:38:43.000Z</Time>
            <DistanceMeters>0.0</DistanceMeters>
            <HeartRateBpm>
              <Value>102</Value>
            </HeartRateBpm>
            <Extensions>
              <ns3:TPX/>
            </Extensions>
          </Trackpoint>
          <Trackpoint>
            <Time>2026-05-28T20:38:47.000Z</Time>
            <DistanceMeters>0.0</DistanceMeters>
            <HeartRateBpm>
              <Value>101</Value>
            </HeartRateBpm>
            <Extensions>
              <ns3:TPX/>
            </Extensions>
          </Trackpoint>
          <Trackpoint>
            <Time>2026-05-28T20:38:49.000Z</Time>
            <DistanceMeters>0.0</DistanceMeters>
            <HeartRateBpm>
              <Value>100</Value>
            </HeartRateBpm>
            <Extensions>
              <ns3:TPX/>
            </Extensions>
          </Trackpoint>
          <Trackpoint>
            <Time>2026-05-28T20:38:53.000Z</Time>
            <DistanceMeters>0.0</DistanceMeters>
            <HeartRateBpm>
              <Value>99</Value>
            </HeartRateBpm>
            <Extensions>
              <ns3:TPX/>
            </Extensions>
          </Trackpoint>
          <Trackpoint>
            <Time>2026-05-28T20:38:55.000Z</Time>
            <DistanceMeters>0.0</DistanceMeters>
            <HeartRateBpm>
              <Value>99</Value>
            </HeartRateBpm>
            <Extensions>
              <ns3:TPX/>
            </Extensions>
          </Trackpoint>
          <Trackpoint>
            <Time>2026-05-28T20:38:57.000Z</Time>
            <DistanceMeters>0.0</DistanceMeters>
            <HeartRateBpm>
              <Value>100</Value>
            </HeartRateBpm>
            <Extensions>
              <ns3:TPX/>
            </Extensions>
          </Trackpoint>
          <Trackpoint>
            <Time>2026-05-28T20:39:03.000Z</Time>
            <DistanceMeters>0.0</DistanceMeters>
            <HeartRateBpm>
              <Value>99</Value>
            </HeartRateBpm>
            <Extensions>
              <ns3:TPX/>
            </Extensions>
          </Trackpoint>
          <Trackpoint>
            <Time>2026-05-28T20:39:05.000Z</Time>
            <DistanceMeters>0.0</DistanceMeters>
            <HeartRateBpm>
              <Value>98</Value>
            </HeartRateBpm>
            <Extensions>
              <ns3:TPX/>
            </Extensions>
          </Trackpoint>
          <Trackpoint>
            <Time>2026-05-28T20:39:08.000Z</Time>
            <DistanceMeters>0.0</DistanceMeters>
            <HeartRateBpm>
              <Value>99</Value>
            </HeartRateBpm>
            <Extensions>
              <ns3:TPX/>
            </Extensions>
          </Trackpoint>
          <Trackpoint>
            <Time>2026-05-28T20:39:11.000Z</Time>
            <DistanceMeters>0.0</DistanceMeters>
            <HeartRateBpm>
              <Value>100</Value>
            </HeartRateBpm>
            <Extensions>
              <ns3:TPX/>
            </Extensions>
          </Trackpoint>
          <Trackpoint>
            <Time>2026-05-28T20:39:13.000Z</Time>
            <DistanceMeters>0.0</DistanceMeters>
            <HeartRateBpm>
              <Value>101</Value>
            </HeartRateBpm>
            <Extensions>
              <ns3:TPX/>
            </Extensions>
          </Trackpoint>
          <Trackpoint>
            <Time>2026-05-28T20:39:18.000Z</Time>
            <DistanceMeters>0.0</DistanceMeters>
            <HeartRateBpm>
              <Value>102</Value>
            </HeartRateBpm>
            <Extensions>
              <ns3:TPX/>
            </Extensions>
          </Trackpoint>
          <Trackpoint>
            <Time>2026-05-28T20:39:24.000Z</Time>
            <DistanceMeters>0.0</DistanceMeters>
            <HeartRateBpm>
              <Value>103</Value>
            </HeartRateBpm>
            <Extensions>
              <ns3:TPX/>
            </Extensions>
          </Trackpoint>
          <Trackpoint>
            <Time>2026-05-28T20:39:25.000Z</Time>
            <DistanceMeters>0.0</DistanceMeters>
            <HeartRateBpm>
              <Value>102</Value>
            </HeartRateBpm>
            <Extensions>
              <ns3:TPX/>
            </Extensions>
          </Trackpoint>
          <Trackpoint>
            <Time>2026-05-28T20:39:29.000Z</Time>
            <DistanceMeters>0.0</DistanceMeters>
            <HeartRateBpm>
              <Value>101</Value>
            </HeartRateBpm>
            <Extensions>
              <ns3:TPX/>
            </Extensions>
          </Trackpoint>
          <Trackpoint>
            <Time>2026-05-28T20:39:32.000Z</Time>
            <DistanceMeters>0.0</DistanceMeters>
            <HeartRateBpm>
              <Value>99</Value>
            </HeartRateBpm>
            <Extensions>
              <ns3:TPX/>
            </Extensions>
          </Trackpoint>
          <Trackpoint>
            <Time>2026-05-28T20:39:33.000Z</Time>
            <DistanceMeters>0.0</DistanceMeters>
            <HeartRateBpm>
              <Value>97</Value>
            </HeartRateBpm>
            <Extensions>
              <ns3:TPX/>
            </Extensions>
          </Trackpoint>
          <Trackpoint>
            <Time>2026-05-28T20:39:34.000Z</Time>
            <DistanceMeters>0.0</DistanceMeters>
            <HeartRateBpm>
              <Value>96</Value>
            </HeartRateBpm>
            <Extensions>
              <ns3:TPX/>
            </Extensions>
          </Trackpoint>
          <Trackpoint>
            <Time>2026-05-28T20:39:42.000Z</Time>
            <DistanceMeters>0.0</DistanceMeters>
            <HeartRateBpm>
              <Value>95</Value>
            </HeartRateBpm>
            <Extensions>
              <ns3:TPX/>
            </Extensions>
          </Trackpoint>
          <Trackpoint>
            <Time>2026-05-28T20:39:43.000Z</Time>
            <DistanceMeters>0.0</DistanceMeters>
            <HeartRateBpm>
              <Value>93</Value>
            </HeartRateBpm>
            <Extensions>
              <ns3:TPX/>
            </Extensions>
          </Trackpoint>
          <Trackpoint>
            <Time>2026-05-28T20:39:46.000Z</Time>
            <DistanceMeters>0.0</DistanceMeters>
            <HeartRateBpm>
              <Value>92</Value>
            </HeartRateBpm>
            <Extensions>
              <ns3:TPX/>
            </Extensions>
          </Trackpoint>
          <Trackpoint>
            <Time>2026-05-28T20:39:48.000Z</Time>
            <DistanceMeters>0.0</DistanceMeters>
            <HeartRateBpm>
              <Value>93</Value>
            </HeartRateBpm>
            <Extensions>
              <ns3:TPX/>
            </Extensions>
          </Trackpoint>
          <Trackpoint>
            <Time>2026-05-28T20:39:50.000Z</Time>
            <DistanceMeters>0.0</DistanceMeters>
            <HeartRateBpm>
              <Value>94</Value>
            </HeartRateBpm>
            <Extensions>
              <ns3:TPX/>
            </Extensions>
          </Trackpoint>
          <Trackpoint>
            <Time>2026-05-28T20:39:53.000Z</Time>
            <DistanceMeters>0.0</DistanceMeters>
            <HeartRateBpm>
              <Value>95</Value>
            </HeartRateBpm>
            <Extensions>
              <ns3:TPX/>
            </Extensions>
          </Trackpoint>
          <Trackpoint>
            <Time>2026-05-28T20:39:56.000Z</Time>
            <DistanceMeters>0.0</DistanceMeters>
            <HeartRateBpm>
              <Value>96</Value>
            </HeartRateBpm>
            <Extensions>
              <ns3:TPX/>
            </Extensions>
          </Trackpoint>
          <Trackpoint>
            <Time>2026-05-28T20:39:58.000Z</Time>
            <DistanceMeters>0.0</DistanceMeters>
            <HeartRateBpm>
              <Value>97</Value>
            </HeartRateBpm>
            <Extensions>
              <ns3:TPX/>
            </Extensions>
          </Trackpoint>
          <Trackpoint>
            <Time>2026-05-28T20:39:59.000Z</Time>
            <DistanceMeters>0.0</DistanceMeters>
            <HeartRateBpm>
              <Value>98</Value>
            </HeartRateBpm>
            <Extensions>
              <ns3:TPX/>
            </Extensions>
          </Trackpoint>
          <Trackpoint>
            <Time>2026-05-28T20:40:00.000Z</Time>
            <DistanceMeters>0.0</DistanceMeters>
            <HeartRateBpm>
              <Value>99</Value>
            </HeartRateBpm>
            <Extensions>
              <ns3:TPX/>
            </Extensions>
          </Trackpoint>
          <Trackpoint>
            <Time>2026-05-28T20:40:06.000Z</Time>
            <DistanceMeters>0.0</DistanceMeters>
            <HeartRateBpm>
              <Value>98</Value>
            </HeartRateBpm>
            <Extensions>
              <ns3:TPX/>
            </Extensions>
          </Trackpoint>
          <Trackpoint>
            <Time>2026-05-28T20:40:08.000Z</Time>
            <DistanceMeters>0.0</DistanceMeters>
            <HeartRateBpm>
              <Value>99</Value>
            </HeartRateBpm>
            <Extensions>
              <ns3:TPX/>
            </Extensions>
          </Trackpoint>
          <Trackpoint>
            <Time>2026-05-28T20:40:09.000Z</Time>
            <DistanceMeters>0.0</DistanceMeters>
            <HeartRateBpm>
              <Value>100</Value>
            </HeartRateBpm>
            <Extensions>
              <ns3:TPX/>
            </Extensions>
          </Trackpoint>
          <Trackpoint>
            <Time>2026-05-28T20:40:12.000Z</Time>
            <DistanceMeters>0.0</DistanceMeters>
            <HeartRateBpm>
              <Value>101</Value>
            </HeartRateBpm>
            <Extensions>
              <ns3:TPX/>
            </Extensions>
          </Trackpoint>
          <Trackpoint>
            <Time>2026-05-28T20:40:13.000Z</Time>
            <DistanceMeters>0.0</DistanceMeters>
            <HeartRateBpm>
              <Value>102</Value>
            </HeartRateBpm>
            <Extensions>
              <ns3:TPX/>
            </Extensions>
          </Trackpoint>
          <Trackpoint>
            <Time>2026-05-28T20:40:15.000Z</Time>
            <DistanceMeters>0.0</DistanceMeters>
            <HeartRateBpm>
              <Value>103</Value>
            </HeartRateBpm>
            <Extensions>
              <ns3:TPX/>
            </Extensions>
          </Trackpoint>
          <Trackpoint>
            <Time>2026-05-28T20:40:21.000Z</Time>
            <DistanceMeters>0.0</DistanceMeters>
            <HeartRateBpm>
              <Value>104</Value>
            </HeartRateBpm>
            <Extensions>
              <ns3:TPX/>
            </Extensions>
          </Trackpoint>
          <Trackpoint>
            <Time>2026-05-28T20:40:24.000Z</Time>
            <DistanceMeters>0.0</DistanceMeters>
            <HeartRateBpm>
              <Value>105</Value>
            </HeartRateBpm>
            <Extensions>
              <ns3:TPX/>
            </Extensions>
          </Trackpoint>
          <Trackpoint>
            <Time>2026-05-28T20:40:29.000Z</Time>
            <DistanceMeters>0.0</DistanceMeters>
            <HeartRateBpm>
              <Value>104</Value>
            </HeartRateBpm>
            <Extensions>
              <ns3:TPX/>
            </Extensions>
          </Trackpoint>
          <Trackpoint>
            <Time>2026-05-28T20:40:32.000Z</Time>
            <DistanceMeters>0.0</DistanceMeters>
            <HeartRateBpm>
              <Value>103</Value>
            </HeartRateBpm>
            <Extensions>
              <ns3:TPX/>
            </Extensions>
          </Trackpoint>
          <Trackpoint>
            <Time>2026-05-28T20:40:33.000Z</Time>
            <DistanceMeters>0.0</DistanceMeters>
            <HeartRateBpm>
              <Value>102</Value>
            </HeartRateBpm>
            <Extensions>
              <ns3:TPX/>
            </Extensions>
          </Trackpoint>
          <Trackpoint>
            <Time>2026-05-28T20:40:36.000Z</Time>
            <DistanceMeters>0.0</DistanceMeters>
            <HeartRateBpm>
              <Value>101</Value>
            </HeartRateBpm>
            <Extensions>
              <ns3:TPX/>
            </Extensions>
          </Trackpoint>
          <Trackpoint>
            <Time>2026-05-28T20:40:37.000Z</Time>
            <DistanceMeters>0.0</DistanceMeters>
            <HeartRateBpm>
              <Value>102</Value>
            </HeartRateBpm>
            <Extensions>
              <ns3:TPX/>
            </Extensions>
          </Trackpoint>
          <Trackpoint>
            <Time>2026-05-28T20:40:38.000Z</Time>
            <DistanceMeters>0.0</DistanceMeters>
            <HeartRateBpm>
              <Value>101</Value>
            </HeartRateBpm>
            <Extensions>
              <ns3:TPX/>
            </Extensions>
          </Trackpoint>
          <Trackpoint>
            <Time>2026-05-28T20:40:40.000Z</Time>
            <DistanceMeters>0.0</DistanceMeters>
            <HeartRateBpm>
              <Value>101</Value>
            </HeartRateBpm>
            <Extensions>
              <ns3:TPX/>
            </Extensions>
          </Trackpoint>
          <Trackpoint>
            <Time>2026-05-28T20:40:45.000Z</Time>
            <DistanceMeters>0.0</DistanceMeters>
            <HeartRateBpm>
              <Value>102</Value>
            </HeartRateBpm>
            <Extensions>
              <ns3:TPX/>
            </Extensions>
          </Trackpoint>
          <Trackpoint>
            <Time>2026-05-28T20:40:48.000Z</Time>
            <DistanceMeters>0.0</DistanceMeters>
            <HeartRateBpm>
              <Value>101</Value>
            </HeartRateBpm>
            <Extensions>
              <ns3:TPX/>
            </Extensions>
          </Trackpoint>
          <Trackpoint>
            <Time>2026-05-28T20:40:49.000Z</Time>
            <DistanceMeters>0.0</DistanceMeters>
            <HeartRateBpm>
              <Value>100</Value>
            </HeartRateBpm>
            <Extensions>
              <ns3:TPX/>
            </Extensions>
          </Trackpoint>
          <Trackpoint>
            <Time>2026-05-28T20:40:50.000Z</Time>
            <DistanceMeters>0.0</DistanceMeters>
            <HeartRateBpm>
              <Value>99</Value>
            </HeartRateBpm>
            <Extensions>
              <ns3:TPX/>
            </Extensions>
          </Trackpoint>
          <Trackpoint>
            <Time>2026-05-28T20:40:51.000Z</Time>
            <DistanceMeters>0.0</DistanceMeters>
            <HeartRateBpm>
              <Value>97</Value>
            </HeartRateBpm>
            <Extensions>
              <ns3:TPX/>
            </Extensions>
          </Trackpoint>
          <Trackpoint>
            <Time>2026-05-28T20:40:57.000Z</Time>
            <DistanceMeters>0.0</DistanceMeters>
            <HeartRateBpm>
              <Value>98</Value>
            </HeartRateBpm>
            <Extensions>
              <ns3:TPX/>
            </Extensions>
          </Trackpoint>
          <Trackpoint>
            <Time>2026-05-28T20:41:06.000Z</Time>
            <DistanceMeters>0.0</DistanceMeters>
            <HeartRateBpm>
              <Value>97</Value>
            </HeartRateBpm>
            <Extensions>
              <ns3:TPX/>
            </Extensions>
          </Trackpoint>
          <Trackpoint>
            <Time>2026-05-28T20:41:08.000Z</Time>
            <DistanceMeters>0.0</DistanceMeters>
            <HeartRateBpm>
              <Value>98</Value>
            </HeartRateBpm>
            <Extensions>
              <ns3:TPX/>
            </Extensions>
          </Trackpoint>
          <Trackpoint>
            <Time>2026-05-28T20:41:12.000Z</Time>
            <DistanceMeters>0.0</DistanceMeters>
            <HeartRateBpm>
              <Value>97</Value>
            </HeartRateBpm>
            <Extensions>
              <ns3:TPX/>
            </Extensions>
          </Trackpoint>
          <Trackpoint>
            <Time>2026-05-28T20:41:14.000Z</Time>
            <DistanceMeters>0.0</DistanceMeters>
            <HeartRateBpm>
              <Value>96</Value>
            </HeartRateBpm>
            <Extensions>
              <ns3:TPX/>
            </Extensions>
          </Trackpoint>
          <Trackpoint>
            <Time>2026-05-28T20:41:17.000Z</Time>
            <DistanceMeters>0.0</DistanceMeters>
            <HeartRateBpm>
              <Value>95</Value>
            </HeartRateBpm>
            <Extensions>
              <ns3:TPX/>
            </Extensions>
          </Trackpoint>
          <Trackpoint>
            <Time>2026-05-28T20:41:18.000Z</Time>
            <DistanceMeters>0.0</DistanceMeters>
            <HeartRateBpm>
              <Value>94</Value>
            </HeartRateBpm>
            <Extensions>
              <ns3:TPX/>
            </Extensions>
          </Trackpoint>
          <Trackpoint>
            <Time>2026-05-28T20:41:19.000Z</Time>
            <DistanceMeters>0.0</DistanceMeters>
            <HeartRateBpm>
              <Value>93</Value>
            </HeartRateBpm>
            <Extensions>
              <ns3:TPX/>
            </Extensions>
          </Trackpoint>
          <Trackpoint>
            <Time>2026-05-28T20:41:21.000Z</Time>
            <DistanceMeters>0.0</DistanceMeters>
            <HeartRateBpm>
              <Value>92</Value>
            </HeartRateBpm>
            <Extensions>
              <ns3:TPX/>
            </Extensions>
          </Trackpoint>
          <Trackpoint>
            <Time>2026-05-28T20:41:25.000Z</Time>
            <DistanceMeters>0.0</DistanceMeters>
            <HeartRateBpm>
              <Value>93</Value>
            </HeartRateBpm>
            <Extensions>
              <ns3:TPX/>
            </Extensions>
          </Trackpoint>
          <Trackpoint>
            <Time>2026-05-28T20:41:28.000Z</Time>
            <DistanceMeters>0.0</DistanceMeters>
            <HeartRateBpm>
              <Value>95</Value>
            </HeartRateBpm>
            <Extensions>
              <ns3:TPX/>
            </Extensions>
          </Trackpoint>
          <Trackpoint>
            <Time>2026-05-28T20:41:29.000Z</Time>
            <DistanceMeters>0.0</DistanceMeters>
            <HeartRateBpm>
              <Value>96</Value>
            </HeartRateBpm>
            <Extensions>
              <ns3:TPX/>
            </Extensions>
          </Trackpoint>
          <Trackpoint>
            <Time>2026-05-28T20:41:34.000Z</Time>
            <DistanceMeters>0.0</DistanceMeters>
            <HeartRateBpm>
              <Value>95</Value>
            </HeartRateBpm>
            <Extensions>
              <ns3:TPX/>
            </Extensions>
          </Trackpoint>
          <Trackpoint>
            <Time>2026-05-28T20:41:36.000Z</Time>
            <DistanceMeters>0.0</DistanceMeters>
            <HeartRateBpm>
              <Value>94</Value>
            </HeartRateBpm>
            <Extensions>
              <ns3:TPX/>
            </Extensions>
          </Trackpoint>
          <Trackpoint>
            <Time>2026-05-28T20:41:38.000Z</Time>
            <DistanceMeters>0.0</DistanceMeters>
            <HeartRateBpm>
              <Value>93</Value>
            </HeartRateBpm>
            <Extensions>
              <ns3:TPX/>
            </Extensions>
          </Trackpoint>
          <Trackpoint>
            <Time>2026-05-28T20:41:40.000Z</Time>
            <DistanceMeters>0.0</DistanceMeters>
            <HeartRateBpm>
              <Value>94</Value>
            </HeartRateBpm>
            <Extensions>
              <ns3:TPX/>
            </Extensions>
          </Trackpoint>
          <Trackpoint>
            <Time>2026-05-28T20:41:43.000Z</Time>
            <DistanceMeters>0.0</DistanceMeters>
            <HeartRateBpm>
              <Value>96</Value>
            </HeartRateBpm>
            <Extensions>
              <ns3:TPX/>
            </Extensions>
          </Trackpoint>
          <Trackpoint>
            <Time>2026-05-28T20:41:44.000Z</Time>
            <DistanceMeters>0.0</DistanceMeters>
            <HeartRateBpm>
              <Value>97</Value>
            </HeartRateBpm>
            <Extensions>
              <ns3:TPX/>
            </Extensions>
          </Trackpoint>
          <Trackpoint>
            <Time>2026-05-28T20:41:45.000Z</Time>
            <DistanceMeters>0.0</DistanceMeters>
            <HeartRateBpm>
              <Value>98</Value>
            </HeartRateBpm>
            <Extensions>
              <ns3:TPX/>
            </Extensions>
          </Trackpoint>
          <Trackpoint>
            <Time>2026-05-28T20:41:59.000Z</Time>
            <DistanceMeters>0.0</DistanceMeters>
            <HeartRateBpm>
              <Value>99</Value>
            </HeartRateBpm>
            <Extensions>
              <ns3:TPX/>
            </Extensions>
          </Trackpoint>
          <Trackpoint>
            <Time>2026-05-28T20:42:01.000Z</Time>
            <DistanceMeters>0.0</DistanceMeters>
            <HeartRateBpm>
              <Value>100</Value>
            </HeartRateBpm>
            <Extensions>
              <ns3:TPX/>
            </Extensions>
          </Trackpoint>
          <Trackpoint>
            <Time>2026-05-28T20:42:04.000Z</Time>
            <DistanceMeters>0.0</DistanceMeters>
            <HeartRateBpm>
              <Value>101</Value>
            </HeartRateBpm>
            <Extensions>
              <ns3:TPX/>
            </Extensions>
          </Trackpoint>
          <Trackpoint>
            <Time>2026-05-28T20:42:08.000Z</Time>
            <DistanceMeters>0.0</DistanceMeters>
            <HeartRateBpm>
              <Value>102</Value>
            </HeartRateBpm>
            <Extensions>
              <ns3:TPX/>
            </Extensions>
          </Trackpoint>
          <Trackpoint>
            <Time>2026-05-28T20:42:11.000Z</Time>
            <DistanceMeters>0.0</DistanceMeters>
            <HeartRateBpm>
              <Value>101</Value>
            </HeartRateBpm>
            <Extensions>
              <ns3:TPX/>
            </Extensions>
          </Trackpoint>
          <Trackpoint>
            <Time>2026-05-28T20:42:14.000Z</Time>
            <DistanceMeters>0.0</DistanceMeters>
            <HeartRateBpm>
              <Value>100</Value>
            </HeartRateBpm>
            <Extensions>
              <ns3:TPX/>
            </Extensions>
          </Trackpoint>
          <Trackpoint>
            <Time>2026-05-28T20:42:15.000Z</Time>
            <DistanceMeters>0.0</DistanceMeters>
            <HeartRateBpm>
              <Value>99</Value>
            </HeartRateBpm>
            <Extensions>
              <ns3:TPX/>
            </Extensions>
          </Trackpoint>
          <Trackpoint>
            <Time>2026-05-28T20:42:16.000Z</Time>
            <DistanceMeters>0.0</DistanceMeters>
            <HeartRateBpm>
              <Value>98</Value>
            </HeartRateBpm>
            <Extensions>
              <ns3:TPX/>
            </Extensions>
          </Trackpoint>
          <Trackpoint>
            <Time>2026-05-28T20:42:17.000Z</Time>
            <DistanceMeters>0.0</DistanceMeters>
            <HeartRateBpm>
              <Value>97</Value>
            </HeartRateBpm>
            <Extensions>
              <ns3:TPX/>
            </Extensions>
          </Trackpoint>
          <Trackpoint>
            <Time>2026-05-28T20:42:20.000Z</Time>
            <DistanceMeters>0.0</DistanceMeters>
            <HeartRateBpm>
              <Value>98</Value>
            </HeartRateBpm>
            <Extensions>
              <ns3:TPX/>
            </Extensions>
          </Trackpoint>
          <Trackpoint>
            <Time>2026-05-28T20:42:22.000Z</Time>
            <DistanceMeters>0.0</DistanceMeters>
            <HeartRateBpm>
              <Value>99</Value>
            </HeartRateBpm>
            <Extensions>
              <ns3:TPX/>
            </Extensions>
          </Trackpoint>
          <Trackpoint>
            <Time>2026-05-28T20:42:23.000Z</Time>
            <DistanceMeters>0.0</DistanceMeters>
            <HeartRateBpm>
              <Value>100</Value>
            </HeartRateBpm>
            <Extensions>
              <ns3:TPX/>
            </Extensions>
          </Trackpoint>
          <Trackpoint>
            <Time>2026-05-28T20:42:30.000Z</Time>
            <DistanceMeters>0.0</DistanceMeters>
            <HeartRateBpm>
              <Value>101</Value>
            </HeartRateBpm>
            <Extensions>
              <ns3:TPX/>
            </Extensions>
          </Trackpoint>
          <Trackpoint>
            <Time>2026-05-28T20:42:32.000Z</Time>
            <DistanceMeters>0.0</DistanceMeters>
            <HeartRateBpm>
              <Value>102</Value>
            </HeartRateBpm>
            <Extensions>
              <ns3:TPX/>
            </Extensions>
          </Trackpoint>
          <Trackpoint>
            <Time>2026-05-28T20:42:36.000Z</Time>
            <DistanceMeters>0.0</DistanceMeters>
            <HeartRateBpm>
              <Value>101</Value>
            </HeartRateBpm>
            <Extensions>
              <ns3:TPX/>
            </Extensions>
          </Trackpoint>
          <Trackpoint>
            <Time>2026-05-28T20:42:37.000Z</Time>
            <DistanceMeters>0.0</DistanceMeters>
            <HeartRateBpm>
              <Value>100</Value>
            </HeartRateBpm>
            <Extensions>
              <ns3:TPX/>
            </Extensions>
          </Trackpoint>
          <Trackpoint>
            <Time>2026-05-28T20:42:38.000Z</Time>
            <DistanceMeters>0.0</DistanceMeters>
            <HeartRateBpm>
              <Value>97</Value>
            </HeartRateBpm>
            <Extensions>
              <ns3:TPX/>
            </Extensions>
          </Trackpoint>
          <Trackpoint>
            <Time>2026-05-28T20:42:39.000Z</Time>
            <DistanceMeters>0.0</DistanceMeters>
            <HeartRateBpm>
              <Value>96</Value>
            </HeartRateBpm>
            <Extensions>
              <ns3:TPX/>
            </Extensions>
          </Trackpoint>
          <Trackpoint>
            <Time>2026-05-28T20:42:40.000Z</Time>
            <DistanceMeters>0.0</DistanceMeters>
            <HeartRateBpm>
              <Value>93</Value>
            </HeartRateBpm>
            <Extensions>
              <ns3:TPX/>
            </Extensions>
          </Trackpoint>
          <Trackpoint>
            <Time>2026-05-28T20:42:41.000Z</Time>
            <DistanceMeters>0.0</DistanceMeters>
            <HeartRateBpm>
              <Value>92</Value>
            </HeartRateBpm>
            <Extensions>
              <ns3:TPX/>
            </Extensions>
          </Trackpoint>
          <Trackpoint>
            <Time>2026-05-28T20:42:44.000Z</Time>
            <DistanceMeters>0.0</DistanceMeters>
            <HeartRateBpm>
              <Value>89</Value>
            </HeartRateBpm>
            <Extensions>
              <ns3:TPX/>
            </Extensions>
          </Trackpoint>
          <Trackpoint>
            <Time>2026-05-28T20:42:49.000Z</Time>
            <DistanceMeters>0.0</DistanceMeters>
            <HeartRateBpm>
              <Value>90</Value>
            </HeartRateBpm>
            <Extensions>
              <ns3:TPX/>
            </Extensions>
          </Trackpoint>
          <Trackpoint>
            <Time>2026-05-28T20:42:50.000Z</Time>
            <DistanceMeters>0.0</DistanceMeters>
            <HeartRateBpm>
              <Value>91</Value>
            </HeartRateBpm>
            <Extensions>
              <ns3:TPX/>
            </Extensions>
          </Trackpoint>
          <Trackpoint>
            <Time>2026-05-28T20:42:51.000Z</Time>
            <DistanceMeters>0.0</DistanceMeters>
            <HeartRateBpm>
              <Value>92</Value>
            </HeartRateBpm>
            <Extensions>
              <ns3:TPX/>
            </Extensions>
          </Trackpoint>
          <Trackpoint>
            <Time>2026-05-28T20:42:53.000Z</Time>
            <DistanceMeters>0.0</DistanceMeters>
            <HeartRateBpm>
              <Value>94</Value>
            </HeartRateBpm>
            <Extensions>
              <ns3:TPX/>
            </Extensions>
          </Trackpoint>
          <Trackpoint>
            <Time>2026-05-28T20:42:57.000Z</Time>
            <DistanceMeters>0.0</DistanceMeters>
            <HeartRateBpm>
              <Value>93</Value>
            </HeartRateBpm>
            <Extensions>
              <ns3:TPX/>
            </Extensions>
          </Trackpoint>
          <Trackpoint>
            <Time>2026-05-28T20:42:58.000Z</Time>
            <DistanceMeters>0.0</DistanceMeters>
            <HeartRateBpm>
              <Value>92</Value>
            </HeartRateBpm>
            <Extensions>
              <ns3:TPX/>
            </Extensions>
          </Trackpoint>
          <Trackpoint>
            <Time>2026-05-28T20:43:02.000Z</Time>
            <DistanceMeters>0.0</DistanceMeters>
            <HeartRateBpm>
              <Value>93</Value>
            </HeartRateBpm>
            <Extensions>
              <ns3:TPX/>
            </Extensions>
          </Trackpoint>
          <Trackpoint>
            <Time>2026-05-28T20:43:03.000Z</Time>
            <DistanceMeters>0.0</DistanceMeters>
            <HeartRateBpm>
              <Value>94</Value>
            </HeartRateBpm>
            <Extensions>
              <ns3:TPX/>
            </Extensions>
          </Trackpoint>
          <Trackpoint>
            <Time>2026-05-28T20:43:04.000Z</Time>
            <DistanceMeters>0.0</DistanceMeters>
            <HeartRateBpm>
              <Value>96</Value>
            </HeartRateBpm>
            <Extensions>
              <ns3:TPX/>
            </Extensions>
          </Trackpoint>
          <Trackpoint>
            <Time>2026-05-28T20:43:05.000Z</Time>
            <DistanceMeters>0.0</DistanceMeters>
            <HeartRateBpm>
              <Value>97</Value>
            </HeartRateBpm>
            <Extensions>
              <ns3:TPX/>
            </Extensions>
          </Trackpoint>
          <Trackpoint>
            <Time>2026-05-28T20:43:06.000Z</Time>
            <DistanceMeters>0.0</DistanceMeters>
            <HeartRateBpm>
              <Value>98</Value>
            </HeartRateBpm>
            <Extensions>
              <ns3:TPX/>
            </Extensions>
          </Trackpoint>
          <Trackpoint>
            <Time>2026-05-28T20:43:07.000Z</Time>
            <DistanceMeters>0.0</DistanceMeters>
            <HeartRateBpm>
              <Value>99</Value>
            </HeartRateBpm>
            <Extensions>
              <ns3:TPX/>
            </Extensions>
          </Trackpoint>
          <Trackpoint>
            <Time>2026-05-28T20:43:09.000Z</Time>
            <DistanceMeters>0.0</DistanceMeters>
            <HeartRateBpm>
              <Value>100</Value>
            </HeartRateBpm>
            <Extensions>
              <ns3:TPX/>
            </Extensions>
          </Trackpoint>
          <Trackpoint>
            <Time>2026-05-28T20:43:15.000Z</Time>
            <DistanceMeters>0.0</DistanceMeters>
            <HeartRateBpm>
              <Value>101</Value>
            </HeartRateBpm>
            <Extensions>
              <ns3:TPX/>
            </Extensions>
          </Trackpoint>
          <Trackpoint>
            <Time>2026-05-28T20:43:17.000Z</Time>
            <DistanceMeters>0.0</DistanceMeters>
            <HeartRateBpm>
              <Value>100</Value>
            </HeartRateBpm>
            <Extensions>
              <ns3:TPX/>
            </Extensions>
          </Trackpoint>
          <Trackpoint>
            <Time>2026-05-28T20:43:21.000Z</Time>
            <DistanceMeters>0.0</DistanceMeters>
            <HeartRateBpm>
              <Value>97</Value>
            </HeartRateBpm>
            <Extensions>
              <ns3:TPX/>
            </Extensions>
          </Trackpoint>
          <Trackpoint>
            <Time>2026-05-28T20:43:22.000Z</Time>
            <DistanceMeters>0.0</DistanceMeters>
            <HeartRateBpm>
              <Value>96</Value>
            </HeartRateBpm>
            <Extensions>
              <ns3:TPX/>
            </Extensions>
          </Trackpoint>
          <Trackpoint>
            <Time>2026-05-28T20:43:23.000Z</Time>
            <DistanceMeters>0.0</DistanceMeters>
            <HeartRateBpm>
              <Value>93</Value>
            </HeartRateBpm>
            <Extensions>
              <ns3:TPX/>
            </Extensions>
          </Trackpoint>
          <Trackpoint>
            <Time>2026-05-28T20:43:29.000Z</Time>
            <DistanceMeters>0.0</DistanceMeters>
            <HeartRateBpm>
              <Value>92</Value>
            </HeartRateBpm>
            <Extensions>
              <ns3:TPX/>
            </Extensions>
          </Trackpoint>
          <Trackpoint>
            <Time>2026-05-28T20:43:33.000Z</Time>
            <DistanceMeters>0.0</DistanceMeters>
            <HeartRateBpm>
              <Value>91</Value>
            </HeartRateBpm>
            <Extensions>
              <ns3:TPX/>
            </Extensions>
          </Trackpoint>
          <Trackpoint>
            <Time>2026-05-28T20:43:37.000Z</Time>
            <DistanceMeters>0.0</DistanceMeters>
            <HeartRateBpm>
              <Value>90</Value>
            </HeartRateBpm>
            <Extensions>
              <ns3:TPX/>
            </Extensions>
          </Trackpoint>
          <Trackpoint>
            <Time>2026-05-28T20:43:49.000Z</Time>
            <DistanceMeters>0.0</DistanceMeters>
            <HeartRateBpm>
              <Value>91</Value>
            </HeartRateBpm>
            <Extensions>
              <ns3:TPX/>
            </Extensions>
          </Trackpoint>
          <Trackpoint>
            <Time>2026-05-28T20:44:08.000Z</Time>
            <DistanceMeters>0.0</DistanceMeters>
            <HeartRateBpm>
              <Value>92</Value>
            </HeartRateBpm>
            <Extensions>
              <ns3:TPX/>
            </Extensions>
          </Trackpoint>
          <Trackpoint>
            <Time>2026-05-28T20:44:10.000Z</Time>
            <DistanceMeters>0.0</DistanceMeters>
            <HeartRateBpm>
              <Value>94</Value>
            </HeartRateBpm>
            <Extensions>
              <ns3:TPX/>
            </Extensions>
          </Trackpoint>
          <Trackpoint>
            <Time>2026-05-28T20:44:12.000Z</Time>
            <DistanceMeters>0.0</DistanceMeters>
            <HeartRateBpm>
              <Value>96</Value>
            </HeartRateBpm>
            <Extensions>
              <ns3:TPX/>
            </Extensions>
          </Trackpoint>
          <Trackpoint>
            <Time>2026-05-28T20:44:13.000Z</Time>
            <DistanceMeters>0.0</DistanceMeters>
            <HeartRateBpm>
              <Value>97</Value>
            </HeartRateBpm>
            <Extensions>
              <ns3:TPX/>
            </Extensions>
          </Trackpoint>
          <Trackpoint>
            <Time>2026-05-28T20:44:17.000Z</Time>
            <DistanceMeters>0.0</DistanceMeters>
            <HeartRateBpm>
              <Value>96</Value>
            </HeartRateBpm>
            <Extensions>
              <ns3:TPX/>
            </Extensions>
          </Trackpoint>
          <Trackpoint>
            <Time>2026-05-28T20:44:18.000Z</Time>
            <DistanceMeters>0.0</DistanceMeters>
            <HeartRateBpm>
              <Value>95</Value>
            </HeartRateBpm>
            <Extensions>
              <ns3:TPX/>
            </Extensions>
          </Trackpoint>
          <Trackpoint>
            <Time>2026-05-28T20:44:20.000Z</Time>
            <DistanceMeters>0.0</DistanceMeters>
            <HeartRateBpm>
              <Value>94</Value>
            </HeartRateBpm>
            <Extensions>
              <ns3:TPX/>
            </Extensions>
          </Trackpoint>
          <Trackpoint>
            <Time>2026-05-28T20:44:22.000Z</Time>
            <DistanceMeters>0.0</DistanceMeters>
            <HeartRateBpm>
              <Value>93</Value>
            </HeartRateBpm>
            <Extensions>
              <ns3:TPX/>
            </Extensions>
          </Trackpoint>
          <Trackpoint>
            <Time>2026-05-28T20:44:27.000Z</Time>
            <DistanceMeters>0.0</DistanceMeters>
            <HeartRateBpm>
              <Value>92</Value>
            </HeartRateBpm>
            <Extensions>
              <ns3:TPX/>
            </Extensions>
          </Trackpoint>
          <Trackpoint>
            <Time>2026-05-28T20:44:35.000Z</Time>
            <DistanceMeters>0.0</DistanceMeters>
            <HeartRateBpm>
              <Value>93</Value>
            </HeartRateBpm>
            <Extensions>
              <ns3:TPX/>
            </Extensions>
          </Trackpoint>
          <Trackpoint>
            <Time>2026-05-28T20:44:37.000Z</Time>
            <DistanceMeters>0.0</DistanceMeters>
            <HeartRateBpm>
              <Value>92</Value>
            </HeartRateBpm>
            <Extensions>
              <ns3:TPX/>
            </Extensions>
          </Trackpoint>
          <Trackpoint>
            <Time>2026-05-28T20:44:39.000Z</Time>
            <DistanceMeters>0.0</DistanceMeters>
            <HeartRateBpm>
              <Value>91</Value>
            </HeartRateBpm>
            <Extensions>
              <ns3:TPX/>
            </Extensions>
          </Trackpoint>
          <Trackpoint>
            <Time>2026-05-28T20:44:42.000Z</Time>
            <DistanceMeters>0.0</DistanceMeters>
            <HeartRateBpm>
              <Value>90</Value>
            </HeartRateBpm>
            <Extensions>
              <ns3:TPX/>
            </Extensions>
          </Trackpoint>
          <Trackpoint>
            <Time>2026-05-28T20:44:43.000Z</Time>
            <DistanceMeters>0.0</DistanceMeters>
            <HeartRateBpm>
              <Value>90</Value>
            </HeartRateBpm>
            <Extensions>
              <ns3:TPX/>
            </Extensions>
          </Trackpoint>
        </Track>
        <Extensions>
          <ns3:LX/>
        </Extensions>
      </Lap>
      <Creator xsi:type="Device_t">
        <Name>fenix 5X Plus</Name>
        <UnitId>3325297807</UnitId>
        <ProductID>3111</ProductID>
        <Version>
          <VersionMajor>19</VersionMajor>
          <VersionMinor>30</VersionMinor>
          <BuildMajor>0</BuildMajor>
          <BuildMinor>0</BuildMinor>
        </Version>
      </Creator>
    </Activity>
  </Activities>
  <Author xsi:type="Application_t">
    <Name>Connect Api</Name>
    <Build>
      <Version>
        <VersionMajor>26</VersionMajor>
        <VersionMinor>9</VersionMinor>
        <BuildMajor>0</BuildMajor>
        <BuildMinor>0</BuildMinor>
      </Version>
    </Build>
    <LangID>en</LangID>
    <PartNumber>006-D2449-00</PartNumber>
  </Author>
</TrainingCenterDatabase>
