<?xml version="1.0" encoding="UTF-8"?>
<TrainingCenterDatabase
  xsi:schemaLocation="http://www.garmin.com/xmlschemas/TrainingCenterDatabase/v2 http://www.garmin.com/xmlschemas/TrainingCenterDatabasev2.xsd"
  xmlns:ns5="http://www.garmin.com/xmlschemas/ActivityGoals/v1"
  xmlns:ns3="http://www.garmin.com/xmlschemas/ActivityExtension/v2"
  xmlns:ns2="http://www.garmin.com/xmlschemas/UserProfile/v2"
  xmlns="http://www.garmin.com/xmlschemas/TrainingCenterDatabase/v2"
  xmlns:xsi="http://www.w3.org/2001/XMLSchema-instance" xmlns:ns4="http://www.garmin.com/xmlschemas/ProfileExtension/v1">
  <Activities>
    <Activity Sport="Other">
      <Id>2026-04-29T05:04:44.000Z</Id>
      <Lap StartTime="2026-04-29T05:04:44.000Z">
        <TotalTimeSeconds>1475.819</TotalTimeSeconds>
        <DistanceMeters>0.0</DistanceMeters>
        <Calories>162</Calories>
        <AverageHeartRateBpm>
          <Value>97</Value>
        </AverageHeartRateBpm>
        <MaximumHeartRateBpm>
          <Value>124</Value>
        </MaximumHeartRateBpm>
        <Intensity>Active</Intensity>
        <TriggerMethod>Manual</TriggerMethod>
        <Track>
          <Trackpoint>
            <Time>2026-04-29T05:04:44.000Z</Time>
            <DistanceMeters>0.0</DistanceMeters>
            <HeartRateBpm>
              <Value>77</Value>
            </HeartRateBpm>
            <Extensions>
              <ns3:TPX/>
            </Extensions>
          </Trackpoint>
          <Trackpoint>
            <Time>2026-04-29T05:04:45.000Z</Time>
            <DistanceMeters>0.0</DistanceMeters>
            <HeartRateBpm>
              <Value>76</Value>
            </HeartRateBpm>
            <Extensions>
              <ns3:TPX/>
            </Extensions>
          </Trackpoint>
          <Trackpoint>
            <Time>2026-04-29T05:04:47.000Z</Time>
            <DistanceMeters>0.0</DistanceMeters>
            <HeartRateBpm>
              <Value>75</Value>
            </HeartRateBpm>
            <Extensions>
              <ns3:TPX/>
            </Extensions>
          </Trackpoint>
          <Trackpoint>
            <Time>2026-04-29T05:04:48.000Z</Time>
            <DistanceMeters>0.0</DistanceMeters>
            <HeartRateBpm>
              <Value>73</Value>
            </HeartRateBpm>
            <Extensions>
              <ns3:TPX/>
            </Extensions>
          </Trackpoint>
          <Trackpoint>
            <Time>2026-04-29T05:04:49.000Z</Time>
            <DistanceMeters>0.0</DistanceMeters>
            <HeartRateBpm>
              <Value>72</Value>
            </HeartRateBpm>
            <Extensions>
              <ns3:TPX/>
            </Extensions>
          </Trackpoint>
          <Trackpoint>
            <Time>2026-04-29T05:04:51.000Z</Time>
            <DistanceMeters>0.0</DistanceMeters>
            <HeartRateBpm>
              <Value>73</Value>
            </HeartRateBpm>
            <Extensions>
              <ns3:TPX/>
            </Extensions>
          </Trackpoint>
          <Trackpoint>
            <Time>2026-04-29T05:04:52.000Z</Time>
            <DistanceMeters>0.0</DistanceMeters>
            <HeartRateBpm>
              <Value>74</Value>
            </HeartRateBpm>
            <Extensions>
              <ns3:TPX/>
            </Extensions>
          </Trackpoint>
          <Trackpoint>
            <Time>2026-04-29T05:04:57.000Z</Time>
            <DistanceMeters>0.0</DistanceMeters>
            <HeartRateBpm>
              <Value>75</Value>
            </HeartRateBpm>
            <Extensions>
              <ns3:TPX/>
            </Extensions>
          </Trackpoint>
          <Trackpoint>
            <Time>2026-04-29T05:04:58.000Z</Time>
            <DistanceMeters>0.0</DistanceMeters>
            <HeartRateBpm>
              <Value>76</Value>
            </HeartRateBpm>
            <Extensions>
              <ns3:TPX/>
            </Extensions>
          </Trackpoint>
          <Trackpoint>
            <Time>2026-04-29T05:05:00.000Z</Time>
            <DistanceMeters>0.0</DistanceMeters>
            <HeartRateBpm>
              <Value>77</Value>
            </HeartRateBpm>
            <Extensions>
              <ns3:TPX/>
            </Extensions>
          </Trackpoint>
          <Trackpoint>
            <Time>2026-04-29T05:05:02.000Z</Time>
            <DistanceMeters>0.0</DistanceMeters>
            <HeartRateBpm>
              <Value>76</Value>
            </HeartRateBpm>
            <Extensions>
              <ns3:TPX/>
            </Extensions>
          </Trackpoint>
          <Trackpoint>
            <Time>2026-04-29T05:05:04.000Z</Time>
            <DistanceMeters>0.0</DistanceMeters>
            <HeartRateBpm>
              <Value>75</Value>
            </HeartRateBpm>
            <Extensions>
              <ns3:TPX/>
            </Extensions>
          </Trackpoint>
          <Trackpoint>
            <Time>2026-04-29T05:05:09.000Z</Time>
            <DistanceMeters>0.0</DistanceMeters>
            <HeartRateBpm>
              <Value>76</Value>
            </HeartRateBpm>
            <Extensions>
              <ns3:TPX/>
            </Extensions>
          </Trackpoint>
          <Trackpoint>
            <Time>2026-04-29T05:05:10.000Z</Time>
            <DistanceMeters>0.0</DistanceMeters>
            <HeartRateBpm>
              <Value>77</Value>
            </HeartRateBpm>
            <Extensions>
              <ns3:TPX/>
            </Extensions>
          </Trackpoint>
          <Trackpoint>
            <Time>2026-04-29T05:05:12.000Z</Time>
            <DistanceMeters>0.0</DistanceMeters>
            <HeartRateBpm>
              <Value>78</Value>
            </HeartRateBpm>
            <Extensions>
              <ns3:TPX/>
            </Extensions>
          </Trackpoint>
          <Trackpoint>
            <Time>2026-04-29T05:05:16.000Z</Time>
            <DistanceMeters>0.0</DistanceMeters>
            <HeartRateBpm>
              <Value>79</Value>
            </HeartRateBpm>
            <Extensions>
              <ns3:TPX/>
            </Extensions>
          </Trackpoint>
          <Trackpoint>
            <Time>2026-04-29T05:05:17.000Z</Time>
            <DistanceMeters>0.0</DistanceMeters>
            <HeartRateBpm>
              <Value>78</Value>
            </HeartRateBpm>
            <Extensions>
              <ns3:TPX/>
            </Extensions>
          </Trackpoint>
          <Trackpoint>
            <Time>2026-04-29T05:05:18.000Z</Time>
            <DistanceMeters>0.0</DistanceMeters>
            <HeartRateBpm>
              <Value>79</Value>
            </HeartRateBpm>
            <Extensions>
              <ns3:TPX/>
            </Extensions>
          </Trackpoint>
          <Trackpoint>
            <Time>2026-04-29T05:05:22.000Z</Time>
            <DistanceMeters>0.0</DistanceMeters>
            <HeartRateBpm>
              <Value>80</Value>
            </HeartRateBpm>
            <Extensions>
              <ns3:TPX/>
            </Extensions>
          </Trackpoint>
          <Trackpoint>
            <Time>2026-04-29T05:05:23.000Z</Time>
            <DistanceMeters>0.0</DistanceMeters>
            <HeartRateBpm>
              <Value>81</Value>
            </HeartRateBpm>
            <Extensions>
              <ns3:TPX/>
            </Extensions>
          </Trackpoint>
          <Trackpoint>
            <Time>2026-04-29T05:05:25.000Z</Time>
            <DistanceMeters>0.0</DistanceMeters>
            <HeartRateBpm>
              <Value>82</Value>
            </HeartRateBpm>
            <Extensions>
              <ns3:TPX/>
            </Extensions>
          </Trackpoint>
          <Trackpoint>
            <Time>2026-04-29T05:05:27.000Z</Time>
            <DistanceMeters>0.0</DistanceMeters>
            <HeartRateBpm>
              <Value>81</Value>
            </HeartRateBpm>
            <Extensions>
              <ns3:TPX/>
            </Extensions>
          </Trackpoint>
          <Trackpoint>
            <Time>2026-04-29T05:05:35.000Z</Time>
            <DistanceMeters>0.0</DistanceMeters>
            <HeartRateBpm>
              <Value>82</Value>
            </HeartRateBpm>
            <Extensions>
              <ns3:TPX/>
            </Extensions>
          </Trackpoint>
          <Trackpoint>
            <Time>2026-04-29T05:05:36.000Z</Time>
            <DistanceMeters>0.0</DistanceMeters>
            <HeartRateBpm>
              <Value>83</Value>
            </HeartRateBpm>
            <Extensions>
              <ns3:TPX/>
            </Extensions>
          </Trackpoint>
          <Trackpoint>
            <Time>2026-04-29T05:05:41.000Z</Time>
            <DistanceMeters>0.0</DistanceMeters>
            <HeartRateBpm>
              <Value>81</Value>
            </HeartRateBpm>
            <Extensions>
              <ns3:TPX/>
            </Extensions>
          </Trackpoint>
          <Trackpoint>
            <Time>2026-04-29T05:05:46.000Z</Time>
            <DistanceMeters>0.0</DistanceMeters>
            <HeartRateBpm>
              <Value>82</Value>
            </HeartRateBpm>
            <Extensions>
              <ns3:TPX/>
            </Extensions>
          </Trackpoint>
          <Trackpoint>
            <Time>2026-04-29T05:05:49.000Z</Time>
            <DistanceMeters>0.0</DistanceMeters>
            <HeartRateBpm>
              <Value>83</Value>
            </HeartRateBpm>
            <Extensions>
              <ns3:TPX/>
            </Extensions>
          </Trackpoint>
          <Trackpoint>
            <Time>2026-04-29T05:05:50.000Z</Time>
            <DistanceMeters>0.0</DistanceMeters>
            <HeartRateBpm>
              <Value>84</Value>
            </HeartRateBpm>
            <Extensions>
              <ns3:TPX/>
            </Extensions>
          </Trackpoint>
          <Trackpoint>
            <Time>2026-04-29T05:05:51.000Z</Time>
            <DistanceMeters>0.0</DistanceMeters>
            <HeartRateBpm>
              <Value>85</Value>
            </HeartRateBpm>
            <Extensions>
              <ns3:TPX/>
            </Extensions>
          </Trackpoint>
          <Trackpoint>
            <Time>2026-04-29T05:05:53.000Z</Time>
            <DistanceMeters>0.0</DistanceMeters>
            <HeartRateBpm>
              <Value>84</Value>
            </HeartRateBpm>
            <Extensions>
              <ns3:TPX/>
            </Extensions>
          </Trackpoint>
          <Trackpoint>
            <Time>2026-04-29T05:05:55.000Z</Time>
            <DistanceMeters>0.0</DistanceMeters>
            <HeartRateBpm>
              <Value>83</Value>
            </HeartRateBpm>
            <Extensions>
              <ns3:TPX/>
            </Extensions>
          </Trackpoint>
          <Trackpoint>
            <Time>2026-04-29T05:05:57.000Z</Time>
            <DistanceMeters>0.0</DistanceMeters>
            <HeartRateBpm>
              <Value>81</Value>
            </HeartRateBpm>
            <Extensions>
              <ns3:TPX/>
            </Extensions>
          </Trackpoint>
          <Trackpoint>
            <Time>2026-04-29T05:06:04.000Z</Time>
            <DistanceMeters>0.0</DistanceMeters>
            <HeartRateBpm>
              <Value>82</Value>
            </HeartRateBpm>
            <Extensions>
              <ns3:TPX/>
            </Extensions>
          </Trackpoint>
          <Trackpoint>
            <Time>2026-04-29T05:06:06.000Z</Time>
            <DistanceMeters>0.0</DistanceMeters>
            <HeartRateBpm>
              <Value>83</Value>
            </HeartRateBpm>
            <Extensions>
              <ns3:TPX/>
            </Extensions>
          </Trackpoint>
          <Trackpoint>
            <Time>2026-04-29T05:06:07.000Z</Time>
            <DistanceMeters>0.0</DistanceMeters>
            <HeartRateBpm>
              <Value>82</Value>
            </HeartRateBpm>
            <Extensions>
              <ns3:TPX/>
            </Extensions>
          </Trackpoint>
          <Trackpoint>
            <Time>2026-04-29T05:06:12.000Z</Time>
            <DistanceMeters>0.0</DistanceMeters>
            <HeartRateBpm>
              <Value>83</Value>
            </HeartRateBpm>
            <Extensions>
              <ns3:TPX/>
            </Extensions>
          </Trackpoint>
          <Trackpoint>
            <Time>2026-04-29T05:06:13.000Z</Time>
            <DistanceMeters>0.0</DistanceMeters>
            <HeartRateBpm>
              <Value>84</Value>
            </HeartRateBpm>
            <Extensions>
              <ns3:TPX/>
            </Extensions>
          </Trackpoint>
          <Trackpoint>
            <Time>2026-04-29T05:06:15.000Z</Time>
            <DistanceMeters>0.0</DistanceMeters>
            <HeartRateBpm>
              <Value>85</Value>
            </HeartRateBpm>
            <Extensions>
              <ns3:TPX/>
            </Extensions>
          </Trackpoint>
          <Trackpoint>
            <Time>2026-04-29T05:06:16.000Z</Time>
            <DistanceMeters>0.0</DistanceMeters>
            <HeartRateBpm>
              <Value>86</Value>
            </HeartRateBpm>
            <Extensions>
              <ns3:TPX/>
            </Extensions>
          </Trackpoint>
          <Trackpoint>
            <Time>2026-04-29T05:06:17.000Z</Time>
            <DistanceMeters>0.0</DistanceMeters>
            <HeartRateBpm>
              <Value>87</Value>
            </HeartRateBpm>
            <Extensions>
              <ns3:TPX/>
            </Extensions>
          </Trackpoint>
          <Trackpoint>
            <Time>2026-04-29T05:06:19.000Z</Time>
            <DistanceMeters>0.0</DistanceMeters>
            <HeartRateBpm>
              <Value>88</Value>
            </HeartRateBpm>
            <Extensions>
              <ns3:TPX/>
            </Extensions>
          </Trackpoint>
          <Trackpoint>
            <Time>2026-04-29T05:06:27.000Z</Time>
            <DistanceMeters>0.0</DistanceMeters>
            <HeartRateBpm>
              <Value>89</Value>
            </HeartRateBpm>
            <Extensions>
              <ns3:TPX/>
            </Extensions>
          </Trackpoint>
          <Trackpoint>
            <Time>2026-04-29T05:06:29.000Z</Time>
            <DistanceMeters>0.0</DistanceMeters>
            <HeartRateBpm>
              <Value>90</Value>
            </HeartRateBpm>
            <Extensions>
              <ns3:TPX/>
            </Extensions>
          </Trackpoint>
          <Trackpoint>
            <Time>2026-04-29T05:06:37.000Z</Time>
            <DistanceMeters>0.0</DistanceMeters>
            <HeartRateBpm>
              <Value>91</Value>
            </HeartRateBpm>
            <Extensions>
              <ns3:TPX/>
            </Extensions>
          </Trackpoint>
          <Trackpoint>
            <Time>2026-04-29T05:06:41.000Z</Time>
            <DistanceMeters>0.0</DistanceMeters>
            <HeartRateBpm>
              <Value>92</Value>
            </HeartRateBpm>
            <Extensions>
              <ns3:TPX/>
            </Extensions>
          </Trackpoint>
          <Trackpoint>
            <Time>2026-04-29T05:06:44.000Z</Time>
            <DistanceMeters>0.0</DistanceMeters>
            <HeartRateBpm>
              <Value>93</Value>
            </HeartRateBpm>
            <Extensions>
              <ns3:TPX/>
            </Extensions>
          </Trackpoint>
          <Trackpoint>
            <Time>2026-04-29T05:06:50.000Z</Time>
            <DistanceMeters>0.0</DistanceMeters>
            <HeartRateBpm>
              <Value>92</Value>
            </HeartRateBpm>
            <Extensions>
              <ns3:TPX/>
            </Extensions>
          </Trackpoint>
          <Trackpoint>
            <Time>2026-04-29T05:06:54.000Z</Time>
            <DistanceMeters>0.0</DistanceMeters>
            <HeartRateBpm>
              <Value>93</Value>
            </HeartRateBpm>
            <Extensions>
              <ns3:TPX/>
            </Extensions>
          </Trackpoint>
          <Trackpoint>
            <Time>2026-04-29T05:06:58.000Z</Time>
            <DistanceMeters>0.0</DistanceMeters>
            <HeartRateBpm>
              <Value>94</Value>
            </HeartRateBpm>
            <Extensions>
              <ns3:TPX/>
            </Extensions>
          </Trackpoint>
          <Trackpoint>
            <Time>2026-04-29T05:06:59.000Z</Time>
            <DistanceMeters>0.0</DistanceMeters>
            <HeartRateBpm>
              <Value>94</Value>
            </HeartRateBpm>
            <Extensions>
              <ns3:TPX/>
            </Extensions>
          </Trackpoint>
          <Trackpoint>
            <Time>2026-04-29T05:07:00.000Z</Time>
            <DistanceMeters>0.0</DistanceMeters>
            <HeartRateBpm>
              <Value>93</Value>
            </HeartRateBpm>
            <Extensions>
              <ns3:TPX/>
            </Extensions>
          </Trackpoint>
          <Trackpoint>
            <Time>2026-04-29T05:07:02.000Z</Time>
            <DistanceMeters>0.0</DistanceMeters>
            <HeartRateBpm>
              <Value>92</Value>
            </HeartRateBpm>
            <Extensions>
              <ns3:TPX/>
            </Extensions>
          </Trackpoint>
          <Trackpoint>
            <Time>2026-04-29T05:07:04.000Z</Time>
            <DistanceMeters>0.0</DistanceMeters>
            <HeartRateBpm>
              <Value>91</Value>
            </HeartRateBpm>
            <Extensions>
              <ns3:TPX/>
            </Extensions>
          </Trackpoint>
          <Trackpoint>
            <Time>2026-04-29T05:07:09.000Z</Time>
            <DistanceMeters>0.0</DistanceMeters>
            <HeartRateBpm>
              <Value>91</Value>
            </HeartRateBpm>
            <Extensions>
              <ns3:TPX/>
            </Extensions>
          </Trackpoint>
          <Trackpoint>
            <Time>2026-04-29T05:07:12.000Z</Time>
            <DistanceMeters>0.0</DistanceMeters>
            <HeartRateBpm>
              <Value>92</Value>
            </HeartRateBpm>
            <Extensions>
              <ns3:TPX/>
            </Extensions>
          </Trackpoint>
          <Trackpoint>
            <Time>2026-04-29T05:07:14.000Z</Time>
            <DistanceMeters>0.0</DistanceMeters>
            <HeartRateBpm>
              <Value>91</Value>
            </HeartRateBpm>
            <Extensions>
              <ns3:TPX/>
            </Extensions>
          </Trackpoint>
          <Trackpoint>
            <Time>2026-04-29T05:07:15.000Z</Time>
            <DistanceMeters>0.0</DistanceMeters>
            <HeartRateBpm>
              <Value>90</Value>
            </HeartRateBpm>
            <Extensions>
              <ns3:TPX/>
            </Extensions>
          </Trackpoint>
          <Trackpoint>
            <Time>2026-04-29T05:07:17.000Z</Time>
            <DistanceMeters>0.0</DistanceMeters>
            <HeartRateBpm>
              <Value>89</Value>
            </HeartRateBpm>
            <Extensions>
              <ns3:TPX/>
            </Extensions>
          </Trackpoint>
          <Trackpoint>
            <Time>2026-04-29T05:07:20.000Z</Time>
            <DistanceMeters>0.0</DistanceMeters>
            <HeartRateBpm>
              <Value>88</Value>
            </HeartRateBpm>
            <Extensions>
              <ns3:TPX/>
            </Extensions>
          </Trackpoint>
          <Trackpoint>
            <Time>2026-04-29T05:07:22.000Z</Time>
            <DistanceMeters>0.0</DistanceMeters>
            <HeartRateBpm>
              <Value>89</Value>
            </HeartRateBpm>
            <Extensions>
              <ns3:TPX/>
            </Extensions>
          </Trackpoint>
          <Trackpoint>
            <Time>2026-04-29T05:07:24.000Z</Time>
            <DistanceMeters>0.0</DistanceMeters>
            <HeartRateBpm>
              <Value>90</Value>
            </HeartRateBpm>
            <Extensions>
              <ns3:TPX/>
            </Extensions>
          </Trackpoint>
          <Trackpoint>
            <Time>2026-04-29T05:07:25.000Z</Time>
            <DistanceMeters>0.0</DistanceMeters>
            <HeartRateBpm>
              <Value>91</Value>
            </HeartRateBpm>
            <Extensions>
              <ns3:TPX/>
            </Extensions>
          </Trackpoint>
          <Trackpoint>
            <Time>2026-04-29T05:07:26.000Z</Time>
            <DistanceMeters>0.0</DistanceMeters>
            <HeartRateBpm>
              <Value>92</Value>
            </HeartRateBpm>
            <Extensions>
              <ns3:TPX/>
            </Extensions>
          </Trackpoint>
          <Trackpoint>
            <Time>2026-04-29T05:07:27.000Z</Time>
            <DistanceMeters>0.0</DistanceMeters>
            <HeartRateBpm>
              <Value>93</Value>
            </HeartRateBpm>
            <Extensions>
              <ns3:TPX/>
            </Extensions>
          </Trackpoint>
          <Trackpoint>
            <Time>2026-04-29T05:07:28.000Z</Time>
            <DistanceMeters>0.0</DistanceMeters>
            <HeartRateBpm>
              <Value>94</Value>
            </HeartRateBpm>
            <Extensions>
              <ns3:TPX/>
            </Extensions>
          </Trackpoint>
          <Trackpoint>
            <Time>2026-04-29T05:07:31.000Z</Time>
            <DistanceMeters>0.0</DistanceMeters>
            <HeartRateBpm>
              <Value>96</Value>
            </HeartRateBpm>
            <Extensions>
              <ns3:TPX/>
            </Extensions>
          </Trackpoint>
          <Trackpoint>
            <Time>2026-04-29T05:07:37.000Z</Time>
            <DistanceMeters>0.0</DistanceMeters>
            <HeartRateBpm>
              <Value>97</Value>
            </HeartRateBpm>
            <Extensions>
              <ns3:TPX/>
            </Extensions>
          </Trackpoint>
          <Trackpoint>
            <Time>2026-04-29T05:07:41.000Z</Time>
            <DistanceMeters>0.0</DistanceMeters>
            <HeartRateBpm>
              <Value>96</Value>
            </HeartRateBpm>
            <Extensions>
              <ns3:TPX/>
            </Extensions>
          </Trackpoint>
          <Trackpoint>
            <Time>2026-04-29T05:07:43.000Z</Time>
            <DistanceMeters>0.0</DistanceMeters>
            <HeartRateBpm>
              <Value>97</Value>
            </HeartRateBpm>
            <Extensions>
              <ns3:TPX/>
            </Extensions>
          </Trackpoint>
          <Trackpoint>
            <Time>2026-04-29T05:07:48.000Z</Time>
            <DistanceMeters>0.0</DistanceMeters>
            <HeartRateBpm>
              <Value>96</Value>
            </HeartRateBpm>
            <Extensions>
              <ns3:TPX/>
            </Extensions>
          </Trackpoint>
          <Trackpoint>
            <Time>2026-04-29T05:08:03.000Z</Time>
            <DistanceMeters>0.0</DistanceMeters>
            <HeartRateBpm>
              <Value>95</Value>
            </HeartRateBpm>
            <Extensions>
              <ns3:TPX/>
            </Extensions>
          </Trackpoint>
          <Trackpoint>
            <Time>2026-04-29T05:08:05.000Z</Time>
            <DistanceMeters>0.0</DistanceMeters>
            <HeartRateBpm>
              <Value>95</Value>
            </HeartRateBpm>
            <Extensions>
              <ns3:TPX/>
            </Extensions>
          </Trackpoint>
          <Trackpoint>
            <Time>2026-04-29T05:08:07.000Z</Time>
            <DistanceMeters>0.0</DistanceMeters>
            <HeartRateBpm>
              <Value>94</Value>
            </HeartRateBpm>
            <Extensions>
              <ns3:TPX/>
            </Extensions>
          </Trackpoint>
          <Trackpoint>
            <Time>2026-04-29T05:08:10.000Z</Time>
            <DistanceMeters>0.0</DistanceMeters>
            <HeartRateBpm>
              <Value>93</Value>
            </HeartRateBpm>
            <Extensions>
              <ns3:TPX/>
            </Extensions>
          </Trackpoint>
          <Trackpoint>
            <Time>2026-04-29T05:08:12.000Z</Time>
            <DistanceMeters>0.0</DistanceMeters>
            <HeartRateBpm>
              <Value>92</Value>
            </HeartRateBpm>
            <Extensions>
              <ns3:TPX/>
            </Extensions>
          </Trackpoint>
          <Trackpoint>
            <Time>2026-04-29T05:08:15.000Z</Time>
            <DistanceMeters>0.0</DistanceMeters>
            <HeartRateBpm>
              <Value>92</Value>
            </HeartRateBpm>
            <Extensions>
              <ns3:TPX/>
            </Extensions>
          </Trackpoint>
          <Trackpoint>
            <Time>2026-04-29T05:08:16.000Z</Time>
            <DistanceMeters>0.0</DistanceMeters>
            <HeartRateBpm>
              <Value>91</Value>
            </HeartRateBpm>
            <Extensions>
              <ns3:TPX/>
            </Extensions>
          </Trackpoint>
          <Trackpoint>
            <Time>2026-04-29T05:08:18.000Z</Time>
            <DistanceMeters>0.0</DistanceMeters>
            <HeartRateBpm>
              <Value>90</Value>
            </HeartRateBpm>
            <Extensions>
              <ns3:TPX/>
            </Extensions>
          </Trackpoint>
          <Trackpoint>
            <Time>2026-04-29T05:08:20.000Z</Time>
            <DistanceMeters>0.0</DistanceMeters>
            <HeartRateBpm>
              <Value>89</Value>
            </HeartRateBpm>
            <Extensions>
              <ns3:TPX/>
            </Extensions>
          </Trackpoint>
          <Trackpoint>
            <Time>2026-04-29T05:08:25.000Z</Time>
            <DistanceMeters>0.0</DistanceMeters>
            <HeartRateBpm>
              <Value>88</Value>
            </HeartRateBpm>
            <Extensions>
              <ns3:TPX/>
            </Extensions>
          </Trackpoint>
          <Trackpoint>
            <Time>2026-04-29T05:08:26.000Z</Time>
            <DistanceMeters>0.0</DistanceMeters>
            <HeartRateBpm>
              <Value>87</Value>
            </HeartRateBpm>
            <Extensions>
              <ns3:TPX/>
            </Extensions>
          </Trackpoint>
          <Trackpoint>
            <Time>2026-04-29T05:08:29.000Z</Time>
            <DistanceMeters>0.0</DistanceMeters>
            <HeartRateBpm>
              <Value>86</Value>
            </HeartRateBpm>
            <Extensions>
              <ns3:TPX/>
            </Extensions>
          </Trackpoint>
          <Trackpoint>
            <Time>2026-04-29T05:08:32.000Z</Time>
            <DistanceMeters>0.0</DistanceMeters>
            <HeartRateBpm>
              <Value>85</Value>
            </HeartRateBpm>
            <Extensions>
              <ns3:TPX/>
            </Extensions>
          </Trackpoint>
          <Trackpoint>
            <Time>2026-04-29T05:08:33.000Z</Time>
            <DistanceMeters>0.0</DistanceMeters>
            <HeartRateBpm>
              <Value>84</Value>
            </HeartRateBpm>
            <Extensions>
              <ns3:TPX/>
            </Extensions>
          </Trackpoint>
          <Trackpoint>
            <Time>2026-04-29T05:08:37.000Z</Time>
            <DistanceMeters>0.0</DistanceMeters>
            <HeartRateBpm>
              <Value>83</Value>
            </HeartRateBpm>
            <Extensions>
              <ns3:TPX/>
            </Extensions>
          </Trackpoint>
          <Trackpoint>
            <Time>2026-04-29T05:08:49.000Z</Time>
            <DistanceMeters>0.0</DistanceMeters>
            <HeartRateBpm>
              <Value>87</Value>
            </HeartRateBpm>
            <Extensions>
              <ns3:TPX/>
            </Extensions>
          </Trackpoint>
          <Trackpoint>
            <Time>2026-04-29T05:08:50.000Z</Time>
            <DistanceMeters>0.0</DistanceMeters>
            <HeartRateBpm>
              <Value>85</Value>
            </HeartRateBpm>
            <Extensions>
              <ns3:TPX/>
            </Extensions>
          </Trackpoint>
          <Trackpoint>
            <Time>2026-04-29T05:08:52.000Z</Time>
            <DistanceMeters>0.0</DistanceMeters>
            <HeartRateBpm>
              <Value>84</Value>
            </HeartRateBpm>
            <Extensions>
              <ns3:TPX/>
            </Extensions>
          </Trackpoint>
          <Trackpoint>
            <Time>2026-04-29T05:08:53.000Z</Time>
            <DistanceMeters>0.0</DistanceMeters>
            <HeartRateBpm>
              <Value>85</Value>
            </HeartRateBpm>
            <Extensions>
              <ns3:TPX/>
            </Extensions>
          </Trackpoint>
          <Trackpoint>
            <Time>2026-04-29T05:08:55.000Z</Time>
            <DistanceMeters>0.0</DistanceMeters>
            <HeartRateBpm>
              <Value>86</Value>
            </HeartRateBpm>
            <Extensions>
              <ns3:TPX/>
            </Extensions>
          </Trackpoint>
          <Trackpoint>
            <Time>2026-04-29T05:08:59.000Z</Time>
            <DistanceMeters>0.0</DistanceMeters>
            <HeartRateBpm>
              <Value>87</Value>
            </HeartRateBpm>
            <Extensions>
              <ns3:TPX/>
            </Extensions>
          </Trackpoint>
          <Trackpoint>
            <Time>2026-04-29T05:09:00.000Z</Time>
            <DistanceMeters>0.0</DistanceMeters>
            <HeartRateBpm>
              <Value>86</Value>
            </HeartRateBpm>
            <Extensions>
              <ns3:TPX/>
            </Extensions>
          </Trackpoint>
          <Trackpoint>
            <Time>2026-04-29T05:09:02.000Z</Time>
            <DistanceMeters>0.0</DistanceMeters>
            <HeartRateBpm>
              <Value>85</Value>
            </HeartRateBpm>
            <Extensions>
              <ns3:TPX/>
            </Extensions>
          </Trackpoint>
          <Trackpoint>
            <Time>2026-04-29T05:09:07.000Z</Time>
            <DistanceMeters>0.0</DistanceMeters>
            <HeartRateBpm>
              <Value>86</Value>
            </HeartRateBpm>
            <Extensions>
              <ns3:TPX/>
            </Extensions>
          </Trackpoint>
          <Trackpoint>
            <Time>2026-04-29T05:09:09.000Z</Time>
            <DistanceMeters>0.0</DistanceMeters>
            <HeartRateBpm>
              <Value>86</Value>
            </HeartRateBpm>
            <Extensions>
              <ns3:TPX/>
            </Extensions>
          </Trackpoint>
          <Trackpoint>
            <Time>2026-04-29T05:09:11.000Z</Time>
            <DistanceMeters>0.0</DistanceMeters>
            <HeartRateBpm>
              <Value>85</Value>
            </HeartRateBpm>
            <Extensions>
              <ns3:TPX/>
            </Extensions>
          </Trackpoint>
          <Trackpoint>
            <Time>2026-04-29T05:09:12.000Z</Time>
            <DistanceMeters>0.0</DistanceMeters>
            <HeartRateBpm>
              <Value>84</Value>
            </HeartRateBpm>
            <Extensions>
              <ns3:TPX/>
            </Extensions>
          </Trackpoint>
          <Trackpoint>
            <Time>2026-04-29T05:09:13.000Z</Time>
            <DistanceMeters>0.0</DistanceMeters>
            <HeartRateBpm>
              <Value>83</Value>
            </HeartRateBpm>
            <Extensions>
              <ns3:TPX/>
            </Extensions>
          </Trackpoint>
          <Trackpoint>
            <Time>2026-04-29T05:09:15.000Z</Time>
            <DistanceMeters>0.0</DistanceMeters>
            <HeartRateBpm>
              <Value>86</Value>
            </HeartRateBpm>
            <Extensions>
              <ns3:TPX/>
            </Extensions>
          </Trackpoint>
          <Trackpoint>
            <Time>2026-04-29T05:09:16.000Z</Time>
            <DistanceMeters>0.0</DistanceMeters>
            <HeartRateBpm>
              <Value>85</Value>
            </HeartRateBpm>
            <Extensions>
              <ns3:TPX/>
            </Extensions>
          </Trackpoint>
          <Trackpoint>
            <Time>2026-04-29T05:09:20.000Z</Time>
            <DistanceMeters>0.0</DistanceMeters>
            <HeartRateBpm>
              <Value>85</Value>
            </HeartRateBpm>
            <Extensions>
              <ns3:TPX/>
            </Extensions>
          </Trackpoint>
          <Trackpoint>
            <Time>2026-04-29T05:09:24.000Z</Time>
            <DistanceMeters>0.0</DistanceMeters>
            <HeartRateBpm>
              <Value>86</Value>
            </HeartRateBpm>
            <Extensions>
              <ns3:TPX/>
            </Extensions>
          </Trackpoint>
          <Trackpoint>
            <Time>2026-04-29T05:09:25.000Z</Time>
            <DistanceMeters>0.0</DistanceMeters>
            <HeartRateBpm>
              <Value>87</Value>
            </HeartRateBpm>
            <Extensions>
              <ns3:TPX/>
            </Extensions>
          </Trackpoint>
          <Trackpoint>
            <Time>2026-04-29T05:09:26.000Z</Time>
            <DistanceMeters>0.0</DistanceMeters>
            <HeartRateBpm>
              <Value>88</Value>
            </HeartRateBpm>
            <Extensions>
              <ns3:TPX/>
            </Extensions>
          </Trackpoint>
          <Trackpoint>
            <Time>2026-04-29T05:09:27.000Z</Time>
            <DistanceMeters>0.0</DistanceMeters>
            <HeartRateBpm>
              <Value>89</Value>
            </HeartRateBpm>
            <Extensions>
              <ns3:TPX/>
            </Extensions>
          </Trackpoint>
          <Trackpoint>
            <Time>2026-04-29T05:09:28.000Z</Time>
            <DistanceMeters>0.0</DistanceMeters>
            <HeartRateBpm>
              <Value>91</Value>
            </HeartRateBpm>
            <Extensions>
              <ns3:TPX/>
            </Extensions>
          </Trackpoint>
          <Trackpoint>
            <Time>2026-04-29T05:09:30.000Z</Time>
            <DistanceMeters>0.0</DistanceMeters>
            <HeartRateBpm>
              <Value>93</Value>
            </HeartRateBpm>
            <Extensions>
              <ns3:TPX/>
            </Extensions>
          </Trackpoint>
          <Trackpoint>
            <Time>2026-04-29T05:09:31.000Z</Time>
            <DistanceMeters>0.0</DistanceMeters>
            <HeartRateBpm>
              <Value>94</Value>
            </HeartRateBpm>
            <Extensions>
              <ns3:TPX/>
            </Extensions>
          </Trackpoint>
          <Trackpoint>
            <Time>2026-04-29T05:09:32.000Z</Time>
            <DistanceMeters>0.0</DistanceMeters>
            <HeartRateBpm>
              <Value>91</Value>
            </HeartRateBpm>
            <Extensions>
              <ns3:TPX/>
            </Extensions>
          </Trackpoint>
          <Trackpoint>
            <Time>2026-04-29T05:09:35.000Z</Time>
            <DistanceMeters>0.0</DistanceMeters>
            <HeartRateBpm>
              <Value>89</Value>
            </HeartRateBpm>
            <Extensions>
              <ns3:TPX/>
            </Extensions>
          </Trackpoint>
          <Trackpoint>
            <Time>2026-04-29T05:09:36.000Z</Time>
            <DistanceMeters>0.0</DistanceMeters>
            <HeartRateBpm>
              <Value>90</Value>
            </HeartRateBpm>
            <Extensions>
              <ns3:TPX/>
            </Extensions>
          </Trackpoint>
          <Trackpoint>
            <Time>2026-04-29T05:09:37.000Z</Time>
            <DistanceMeters>0.0</DistanceMeters>
            <HeartRateBpm>
              <Value>89</Value>
            </HeartRateBpm>
            <Extensions>
              <ns3:TPX/>
            </Extensions>
          </Trackpoint>
          <Trackpoint>
            <Time>2026-04-29T05:09:39.000Z</Time>
            <DistanceMeters>0.0</DistanceMeters>
            <HeartRateBpm>
              <Value>94</Value>
            </HeartRateBpm>
            <Extensions>
              <ns3:TPX/>
            </Extensions>
          </Trackpoint>
          <Trackpoint>
            <Time>2026-04-29T05:09:40.000Z</Time>
            <DistanceMeters>0.0</DistanceMeters>
            <HeartRateBpm>
              <Value>94</Value>
            </HeartRateBpm>
            <Extensions>
              <ns3:TPX/>
            </Extensions>
          </Trackpoint>
          <Trackpoint>
            <Time>2026-04-29T05:09:41.000Z</Time>
            <DistanceMeters>0.0</DistanceMeters>
            <HeartRateBpm>
              <Value>92</Value>
            </HeartRateBpm>
            <Extensions>
              <ns3:TPX/>
            </Extensions>
          </Trackpoint>
          <Trackpoint>
            <Time>2026-04-29T05:09:50.000Z</Time>
            <DistanceMeters>0.0</DistanceMeters>
            <HeartRateBpm>
              <Value>93</Value>
            </HeartRateBpm>
            <Extensions>
              <ns3:TPX/>
            </Extensions>
          </Trackpoint>
          <Trackpoint>
            <Time>2026-04-29T05:09:53.000Z</Time>
            <DistanceMeters>0.0</DistanceMeters>
            <HeartRateBpm>
              <Value>96</Value>
            </HeartRateBpm>
            <Extensions>
              <ns3:TPX/>
            </Extensions>
          </Trackpoint>
          <Trackpoint>
            <Time>2026-04-29T05:09:54.000Z</Time>
            <DistanceMeters>0.0</DistanceMeters>
            <HeartRateBpm>
              <Value>95</Value>
            </HeartRateBpm>
            <Extensions>
              <ns3:TPX/>
            </Extensions>
          </Trackpoint>
          <Trackpoint>
            <Time>2026-04-29T05:09:55.000Z</Time>
            <DistanceMeters>0.0</DistanceMeters>
            <HeartRateBpm>
              <Value>97</Value>
            </HeartRateBpm>
            <Extensions>
              <ns3:TPX/>
            </Extensions>
          </Trackpoint>
          <Trackpoint>
            <Time>2026-04-29T05:09:56.000Z</Time>
            <DistanceMeters>0.0</DistanceMeters>
            <HeartRateBpm>
              <Value>94</Value>
            </HeartRateBpm>
            <Extensions>
              <ns3:TPX/>
            </Extensions>
          </Trackpoint>
          <Trackpoint>
            <Time>2026-04-29T05:09:57.000Z</Time>
            <DistanceMeters>0.0</DistanceMeters>
            <HeartRateBpm>
              <Value>95</Value>
            </HeartRateBpm>
            <Extensions>
              <ns3:TPX/>
            </Extensions>
          </Trackpoint>
          <Trackpoint>
            <Time>2026-04-29T05:09:59.000Z</Time>
            <DistanceMeters>0.0</DistanceMeters>
            <HeartRateBpm>
              <Value>96</Value>
            </HeartRateBpm>
            <Extensions>
              <ns3:TPX/>
            </Extensions>
          </Trackpoint>
          <Trackpoint>
            <Time>2026-04-29T05:10:09.000Z</Time>
            <DistanceMeters>0.0</DistanceMeters>
            <HeartRateBpm>
              <Value>95</Value>
            </HeartRateBpm>
            <Extensions>
              <ns3:TPX/>
            </Extensions>
          </Trackpoint>
          <Trackpoint>
            <Time>2026-04-29T05:10:12.000Z</Time>
            <DistanceMeters>0.0</DistanceMeters>
            <HeartRateBpm>
              <Value>94</Value>
            </HeartRateBpm>
            <Extensions>
              <ns3:TPX/>
            </Extensions>
          </Trackpoint>
          <Trackpoint>
            <Time>2026-04-29T05:10:17.000Z</Time>
            <DistanceMeters>0.0</DistanceMeters>
            <HeartRateBpm>
              <Value>94</Value>
            </HeartRateBpm>
            <Extensions>
              <ns3:TPX/>
            </Extensions>
          </Trackpoint>
          <Trackpoint>
            <Time>2026-04-29T05:10:19.000Z</Time>
            <DistanceMeters>0.0</DistanceMeters>
            <HeartRateBpm>
              <Value>92</Value>
            </HeartRateBpm>
            <Extensions>
              <ns3:TPX/>
            </Extensions>
          </Trackpoint>
          <Trackpoint>
            <Time>2026-04-29T05:10:20.000Z</Time>
            <DistanceMeters>0.0</DistanceMeters>
            <HeartRateBpm>
              <Value>91</Value>
            </HeartRateBpm>
            <Extensions>
              <ns3:TPX/>
            </Extensions>
          </Trackpoint>
          <Trackpoint>
            <Time>2026-04-29T05:10:21.000Z</Time>
            <DistanceMeters>0.0</DistanceMeters>
            <HeartRateBpm>
              <Value>90</Value>
            </HeartRateBpm>
            <Extensions>
              <ns3:TPX/>
            </Extensions>
          </Trackpoint>
          <Trackpoint>
            <Time>2026-04-29T05:10:26.000Z</Time>
            <DistanceMeters>0.0</DistanceMeters>
            <HeartRateBpm>
              <Value>91</Value>
            </HeartRateBpm>
            <Extensions>
              <ns3:TPX/>
            </Extensions>
          </Trackpoint>
          <Trackpoint>
            <Time>2026-04-29T05:10:28.000Z</Time>
            <DistanceMeters>0.0</DistanceMeters>
            <HeartRateBpm>
              <Value>92</Value>
            </HeartRateBpm>
            <Extensions>
              <ns3:TPX/>
            </Extensions>
          </Trackpoint>
          <Trackpoint>
            <Time>2026-04-29T05:10:29.000Z</Time>
            <DistanceMeters>0.0</DistanceMeters>
            <HeartRateBpm>
              <Value>94</Value>
            </HeartRateBpm>
            <Extensions>
              <ns3:TPX/>
            </Extensions>
          </Trackpoint>
          <Trackpoint>
            <Time>2026-04-29T05:10:30.000Z</Time>
            <DistanceMeters>0.0</DistanceMeters>
            <HeartRateBpm>
              <Value>93</Value>
            </HeartRateBpm>
            <Extensions>
              <ns3:TPX/>
            </Extensions>
          </Trackpoint>
          <Trackpoint>
            <Time>2026-04-29T05:10:32.000Z</Time>
            <DistanceMeters>0.0</DistanceMeters>
            <HeartRateBpm>
              <Value>95</Value>
            </HeartRateBpm>
            <Extensions>
              <ns3:TPX/>
            </Extensions>
          </Trackpoint>
          <Trackpoint>
            <Time>2026-04-29T05:10:33.000Z</Time>
            <DistanceMeters>0.0</DistanceMeters>
            <HeartRateBpm>
              <Value>94</Value>
            </HeartRateBpm>
            <Extensions>
              <ns3:TPX/>
            </Extensions>
          </Trackpoint>
          <Trackpoint>
            <Time>2026-04-29T05:10:36.000Z</Time>
            <DistanceMeters>0.0</DistanceMeters>
            <HeartRateBpm>
              <Value>96</Value>
            </HeartRateBpm>
            <Extensions>
              <ns3:TPX/>
            </Extensions>
          </Trackpoint>
          <Trackpoint>
            <Time>2026-04-29T05:10:39.000Z</Time>
            <DistanceMeters>0.0</DistanceMeters>
            <HeartRateBpm>
              <Value>97</Value>
            </HeartRateBpm>
            <Extensions>
              <ns3:TPX/>
            </Extensions>
          </Trackpoint>
          <Trackpoint>
            <Time>2026-04-29T05:10:41.000Z</Time>
            <DistanceMeters>0.0</DistanceMeters>
            <HeartRateBpm>
              <Value>98</Value>
            </HeartRateBpm>
            <Extensions>
              <ns3:TPX/>
            </Extensions>
          </Trackpoint>
          <Trackpoint>
            <Time>2026-04-29T05:10:43.000Z</Time>
            <DistanceMeters>0.0</DistanceMeters>
            <HeartRateBpm>
              <Value>99</Value>
            </HeartRateBpm>
            <Extensions>
              <ns3:TPX/>
            </Extensions>
          </Trackpoint>
          <Trackpoint>
            <Time>2026-04-29T05:10:45.000Z</Time>
            <DistanceMeters>0.0</DistanceMeters>
            <HeartRateBpm>
              <Value>100</Value>
            </HeartRateBpm>
            <Extensions>
              <ns3:TPX/>
            </Extensions>
          </Trackpoint>
          <Trackpoint>
            <Time>2026-04-29T05:10:47.000Z</Time>
            <DistanceMeters>0.0</DistanceMeters>
            <HeartRateBpm>
              <Value>101</Value>
            </HeartRateBpm>
            <Extensions>
              <ns3:TPX/>
            </Extensions>
          </Trackpoint>
          <Trackpoint>
            <Time>2026-04-29T05:10:49.000Z</Time>
            <DistanceMeters>0.0</DistanceMeters>
            <HeartRateBpm>
              <Value>102</Value>
            </HeartRateBpm>
            <Extensions>
              <ns3:TPX/>
            </Extensions>
          </Trackpoint>
          <Trackpoint>
            <Time>2026-04-29T05:10:51.000Z</Time>
            <DistanceMeters>0.0</DistanceMeters>
            <HeartRateBpm>
              <Value>103</Value>
            </HeartRateBpm>
            <Extensions>
              <ns3:TPX/>
            </Extensions>
          </Trackpoint>
          <Trackpoint>
            <Time>2026-04-29T05:10:52.000Z</Time>
            <DistanceMeters>0.0</DistanceMeters>
            <HeartRateBpm>
              <Value>104</Value>
            </HeartRateBpm>
            <Extensions>
              <ns3:TPX/>
            </Extensions>
          </Trackpoint>
          <Trackpoint>
            <Time>2026-04-29T05:10:53.000Z</Time>
            <DistanceMeters>0.0</DistanceMeters>
            <HeartRateBpm>
              <Value>106</Value>
            </HeartRateBpm>
            <Extensions>
              <ns3:TPX/>
            </Extensions>
          </Trackpoint>
          <Trackpoint>
            <Time>2026-04-29T05:10:54.000Z</Time>
            <DistanceMeters>0.0</DistanceMeters>
            <HeartRateBpm>
              <Value>105</Value>
            </HeartRateBpm>
            <Extensions>
              <ns3:TPX/>
            </Extensions>
          </Trackpoint>
          <Trackpoint>
            <Time>2026-04-29T05:10:55.000Z</Time>
            <DistanceMeters>0.0</DistanceMeters>
            <HeartRateBpm>
              <Value>106</Value>
            </HeartRateBpm>
            <Extensions>
              <ns3:TPX/>
            </Extensions>
          </Trackpoint>
          <Trackpoint>
            <Time>2026-04-29T05:10:57.000Z</Time>
            <DistanceMeters>0.0</DistanceMeters>
            <HeartRateBpm>
              <Value>107</Value>
            </HeartRateBpm>
            <Extensions>
              <ns3:TPX/>
            </Extensions>
          </Trackpoint>
          <Trackpoint>
            <Time>2026-04-29T05:10:59.000Z</Time>
            <DistanceMeters>0.0</DistanceMeters>
            <HeartRateBpm>
              <Value>108</Value>
            </HeartRateBpm>
            <Extensions>
              <ns3:TPX/>
            </Extensions>
          </Trackpoint>
          <Trackpoint>
            <Time>2026-04-29T05:11:00.000Z</Time>
            <DistanceMeters>0.0</DistanceMeters>
            <HeartRateBpm>
              <Value>109</Value>
            </HeartRateBpm>
            <Extensions>
              <ns3:TPX/>
            </Extensions>
          </Trackpoint>
          <Trackpoint>
            <Time>2026-04-29T05:11:02.000Z</Time>
            <DistanceMeters>0.0</DistanceMeters>
            <HeartRateBpm>
              <Value>110</Value>
            </HeartRateBpm>
            <Extensions>
              <ns3:TPX/>
            </Extensions>
          </Trackpoint>
          <Trackpoint>
            <Time>2026-04-29T05:11:04.000Z</Time>
            <DistanceMeters>0.0</DistanceMeters>
            <HeartRateBpm>
              <Value>111</Value>
            </HeartRateBpm>
            <Extensions>
              <ns3:TPX/>
            </Extensions>
          </Trackpoint>
          <Trackpoint>
            <Time>2026-04-29T05:11:06.000Z</Time>
            <DistanceMeters>0.0</DistanceMeters>
            <HeartRateBpm>
              <Value>112</Value>
            </HeartRateBpm>
            <Extensions>
              <ns3:TPX/>
            </Extensions>
          </Trackpoint>
          <Trackpoint>
            <Time>2026-04-29T05:11:07.000Z</Time>
            <DistanceMeters>0.0</DistanceMeters>
            <HeartRateBpm>
              <Value>113</Value>
            </HeartRateBpm>
            <Extensions>
              <ns3:TPX/>
            </Extensions>
          </Trackpoint>
          <Trackpoint>
            <Time>2026-04-29T05:11:10.000Z</Time>
            <DistanceMeters>0.0</DistanceMeters>
            <HeartRateBpm>
              <Value>114</Value>
            </HeartRateBpm>
            <Extensions>
              <ns3:TPX/>
            </Extensions>
          </Trackpoint>
          <Trackpoint>
            <Time>2026-04-29T05:11:13.000Z</Time>
            <DistanceMeters>0.0</DistanceMeters>
            <HeartRateBpm>
              <Value>115</Value>
            </HeartRateBpm>
            <Extensions>
              <ns3:TPX/>
            </Extensions>
          </Trackpoint>
          <Trackpoint>
            <Time>2026-04-29T05:11:16.000Z</Time>
            <DistanceMeters>0.0</DistanceMeters>
            <HeartRateBpm>
              <Value>116</Value>
            </HeartRateBpm>
            <Extensions>
              <ns3:TPX/>
            </Extensions>
          </Trackpoint>
          <Trackpoint>
            <Time>2026-04-29T05:11:19.000Z</Time>
            <DistanceMeters>0.0</DistanceMeters>
            <HeartRateBpm>
              <Value>117</Value>
            </HeartRateBpm>
            <Extensions>
              <ns3:TPX/>
            </Extensions>
          </Trackpoint>
          <Trackpoint>
            <Time>2026-04-29T05:11:20.000Z</Time>
            <DistanceMeters>0.0</DistanceMeters>
            <HeartRateBpm>
              <Value>118</Value>
            </HeartRateBpm>
            <Extensions>
              <ns3:TPX/>
            </Extensions>
          </Trackpoint>
          <Trackpoint>
            <Time>2026-04-29T05:11:25.000Z</Time>
            <DistanceMeters>0.0</DistanceMeters>
            <HeartRateBpm>
              <Value>118</Value>
            </HeartRateBpm>
            <Extensions>
              <ns3:TPX/>
            </Extensions>
          </Trackpoint>
          <Trackpoint>
            <Time>2026-04-29T05:11:27.000Z</Time>
            <DistanceMeters>0.0</DistanceMeters>
            <HeartRateBpm>
              <Value>119</Value>
            </HeartRateBpm>
            <Extensions>
              <ns3:TPX/>
            </Extensions>
          </Trackpoint>
          <Trackpoint>
            <Time>2026-04-29T05:11:28.000Z</Time>
            <DistanceMeters>0.0</DistanceMeters>
            <HeartRateBpm>
              <Value>118</Value>
            </HeartRateBpm>
            <Extensions>
              <ns3:TPX/>
            </Extensions>
          </Trackpoint>
          <Trackpoint>
            <Time>2026-04-29T05:11:32.000Z</Time>
            <DistanceMeters>0.0</DistanceMeters>
            <HeartRateBpm>
              <Value>117</Value>
            </HeartRateBpm>
            <Extensions>
              <ns3:TPX/>
            </Extensions>
          </Trackpoint>
          <Trackpoint>
            <Time>2026-04-29T05:11:35.000Z</Time>
            <DistanceMeters>0.0</DistanceMeters>
            <HeartRateBpm>
              <Value>116</Value>
            </HeartRateBpm>
            <Extensions>
              <ns3:TPX/>
            </Extensions>
          </Trackpoint>
          <Trackpoint>
            <Time>2026-04-29T05:11:36.000Z</Time>
            <DistanceMeters>0.0</DistanceMeters>
            <HeartRateBpm>
              <Value>116</Value>
            </HeartRateBpm>
            <Extensions>
              <ns3:TPX/>
            </Extensions>
          </Trackpoint>
          <Trackpoint>
            <Time>2026-04-29T05:11:37.000Z</Time>
            <DistanceMeters>0.0</DistanceMeters>
            <HeartRateBpm>
              <Value>115</Value>
            </HeartRateBpm>
            <Extensions>
              <ns3:TPX/>
            </Extensions>
          </Trackpoint>
          <Trackpoint>
            <Time>2026-04-29T05:11:39.000Z</Time>
            <DistanceMeters>0.0</DistanceMeters>
            <HeartRateBpm>
              <Value>114</Value>
            </HeartRateBpm>
            <Extensions>
              <ns3:TPX/>
            </Extensions>
          </Trackpoint>
          <Trackpoint>
            <Time>2026-04-29T05:11:52.000Z</Time>
            <DistanceMeters>0.0</DistanceMeters>
            <HeartRateBpm>
              <Value>113</Value>
            </HeartRateBpm>
            <Extensions>
              <ns3:TPX/>
            </Extensions>
          </Trackpoint>
          <Trackpoint>
            <Time>2026-04-29T05:11:56.000Z</Time>
            <DistanceMeters>0.0</DistanceMeters>
            <HeartRateBpm>
              <Value>112</Value>
            </HeartRateBpm>
            <Extensions>
              <ns3:TPX/>
            </Extensions>
          </Trackpoint>
          <Trackpoint>
            <Time>2026-04-29T05:11:59.000Z</Time>
            <DistanceMeters>0.0</DistanceMeters>
            <HeartRateBpm>
              <Value>111</Value>
            </HeartRateBpm>
            <Extensions>
              <ns3:TPX/>
            </Extensions>
          </Trackpoint>
          <Trackpoint>
            <Time>2026-04-29T05:12:04.000Z</Time>
            <DistanceMeters>0.0</DistanceMeters>
            <HeartRateBpm>
              <Value>110</Value>
            </HeartRateBpm>
            <Extensions>
              <ns3:TPX/>
            </Extensions>
          </Trackpoint>
          <Trackpoint>
            <Time>2026-04-29T05:12:07.000Z</Time>
            <DistanceMeters>0.0</DistanceMeters>
            <HeartRateBpm>
              <Value>108</Value>
            </HeartRateBpm>
            <Extensions>
              <ns3:TPX/>
            </Extensions>
          </Trackpoint>
          <Trackpoint>
            <Time>2026-04-29T05:12:13.000Z</Time>
            <DistanceMeters>0.0</DistanceMeters>
            <HeartRateBpm>
              <Value>107</Value>
            </HeartRateBpm>
            <Extensions>
              <ns3:TPX/>
            </Extensions>
          </Trackpoint>
          <Trackpoint>
            <Time>2026-04-29T05:12:18.000Z</Time>
            <DistanceMeters>0.0</DistanceMeters>
            <HeartRateBpm>
              <Value>106</Value>
            </HeartRateBpm>
            <Extensions>
              <ns3:TPX/>
            </Extensions>
          </Trackpoint>
          <Trackpoint>
            <Time>2026-04-29T05:12:22.000Z</Time>
            <DistanceMeters>0.0</DistanceMeters>
            <HeartRateBpm>
              <Value>105</Value>
            </HeartRateBpm>
            <Extensions>
              <ns3:TPX/>
            </Extensions>
          </Trackpoint>
          <Trackpoint>
            <Time>2026-04-29T05:12:23.000Z</Time>
            <DistanceMeters>0.0</DistanceMeters>
            <HeartRateBpm>
              <Value>106</Value>
            </HeartRateBpm>
            <Extensions>
              <ns3:TPX/>
            </Extensions>
          </Trackpoint>
          <Trackpoint>
            <Time>2026-04-29T05:12:24.000Z</Time>
            <DistanceMeters>0.0</DistanceMeters>
            <HeartRateBpm>
              <Value>106</Value>
            </HeartRateBpm>
            <Extensions>
              <ns3:TPX/>
            </Extensions>
          </Trackpoint>
          <Trackpoint>
            <Time>2026-04-29T05:12:28.000Z</Time>
            <DistanceMeters>0.0</DistanceMeters>
            <HeartRateBpm>
              <Value>105</Value>
            </HeartRateBpm>
            <Extensions>
              <ns3:TPX/>
            </Extensions>
          </Trackpoint>
          <Trackpoint>
            <Time>2026-04-29T05:12:32.000Z</Time>
            <DistanceMeters>0.0</DistanceMeters>
            <HeartRateBpm>
              <Value>105</Value>
            </HeartRateBpm>
            <Extensions>
              <ns3:TPX/>
            </Extensions>
          </Trackpoint>
          <Trackpoint>
            <Time>2026-04-29T05:12:33.000Z</Time>
            <DistanceMeters>0.0</DistanceMeters>
            <HeartRateBpm>
              <Value>104</Value>
            </HeartRateBpm>
            <Extensions>
              <ns3:TPX/>
            </Extensions>
          </Trackpoint>
          <Trackpoint>
            <Time>2026-04-29T05:12:34.000Z</Time>
            <DistanceMeters>0.0</DistanceMeters>
            <HeartRateBpm>
              <Value>103</Value>
            </HeartRateBpm>
            <Extensions>
              <ns3:TPX/>
            </Extensions>
          </Trackpoint>
          <Trackpoint>
            <Time>2026-04-29T05:12:35.000Z</Time>
            <DistanceMeters>0.0</DistanceMeters>
            <HeartRateBpm>
              <Value>102</Value>
            </HeartRateBpm>
            <Extensions>
              <ns3:TPX/>
            </Extensions>
          </Trackpoint>
          <Trackpoint>
            <Time>2026-04-29T05:12:36.000Z</Time>
            <DistanceMeters>0.0</DistanceMeters>
            <HeartRateBpm>
              <Value>101</Value>
            </HeartRateBpm>
            <Extensions>
              <ns3:TPX/>
            </Extensions>
          </Trackpoint>
          <Trackpoint>
            <Time>2026-04-29T05:12:37.000Z</Time>
            <DistanceMeters>0.0</DistanceMeters>
            <HeartRateBpm>
              <Value>100</Value>
            </HeartRateBpm>
            <Extensions>
              <ns3:TPX/>
            </Extensions>
          </Trackpoint>
          <Trackpoint>
            <Time>2026-04-29T05:12:38.000Z</Time>
            <DistanceMeters>0.0</DistanceMeters>
            <HeartRateBpm>
              <Value>99</Value>
            </HeartRateBpm>
            <Extensions>
              <ns3:TPX/>
            </Extensions>
          </Trackpoint>
          <Trackpoint>
            <Time>2026-04-29T05:12:41.000Z</Time>
            <DistanceMeters>0.0</DistanceMeters>
            <HeartRateBpm>
              <Value>100</Value>
            </HeartRateBpm>
            <Extensions>
              <ns3:TPX/>
            </Extensions>
          </Trackpoint>
          <Trackpoint>
            <Time>2026-04-29T05:12:44.000Z</Time>
            <DistanceMeters>0.0</DistanceMeters>
            <HeartRateBpm>
              <Value>101</Value>
            </HeartRateBpm>
            <Extensions>
              <ns3:TPX/>
            </Extensions>
          </Trackpoint>
          <Trackpoint>
            <Time>2026-04-29T05:12:45.000Z</Time>
            <DistanceMeters>0.0</DistanceMeters>
            <HeartRateBpm>
              <Value>104</Value>
            </HeartRateBpm>
            <Extensions>
              <ns3:TPX/>
            </Extensions>
          </Trackpoint>
          <Trackpoint>
            <Time>2026-04-29T05:12:47.000Z</Time>
            <DistanceMeters>0.0</DistanceMeters>
            <HeartRateBpm>
              <Value>101</Value>
            </HeartRateBpm>
            <Extensions>
              <ns3:TPX/>
            </Extensions>
          </Trackpoint>
          <Trackpoint>
            <Time>2026-04-29T05:12:49.000Z</Time>
            <DistanceMeters>0.0</DistanceMeters>
            <HeartRateBpm>
              <Value>104</Value>
            </HeartRateBpm>
            <Extensions>
              <ns3:TPX/>
            </Extensions>
          </Trackpoint>
          <Trackpoint>
            <Time>2026-04-29T05:12:50.000Z</Time>
            <DistanceMeters>0.0</DistanceMeters>
            <HeartRateBpm>
              <Value>102</Value>
            </HeartRateBpm>
            <Extensions>
              <ns3:TPX/>
            </Extensions>
          </Trackpoint>
          <Trackpoint>
            <Time>2026-04-29T05:12:51.000Z</Time>
            <DistanceMeters>0.0</DistanceMeters>
            <HeartRateBpm>
              <Value>103</Value>
            </HeartRateBpm>
            <Extensions>
              <ns3:TPX/>
            </Extensions>
          </Trackpoint>
          <Trackpoint>
            <Time>2026-04-29T05:12:52.000Z</Time>
            <DistanceMeters>0.0</DistanceMeters>
            <HeartRateBpm>
              <Value>104</Value>
            </HeartRateBpm>
            <Extensions>
              <ns3:TPX/>
            </Extensions>
          </Trackpoint>
          <Trackpoint>
            <Time>2026-04-29T05:12:53.000Z</Time>
            <DistanceMeters>0.0</DistanceMeters>
            <HeartRateBpm>
              <Value>105</Value>
            </HeartRateBpm>
            <Extensions>
              <ns3:TPX/>
            </Extensions>
          </Trackpoint>
          <Trackpoint>
            <Time>2026-04-29T05:12:57.000Z</Time>
            <DistanceMeters>0.0</DistanceMeters>
            <HeartRateBpm>
              <Value>106</Value>
            </HeartRateBpm>
            <Extensions>
              <ns3:TPX/>
            </Extensions>
          </Trackpoint>
          <Trackpoint>
            <Time>2026-04-29T05:12:58.000Z</Time>
            <DistanceMeters>0.0</DistanceMeters>
            <HeartRateBpm>
              <Value>108</Value>
            </HeartRateBpm>
            <Extensions>
              <ns3:TPX/>
            </Extensions>
          </Trackpoint>
          <Trackpoint>
            <Time>2026-04-29T05:12:59.000Z</Time>
            <DistanceMeters>0.0</DistanceMeters>
            <HeartRateBpm>
              <Value>107</Value>
            </HeartRateBpm>
            <Extensions>
              <ns3:TPX/>
            </Extensions>
          </Trackpoint>
          <Trackpoint>
            <Time>2026-04-29T05:13:01.000Z</Time>
            <DistanceMeters>0.0</DistanceMeters>
            <HeartRateBpm>
              <Value>108</Value>
            </HeartRateBpm>
            <Extensions>
              <ns3:TPX/>
            </Extensions>
          </Trackpoint>
          <Trackpoint>
            <Time>2026-04-29T05:13:02.000Z</Time>
            <DistanceMeters>0.0</DistanceMeters>
            <HeartRateBpm>
              <Value>109</Value>
            </HeartRateBpm>
            <Extensions>
              <ns3:TPX/>
            </Extensions>
          </Trackpoint>
          <Trackpoint>
            <Time>2026-04-29T05:13:03.000Z</Time>
            <DistanceMeters>0.0</DistanceMeters>
            <HeartRateBpm>
              <Value>115</Value>
            </HeartRateBpm>
            <Extensions>
              <ns3:TPX/>
            </Extensions>
          </Trackpoint>
          <Trackpoint>
            <Time>2026-04-29T05:13:04.000Z</Time>
            <DistanceMeters>0.0</DistanceMeters>
            <HeartRateBpm>
              <Value>114</Value>
            </HeartRateBpm>
            <Extensions>
              <ns3:TPX/>
            </Extensions>
          </Trackpoint>
          <Trackpoint>
            <Time>2026-04-29T05:13:05.000Z</Time>
            <DistanceMeters>0.0</DistanceMeters>
            <HeartRateBpm>
              <Value>113</Value>
            </HeartRateBpm>
            <Extensions>
              <ns3:TPX/>
            </Extensions>
          </Trackpoint>
          <Trackpoint>
            <Time>2026-04-29T05:13:06.000Z</Time>
            <DistanceMeters>0.0</DistanceMeters>
            <HeartRateBpm>
              <Value>112</Value>
            </HeartRateBpm>
            <Extensions>
              <ns3:TPX/>
            </Extensions>
          </Trackpoint>
          <Trackpoint>
            <Time>2026-04-29T05:13:08.000Z</Time>
            <DistanceMeters>0.0</DistanceMeters>
            <HeartRateBpm>
              <Value>111</Value>
            </HeartRateBpm>
            <Extensions>
              <ns3:TPX/>
            </Extensions>
          </Trackpoint>
          <Trackpoint>
            <Time>2026-04-29T05:13:09.000Z</Time>
            <DistanceMeters>0.0</DistanceMeters>
            <HeartRateBpm>
              <Value>116</Value>
            </HeartRateBpm>
            <Extensions>
              <ns3:TPX/>
            </Extensions>
          </Trackpoint>
          <Trackpoint>
            <Time>2026-04-29T05:13:10.000Z</Time>
            <DistanceMeters>0.0</DistanceMeters>
            <HeartRateBpm>
              <Value>119</Value>
            </HeartRateBpm>
            <Extensions>
              <ns3:TPX/>
            </Extensions>
          </Trackpoint>
          <Trackpoint>
            <Time>2026-04-29T05:13:11.000Z</Time>
            <DistanceMeters>0.0</DistanceMeters>
            <HeartRateBpm>
              <Value>117</Value>
            </HeartRateBpm>
            <Extensions>
              <ns3:TPX/>
            </Extensions>
          </Trackpoint>
          <Trackpoint>
            <Time>2026-04-29T05:13:14.000Z</Time>
            <DistanceMeters>0.0</DistanceMeters>
            <HeartRateBpm>
              <Value>114</Value>
            </HeartRateBpm>
            <Extensions>
              <ns3:TPX/>
            </Extensions>
          </Trackpoint>
          <Trackpoint>
            <Time>2026-04-29T05:13:15.000Z</Time>
            <DistanceMeters>0.0</DistanceMeters>
            <HeartRateBpm>
              <Value>115</Value>
            </HeartRateBpm>
            <Extensions>
              <ns3:TPX/>
            </Extensions>
          </Trackpoint>
          <Trackpoint>
            <Time>2026-04-29T05:13:19.000Z</Time>
            <DistanceMeters>0.0</DistanceMeters>
            <HeartRateBpm>
              <Value>113</Value>
            </HeartRateBpm>
            <Extensions>
              <ns3:TPX/>
            </Extensions>
          </Trackpoint>
          <Trackpoint>
            <Time>2026-04-29T05:13:22.000Z</Time>
            <DistanceMeters>0.0</DistanceMeters>
            <HeartRateBpm>
              <Value>114</Value>
            </HeartRateBpm>
            <Extensions>
              <ns3:TPX/>
            </Extensions>
          </Trackpoint>
          <Trackpoint>
            <Time>2026-04-29T05:13:23.000Z</Time>
            <DistanceMeters>0.0</DistanceMeters>
            <HeartRateBpm>
              <Value>110</Value>
            </HeartRateBpm>
            <Extensions>
              <ns3:TPX/>
            </Extensions>
          </Trackpoint>
          <Trackpoint>
            <Time>2026-04-29T05:13:24.000Z</Time>
            <DistanceMeters>0.0</DistanceMeters>
            <HeartRateBpm>
              <Value>111</Value>
            </HeartRateBpm>
            <Extensions>
              <ns3:TPX/>
            </Extensions>
          </Trackpoint>
          <Trackpoint>
            <Time>2026-04-29T05:13:27.000Z</Time>
            <DistanceMeters>0.0</DistanceMeters>
            <HeartRateBpm>
              <Value>112</Value>
            </HeartRateBpm>
            <Extensions>
              <ns3:TPX/>
            </Extensions>
          </Trackpoint>
          <Trackpoint>
            <Time>2026-04-29T05:13:29.000Z</Time>
            <DistanceMeters>0.0</DistanceMeters>
            <HeartRateBpm>
              <Value>115</Value>
            </HeartRateBpm>
            <Extensions>
              <ns3:TPX/>
            </Extensions>
          </Trackpoint>
          <Trackpoint>
            <Time>2026-04-29T05:13:30.000Z</Time>
            <DistanceMeters>0.0</DistanceMeters>
            <HeartRateBpm>
              <Value>116</Value>
            </HeartRateBpm>
            <Extensions>
              <ns3:TPX/>
            </Extensions>
          </Trackpoint>
          <Trackpoint>
            <Time>2026-04-29T05:13:31.000Z</Time>
            <DistanceMeters>0.0</DistanceMeters>
            <HeartRateBpm>
              <Value>119</Value>
            </HeartRateBpm>
            <Extensions>
              <ns3:TPX/>
            </Extensions>
          </Trackpoint>
          <Trackpoint>
            <Time>2026-04-29T05:13:34.000Z</Time>
            <DistanceMeters>0.0</DistanceMeters>
            <HeartRateBpm>
              <Value>117</Value>
            </HeartRateBpm>
            <Extensions>
              <ns3:TPX/>
            </Extensions>
          </Trackpoint>
          <Trackpoint>
            <Time>2026-04-29T05:13:35.000Z</Time>
            <DistanceMeters>0.0</DistanceMeters>
            <HeartRateBpm>
              <Value>117</Value>
            </HeartRateBpm>
            <Extensions>
              <ns3:TPX/>
            </Extensions>
          </Trackpoint>
          <Trackpoint>
            <Time>2026-04-29T05:13:36.000Z</Time>
            <DistanceMeters>0.0</DistanceMeters>
            <HeartRateBpm>
              <Value>116</Value>
            </HeartRateBpm>
            <Extensions>
              <ns3:TPX/>
            </Extensions>
          </Trackpoint>
          <Trackpoint>
            <Time>2026-04-29T05:13:38.000Z</Time>
            <DistanceMeters>0.0</DistanceMeters>
            <HeartRateBpm>
              <Value>115</Value>
            </HeartRateBpm>
            <Extensions>
              <ns3:TPX/>
            </Extensions>
          </Trackpoint>
          <Trackpoint>
            <Time>2026-04-29T05:13:39.000Z</Time>
            <DistanceMeters>0.0</DistanceMeters>
            <HeartRateBpm>
              <Value>114</Value>
            </HeartRateBpm>
            <Extensions>
              <ns3:TPX/>
            </Extensions>
          </Trackpoint>
          <Trackpoint>
            <Time>2026-04-29T05:13:40.000Z</Time>
            <DistanceMeters>0.0</DistanceMeters>
            <HeartRateBpm>
              <Value>113</Value>
            </HeartRateBpm>
            <Extensions>
              <ns3:TPX/>
            </Extensions>
          </Trackpoint>
          <Trackpoint>
            <Time>2026-04-29T05:13:41.000Z</Time>
            <DistanceMeters>0.0</DistanceMeters>
            <HeartRateBpm>
              <Value>112</Value>
            </HeartRateBpm>
            <Extensions>
              <ns3:TPX/>
            </Extensions>
          </Trackpoint>
          <Trackpoint>
            <Time>2026-04-29T05:13:43.000Z</Time>
            <DistanceMeters>0.0</DistanceMeters>
            <HeartRateBpm>
              <Value>111</Value>
            </HeartRateBpm>
            <Extensions>
              <ns3:TPX/>
            </Extensions>
          </Trackpoint>
          <Trackpoint>
            <Time>2026-04-29T05:13:45.000Z</Time>
            <DistanceMeters>0.0</DistanceMeters>
            <HeartRateBpm>
              <Value>110</Value>
            </HeartRateBpm>
            <Extensions>
              <ns3:TPX/>
            </Extensions>
          </Trackpoint>
          <Trackpoint>
            <Time>2026-04-29T05:13:47.000Z</Time>
            <DistanceMeters>0.0</DistanceMeters>
            <HeartRateBpm>
              <Value>113</Value>
            </HeartRateBpm>
            <Extensions>
              <ns3:TPX/>
            </Extensions>
          </Trackpoint>
          <Trackpoint>
            <Time>2026-04-29T05:13:50.000Z</Time>
            <DistanceMeters>0.0</DistanceMeters>
            <HeartRateBpm>
              <Value>112</Value>
            </HeartRateBpm>
            <Extensions>
              <ns3:TPX/>
            </Extensions>
          </Trackpoint>
          <Trackpoint>
            <Time>2026-04-29T05:13:51.000Z</Time>
            <DistanceMeters>0.0</DistanceMeters>
            <HeartRateBpm>
              <Value>114</Value>
            </HeartRateBpm>
            <Extensions>
              <ns3:TPX/>
            </Extensions>
          </Trackpoint>
          <Trackpoint>
            <Time>2026-04-29T05:13:52.000Z</Time>
            <DistanceMeters>0.0</DistanceMeters>
            <HeartRateBpm>
              <Value>113</Value>
            </HeartRateBpm>
            <Extensions>
              <ns3:TPX/>
            </Extensions>
          </Trackpoint>
          <Trackpoint>
            <Time>2026-04-29T05:13:53.000Z</Time>
            <DistanceMeters>0.0</DistanceMeters>
            <HeartRateBpm>
              <Value>112</Value>
            </HeartRateBpm>
            <Extensions>
              <ns3:TPX/>
            </Extensions>
          </Trackpoint>
          <Trackpoint>
            <Time>2026-04-29T05:13:55.000Z</Time>
            <DistanceMeters>0.0</DistanceMeters>
            <HeartRateBpm>
              <Value>111</Value>
            </HeartRateBpm>
            <Extensions>
              <ns3:TPX/>
            </Extensions>
          </Trackpoint>
          <Trackpoint>
            <Time>2026-04-29T05:13:56.000Z</Time>
            <DistanceMeters>0.0</DistanceMeters>
            <HeartRateBpm>
              <Value>112</Value>
            </HeartRateBpm>
            <Extensions>
              <ns3:TPX/>
            </Extensions>
          </Trackpoint>
          <Trackpoint>
            <Time>2026-04-29T05:13:57.000Z</Time>
            <DistanceMeters>0.0</DistanceMeters>
            <HeartRateBpm>
              <Value>111</Value>
            </HeartRateBpm>
            <Extensions>
              <ns3:TPX/>
            </Extensions>
          </Trackpoint>
          <Trackpoint>
            <Time>2026-04-29T05:13:58.000Z</Time>
            <DistanceMeters>0.0</DistanceMeters>
            <HeartRateBpm>
              <Value>112</Value>
            </HeartRateBpm>
            <Extensions>
              <ns3:TPX/>
            </Extensions>
          </Trackpoint>
          <Trackpoint>
            <Time>2026-04-29T05:14:01.000Z</Time>
            <DistanceMeters>0.0</DistanceMeters>
            <HeartRateBpm>
              <Value>113</Value>
            </HeartRateBpm>
            <Extensions>
              <ns3:TPX/>
            </Extensions>
          </Trackpoint>
          <Trackpoint>
            <Time>2026-04-29T05:14:03.000Z</Time>
            <DistanceMeters>0.0</DistanceMeters>
            <HeartRateBpm>
              <Value>114</Value>
            </HeartRateBpm>
            <Extensions>
              <ns3:TPX/>
            </Extensions>
          </Trackpoint>
          <Trackpoint>
            <Time>2026-04-29T05:14:05.000Z</Time>
            <DistanceMeters>0.0</DistanceMeters>
            <HeartRateBpm>
              <Value>116</Value>
            </HeartRateBpm>
            <Extensions>
              <ns3:TPX/>
            </Extensions>
          </Trackpoint>
          <Trackpoint>
            <Time>2026-04-29T05:14:06.000Z</Time>
            <DistanceMeters>0.0</DistanceMeters>
            <HeartRateBpm>
              <Value>115</Value>
            </HeartRateBpm>
            <Extensions>
              <ns3:TPX/>
            </Extensions>
          </Trackpoint>
          <Trackpoint>
            <Time>2026-04-29T05:14:13.000Z</Time>
            <DistanceMeters>0.0</DistanceMeters>
            <HeartRateBpm>
              <Value>116</Value>
            </HeartRateBpm>
            <Extensions>
              <ns3:TPX/>
            </Extensions>
          </Trackpoint>
          <Trackpoint>
            <Time>2026-04-29T05:14:14.000Z</Time>
            <DistanceMeters>0.0</DistanceMeters>
            <HeartRateBpm>
              <Value>113</Value>
            </HeartRateBpm>
            <Extensions>
              <ns3:TPX/>
            </Extensions>
          </Trackpoint>
          <Trackpoint>
            <Time>2026-04-29T05:14:16.000Z</Time>
            <DistanceMeters>0.0</DistanceMeters>
            <HeartRateBpm>
              <Value>114</Value>
            </HeartRateBpm>
            <Extensions>
              <ns3:TPX/>
            </Extensions>
          </Trackpoint>
          <Trackpoint>
            <Time>2026-04-29T05:14:18.000Z</Time>
            <DistanceMeters>0.0</DistanceMeters>
            <HeartRateBpm>
              <Value>115</Value>
            </HeartRateBpm>
            <Extensions>
              <ns3:TPX/>
            </Extensions>
          </Trackpoint>
          <Trackpoint>
            <Time>2026-04-29T05:14:22.000Z</Time>
            <DistanceMeters>0.0</DistanceMeters>
            <HeartRateBpm>
              <Value>116</Value>
            </HeartRateBpm>
            <Extensions>
              <ns3:TPX/>
            </Extensions>
          </Trackpoint>
          <Trackpoint>
            <Time>2026-04-29T05:14:25.000Z</Time>
            <DistanceMeters>0.0</DistanceMeters>
            <HeartRateBpm>
              <Value>117</Value>
            </HeartRateBpm>
            <Extensions>
              <ns3:TPX/>
            </Extensions>
          </Trackpoint>
          <Trackpoint>
            <Time>2026-04-29T05:14:26.000Z</Time>
            <DistanceMeters>0.0</DistanceMeters>
            <HeartRateBpm>
              <Value>115</Value>
            </HeartRateBpm>
            <Extensions>
              <ns3:TPX/>
            </Extensions>
          </Trackpoint>
          <Trackpoint>
            <Time>2026-04-29T05:14:28.000Z</Time>
            <DistanceMeters>0.0</DistanceMeters>
            <HeartRateBpm>
              <Value>116</Value>
            </HeartRateBpm>
            <Extensions>
              <ns3:TPX/>
            </Extensions>
          </Trackpoint>
          <Trackpoint>
            <Time>2026-04-29T05:14:29.000Z</Time>
            <DistanceMeters>0.0</DistanceMeters>
            <HeartRateBpm>
              <Value>117</Value>
            </HeartRateBpm>
            <Extensions>
              <ns3:TPX/>
            </Extensions>
          </Trackpoint>
          <Trackpoint>
            <Time>2026-04-29T05:14:31.000Z</Time>
            <DistanceMeters>0.0</DistanceMeters>
            <HeartRateBpm>
              <Value>118</Value>
            </HeartRateBpm>
            <Extensions>
              <ns3:TPX/>
            </Extensions>
          </Trackpoint>
          <Trackpoint>
            <Time>2026-04-29T05:14:36.000Z</Time>
            <DistanceMeters>0.0</DistanceMeters>
            <HeartRateBpm>
              <Value>119</Value>
            </HeartRateBpm>
            <Extensions>
              <ns3:TPX/>
            </Extensions>
          </Trackpoint>
          <Trackpoint>
            <Time>2026-04-29T05:14:45.000Z</Time>
            <DistanceMeters>0.0</DistanceMeters>
            <HeartRateBpm>
              <Value>119</Value>
            </HeartRateBpm>
            <Extensions>
              <ns3:TPX/>
            </Extensions>
          </Trackpoint>
          <Trackpoint>
            <Time>2026-04-29T05:14:47.000Z</Time>
            <DistanceMeters>0.0</DistanceMeters>
            <HeartRateBpm>
              <Value>118</Value>
            </HeartRateBpm>
            <Extensions>
              <ns3:TPX/>
            </Extensions>
          </Trackpoint>
          <Trackpoint>
            <Time>2026-04-29T05:14:49.000Z</Time>
            <DistanceMeters>0.0</DistanceMeters>
            <HeartRateBpm>
              <Value>117</Value>
            </HeartRateBpm>
            <Extensions>
              <ns3:TPX/>
            </Extensions>
          </Trackpoint>
          <Trackpoint>
            <Time>2026-04-29T05:14:51.000Z</Time>
            <DistanceMeters>0.0</DistanceMeters>
            <HeartRateBpm>
              <Value>116</Value>
            </HeartRateBpm>
            <Extensions>
              <ns3:TPX/>
            </Extensions>
          </Trackpoint>
          <Trackpoint>
            <Time>2026-04-29T05:14:53.000Z</Time>
            <DistanceMeters>0.0</DistanceMeters>
            <HeartRateBpm>
              <Value>115</Value>
            </HeartRateBpm>
            <Extensions>
              <ns3:TPX/>
            </Extensions>
          </Trackpoint>
          <Trackpoint>
            <Time>2026-04-29T05:14:56.000Z</Time>
            <DistanceMeters>0.0</DistanceMeters>
            <HeartRateBpm>
              <Value>115</Value>
            </HeartRateBpm>
            <Extensions>
              <ns3:TPX/>
            </Extensions>
          </Trackpoint>
          <Trackpoint>
            <Time>2026-04-29T05:15:00.000Z</Time>
            <DistanceMeters>0.0</DistanceMeters>
            <HeartRateBpm>
              <Value>116</Value>
            </HeartRateBpm>
            <Extensions>
              <ns3:TPX/>
            </Extensions>
          </Trackpoint>
          <Trackpoint>
            <Time>2026-04-29T05:15:02.000Z</Time>
            <DistanceMeters>0.0</DistanceMeters>
            <HeartRateBpm>
              <Value>120</Value>
            </HeartRateBpm>
            <Extensions>
              <ns3:TPX/>
            </Extensions>
          </Trackpoint>
          <Trackpoint>
            <Time>2026-04-29T05:15:03.000Z</Time>
            <DistanceMeters>0.0</DistanceMeters>
            <HeartRateBpm>
              <Value>122</Value>
            </HeartRateBpm>
            <Extensions>
              <ns3:TPX/>
            </Extensions>
          </Trackpoint>
          <Trackpoint>
            <Time>2026-04-29T05:15:04.000Z</Time>
            <DistanceMeters>0.0</DistanceMeters>
            <HeartRateBpm>
              <Value>120</Value>
            </HeartRateBpm>
            <Extensions>
              <ns3:TPX/>
            </Extensions>
          </Trackpoint>
          <Trackpoint>
            <Time>2026-04-29T05:15:06.000Z</Time>
            <DistanceMeters>0.0</DistanceMeters>
            <HeartRateBpm>
              <Value>118</Value>
            </HeartRateBpm>
            <Extensions>
              <ns3:TPX/>
            </Extensions>
          </Trackpoint>
          <Trackpoint>
            <Time>2026-04-29T05:15:09.000Z</Time>
            <DistanceMeters>0.0</DistanceMeters>
            <HeartRateBpm>
              <Value>117</Value>
            </HeartRateBpm>
            <Extensions>
              <ns3:TPX/>
            </Extensions>
          </Trackpoint>
          <Trackpoint>
            <Time>2026-04-29T05:15:12.000Z</Time>
            <DistanceMeters>0.0</DistanceMeters>
            <HeartRateBpm>
              <Value>116</Value>
            </HeartRateBpm>
            <Extensions>
              <ns3:TPX/>
            </Extensions>
          </Trackpoint>
          <Trackpoint>
            <Time>2026-04-29T05:15:20.000Z</Time>
            <DistanceMeters>0.0</DistanceMeters>
            <HeartRateBpm>
              <Value>117</Value>
            </HeartRateBpm>
            <Extensions>
              <ns3:TPX/>
            </Extensions>
          </Trackpoint>
          <Trackpoint>
            <Time>2026-04-29T05:15:21.000Z</Time>
            <DistanceMeters>0.0</DistanceMeters>
            <HeartRateBpm>
              <Value>118</Value>
            </HeartRateBpm>
            <Extensions>
              <ns3:TPX/>
            </Extensions>
          </Trackpoint>
          <Trackpoint>
            <Time>2026-04-29T05:15:22.000Z</Time>
            <DistanceMeters>0.0</DistanceMeters>
            <HeartRateBpm>
              <Value>119</Value>
            </HeartRateBpm>
            <Extensions>
              <ns3:TPX/>
            </Extensions>
          </Trackpoint>
          <Trackpoint>
            <Time>2026-04-29T05:15:23.000Z</Time>
            <DistanceMeters>0.0</DistanceMeters>
            <HeartRateBpm>
              <Value>117</Value>
            </HeartRateBpm>
            <Extensions>
              <ns3:TPX/>
            </Extensions>
          </Trackpoint>
          <Trackpoint>
            <Time>2026-04-29T05:15:30.000Z</Time>
            <DistanceMeters>0.0</DistanceMeters>
            <HeartRateBpm>
              <Value>118</Value>
            </HeartRateBpm>
            <Extensions>
              <ns3:TPX/>
            </Extensions>
          </Trackpoint>
          <Trackpoint>
            <Time>2026-04-29T05:15:44.000Z</Time>
            <DistanceMeters>0.0</DistanceMeters>
            <HeartRateBpm>
              <Value>117</Value>
            </HeartRateBpm>
            <Extensions>
              <ns3:TPX/>
            </Extensions>
          </Trackpoint>
          <Trackpoint>
            <Time>2026-04-29T05:15:50.000Z</Time>
            <DistanceMeters>0.0</DistanceMeters>
            <HeartRateBpm>
              <Value>117</Value>
            </HeartRateBpm>
            <Extensions>
              <ns3:TPX/>
            </Extensions>
          </Trackpoint>
          <Trackpoint>
            <Time>2026-04-29T05:15:51.000Z</Time>
            <DistanceMeters>0.0</DistanceMeters>
            <HeartRateBpm>
              <Value>117</Value>
            </HeartRateBpm>
            <Extensions>
              <ns3:TPX/>
            </Extensions>
          </Trackpoint>
          <Trackpoint>
            <Time>2026-04-29T05:15:53.000Z</Time>
            <DistanceMeters>0.0</DistanceMeters>
            <HeartRateBpm>
              <Value>116</Value>
            </HeartRateBpm>
            <Extensions>
              <ns3:TPX/>
            </Extensions>
          </Trackpoint>
          <Trackpoint>
            <Time>2026-04-29T05:15:55.000Z</Time>
            <DistanceMeters>0.0</DistanceMeters>
            <HeartRateBpm>
              <Value>115</Value>
            </HeartRateBpm>
            <Extensions>
              <ns3:TPX/>
            </Extensions>
          </Trackpoint>
          <Trackpoint>
            <Time>2026-04-29T05:15:57.000Z</Time>
            <DistanceMeters>0.0</DistanceMeters>
            <HeartRateBpm>
              <Value>114</Value>
            </HeartRateBpm>
            <Extensions>
              <ns3:TPX/>
            </Extensions>
          </Trackpoint>
          <Trackpoint>
            <Time>2026-04-29T05:16:01.000Z</Time>
            <DistanceMeters>0.0</DistanceMeters>
            <HeartRateBpm>
              <Value>113</Value>
            </HeartRateBpm>
            <Extensions>
              <ns3:TPX/>
            </Extensions>
          </Trackpoint>
          <Trackpoint>
            <Time>2026-04-29T05:16:09.000Z</Time>
            <DistanceMeters>0.0</DistanceMeters>
            <HeartRateBpm>
              <Value>112</Value>
            </HeartRateBpm>
            <Extensions>
              <ns3:TPX/>
            </Extensions>
          </Trackpoint>
          <Trackpoint>
            <Time>2026-04-29T05:16:12.000Z</Time>
            <DistanceMeters>0.0</DistanceMeters>
            <HeartRateBpm>
              <Value>111</Value>
            </HeartRateBpm>
            <Extensions>
              <ns3:TPX/>
            </Extensions>
          </Trackpoint>
          <Trackpoint>
            <Time>2026-04-29T05:16:13.000Z</Time>
            <DistanceMeters>0.0</DistanceMeters>
            <HeartRateBpm>
              <Value>110</Value>
            </HeartRateBpm>
            <Extensions>
              <ns3:TPX/>
            </Extensions>
          </Trackpoint>
          <Trackpoint>
            <Time>2026-04-29T05:16:14.000Z</Time>
            <DistanceMeters>0.0</DistanceMeters>
            <HeartRateBpm>
              <Value>109</Value>
            </HeartRateBpm>
            <Extensions>
              <ns3:TPX/>
            </Extensions>
          </Trackpoint>
          <Trackpoint>
            <Time>2026-04-29T05:16:16.000Z</Time>
            <DistanceMeters>0.0</DistanceMeters>
            <HeartRateBpm>
              <Value>108</Value>
            </HeartRateBpm>
            <Extensions>
              <ns3:TPX/>
            </Extensions>
          </Trackpoint>
          <Trackpoint>
            <Time>2026-04-29T05:16:17.000Z</Time>
            <DistanceMeters>0.0</DistanceMeters>
            <HeartRateBpm>
              <Value>107</Value>
            </HeartRateBpm>
            <Extensions>
              <ns3:TPX/>
            </Extensions>
          </Trackpoint>
          <Trackpoint>
            <Time>2026-04-29T05:16:20.000Z</Time>
            <DistanceMeters>0.0</DistanceMeters>
            <HeartRateBpm>
              <Value>106</Value>
            </HeartRateBpm>
            <Extensions>
              <ns3:TPX/>
            </Extensions>
          </Trackpoint>
          <Trackpoint>
            <Time>2026-04-29T05:16:22.000Z</Time>
            <DistanceMeters>0.0</DistanceMeters>
            <HeartRateBpm>
              <Value>104</Value>
            </HeartRateBpm>
            <Extensions>
              <ns3:TPX/>
            </Extensions>
          </Trackpoint>
          <Trackpoint>
            <Time>2026-04-29T05:16:23.000Z</Time>
            <DistanceMeters>0.0</DistanceMeters>
            <HeartRateBpm>
              <Value>103</Value>
            </HeartRateBpm>
            <Extensions>
              <ns3:TPX/>
            </Extensions>
          </Trackpoint>
          <Trackpoint>
            <Time>2026-04-29T05:16:24.000Z</Time>
            <DistanceMeters>0.0</DistanceMeters>
            <HeartRateBpm>
              <Value>102</Value>
            </HeartRateBpm>
            <Extensions>
              <ns3:TPX/>
            </Extensions>
          </Trackpoint>
          <Trackpoint>
            <Time>2026-04-29T05:16:26.000Z</Time>
            <DistanceMeters>0.0</DistanceMeters>
            <HeartRateBpm>
              <Value>101</Value>
            </HeartRateBpm>
            <Extensions>
              <ns3:TPX/>
            </Extensions>
          </Trackpoint>
          <Trackpoint>
            <Time>2026-04-29T05:16:29.000Z</Time>
            <DistanceMeters>0.0</DistanceMeters>
            <HeartRateBpm>
              <Value>100</Value>
            </HeartRateBpm>
            <Extensions>
              <ns3:TPX/>
            </Extensions>
          </Trackpoint>
          <Trackpoint>
            <Time>2026-04-29T05:16:31.000Z</Time>
            <DistanceMeters>0.0</DistanceMeters>
            <HeartRateBpm>
              <Value>99</Value>
            </HeartRateBpm>
            <Extensions>
              <ns3:TPX/>
            </Extensions>
          </Trackpoint>
          <Trackpoint>
            <Time>2026-04-29T05:16:32.000Z</Time>
            <DistanceMeters>0.0</DistanceMeters>
            <HeartRateBpm>
              <Value>98</Value>
            </HeartRateBpm>
            <Extensions>
              <ns3:TPX/>
            </Extensions>
          </Trackpoint>
          <Trackpoint>
            <Time>2026-04-29T05:16:33.000Z</Time>
            <DistanceMeters>0.0</DistanceMeters>
            <HeartRateBpm>
              <Value>97</Value>
            </HeartRateBpm>
            <Extensions>
              <ns3:TPX/>
            </Extensions>
          </Trackpoint>
          <Trackpoint>
            <Time>2026-04-29T05:16:36.000Z</Time>
            <DistanceMeters>0.0</DistanceMeters>
            <HeartRateBpm>
              <Value>98</Value>
            </HeartRateBpm>
            <Extensions>
              <ns3:TPX/>
            </Extensions>
          </Trackpoint>
          <Trackpoint>
            <Time>2026-04-29T05:16:38.000Z</Time>
            <DistanceMeters>0.0</DistanceMeters>
            <HeartRateBpm>
              <Value>99</Value>
            </HeartRateBpm>
            <Extensions>
              <ns3:TPX/>
            </Extensions>
          </Trackpoint>
          <Trackpoint>
            <Time>2026-04-29T05:16:41.000Z</Time>
            <DistanceMeters>0.0</DistanceMeters>
            <HeartRateBpm>
              <Value>101</Value>
            </HeartRateBpm>
            <Extensions>
              <ns3:TPX/>
            </Extensions>
          </Trackpoint>
          <Trackpoint>
            <Time>2026-04-29T05:16:44.000Z</Time>
            <DistanceMeters>0.0</DistanceMeters>
            <HeartRateBpm>
              <Value>100</Value>
            </HeartRateBpm>
            <Extensions>
              <ns3:TPX/>
            </Extensions>
          </Trackpoint>
          <Trackpoint>
            <Time>2026-04-29T05:16:46.000Z</Time>
            <DistanceMeters>0.0</DistanceMeters>
            <HeartRateBpm>
              <Value>99</Value>
            </HeartRateBpm>
            <Extensions>
              <ns3:TPX/>
            </Extensions>
          </Trackpoint>
          <Trackpoint>
            <Time>2026-04-29T05:16:49.000Z</Time>
            <DistanceMeters>0.0</DistanceMeters>
            <HeartRateBpm>
              <Value>98</Value>
            </HeartRateBpm>
            <Extensions>
              <ns3:TPX/>
            </Extensions>
          </Trackpoint>
          <Trackpoint>
            <Time>2026-04-29T05:16:50.000Z</Time>
            <DistanceMeters>0.0</DistanceMeters>
            <HeartRateBpm>
              <Value>97</Value>
            </HeartRateBpm>
            <Extensions>
              <ns3:TPX/>
            </Extensions>
          </Trackpoint>
          <Trackpoint>
            <Time>2026-04-29T05:16:51.000Z</Time>
            <DistanceMeters>0.0</DistanceMeters>
            <HeartRateBpm>
              <Value>95</Value>
            </HeartRateBpm>
            <Extensions>
              <ns3:TPX/>
            </Extensions>
          </Trackpoint>
          <Trackpoint>
            <Time>2026-04-29T05:16:53.000Z</Time>
            <DistanceMeters>0.0</DistanceMeters>
            <HeartRateBpm>
              <Value>94</Value>
            </HeartRateBpm>
            <Extensions>
              <ns3:TPX/>
            </Extensions>
          </Trackpoint>
          <Trackpoint>
            <Time>2026-04-29T05:16:54.000Z</Time>
            <DistanceMeters>0.0</DistanceMeters>
            <HeartRateBpm>
              <Value>93</Value>
            </HeartRateBpm>
            <Extensions>
              <ns3:TPX/>
            </Extensions>
          </Trackpoint>
          <Trackpoint>
            <Time>2026-04-29T05:16:57.000Z</Time>
            <DistanceMeters>0.0</DistanceMeters>
            <HeartRateBpm>
              <Value>94</Value>
            </HeartRateBpm>
            <Extensions>
              <ns3:TPX/>
            </Extensions>
          </Trackpoint>
          <Trackpoint>
            <Time>2026-04-29T05:16:58.000Z</Time>
            <DistanceMeters>0.0</DistanceMeters>
            <HeartRateBpm>
              <Value>95</Value>
            </HeartRateBpm>
            <Extensions>
              <ns3:TPX/>
            </Extensions>
          </Trackpoint>
          <Trackpoint>
            <Time>2026-04-29T05:16:59.000Z</Time>
            <DistanceMeters>0.0</DistanceMeters>
            <HeartRateBpm>
              <Value>96</Value>
            </HeartRateBpm>
            <Extensions>
              <ns3:TPX/>
            </Extensions>
          </Trackpoint>
          <Trackpoint>
            <Time>2026-04-29T05:17:00.000Z</Time>
            <DistanceMeters>0.0</DistanceMeters>
            <HeartRateBpm>
              <Value>97</Value>
            </HeartRateBpm>
            <Extensions>
              <ns3:TPX/>
            </Extensions>
          </Trackpoint>
          <Trackpoint>
            <Time>2026-04-29T05:17:01.000Z</Time>
            <DistanceMeters>0.0</DistanceMeters>
            <HeartRateBpm>
              <Value>99</Value>
            </HeartRateBpm>
            <Extensions>
              <ns3:TPX/>
            </Extensions>
          </Trackpoint>
          <Trackpoint>
            <Time>2026-04-29T05:17:03.000Z</Time>
            <DistanceMeters>0.0</DistanceMeters>
            <HeartRateBpm>
              <Value>100</Value>
            </HeartRateBpm>
            <Extensions>
              <ns3:TPX/>
            </Extensions>
          </Trackpoint>
          <Trackpoint>
            <Time>2026-04-29T05:17:05.000Z</Time>
            <DistanceMeters>0.0</DistanceMeters>
            <HeartRateBpm>
              <Value>101</Value>
            </HeartRateBpm>
            <Extensions>
              <ns3:TPX/>
            </Extensions>
          </Trackpoint>
          <Trackpoint>
            <Time>2026-04-29T05:17:07.000Z</Time>
            <DistanceMeters>0.0</DistanceMeters>
            <HeartRateBpm>
              <Value>102</Value>
            </HeartRateBpm>
            <Extensions>
              <ns3:TPX/>
            </Extensions>
          </Trackpoint>
          <Trackpoint>
            <Time>2026-04-29T05:17:10.000Z</Time>
            <DistanceMeters>0.0</DistanceMeters>
            <HeartRateBpm>
              <Value>103</Value>
            </HeartRateBpm>
            <Extensions>
              <ns3:TPX/>
            </Extensions>
          </Trackpoint>
          <Trackpoint>
            <Time>2026-04-29T05:17:12.000Z</Time>
            <DistanceMeters>0.0</DistanceMeters>
            <HeartRateBpm>
              <Value>104</Value>
            </HeartRateBpm>
            <Extensions>
              <ns3:TPX/>
            </Extensions>
          </Trackpoint>
          <Trackpoint>
            <Time>2026-04-29T05:17:14.000Z</Time>
            <DistanceMeters>0.0</DistanceMeters>
            <HeartRateBpm>
              <Value>105</Value>
            </HeartRateBpm>
            <Extensions>
              <ns3:TPX/>
            </Extensions>
          </Trackpoint>
          <Trackpoint>
            <Time>2026-04-29T05:17:16.000Z</Time>
            <DistanceMeters>0.0</DistanceMeters>
            <HeartRateBpm>
              <Value>106</Value>
            </HeartRateBpm>
            <Extensions>
              <ns3:TPX/>
            </Extensions>
          </Trackpoint>
          <Trackpoint>
            <Time>2026-04-29T05:17:19.000Z</Time>
            <DistanceMeters>0.0</DistanceMeters>
            <HeartRateBpm>
              <Value>107</Value>
            </HeartRateBpm>
            <Extensions>
              <ns3:TPX/>
            </Extensions>
          </Trackpoint>
          <Trackpoint>
            <Time>2026-04-29T05:17:20.000Z</Time>
            <DistanceMeters>0.0</DistanceMeters>
            <HeartRateBpm>
              <Value>109</Value>
            </HeartRateBpm>
            <Extensions>
              <ns3:TPX/>
            </Extensions>
          </Trackpoint>
          <Trackpoint>
            <Time>2026-04-29T05:17:21.000Z</Time>
            <DistanceMeters>0.0</DistanceMeters>
            <HeartRateBpm>
              <Value>108</Value>
            </HeartRateBpm>
            <Extensions>
              <ns3:TPX/>
            </Extensions>
          </Trackpoint>
          <Trackpoint>
            <Time>2026-04-29T05:17:26.000Z</Time>
            <DistanceMeters>0.0</DistanceMeters>
            <HeartRateBpm>
              <Value>109</Value>
            </HeartRateBpm>
            <Extensions>
              <ns3:TPX/>
            </Extensions>
          </Trackpoint>
          <Trackpoint>
            <Time>2026-04-29T05:17:28.000Z</Time>
            <DistanceMeters>0.0</DistanceMeters>
            <HeartRateBpm>
              <Value>110</Value>
            </HeartRateBpm>
            <Extensions>
              <ns3:TPX/>
            </Extensions>
          </Trackpoint>
          <Trackpoint>
            <Time>2026-04-29T05:17:31.000Z</Time>
            <DistanceMeters>0.0</DistanceMeters>
            <HeartRateBpm>
              <Value>111</Value>
            </HeartRateBpm>
            <Extensions>
              <ns3:TPX/>
            </Extensions>
          </Trackpoint>
          <Trackpoint>
            <Time>2026-04-29T05:17:37.000Z</Time>
            <DistanceMeters>0.0</DistanceMeters>
            <HeartRateBpm>
              <Value>112</Value>
            </HeartRateBpm>
            <Extensions>
              <ns3:TPX/>
            </Extensions>
          </Trackpoint>
          <Trackpoint>
            <Time>2026-04-29T05:17:41.000Z</Time>
            <DistanceMeters>0.0</DistanceMeters>
            <HeartRateBpm>
              <Value>113</Value>
            </HeartRateBpm>
            <Extensions>
              <ns3:TPX/>
            </Extensions>
          </Trackpoint>
          <Trackpoint>
            <Time>2026-04-29T05:17:44.000Z</Time>
            <DistanceMeters>0.0</DistanceMeters>
            <HeartRateBpm>
              <Value>114</Value>
            </HeartRateBpm>
            <Extensions>
              <ns3:TPX/>
            </Extensions>
          </Trackpoint>
          <Trackpoint>
            <Time>2026-04-29T05:17:52.000Z</Time>
            <DistanceMeters>0.0</DistanceMeters>
            <HeartRateBpm>
              <Value>115</Value>
            </HeartRateBpm>
            <Extensions>
              <ns3:TPX/>
            </Extensions>
          </Trackpoint>
          <Trackpoint>
            <Time>2026-04-29T05:17:56.000Z</Time>
            <DistanceMeters>0.0</DistanceMeters>
            <HeartRateBpm>
              <Value>115</Value>
            </HeartRateBpm>
            <Extensions>
              <ns3:TPX/>
            </Extensions>
          </Trackpoint>
          <Trackpoint>
            <Time>2026-04-29T05:17:58.000Z</Time>
            <DistanceMeters>0.0</DistanceMeters>
            <HeartRateBpm>
              <Value>116</Value>
            </HeartRateBpm>
            <Extensions>
              <ns3:TPX/>
            </Extensions>
          </Trackpoint>
          <Trackpoint>
            <Time>2026-04-29T05:17:59.000Z</Time>
            <DistanceMeters>0.0</DistanceMeters>
            <HeartRateBpm>
              <Value>115</Value>
            </HeartRateBpm>
            <Extensions>
              <ns3:TPX/>
            </Extensions>
          </Trackpoint>
          <Trackpoint>
            <Time>2026-04-29T05:18:04.000Z</Time>
            <DistanceMeters>0.0</DistanceMeters>
            <HeartRateBpm>
              <Value>114</Value>
            </HeartRateBpm>
            <Extensions>
              <ns3:TPX/>
            </Extensions>
          </Trackpoint>
          <Trackpoint>
            <Time>2026-04-29T05:18:06.000Z</Time>
            <DistanceMeters>0.0</DistanceMeters>
            <HeartRateBpm>
              <Value>114</Value>
            </HeartRateBpm>
            <Extensions>
              <ns3:TPX/>
            </Extensions>
          </Trackpoint>
          <Trackpoint>
            <Time>2026-04-29T05:18:10.000Z</Time>
            <DistanceMeters>0.0</DistanceMeters>
            <HeartRateBpm>
              <Value>115</Value>
            </HeartRateBpm>
            <Extensions>
              <ns3:TPX/>
            </Extensions>
          </Trackpoint>
          <Trackpoint>
            <Time>2026-04-29T05:18:15.000Z</Time>
            <DistanceMeters>0.0</DistanceMeters>
            <HeartRateBpm>
              <Value>114</Value>
            </HeartRateBpm>
            <Extensions>
              <ns3:TPX/>
            </Extensions>
          </Trackpoint>
          <Trackpoint>
            <Time>2026-04-29T05:18:20.000Z</Time>
            <DistanceMeters>0.0</DistanceMeters>
            <HeartRateBpm>
              <Value>117</Value>
            </HeartRateBpm>
            <Extensions>
              <ns3:TPX/>
            </Extensions>
          </Trackpoint>
          <Trackpoint>
            <Time>2026-04-29T05:18:21.000Z</Time>
            <DistanceMeters>0.0</DistanceMeters>
            <HeartRateBpm>
              <Value>114</Value>
            </HeartRateBpm>
            <Extensions>
              <ns3:TPX/>
            </Extensions>
          </Trackpoint>
          <Trackpoint>
            <Time>2026-04-29T05:18:24.000Z</Time>
            <DistanceMeters>0.0</DistanceMeters>
            <HeartRateBpm>
              <Value>113</Value>
            </HeartRateBpm>
            <Extensions>
              <ns3:TPX/>
            </Extensions>
          </Trackpoint>
          <Trackpoint>
            <Time>2026-04-29T05:18:35.000Z</Time>
            <DistanceMeters>0.0</DistanceMeters>
            <HeartRateBpm>
              <Value>112</Value>
            </HeartRateBpm>
            <Extensions>
              <ns3:TPX/>
            </Extensions>
          </Trackpoint>
          <Trackpoint>
            <Time>2026-04-29T05:18:40.000Z</Time>
            <DistanceMeters>0.0</DistanceMeters>
            <HeartRateBpm>
              <Value>113</Value>
            </HeartRateBpm>
            <Extensions>
              <ns3:TPX/>
            </Extensions>
          </Trackpoint>
          <Trackpoint>
            <Time>2026-04-29T05:18:46.000Z</Time>
            <DistanceMeters>0.0</DistanceMeters>
            <HeartRateBpm>
              <Value>114</Value>
            </HeartRateBpm>
            <Extensions>
              <ns3:TPX/>
            </Extensions>
          </Trackpoint>
          <Trackpoint>
            <Time>2026-04-29T05:18:50.000Z</Time>
            <DistanceMeters>0.0</DistanceMeters>
            <HeartRateBpm>
              <Value>115</Value>
            </HeartRateBpm>
            <Extensions>
              <ns3:TPX/>
            </Extensions>
          </Trackpoint>
          <Trackpoint>
            <Time>2026-04-29T05:18:54.000Z</Time>
            <DistanceMeters>0.0</DistanceMeters>
            <HeartRateBpm>
              <Value>112</Value>
            </HeartRateBpm>
            <Extensions>
              <ns3:TPX/>
            </Extensions>
          </Trackpoint>
          <Trackpoint>
            <Time>2026-04-29T05:18:55.000Z</Time>
            <DistanceMeters>0.0</DistanceMeters>
            <HeartRateBpm>
              <Value>113</Value>
            </HeartRateBpm>
            <Extensions>
              <ns3:TPX/>
            </Extensions>
          </Trackpoint>
          <Trackpoint>
            <Time>2026-04-29T05:18:56.000Z</Time>
            <DistanceMeters>0.0</DistanceMeters>
            <HeartRateBpm>
              <Value>110</Value>
            </HeartRateBpm>
            <Extensions>
              <ns3:TPX/>
            </Extensions>
          </Trackpoint>
          <Trackpoint>
            <Time>2026-04-29T05:18:57.000Z</Time>
            <DistanceMeters>0.0</DistanceMeters>
            <HeartRateBpm>
              <Value>112</Value>
            </HeartRateBpm>
            <Extensions>
              <ns3:TPX/>
            </Extensions>
          </Trackpoint>
          <Trackpoint>
            <Time>2026-04-29T05:18:58.000Z</Time>
            <DistanceMeters>0.0</DistanceMeters>
            <HeartRateBpm>
              <Value>113</Value>
            </HeartRateBpm>
            <Extensions>
              <ns3:TPX/>
            </Extensions>
          </Trackpoint>
          <Trackpoint>
            <Time>2026-04-29T05:18:59.000Z</Time>
            <DistanceMeters>0.0</DistanceMeters>
            <HeartRateBpm>
              <Value>108</Value>
            </HeartRateBpm>
            <Extensions>
              <ns3:TPX/>
            </Extensions>
          </Trackpoint>
          <Trackpoint>
            <Time>2026-04-29T05:19:00.000Z</Time>
            <DistanceMeters>0.0</DistanceMeters>
            <HeartRateBpm>
              <Value>106</Value>
            </HeartRateBpm>
            <Extensions>
              <ns3:TPX/>
            </Extensions>
          </Trackpoint>
          <Trackpoint>
            <Time>2026-04-29T05:19:01.000Z</Time>
            <DistanceMeters>0.0</DistanceMeters>
            <HeartRateBpm>
              <Value>108</Value>
            </HeartRateBpm>
            <Extensions>
              <ns3:TPX/>
            </Extensions>
          </Trackpoint>
          <Trackpoint>
            <Time>2026-04-29T05:19:02.000Z</Time>
            <DistanceMeters>0.0</DistanceMeters>
            <HeartRateBpm>
              <Value>110</Value>
            </HeartRateBpm>
            <Extensions>
              <ns3:TPX/>
            </Extensions>
          </Trackpoint>
          <Trackpoint>
            <Time>2026-04-29T05:19:03.000Z</Time>
            <DistanceMeters>0.0</DistanceMeters>
            <HeartRateBpm>
              <Value>111</Value>
            </HeartRateBpm>
            <Extensions>
              <ns3:TPX/>
            </Extensions>
          </Trackpoint>
          <Trackpoint>
            <Time>2026-04-29T05:19:04.000Z</Time>
            <DistanceMeters>0.0</DistanceMeters>
            <HeartRateBpm>
              <Value>112</Value>
            </HeartRateBpm>
            <Extensions>
              <ns3:TPX/>
            </Extensions>
          </Trackpoint>
          <Trackpoint>
            <Time>2026-04-29T05:19:05.000Z</Time>
            <DistanceMeters>0.0</DistanceMeters>
            <HeartRateBpm>
              <Value>113</Value>
            </HeartRateBpm>
            <Extensions>
              <ns3:TPX/>
            </Extensions>
          </Trackpoint>
          <Trackpoint>
            <Time>2026-04-29T05:19:06.000Z</Time>
            <DistanceMeters>0.0</DistanceMeters>
            <HeartRateBpm>
              <Value>114</Value>
            </HeartRateBpm>
            <Extensions>
              <ns3:TPX/>
            </Extensions>
          </Trackpoint>
          <Trackpoint>
            <Time>2026-04-29T05:19:08.000Z</Time>
            <DistanceMeters>0.0</DistanceMeters>
            <HeartRateBpm>
              <Value>115</Value>
            </HeartRateBpm>
            <Extensions>
              <ns3:TPX/>
            </Extensions>
          </Trackpoint>
          <Trackpoint>
            <Time>2026-04-29T05:19:11.000Z</Time>
            <DistanceMeters>0.0</DistanceMeters>
            <HeartRateBpm>
              <Value>116</Value>
            </HeartRateBpm>
            <Extensions>
              <ns3:TPX/>
            </Extensions>
          </Trackpoint>
          <Trackpoint>
            <Time>2026-04-29T05:19:15.000Z</Time>
            <DistanceMeters>0.0</DistanceMeters>
            <HeartRateBpm>
              <Value>117</Value>
            </HeartRateBpm>
            <Extensions>
              <ns3:TPX/>
            </Extensions>
          </Trackpoint>
          <Trackpoint>
            <Time>2026-04-29T05:19:17.000Z</Time>
            <DistanceMeters>0.0</DistanceMeters>
            <HeartRateBpm>
              <Value>118</Value>
            </HeartRateBpm>
            <Extensions>
              <ns3:TPX/>
            </Extensions>
          </Trackpoint>
          <Trackpoint>
            <Time>2026-04-29T05:19:18.000Z</Time>
            <DistanceMeters>0.0</DistanceMeters>
            <HeartRateBpm>
              <Value>114</Value>
            </HeartRateBpm>
            <Extensions>
              <ns3:TPX/>
            </Extensions>
          </Trackpoint>
          <Trackpoint>
            <Time>2026-04-29T05:19:20.000Z</Time>
            <DistanceMeters>0.0</DistanceMeters>
            <HeartRateBpm>
              <Value>117</Value>
            </HeartRateBpm>
            <Extensions>
              <ns3:TPX/>
            </Extensions>
          </Trackpoint>
          <Trackpoint>
            <Time>2026-04-29T05:19:21.000Z</Time>
            <DistanceMeters>0.0</DistanceMeters>
            <HeartRateBpm>
              <Value>116</Value>
            </HeartRateBpm>
            <Extensions>
              <ns3:TPX/>
            </Extensions>
          </Trackpoint>
          <Trackpoint>
            <Time>2026-04-29T05:19:27.000Z</Time>
            <DistanceMeters>0.0</DistanceMeters>
            <HeartRateBpm>
              <Value>114</Value>
            </HeartRateBpm>
            <Extensions>
              <ns3:TPX/>
            </Extensions>
          </Trackpoint>
          <Trackpoint>
            <Time>2026-04-29T05:19:28.000Z</Time>
            <DistanceMeters>0.0</DistanceMeters>
            <HeartRateBpm>
              <Value>115</Value>
            </HeartRateBpm>
            <Extensions>
              <ns3:TPX/>
            </Extensions>
          </Trackpoint>
          <Trackpoint>
            <Time>2026-04-29T05:19:31.000Z</Time>
            <DistanceMeters>0.0</DistanceMeters>
            <HeartRateBpm>
              <Value>116</Value>
            </HeartRateBpm>
            <Extensions>
              <ns3:TPX/>
            </Extensions>
          </Trackpoint>
          <Trackpoint>
            <Time>2026-04-29T05:19:32.000Z</Time>
            <DistanceMeters>0.0</DistanceMeters>
            <HeartRateBpm>
              <Value>117</Value>
            </HeartRateBpm>
            <Extensions>
              <ns3:TPX/>
            </Extensions>
          </Trackpoint>
          <Trackpoint>
            <Time>2026-04-29T05:19:34.000Z</Time>
            <DistanceMeters>0.0</DistanceMeters>
            <HeartRateBpm>
              <Value>118</Value>
            </HeartRateBpm>
            <Extensions>
              <ns3:TPX/>
            </Extensions>
          </Trackpoint>
          <Trackpoint>
            <Time>2026-04-29T05:19:36.000Z</Time>
            <DistanceMeters>0.0</DistanceMeters>
            <HeartRateBpm>
              <Value>119</Value>
            </HeartRateBpm>
            <Extensions>
              <ns3:TPX/>
            </Extensions>
          </Trackpoint>
          <Trackpoint>
            <Time>2026-04-29T05:19:49.000Z</Time>
            <DistanceMeters>0.0</DistanceMeters>
            <HeartRateBpm>
              <Value>120</Value>
            </HeartRateBpm>
            <Extensions>
              <ns3:TPX/>
            </Extensions>
          </Trackpoint>
          <Trackpoint>
            <Time>2026-04-29T05:19:52.000Z</Time>
            <DistanceMeters>0.0</DistanceMeters>
            <HeartRateBpm>
              <Value>121</Value>
            </HeartRateBpm>
            <Extensions>
              <ns3:TPX/>
            </Extensions>
          </Trackpoint>
          <Trackpoint>
            <Time>2026-04-29T05:19:55.000Z</Time>
            <DistanceMeters>0.0</DistanceMeters>
            <HeartRateBpm>
              <Value>122</Value>
            </HeartRateBpm>
            <Extensions>
              <ns3:TPX/>
            </Extensions>
          </Trackpoint>
          <Trackpoint>
            <Time>2026-04-29T05:19:58.000Z</Time>
            <DistanceMeters>0.0</DistanceMeters>
            <HeartRateBpm>
              <Value>124</Value>
            </HeartRateBpm>
            <Extensions>
              <ns3:TPX/>
            </Extensions>
          </Trackpoint>
          <Trackpoint>
            <Time>2026-04-29T05:19:59.000Z</Time>
            <DistanceMeters>0.0</DistanceMeters>
            <HeartRateBpm>
              <Value>120</Value>
            </HeartRateBpm>
            <Extensions>
              <ns3:TPX/>
            </Extensions>
          </Trackpoint>
          <Trackpoint>
            <Time>2026-04-29T05:20:00.000Z</Time>
            <DistanceMeters>0.0</DistanceMeters>
            <HeartRateBpm>
              <Value>116</Value>
            </HeartRateBpm>
            <Extensions>
              <ns3:TPX/>
            </Extensions>
          </Trackpoint>
          <Trackpoint>
            <Time>2026-04-29T05:20:01.000Z</Time>
            <DistanceMeters>0.0</DistanceMeters>
            <HeartRateBpm>
              <Value>118</Value>
            </HeartRateBpm>
            <Extensions>
              <ns3:TPX/>
            </Extensions>
          </Trackpoint>
          <Trackpoint>
            <Time>2026-04-29T05:20:02.000Z</Time>
            <DistanceMeters>0.0</DistanceMeters>
            <HeartRateBpm>
              <Value>121</Value>
            </HeartRateBpm>
            <Extensions>
              <ns3:TPX/>
            </Extensions>
          </Trackpoint>
          <Trackpoint>
            <Time>2026-04-29T05:20:03.000Z</Time>
            <DistanceMeters>0.0</DistanceMeters>
            <HeartRateBpm>
              <Value>121</Value>
            </HeartRateBpm>
            <Extensions>
              <ns3:TPX/>
            </Extensions>
          </Trackpoint>
          <Trackpoint>
            <Time>2026-04-29T05:20:05.000Z</Time>
            <DistanceMeters>0.0</DistanceMeters>
            <HeartRateBpm>
              <Value>122</Value>
            </HeartRateBpm>
            <Extensions>
              <ns3:TPX/>
            </Extensions>
          </Trackpoint>
          <Trackpoint>
            <Time>2026-04-29T05:20:07.000Z</Time>
            <DistanceMeters>0.0</DistanceMeters>
            <HeartRateBpm>
              <Value>123</Value>
            </HeartRateBpm>
            <Extensions>
              <ns3:TPX/>
            </Extensions>
          </Trackpoint>
          <Trackpoint>
            <Time>2026-04-29T05:20:14.000Z</Time>
            <DistanceMeters>0.0</DistanceMeters>
            <HeartRateBpm>
              <Value>122</Value>
            </HeartRateBpm>
            <Extensions>
              <ns3:TPX/>
            </Extensions>
          </Trackpoint>
          <Trackpoint>
            <Time>2026-04-29T05:20:16.000Z</Time>
            <DistanceMeters>0.0</DistanceMeters>
            <HeartRateBpm>
              <Value>121</Value>
            </HeartRateBpm>
            <Extensions>
              <ns3:TPX/>
            </Extensions>
          </Trackpoint>
          <Trackpoint>
            <Time>2026-04-29T05:20:17.000Z</Time>
            <DistanceMeters>0.0</DistanceMeters>
            <HeartRateBpm>
              <Value>119</Value>
            </HeartRateBpm>
            <Extensions>
              <ns3:TPX/>
            </Extensions>
          </Trackpoint>
          <Trackpoint>
            <Time>2026-04-29T05:20:18.000Z</Time>
            <DistanceMeters>0.0</DistanceMeters>
            <HeartRateBpm>
              <Value>118</Value>
            </HeartRateBpm>
            <Extensions>
              <ns3:TPX/>
            </Extensions>
          </Trackpoint>
          <Trackpoint>
            <Time>2026-04-29T05:20:21.000Z</Time>
            <DistanceMeters>0.0</DistanceMeters>
            <HeartRateBpm>
              <Value>117</Value>
            </HeartRateBpm>
            <Extensions>
              <ns3:TPX/>
            </Extensions>
          </Trackpoint>
          <Trackpoint>
            <Time>2026-04-29T05:20:22.000Z</Time>
            <DistanceMeters>0.0</DistanceMeters>
            <HeartRateBpm>
              <Value>116</Value>
            </HeartRateBpm>
            <Extensions>
              <ns3:TPX/>
            </Extensions>
          </Trackpoint>
          <Trackpoint>
            <Time>2026-04-29T05:20:23.000Z</Time>
            <DistanceMeters>0.0</DistanceMeters>
            <HeartRateBpm>
              <Value>114</Value>
            </HeartRateBpm>
            <Extensions>
              <ns3:TPX/>
            </Extensions>
          </Trackpoint>
          <Trackpoint>
            <Time>2026-04-29T05:20:25.000Z</Time>
            <DistanceMeters>0.0</DistanceMeters>
            <HeartRateBpm>
              <Value>112</Value>
            </HeartRateBpm>
            <Extensions>
              <ns3:TPX/>
            </Extensions>
          </Trackpoint>
          <Trackpoint>
            <Time>2026-04-29T05:20:26.000Z</Time>
            <DistanceMeters>0.0</DistanceMeters>
            <HeartRateBpm>
              <Value>111</Value>
            </HeartRateBpm>
            <Extensions>
              <ns3:TPX/>
            </Extensions>
          </Trackpoint>
          <Trackpoint>
            <Time>2026-04-29T05:20:27.000Z</Time>
            <DistanceMeters>0.0</DistanceMeters>
            <HeartRateBpm>
              <Value>110</Value>
            </HeartRateBpm>
            <Extensions>
              <ns3:TPX/>
            </Extensions>
          </Trackpoint>
          <Trackpoint>
            <Time>2026-04-29T05:20:29.000Z</Time>
            <DistanceMeters>0.0</DistanceMeters>
            <HeartRateBpm>
              <Value>109</Value>
            </HeartRateBpm>
            <Extensions>
              <ns3:TPX/>
            </Extensions>
          </Trackpoint>
          <Trackpoint>
            <Time>2026-04-29T05:20:35.000Z</Time>
            <DistanceMeters>0.0</DistanceMeters>
            <HeartRateBpm>
              <Value>108</Value>
            </HeartRateBpm>
            <Extensions>
              <ns3:TPX/>
            </Extensions>
          </Trackpoint>
          <Trackpoint>
            <Time>2026-04-29T05:20:37.000Z</Time>
            <DistanceMeters>0.0</DistanceMeters>
            <HeartRateBpm>
              <Value>107</Value>
            </HeartRateBpm>
            <Extensions>
              <ns3:TPX/>
            </Extensions>
          </Trackpoint>
          <Trackpoint>
            <Time>2026-04-29T05:20:39.000Z</Time>
            <DistanceMeters>0.0</DistanceMeters>
            <HeartRateBpm>
              <Value>108</Value>
            </HeartRateBpm>
            <Extensions>
              <ns3:TPX/>
            </Extensions>
          </Trackpoint>
          <Trackpoint>
            <Time>2026-04-29T05:20:40.000Z</Time>
            <DistanceMeters>0.0</DistanceMeters>
            <HeartRateBpm>
              <Value>107</Value>
            </HeartRateBpm>
            <Extensions>
              <ns3:TPX/>
            </Extensions>
          </Trackpoint>
          <Trackpoint>
            <Time>2026-04-29T05:20:42.000Z</Time>
            <DistanceMeters>0.0</DistanceMeters>
            <HeartRateBpm>
              <Value>106</Value>
            </HeartRateBpm>
            <Extensions>
              <ns3:TPX/>
            </Extensions>
          </Trackpoint>
          <Trackpoint>
            <Time>2026-04-29T05:20:44.000Z</Time>
            <DistanceMeters>0.0</DistanceMeters>
            <HeartRateBpm>
              <Value>105</Value>
            </HeartRateBpm>
            <Extensions>
              <ns3:TPX/>
            </Extensions>
          </Trackpoint>
          <Trackpoint>
            <Time>2026-04-29T05:20:45.000Z</Time>
            <DistanceMeters>0.0</DistanceMeters>
            <HeartRateBpm>
              <Value>104</Value>
            </HeartRateBpm>
            <Extensions>
              <ns3:TPX/>
            </Extensions>
          </Trackpoint>
          <Trackpoint>
            <Time>2026-04-29T05:20:52.000Z</Time>
            <DistanceMeters>0.0</DistanceMeters>
            <HeartRateBpm>
              <Value>103</Value>
            </HeartRateBpm>
            <Extensions>
              <ns3:TPX/>
            </Extensions>
          </Trackpoint>
          <Trackpoint>
            <Time>2026-04-29T05:20:54.000Z</Time>
            <DistanceMeters>0.0</DistanceMeters>
            <HeartRateBpm>
              <Value>102</Value>
            </HeartRateBpm>
            <Extensions>
              <ns3:TPX/>
            </Extensions>
          </Trackpoint>
          <Trackpoint>
            <Time>2026-04-29T05:20:57.000Z</Time>
            <DistanceMeters>0.0</DistanceMeters>
            <HeartRateBpm>
              <Value>101</Value>
            </HeartRateBpm>
            <Extensions>
              <ns3:TPX/>
            </Extensions>
          </Trackpoint>
          <Trackpoint>
            <Time>2026-04-29T05:21:03.000Z</Time>
            <DistanceMeters>0.0</DistanceMeters>
            <HeartRateBpm>
              <Value>100</Value>
            </HeartRateBpm>
            <Extensions>
              <ns3:TPX/>
            </Extensions>
          </Trackpoint>
          <Trackpoint>
            <Time>2026-04-29T05:21:07.000Z</Time>
            <DistanceMeters>0.0</DistanceMeters>
            <HeartRateBpm>
              <Value>99</Value>
            </HeartRateBpm>
            <Extensions>
              <ns3:TPX/>
            </Extensions>
          </Trackpoint>
          <Trackpoint>
            <Time>2026-04-29T05:21:13.000Z</Time>
            <DistanceMeters>0.0</DistanceMeters>
            <HeartRateBpm>
              <Value>98</Value>
            </HeartRateBpm>
            <Extensions>
              <ns3:TPX/>
            </Extensions>
          </Trackpoint>
          <Trackpoint>
            <Time>2026-04-29T05:21:15.000Z</Time>
            <DistanceMeters>0.0</DistanceMeters>
            <HeartRateBpm>
              <Value>97</Value>
            </HeartRateBpm>
            <Extensions>
              <ns3:TPX/>
            </Extensions>
          </Trackpoint>
          <Trackpoint>
            <Time>2026-04-29T05:21:17.000Z</Time>
            <DistanceMeters>0.0</DistanceMeters>
            <HeartRateBpm>
              <Value>96</Value>
            </HeartRateBpm>
            <Extensions>
              <ns3:TPX/>
            </Extensions>
          </Trackpoint>
          <Trackpoint>
            <Time>2026-04-29T05:21:26.000Z</Time>
            <DistanceMeters>0.0</DistanceMeters>
            <HeartRateBpm>
              <Value>95</Value>
            </HeartRateBpm>
            <Extensions>
              <ns3:TPX/>
            </Extensions>
          </Trackpoint>
          <Trackpoint>
            <Time>2026-04-29T05:21:27.000Z</Time>
            <DistanceMeters>0.0</DistanceMeters>
            <HeartRateBpm>
              <Value>94</Value>
            </HeartRateBpm>
            <Extensions>
              <ns3:TPX/>
            </Extensions>
          </Trackpoint>
          <Trackpoint>
            <Time>2026-04-29T05:21:29.000Z</Time>
            <DistanceMeters>0.0</DistanceMeters>
            <HeartRateBpm>
              <Value>91</Value>
            </HeartRateBpm>
            <Extensions>
              <ns3:TPX/>
            </Extensions>
          </Trackpoint>
          <Trackpoint>
            <Time>2026-04-29T05:21:30.000Z</Time>
            <DistanceMeters>0.0</DistanceMeters>
            <HeartRateBpm>
              <Value>89</Value>
            </HeartRateBpm>
            <Extensions>
              <ns3:TPX/>
            </Extensions>
          </Trackpoint>
          <Trackpoint>
            <Time>2026-04-29T05:21:32.000Z</Time>
            <DistanceMeters>0.0</DistanceMeters>
            <HeartRateBpm>
              <Value>90</Value>
            </HeartRateBpm>
            <Extensions>
              <ns3:TPX/>
            </Extensions>
          </Trackpoint>
          <Trackpoint>
            <Time>2026-04-29T05:21:33.000Z</Time>
            <DistanceMeters>0.0</DistanceMeters>
            <HeartRateBpm>
              <Value>91</Value>
            </HeartRateBpm>
            <Extensions>
              <ns3:TPX/>
            </Extensions>
          </Trackpoint>
          <Trackpoint>
            <Time>2026-04-29T05:21:34.000Z</Time>
            <DistanceMeters>0.0</DistanceMeters>
            <HeartRateBpm>
              <Value>92</Value>
            </HeartRateBpm>
            <Extensions>
              <ns3:TPX/>
            </Extensions>
          </Trackpoint>
          <Trackpoint>
            <Time>2026-04-29T05:21:36.000Z</Time>
            <DistanceMeters>0.0</DistanceMeters>
            <HeartRateBpm>
              <Value>91</Value>
            </HeartRateBpm>
            <Extensions>
              <ns3:TPX/>
            </Extensions>
          </Trackpoint>
          <Trackpoint>
            <Time>2026-04-29T05:21:38.000Z</Time>
            <DistanceMeters>0.0</DistanceMeters>
            <HeartRateBpm>
              <Value>89</Value>
            </HeartRateBpm>
            <Extensions>
              <ns3:TPX/>
            </Extensions>
          </Trackpoint>
          <Trackpoint>
            <Time>2026-04-29T05:21:40.000Z</Time>
            <DistanceMeters>0.0</DistanceMeters>
            <HeartRateBpm>
              <Value>88</Value>
            </HeartRateBpm>
            <Extensions>
              <ns3:TPX/>
            </Extensions>
          </Trackpoint>
          <Trackpoint>
            <Time>2026-04-29T05:21:41.000Z</Time>
            <DistanceMeters>0.0</DistanceMeters>
            <HeartRateBpm>
              <Value>87</Value>
            </HeartRateBpm>
            <Extensions>
              <ns3:TPX/>
            </Extensions>
          </Trackpoint>
          <Trackpoint>
            <Time>2026-04-29T05:21:43.000Z</Time>
            <DistanceMeters>0.0</DistanceMeters>
            <HeartRateBpm>
              <Value>86</Value>
            </HeartRateBpm>
            <Extensions>
              <ns3:TPX/>
            </Extensions>
          </Trackpoint>
          <Trackpoint>
            <Time>2026-04-29T05:21:46.000Z</Time>
            <DistanceMeters>0.0</DistanceMeters>
            <HeartRateBpm>
              <Value>85</Value>
            </HeartRateBpm>
            <Extensions>
              <ns3:TPX/>
            </Extensions>
          </Trackpoint>
          <Trackpoint>
            <Time>2026-04-29T05:21:50.000Z</Time>
            <DistanceMeters>0.0</DistanceMeters>
            <HeartRateBpm>
              <Value>87</Value>
            </HeartRateBpm>
            <Extensions>
              <ns3:TPX/>
            </Extensions>
          </Trackpoint>
          <Trackpoint>
            <Time>2026-04-29T05:21:51.000Z</Time>
            <DistanceMeters>0.0</DistanceMeters>
            <HeartRateBpm>
              <Value>86</Value>
            </HeartRateBpm>
            <Extensions>
              <ns3:TPX/>
            </Extensions>
          </Trackpoint>
          <Trackpoint>
            <Time>2026-04-29T05:21:52.000Z</Time>
            <DistanceMeters>0.0</DistanceMeters>
            <HeartRateBpm>
              <Value>87</Value>
            </HeartRateBpm>
            <Extensions>
              <ns3:TPX/>
            </Extensions>
          </Trackpoint>
          <Trackpoint>
            <Time>2026-04-29T05:21:53.000Z</Time>
            <DistanceMeters>0.0</DistanceMeters>
            <HeartRateBpm>
              <Value>88</Value>
            </HeartRateBpm>
            <Extensions>
              <ns3:TPX/>
            </Extensions>
          </Trackpoint>
          <Trackpoint>
            <Time>2026-04-29T05:21:54.000Z</Time>
            <DistanceMeters>0.0</DistanceMeters>
            <HeartRateBpm>
              <Value>90</Value>
            </HeartRateBpm>
            <Extensions>
              <ns3:TPX/>
            </Extensions>
          </Trackpoint>
          <Trackpoint>
            <Time>2026-04-29T05:21:57.000Z</Time>
            <DistanceMeters>0.0</DistanceMeters>
            <HeartRateBpm>
              <Value>92</Value>
            </HeartRateBpm>
            <Extensions>
              <ns3:TPX/>
            </Extensions>
          </Trackpoint>
          <Trackpoint>
            <Time>2026-04-29T05:21:59.000Z</Time>
            <DistanceMeters>0.0</DistanceMeters>
            <HeartRateBpm>
              <Value>91</Value>
            </HeartRateBpm>
            <Extensions>
              <ns3:TPX/>
            </Extensions>
          </Trackpoint>
          <Trackpoint>
            <Time>2026-04-29T05:22:01.000Z</Time>
            <DistanceMeters>0.0</DistanceMeters>
            <HeartRateBpm>
              <Value>89</Value>
            </HeartRateBpm>
            <Extensions>
              <ns3:TPX/>
            </Extensions>
          </Trackpoint>
          <Trackpoint>
            <Time>2026-04-29T05:22:03.000Z</Time>
            <DistanceMeters>0.0</DistanceMeters>
            <HeartRateBpm>
              <Value>88</Value>
            </HeartRateBpm>
            <Extensions>
              <ns3:TPX/>
            </Extensions>
          </Trackpoint>
          <Trackpoint>
            <Time>2026-04-29T05:22:04.000Z</Time>
            <DistanceMeters>0.0</DistanceMeters>
            <HeartRateBpm>
              <Value>87</Value>
            </HeartRateBpm>
            <Extensions>
              <ns3:TPX/>
            </Extensions>
          </Trackpoint>
          <Trackpoint>
            <Time>2026-04-29T05:22:05.000Z</Time>
            <DistanceMeters>0.0</DistanceMeters>
            <HeartRateBpm>
              <Value>86</Value>
            </HeartRateBpm>
            <Extensions>
              <ns3:TPX/>
            </Extensions>
          </Trackpoint>
          <Trackpoint>
            <Time>2026-04-29T05:22:07.000Z</Time>
            <DistanceMeters>0.0</DistanceMeters>
            <HeartRateBpm>
              <Value>85</Value>
            </HeartRateBpm>
            <Extensions>
              <ns3:TPX/>
            </Extensions>
          </Trackpoint>
          <Trackpoint>
            <Time>2026-04-29T05:22:10.000Z</Time>
            <DistanceMeters>0.0</DistanceMeters>
            <HeartRateBpm>
              <Value>86</Value>
            </HeartRateBpm>
            <Extensions>
              <ns3:TPX/>
            </Extensions>
          </Trackpoint>
          <Trackpoint>
            <Time>2026-04-29T05:22:13.000Z</Time>
            <DistanceMeters>0.0</DistanceMeters>
            <HeartRateBpm>
              <Value>87</Value>
            </HeartRateBpm>
            <Extensions>
              <ns3:TPX/>
            </Extensions>
          </Trackpoint>
          <Trackpoint>
            <Time>2026-04-29T05:22:14.000Z</Time>
            <DistanceMeters>0.0</DistanceMeters>
            <HeartRateBpm>
              <Value>88</Value>
            </HeartRateBpm>
            <Extensions>
              <ns3:TPX/>
            </Extensions>
          </Trackpoint>
          <Trackpoint>
            <Time>2026-04-29T05:22:15.000Z</Time>
            <DistanceMeters>0.0</DistanceMeters>
            <HeartRateBpm>
              <Value>89</Value>
            </HeartRateBpm>
            <Extensions>
              <ns3:TPX/>
            </Extensions>
          </Trackpoint>
          <Trackpoint>
            <Time>2026-04-29T05:22:16.000Z</Time>
            <DistanceMeters>0.0</DistanceMeters>
            <HeartRateBpm>
              <Value>90</Value>
            </HeartRateBpm>
            <Extensions>
              <ns3:TPX/>
            </Extensions>
          </Trackpoint>
          <Trackpoint>
            <Time>2026-04-29T05:22:17.000Z</Time>
            <DistanceMeters>0.0</DistanceMeters>
            <HeartRateBpm>
              <Value>91</Value>
            </HeartRateBpm>
            <Extensions>
              <ns3:TPX/>
            </Extensions>
          </Trackpoint>
          <Trackpoint>
            <Time>2026-04-29T05:22:18.000Z</Time>
            <DistanceMeters>0.0</DistanceMeters>
            <HeartRateBpm>
              <Value>92</Value>
            </HeartRateBpm>
            <Extensions>
              <ns3:TPX/>
            </Extensions>
          </Trackpoint>
          <Trackpoint>
            <Time>2026-04-29T05:22:19.000Z</Time>
            <DistanceMeters>0.0</DistanceMeters>
            <HeartRateBpm>
              <Value>93</Value>
            </HeartRateBpm>
            <Extensions>
              <ns3:TPX/>
            </Extensions>
          </Trackpoint>
          <Trackpoint>
            <Time>2026-04-29T05:22:21.000Z</Time>
            <DistanceMeters>0.0</DistanceMeters>
            <HeartRateBpm>
              <Value>94</Value>
            </HeartRateBpm>
            <Extensions>
              <ns3:TPX/>
            </Extensions>
          </Trackpoint>
          <Trackpoint>
            <Time>2026-04-29T05:22:22.000Z</Time>
            <DistanceMeters>0.0</DistanceMeters>
            <HeartRateBpm>
              <Value>95</Value>
            </HeartRateBpm>
            <Extensions>
              <ns3:TPX/>
            </Extensions>
          </Trackpoint>
          <Trackpoint>
            <Time>2026-04-29T05:22:23.000Z</Time>
            <DistanceMeters>0.0</DistanceMeters>
            <HeartRateBpm>
              <Value>96</Value>
            </HeartRateBpm>
            <Extensions>
              <ns3:TPX/>
            </Extensions>
          </Trackpoint>
          <Trackpoint>
            <Time>2026-04-29T05:22:24.000Z</Time>
            <DistanceMeters>0.0</DistanceMeters>
            <HeartRateBpm>
              <Value>97</Value>
            </HeartRateBpm>
            <Extensions>
              <ns3:TPX/>
            </Extensions>
          </Trackpoint>
          <Trackpoint>
            <Time>2026-04-29T05:22:25.000Z</Time>
            <DistanceMeters>0.0</DistanceMeters>
            <HeartRateBpm>
              <Value>98</Value>
            </HeartRateBpm>
            <Extensions>
              <ns3:TPX/>
            </Extensions>
          </Trackpoint>
          <Trackpoint>
            <Time>2026-04-29T05:22:26.000Z</Time>
            <DistanceMeters>0.0</DistanceMeters>
            <HeartRateBpm>
              <Value>99</Value>
            </HeartRateBpm>
            <Extensions>
              <ns3:TPX/>
            </Extensions>
          </Trackpoint>
          <Trackpoint>
            <Time>2026-04-29T05:22:30.000Z</Time>
            <DistanceMeters>0.0</DistanceMeters>
            <HeartRateBpm>
              <Value>98</Value>
            </HeartRateBpm>
            <Extensions>
              <ns3:TPX/>
            </Extensions>
          </Trackpoint>
          <Trackpoint>
            <Time>2026-04-29T05:22:32.000Z</Time>
            <DistanceMeters>0.0</DistanceMeters>
            <HeartRateBpm>
              <Value>97</Value>
            </HeartRateBpm>
            <Extensions>
              <ns3:TPX/>
            </Extensions>
          </Trackpoint>
          <Trackpoint>
            <Time>2026-04-29T05:22:33.000Z</Time>
            <DistanceMeters>0.0</DistanceMeters>
            <HeartRateBpm>
              <Value>96</Value>
            </HeartRateBpm>
            <Extensions>
              <ns3:TPX/>
            </Extensions>
          </Trackpoint>
          <Trackpoint>
            <Time>2026-04-29T05:22:36.000Z</Time>
            <DistanceMeters>0.0</DistanceMeters>
            <HeartRateBpm>
              <Value>95</Value>
            </HeartRateBpm>
            <Extensions>
              <ns3:TPX/>
            </Extensions>
          </Trackpoint>
          <Trackpoint>
            <Time>2026-04-29T05:22:37.000Z</Time>
            <DistanceMeters>0.0</DistanceMeters>
            <HeartRateBpm>
              <Value>96</Value>
            </HeartRateBpm>
            <Extensions>
              <ns3:TPX/>
            </Extensions>
          </Trackpoint>
          <Trackpoint>
            <Time>2026-04-29T05:22:42.000Z</Time>
            <DistanceMeters>0.0</DistanceMeters>
            <HeartRateBpm>
              <Value>97</Value>
            </HeartRateBpm>
            <Extensions>
              <ns3:TPX/>
            </Extensions>
          </Trackpoint>
          <Trackpoint>
            <Time>2026-04-29T05:22:51.000Z</Time>
            <DistanceMeters>0.0</DistanceMeters>
            <HeartRateBpm>
              <Value>98</Value>
            </HeartRateBpm>
            <Extensions>
              <ns3:TPX/>
            </Extensions>
          </Trackpoint>
          <Trackpoint>
            <Time>2026-04-29T05:22:54.000Z</Time>
            <DistanceMeters>0.0</DistanceMeters>
            <HeartRateBpm>
              <Value>101</Value>
            </HeartRateBpm>
            <Extensions>
              <ns3:TPX/>
            </Extensions>
          </Trackpoint>
          <Trackpoint>
            <Time>2026-04-29T05:22:59.000Z</Time>
            <DistanceMeters>0.0</DistanceMeters>
            <HeartRateBpm>
              <Value>100</Value>
            </HeartRateBpm>
            <Extensions>
              <ns3:TPX/>
            </Extensions>
          </Trackpoint>
          <Trackpoint>
            <Time>2026-04-29T05:23:01.000Z</Time>
            <DistanceMeters>0.0</DistanceMeters>
            <HeartRateBpm>
              <Value>99</Value>
            </HeartRateBpm>
            <Extensions>
              <ns3:TPX/>
            </Extensions>
          </Trackpoint>
          <Trackpoint>
            <Time>2026-04-29T05:23:03.000Z</Time>
            <DistanceMeters>0.0</DistanceMeters>
            <HeartRateBpm>
              <Value>98</Value>
            </HeartRateBpm>
            <Extensions>
              <ns3:TPX/>
            </Extensions>
          </Trackpoint>
          <Trackpoint>
            <Time>2026-04-29T05:23:06.000Z</Time>
            <DistanceMeters>0.0</DistanceMeters>
            <HeartRateBpm>
              <Value>97</Value>
            </HeartRateBpm>
            <Extensions>
              <ns3:TPX/>
            </Extensions>
          </Trackpoint>
          <Trackpoint>
            <Time>2026-04-29T05:23:08.000Z</Time>
            <DistanceMeters>0.0</DistanceMeters>
            <HeartRateBpm>
              <Value>96</Value>
            </HeartRateBpm>
            <Extensions>
              <ns3:TPX/>
            </Extensions>
          </Trackpoint>
          <Trackpoint>
            <Time>2026-04-29T05:23:10.000Z</Time>
            <DistanceMeters>0.0</DistanceMeters>
            <HeartRateBpm>
              <Value>94</Value>
            </HeartRateBpm>
            <Extensions>
              <ns3:TPX/>
            </Extensions>
          </Trackpoint>
          <Trackpoint>
            <Time>2026-04-29T05:23:12.000Z</Time>
            <DistanceMeters>0.0</DistanceMeters>
            <HeartRateBpm>
              <Value>93</Value>
            </HeartRateBpm>
            <Extensions>
              <ns3:TPX/>
            </Extensions>
          </Trackpoint>
          <Trackpoint>
            <Time>2026-04-29T05:23:17.000Z</Time>
            <DistanceMeters>0.0</DistanceMeters>
            <HeartRateBpm>
              <Value>93</Value>
            </HeartRateBpm>
            <Extensions>
              <ns3:TPX/>
            </Extensions>
          </Trackpoint>
          <Trackpoint>
            <Time>2026-04-29T05:23:21.000Z</Time>
            <DistanceMeters>0.0</DistanceMeters>
            <HeartRateBpm>
              <Value>94</Value>
            </HeartRateBpm>
            <Extensions>
              <ns3:TPX/>
            </Extensions>
          </Trackpoint>
          <Trackpoint>
            <Time>2026-04-29T05:23:23.000Z</Time>
            <DistanceMeters>0.0</DistanceMeters>
            <HeartRateBpm>
              <Value>95</Value>
            </HeartRateBpm>
            <Extensions>
              <ns3:TPX/>
            </Extensions>
          </Trackpoint>
          <Trackpoint>
            <Time>2026-04-29T05:23:26.000Z</Time>
            <DistanceMeters>0.0</DistanceMeters>
            <HeartRateBpm>
              <Value>95</Value>
            </HeartRateBpm>
            <Extensions>
              <ns3:TPX/>
            </Extensions>
          </Trackpoint>
          <Trackpoint>
            <Time>2026-04-29T05:23:31.000Z</Time>
            <DistanceMeters>0.0</DistanceMeters>
            <HeartRateBpm>
              <Value>96</Value>
            </HeartRateBpm>
            <Extensions>
              <ns3:TPX/>
            </Extensions>
          </Trackpoint>
          <Trackpoint>
            <Time>2026-04-29T05:23:33.000Z</Time>
            <DistanceMeters>0.0</DistanceMeters>
            <HeartRateBpm>
              <Value>95</Value>
            </HeartRateBpm>
            <Extensions>
              <ns3:TPX/>
            </Extensions>
          </Trackpoint>
          <Trackpoint>
            <Time>2026-04-29T05:23:36.000Z</Time>
            <DistanceMeters>0.0</DistanceMeters>
            <HeartRateBpm>
              <Value>94</Value>
            </HeartRateBpm>
            <Extensions>
              <ns3:TPX/>
            </Extensions>
          </Trackpoint>
          <Trackpoint>
            <Time>2026-04-29T05:23:39.000Z</Time>
            <DistanceMeters>0.0</DistanceMeters>
            <HeartRateBpm>
              <Value>93</Value>
            </HeartRateBpm>
            <Extensions>
              <ns3:TPX/>
            </Extensions>
          </Trackpoint>
          <Trackpoint>
            <Time>2026-04-29T05:23:40.000Z</Time>
            <DistanceMeters>0.0</DistanceMeters>
            <HeartRateBpm>
              <Value>94</Value>
            </HeartRateBpm>
            <Extensions>
              <ns3:TPX/>
            </Extensions>
          </Trackpoint>
          <Trackpoint>
            <Time>2026-04-29T05:23:43.000Z</Time>
            <DistanceMeters>0.0</DistanceMeters>
            <HeartRateBpm>
              <Value>93</Value>
            </HeartRateBpm>
            <Extensions>
              <ns3:TPX/>
            </Extensions>
          </Trackpoint>
          <Trackpoint>
            <Time>2026-04-29T05:23:44.000Z</Time>
            <DistanceMeters>0.0</DistanceMeters>
            <HeartRateBpm>
              <Value>92</Value>
            </HeartRateBpm>
            <Extensions>
              <ns3:TPX/>
            </Extensions>
          </Trackpoint>
          <Trackpoint>
            <Time>2026-04-29T05:23:46.000Z</Time>
            <DistanceMeters>0.0</DistanceMeters>
            <HeartRateBpm>
              <Value>91</Value>
            </HeartRateBpm>
            <Extensions>
              <ns3:TPX/>
            </Extensions>
          </Trackpoint>
          <Trackpoint>
            <Time>2026-04-29T05:23:52.000Z</Time>
            <DistanceMeters>0.0</DistanceMeters>
            <HeartRateBpm>
              <Value>92</Value>
            </HeartRateBpm>
            <Extensions>
              <ns3:TPX/>
            </Extensions>
          </Trackpoint>
          <Trackpoint>
            <Time>2026-04-29T05:23:54.000Z</Time>
            <DistanceMeters>0.0</DistanceMeters>
            <HeartRateBpm>
              <Value>93</Value>
            </HeartRateBpm>
            <Extensions>
              <ns3:TPX/>
            </Extensions>
          </Trackpoint>
          <Trackpoint>
            <Time>2026-04-29T05:24:01.000Z</Time>
            <DistanceMeters>0.0</DistanceMeters>
            <HeartRateBpm>
              <Value>94</Value>
            </HeartRateBpm>
            <Extensions>
              <ns3:TPX/>
            </Extensions>
          </Trackpoint>
          <Trackpoint>
            <Time>2026-04-29T05:24:02.000Z</Time>
            <DistanceMeters>0.0</DistanceMeters>
            <HeartRateBpm>
              <Value>95</Value>
            </HeartRateBpm>
            <Extensions>
              <ns3:TPX/>
            </Extensions>
          </Trackpoint>
          <Trackpoint>
            <Time>2026-04-29T05:24:05.000Z</Time>
            <DistanceMeters>0.0</DistanceMeters>
            <HeartRateBpm>
              <Value>96</Value>
            </HeartRateBpm>
            <Extensions>
              <ns3:TPX/>
            </Extensions>
          </Trackpoint>
          <Trackpoint>
            <Time>2026-04-29T05:24:07.000Z</Time>
            <DistanceMeters>0.0</DistanceMeters>
            <HeartRateBpm>
              <Value>95</Value>
            </HeartRateBpm>
            <Extensions>
              <ns3:TPX/>
            </Extensions>
          </Trackpoint>
          <Trackpoint>
            <Time>2026-04-29T05:24:08.000Z</Time>
            <DistanceMeters>0.0</DistanceMeters>
            <HeartRateBpm>
              <Value>94</Value>
            </HeartRateBpm>
            <Extensions>
              <ns3:TPX/>
            </Extensions>
          </Trackpoint>
          <Trackpoint>
            <Time>2026-04-29T05:24:10.000Z</Time>
            <DistanceMeters>0.0</DistanceMeters>
            <HeartRateBpm>
              <Value>93</Value>
            </HeartRateBpm>
            <Extensions>
              <ns3:TPX/>
            </Extensions>
          </Trackpoint>
          <Trackpoint>
            <Time>2026-04-29T05:24:11.000Z</Time>
            <DistanceMeters>0.0</DistanceMeters>
            <HeartRateBpm>
              <Value>94</Value>
            </HeartRateBpm>
            <Extensions>
              <ns3:TPX/>
            </Extensions>
          </Trackpoint>
          <Trackpoint>
            <Time>2026-04-29T05:24:13.000Z</Time>
            <DistanceMeters>0.0</DistanceMeters>
            <HeartRateBpm>
              <Value>95</Value>
            </HeartRateBpm>
            <Extensions>
              <ns3:TPX/>
            </Extensions>
          </Trackpoint>
          <Trackpoint>
            <Time>2026-04-29T05:24:18.000Z</Time>
            <DistanceMeters>0.0</DistanceMeters>
            <HeartRateBpm>
              <Value>94</Value>
            </HeartRateBpm>
            <Extensions>
              <ns3:TPX/>
            </Extensions>
          </Trackpoint>
          <Trackpoint>
            <Time>2026-04-29T05:24:19.000Z</Time>
            <DistanceMeters>0.0</DistanceMeters>
            <HeartRateBpm>
              <Value>93</Value>
            </HeartRateBpm>
            <Extensions>
              <ns3:TPX/>
            </Extensions>
          </Trackpoint>
          <Trackpoint>
            <Time>2026-04-29T05:24:20.000Z</Time>
            <DistanceMeters>0.0</DistanceMeters>
            <HeartRateBpm>
              <Value>92</Value>
            </HeartRateBpm>
            <Extensions>
              <ns3:TPX/>
            </Extensions>
          </Trackpoint>
          <Trackpoint>
            <Time>2026-04-29T05:24:21.000Z</Time>
            <DistanceMeters>0.0</DistanceMeters>
            <HeartRateBpm>
              <Value>91</Value>
            </HeartRateBpm>
            <Extensions>
              <ns3:TPX/>
            </Extensions>
          </Trackpoint>
          <Trackpoint>
            <Time>2026-04-29T05:24:23.000Z</Time>
            <DistanceMeters>0.0</DistanceMeters>
            <HeartRateBpm>
              <Value>90</Value>
            </HeartRateBpm>
            <Extensions>
              <ns3:TPX/>
            </Extensions>
          </Trackpoint>
          <Trackpoint>
            <Time>2026-04-29T05:24:24.000Z</Time>
            <DistanceMeters>0.0</DistanceMeters>
            <HeartRateBpm>
              <Value>90</Value>
            </HeartRateBpm>
            <Extensions>
              <ns3:TPX/>
            </Extensions>
          </Trackpoint>
          <Trackpoint>
            <Time>2026-04-29T05:24:27.000Z</Time>
            <DistanceMeters>0.0</DistanceMeters>
            <HeartRateBpm>
              <Value>91</Value>
            </HeartRateBpm>
            <Extensions>
              <ns3:TPX/>
            </Extensions>
          </Trackpoint>
          <Trackpoint>
            <Time>2026-04-29T05:24:29.000Z</Time>
            <DistanceMeters>0.0</DistanceMeters>
            <HeartRateBpm>
              <Value>92</Value>
            </HeartRateBpm>
            <Extensions>
              <ns3:TPX/>
            </Extensions>
          </Trackpoint>
          <Trackpoint>
            <Time>2026-04-29T05:24:31.000Z</Time>
            <DistanceMeters>0.0</DistanceMeters>
            <HeartRateBpm>
              <Value>92</Value>
            </HeartRateBpm>
            <Extensions>
              <ns3:TPX/>
            </Extensions>
          </Trackpoint>
          <Trackpoint>
            <Time>2026-04-29T05:24:32.000Z</Time>
            <DistanceMeters>0.0</DistanceMeters>
            <HeartRateBpm>
              <Value>93</Value>
            </HeartRateBpm>
            <Extensions>
              <ns3:TPX/>
            </Extensions>
          </Trackpoint>
          <Trackpoint>
            <Time>2026-04-29T05:24:35.000Z</Time>
            <DistanceMeters>0.0</DistanceMeters>
            <HeartRateBpm>
              <Value>92</Value>
            </HeartRateBpm>
            <Extensions>
              <ns3:TPX/>
            </Extensions>
          </Trackpoint>
          <Trackpoint>
            <Time>2026-04-29T05:24:37.000Z</Time>
            <DistanceMeters>0.0</DistanceMeters>
            <HeartRateBpm>
              <Value>91</Value>
            </HeartRateBpm>
            <Extensions>
              <ns3:TPX/>
            </Extensions>
          </Trackpoint>
          <Trackpoint>
            <Time>2026-04-29T05:24:38.000Z</Time>
            <DistanceMeters>0.0</DistanceMeters>
            <HeartRateBpm>
              <Value>89</Value>
            </HeartRateBpm>
            <Extensions>
              <ns3:TPX/>
            </Extensions>
          </Trackpoint>
          <Trackpoint>
            <Time>2026-04-29T05:24:39.000Z</Time>
            <DistanceMeters>0.0</DistanceMeters>
            <HeartRateBpm>
              <Value>88</Value>
            </HeartRateBpm>
            <Extensions>
              <ns3:TPX/>
            </Extensions>
          </Trackpoint>
          <Trackpoint>
            <Time>2026-04-29T05:24:40.000Z</Time>
            <DistanceMeters>0.0</DistanceMeters>
            <HeartRateBpm>
              <Value>87</Value>
            </HeartRateBpm>
            <Extensions>
              <ns3:TPX/>
            </Extensions>
          </Trackpoint>
          <Trackpoint>
            <Time>2026-04-29T05:24:41.000Z</Time>
            <DistanceMeters>0.0</DistanceMeters>
            <HeartRateBpm>
              <Value>88</Value>
            </HeartRateBpm>
            <Extensions>
              <ns3:TPX/>
            </Extensions>
          </Trackpoint>
          <Trackpoint>
            <Time>2026-04-29T05:24:42.000Z</Time>
            <DistanceMeters>0.0</DistanceMeters>
            <HeartRateBpm>
              <Value>86</Value>
            </HeartRateBpm>
            <Extensions>
              <ns3:TPX/>
            </Extensions>
          </Trackpoint>
          <Trackpoint>
            <Time>2026-04-29T05:24:43.000Z</Time>
            <DistanceMeters>0.0</DistanceMeters>
            <HeartRateBpm>
              <Value>87</Value>
            </HeartRateBpm>
            <Extensions>
              <ns3:TPX/>
            </Extensions>
          </Trackpoint>
          <Trackpoint>
            <Time>2026-04-29T05:24:46.000Z</Time>
            <DistanceMeters>0.0</DistanceMeters>
            <HeartRateBpm>
              <Value>86</Value>
            </HeartRateBpm>
            <Extensions>
              <ns3:TPX/>
            </Extensions>
          </Trackpoint>
          <Trackpoint>
            <Time>2026-04-29T05:24:47.000Z</Time>
            <DistanceMeters>0.0</DistanceMeters>
            <HeartRateBpm>
              <Value>85</Value>
            </HeartRateBpm>
            <Extensions>
              <ns3:TPX/>
            </Extensions>
          </Trackpoint>
          <Trackpoint>
            <Time>2026-04-29T05:25:17.000Z</Time>
            <DistanceMeters>0.0</DistanceMeters>
            <HeartRateBpm>
              <Value>86</Value>
            </HeartRateBpm>
            <Extensions>
              <ns3:TPX/>
            </Extensions>
          </Trackpoint>
          <Trackpoint>
            <Time>2026-04-29T05:25:23.000Z</Time>
            <DistanceMeters>0.0</DistanceMeters>
            <HeartRateBpm>
              <Value>87</Value>
            </HeartRateBpm>
            <Extensions>
              <ns3:TPX/>
            </Extensions>
          </Trackpoint>
          <Trackpoint>
            <Time>2026-04-29T05:25:29.000Z</Time>
            <DistanceMeters>0.0</DistanceMeters>
            <HeartRateBpm>
              <Value>88</Value>
            </HeartRateBpm>
            <Extensions>
              <ns3:TPX/>
            </Extensions>
          </Trackpoint>
          <Trackpoint>
            <Time>2026-04-29T05:25:32.000Z</Time>
            <DistanceMeters>0.0</DistanceMeters>
            <HeartRateBpm>
              <Value>89</Value>
            </HeartRateBpm>
            <Extensions>
              <ns3:TPX/>
            </Extensions>
          </Trackpoint>
          <Trackpoint>
            <Time>2026-04-29T05:25:34.000Z</Time>
            <DistanceMeters>0.0</DistanceMeters>
            <HeartRateBpm>
              <Value>91</Value>
            </HeartRateBpm>
            <Extensions>
              <ns3:TPX/>
            </Extensions>
          </Trackpoint>
          <Trackpoint>
            <Time>2026-04-29T05:25:35.000Z</Time>
            <DistanceMeters>0.0</DistanceMeters>
            <HeartRateBpm>
              <Value>92</Value>
            </HeartRateBpm>
            <Extensions>
              <ns3:TPX/>
            </Extensions>
          </Trackpoint>
          <Trackpoint>
            <Time>2026-04-29T05:25:36.000Z</Time>
            <DistanceMeters>0.0</DistanceMeters>
            <HeartRateBpm>
              <Value>94</Value>
            </HeartRateBpm>
            <Extensions>
              <ns3:TPX/>
            </Extensions>
          </Trackpoint>
          <Trackpoint>
            <Time>2026-04-29T05:25:37.000Z</Time>
            <DistanceMeters>0.0</DistanceMeters>
            <HeartRateBpm>
              <Value>94</Value>
            </HeartRateBpm>
            <Extensions>
              <ns3:TPX/>
            </Extensions>
          </Trackpoint>
          <Trackpoint>
            <Time>2026-04-29T05:25:38.000Z</Time>
            <DistanceMeters>0.0</DistanceMeters>
            <HeartRateBpm>
              <Value>96</Value>
            </HeartRateBpm>
            <Extensions>
              <ns3:TPX/>
            </Extensions>
          </Trackpoint>
          <Trackpoint>
            <Time>2026-04-29T05:25:39.000Z</Time>
            <DistanceMeters>0.0</DistanceMeters>
            <HeartRateBpm>
              <Value>97</Value>
            </HeartRateBpm>
            <Extensions>
              <ns3:TPX/>
            </Extensions>
          </Trackpoint>
          <Trackpoint>
            <Time>2026-04-29T05:25:40.000Z</Time>
            <DistanceMeters>0.0</DistanceMeters>
            <HeartRateBpm>
              <Value>98</Value>
            </HeartRateBpm>
            <Extensions>
              <ns3:TPX/>
            </Extensions>
          </Trackpoint>
          <Trackpoint>
            <Time>2026-04-29T05:25:41.000Z</Time>
            <DistanceMeters>0.0</DistanceMeters>
            <HeartRateBpm>
              <Value>99</Value>
            </HeartRateBpm>
            <Extensions>
              <ns3:TPX/>
            </Extensions>
          </Trackpoint>
          <Trackpoint>
            <Time>2026-04-29T05:25:43.000Z</Time>
            <DistanceMeters>0.0</DistanceMeters>
            <HeartRateBpm>
              <Value>98</Value>
            </HeartRateBpm>
            <Extensions>
              <ns3:TPX/>
            </Extensions>
          </Trackpoint>
          <Trackpoint>
            <Time>2026-04-29T05:25:44.000Z</Time>
            <DistanceMeters>0.0</DistanceMeters>
            <HeartRateBpm>
              <Value>96</Value>
            </HeartRateBpm>
            <Extensions>
              <ns3:TPX/>
            </Extensions>
          </Trackpoint>
          <Trackpoint>
            <Time>2026-04-29T05:25:46.000Z</Time>
            <DistanceMeters>0.0</DistanceMeters>
            <HeartRateBpm>
              <Value>89</Value>
            </HeartRateBpm>
            <Extensions>
              <ns3:TPX/>
            </Extensions>
          </Trackpoint>
          <Trackpoint>
            <Time>2026-04-29T05:25:47.000Z</Time>
            <DistanceMeters>0.0</DistanceMeters>
            <HeartRateBpm>
              <Value>89</Value>
            </HeartRateBpm>
            <Extensions>
              <ns3:TPX/>
            </Extensions>
          </Trackpoint>
          <Trackpoint>
            <Time>2026-04-29T05:25:48.000Z</Time>
            <DistanceMeters>0.0</DistanceMeters>
            <HeartRateBpm>
              <Value>86</Value>
            </HeartRateBpm>
            <Extensions>
              <ns3:TPX/>
            </Extensions>
          </Trackpoint>
          <Trackpoint>
            <Time>2026-04-29T05:25:55.000Z</Time>
            <DistanceMeters>0.0</DistanceMeters>
            <HeartRateBpm>
              <Value>87</Value>
            </HeartRateBpm>
            <Extensions>
              <ns3:TPX/>
            </Extensions>
          </Trackpoint>
          <Trackpoint>
            <Time>2026-04-29T05:25:57.000Z</Time>
            <DistanceMeters>0.0</DistanceMeters>
            <HeartRateBpm>
              <Value>88</Value>
            </HeartRateBpm>
            <Extensions>
              <ns3:TPX/>
            </Extensions>
          </Trackpoint>
          <Trackpoint>
            <Time>2026-04-29T05:25:58.000Z</Time>
            <DistanceMeters>0.0</DistanceMeters>
            <HeartRateBpm>
              <Value>89</Value>
            </HeartRateBpm>
            <Extensions>
              <ns3:TPX/>
            </Extensions>
          </Trackpoint>
          <Trackpoint>
            <Time>2026-04-29T05:26:02.000Z</Time>
            <DistanceMeters>0.0</DistanceMeters>
            <HeartRateBpm>
              <Value>87</Value>
            </HeartRateBpm>
            <Extensions>
              <ns3:TPX/>
            </Extensions>
          </Trackpoint>
          <Trackpoint>
            <Time>2026-04-29T05:26:03.000Z</Time>
            <DistanceMeters>0.0</DistanceMeters>
            <HeartRateBpm>
              <Value>84</Value>
            </HeartRateBpm>
            <Extensions>
              <ns3:TPX/>
            </Extensions>
          </Trackpoint>
          <Trackpoint>
            <Time>2026-04-29T05:26:04.000Z</Time>
            <DistanceMeters>0.0</DistanceMeters>
            <HeartRateBpm>
              <Value>83</Value>
            </HeartRateBpm>
            <Extensions>
              <ns3:TPX/>
            </Extensions>
          </Trackpoint>
          <Trackpoint>
            <Time>2026-04-29T05:26:05.000Z</Time>
            <DistanceMeters>0.0</DistanceMeters>
            <HeartRateBpm>
              <Value>82</Value>
            </HeartRateBpm>
            <Extensions>
              <ns3:TPX/>
            </Extensions>
          </Trackpoint>
          <Trackpoint>
            <Time>2026-04-29T05:26:06.000Z</Time>
            <DistanceMeters>0.0</DistanceMeters>
            <HeartRateBpm>
              <Value>81</Value>
            </HeartRateBpm>
            <Extensions>
              <ns3:TPX/>
            </Extensions>
          </Trackpoint>
          <Trackpoint>
            <Time>2026-04-29T05:26:07.000Z</Time>
            <DistanceMeters>0.0</DistanceMeters>
            <HeartRateBpm>
              <Value>82</Value>
            </HeartRateBpm>
            <Extensions>
              <ns3:TPX/>
            </Extensions>
          </Trackpoint>
          <Trackpoint>
            <Time>2026-04-29T05:26:11.000Z</Time>
            <DistanceMeters>0.0</DistanceMeters>
            <HeartRateBpm>
              <Value>81</Value>
            </HeartRateBpm>
            <Extensions>
              <ns3:TPX/>
            </Extensions>
          </Trackpoint>
          <Trackpoint>
            <Time>2026-04-29T05:26:26.000Z</Time>
            <DistanceMeters>0.0</DistanceMeters>
            <HeartRateBpm>
              <Value>82</Value>
            </HeartRateBpm>
            <Extensions>
              <ns3:TPX/>
            </Extensions>
          </Trackpoint>
          <Trackpoint>
            <Time>2026-04-29T05:26:29.000Z</Time>
            <DistanceMeters>0.0</DistanceMeters>
            <HeartRateBpm>
              <Value>81</Value>
            </HeartRateBpm>
            <Extensions>
              <ns3:TPX/>
            </Extensions>
          </Trackpoint>
          <Trackpoint>
            <Time>2026-04-29T05:26:32.000Z</Time>
            <DistanceMeters>0.0</DistanceMeters>
            <HeartRateBpm>
              <Value>80</Value>
            </HeartRateBpm>
            <Extensions>
              <ns3:TPX/>
            </Extensions>
          </Trackpoint>
          <Trackpoint>
            <Time>2026-04-29T05:26:35.000Z</Time>
            <DistanceMeters>0.0</DistanceMeters>
            <HeartRateBpm>
              <Value>81</Value>
            </HeartRateBpm>
            <Extensions>
              <ns3:TPX/>
            </Extensions>
          </Trackpoint>
          <Trackpoint>
            <Time>2026-04-29T05:26:37.000Z</Time>
            <DistanceMeters>0.0</DistanceMeters>
            <HeartRateBpm>
              <Value>85</Value>
            </HeartRateBpm>
            <Extensions>
              <ns3:TPX/>
            </Extensions>
          </Trackpoint>
          <Trackpoint>
            <Time>2026-04-29T05:26:38.000Z</Time>
            <DistanceMeters>0.0</DistanceMeters>
            <HeartRateBpm>
              <Value>83</Value>
            </HeartRateBpm>
            <Extensions>
              <ns3:TPX/>
            </Extensions>
          </Trackpoint>
          <Trackpoint>
            <Time>2026-04-29T05:26:39.000Z</Time>
            <DistanceMeters>0.0</DistanceMeters>
            <HeartRateBpm>
              <Value>85</Value>
            </HeartRateBpm>
            <Extensions>
              <ns3:TPX/>
            </Extensions>
          </Trackpoint>
          <Trackpoint>
            <Time>2026-04-29T05:26:40.000Z</Time>
            <DistanceMeters>0.0</DistanceMeters>
            <HeartRateBpm>
              <Value>86</Value>
            </HeartRateBpm>
            <Extensions>
              <ns3:TPX/>
            </Extensions>
          </Trackpoint>
          <Trackpoint>
            <Time>2026-04-29T05:26:41.000Z</Time>
            <DistanceMeters>0.0</DistanceMeters>
            <HeartRateBpm>
              <Value>87</Value>
            </HeartRateBpm>
            <Extensions>
              <ns3:TPX/>
            </Extensions>
          </Trackpoint>
          <Trackpoint>
            <Time>2026-04-29T05:26:43.000Z</Time>
            <DistanceMeters>0.0</DistanceMeters>
            <HeartRateBpm>
              <Value>85</Value>
            </HeartRateBpm>
            <Extensions>
              <ns3:TPX/>
            </Extensions>
          </Trackpoint>
          <Trackpoint>
            <Time>2026-04-29T05:26:44.000Z</Time>
            <DistanceMeters>0.0</DistanceMeters>
            <HeartRateBpm>
              <Value>82</Value>
            </HeartRateBpm>
            <Extensions>
              <ns3:TPX/>
            </Extensions>
          </Trackpoint>
          <Trackpoint>
            <Time>2026-04-29T05:26:45.000Z</Time>
            <DistanceMeters>0.0</DistanceMeters>
            <HeartRateBpm>
              <Value>79</Value>
            </HeartRateBpm>
            <Extensions>
              <ns3:TPX/>
            </Extensions>
          </Trackpoint>
          <Trackpoint>
            <Time>2026-04-29T05:26:46.000Z</Time>
            <DistanceMeters>0.0</DistanceMeters>
            <HeartRateBpm>
              <Value>80</Value>
            </HeartRateBpm>
            <Extensions>
              <ns3:TPX/>
            </Extensions>
          </Trackpoint>
          <Trackpoint>
            <Time>2026-04-29T05:26:47.000Z</Time>
            <DistanceMeters>0.0</DistanceMeters>
            <HeartRateBpm>
              <Value>82</Value>
            </HeartRateBpm>
            <Extensions>
              <ns3:TPX/>
            </Extensions>
          </Trackpoint>
          <Trackpoint>
            <Time>2026-04-29T05:26:48.000Z</Time>
            <DistanceMeters>0.0</DistanceMeters>
            <HeartRateBpm>
              <Value>81</Value>
            </HeartRateBpm>
            <Extensions>
              <ns3:TPX/>
            </Extensions>
          </Trackpoint>
          <Trackpoint>
            <Time>2026-04-29T05:26:51.000Z</Time>
            <DistanceMeters>0.0</DistanceMeters>
            <HeartRateBpm>
              <Value>82</Value>
            </HeartRateBpm>
            <Extensions>
              <ns3:TPX/>
            </Extensions>
          </Trackpoint>
          <Trackpoint>
            <Time>2026-04-29T05:26:52.000Z</Time>
            <DistanceMeters>0.0</DistanceMeters>
            <HeartRateBpm>
              <Value>84</Value>
            </HeartRateBpm>
            <Extensions>
              <ns3:TPX/>
            </Extensions>
          </Trackpoint>
          <Trackpoint>
            <Time>2026-04-29T05:26:53.000Z</Time>
            <DistanceMeters>0.0</DistanceMeters>
            <HeartRateBpm>
              <Value>86</Value>
            </HeartRateBpm>
            <Extensions>
              <ns3:TPX/>
            </Extensions>
          </Trackpoint>
          <Trackpoint>
            <Time>2026-04-29T05:26:54.000Z</Time>
            <DistanceMeters>0.0</DistanceMeters>
            <HeartRateBpm>
              <Value>92</Value>
            </HeartRateBpm>
            <Extensions>
              <ns3:TPX/>
            </Extensions>
          </Trackpoint>
          <Trackpoint>
            <Time>2026-04-29T05:26:55.000Z</Time>
            <DistanceMeters>0.0</DistanceMeters>
            <HeartRateBpm>
              <Value>91</Value>
            </HeartRateBpm>
            <Extensions>
              <ns3:TPX/>
            </Extensions>
          </Trackpoint>
          <Trackpoint>
            <Time>2026-04-29T05:26:57.000Z</Time>
            <DistanceMeters>0.0</DistanceMeters>
            <HeartRateBpm>
              <Value>92</Value>
            </HeartRateBpm>
            <Extensions>
              <ns3:TPX/>
            </Extensions>
          </Trackpoint>
          <Trackpoint>
            <Time>2026-04-29T05:26:58.000Z</Time>
            <DistanceMeters>0.0</DistanceMeters>
            <HeartRateBpm>
              <Value>90</Value>
            </HeartRateBpm>
            <Extensions>
              <ns3:TPX/>
            </Extensions>
          </Trackpoint>
          <Trackpoint>
            <Time>2026-04-29T05:26:59.000Z</Time>
            <DistanceMeters>0.0</DistanceMeters>
            <HeartRateBpm>
              <Value>89</Value>
            </HeartRateBpm>
            <Extensions>
              <ns3:TPX/>
            </Extensions>
          </Trackpoint>
          <Trackpoint>
            <Time>2026-04-29T05:27:01.000Z</Time>
            <DistanceMeters>0.0</DistanceMeters>
            <HeartRateBpm>
              <Value>87</Value>
            </HeartRateBpm>
            <Extensions>
              <ns3:TPX/>
            </Extensions>
          </Trackpoint>
          <Trackpoint>
            <Time>2026-04-29T05:27:02.000Z</Time>
            <DistanceMeters>0.0</DistanceMeters>
            <HeartRateBpm>
              <Value>89</Value>
            </HeartRateBpm>
            <Extensions>
              <ns3:TPX/>
            </Extensions>
          </Trackpoint>
          <Trackpoint>
            <Time>2026-04-29T05:27:03.000Z</Time>
            <DistanceMeters>0.0</DistanceMeters>
            <HeartRateBpm>
              <Value>85</Value>
            </HeartRateBpm>
            <Extensions>
              <ns3:TPX/>
            </Extensions>
          </Trackpoint>
          <Trackpoint>
            <Time>2026-04-29T05:27:05.000Z</Time>
            <DistanceMeters>0.0</DistanceMeters>
            <HeartRateBpm>
              <Value>86</Value>
            </HeartRateBpm>
            <Extensions>
              <ns3:TPX/>
            </Extensions>
          </Trackpoint>
          <Trackpoint>
            <Time>2026-04-29T05:27:06.000Z</Time>
            <DistanceMeters>0.0</DistanceMeters>
            <HeartRateBpm>
              <Value>84</Value>
            </HeartRateBpm>
            <Extensions>
              <ns3:TPX/>
            </Extensions>
          </Trackpoint>
          <Trackpoint>
            <Time>2026-04-29T05:27:07.000Z</Time>
            <DistanceMeters>0.0</DistanceMeters>
            <HeartRateBpm>
              <Value>83</Value>
            </HeartRateBpm>
            <Extensions>
              <ns3:TPX/>
            </Extensions>
          </Trackpoint>
          <Trackpoint>
            <Time>2026-04-29T05:27:08.000Z</Time>
            <DistanceMeters>0.0</DistanceMeters>
            <HeartRateBpm>
              <Value>81</Value>
            </HeartRateBpm>
            <Extensions>
              <ns3:TPX/>
            </Extensions>
          </Trackpoint>
          <Trackpoint>
            <Time>2026-04-29T05:27:09.000Z</Time>
            <DistanceMeters>0.0</DistanceMeters>
            <HeartRateBpm>
              <Value>80</Value>
            </HeartRateBpm>
            <Extensions>
              <ns3:TPX/>
            </Extensions>
          </Trackpoint>
          <Trackpoint>
            <Time>2026-04-29T05:27:10.000Z</Time>
            <DistanceMeters>0.0</DistanceMeters>
            <HeartRateBpm>
              <Value>79</Value>
            </HeartRateBpm>
            <Extensions>
              <ns3:TPX/>
            </Extensions>
          </Trackpoint>
          <Trackpoint>
            <Time>2026-04-29T05:27:12.000Z</Time>
            <DistanceMeters>0.0</DistanceMeters>
            <HeartRateBpm>
              <Value>78</Value>
            </HeartRateBpm>
            <Extensions>
              <ns3:TPX/>
            </Extensions>
          </Trackpoint>
          <Trackpoint>
            <Time>2026-04-29T05:27:14.000Z</Time>
            <DistanceMeters>0.0</DistanceMeters>
            <HeartRateBpm>
              <Value>77</Value>
            </HeartRateBpm>
            <Extensions>
              <ns3:TPX/>
            </Extensions>
          </Trackpoint>
          <Trackpoint>
            <Time>2026-04-29T05:27:15.000Z</Time>
            <DistanceMeters>0.0</DistanceMeters>
            <HeartRateBpm>
              <Value>78</Value>
            </HeartRateBpm>
            <Extensions>
              <ns3:TPX/>
            </Extensions>
          </Trackpoint>
          <Trackpoint>
            <Time>2026-04-29T05:27:17.000Z</Time>
            <DistanceMeters>0.0</DistanceMeters>
            <HeartRateBpm>
              <Value>80</Value>
            </HeartRateBpm>
            <Extensions>
              <ns3:TPX/>
            </Extensions>
          </Trackpoint>
          <Trackpoint>
            <Time>2026-04-29T05:27:18.000Z</Time>
            <DistanceMeters>0.0</DistanceMeters>
            <HeartRateBpm>
              <Value>79</Value>
            </HeartRateBpm>
            <Extensions>
              <ns3:TPX/>
            </Extensions>
          </Trackpoint>
          <Trackpoint>
            <Time>2026-04-29T05:27:20.000Z</Time>
            <DistanceMeters>0.0</DistanceMeters>
            <HeartRateBpm>
              <Value>78</Value>
            </HeartRateBpm>
            <Extensions>
              <ns3:TPX/>
            </Extensions>
          </Trackpoint>
          <Trackpoint>
            <Time>2026-04-29T05:27:27.000Z</Time>
            <DistanceMeters>0.0</DistanceMeters>
            <HeartRateBpm>
              <Value>77</Value>
            </HeartRateBpm>
            <Extensions>
              <ns3:TPX/>
            </Extensions>
          </Trackpoint>
          <Trackpoint>
            <Time>2026-04-29T05:27:30.000Z</Time>
            <DistanceMeters>0.0</DistanceMeters>
            <HeartRateBpm>
              <Value>75</Value>
            </HeartRateBpm>
            <Extensions>
              <ns3:TPX/>
            </Extensions>
          </Trackpoint>
          <Trackpoint>
            <Time>2026-04-29T05:27:32.000Z</Time>
            <DistanceMeters>0.0</DistanceMeters>
            <HeartRateBpm>
              <Value>74</Value>
            </HeartRateBpm>
            <Extensions>
              <ns3:TPX/>
            </Extensions>
          </Trackpoint>
          <Trackpoint>
            <Time>2026-04-29T05:27:38.000Z</Time>
            <DistanceMeters>0.0</DistanceMeters>
            <HeartRateBpm>
              <Value>76</Value>
            </HeartRateBpm>
            <Extensions>
              <ns3:TPX/>
            </Extensions>
          </Trackpoint>
          <Trackpoint>
            <Time>2026-04-29T05:27:40.000Z</Time>
            <DistanceMeters>0.0</DistanceMeters>
            <HeartRateBpm>
              <Value>74</Value>
            </HeartRateBpm>
            <Extensions>
              <ns3:TPX/>
            </Extensions>
          </Trackpoint>
          <Trackpoint>
            <Time>2026-04-29T05:27:42.000Z</Time>
            <DistanceMeters>0.0</DistanceMeters>
            <HeartRateBpm>
              <Value>73</Value>
            </HeartRateBpm>
            <Extensions>
              <ns3:TPX/>
            </Extensions>
          </Trackpoint>
          <Trackpoint>
            <Time>2026-04-29T05:27:43.000Z</Time>
            <DistanceMeters>0.0</DistanceMeters>
            <HeartRateBpm>
              <Value>72</Value>
            </HeartRateBpm>
            <Extensions>
              <ns3:TPX/>
            </Extensions>
          </Trackpoint>
          <Trackpoint>
            <Time>2026-04-29T05:27:44.000Z</Time>
            <DistanceMeters>0.0</DistanceMeters>
            <HeartRateBpm>
              <Value>73</Value>
            </HeartRateBpm>
            <Extensions>
              <ns3:TPX/>
            </Extensions>
          </Trackpoint>
          <Trackpoint>
            <Time>2026-04-29T05:27:51.000Z</Time>
            <DistanceMeters>0.0</DistanceMeters>
            <HeartRateBpm>
              <Value>72</Value>
            </HeartRateBpm>
            <Extensions>
              <ns3:TPX/>
            </Extensions>
          </Trackpoint>
          <Trackpoint>
            <Time>2026-04-29T05:27:52.000Z</Time>
            <DistanceMeters>0.0</DistanceMeters>
            <HeartRateBpm>
              <Value>73</Value>
            </HeartRateBpm>
            <Extensions>
              <ns3:TPX/>
            </Extensions>
          </Trackpoint>
          <Trackpoint>
            <Time>2026-04-29T05:27:55.000Z</Time>
            <DistanceMeters>0.0</DistanceMeters>
            <HeartRateBpm>
              <Value>75</Value>
            </HeartRateBpm>
            <Extensions>
              <ns3:TPX/>
            </Extensions>
          </Trackpoint>
          <Trackpoint>
            <Time>2026-04-29T05:27:56.000Z</Time>
            <DistanceMeters>0.0</DistanceMeters>
            <HeartRateBpm>
              <Value>74</Value>
            </HeartRateBpm>
            <Extensions>
              <ns3:TPX/>
            </Extensions>
          </Trackpoint>
          <Trackpoint>
            <Time>2026-04-29T05:27:57.000Z</Time>
            <DistanceMeters>0.0</DistanceMeters>
            <HeartRateBpm>
              <Value>76</Value>
            </HeartRateBpm>
            <Extensions>
              <ns3:TPX/>
            </Extensions>
          </Trackpoint>
          <Trackpoint>
            <Time>2026-04-29T05:27:58.000Z</Time>
            <DistanceMeters>0.0</DistanceMeters>
            <HeartRateBpm>
              <Value>74</Value>
            </HeartRateBpm>
            <Extensions>
              <ns3:TPX/>
            </Extensions>
          </Trackpoint>
          <Trackpoint>
            <Time>2026-04-29T05:28:00.000Z</Time>
            <DistanceMeters>0.0</DistanceMeters>
            <HeartRateBpm>
              <Value>75</Value>
            </HeartRateBpm>
            <Extensions>
              <ns3:TPX/>
            </Extensions>
          </Trackpoint>
          <Trackpoint>
            <Time>2026-04-29T05:28:01.000Z</Time>
            <DistanceMeters>0.0</DistanceMeters>
            <HeartRateBpm>
              <Value>73</Value>
            </HeartRateBpm>
            <Extensions>
              <ns3:TPX/>
            </Extensions>
          </Trackpoint>
          <Trackpoint>
            <Time>2026-04-29T05:28:04.000Z</Time>
            <DistanceMeters>0.0</DistanceMeters>
            <HeartRateBpm>
              <Value>76</Value>
            </HeartRateBpm>
            <Extensions>
              <ns3:TPX/>
            </Extensions>
          </Trackpoint>
          <Trackpoint>
            <Time>2026-04-29T05:28:05.000Z</Time>
            <DistanceMeters>0.0</DistanceMeters>
            <HeartRateBpm>
              <Value>74</Value>
            </HeartRateBpm>
            <Extensions>
              <ns3:TPX/>
            </Extensions>
          </Trackpoint>
          <Trackpoint>
            <Time>2026-04-29T05:28:06.000Z</Time>
            <DistanceMeters>0.0</DistanceMeters>
            <HeartRateBpm>
              <Value>75</Value>
            </HeartRateBpm>
            <Extensions>
              <ns3:TPX/>
            </Extensions>
          </Trackpoint>
          <Trackpoint>
            <Time>2026-04-29T05:28:08.000Z</Time>
            <DistanceMeters>0.0</DistanceMeters>
            <HeartRateBpm>
              <Value>74</Value>
            </HeartRateBpm>
            <Extensions>
              <ns3:TPX/>
            </Extensions>
          </Trackpoint>
          <Trackpoint>
            <Time>2026-04-29T05:28:09.000Z</Time>
            <DistanceMeters>0.0</DistanceMeters>
            <HeartRateBpm>
              <Value>75</Value>
            </HeartRateBpm>
            <Extensions>
              <ns3:TPX/>
            </Extensions>
          </Trackpoint>
          <Trackpoint>
            <Time>2026-04-29T05:28:12.000Z</Time>
            <DistanceMeters>0.0</DistanceMeters>
            <HeartRateBpm>
              <Value>76</Value>
            </HeartRateBpm>
            <Extensions>
              <ns3:TPX/>
            </Extensions>
          </Trackpoint>
          <Trackpoint>
            <Time>2026-04-29T05:28:20.000Z</Time>
            <DistanceMeters>0.0</DistanceMeters>
            <HeartRateBpm>
              <Value>74</Value>
            </HeartRateBpm>
            <Extensions>
              <ns3:TPX/>
            </Extensions>
          </Trackpoint>
          <Trackpoint>
            <Time>2026-04-29T05:28:24.000Z</Time>
            <DistanceMeters>0.0</DistanceMeters>
            <HeartRateBpm>
              <Value>73</Value>
            </HeartRateBpm>
            <Extensions>
              <ns3:TPX/>
            </Extensions>
          </Trackpoint>
          <Trackpoint>
            <Time>2026-04-29T05:28:30.000Z</Time>
            <DistanceMeters>0.0</DistanceMeters>
            <HeartRateBpm>
              <Value>74</Value>
            </HeartRateBpm>
            <Extensions>
              <ns3:TPX/>
            </Extensions>
          </Trackpoint>
          <Trackpoint>
            <Time>2026-04-29T05:28:44.000Z</Time>
            <DistanceMeters>0.0</DistanceMeters>
            <HeartRateBpm>
              <Value>73</Value>
            </HeartRateBpm>
            <Extensions>
              <ns3:TPX/>
            </Extensions>
          </Trackpoint>
          <Trackpoint>
            <Time>2026-04-29T05:28:45.000Z</Time>
            <DistanceMeters>0.0</DistanceMeters>
            <HeartRateBpm>
              <Value>72</Value>
            </HeartRateBpm>
            <Extensions>
              <ns3:TPX/>
            </Extensions>
          </Trackpoint>
          <Trackpoint>
            <Time>2026-04-29T05:28:48.000Z</Time>
            <DistanceMeters>0.0</DistanceMeters>
            <HeartRateBpm>
              <Value>73</Value>
            </HeartRateBpm>
            <Extensions>
              <ns3:TPX/>
            </Extensions>
          </Trackpoint>
          <Trackpoint>
            <Time>2026-04-29T05:28:49.000Z</Time>
            <DistanceMeters>0.0</DistanceMeters>
            <HeartRateBpm>
              <Value>74</Value>
            </HeartRateBpm>
            <Extensions>
              <ns3:TPX/>
            </Extensions>
          </Trackpoint>
          <Trackpoint>
            <Time>2026-04-29T05:28:50.000Z</Time>
            <DistanceMeters>0.0</DistanceMeters>
            <HeartRateBpm>
              <Value>73</Value>
            </HeartRateBpm>
            <Extensions>
              <ns3:TPX/>
            </Extensions>
          </Trackpoint>
          <Trackpoint>
            <Time>2026-04-29T05:28:55.000Z</Time>
            <DistanceMeters>0.0</DistanceMeters>
            <HeartRateBpm>
              <Value>74</Value>
            </HeartRateBpm>
            <Extensions>
              <ns3:TPX/>
            </Extensions>
          </Trackpoint>
          <Trackpoint>
            <Time>2026-04-29T05:28:56.000Z</Time>
            <DistanceMeters>0.0</DistanceMeters>
            <HeartRateBpm>
              <Value>73</Value>
            </HeartRateBpm>
            <Extensions>
              <ns3:TPX/>
            </Extensions>
          </Trackpoint>
          <Trackpoint>
            <Time>2026-04-29T05:28:57.000Z</Time>
            <DistanceMeters>0.0</DistanceMeters>
            <HeartRateBpm>
              <Value>74</Value>
            </HeartRateBpm>
            <Extensions>
              <ns3:TPX/>
            </Extensions>
          </Trackpoint>
          <Trackpoint>
            <Time>2026-04-29T05:28:58.000Z</Time>
            <DistanceMeters>0.0</DistanceMeters>
            <HeartRateBpm>
              <Value>73</Value>
            </HeartRateBpm>
            <Extensions>
              <ns3:TPX/>
            </Extensions>
          </Trackpoint>
          <Trackpoint>
            <Time>2026-04-29T05:28:59.000Z</Time>
            <DistanceMeters>0.0</DistanceMeters>
            <HeartRateBpm>
              <Value>74</Value>
            </HeartRateBpm>
            <Extensions>
              <ns3:TPX/>
            </Extensions>
          </Trackpoint>
          <Trackpoint>
            <Time>2026-04-29T05:29:00.000Z</Time>
            <DistanceMeters>0.0</DistanceMeters>
            <HeartRateBpm>
              <Value>73</Value>
            </HeartRateBpm>
            <Extensions>
              <ns3:TPX/>
            </Extensions>
          </Trackpoint>
          <Trackpoint>
            <Time>2026-04-29T05:29:01.000Z</Time>
            <DistanceMeters>0.0</DistanceMeters>
            <HeartRateBpm>
              <Value>74</Value>
            </HeartRateBpm>
            <Extensions>
              <ns3:TPX/>
            </Extensions>
          </Trackpoint>
          <Trackpoint>
            <Time>2026-04-29T05:29:03.000Z</Time>
            <DistanceMeters>0.0</DistanceMeters>
            <HeartRateBpm>
              <Value>73</Value>
            </HeartRateBpm>
            <Extensions>
              <ns3:TPX/>
            </Extensions>
          </Trackpoint>
          <Trackpoint>
            <Time>2026-04-29T05:29:05.000Z</Time>
            <DistanceMeters>0.0</DistanceMeters>
            <HeartRateBpm>
              <Value>72</Value>
            </HeartRateBpm>
            <Extensions>
              <ns3:TPX/>
            </Extensions>
          </Trackpoint>
          <Trackpoint>
            <Time>2026-04-29T05:29:07.000Z</Time>
            <DistanceMeters>0.0</DistanceMeters>
            <HeartRateBpm>
              <Value>71</Value>
            </HeartRateBpm>
            <Extensions>
              <ns3:TPX/>
            </Extensions>
          </Trackpoint>
          <Trackpoint>
            <Time>2026-04-29T05:29:12.000Z</Time>
            <DistanceMeters>0.0</DistanceMeters>
            <HeartRateBpm>
              <Value>72</Value>
            </HeartRateBpm>
            <Extensions>
              <ns3:TPX/>
            </Extensions>
          </Trackpoint>
          <Trackpoint>
            <Time>2026-04-29T05:29:14.000Z</Time>
            <DistanceMeters>0.0</DistanceMeters>
            <HeartRateBpm>
              <Value>73</Value>
            </HeartRateBpm>
            <Extensions>
              <ns3:TPX/>
            </Extensions>
          </Trackpoint>
          <Trackpoint>
            <Time>2026-04-29T05:29:16.000Z</Time>
            <DistanceMeters>0.0</DistanceMeters>
            <HeartRateBpm>
              <Value>76</Value>
            </HeartRateBpm>
            <Extensions>
              <ns3:TPX/>
            </Extensions>
          </Trackpoint>
          <Trackpoint>
            <Time>2026-04-29T05:29:17.000Z</Time>
            <DistanceMeters>0.0</DistanceMeters>
            <HeartRateBpm>
              <Value>73</Value>
            </HeartRateBpm>
            <Extensions>
              <ns3:TPX/>
            </Extensions>
          </Trackpoint>
          <Trackpoint>
            <Time>2026-04-29T05:29:18.000Z</Time>
            <DistanceMeters>0.0</DistanceMeters>
            <HeartRateBpm>
              <Value>72</Value>
            </HeartRateBpm>
            <Extensions>
              <ns3:TPX/>
            </Extensions>
          </Trackpoint>
          <Trackpoint>
            <Time>2026-04-29T05:29:20.000Z</Time>
            <DistanceMeters>0.0</DistanceMeters>
            <HeartRateBpm>
              <Value>74</Value>
            </HeartRateBpm>
            <Extensions>
              <ns3:TPX/>
            </Extensions>
          </Trackpoint>
        </Track>
        <Extensions>
          <ns3:LX/>
        </Extensions>
      </Lap>
      <Creator xsi:type="Device_t">
        <Name>fenix 5X Plus</Name>
        <UnitId>3325297807</UnitId>
        <ProductID>3111</ProductID>
        <Version>
          <VersionMajor>19</VersionMajor>
          <VersionMinor>30</VersionMinor>
          <BuildMajor>0</BuildMajor>
          <BuildMinor>0</BuildMinor>
        </Version>
      </Creator>
    </Activity>
  </Activities>
  <Author xsi:type="Application_t">
    <Name>Connect Api</Name>
    <Build>
      <Version>
        <VersionMajor>26</VersionMajor>
        <VersionMinor>9</VersionMinor>
        <BuildMajor>0</BuildMajor>
        <BuildMinor>0</BuildMinor>
      </Version>
    </Build>
    <LangID>en</LangID>
    <PartNumber>006-D2449-00</PartNumber>
  </Author>
</TrainingCenterDatabase>
