<?xml version="1.0" encoding="UTF-8"?>
<TrainingCenterDatabase
  xsi:schemaLocation="http://www.garmin.com/xmlschemas/TrainingCenterDatabase/v2 http://www.garmin.com/xmlschemas/TrainingCenterDatabasev2.xsd"
  xmlns:ns5="http://www.garmin.com/xmlschemas/ActivityGoals/v1"
  xmlns:ns3="http://www.garmin.com/xmlschemas/ActivityExtension/v2"
  xmlns:ns2="http://www.garmin.com/xmlschemas/UserProfile/v2"
  xmlns="http://www.garmin.com/xmlschemas/TrainingCenterDatabase/v2"
  xmlns:xsi="http://www.w3.org/2001/XMLSchema-instance" xmlns:ns4="http://www.garmin.com/xmlschemas/ProfileExtension/v1">
  <Activities>
    <Activity Sport="Biking">
      <Id>2025-07-25T11:57:40.000Z</Id>
      <Lap StartTime="2025-07-25T11:57:40.000Z">
        <TotalTimeSeconds>1334.947</TotalTimeSeconds>
        <DistanceMeters>9303.84</DistanceMeters>
        <MaximumSpeed>11.32699966430664</MaximumSpeed>
        <Calories>316</Calories>
        <AverageHeartRateBpm>
          <Value>123</Value>
        </AverageHeartRateBpm>
        <MaximumHeartRateBpm>
          <Value>147</Value>
        </MaximumHeartRateBpm>
        <Intensity>Active</Intensity>
        <Cadence>254</Cadence>
        <TriggerMethod>Manual</TriggerMethod>
        <Track>
          <Trackpoint>
            <Time>2025-07-25T11:57:40.000Z</Time>
            <Position>
              <LatitudeDegrees>43.127725487574935</LatitudeDegrees>
              <LongitudeDegrees>-2.5860817451030016</LongitudeDegrees>
            </Position>
            <AltitudeMeters>176.0</AltitudeMeters>
            <DistanceMeters>2.8299999237060547</DistanceMeters>
            <HeartRateBpm>
              <Value>86</Value>
            </HeartRateBpm>
            <Cadence>31</Cadence>
            <Extensions>
              <ns3:TPX>
                <ns3:Speed>2.8369998931884766</ns3:Speed>
                <ns3:Watts>227</ns3:Watts>
              </ns3:TPX>
            </Extensions>
          </Trackpoint>
          <Trackpoint>
            <Time>2025-07-25T11:57:41.000Z</Time>
            <Position>
              <LatitudeDegrees>43.127695228904486</LatitudeDegrees>
              <LongitudeDegrees>-2.586089037358761</LongitudeDegrees>
            </Position>
            <AltitudeMeters>176.0</AltitudeMeters>
            <DistanceMeters>6.039999961853027</DistanceMeters>
            <HeartRateBpm>
              <Value>88</Value>
            </HeartRateBpm>
            <Cadence>35</Cadence>
            <Extensions>
              <ns3:TPX>
                <ns3:Speed>3.2100000381469727</ns3:Speed>
                <ns3:Watts>191</ns3:Watts>
              </ns3:TPX>
            </Extensions>
          </Trackpoint>
          <Trackpoint>
            <Time>2025-07-25T11:57:42.000Z</Time>
            <Position>
              <LatitudeDegrees>43.127661533653736</LatitudeDegrees>
              <LongitudeDegrees>-2.5860955752432346</LongitudeDegrees>
            </Position>
            <AltitudeMeters>176.1999969482422</AltitudeMeters>
            <DistanceMeters>9.760000228881836</DistanceMeters>
            <HeartRateBpm>
              <Value>91</Value>
            </HeartRateBpm>
            <Cadence>42</Cadence>
            <Extensions>
              <ns3:TPX>
                <ns3:Speed>3.7139999866485596</ns3:Speed>
                <ns3:Watts>354</ns3:Watts>
              </ns3:TPX>
            </Extensions>
          </Trackpoint>
          <Trackpoint>
            <Time>2025-07-25T11:57:43.000Z</Time>
            <Position>
              <LatitudeDegrees>43.12762373127043</LatitudeDegrees>
              <LongitudeDegrees>-2.5861020293086767</LongitudeDegrees>
            </Position>
            <AltitudeMeters>176.0</AltitudeMeters>
            <DistanceMeters>13.829999923706055</DistanceMeters>
            <HeartRateBpm>
              <Value>92</Value>
            </HeartRateBpm>
            <Cadence>49</Cadence>
            <Extensions>
              <ns3:TPX>
                <ns3:Speed>4.067999839782715</ns3:Speed>
                <ns3:Watts>237</ns3:Watts>
              </ns3:TPX>
            </Extensions>
          </Trackpoint>
          <Trackpoint>
            <Time>2025-07-25T11:57:44.000Z</Time>
            <Position>
              <LatitudeDegrees>43.127586180344224</LatitudeDegrees>
              <LongitudeDegrees>-2.5861077290028334</LongitudeDegrees>
            </Position>
            <AltitudeMeters>176.60000610351562</AltitudeMeters>
            <DistanceMeters>18.149999618530273</DistanceMeters>
            <HeartRateBpm>
              <Value>93</Value>
            </HeartRateBpm>
            <Cadence>50</Cadence>
            <Extensions>
              <ns3:TPX>
                <ns3:Speed>4.320000171661377</ns3:Speed>
                <ns3:Watts>241</ns3:Watts>
              </ns3:TPX>
            </Extensions>
          </Trackpoint>
          <Trackpoint>
            <Time>2025-07-25T11:57:45.000Z</Time>
            <Position>
              <LatitudeDegrees>43.12754703685641</LatitudeDegrees>
              <LongitudeDegrees>-2.586114937439561</LongitudeDegrees>
            </Position>
            <AltitudeMeters>176.39999389648438</AltitudeMeters>
            <DistanceMeters>22.729999542236328</DistanceMeters>
            <HeartRateBpm>
              <Value>95</Value>
            </HeartRateBpm>
            <Cadence>54</Cadence>
            <Extensions>
              <ns3:TPX>
                <ns3:Speed>4.580999851226807</ns3:Speed>
                <ns3:Watts>257</ns3:Watts>
              </ns3:TPX>
            </Extensions>
          </Trackpoint>
          <Trackpoint>
            <Time>2025-07-25T11:57:46.000Z</Time>
            <Position>
              <LatitudeDegrees>43.127510491758585</LatitudeDegrees>
              <LongitudeDegrees>-2.58612172678113</LongitudeDegrees>
            </Position>
            <AltitudeMeters>176.60000610351562</AltitudeMeters>
            <DistanceMeters>27.34000015258789</DistanceMeters>
            <HeartRateBpm>
              <Value>96</Value>
            </HeartRateBpm>
            <Cadence>59</Cadence>
            <Extensions>
              <ns3:TPX>
                <ns3:Speed>4.61899995803833</ns3:Speed>
                <ns3:Watts>263</ns3:Watts>
              </ns3:TPX>
            </Extensions>
          </Trackpoint>
          <Trackpoint>
            <Time>2025-07-25T11:57:47.000Z</Time>
            <Position>
              <LatitudeDegrees>43.12746866606176</LatitudeDegrees>
              <LongitudeDegrees>-2.586128180846572</LongitudeDegrees>
            </Position>
            <AltitudeMeters>176.60000610351562</AltitudeMeters>
            <DistanceMeters>32.09000015258789</DistanceMeters>
            <HeartRateBpm>
              <Value>97</Value>
            </HeartRateBpm>
            <Cadence>64</Cadence>
            <Extensions>
              <ns3:TPX>
                <ns3:Speed>4.749000072479248</ns3:Speed>
                <ns3:Watts>260</ns3:Watts>
              </ns3:TPX>
            </Extensions>
          </Trackpoint>
          <Trackpoint>
            <Time>2025-07-25T11:57:48.000Z</Time>
            <Position>
              <LatitudeDegrees>43.12742290087044</LatitudeDegrees>
              <LongitudeDegrees>-2.586134299635887</LongitudeDegrees>
            </Position>
            <AltitudeMeters>176.60000610351562</AltitudeMeters>
            <DistanceMeters>37.099998474121094</DistanceMeters>
            <HeartRateBpm>
              <Value>98</Value>
            </HeartRateBpm>
            <Cadence>66</Cadence>
            <Extensions>
              <ns3:TPX>
                <ns3:Speed>5.000999927520752</ns3:Speed>
                <ns3:Watts>253</ns3:Watts>
              </ns3:TPX>
            </Extensions>
          </Trackpoint>
          <Trackpoint>
            <Time>2025-07-25T11:57:49.000Z</Time>
            <Position>
              <LatitudeDegrees>43.127374118193984</LatitudeDegrees>
              <LongitudeDegrees>-2.5861377362161875</LongitudeDegrees>
            </Position>
            <AltitudeMeters>176.60000610351562</AltitudeMeters>
            <DistanceMeters>42.189998626708984</DistanceMeters>
            <HeartRateBpm>
              <Value>99</Value>
            </HeartRateBpm>
            <Cadence>69</Cadence>
            <Extensions>
              <ns3:TPX>
                <ns3:Speed>5.09499979019165</ns3:Speed>
                <ns3:Watts>221</ns3:Watts>
              </ns3:TPX>
            </Extensions>
          </Trackpoint>
          <Trackpoint>
            <Time>2025-07-25T11:57:50.000Z</Time>
            <Position>
              <LatitudeDegrees>43.12732441350818</LatitudeDegrees>
              <LongitudeDegrees>-2.586139664053917</LongitudeDegrees>
            </Position>
            <AltitudeMeters>176.60000610351562</AltitudeMeters>
            <DistanceMeters>47.279998779296875</DistanceMeters>
            <HeartRateBpm>
              <Value>99</Value>
            </HeartRateBpm>
            <Cadence>69</Cadence>
            <Extensions>
              <ns3:TPX>
                <ns3:Speed>5.09499979019165</ns3:Speed>
                <ns3:Watts>214</ns3:Watts>
              </ns3:TPX>
            </Extensions>
          </Trackpoint>
          <Trackpoint>
            <Time>2025-07-25T11:57:51.000Z</Time>
            <Position>
              <LatitudeDegrees>43.1272732000798</LatitudeDegrees>
              <LongitudeDegrees>-2.5861431006342173</LongitudeDegrees>
            </Position>
            <AltitudeMeters>176.60000610351562</AltitudeMeters>
            <DistanceMeters>52.40999984741211</DistanceMeters>
            <HeartRateBpm>
              <Value>100</Value>
            </HeartRateBpm>
            <Cadence>68</Cadence>
            <Extensions>
              <ns3:TPX>
                <ns3:Speed>5.123000144958496</ns3:Speed>
                <ns3:Watts>214</ns3:Watts>
              </ns3:TPX>
            </Extensions>
          </Trackpoint>
          <Trackpoint>
            <Time>2025-07-25T11:57:52.000Z</Time>
            <Position>
              <LatitudeDegrees>43.127226177603006</LatitudeDegrees>
              <LongitudeDegrees>-2.5861482974141836</LongitudeDegrees>
            </Position>
            <AltitudeMeters>176.60000610351562</AltitudeMeters>
            <DistanceMeters>57.52000045776367</DistanceMeters>
            <HeartRateBpm>
              <Value>100</Value>
            </HeartRateBpm>
            <Cadence>66</Cadence>
            <Extensions>
              <ns3:TPX>
                <ns3:Speed>5.104000091552734</ns3:Speed>
                <ns3:Watts>243</ns3:Watts>
              </ns3:TPX>
            </Extensions>
          </Trackpoint>
          <Trackpoint>
            <Time>2025-07-25T11:57:53.000Z</Time>
            <Position>
              <LatitudeDegrees>43.12717890366912</LatitudeDegrees>
              <LongitudeDegrees>-2.586151985451579</LongitudeDegrees>
            </Position>
            <AltitudeMeters>176.60000610351562</AltitudeMeters>
            <DistanceMeters>62.709999084472656</DistanceMeters>
            <HeartRateBpm>
              <Value>100</Value>
            </HeartRateBpm>
            <Cadence>70</Cadence>
            <Extensions>
              <ns3:TPX>
                <ns3:Speed>5.197000026702881</ns3:Speed>
                <ns3:Watts>250</ns3:Watts>
              </ns3:TPX>
            </Extensions>
          </Trackpoint>
          <Trackpoint>
            <Time>2025-07-25T11:57:54.000Z</Time>
            <Position>
              <LatitudeDegrees>43.1271315459162</LatitudeDegrees>
              <LongitudeDegrees>-2.5861580204218626</LongitudeDegrees>
            </Position>
            <AltitudeMeters>176.60000610351562</AltitudeMeters>
            <DistanceMeters>67.91000366210938</DistanceMeters>
            <HeartRateBpm>
              <Value>100</Value>
            </HeartRateBpm>
            <Cadence>69</Cadence>
            <Extensions>
              <ns3:TPX>
                <ns3:Speed>5.197000026702881</ns3:Speed>
                <ns3:Watts>265</ns3:Watts>
              </ns3:TPX>
            </Extensions>
          </Trackpoint>
          <Trackpoint>
            <Time>2025-07-25T11:57:55.000Z</Time>
            <Position>
              <LatitudeDegrees>43.1270831823349</LatitudeDegrees>
              <LongitudeDegrees>-2.586165899410844</LongitudeDegrees>
            </Position>
            <AltitudeMeters>176.60000610351562</AltitudeMeters>
            <DistanceMeters>73.19000244140625</DistanceMeters>
            <HeartRateBpm>
              <Value>100</Value>
            </HeartRateBpm>
            <Cadence>69</Cadence>
            <Extensions>
              <ns3:TPX>
                <ns3:Speed>5.281000137329102</ns3:Speed>
                <ns3:Watts>206</ns3:Watts>
              </ns3:TPX>
            </Extensions>
          </Trackpoint>
          <Trackpoint>
            <Time>2025-07-25T11:57:56.000Z</Time>
            <Position>
              <LatitudeDegrees>43.12703331001103</LatitudeDegrees>
              <LongitudeDegrees>-2.586174951866269</LongitudeDegrees>
            </Position>
            <AltitudeMeters>176.8000030517578</AltitudeMeters>
            <DistanceMeters>78.51000213623047</DistanceMeters>
            <HeartRateBpm>
              <Value>101</Value>
            </HeartRateBpm>
            <Cadence>72</Cadence>
            <Extensions>
              <ns3:TPX>
                <ns3:Speed>5.328000068664551</ns3:Speed>
                <ns3:Watts>252</ns3:Watts>
              </ns3:TPX>
            </Extensions>
          </Trackpoint>
          <Trackpoint>
            <Time>2025-07-25T11:57:57.000Z</Time>
            <Position>
              <LatitudeDegrees>43.12698310241103</LatitudeDegrees>
              <LongitudeDegrees>-2.586183249950409</LongitudeDegrees>
            </Position>
            <AltitudeMeters>176.8000030517578</AltitudeMeters>
            <DistanceMeters>84.08000183105469</DistanceMeters>
            <HeartRateBpm>
              <Value>101</Value>
            </HeartRateBpm>
            <Cadence>73</Cadence>
            <Extensions>
              <ns3:TPX>
                <ns3:Speed>5.560999870300293</ns3:Speed>
                <ns3:Watts>399</ns3:Watts>
              </ns3:TPX>
            </Extensions>
          </Trackpoint>
          <Trackpoint>
            <Time>2025-07-25T11:57:58.000Z</Time>
            <Position>
              <LatitudeDegrees>43.12692836858332</LatitudeDegrees>
              <LongitudeDegrees>-2.586192302405834</LongitudeDegrees>
            </Position>
            <AltitudeMeters>177.0</AltitudeMeters>
            <DistanceMeters>89.88999938964844</DistanceMeters>
            <HeartRateBpm>
              <Value>102</Value>
            </HeartRateBpm>
            <Cadence>73</Cadence>
            <Extensions>
              <ns3:TPX>
                <ns3:Speed>5.813000202178955</ns3:Speed>
                <ns3:Watts>328</ns3:Watts>
              </ns3:TPX>
            </Extensions>
          </Trackpoint>
          <Trackpoint>
            <Time>2025-07-25T11:57:59.000Z</Time>
            <Position>
              <LatitudeDegrees>43.126873383298516</LatitudeDegrees>
              <LongitudeDegrees>-2.5862027797847986</LongitudeDegrees>
            </Position>
            <AltitudeMeters>177.1999969482422</AltitudeMeters>
            <DistanceMeters>95.79000091552734</DistanceMeters>
            <HeartRateBpm>
              <Value>102</Value>
            </HeartRateBpm>
            <Cadence>76</Cadence>
            <Extensions>
              <ns3:TPX>
                <ns3:Speed>5.906000137329102</ns3:Speed>
                <ns3:Watts>274</ns3:Watts>
              </ns3:TPX>
            </Extensions>
          </Trackpoint>
          <Trackpoint>
            <Time>2025-07-25T11:58:00.000Z</Time>
            <Position>
              <LatitudeDegrees>43.12682091258466</LatitudeDegrees>
              <LongitudeDegrees>-2.5862104911357164</LongitudeDegrees>
            </Position>
            <AltitudeMeters>177.39999389648438</AltitudeMeters>
            <DistanceMeters>101.66999816894531</DistanceMeters>
            <HeartRateBpm>
              <Value>103</Value>
            </HeartRateBpm>
            <Cadence>77</Cadence>
            <Extensions>
              <ns3:TPX>
                <ns3:Speed>5.877999782562256</ns3:Speed>
                <ns3:Watts>192</ns3:Watts>
              </ns3:TPX>
            </Extensions>
          </Trackpoint>
          <Trackpoint>
            <Time>2025-07-25T11:58:01.000Z</Time>
            <Position>
              <LatitudeDegrees>43.12676274217665</LatitudeDegrees>
              <LongitudeDegrees>-2.5862182024866343</LongitudeDegrees>
            </Position>
            <AltitudeMeters>177.39999389648438</AltitudeMeters>
            <DistanceMeters>107.45999908447266</DistanceMeters>
            <HeartRateBpm>
              <Value>103</Value>
            </HeartRateBpm>
            <Cadence>75</Cadence>
            <Extensions>
              <ns3:TPX>
                <ns3:Speed>5.784999847412109</ns3:Speed>
                <ns3:Watts>228</ns3:Watts>
              </ns3:TPX>
            </Extensions>
          </Trackpoint>
          <Trackpoint>
            <Time>2025-07-25T11:58:02.000Z</Time>
            <Position>
              <LatitudeDegrees>43.12670105136931</LatitudeDegrees>
              <LongitudeDegrees>-2.586234798654914</LongitudeDegrees>
            </Position>
            <AltitudeMeters>177.39999389648438</AltitudeMeters>
            <DistanceMeters>113.30000305175781</DistanceMeters>
            <HeartRateBpm>
              <Value>104</Value>
            </HeartRateBpm>
            <Cadence>72</Cadence>
            <Extensions>
              <ns3:TPX>
                <ns3:Speed>5.841000080108643</ns3:Speed>
                <ns3:Watts>351</ns3:Watts>
              </ns3:TPX>
            </Extensions>
          </Trackpoint>
          <Trackpoint>
            <Time>2025-07-25T11:58:03.000Z</Time>
            <Position>
              <LatitudeDegrees>43.1266550347209</LatitudeDegrees>
              <LongitudeDegrees>-2.586241839453578</LongitudeDegrees>
            </Position>
            <AltitudeMeters>177.60000610351562</AltitudeMeters>
            <DistanceMeters>119.20999908447266</DistanceMeters>
            <HeartRateBpm>
              <Value>104</Value>
            </HeartRateBpm>
            <Cadence>73</Cadence>
            <Extensions>
              <ns3:TPX>
                <ns3:Speed>5.906000137329102</ns3:Speed>
                <ns3:Watts>266</ns3:Watts>
              </ns3:TPX>
            </Extensions>
          </Trackpoint>
          <Trackpoint>
            <Time>2025-07-25T11:58:04.000Z</Time>
            <Position>
              <LatitudeDegrees>43.12659074552357</LatitudeDegrees>
              <LongitudeDegrees>-2.586261872202158</LongitudeDegrees>
            </Position>
            <AltitudeMeters>177.60000610351562</AltitudeMeters>
            <DistanceMeters>125.1500015258789</DistanceMeters>
            <HeartRateBpm>
              <Value>105</Value>
            </HeartRateBpm>
            <Cadence>75</Cadence>
            <Extensions>
              <ns3:TPX>
                <ns3:Speed>5.934000015258789</ns3:Speed>
                <ns3:Watts>229</ns3:Watts>
              </ns3:TPX>
            </Extensions>
          </Trackpoint>
          <Trackpoint>
            <Time>2025-07-25T11:58:05.000Z</Time>
            <Position>
              <LatitudeDegrees>43.12653693370521</LatitudeDegrees>
              <LongitudeDegrees>-2.586272768676281</LongitudeDegrees>
            </Position>
            <AltitudeMeters>177.8000030517578</AltitudeMeters>
            <DistanceMeters>131.0399932861328</DistanceMeters>
            <HeartRateBpm>
              <Value>106</Value>
            </HeartRateBpm>
            <Cadence>72</Cadence>
            <Extensions>
              <ns3:TPX>
                <ns3:Speed>5.896999835968018</ns3:Speed>
                <ns3:Watts>197</ns3:Watts>
              </ns3:TPX>
            </Extensions>
          </Trackpoint>
          <Trackpoint>
            <Time>2025-07-25T11:58:06.000Z</Time>
            <Position>
              <LatitudeDegrees>43.12649141997099</LatitudeDegrees>
              <LongitudeDegrees>-2.586278384551406</LongitudeDegrees>
            </Position>
            <AltitudeMeters>177.8000030517578</AltitudeMeters>
            <DistanceMeters>136.88999938964844</DistanceMeters>
            <HeartRateBpm>
              <Value>106</Value>
            </HeartRateBpm>
            <Cadence>73</Cadence>
            <Extensions>
              <ns3:TPX>
                <ns3:Speed>5.849999904632568</ns3:Speed>
                <ns3:Watts>196</ns3:Watts>
              </ns3:TPX>
            </Extensions>
          </Trackpoint>
          <Trackpoint>
            <Time>2025-07-25T11:58:07.000Z</Time>
            <Position>
              <LatitudeDegrees>43.12643324956298</LatitudeDegrees>
              <LongitudeDegrees>-2.586286263540387</LongitudeDegrees>
            </Position>
            <AltitudeMeters>178.0</AltitudeMeters>
            <DistanceMeters>142.72000122070312</DistanceMeters>
            <HeartRateBpm>
              <Value>107</Value>
            </HeartRateBpm>
            <Cadence>74</Cadence>
            <Extensions>
              <ns3:TPX>
                <ns3:Speed>5.822000026702881</ns3:Speed>
                <ns3:Watts>229</ns3:Watts>
              </ns3:TPX>
            </Extensions>
          </Trackpoint>
          <Trackpoint>
            <Time>2025-07-25T11:58:08.000Z</Time>
            <Position>
              <LatitudeDegrees>43.12638094648719</LatitudeDegrees>
              <LongitudeDegrees>-2.5862975791096687</LongitudeDegrees>
            </Position>
            <AltitudeMeters>178.0</AltitudeMeters>
            <DistanceMeters>148.57000732421875</DistanceMeters>
            <HeartRateBpm>
              <Value>108</Value>
            </HeartRateBpm>
            <Cadence>72</Cadence>
            <Extensions>
              <ns3:TPX>
                <ns3:Speed>5.841000080108643</ns3:Speed>
                <ns3:Watts>177</ns3:Watts>
              </ns3:TPX>
            </Extensions>
          </Trackpoint>
          <Trackpoint>
            <Time>2025-07-25T11:58:09.000Z</Time>
            <Position>
              <LatitudeDegrees>43.12632881104946</LatitudeDegrees>
              <LongitudeDegrees>-2.586309229955077</LongitudeDegrees>
            </Position>
            <AltitudeMeters>178.1999969482422</AltitudeMeters>
            <DistanceMeters>154.47000122070312</DistanceMeters>
            <HeartRateBpm>
              <Value>108</Value>
            </HeartRateBpm>
            <Cadence>76</Cadence>
            <Extensions>
              <ns3:TPX>
                <ns3:Speed>5.915999889373779</ns3:Speed>
                <ns3:Watts>260</ns3:Watts>
              </ns3:TPX>
            </Extensions>
          </Trackpoint>
          <Trackpoint>
            <Time>2025-07-25T11:58:10.000Z</Time>
            <Position>
              <LatitudeDegrees>43.12627516686916</LatitudeDegrees>
              <LongitudeDegrees>-2.586321383714676</LongitudeDegrees>
            </Position>
            <AltitudeMeters>178.1999969482422</AltitudeMeters>
            <DistanceMeters>160.3000030517578</DistanceMeters>
            <HeartRateBpm>
              <Value>108</Value>
            </HeartRateBpm>
            <Cadence>73</Cadence>
            <Extensions>
              <ns3:TPX>
                <ns3:Speed>5.831999778747559</ns3:Speed>
                <ns3:Watts>213</ns3:Watts>
              </ns3:TPX>
            </Extensions>
          </Trackpoint>
          <Trackpoint>
            <Time>2025-07-25T11:58:11.000Z</Time>
            <Position>
              <LatitudeDegrees>43.12622269615531</LatitudeDegrees>
              <LongitudeDegrees>-2.5863380637019873</LongitudeDegrees>
            </Position>
            <AltitudeMeters>178.1999969482422</AltitudeMeters>
            <DistanceMeters>166.47000122070312</DistanceMeters>
            <HeartRateBpm>
              <Value>108</Value>
            </HeartRateBpm>
            <Cadence>73</Cadence>
            <Extensions>
              <ns3:TPX>
                <ns3:Speed>6.177000045776367</ns3:Speed>
                <ns3:Watts>235</ns3:Watts>
              </ns3:TPX>
            </Extensions>
          </Trackpoint>
          <Trackpoint>
            <Time>2025-07-25T11:58:12.000Z</Time>
            <Position>
              <LatitudeDegrees>43.12616997398436</LatitudeDegrees>
              <LongitudeDegrees>-2.5863538216799498</LongitudeDegrees>
            </Position>
            <AltitudeMeters>178.39999389648438</AltitudeMeters>
            <DistanceMeters>172.60000610351562</DistanceMeters>
            <HeartRateBpm>
              <Value>108</Value>
            </HeartRateBpm>
            <Cadence>78</Cadence>
            <Extensions>
              <ns3:TPX>
                <ns3:Speed>6.120999813079834</ns3:Speed>
                <ns3:Watts>178</ns3:Watts>
              </ns3:TPX>
            </Extensions>
          </Trackpoint>
          <Trackpoint>
            <Time>2025-07-25T11:58:13.000Z</Time>
            <Position>
              <LatitudeDegrees>43.12611624598503</LatitudeDegrees>
              <LongitudeDegrees>-2.586369663476944</LongitudeDegrees>
            </Position>
            <AltitudeMeters>178.39999389648438</AltitudeMeters>
            <DistanceMeters>178.74000549316406</DistanceMeters>
            <HeartRateBpm>
              <Value>108</Value>
            </HeartRateBpm>
            <Cadence>74</Cadence>
            <Extensions>
              <ns3:TPX>
                <ns3:Speed>6.14900016784668</ns3:Speed>
                <ns3:Watts>239</ns3:Watts>
              </ns3:TPX>
            </Extensions>
          </Trackpoint>
          <Trackpoint>
            <Time>2025-07-25T11:58:14.000Z</Time>
            <Position>
              <LatitudeDegrees>43.126061176881194</LatitudeDegrees>
              <LongitudeDegrees>-2.5863851699978113</LongitudeDegrees>
            </Position>
            <AltitudeMeters>178.60000610351562</AltitudeMeters>
            <DistanceMeters>184.8699951171875</DistanceMeters>
            <HeartRateBpm>
              <Value>108</Value>
            </HeartRateBpm>
            <Cadence>75</Cadence>
            <Extensions>
              <ns3:TPX>
                <ns3:Speed>6.120999813079834</ns3:Speed>
                <ns3:Watts>199</ns3:Watts>
              </ns3:TPX>
            </Extensions>
          </Trackpoint>
          <Trackpoint>
            <Time>2025-07-25T11:58:15.000Z</Time>
            <Position>
              <LatitudeDegrees>43.12600585632026</LatitudeDegrees>
              <LongitudeDegrees>-2.5864007603377104</LongitudeDegrees>
            </Position>
            <AltitudeMeters>178.60000610351562</AltitudeMeters>
            <DistanceMeters>191.0</DistanceMeters>
            <HeartRateBpm>
              <Value>107</Value>
            </HeartRateBpm>
            <Cadence>76</Cadence>
            <Extensions>
              <ns3:TPX>
                <ns3:Speed>6.130000114440918</ns3:Speed>
                <ns3:Watts>203</ns3:Watts>
              </ns3:TPX>
            </Extensions>
          </Trackpoint>
          <Trackpoint>
            <Time>2025-07-25T11:58:16.000Z</Time>
            <Position>
              <LatitudeDegrees>43.125951793044806</LatitudeDegrees>
              <LongitudeDegrees>-2.586417021229863</LongitudeDegrees>
            </Position>
            <AltitudeMeters>178.60000610351562</AltitudeMeters>
            <DistanceMeters>197.13999938964844</DistanceMeters>
            <HeartRateBpm>
              <Value>108</Value>
            </HeartRateBpm>
            <Cadence>77</Cadence>
            <Extensions>
              <ns3:TPX>
                <ns3:Speed>6.14900016784668</ns3:Speed>
                <ns3:Watts>220</ns3:Watts>
              </ns3:TPX>
            </Extensions>
          </Trackpoint>
          <Trackpoint>
            <Time>2025-07-25T11:58:17.000Z</Time>
            <Position>
              <LatitudeDegrees>43.125897981226444</LatitudeDegrees>
              <LongitudeDegrees>-2.586434707045555</LongitudeDegrees>
            </Position>
            <AltitudeMeters>178.8000030517578</AltitudeMeters>
            <DistanceMeters>203.32000732421875</DistanceMeters>
            <HeartRateBpm>
              <Value>108</Value>
            </HeartRateBpm>
            <Cadence>74</Cadence>
            <Extensions>
              <ns3:TPX>
                <ns3:Speed>6.168000221252441</ns3:Speed>
                <ns3:Watts>199</ns3:Watts>
              </ns3:TPX>
            </Extensions>
          </Trackpoint>
          <Trackpoint>
            <Time>2025-07-25T11:58:18.000Z</Time>
            <Position>
              <LatitudeDegrees>43.12584391795099</LatitudeDegrees>
              <LongitudeDegrees>-2.58645448833704</LongitudeDegrees>
            </Position>
            <AltitudeMeters>178.8000030517578</AltitudeMeters>
            <DistanceMeters>209.52000427246094</DistanceMeters>
            <HeartRateBpm>
              <Value>108</Value>
            </HeartRateBpm>
            <Cadence>78</Cadence>
            <Extensions>
              <ns3:TPX>
                <ns3:Speed>6.204999923706055</ns3:Speed>
                <ns3:Watts>199</ns3:Watts>
              </ns3:TPX>
            </Extensions>
          </Trackpoint>
          <Trackpoint>
            <Time>2025-07-25T11:58:19.000Z</Time>
            <Position>
              <LatitudeDegrees>43.125789603218436</LatitudeDegrees>
              <LongitudeDegrees>-2.586474856361747</LongitudeDegrees>
            </Position>
            <AltitudeMeters>178.8000030517578</AltitudeMeters>
            <DistanceMeters>215.75</DistanceMeters>
            <HeartRateBpm>
              <Value>108</Value>
            </HeartRateBpm>
            <Cadence>80</Cadence>
            <Extensions>
              <ns3:TPX>
                <ns3:Speed>6.232999801635742</ns3:Speed>
                <ns3:Watts>174</ns3:Watts>
              </ns3:TPX>
            </Extensions>
          </Trackpoint>
          <Trackpoint>
            <Time>2025-07-25T11:58:20.000Z</Time>
            <Position>
              <LatitudeDegrees>43.12573696486652</LatitudeDegrees>
              <LongitudeDegrees>-2.5864946376532316</LongitudeDegrees>
            </Position>
            <AltitudeMeters>179.0</AltitudeMeters>
            <DistanceMeters>221.9600067138672</DistanceMeters>
            <HeartRateBpm>
              <Value>108</Value>
            </HeartRateBpm>
            <Cadence>76</Cadence>
            <Extensions>
              <ns3:TPX>
                <ns3:Speed>6.214000225067139</ns3:Speed>
                <ns3:Watts>182</ns3:Watts>
              </ns3:TPX>
            </Extensions>
          </Trackpoint>
          <Trackpoint>
            <Time>2025-07-25T11:58:21.000Z</Time>
            <Position>
              <LatitudeDegrees>43.12568390741944</LatitudeDegrees>
              <LongitudeDegrees>-2.5865143351256847</LongitudeDegrees>
            </Position>
            <AltitudeMeters>179.0</AltitudeMeters>
            <DistanceMeters>228.22000122070312</DistanceMeters>
            <HeartRateBpm>
              <Value>108</Value>
            </HeartRateBpm>
            <Cadence>80</Cadence>
            <Extensions>
              <ns3:TPX>
                <ns3:Speed>6.261000156402588</ns3:Speed>
                <ns3:Watts>207</ns3:Watts>
              </ns3:TPX>
            </Extensions>
          </Trackpoint>
          <Trackpoint>
            <Time>2025-07-25T11:58:22.000Z</Time>
            <Position>
              <LatitudeDegrees>43.12563059851527</LatitudeDegrees>
              <LongitudeDegrees>-2.586534032598138</LongitudeDegrees>
            </Position>
            <AltitudeMeters>179.0</AltitudeMeters>
            <DistanceMeters>234.55999755859375</DistanceMeters>
            <HeartRateBpm>
              <Value>108</Value>
            </HeartRateBpm>
            <Cadence>80</Cadence>
            <Extensions>
              <ns3:TPX>
                <ns3:Speed>6.326000213623047</ns3:Speed>
                <ns3:Watts>195</ns3:Watts>
              </ns3:TPX>
            </Extensions>
          </Trackpoint>
          <Trackpoint>
            <Time>2025-07-25T11:58:23.000Z</Time>
            <Position>
              <LatitudeDegrees>43.125577960163355</LatitudeDegrees>
              <LongitudeDegrees>-2.5865536462515593</LongitudeDegrees>
            </Position>
            <AltitudeMeters>179.0</AltitudeMeters>
            <DistanceMeters>240.9600067138672</DistanceMeters>
            <HeartRateBpm>
              <Value>108</Value>
            </HeartRateBpm>
            <Cadence>78</Cadence>
            <Extensions>
              <ns3:TPX>
                <ns3:Speed>6.409999847412109</ns3:Speed>
                <ns3:Watts>198</ns3:Watts>
              </ns3:TPX>
            </Extensions>
          </Trackpoint>
          <Trackpoint>
            <Time>2025-07-25T11:58:24.000Z</Time>
            <Position>
              <LatitudeDegrees>43.12552104704082</LatitudeDegrees>
              <LongitudeDegrees>-2.58657468482852</LongitudeDegrees>
            </Position>
            <AltitudeMeters>179.0</AltitudeMeters>
            <DistanceMeters>247.47000122070312</DistanceMeters>
            <HeartRateBpm>
              <Value>109</Value>
            </HeartRateBpm>
            <Cadence>83</Cadence>
            <Extensions>
              <ns3:TPX>
                <ns3:Speed>6.513000011444092</ns3:Speed>
                <ns3:Watts>185</ns3:Watts>
              </ns3:TPX>
            </Extensions>
          </Trackpoint>
          <Trackpoint>
            <Time>2025-07-25T11:58:25.000Z</Time>
            <Position>
              <LatitudeDegrees>43.12546279281378</LatitudeDegrees>
              <LongitudeDegrees>-2.586596142500639</LongitudeDegrees>
            </Position>
            <AltitudeMeters>179.1999969482422</AltitudeMeters>
            <DistanceMeters>254.11000061035156</DistanceMeters>
            <HeartRateBpm>
              <Value>109</Value>
            </HeartRateBpm>
            <Cadence>83</Cadence>
            <Extensions>
              <ns3:TPX>
                <ns3:Speed>6.633999824523926</ns3:Speed>
                <ns3:Watts>160</ns3:Watts>
              </ns3:TPX>
            </Extensions>
          </Trackpoint>
          <Trackpoint>
            <Time>2025-07-25T11:58:26.000Z</Time>
            <Position>
              <LatitudeDegrees>43.125392803922296</LatitudeDegrees>
              <LongitudeDegrees>-2.586621455848217</LongitudeDegrees>
            </Position>
            <AltitudeMeters>179.1999969482422</AltitudeMeters>
            <DistanceMeters>260.8299865722656</DistanceMeters>
            <HeartRateBpm>
              <Value>109</Value>
            </HeartRateBpm>
            <Cadence>81</Cadence>
            <Extensions>
              <ns3:TPX>
                <ns3:Speed>6.7179999351501465</ns3:Speed>
                <ns3:Watts>160</ns3:Watts>
              </ns3:TPX>
            </Extensions>
          </Trackpoint>
          <Trackpoint>
            <Time>2025-07-25T11:58:27.000Z</Time>
            <Position>
              <LatitudeDegrees>43.12534477561712</LatitudeDegrees>
              <LongitudeDegrees>-2.5866375491023064</LongitudeDegrees>
            </Position>
            <AltitudeMeters>179.1999969482422</AltitudeMeters>
            <DistanceMeters>267.5799865722656</DistanceMeters>
            <HeartRateBpm>
              <Value>109</Value>
            </HeartRateBpm>
            <Cadence>87</Cadence>
            <Extensions>
              <ns3:TPX>
                <ns3:Speed>6.755000114440918</ns3:Speed>
                <ns3:Watts>165</ns3:Watts>
              </ns3:TPX>
            </Extensions>
          </Trackpoint>
          <Trackpoint>
            <Time>2025-07-25T11:58:28.000Z</Time>
            <Position>
              <LatitudeDegrees>43.12527369707823</LatitudeDegrees>
              <LongitudeDegrees>-2.5866590067744255</LongitudeDegrees>
            </Position>
            <AltitudeMeters>179.1999969482422</AltitudeMeters>
            <DistanceMeters>274.32000732421875</DistanceMeters>
            <HeartRateBpm>
              <Value>109</Value>
            </HeartRateBpm>
            <Cadence>84</Cadence>
            <Extensions>
              <ns3:TPX>
                <ns3:Speed>6.736999988555908</ns3:Speed>
                <ns3:Watts>167</ns3:Watts>
              </ns3:TPX>
            </Extensions>
          </Trackpoint>
          <Trackpoint>
            <Time>2025-07-25T11:58:29.000Z</Time>
            <Position>
              <LatitudeDegrees>43.12522692605853</LatitudeDegrees>
              <LongitudeDegrees>-2.5866731721907854</LongitudeDegrees>
            </Position>
            <AltitudeMeters>179.1999969482422</AltitudeMeters>
            <DistanceMeters>281.04998779296875</DistanceMeters>
            <HeartRateBpm>
              <Value>109</Value>
            </HeartRateBpm>
            <Cadence>85</Cadence>
            <Extensions>
              <ns3:TPX>
                <ns3:Speed>6.736999988555908</ns3:Speed>
                <ns3:Watts>183</ns3:Watts>
              </ns3:TPX>
            </Extensions>
          </Trackpoint>
          <Trackpoint>
            <Time>2025-07-25T11:58:30.000Z</Time>
            <Position>
              <LatitudeDegrees>43.125169007107615</LatitudeDegrees>
              <LongitudeDegrees>-2.5866896845400333</LongitudeDegrees>
            </Position>
            <AltitudeMeters>179.39999389648438</AltitudeMeters>
            <DistanceMeters>287.7900085449219</DistanceMeters>
            <HeartRateBpm>
              <Value>109</Value>
            </HeartRateBpm>
            <Cadence>84</Cadence>
            <Extensions>
              <ns3:TPX>
                <ns3:Speed>6.7270002365112305</ns3:Speed>
                <ns3:Watts>180</ns3:Watts>
              </ns3:TPX>
            </Extensions>
          </Trackpoint>
          <Trackpoint>
            <Time>2025-07-25T11:58:31.000Z</Time>
            <Position>
              <LatitudeDegrees>43.125110333785415</LatitudeDegrees>
              <LongitudeDegrees>-2.586702760308981</LongitudeDegrees>
            </Position>
            <AltitudeMeters>179.39999389648438</AltitudeMeters>
            <DistanceMeters>294.4700012207031</DistanceMeters>
            <HeartRateBpm>
              <Value>109</Value>
            </HeartRateBpm>
            <Cadence>82</Cadence>
            <Extensions>
              <ns3:TPX>
                <ns3:Speed>6.690000057220459</ns3:Speed>
                <ns3:Watts>175</ns3:Watts>
              </ns3:TPX>
            </Extensions>
          </Trackpoint>
          <Trackpoint>
            <Time>2025-07-25T11:58:32.000Z</Time>
            <Position>
              <LatitudeDegrees>43.125051241368055</LatitudeDegrees>
              <LongitudeDegrees>-2.586718099191785</LongitudeDegrees>
            </Position>
            <AltitudeMeters>179.39999389648438</AltitudeMeters>
            <DistanceMeters>301.1600036621094</DistanceMeters>
            <HeartRateBpm>
              <Value>110</Value>
            </HeartRateBpm>
            <Cadence>85</Cadence>
            <Extensions>
              <ns3:TPX>
                <ns3:Speed>6.690000057220459</ns3:Speed>
                <ns3:Watts>183</ns3:Watts>
              </ns3:TPX>
            </Extensions>
          </Trackpoint>
          <Trackpoint>
            <Time>2025-07-25T11:58:33.000Z</Time>
            <Position>
              <LatitudeDegrees>43.12499198131263</LatitudeDegrees>
              <LongitudeDegrees>-2.586731007322669</LongitudeDegrees>
            </Position>
            <AltitudeMeters>179.39999389648438</AltitudeMeters>
            <DistanceMeters>307.8800048828125</DistanceMeters>
            <HeartRateBpm>
              <Value>110</Value>
            </HeartRateBpm>
            <Cadence>82</Cadence>
            <Extensions>
              <ns3:TPX>
                <ns3:Speed>6.709000110626221</ns3:Speed>
                <ns3:Watts>182</ns3:Watts>
              </ns3:TPX>
            </Extensions>
          </Trackpoint>
          <Trackpoint>
            <Time>2025-07-25T11:58:34.000Z</Time>
            <Position>
              <LatitudeDegrees>43.124929536134005</LatitudeDegrees>
              <LongitudeDegrees>-2.5867435801774263</LongitudeDegrees>
            </Position>
            <AltitudeMeters>179.39999389648438</AltitudeMeters>
            <DistanceMeters>314.6000061035156</DistanceMeters>
            <HeartRateBpm>
              <Value>111</Value>
            </HeartRateBpm>
            <Cadence>84</Cadence>
            <Extensions>
              <ns3:TPX>
                <ns3:Speed>6.7270002365112305</ns3:Speed>
                <ns3:Watts>204</ns3:Watts>
              </ns3:TPX>
            </Extensions>
          </Trackpoint>
          <Trackpoint>
            <Time>2025-07-25T11:58:35.000Z</Time>
            <Position>
              <LatitudeDegrees>43.124868432059884</LatitudeDegrees>
              <LongitudeDegrees>-2.5867549795657396</LongitudeDegrees>
            </Position>
            <AltitudeMeters>179.39999389648438</AltitudeMeters>
            <DistanceMeters>321.3999938964844</DistanceMeters>
            <HeartRateBpm>
              <Value>111</Value>
            </HeartRateBpm>
            <Cadence>84</Cadence>
            <Extensions>
              <ns3:TPX>
                <ns3:Speed>6.793000221252441</ns3:Speed>
                <ns3:Watts>187</ns3:Watts>
              </ns3:TPX>
            </Extensions>
          </Trackpoint>
          <Trackpoint>
            <Time>2025-07-25T11:58:36.000Z</Time>
            <Position>
              <LatitudeDegrees>43.12481001019478</LatitudeDegrees>
              <LongitudeDegrees>-2.586765708401799</LongitudeDegrees>
            </Position>
            <AltitudeMeters>179.39999389648438</AltitudeMeters>
            <DistanceMeters>328.20001220703125</DistanceMeters>
            <HeartRateBpm>
              <Value>111</Value>
            </HeartRateBpm>
            <Cadence>83</Cadence>
            <Extensions>
              <ns3:TPX>
                <ns3:Speed>6.802000045776367</ns3:Speed>
                <ns3:Watts>179</ns3:Watts>
              </ns3:TPX>
            </Extensions>
          </Trackpoint>
          <Trackpoint>
            <Time>2025-07-25T11:58:37.000Z</Time>
            <Position>
              <LatitudeDegrees>43.12473968602717</LatitudeDegrees>
              <LongitudeDegrees>-2.5867753475904465</LongitudeDegrees>
            </Position>
            <AltitudeMeters>179.39999389648438</AltitudeMeters>
            <DistanceMeters>334.95001220703125</DistanceMeters>
            <HeartRateBpm>
              <Value>112</Value>
            </HeartRateBpm>
            <Cadence>88</Cadence>
            <Extensions>
              <ns3:TPX>
                <ns3:Speed>6.755000114440918</ns3:Speed>
                <ns3:Watts>161</ns3:Watts>
              </ns3:TPX>
            </Extensions>
          </Trackpoint>
          <Trackpoint>
            <Time>2025-07-25T11:58:38.000Z</Time>
            <Position>
              <LatitudeDegrees>43.12469341792166</LatitudeDegrees>
              <LongitudeDegrees>-2.5867827236652374</LongitudeDegrees>
            </Position>
            <AltitudeMeters>179.39999389648438</AltitudeMeters>
            <DistanceMeters>341.7099914550781</DistanceMeters>
            <HeartRateBpm>
              <Value>112</Value>
            </HeartRateBpm>
            <Cadence>81</Cadence>
            <Extensions>
              <ns3:TPX>
                <ns3:Speed>6.755000114440918</ns3:Speed>
                <ns3:Watts>161</ns3:Watts>
              </ns3:TPX>
            </Extensions>
          </Trackpoint>
          <Trackpoint>
            <Time>2025-07-25T11:58:39.000Z</Time>
            <Position>
              <LatitudeDegrees>43.12463625334203</LatitudeDegrees>
              <LongitudeDegrees>-2.586792027577758</LongitudeDegrees>
            </Position>
            <AltitudeMeters>179.39999389648438</AltitudeMeters>
            <DistanceMeters>348.3800048828125</DistanceMeters>
            <HeartRateBpm>
              <Value>112</Value>
            </HeartRateBpm>
            <Cadence>86</Cadence>
            <Extensions>
              <ns3:TPX>
                <ns3:Speed>6.671000003814697</ns3:Speed>
                <ns3:Watts>199</ns3:Watts>
              </ns3:TPX>
            </Extensions>
          </Trackpoint>
          <Trackpoint>
            <Time>2025-07-25T11:58:40.000Z</Time>
            <Position>
              <LatitudeDegrees>43.124579759314656</LatitudeDegrees>
              <LongitudeDegrees>-2.586798146367073</LongitudeDegrees>
            </Position>
            <AltitudeMeters>179.39999389648438</AltitudeMeters>
            <DistanceMeters>355.0199890136719</DistanceMeters>
            <HeartRateBpm>
              <Value>112</Value>
            </HeartRateBpm>
            <Cadence>81</Cadence>
            <Extensions>
              <ns3:TPX>
                <ns3:Speed>6.64300012588501</ns3:Speed>
                <ns3:Watts>194</ns3:Watts>
              </ns3:TPX>
            </Extensions>
          </Trackpoint>
          <Trackpoint>
            <Time>2025-07-25T11:58:41.000Z</Time>
            <Position>
              <LatitudeDegrees>43.124521085992455</LatitudeDegrees>
              <LongitudeDegrees>-2.5868068635463715</LongitudeDegrees>
            </Position>
            <AltitudeMeters>179.60000610351562</AltitudeMeters>
            <DistanceMeters>361.6600036621094</DistanceMeters>
            <HeartRateBpm>
              <Value>111</Value>
            </HeartRateBpm>
            <Cadence>81</Cadence>
            <Extensions>
              <ns3:TPX>
                <ns3:Speed>6.64300012588501</ns3:Speed>
                <ns3:Watts>191</ns3:Watts>
              </ns3:TPX>
            </Extensions>
          </Trackpoint>
          <Trackpoint>
            <Time>2025-07-25T11:58:42.000Z</Time>
            <Position>
              <LatitudeDegrees>43.12446216121316</LatitudeDegrees>
              <LongitudeDegrees>-2.5868127308785915</LongitudeDegrees>
            </Position>
            <AltitudeMeters>179.60000610351562</AltitudeMeters>
            <DistanceMeters>368.3299865722656</DistanceMeters>
            <HeartRateBpm>
              <Value>111</Value>
            </HeartRateBpm>
            <Cadence>84</Cadence>
            <Extensions>
              <ns3:TPX>
                <ns3:Speed>6.671000003814697</ns3:Speed>
                <ns3:Watts>179</ns3:Watts>
              </ns3:TPX>
            </Extensions>
          </Trackpoint>
          <Trackpoint>
            <Time>2025-07-25T11:58:43.000Z</Time>
            <Position>
              <LatitudeDegrees>43.12440357170999</LatitudeDegrees>
              <LongitudeDegrees>-2.586818765848875</LongitudeDegrees>
            </Position>
            <AltitudeMeters>179.39999389648438</AltitudeMeters>
            <DistanceMeters>374.9800109863281</DistanceMeters>
            <HeartRateBpm>
              <Value>111</Value>
            </HeartRateBpm>
            <Cadence>80</Cadence>
            <Extensions>
              <ns3:TPX>
                <ns3:Speed>6.64300012588501</ns3:Speed>
                <ns3:Watts>174</ns3:Watts>
              </ns3:TPX>
            </Extensions>
          </Trackpoint>
          <Trackpoint>
            <Time>2025-07-25T11:58:44.000Z</Time>
            <Position>
              <LatitudeDegrees>43.12434288673103</LatitudeDegrees>
              <LongitudeDegrees>-2.5868289917707443</LongitudeDegrees>
            </Position>
            <AltitudeMeters>179.60000610351562</AltitudeMeters>
            <DistanceMeters>381.6499938964844</DistanceMeters>
            <HeartRateBpm>
              <Value>110</Value>
            </HeartRateBpm>
            <Cadence>85</Cadence>
            <Extensions>
              <ns3:TPX>
                <ns3:Speed>6.671000003814697</ns3:Speed>
                <ns3:Watts>204</ns3:Watts>
              </ns3:TPX>
            </Extensions>
          </Trackpoint>
          <Trackpoint>
            <Time>2025-07-25T11:58:45.000Z</Time>
            <Position>
              <LatitudeDegrees>43.12428480014205</LatitudeDegrees>
              <LongitudeDegrees>-2.5868412293493748</LongitudeDegrees>
            </Position>
            <AltitudeMeters>179.60000610351562</AltitudeMeters>
            <DistanceMeters>388.3500061035156</DistanceMeters>
            <HeartRateBpm>
              <Value>110</Value>
            </HeartRateBpm>
            <Cadence>82</Cadence>
            <Extensions>
              <ns3:TPX>
                <ns3:Speed>6.698999881744385</ns3:Speed>
                <ns3:Watts>184</ns3:Watts>
              </ns3:TPX>
            </Extensions>
          </Trackpoint>
          <Trackpoint>
            <Time>2025-07-25T11:58:46.000Z</Time>
            <Position>
              <LatitudeDegrees>43.12422512099147</LatitudeDegrees>
              <LongitudeDegrees>-2.5868543051183224</LongitudeDegrees>
            </Position>
            <AltitudeMeters>179.60000610351562</AltitudeMeters>
            <DistanceMeters>395.0199890136719</DistanceMeters>
            <HeartRateBpm>
              <Value>110</Value>
            </HeartRateBpm>
            <Cadence>82</Cadence>
            <Extensions>
              <ns3:TPX>
                <ns3:Speed>6.671000003814697</ns3:Speed>
                <ns3:Watts>164</ns3:Watts>
              </ns3:TPX>
            </Extensions>
          </Trackpoint>
          <Trackpoint>
            <Time>2025-07-25T11:58:47.000Z</Time>
            <Position>
              <LatitudeDegrees>43.12416477128863</LatitudeDegrees>
              <LongitudeDegrees>-2.5868731644004583</LongitudeDegrees>
            </Position>
            <AltitudeMeters>179.60000610351562</AltitudeMeters>
            <DistanceMeters>401.7200012207031</DistanceMeters>
            <HeartRateBpm>
              <Value>111</Value>
            </HeartRateBpm>
            <Cadence>84</Cadence>
            <Extensions>
              <ns3:TPX>
                <ns3:Speed>6.698999881744385</ns3:Speed>
                <ns3:Watts>177</ns3:Watts>
              </ns3:TPX>
            </Extensions>
          </Trackpoint>
          <Trackpoint>
            <Time>2025-07-25T11:58:48.000Z</Time>
            <Position>
              <LatitudeDegrees>43.12410551123321</LatitudeDegrees>
              <LongitudeDegrees>-2.586888251826167</LongitudeDegrees>
            </Position>
            <AltitudeMeters>179.60000610351562</AltitudeMeters>
            <DistanceMeters>408.489990234375</DistanceMeters>
            <HeartRateBpm>
              <Value>111</Value>
            </HeartRateBpm>
            <Cadence>83</Cadence>
            <Extensions>
              <ns3:TPX>
                <ns3:Speed>6.77400016784668</ns3:Speed>
                <ns3:Watts>205</ns3:Watts>
              </ns3:TPX>
            </Extensions>
          </Trackpoint>
          <Trackpoint>
            <Time>2025-07-25T11:58:49.000Z</Time>
            <Position>
              <LatitudeDegrees>43.124046670272946</LatitudeDegrees>
              <LongitudeDegrees>-2.586899232119322</LongitudeDegrees>
            </Position>
            <AltitudeMeters>179.60000610351562</AltitudeMeters>
            <DistanceMeters>415.3599853515625</DistanceMeters>
            <HeartRateBpm>
              <Value>111</Value>
            </HeartRateBpm>
            <Cadence>85</Cadence>
            <Extensions>
              <ns3:TPX>
                <ns3:Speed>6.848999977111816</ns3:Speed>
                <ns3:Watts>188</ns3:Watts>
              </ns3:TPX>
            </Extensions>
          </Trackpoint>
          <Trackpoint>
            <Time>2025-07-25T11:58:50.000Z</Time>
            <Position>
              <LatitudeDegrees>43.12397567555308</LatitudeDegrees>
              <LongitudeDegrees>-2.586911218240857</LongitudeDegrees>
            </Position>
            <AltitudeMeters>179.60000610351562</AltitudeMeters>
            <DistanceMeters>422.20001220703125</DistanceMeters>
            <HeartRateBpm>
              <Value>112</Value>
            </HeartRateBpm>
            <Cadence>84</Cadence>
            <Extensions>
              <ns3:TPX>
                <ns3:Speed>6.848999977111816</ns3:Speed>
                <ns3:Watts>169</ns3:Watts>
              </ns3:TPX>
            </Extensions>
          </Trackpoint>
          <Trackpoint>
            <Time>2025-07-25T11:58:51.000Z</Time>
            <Position>
              <LatitudeDegrees>43.123925384134054</LatitudeDegrees>
              <LongitudeDegrees>-2.586920941248536</LongitudeDegrees>
            </Position>
            <AltitudeMeters>179.8000030517578</AltitudeMeters>
            <DistanceMeters>429.1199951171875</DistanceMeters>
            <HeartRateBpm>
              <Value>112</Value>
            </HeartRateBpm>
            <Cadence>88</Cadence>
            <Extensions>
              <ns3:TPX>
                <ns3:Speed>6.922999858856201</ns3:Speed>
                <ns3:Watts>179</ns3:Watts>
              </ns3:TPX>
            </Extensions>
          </Trackpoint>
          <Trackpoint>
            <Time>2025-07-25T11:58:52.000Z</Time>
            <Position>
              <LatitudeDegrees>43.12386402860284</LatitudeDegrees>
              <LongitudeDegrees>-2.586938962340355</LongitudeDegrees>
            </Position>
            <AltitudeMeters>179.8000030517578</AltitudeMeters>
            <DistanceMeters>436.1000061035156</DistanceMeters>
            <HeartRateBpm>
              <Value>112</Value>
            </HeartRateBpm>
            <Cadence>83</Cadence>
            <Extensions>
              <ns3:TPX>
                <ns3:Speed>6.988999843597412</ns3:Speed>
                <ns3:Watts>173</ns3:Watts>
              </ns3:TPX>
            </Extensions>
          </Trackpoint>
          <Trackpoint>
            <Time>2025-07-25T11:58:53.000Z</Time>
            <Position>
              <LatitudeDegrees>43.123802253976464</LatitudeDegrees>
              <LongitudeDegrees>-2.5869615096598864</LongitudeDegrees>
            </Position>
            <AltitudeMeters>179.8000030517578</AltitudeMeters>
            <DistanceMeters>443.1600036621094</DistanceMeters>
            <HeartRateBpm>
              <Value>112</Value>
            </HeartRateBpm>
            <Cadence>87</Cadence>
            <Extensions>
              <ns3:TPX>
                <ns3:Speed>7.053999900817871</ns3:Speed>
                <ns3:Watts>158</ns3:Watts>
              </ns3:TPX>
            </Extensions>
          </Trackpoint>
          <Trackpoint>
            <Time>2025-07-25T11:58:54.000Z</Time>
            <Position>
              <LatitudeDegrees>43.12372891232371</LatitudeDegrees>
              <LongitudeDegrees>-2.586992271244526</LongitudeDegrees>
            </Position>
            <AltitudeMeters>179.8000030517578</AltitudeMeters>
            <DistanceMeters>450.3999938964844</DistanceMeters>
            <HeartRateBpm>
              <Value>111</Value>
            </HeartRateBpm>
            <Cadence>88</Cadence>
            <Extensions>
              <ns3:TPX>
                <ns3:Speed>7.241000175476074</ns3:Speed>
                <ns3:Watts>142</ns3:Watts>
              </ns3:TPX>
            </Extensions>
          </Trackpoint>
          <Trackpoint>
            <Time>2025-07-25T11:58:55.000Z</Time>
            <Position>
              <LatitudeDegrees>43.12366873025894</LatitudeDegrees>
              <LongitudeDegrees>-2.5870247092097998</LongitudeDegrees>
            </Position>
            <AltitudeMeters>179.8000030517578</AltitudeMeters>
            <DistanceMeters>457.70001220703125</DistanceMeters>
            <HeartRateBpm>
              <Value>111</Value>
            </HeartRateBpm>
            <Cadence>93</Cadence>
            <Extensions>
              <ns3:TPX>
                <ns3:Speed>7.306000232696533</ns3:Speed>
                <ns3:Watts>141</ns3:Watts>
              </ns3:TPX>
            </Extensions>
          </Trackpoint>
          <Trackpoint>
            <Time>2025-07-25T11:58:56.000Z</Time>
            <Position>
              <LatitudeDegrees>43.123619528487325</LatitudeDegrees>
              <LongitudeDegrees>-2.5870470888912678</LongitudeDegrees>
            </Position>
            <AltitudeMeters>179.8000030517578</AltitudeMeters>
            <DistanceMeters>464.989990234375</DistanceMeters>
            <HeartRateBpm>
              <Value>111</Value>
            </HeartRateBpm>
            <Cadence>89</Cadence>
            <Extensions>
              <ns3:TPX>
                <ns3:Speed>7.2870001792907715</ns3:Speed>
                <ns3:Watts>154</ns3:Watts>
              </ns3:TPX>
            </Extensions>
          </Trackpoint>
          <Trackpoint>
            <Time>2025-07-25T11:58:57.000Z</Time>
            <Position>
              <LatitudeDegrees>43.12355716712773</LatitudeDegrees>
              <LongitudeDegrees>-2.5870693009346724</LongitudeDegrees>
            </Position>
            <AltitudeMeters>179.8000030517578</AltitudeMeters>
            <DistanceMeters>472.20001220703125</DistanceMeters>
            <HeartRateBpm>
              <Value>110</Value>
            </HeartRateBpm>
            <Cadence>92</Cadence>
            <Extensions>
              <ns3:TPX>
                <ns3:Speed>7.203000068664551</ns3:Speed>
                <ns3:Watts>169</ns3:Watts>
              </ns3:TPX>
            </Extensions>
          </Trackpoint>
          <Trackpoint>
            <Time>2025-07-25T11:58:58.000Z</Time>
            <Position>
              <LatitudeDegrees>43.12348231673241</LatitudeDegrees>
              <LongitudeDegrees>-2.5870934408158064</LongitudeDegrees>
            </Position>
            <AltitudeMeters>179.60000610351562</AltitudeMeters>
            <DistanceMeters>479.30999755859375</DistanceMeters>
            <HeartRateBpm>
              <Value>110</Value>
            </HeartRateBpm>
            <Cadence>88</Cadence>
            <Extensions>
              <ns3:TPX>
                <ns3:Speed>7.11899995803833</ns3:Speed>
                <ns3:Watts>167</ns3:Watts>
              </ns3:TPX>
            </Extensions>
          </Trackpoint>
          <Trackpoint>
            <Time>2025-07-25T11:58:59.000Z</Time>
            <Position>
              <LatitudeDegrees>43.12343252822757</LatitudeDegrees>
              <LongitudeDegrees>-2.587103247642517</LongitudeDegrees>
            </Position>
            <AltitudeMeters>179.60000610351562</AltitudeMeters>
            <DistanceMeters>486.42999267578125</DistanceMeters>
            <HeartRateBpm>
              <Value>109</Value>
            </HeartRateBpm>
            <Cadence>87</Cadence>
            <Extensions>
              <ns3:TPX>
                <ns3:Speed>7.110000133514404</ns3:Speed>
                <ns3:Watts>179</ns3:Watts>
              </ns3:TPX>
            </Extensions>
          </Trackpoint>
          <Trackpoint>
            <Time>2025-07-25T11:59:00.000Z</Time>
            <Position>
              <LatitudeDegrees>43.12335885129869</LatitudeDegrees>
              <LongitudeDegrees>-2.587112635374069</LongitudeDegrees>
            </Position>
            <AltitudeMeters>179.60000610351562</AltitudeMeters>
            <DistanceMeters>493.5299987792969</DistanceMeters>
            <HeartRateBpm>
              <Value>110</Value>
            </HeartRateBpm>
            <Cadence>87</Cadence>
            <Extensions>
              <ns3:TPX>
                <ns3:Speed>7.110000133514404</ns3:Speed>
                <ns3:Watts>181</ns3:Watts>
              </ns3:TPX>
            </Extensions>
          </Trackpoint>
          <Trackpoint>
            <Time>2025-07-25T11:59:01.000Z</Time>
            <Position>
              <LatitudeDegrees>43.12330864369869</LatitudeDegrees>
              <LongitudeDegrees>-2.58711414411664</LongitudeDegrees>
            </Position>
            <AltitudeMeters>179.60000610351562</AltitudeMeters>
            <DistanceMeters>500.6000061035156</DistanceMeters>
            <HeartRateBpm>
              <Value>110</Value>
            </HeartRateBpm>
            <Cadence>91</Cadence>
            <Extensions>
              <ns3:TPX>
                <ns3:Speed>7.063000202178955</ns3:Speed>
                <ns3:Watts>181</ns3:Watts>
              </ns3:TPX>
            </Extensions>
          </Trackpoint>
          <Trackpoint>
            <Time>2025-07-25T11:59:02.000Z</Time>
            <Position>
              <LatitudeDegrees>43.12324510887265</LatitudeDegrees>
              <LongitudeDegrees>-2.587111545726657</LongitudeDegrees>
            </Position>
            <AltitudeMeters>179.60000610351562</AltitudeMeters>
            <DistanceMeters>507.6700134277344</DistanceMeters>
            <HeartRateBpm>
              <Value>110</Value>
            </HeartRateBpm>
            <Cadence>86</Cadence>
            <Extensions>
              <ns3:TPX>
                <ns3:Speed>7.063000202178955</ns3:Speed>
                <ns3:Watts>175</ns3:Watts>
              </ns3:TPX>
            </Extensions>
          </Trackpoint>
          <Trackpoint>
            <Time>2025-07-25T11:59:03.000Z</Time>
            <Position>
              <LatitudeDegrees>43.123183753341436</LatitudeDegrees>
              <LongitudeDegrees>-2.587106851860881</LongitudeDegrees>
            </Position>
            <AltitudeMeters>179.60000610351562</AltitudeMeters>
            <DistanceMeters>514.7899780273438</DistanceMeters>
            <HeartRateBpm>
              <Value>110</Value>
            </HeartRateBpm>
            <Cadence>90</Cadence>
            <Extensions>
              <ns3:TPX>
                <ns3:Speed>7.129000186920166</ns3:Speed>
                <ns3:Watts>172</ns3:Watts>
              </ns3:TPX>
            </Extensions>
          </Trackpoint>
          <Trackpoint>
            <Time>2025-07-25T11:59:04.000Z</Time>
            <Position>
              <LatitudeDegrees>43.12310823239386</LatitudeDegrees>
              <LongitudeDegrees>-2.5870926026254892</LongitudeDegrees>
            </Position>
            <AltitudeMeters>179.60000610351562</AltitudeMeters>
            <DistanceMeters>522.0499877929688</DistanceMeters>
            <HeartRateBpm>
              <Value>111</Value>
            </HeartRateBpm>
            <Cadence>91</Cadence>
            <Extensions>
              <ns3:TPX>
                <ns3:Speed>7.25</ns3:Speed>
                <ns3:Watts>157</ns3:Watts>
              </ns3:TPX>
            </Extensions>
          </Trackpoint>
          <Trackpoint>
            <Time>2025-07-25T11:59:05.000Z</Time>
            <Position>
              <LatitudeDegrees>43.1230562645942</LatitudeDegrees>
              <LongitudeDegrees>-2.587075335904956</LongitudeDegrees>
            </Position>
            <AltitudeMeters>179.39999389648438</AltitudeMeters>
            <DistanceMeters>529.3300170898438</DistanceMeters>
            <HeartRateBpm>
              <Value>111</Value>
            </HeartRateBpm>
            <Cadence>92</Cadence>
            <Extensions>
              <ns3:TPX>
                <ns3:Speed>7.2870001792907715</ns3:Speed>
                <ns3:Watts>137</ns3:Watts>
              </ns3:TPX>
            </Extensions>
          </Trackpoint>
          <Trackpoint>
            <Time>2025-07-25T11:59:06.000Z</Time>
            <Position>
              <LatitudeDegrees>43.1229920592159</LatitudeDegrees>
              <LongitudeDegrees>-2.5870524533092976</LongitudeDegrees>
            </Position>
            <AltitudeMeters>179.39999389648438</AltitudeMeters>
            <DistanceMeters>536.6599731445312</DistanceMeters>
            <HeartRateBpm>
              <Value>111</Value>
            </HeartRateBpm>
            <Cadence>91</Cadence>
            <Extensions>
              <ns3:TPX>
                <ns3:Speed>7.324999809265137</ns3:Speed>
                <ns3:Watts>140</ns3:Watts>
              </ns3:TPX>
            </Extensions>
          </Trackpoint>
          <Trackpoint>
            <Time>2025-07-25T11:59:07.000Z</Time>
            <Position>
              <LatitudeDegrees>43.12291553243995</LatitudeDegrees>
              <LongitudeDegrees>-2.5870232842862606</LongitudeDegrees>
            </Position>
            <AltitudeMeters>179.39999389648438</AltitudeMeters>
            <DistanceMeters>543.969970703125</DistanceMeters>
            <HeartRateBpm>
              <Value>110</Value>
            </HeartRateBpm>
            <Cadence>91</Cadence>
            <Extensions>
              <ns3:TPX>
                <ns3:Speed>7.315000057220459</ns3:Speed>
                <ns3:Watts>55</ns3:Watts>
              </ns3:TPX>
            </Extensions>
          </Trackpoint>
          <Trackpoint>
            <Time>2025-07-25T11:59:08.000Z</Time>
            <Position>
              <LatitudeDegrees>43.122864654287696</LatitudeDegrees>
              <LongitudeDegrees>-2.5870054308325052</LongitudeDegrees>
            </Position>
            <AltitudeMeters>179.39999389648438</AltitudeMeters>
            <DistanceMeters>551.219970703125</DistanceMeters>
            <HeartRateBpm>
              <Value>108</Value>
            </HeartRateBpm>
            <Cadence>77</Cadence>
            <Extensions>
              <ns3:TPX>
                <ns3:Speed>7.25</ns3:Speed>
                <ns3:Watts>146</ns3:Watts>
              </ns3:TPX>
            </Extensions>
          </Trackpoint>
          <Trackpoint>
            <Time>2025-07-25T11:59:09.000Z</Time>
            <Position>
              <LatitudeDegrees>43.122789803892374</LatitudeDegrees>
              <LongitudeDegrees>-2.5869750883430243</LongitudeDegrees>
            </Position>
            <AltitudeMeters>179.39999389648438</AltitudeMeters>
            <DistanceMeters>558.47998046875</DistanceMeters>
            <HeartRateBpm>
              <Value>107</Value>
            </HeartRateBpm>
            <Cadence>84</Cadence>
            <Extensions>
              <ns3:TPX>
                <ns3:Speed>7.269000053405762</ns3:Speed>
                <ns3:Watts>136</ns3:Watts>
              </ns3:TPX>
            </Extensions>
          </Trackpoint>
          <Trackpoint>
            <Time>2025-07-25T11:59:10.000Z</Time>
            <Position>
              <LatitudeDegrees>43.122742949053645</LatitudeDegrees>
              <LongitudeDegrees>-2.586955726146698</LongitudeDegrees>
            </Position>
            <AltitudeMeters>179.39999389648438</AltitudeMeters>
            <DistanceMeters>565.72998046875</DistanceMeters>
            <HeartRateBpm>
              <Value>107</Value>
            </HeartRateBpm>
            <Cadence>86</Cadence>
            <Extensions>
              <ns3:TPX>
                <ns3:Speed>7.25</ns3:Speed>
                <ns3:Watts>146</ns3:Watts>
              </ns3:TPX>
            </Extensions>
          </Trackpoint>
          <Trackpoint>
            <Time>2025-07-25T11:59:11.000Z</Time>
            <Position>
              <LatitudeDegrees>43.12268368899822</LatitudeDegrees>
              <LongitudeDegrees>-2.5869273114949465</LongitudeDegrees>
            </Position>
            <AltitudeMeters>179.39999389648438</AltitudeMeters>
            <DistanceMeters>573.02001953125</DistanceMeters>
            <HeartRateBpm>
              <Value>107</Value>
            </HeartRateBpm>
            <Cadence>85</Cadence>
            <Extensions>
              <ns3:TPX>
                <ns3:Speed>7.2779998779296875</ns3:Speed>
                <ns3:Watts>174</ns3:Watts>
              </ns3:TPX>
            </Extensions>
          </Trackpoint>
          <Trackpoint>
            <Time>2025-07-25T11:59:12.000Z</Time>
            <Position>
              <LatitudeDegrees>43.12262384220958</LatitudeDegrees>
              <LongitudeDegrees>-2.5868916884064674</LongitudeDegrees>
            </Position>
            <AltitudeMeters>179.39999389648438</AltitudeMeters>
            <DistanceMeters>580.1199951171875</DistanceMeters>
            <HeartRateBpm>
              <Value>106</Value>
            </HeartRateBpm>
            <Cadence>83</Cadence>
            <Extensions>
              <ns3:TPX>
                <ns3:Speed>7.110000133514404</ns3:Speed>
                <ns3:Watts>172</ns3:Watts>
              </ns3:TPX>
            </Extensions>
          </Trackpoint>
          <Trackpoint>
            <Time>2025-07-25T11:59:13.000Z</Time>
            <Position>
              <LatitudeDegrees>43.12256676144898</LatitudeDegrees>
              <LongitudeDegrees>-2.586849946528673</LongitudeDegrees>
            </Position>
            <AltitudeMeters>179.39999389648438</AltitudeMeters>
            <DistanceMeters>587.1599731445312</DistanceMeters>
            <HeartRateBpm>
              <Value>106</Value>
            </HeartRateBpm>
            <Cadence>81</Cadence>
            <Extensions>
              <ns3:TPX>
                <ns3:Speed>7.034999847412109</ns3:Speed>
                <ns3:Watts>184</ns3:Watts>
              </ns3:TPX>
            </Extensions>
          </Trackpoint>
          <Trackpoint>
            <Time>2025-07-25T11:59:14.000Z</Time>
            <Position>
              <LatitudeDegrees>43.122512362897396</LatitudeDegrees>
              <LongitudeDegrees>-2.586802924051881</LongitudeDegrees>
            </Position>
            <AltitudeMeters>179.1999969482422</AltitudeMeters>
            <DistanceMeters>594.2899780273438</DistanceMeters>
            <HeartRateBpm>
              <Value>106</Value>
            </HeartRateBpm>
            <Cadence>83</Cadence>
            <Extensions>
              <ns3:TPX>
                <ns3:Speed>7.129000186920166</ns3:Speed>
                <ns3:Watts>230</ns3:Watts>
              </ns3:TPX>
            </Extensions>
          </Trackpoint>
          <Trackpoint>
            <Time>2025-07-25T11:59:15.000Z</Time>
            <Position>
              <LatitudeDegrees>43.12246223911643</LatitudeDegrees>
              <LongitudeDegrees>-2.5867505371570587</LongitudeDegrees>
            </Position>
            <AltitudeMeters>179.1999969482422</AltitudeMeters>
            <DistanceMeters>601.5</DistanceMeters>
            <HeartRateBpm>
              <Value>106</Value>
            </HeartRateBpm>
            <Cadence>85</Cadence>
            <Extensions>
              <ns3:TPX>
                <ns3:Speed>7.2129998207092285</ns3:Speed>
                <ns3:Watts>266</ns3:Watts>
              </ns3:TPX>
            </Extensions>
          </Trackpoint>
          <Trackpoint>
            <Time>2025-07-25T11:59:16.000Z</Time>
            <Position>
              <LatitudeDegrees>43.12241613864899</LatitudeDegrees>
              <LongitudeDegrees>-2.5866966415196657</LongitudeDegrees>
            </Position>
            <AltitudeMeters>179.0</AltitudeMeters>
            <DistanceMeters>608.6900024414062</DistanceMeters>
            <HeartRateBpm>
              <Value>106</Value>
            </HeartRateBpm>
            <Cadence>86</Cadence>
            <Extensions>
              <ns3:TPX>
                <ns3:Speed>7.193999767303467</ns3:Speed>
                <ns3:Watts>266</ns3:Watts>
              </ns3:TPX>
            </Extensions>
          </Trackpoint>
          <Trackpoint>
            <Time>2025-07-25T11:59:17.000Z</Time>
            <Position>
              <LatitudeDegrees>43.12236936762929</LatitudeDegrees>
              <LongitudeDegrees>-2.5866369623690844</LongitudeDegrees>
            </Position>
            <AltitudeMeters>179.0</AltitudeMeters>
            <DistanceMeters>615.8900146484375</DistanceMeters>
            <HeartRateBpm>
              <Value>106</Value>
            </HeartRateBpm>
            <Cadence>82</Cadence>
            <Extensions>
              <ns3:TPX>
                <ns3:Speed>7.193999767303467</ns3:Speed>
                <ns3:Watts>260</ns3:Watts>
              </ns3:TPX>
            </Extensions>
          </Trackpoint>
          <Trackpoint>
            <Time>2025-07-25T11:59:18.000Z</Time>
            <Position>
              <LatitudeDegrees>43.122322764247656</LatitudeDegrees>
              <LongitudeDegrees>-2.5865777861326933</LongitudeDegrees>
            </Position>
            <AltitudeMeters>178.8000030517578</AltitudeMeters>
            <DistanceMeters>623.0700073242188</DistanceMeters>
            <HeartRateBpm>
              <Value>107</Value>
            </HeartRateBpm>
            <Cadence>85</Cadence>
            <Extensions>
              <ns3:TPX>
                <ns3:Speed>7.184999942779541</ns3:Speed>
                <ns3:Watts>200</ns3:Watts>
              </ns3:TPX>
            </Extensions>
          </Trackpoint>
          <Trackpoint>
            <Time>2025-07-25T11:59:19.000Z</Time>
            <Position>
              <LatitudeDegrees>43.122273897752166</LatitudeDegrees>
              <LongitudeDegrees>-2.5865114852786064</LongitudeDegrees>
            </Position>
            <AltitudeMeters>178.8000030517578</AltitudeMeters>
            <DistanceMeters>630.1500244140625</DistanceMeters>
            <HeartRateBpm>
              <Value>108</Value>
            </HeartRateBpm>
            <Cadence>80</Cadence>
            <Extensions>
              <ns3:TPX>
                <ns3:Speed>7.081999778747559</ns3:Speed>
                <ns3:Watts>205</ns3:Watts>
              </ns3:TPX>
            </Extensions>
          </Trackpoint>
          <Trackpoint>
            <Time>2025-07-25T11:59:20.000Z</Time>
            <Position>
              <LatitudeDegrees>43.12223098240793</LatitudeDegrees>
              <LongitudeDegrees>-2.586453231051564</LongitudeDegrees>
            </Position>
            <AltitudeMeters>178.8000030517578</AltitudeMeters>
            <DistanceMeters>637.1799926757812</DistanceMeters>
            <HeartRateBpm>
              <Value>108</Value>
            </HeartRateBpm>
            <Cadence>84</Cadence>
            <Extensions>
              <ns3:TPX>
                <ns3:Speed>7.017000198364258</ns3:Speed>
                <ns3:Watts>233</ns3:Watts>
              </ns3:TPX>
            </Extensions>
          </Trackpoint>
          <Trackpoint>
            <Time>2025-07-25T11:59:21.000Z</Time>
            <Position>
              <LatitudeDegrees>43.12218924053013</LatitudeDegrees>
              <LongitudeDegrees>-2.5863939709961414</LongitudeDegrees>
            </Position>
            <AltitudeMeters>178.8000030517578</AltitudeMeters>
            <DistanceMeters>644.1599731445312</DistanceMeters>
            <HeartRateBpm>
              <Value>109</Value>
            </HeartRateBpm>
            <Cadence>81</Cadence>
            <Extensions>
              <ns3:TPX>
                <ns3:Speed>6.979000091552734</ns3:Speed>
                <ns3:Watts>228</ns3:Watts>
              </ns3:TPX>
            </Extensions>
          </Trackpoint>
          <Trackpoint>
            <Time>2025-07-25T11:59:22.000Z</Time>
            <Position>
              <LatitudeDegrees>43.12214548699558</LatitudeDegrees>
              <LongitudeDegrees>-2.586333118379116</LongitudeDegrees>
            </Position>
            <AltitudeMeters>178.8000030517578</AltitudeMeters>
            <DistanceMeters>651.1300048828125</DistanceMeters>
            <HeartRateBpm>
              <Value>110</Value>
            </HeartRateBpm>
            <Cadence>85</Cadence>
            <Extensions>
              <ns3:TPX>
                <ns3:Speed>6.979000091552734</ns3:Speed>
                <ns3:Watts>258</ns3:Watts>
              </ns3:TPX>
            </Extensions>
          </Trackpoint>
          <Trackpoint>
            <Time>2025-07-25T11:59:23.000Z</Time>
            <Position>
              <LatitudeDegrees>43.122099889442325</LatitudeDegrees>
              <LongitudeDegrees>-2.586269499734044</LongitudeDegrees>
            </Position>
            <AltitudeMeters>178.8000030517578</AltitudeMeters>
            <DistanceMeters>658.1199951171875</DistanceMeters>
            <HeartRateBpm>
              <Value>110</Value>
            </HeartRateBpm>
            <Cadence>82</Cadence>
            <Extensions>
              <ns3:TPX>
                <ns3:Speed>6.988999843597412</ns3:Speed>
                <ns3:Watts>236</ns3:Watts>
              </ns3:TPX>
            </Extensions>
          </Trackpoint>
          <Trackpoint>
            <Time>2025-07-25T11:59:24.000Z</Time>
            <Position>
              <LatitudeDegrees>43.12205605208874</LatitudeDegrees>
              <LongitudeDegrees>-2.58620822802186</LongitudeDegrees>
            </Position>
            <AltitudeMeters>178.8000030517578</AltitudeMeters>
            <DistanceMeters>665.0800170898438</DistanceMeters>
            <HeartRateBpm>
              <Value>110</Value>
            </HeartRateBpm>
            <Cadence>78</Cadence>
            <Extensions>
              <ns3:TPX>
                <ns3:Speed>6.960999965667725</ns3:Speed>
                <ns3:Watts>192</ns3:Watts>
              </ns3:TPX>
            </Extensions>
          </Trackpoint>
          <Trackpoint>
            <Time>2025-07-25T11:59:25.000Z</Time>
            <Position>
              <LatitudeDegrees>43.122011963278055</LatitudeDegrees>
              <LongitudeDegrees>-2.586144106462598</LongitudeDegrees>
            </Position>
            <AltitudeMeters>179.0</AltitudeMeters>
            <DistanceMeters>672.010009765625</DistanceMeters>
            <HeartRateBpm>
              <Value>110</Value>
            </HeartRateBpm>
            <Cadence>81</Cadence>
            <Extensions>
              <ns3:TPX>
                <ns3:Speed>6.933000087738037</ns3:Speed>
                <ns3:Watts>183</ns3:Watts>
              </ns3:TPX>
            </Extensions>
          </Trackpoint>
          <Trackpoint>
            <Time>2025-07-25T11:59:26.000Z</Time>
            <Position>
              <LatitudeDegrees>43.121967958286405</LatitudeDegrees>
              <LongitudeDegrees>-2.5860812421888113</LongitudeDegrees>
            </Position>
            <AltitudeMeters>179.0</AltitudeMeters>
            <DistanceMeters>678.9500122070312</DistanceMeters>
            <HeartRateBpm>
              <Value>110</Value>
            </HeartRateBpm>
            <Cadence>81</Cadence>
            <Extensions>
              <ns3:TPX>
                <ns3:Speed>6.933000087738037</ns3:Speed>
                <ns3:Watts>196</ns3:Watts>
              </ns3:TPX>
            </Extensions>
          </Trackpoint>
          <Trackpoint>
            <Time>2025-07-25T11:59:27.000Z</Time>
            <Position>
              <LatitudeDegrees>43.12192420475185</LatitudeDegrees>
              <LongitudeDegrees>-2.586018880829215</LongitudeDegrees>
            </Position>
            <AltitudeMeters>179.0</AltitudeMeters>
            <DistanceMeters>685.8599853515625</DistanceMeters>
            <HeartRateBpm>
              <Value>110</Value>
            </HeartRateBpm>
            <Cadence>79</Cadence>
            <Extensions>
              <ns3:TPX>
                <ns3:Speed>6.914000034332275</ns3:Speed>
                <ns3:Watts>200</ns3:Watts>
              </ns3:TPX>
            </Extensions>
          </Trackpoint>
          <Trackpoint>
            <Time>2025-07-25T11:59:28.000Z</Time>
            <Position>
              <LatitudeDegrees>43.12188112176955</LatitudeDegrees>
              <LongitudeDegrees>-2.5859603751450777</LongitudeDegrees>
            </Position>
            <AltitudeMeters>179.0</AltitudeMeters>
            <DistanceMeters>692.760009765625</DistanceMeters>
            <HeartRateBpm>
              <Value>110</Value>
            </HeartRateBpm>
            <Cadence>79</Cadence>
            <Extensions>
              <ns3:TPX>
                <ns3:Speed>6.876999855041504</ns3:Speed>
                <ns3:Watts>204</ns3:Watts>
              </ns3:TPX>
            </Extensions>
          </Trackpoint>
          <Trackpoint>
            <Time>2025-07-25T11:59:29.000Z</Time>
            <Position>
              <LatitudeDegrees>43.12183937989175</LatitudeDegrees>
              <LongitudeDegrees>-2.5859045516699553</LongitudeDegrees>
            </Position>
            <AltitudeMeters>179.1999969482422</AltitudeMeters>
            <DistanceMeters>699.530029296875</DistanceMeters>
            <HeartRateBpm>
              <Value>109</Value>
            </HeartRateBpm>
            <Cadence>81</Cadence>
            <Extensions>
              <ns3:TPX>
                <ns3:Speed>6.793000221252441</ns3:Speed>
                <ns3:Watts>221</ns3:Watts>
              </ns3:TPX>
            </Extensions>
          </Trackpoint>
          <Trackpoint>
            <Time>2025-07-25T11:59:30.000Z</Time>
            <Position>
              <LatitudeDegrees>43.121796045452356</LatitudeDegrees>
              <LongitudeDegrees>-2.5858496502041817</LongitudeDegrees>
            </Position>
            <AltitudeMeters>179.1999969482422</AltitudeMeters>
            <DistanceMeters>706.239990234375</DistanceMeters>
            <HeartRateBpm>
              <Value>109</Value>
            </HeartRateBpm>
            <Cadence>78</Cadence>
            <Extensions>
              <ns3:TPX>
                <ns3:Speed>6.709000110626221</ns3:Speed>
                <ns3:Watts>279</ns3:Watts>
              </ns3:TPX>
            </Extensions>
          </Trackpoint>
          <Trackpoint>
            <Time>2025-07-25T11:59:31.000Z</Time>
            <Position>
              <LatitudeDegrees>43.1217470113188</LatitudeDegrees>
              <LongitudeDegrees>-2.585798352956772</LongitudeDegrees>
            </Position>
            <AltitudeMeters>179.1999969482422</AltitudeMeters>
            <DistanceMeters>713.02001953125</DistanceMeters>
            <HeartRateBpm>
              <Value>109</Value>
            </HeartRateBpm>
            <Cadence>78</Cadence>
            <Extensions>
              <ns3:TPX>
                <ns3:Speed>6.7829999923706055</ns3:Speed>
                <ns3:Watts>280</ns3:Watts>
              </ns3:TPX>
            </Extensions>
          </Trackpoint>
          <Trackpoint>
            <Time>2025-07-25T11:59:32.000Z</Time>
            <Position>
              <LatitudeDegrees>43.12169370241463</LatitudeDegrees>
              <LongitudeDegrees>-2.5857477262616158</LongitudeDegrees>
            </Position>
            <AltitudeMeters>179.1999969482422</AltitudeMeters>
            <DistanceMeters>719.9000244140625</DistanceMeters>
            <HeartRateBpm>
              <Value>109</Value>
            </HeartRateBpm>
            <Cadence>79</Cadence>
            <Extensions>
              <ns3:TPX>
                <ns3:Speed>6.857999801635742</ns3:Speed>
                <ns3:Watts>264</ns3:Watts>
              </ns3:TPX>
            </Extensions>
          </Trackpoint>
          <Trackpoint>
            <Time>2025-07-25T11:59:33.000Z</Time>
            <Position>
              <LatitudeDegrees>43.12164240516722</LatitudeDegrees>
              <LongitudeDegrees>-2.5857016257941723</LongitudeDegrees>
            </Position>
            <AltitudeMeters>179.39999389648438</AltitudeMeters>
            <DistanceMeters>726.6799926757812</DistanceMeters>
            <HeartRateBpm>
              <Value>109</Value>
            </HeartRateBpm>
            <Cadence>79</Cadence>
            <Extensions>
              <ns3:TPX>
                <ns3:Speed>6.802000045776367</ns3:Speed>
                <ns3:Watts>302</ns3:Watts>
              </ns3:TPX>
            </Extensions>
          </Trackpoint>
          <Trackpoint>
            <Time>2025-07-25T11:59:34.000Z</Time>
            <Position>
              <LatitudeDegrees>43.12159152701497</LatitudeDegrees>
              <LongitudeDegrees>-2.5856621470302343</LongitudeDegrees>
            </Position>
            <AltitudeMeters>179.39999389648438</AltitudeMeters>
            <DistanceMeters>733.3300170898438</DistanceMeters>
            <HeartRateBpm>
              <Value>109</Value>
            </HeartRateBpm>
            <Cadence>79</Cadence>
            <Extensions>
              <ns3:TPX>
                <ns3:Speed>6.64300012588501</ns3:Speed>
                <ns3:Watts>264</ns3:Watts>
              </ns3:TPX>
            </Extensions>
          </Trackpoint>
          <Trackpoint>
            <Time>2025-07-25T11:59:35.000Z</Time>
            <Position>
              <LatitudeDegrees>43.12153914012015</LatitudeDegrees>
              <LongitudeDegrees>-2.585628954693675</LongitudeDegrees>
            </Position>
            <AltitudeMeters>179.39999389648438</AltitudeMeters>
            <DistanceMeters>739.9099731445312</DistanceMeters>
            <HeartRateBpm>
              <Value>110</Value>
            </HeartRateBpm>
            <Cadence>75</Cadence>
            <Extensions>
              <ns3:TPX>
                <ns3:Speed>6.578000068664551</ns3:Speed>
                <ns3:Watts>272</ns3:Watts>
              </ns3:TPX>
            </Extensions>
          </Trackpoint>
          <Trackpoint>
            <Time>2025-07-25T11:59:36.000Z</Time>
            <Position>
              <LatitudeDegrees>43.1214845739305</LatitudeDegrees>
              <LongitudeDegrees>-2.5855967681854963</LongitudeDegrees>
            </Position>
            <AltitudeMeters>179.39999389648438</AltitudeMeters>
            <DistanceMeters>746.3699951171875</DistanceMeters>
            <HeartRateBpm>
              <Value>110</Value>
            </HeartRateBpm>
            <Cadence>75</Cadence>
            <Extensions>
              <ns3:TPX>
                <ns3:Speed>6.466000080108643</ns3:Speed>
                <ns3:Watts>225</ns3:Watts>
              </ns3:TPX>
            </Extensions>
          </Trackpoint>
          <Trackpoint>
            <Time>2025-07-25T11:59:37.000Z</Time>
            <Position>
              <LatitudeDegrees>43.12143034301698</LatitudeDegrees>
              <LongitudeDegrees>-2.5855704490095377</LongitudeDegrees>
            </Position>
            <AltitudeMeters>179.60000610351562</AltitudeMeters>
            <DistanceMeters>752.8099975585938</DistanceMeters>
            <HeartRateBpm>
              <Value>110</Value>
            </HeartRateBpm>
            <Cadence>74</Cadence>
            <Extensions>
              <ns3:TPX>
                <ns3:Speed>6.438000202178955</ns3:Speed>
                <ns3:Watts>206</ns3:Watts>
              </ns3:TPX>
            </Extensions>
          </Trackpoint>
          <Trackpoint>
            <Time>2025-07-25T11:59:38.000Z</Time>
            <Position>
              <LatitudeDegrees>43.12137393280864</LatitudeDegrees>
              <LongitudeDegrees>-2.5855431240051985</LongitudeDegrees>
            </Position>
            <AltitudeMeters>179.8000030517578</AltitudeMeters>
            <DistanceMeters>759.2899780273438</DistanceMeters>
            <HeartRateBpm>
              <Value>110</Value>
            </HeartRateBpm>
            <Cadence>74</Cadence>
            <Extensions>
              <ns3:TPX>
                <ns3:Speed>6.485000133514404</ns3:Speed>
                <ns3:Watts>185</ns3:Watts>
              </ns3:TPX>
            </Extensions>
          </Trackpoint>
          <Trackpoint>
            <Time>2025-07-25T11:59:39.000Z</Time>
            <Position>
              <LatitudeDegrees>43.12131785787642</LatitudeDegrees>
              <LongitudeDegrees>-2.585515631362796</LongitudeDegrees>
            </Position>
            <AltitudeMeters>180.0</AltitudeMeters>
            <DistanceMeters>765.8499755859375</DistanceMeters>
            <HeartRateBpm>
              <Value>110</Value>
            </HeartRateBpm>
            <Cadence>77</Cadence>
            <Extensions>
              <ns3:TPX>
                <ns3:Speed>6.550000190734863</ns3:Speed>
                <ns3:Watts>185</ns3:Watts>
              </ns3:TPX>
            </Extensions>
          </Trackpoint>
          <Trackpoint>
            <Time>2025-07-25T11:59:40.000Z</Time>
            <Position>
              <LatitudeDegrees>43.1212636269629</LatitudeDegrees>
              <LongitudeDegrees>-2.585486127063632</LongitudeDegrees>
            </Position>
            <AltitudeMeters>180.1999969482422</AltitudeMeters>
            <DistanceMeters>772.4400024414062</DistanceMeters>
            <HeartRateBpm>
              <Value>110</Value>
            </HeartRateBpm>
            <Cadence>76</Cadence>
            <Extensions>
              <ns3:TPX>
                <ns3:Speed>6.5970001220703125</ns3:Speed>
                <ns3:Watts>215</ns3:Watts>
              </ns3:TPX>
            </Extensions>
          </Trackpoint>
          <Trackpoint>
            <Time>2025-07-25T11:59:41.000Z</Time>
            <Position>
              <LatitudeDegrees>43.121208641678095</LatitudeDegrees>
              <LongitudeDegrees>-2.585455449298024</LongitudeDegrees>
            </Position>
            <AltitudeMeters>180.39999389648438</AltitudeMeters>
            <DistanceMeters>778.97998046875</DistanceMeters>
            <HeartRateBpm>
              <Value>110</Value>
            </HeartRateBpm>
            <Cadence>76</Cadence>
            <Extensions>
              <ns3:TPX>
                <ns3:Speed>6.540999889373779</ns3:Speed>
                <ns3:Watts>210</ns3:Watts>
              </ns3:TPX>
            </Extensions>
          </Trackpoint>
          <Trackpoint>
            <Time>2025-07-25T11:59:42.000Z</Time>
            <Position>
              <LatitudeDegrees>43.121156338602304</LatitudeDegrees>
              <LongitudeDegrees>-2.5854250229895115</LongitudeDegrees>
            </Position>
            <AltitudeMeters>180.60000610351562</AltitudeMeters>
            <DistanceMeters>785.4099731445312</DistanceMeters>
            <HeartRateBpm>
              <Value>110</Value>
            </HeartRateBpm>
            <Cadence>75</Cadence>
            <Extensions>
              <ns3:TPX>
                <ns3:Speed>6.428999900817871</ns3:Speed>
                <ns3:Watts>250</ns3:Watts>
              </ns3:TPX>
            </Extensions>
          </Trackpoint>
          <Trackpoint>
            <Time>2025-07-25T11:59:43.000Z</Time>
            <Position>
              <LatitudeDegrees>43.1211031973362</LatitudeDegrees>
              <LongitudeDegrees>-2.5853937584906816</LongitudeDegrees>
            </Position>
            <AltitudeMeters>180.8000030517578</AltitudeMeters>
            <DistanceMeters>791.7999877929688</DistanceMeters>
            <HeartRateBpm>
              <Value>110</Value>
            </HeartRateBpm>
            <Cadence>75</Cadence>
            <Extensions>
              <ns3:TPX>
                <ns3:Speed>6.392000198364258</ns3:Speed>
                <ns3:Watts>226</ns3:Watts>
              </ns3:TPX>
            </Extensions>
          </Trackpoint>
          <Trackpoint>
            <Time>2025-07-25T11:59:44.000Z</Time>
            <Position>
              <LatitudeDegrees>43.12105164863169</LatitudeDegrees>
              <LongitudeDegrees>-2.585365930572152</LongitudeDegrees>
            </Position>
            <AltitudeMeters>181.0</AltitudeMeters>
            <DistanceMeters>798.1400146484375</DistanceMeters>
            <HeartRateBpm>
              <Value>109</Value>
            </HeartRateBpm>
            <Cadence>74</Cadence>
            <Extensions>
              <ns3:TPX>
                <ns3:Speed>6.34499979019165</ns3:Speed>
                <ns3:Watts>211</ns3:Watts>
              </ns3:TPX>
            </Extensions>
          </Trackpoint>
          <Trackpoint>
            <Time>2025-07-25T11:59:45.000Z</Time>
            <Position>
              <LatitudeDegrees>43.12099984847009</LatitudeDegrees>
              <LongitudeDegrees>-2.585336761549115</LongitudeDegrees>
            </Position>
            <AltitudeMeters>181.0</AltitudeMeters>
            <DistanceMeters>804.47998046875</DistanceMeters>
            <HeartRateBpm>
              <Value>109</Value>
            </HeartRateBpm>
            <Cadence>78</Cadence>
            <Extensions>
              <ns3:TPX>
                <ns3:Speed>6.335999965667725</ns3:Speed>
                <ns3:Watts>230</ns3:Watts>
              </ns3:TPX>
            </Extensions>
          </Trackpoint>
          <Trackpoint>
            <Time>2025-07-25T11:59:46.000Z</Time>
            <Position>
              <LatitudeDegrees>43.12094838358462</LatitudeDegrees>
              <LongitudeDegrees>-2.585307927802205</LongitudeDegrees>
            </Position>
            <AltitudeMeters>181.0</AltitudeMeters>
            <DistanceMeters>810.8200073242188</DistanceMeters>
            <HeartRateBpm>
              <Value>109</Value>
            </HeartRateBpm>
            <Cadence>81</Cadence>
            <Extensions>
              <ns3:TPX>
                <ns3:Speed>6.335999965667725</ns3:Speed>
                <ns3:Watts>205</ns3:Watts>
              </ns3:TPX>
            </Extensions>
          </Trackpoint>
          <Trackpoint>
            <Time>2025-07-25T11:59:47.000Z</Time>
            <Position>
              <LatitudeDegrees>43.12089666724205</LatitudeDegrees>
              <LongitudeDegrees>-2.5852795969694853</LongitudeDegrees>
            </Position>
            <AltitudeMeters>181.1999969482422</AltitudeMeters>
            <DistanceMeters>817.1099853515625</DistanceMeters>
            <HeartRateBpm>
              <Value>109</Value>
            </HeartRateBpm>
            <Cadence>78</Cadence>
            <Extensions>
              <ns3:TPX>
                <ns3:Speed>6.297999858856201</ns3:Speed>
                <ns3:Watts>223</ns3:Watts>
              </ns3:TPX>
            </Extensions>
          </Trackpoint>
          <Trackpoint>
            <Time>2025-07-25T11:59:48.000Z</Time>
            <Position>
              <LatitudeDegrees>43.12084520235658</LatitudeDegrees>
              <LongitudeDegrees>-2.585252271965146</LongitudeDegrees>
            </Position>
            <AltitudeMeters>181.1999969482422</AltitudeMeters>
            <DistanceMeters>823.3599853515625</DistanceMeters>
            <HeartRateBpm>
              <Value>109</Value>
            </HeartRateBpm>
            <Cadence>77</Cadence>
            <Extensions>
              <ns3:TPX>
                <ns3:Speed>6.242000102996826</ns3:Speed>
                <ns3:Watts>207</ns3:Watts>
              </ns3:TPX>
            </Extensions>
          </Trackpoint>
          <Trackpoint>
            <Time>2025-07-25T11:59:49.000Z</Time>
            <Position>
              <LatitudeDegrees>43.12079457566142</LatitudeDegrees>
              <LongitudeDegrees>-2.5852241087704897</LongitudeDegrees>
            </Position>
            <AltitudeMeters>181.1999969482422</AltitudeMeters>
            <DistanceMeters>829.5900268554688</DistanceMeters>
            <HeartRateBpm>
              <Value>109</Value>
            </HeartRateBpm>
            <Cadence>78</Cadence>
            <Extensions>
              <ns3:TPX>
                <ns3:Speed>6.232999801635742</ns3:Speed>
                <ns3:Watts>233</ns3:Watts>
              </ns3:TPX>
            </Extensions>
          </Trackpoint>
          <Trackpoint>
            <Time>2025-07-25T11:59:50.000Z</Time>
            <Position>
              <LatitudeDegrees>43.120742524042726</LatitudeDegrees>
              <LongitudeDegrees>-2.5851956102997065</LongitudeDegrees>
            </Position>
            <AltitudeMeters>181.1999969482422</AltitudeMeters>
            <DistanceMeters>835.780029296875</DistanceMeters>
            <HeartRateBpm>
              <Value>110</Value>
            </HeartRateBpm>
            <Cadence>77</Cadence>
            <Extensions>
              <ns3:TPX>
                <ns3:Speed>6.196000099182129</ns3:Speed>
                <ns3:Watts>254</ns3:Watts>
              </ns3:TPX>
            </Extensions>
          </Trackpoint>
          <Trackpoint>
            <Time>2025-07-25T11:59:51.000Z</Time>
            <Position>
              <LatitudeDegrees>43.12069055624306</LatitudeDegrees>
              <LongitudeDegrees>-2.5851687882095575</LongitudeDegrees>
            </Position>
            <AltitudeMeters>181.39999389648438</AltitudeMeters>
            <DistanceMeters>841.9500122070312</DistanceMeters>
            <HeartRateBpm>
              <Value>110</Value>
            </HeartRateBpm>
            <Cadence>76</Cadence>
            <Extensions>
              <ns3:TPX>
                <ns3:Speed>6.168000221252441</ns3:Speed>
                <ns3:Watts>230</ns3:Watts>
              </ns3:TPX>
            </Extensions>
          </Trackpoint>
          <Trackpoint>
            <Time>2025-07-25T11:59:52.000Z</Time>
            <Position>
              <LatitudeDegrees>43.12063766643405</LatitudeDegrees>
              <LongitudeDegrees>-2.585144564509392</LongitudeDegrees>
            </Position>
            <AltitudeMeters>181.39999389648438</AltitudeMeters>
            <DistanceMeters>848.1799926757812</DistanceMeters>
            <HeartRateBpm>
              <Value>111</Value>
            </HeartRateBpm>
            <Cadence>77</Cadence>
            <Extensions>
              <ns3:TPX>
                <ns3:Speed>6.223999977111816</ns3:Speed>
                <ns3:Watts>242</ns3:Watts>
              </ns3:TPX>
            </Extensions>
          </Trackpoint>
          <Trackpoint>
            <Time>2025-07-25T11:59:53.000Z</Time>
            <Position>
              <LatitudeDegrees>43.120586201548576</LatitudeDegrees>
              <LongitudeDegrees>-2.5851187482476234</LongitudeDegrees>
            </Position>
            <AltitudeMeters>181.60000610351562</AltitudeMeters>
            <DistanceMeters>854.3800048828125</DistanceMeters>
            <HeartRateBpm>
              <Value>112</Value>
            </HeartRateBpm>
            <Cadence>76</Cadence>
            <Extensions>
              <ns3:TPX>
                <ns3:Speed>6.196000099182129</ns3:Speed>
                <ns3:Watts>216</ns3:Watts>
              </ns3:TPX>
            </Extensions>
          </Trackpoint>
          <Trackpoint>
            <Time>2025-07-25T11:59:54.000Z</Time>
            <Position>
              <LatitudeDegrees>43.120535742491484</LatitudeDegrees>
              <LongitudeDegrees>-2.5850901659578085</LongitudeDegrees>
            </Position>
            <AltitudeMeters>181.60000610351562</AltitudeMeters>
            <DistanceMeters>860.510009765625</DistanceMeters>
            <HeartRateBpm>
              <Value>112</Value>
            </HeartRateBpm>
            <Cadence>76</Cadence>
            <Extensions>
              <ns3:TPX>
                <ns3:Speed>6.139999866485596</ns3:Speed>
                <ns3:Watts>250</ns3:Watts>
              </ns3:TPX>
            </Extensions>
          </Trackpoint>
          <Trackpoint>
            <Time>2025-07-25T11:59:55.000Z</Time>
            <Position>
              <LatitudeDegrees>43.12048612162471</LatitudeDegrees>
              <LongitudeDegrees>-2.5850618351250887</LongitudeDegrees>
            </Position>
            <AltitudeMeters>181.8000030517578</AltitudeMeters>
            <DistanceMeters>866.5999755859375</DistanceMeters>
            <HeartRateBpm>
              <Value>113</Value>
            </HeartRateBpm>
            <Cadence>76</Cadence>
            <Extensions>
              <ns3:TPX>
                <ns3:Speed>6.084000110626221</ns3:Speed>
                <ns3:Watts>245</ns3:Watts>
              </ns3:TPX>
            </Extensions>
          </Trackpoint>
          <Trackpoint>
            <Time>2025-07-25T11:59:56.000Z</Time>
            <Position>
              <LatitudeDegrees>43.12043574638665</LatitudeDegrees>
              <LongitudeDegrees>-2.585032917559147</LongitudeDegrees>
            </Position>
            <AltitudeMeters>182.0</AltitudeMeters>
            <DistanceMeters>872.6500244140625</DistanceMeters>
            <HeartRateBpm>
              <Value>113</Value>
            </HeartRateBpm>
            <Cadence>75</Cadence>
            <Extensions>
              <ns3:TPX>
                <ns3:Speed>6.046000003814697</ns3:Speed>
                <ns3:Watts>239</ns3:Watts>
              </ns3:TPX>
            </Extensions>
          </Trackpoint>
          <Trackpoint>
            <Time>2025-07-25T11:59:57.000Z</Time>
            <Position>
              <LatitudeDegrees>43.120386293157935</LatitudeDegrees>
              <LongitudeDegrees>-2.5850050058215857</LongitudeDegrees>
            </Position>
            <AltitudeMeters>182.1999969482422</AltitudeMeters>
            <DistanceMeters>878.6300048828125</DistanceMeters>
            <HeartRateBpm>
              <Value>113</Value>
            </HeartRateBpm>
            <Cadence>75</Cadence>
            <Extensions>
              <ns3:TPX>
                <ns3:Speed>5.980999946594238</ns3:Speed>
                <ns3:Watts>225</ns3:Watts>
              </ns3:TPX>
            </Extensions>
          </Trackpoint>
          <Trackpoint>
            <Time>2025-07-25T11:59:58.000Z</Time>
            <Position>
              <LatitudeDegrees>43.12033759430051</LatitudeDegrees>
              <LongitudeDegrees>-2.5849791057407856</LongitudeDegrees>
            </Position>
            <AltitudeMeters>182.39999389648438</AltitudeMeters>
            <DistanceMeters>884.5499877929688</DistanceMeters>
            <HeartRateBpm>
              <Value>113</Value>
            </HeartRateBpm>
            <Cadence>74</Cadence>
            <Extensions>
              <ns3:TPX>
                <ns3:Speed>5.925000190734863</ns3:Speed>
                <ns3:Watts>232</ns3:Watts>
              </ns3:TPX>
            </Extensions>
          </Trackpoint>
          <Trackpoint>
            <Time>2025-07-25T11:59:59.000Z</Time>
            <Position>
              <LatitudeDegrees>43.12028797343373</LatitudeDegrees>
              <LongitudeDegrees>-2.584952535107732</LongitudeDegrees>
            </Position>
            <AltitudeMeters>182.60000610351562</AltitudeMeters>
            <DistanceMeters>890.469970703125</DistanceMeters>
            <HeartRateBpm>
              <Value>113</Value>
            </HeartRateBpm>
            <Cadence>73</Cadence>
            <Extensions>
              <ns3:TPX>
                <ns3:Speed>5.915999889373779</ns3:Speed>
                <ns3:Watts>245</ns3:Watts>
              </ns3:TPX>
            </Extensions>
          </Trackpoint>
          <Trackpoint>
            <Time>2025-07-25T12:00:00.000Z</Time>
            <Position>
              <LatitudeDegrees>43.120239190757275</LatitudeDegrees>
              <LongitudeDegrees>-2.5849282275885344</LongitudeDegrees>
            </Position>
            <AltitudeMeters>183.0</AltitudeMeters>
            <DistanceMeters>896.4199829101562</DistanceMeters>
            <HeartRateBpm>
              <Value>113</Value>
            </HeartRateBpm>
            <Cadence>74</Cadence>
            <Extensions>
              <ns3:TPX>
                <ns3:Speed>5.953000068664551</ns3:Speed>
                <ns3:Watts>275</ns3:Watts>
              </ns3:TPX>
            </Extensions>
          </Trackpoint>
          <Trackpoint>
            <Time>2025-07-25T12:00:01.000Z</Time>
            <Position>
              <LatitudeDegrees>43.12019024044275</LatitudeDegrees>
              <LongitudeDegrees>-2.5849019084125757</LongitudeDegrees>
            </Position>
            <AltitudeMeters>183.0</AltitudeMeters>
            <DistanceMeters>902.3400268554688</DistanceMeters>
            <HeartRateBpm>
              <Value>114</Value>
            </HeartRateBpm>
            <Cadence>74</Cadence>
            <Extensions>
              <ns3:TPX>
                <ns3:Speed>5.925000190734863</ns3:Speed>
                <ns3:Watts>241</ns3:Watts>
              </ns3:TPX>
            </Extensions>
          </Trackpoint>
          <Trackpoint>
            <Time>2025-07-25T12:00:02.000Z</Time>
            <Position>
              <LatitudeDegrees>43.12014179304242</LatitudeDegrees>
              <LongitudeDegrees>-2.584876511245966</LongitudeDegrees>
            </Position>
            <AltitudeMeters>183.1999969482422</AltitudeMeters>
            <DistanceMeters>908.239990234375</DistanceMeters>
            <HeartRateBpm>
              <Value>114</Value>
            </HeartRateBpm>
            <Cadence>74</Cadence>
            <Extensions>
              <ns3:TPX>
                <ns3:Speed>5.896999835968018</ns3:Speed>
                <ns3:Watts>263</ns3:Watts>
              </ns3:TPX>
            </Extensions>
          </Trackpoint>
          <Trackpoint>
            <Time>2025-07-25T12:00:03.000Z</Time>
            <Position>
              <LatitudeDegrees>43.12009233981371</LatitudeDegrees>
              <LongitudeDegrees>-2.5848495215177536</LongitudeDegrees>
            </Position>
            <AltitudeMeters>183.1999969482422</AltitudeMeters>
            <DistanceMeters>914.1300048828125</DistanceMeters>
            <HeartRateBpm>
              <Value>114</Value>
            </HeartRateBpm>
            <Cadence>74</Cadence>
            <Extensions>
              <ns3:TPX>
                <ns3:Speed>5.888000011444092</ns3:Speed>
                <ns3:Watts>246</ns3:Watts>
              </ns3:TPX>
            </Extensions>
          </Trackpoint>
          <Trackpoint>
            <Time>2025-07-25T12:00:04.000Z</Time>
            <Position>
              <LatitudeDegrees>43.12003425322473</LatitudeDegrees>
              <LongitudeDegrees>-2.584818173199892</LongitudeDegrees>
            </Position>
            <AltitudeMeters>183.39999389648438</AltitudeMeters>
            <DistanceMeters>920.02001953125</DistanceMeters>
            <HeartRateBpm>
              <Value>114</Value>
            </HeartRateBpm>
            <Cadence>73</Cadence>
            <Extensions>
              <ns3:TPX>
                <ns3:Speed>5.896999835968018</ns3:Speed>
                <ns3:Watts>288</ns3:Watts>
              </ns3:TPX>
            </Extensions>
          </Trackpoint>
          <Trackpoint>
            <Time>2025-07-25T12:00:05.000Z</Time>
            <Position>
              <LatitudeDegrees>43.119984632357955</LatitudeDegrees>
              <LongitudeDegrees>-2.5847898423671722</LongitudeDegrees>
            </Position>
            <AltitudeMeters>183.39999389648438</AltitudeMeters>
            <DistanceMeters>925.97998046875</DistanceMeters>
            <HeartRateBpm>
              <Value>115</Value>
            </HeartRateBpm>
            <Cadence>74</Cadence>
            <Extensions>
              <ns3:TPX>
                <ns3:Speed>5.961999893188477</ns3:Speed>
                <ns3:Watts>227</ns3:Watts>
              </ns3:TPX>
            </Extensions>
          </Trackpoint>
          <Trackpoint>
            <Time>2025-07-25T12:00:06.000Z</Time>
            <Position>
              <LatitudeDegrees>43.11994674615562</LatitudeDegrees>
              <LongitudeDegrees>-2.5847691390663385</LongitudeDegrees>
            </Position>
            <AltitudeMeters>183.39999389648438</AltitudeMeters>
            <DistanceMeters>931.9199829101562</DistanceMeters>
            <HeartRateBpm>
              <Value>115</Value>
            </HeartRateBpm>
            <Cadence>74</Cadence>
            <Extensions>
              <ns3:TPX>
                <ns3:Speed>5.934000015258789</ns3:Speed>
                <ns3:Watts>260</ns3:Watts>
              </ns3:TPX>
            </Extensions>
          </Trackpoint>
          <Trackpoint>
            <Time>2025-07-25T12:00:07.000Z</Time>
            <Position>
              <LatitudeDegrees>43.11989804729819</LatitudeDegrees>
              <LongitudeDegrees>-2.5847452506422997</LongitudeDegrees>
            </Position>
            <AltitudeMeters>183.60000610351562</AltitudeMeters>
            <DistanceMeters>937.8499755859375</DistanceMeters>
            <HeartRateBpm>
              <Value>115</Value>
            </HeartRateBpm>
            <Cadence>73</Cadence>
            <Extensions>
              <ns3:TPX>
                <ns3:Speed>5.906000137329102</ns3:Speed>
                <ns3:Watts>219</ns3:Watts>
              </ns3:TPX>
            </Extensions>
          </Trackpoint>
          <Trackpoint>
            <Time>2025-07-25T12:00:08.000Z</Time>
            <Position>
              <LatitudeDegrees>43.119839038699865</LatitudeDegrees>
              <LongitudeDegrees>-2.5847173389047384</LongitudeDegrees>
            </Position>
            <AltitudeMeters>183.60000610351562</AltitudeMeters>
            <DistanceMeters>943.7000122070312</DistanceMeters>
            <HeartRateBpm>
              <Value>115</Value>
            </HeartRateBpm>
            <Cadence>73</Cadence>
            <Extensions>
              <ns3:TPX>
                <ns3:Speed>5.860000133514404</ns3:Speed>
                <ns3:Watts>266</ns3:Watts>
              </ns3:TPX>
            </Extensions>
          </Trackpoint>
          <Trackpoint>
            <Time>2025-07-25T12:00:09.000Z</Time>
            <Position>
              <LatitudeDegrees>43.119799979031086</LatitudeDegrees>
              <LongitudeDegrees>-2.5846961326897144</LongitudeDegrees>
            </Position>
            <AltitudeMeters>183.8000030517578</AltitudeMeters>
            <DistanceMeters>949.5399780273438</DistanceMeters>
            <HeartRateBpm>
              <Value>114</Value>
            </HeartRateBpm>
            <Cadence>73</Cadence>
            <Extensions>
              <ns3:TPX>
                <ns3:Speed>5.841000080108643</ns3:Speed>
                <ns3:Watts>255</ns3:Watts>
              </ns3:TPX>
            </Extensions>
          </Trackpoint>
          <Trackpoint>
            <Time>2025-07-25T12:00:10.000Z</Time>
            <Position>
              <LatitudeDegrees>43.119799979031086</LatitudeDegrees>
              <LongitudeDegrees>-2.5846961326897144</LongitudeDegrees>
            </Position>
            <AltitudeMeters>184.0</AltitudeMeters>
            <DistanceMeters>955.3900146484375</DistanceMeters>
            <HeartRateBpm>
              <Value>115</Value>
            </HeartRateBpm>
            <Cadence>72</Cadence>
            <Extensions>
              <ns3:TPX>
                <ns3:Speed>5.860000133514404</ns3:Speed>
                <ns3:Watts>294</ns3:Watts>
              </ns3:TPX>
            </Extensions>
          </Trackpoint>
          <Trackpoint>
            <Time>2025-07-25T12:00:11.000Z</Time>
            <Position>
              <LatitudeDegrees>43.11974105425179</LatitudeDegrees>
              <LongitudeDegrees>-2.5846645329147577</LongitudeDegrees>
            </Position>
            <AltitudeMeters>184.0</AltitudeMeters>
            <DistanceMeters>961.239990234375</DistanceMeters>
            <HeartRateBpm>
              <Value>115</Value>
            </HeartRateBpm>
            <Cadence>72</Cadence>
            <Extensions>
              <ns3:TPX>
                <ns3:Speed>5.860000133514404</ns3:Speed>
                <ns3:Watts>243</ns3:Watts>
              </ns3:TPX>
            </Extensions>
          </Trackpoint>
          <Trackpoint>
            <Time>2025-07-25T12:00:12.000Z</Time>
            <Position>
              <LatitudeDegrees>43.119673412293196</LatitudeDegrees>
              <LongitudeDegrees>-2.5846289098262787</LongitudeDegrees>
            </Position>
            <AltitudeMeters>184.1999969482422</AltitudeMeters>
            <DistanceMeters>967.0599975585938</DistanceMeters>
            <HeartRateBpm>
              <Value>115</Value>
            </HeartRateBpm>
            <Cadence>73</Cadence>
            <Extensions>
              <ns3:TPX>
                <ns3:Speed>5.813000202178955</ns3:Speed>
                <ns3:Watts>243</ns3:Watts>
              </ns3:TPX>
            </Extensions>
          </Trackpoint>
          <Trackpoint>
            <Time>2025-07-25T12:00:13.000Z</Time>
            <Position>
              <LatitudeDegrees>43.11962856911123</LatitudeDegrees>
              <LongitudeDegrees>-2.5846056919544935</LongitudeDegrees>
            </Position>
            <AltitudeMeters>184.1999969482422</AltitudeMeters>
            <DistanceMeters>972.8099975585938</DistanceMeters>
            <HeartRateBpm>
              <Value>115</Value>
            </HeartRateBpm>
            <Cadence>71</Cadence>
            <Extensions>
              <ns3:TPX>
                <ns3:Speed>5.748000144958496</ns3:Speed>
                <ns3:Watts>251</ns3:Watts>
              </ns3:TPX>
            </Extensions>
          </Trackpoint>
          <Trackpoint>
            <Time>2025-07-25T12:00:14.000Z</Time>
            <Position>
              <LatitudeDegrees>43.11958163045347</LatitudeDegrees>
              <LongitudeDegrees>-2.584579875692725</LongitudeDegrees>
            </Position>
            <AltitudeMeters>184.39999389648438</AltitudeMeters>
            <DistanceMeters>978.5999755859375</DistanceMeters>
            <HeartRateBpm>
              <Value>116</Value>
            </HeartRateBpm>
            <Cadence>72</Cadence>
            <Extensions>
              <ns3:TPX>
                <ns3:Speed>5.794000148773193</ns3:Speed>
                <ns3:Watts>228</ns3:Watts>
              </ns3:TPX>
            </Extensions>
          </Trackpoint>
          <Trackpoint>
            <Time>2025-07-25T12:00:15.000Z</Time>
            <Position>
              <LatitudeDegrees>43.11951868236065</LatitudeDegrees>
              <LongitudeDegrees>-2.5845399778336287</LongitudeDegrees>
            </Position>
            <AltitudeMeters>184.60000610351562</AltitudeMeters>
            <DistanceMeters>984.4400024414062</DistanceMeters>
            <HeartRateBpm>
              <Value>116</Value>
            </HeartRateBpm>
            <Cadence>73</Cadence>
            <Extensions>
              <ns3:TPX>
                <ns3:Speed>5.831999778747559</ns3:Speed>
                <ns3:Watts>238</ns3:Watts>
              </ns3:TPX>
            </Extensions>
          </Trackpoint>
          <Trackpoint>
            <Time>2025-07-25T12:00:16.000Z</Time>
            <Position>
              <LatitudeDegrees>43.119469564408064</LatitudeDegrees>
              <LongitudeDegrees>-2.5845158379524946</LongitudeDegrees>
            </Position>
            <AltitudeMeters>184.8000030517578</AltitudeMeters>
            <DistanceMeters>990.280029296875</DistanceMeters>
            <HeartRateBpm>
              <Value>116</Value>
            </HeartRateBpm>
            <Cadence>72</Cadence>
            <Extensions>
              <ns3:TPX>
                <ns3:Speed>5.849999904632568</ns3:Speed>
                <ns3:Watts>199</ns3:Watts>
              </ns3:TPX>
            </Extensions>
          </Trackpoint>
          <Trackpoint>
            <Time>2025-07-25T12:00:17.000Z</Time>
            <Position>
              <LatitudeDegrees>43.1194194406271</LatitudeDegrees>
              <LongitudeDegrees>-2.584492452442646</LongitudeDegrees>
            </Position>
            <AltitudeMeters>184.8000030517578</AltitudeMeters>
            <DistanceMeters>996.2100219726562</DistanceMeters>
            <HeartRateBpm>
              <Value>116</Value>
            </HeartRateBpm>
            <Cadence>73</Cadence>
            <Extensions>
              <ns3:TPX>
                <ns3:Speed>5.925000190734863</ns3:Speed>
                <ns3:Watts>205</ns3:Watts>
              </ns3:TPX>
            </Extensions>
          </Trackpoint>
          <Trackpoint>
            <Time>2025-07-25T12:00:18.000Z</Time>
            <Position>
              <LatitudeDegrees>43.119366550818086</LatitudeDegrees>
              <LongitudeDegrees>-2.584467390552163</LongitudeDegrees>
            </Position>
            <AltitudeMeters>184.8000030517578</AltitudeMeters>
            <DistanceMeters>1002.25</DistanceMeters>
            <HeartRateBpm>
              <Value>117</Value>
            </HeartRateBpm>
            <Cadence>75</Cadence>
            <Extensions>
              <ns3:TPX>
                <ns3:Speed>6.046000003814697</ns3:Speed>
                <ns3:Watts>205</ns3:Watts>
              </ns3:TPX>
            </Extensions>
          </Trackpoint>
          <Trackpoint>
            <Time>2025-07-25T12:00:19.000Z</Time>
            <Position>
              <LatitudeDegrees>43.119317181408405</LatitudeDegrees>
              <LongitudeDegrees>-2.584440065547824</LongitudeDegrees>
            </Position>
            <AltitudeMeters>185.1999969482422</AltitudeMeters>
            <DistanceMeters>1008.3400268554688</DistanceMeters>
            <HeartRateBpm>
              <Value>117</Value>
            </HeartRateBpm>
            <Cadence>74</Cadence>
            <Extensions>
              <ns3:TPX>
                <ns3:Speed>6.084000110626221</ns3:Speed>
                <ns3:Watts>200</ns3:Watts>
              </ns3:TPX>
            </Extensions>
          </Trackpoint>
          <Trackpoint>
            <Time>2025-07-25T12:00:20.000Z</Time>
            <Position>
              <LatitudeDegrees>43.11926940456033</LatitudeDegrees>
              <LongitudeDegrees>-2.5844108127057552</LongitudeDegrees>
            </Position>
            <AltitudeMeters>185.1999969482422</AltitudeMeters>
            <DistanceMeters>1014.4500122070312</DistanceMeters>
            <HeartRateBpm>
              <Value>117</Value>
            </HeartRateBpm>
            <Cadence>78</Cadence>
            <Extensions>
              <ns3:TPX>
                <ns3:Speed>6.111999988555908</ns3:Speed>
                <ns3:Watts>226</ns3:Watts>
              </ns3:TPX>
            </Extensions>
          </Trackpoint>
          <Trackpoint>
            <Time>2025-07-25T12:00:21.000Z</Time>
            <Position>
              <LatitudeDegrees>43.11922011896968</LatitudeDegrees>
              <LongitudeDegrees>-2.584379715844989</LongitudeDegrees>
            </Position>
            <AltitudeMeters>185.39999389648438</AltitudeMeters>
            <DistanceMeters>1020.5999755859375</DistanceMeters>
            <HeartRateBpm>
              <Value>117</Value>
            </HeartRateBpm>
            <Cadence>76</Cadence>
            <Extensions>
              <ns3:TPX>
                <ns3:Speed>6.14900016784668</ns3:Speed>
                <ns3:Watts>244</ns3:Watts>
              </ns3:TPX>
            </Extensions>
          </Trackpoint>
          <Trackpoint>
            <Time>2025-07-25T12:00:22.000Z</Time>
            <Position>
              <LatitudeDegrees>43.11916949227452</LatitudeDegrees>
              <LongitudeDegrees>-2.584348786622286</LongitudeDegrees>
            </Position>
            <AltitudeMeters>185.39999389648438</AltitudeMeters>
            <DistanceMeters>1026.77001953125</DistanceMeters>
            <HeartRateBpm>
              <Value>117</Value>
            </HeartRateBpm>
            <Cadence>74</Cadence>
            <Extensions>
              <ns3:TPX>
                <ns3:Speed>6.168000221252441</ns3:Speed>
                <ns3:Watts>206</ns3:Watts>
              </ns3:TPX>
            </Extensions>
          </Trackpoint>
          <Trackpoint>
            <Time>2025-07-25T12:00:23.000Z</Time>
            <Position>
              <LatitudeDegrees>43.11910931020975</LatitudeDegrees>
              <LongitudeDegrees>-2.5843174383044243</LongitudeDegrees>
            </Position>
            <AltitudeMeters>185.60000610351562</AltitudeMeters>
            <DistanceMeters>1032.81005859375</DistanceMeters>
            <HeartRateBpm>
              <Value>116</Value>
            </HeartRateBpm>
            <Cadence>76</Cadence>
            <Extensions>
              <ns3:TPX>
                <ns3:Speed>6.046000003814697</ns3:Speed>
                <ns3:Watts>221</ns3:Watts>
              </ns3:TPX>
            </Extensions>
          </Trackpoint>
          <Trackpoint>
            <Time>2025-07-25T12:00:24.000Z</Time>
            <Position>
              <LatitudeDegrees>43.11906999908388</LatitudeDegrees>
              <LongitudeDegrees>-2.5842979922890663</LongitudeDegrees>
            </Position>
            <AltitudeMeters>185.8000030517578</AltitudeMeters>
            <DistanceMeters>1038.800048828125</DistanceMeters>
            <HeartRateBpm>
              <Value>116</Value>
            </HeartRateBpm>
            <Cadence>75</Cadence>
            <Extensions>
              <ns3:TPX>
                <ns3:Speed>5.989999771118164</ns3:Speed>
                <ns3:Watts>189</ns3:Watts>
              </ns3:TPX>
            </Extensions>
          </Trackpoint>
          <Trackpoint>
            <Time>2025-07-25T12:00:25.000Z</Time>
            <Position>
              <LatitudeDegrees>43.1190203782171</LatitudeDegrees>
              <LongitudeDegrees>-2.5842732656747103</LongitudeDegrees>
            </Position>
            <AltitudeMeters>185.8000030517578</AltitudeMeters>
            <DistanceMeters>1044.7900390625</DistanceMeters>
            <HeartRateBpm>
              <Value>117</Value>
            </HeartRateBpm>
            <Cadence>73</Cadence>
            <Extensions>
              <ns3:TPX>
                <ns3:Speed>5.980999946594238</ns3:Speed>
                <ns3:Watts>248</ns3:Watts>
              </ns3:TPX>
            </Extensions>
          </Trackpoint>
          <Trackpoint>
            <Time>2025-07-25T12:00:26.000Z</Time>
            <Position>
              <LatitudeDegrees>43.11896908096969</LatitudeDegrees>
              <LongitudeDegrees>-2.5842449348419905</LongitudeDegrees>
            </Position>
            <AltitudeMeters>186.0</AltitudeMeters>
            <DistanceMeters>1050.75</DistanceMeters>
            <HeartRateBpm>
              <Value>117</Value>
            </HeartRateBpm>
            <Cadence>73</Cadence>
            <Extensions>
              <ns3:TPX>
                <ns3:Speed>5.961999893188477</ns3:Speed>
                <ns3:Watts>232</ns3:Watts>
              </ns3:TPX>
            </Extensions>
          </Trackpoint>
          <Trackpoint>
            <Time>2025-07-25T12:00:27.000Z</Time>
            <Position>
              <LatitudeDegrees>43.11891761608422</LatitudeDegrees>
              <LongitudeDegrees>-2.5842142570763826</LongitudeDegrees>
            </Position>
            <AltitudeMeters>186.0</AltitudeMeters>
            <DistanceMeters>1056.800048828125</DistanceMeters>
            <HeartRateBpm>
              <Value>116</Value>
            </HeartRateBpm>
            <Cadence>74</Cadence>
            <Extensions>
              <ns3:TPX>
                <ns3:Speed>6.046000003814697</ns3:Speed>
                <ns3:Watts>247</ns3:Watts>
              </ns3:TPX>
            </Extensions>
          </Trackpoint>
          <Trackpoint>
            <Time>2025-07-25T12:00:28.000Z</Time>
            <Position>
              <LatitudeDegrees>43.11886489391327</LatitudeDegrees>
              <LongitudeDegrees>-2.584186429157853</LongitudeDegrees>
            </Position>
            <AltitudeMeters>186.1999969482422</AltitudeMeters>
            <DistanceMeters>1062.8699951171875</DistanceMeters>
            <HeartRateBpm>
              <Value>117</Value>
            </HeartRateBpm>
            <Cadence>76</Cadence>
            <Extensions>
              <ns3:TPX>
                <ns3:Speed>6.073999881744385</ns3:Speed>
                <ns3:Watts>210</ns3:Watts>
              </ns3:TPX>
            </Extensions>
          </Trackpoint>
          <Trackpoint>
            <Time>2025-07-25T12:00:29.000Z</Time>
            <Position>
              <LatitudeDegrees>43.118813848122954</LatitudeDegrees>
              <LongitudeDegrees>-2.584159020334482</LongitudeDegrees>
            </Position>
            <AltitudeMeters>186.1999969482422</AltitudeMeters>
            <DistanceMeters>1068.949951171875</DistanceMeters>
            <HeartRateBpm>
              <Value>116</Value>
            </HeartRateBpm>
            <Cadence>75</Cadence>
            <Extensions>
              <ns3:TPX>
                <ns3:Speed>6.084000110626221</ns3:Speed>
                <ns3:Watts>230</ns3:Watts>
              </ns3:TPX>
            </Extensions>
          </Trackpoint>
          <Trackpoint>
            <Time>2025-07-25T12:00:30.000Z</Time>
            <Position>
              <LatitudeDegrees>43.11876464635134</LatitudeDegrees>
              <LongitudeDegrees>-2.58412959985435</LongitudeDegrees>
            </Position>
            <AltitudeMeters>186.1999969482422</AltitudeMeters>
            <DistanceMeters>1075.02001953125</DistanceMeters>
            <HeartRateBpm>
              <Value>116</Value>
            </HeartRateBpm>
            <Cadence>75</Cadence>
            <Extensions>
              <ns3:TPX>
                <ns3:Speed>6.065000057220459</ns3:Speed>
                <ns3:Watts>202</ns3:Watts>
              </ns3:TPX>
            </Extensions>
          </Trackpoint>
          <Trackpoint>
            <Time>2025-07-25T12:00:31.000Z</Time>
            <Position>
              <LatitudeDegrees>43.118716115131974</LatitudeDegrees>
              <LongitudeDegrees>-2.5841041188687086</LongitudeDegrees>
            </Position>
            <AltitudeMeters>186.39999389648438</AltitudeMeters>
            <DistanceMeters>1081.0999755859375</DistanceMeters>
            <HeartRateBpm>
              <Value>117</Value>
            </HeartRateBpm>
            <Cadence>76</Cadence>
            <Extensions>
              <ns3:TPX>
                <ns3:Speed>6.084000110626221</ns3:Speed>
                <ns3:Watts>229</ns3:Watts>
              </ns3:TPX>
            </Extensions>
          </Trackpoint>
          <Trackpoint>
            <Time>2025-07-25T12:00:32.000Z</Time>
            <Position>
              <LatitudeDegrees>43.11866565607488</LatitudeDegrees>
              <LongitudeDegrees>-2.5840824097394943</LongitudeDegrees>
            </Position>
            <AltitudeMeters>186.39999389648438</AltitudeMeters>
            <DistanceMeters>1087.1800537109375</DistanceMeters>
            <HeartRateBpm>
              <Value>117</Value>
            </HeartRateBpm>
            <Cadence>75</Cadence>
            <Extensions>
              <ns3:TPX>
                <ns3:Speed>6.073999881744385</ns3:Speed>
                <ns3:Watts>208</ns3:Watts>
              </ns3:TPX>
            </Extensions>
          </Trackpoint>
          <Trackpoint>
            <Time>2025-07-25T12:00:33.000Z</Time>
            <Position>
              <LatitudeDegrees>43.118613520637155</LatitudeDegrees>
              <LongitudeDegrees>-2.5840620417147875</LongitudeDegrees>
            </Position>
            <AltitudeMeters>186.39999389648438</AltitudeMeters>
            <DistanceMeters>1093.260009765625</DistanceMeters>
            <HeartRateBpm>
              <Value>117</Value>
            </HeartRateBpm>
            <Cadence>76</Cadence>
            <Extensions>
              <ns3:TPX>
                <ns3:Speed>6.084000110626221</ns3:Speed>
                <ns3:Watts>243</ns3:Watts>
              </ns3:TPX>
            </Extensions>
          </Trackpoint>
          <Trackpoint>
            <Time>2025-07-25T12:00:34.000Z</Time>
            <Position>
              <LatitudeDegrees>43.118560211732984</LatitudeDegrees>
              <LongitudeDegrees>-2.5840481277555227</LongitudeDegrees>
            </Position>
            <AltitudeMeters>186.60000610351562</AltitudeMeters>
            <DistanceMeters>1099.3699951171875</DistanceMeters>
            <HeartRateBpm>
              <Value>117</Value>
            </HeartRateBpm>
            <Cadence>75</Cadence>
            <Extensions>
              <ns3:TPX>
                <ns3:Speed>6.111999988555908</ns3:Speed>
                <ns3:Watts>220</ns3:Watts>
              </ns3:TPX>
            </Extensions>
          </Trackpoint>
          <Trackpoint>
            <Time>2025-07-25T12:00:35.000Z</Time>
            <Position>
              <LatitudeDegrees>43.11850715428591</LatitudeDegrees>
              <LongitudeDegrees>-2.5840361416339874</LongitudeDegrees>
            </Position>
            <AltitudeMeters>186.60000610351562</AltitudeMeters>
            <DistanceMeters>1105.449951171875</DistanceMeters>
            <HeartRateBpm>
              <Value>117</Value>
            </HeartRateBpm>
            <Cadence>75</Cadence>
            <Extensions>
              <ns3:TPX>
                <ns3:Speed>6.073999881744385</ns3:Speed>
                <ns3:Watts>237</ns3:Watts>
              </ns3:TPX>
            </Extensions>
          </Trackpoint>
          <Trackpoint>
            <Time>2025-07-25T12:00:36.000Z</Time>
            <Position>
              <LatitudeDegrees>43.11845493502915</LatitudeDegrees>
              <LongitudeDegrees>-2.5840237364172935</LongitudeDegrees>
            </Position>
            <AltitudeMeters>186.60000610351562</AltitudeMeters>
            <DistanceMeters>1111.4200439453125</DistanceMeters>
            <HeartRateBpm>
              <Value>117</Value>
            </HeartRateBpm>
            <Cadence>76</Cadence>
            <Extensions>
              <ns3:TPX>
                <ns3:Speed>5.980999946594238</ns3:Speed>
                <ns3:Watts>221</ns3:Watts>
              </ns3:TPX>
            </Extensions>
          </Trackpoint>
          <Trackpoint>
            <Time>2025-07-25T12:00:37.000Z</Time>
            <Position>
              <LatitudeDegrees>43.11840170994401</LatitudeDegrees>
              <LongitudeDegrees>-2.5840163603425026</LongitudeDegrees>
            </Position>
            <AltitudeMeters>186.60000610351562</AltitudeMeters>
            <DistanceMeters>1117.3800048828125</DistanceMeters>
            <HeartRateBpm>
              <Value>117</Value>
            </HeartRateBpm>
            <Cadence>74</Cadence>
            <Extensions>
              <ns3:TPX>
                <ns3:Speed>5.953000068664551</ns3:Speed>
                <ns3:Watts>265</ns3:Watts>
              </ns3:TPX>
            </Extensions>
          </Trackpoint>
          <Trackpoint>
            <Time>2025-07-25T12:00:38.000Z</Time>
            <Position>
              <LatitudeDegrees>43.118347730487585</LatitudeDegrees>
              <LongitudeDegrees>-2.5840152706950903</LongitudeDegrees>
            </Position>
            <AltitudeMeters>186.60000610351562</AltitudeMeters>
            <DistanceMeters>1123.3299560546875</DistanceMeters>
            <HeartRateBpm>
              <Value>117</Value>
            </HeartRateBpm>
            <Cadence>74</Cadence>
            <Extensions>
              <ns3:TPX>
                <ns3:Speed>5.953000068664551</ns3:Speed>
                <ns3:Watts>214</ns3:Watts>
              </ns3:TPX>
            </Extensions>
          </Trackpoint>
          <Trackpoint>
            <Time>2025-07-25T12:00:39.000Z</Time>
            <Position>
              <LatitudeDegrees>43.11829383485019</LatitudeDegrees>
              <LongitudeDegrees>-2.584015103057027</LongitudeDegrees>
            </Position>
            <AltitudeMeters>186.8000030517578</AltitudeMeters>
            <DistanceMeters>1129.3199462890625</DistanceMeters>
            <HeartRateBpm>
              <Value>117</Value>
            </HeartRateBpm>
            <Cadence>73</Cadence>
            <Extensions>
              <ns3:TPX>
                <ns3:Speed>5.980999946594238</ns3:Speed>
                <ns3:Watts>233</ns3:Watts>
              </ns3:TPX>
            </Extensions>
          </Trackpoint>
          <Trackpoint>
            <Time>2025-07-25T12:00:40.000Z</Time>
            <Position>
              <LatitudeDegrees>43.118238765746355</LatitudeDegrees>
              <LongitudeDegrees>-2.5840149354189634</LongitudeDegrees>
            </Position>
            <AltitudeMeters>186.8000030517578</AltitudeMeters>
            <DistanceMeters>1135.2900390625</DistanceMeters>
            <HeartRateBpm>
              <Value>116</Value>
            </HeartRateBpm>
            <Cadence>73</Cadence>
            <Extensions>
              <ns3:TPX>
                <ns3:Speed>5.980999946594238</ns3:Speed>
                <ns3:Watts>203</ns3:Watts>
              </ns3:TPX>
            </Extensions>
          </Trackpoint>
          <Trackpoint>
            <Time>2025-07-25T12:00:41.000Z</Time>
            <Position>
              <LatitudeDegrees>43.118185037747025</LatitudeDegrees>
              <LongitudeDegrees>-2.5840160250663757</LongitudeDegrees>
            </Position>
            <AltitudeMeters>186.8000030517578</AltitudeMeters>
            <DistanceMeters>1141.31005859375</DistanceMeters>
            <HeartRateBpm>
              <Value>116</Value>
            </HeartRateBpm>
            <Cadence>75</Cadence>
            <Extensions>
              <ns3:TPX>
                <ns3:Speed>6.01800012588501</ns3:Speed>
                <ns3:Watts>234</ns3:Watts>
              </ns3:TPX>
            </Extensions>
          </Trackpoint>
          <Trackpoint>
            <Time>2025-07-25T12:00:42.000Z</Time>
            <Position>
              <LatitudeDegrees>43.11813198029995</LatitudeDegrees>
              <LongitudeDegrees>-2.584018288180232</LongitudeDegrees>
            </Position>
            <AltitudeMeters>187.0</AltitudeMeters>
            <DistanceMeters>1147.3199462890625</DistanceMeters>
            <HeartRateBpm>
              <Value>116</Value>
            </HeartRateBpm>
            <Cadence>75</Cadence>
            <Extensions>
              <ns3:TPX>
                <ns3:Speed>6.008999824523926</ns3:Speed>
                <ns3:Watts>194</ns3:Watts>
              </ns3:TPX>
            </Extensions>
          </Trackpoint>
          <Trackpoint>
            <Time>2025-07-25T12:00:43.000Z</Time>
            <Position>
              <LatitudeDegrees>43.11807825230062</LatitudeDegrees>
              <LongitudeDegrees>-2.5840220600366592</LongitudeDegrees>
            </Position>
            <AltitudeMeters>187.1999969482422</AltitudeMeters>
            <DistanceMeters>1153.300048828125</DistanceMeters>
            <HeartRateBpm>
              <Value>116</Value>
            </HeartRateBpm>
            <Cadence>74</Cadence>
            <Extensions>
              <ns3:TPX>
                <ns3:Speed>5.980999946594238</ns3:Speed>
                <ns3:Watts>216</ns3:Watts>
              </ns3:TPX>
            </Extensions>
          </Trackpoint>
          <Trackpoint>
            <Time>2025-07-25T12:00:44.000Z</Time>
            <Position>
              <LatitudeDegrees>43.11802485957742</LatitudeDegrees>
              <LongitudeDegrees>-2.5840261671692133</LongitudeDegrees>
            </Position>
            <AltitudeMeters>187.1999969482422</AltitudeMeters>
            <DistanceMeters>1159.2900390625</DistanceMeters>
            <HeartRateBpm>
              <Value>116</Value>
            </HeartRateBpm>
            <Cadence>74</Cadence>
            <Extensions>
              <ns3:TPX>
                <ns3:Speed>5.980999946594238</ns3:Speed>
                <ns3:Watts>196</ns3:Watts>
              </ns3:TPX>
            </Extensions>
          </Trackpoint>
          <Trackpoint>
            <Time>2025-07-25T12:00:45.000Z</Time>
            <Position>
              <LatitudeDegrees>43.117971466854215</LatitudeDegrees>
              <LongitudeDegrees>-2.584030358120799</LongitudeDegrees>
            </Position>
            <AltitudeMeters>187.39999389648438</AltitudeMeters>
            <DistanceMeters>1165.300048828125</DistanceMeters>
            <HeartRateBpm>
              <Value>116</Value>
            </HeartRateBpm>
            <Cadence>75</Cadence>
            <Extensions>
              <ns3:TPX>
                <ns3:Speed>6.01800012588501</ns3:Speed>
                <ns3:Watts>197</ns3:Watts>
              </ns3:TPX>
            </Extensions>
          </Trackpoint>
          <Trackpoint>
            <Time>2025-07-25T12:00:46.000Z</Time>
            <Position>
              <LatitudeDegrees>43.11791715212166</LatitudeDegrees>
              <LongitudeDegrees>-2.584034549072385</LongitudeDegrees>
            </Position>
            <AltitudeMeters>187.60000610351562</AltitudeMeters>
            <DistanceMeters>1171.31005859375</DistanceMeters>
            <HeartRateBpm>
              <Value>116</Value>
            </HeartRateBpm>
            <Cadence>74</Cadence>
            <Extensions>
              <ns3:TPX>
                <ns3:Speed>6.008999824523926</ns3:Speed>
                <ns3:Watts>185</ns3:Watts>
              </ns3:TPX>
            </Extensions>
          </Trackpoint>
          <Trackpoint>
            <Time>2025-07-25T12:00:47.000Z</Time>
            <Position>
              <LatitudeDegrees>43.11786468140781</LatitudeDegrees>
              <LongitudeDegrees>-2.5840358901768923</LongitudeDegrees>
            </Position>
            <AltitudeMeters>187.8000030517578</AltitudeMeters>
            <DistanceMeters>1177.3599853515625</DistanceMeters>
            <HeartRateBpm>
              <Value>116</Value>
            </HeartRateBpm>
            <Cadence>77</Cadence>
            <Extensions>
              <ns3:TPX>
                <ns3:Speed>6.056000232696533</ns3:Speed>
                <ns3:Watts>166</ns3:Watts>
              </ns3:TPX>
            </Extensions>
          </Trackpoint>
          <Trackpoint>
            <Time>2025-07-25T12:00:48.000Z</Time>
            <Position>
              <LatitudeDegrees>43.11781380325556</LatitudeDegrees>
              <LongitudeDegrees>-2.584035722538829</LongitudeDegrees>
            </Position>
            <AltitudeMeters>187.8000030517578</AltitudeMeters>
            <DistanceMeters>1183.4200439453125</DistanceMeters>
            <HeartRateBpm>
              <Value>116</Value>
            </HeartRateBpm>
            <Cadence>77</Cadence>
            <Extensions>
              <ns3:TPX>
                <ns3:Speed>6.056000232696533</ns3:Speed>
                <ns3:Watts>169</ns3:Watts>
              </ns3:TPX>
            </Extensions>
          </Trackpoint>
          <Trackpoint>
            <Time>2025-07-25T12:00:49.000Z</Time>
            <Position>
              <LatitudeDegrees>43.11775756068528</LatitudeDegrees>
              <LongitudeDegrees>-2.584036812186241</LongitudeDegrees>
            </Position>
            <AltitudeMeters>187.8000030517578</AltitudeMeters>
            <DistanceMeters>1189.489990234375</DistanceMeters>
            <HeartRateBpm>
              <Value>115</Value>
            </HeartRateBpm>
            <Cadence>74</Cadence>
            <Extensions>
              <ns3:TPX>
                <ns3:Speed>6.056000232696533</ns3:Speed>
                <ns3:Watts>195</ns3:Watts>
              </ns3:TPX>
            </Extensions>
          </Trackpoint>
          <Trackpoint>
            <Time>2025-07-25T12:00:50.000Z</Time>
            <Position>
              <LatitudeDegrees>43.11769268475473</LatitudeDegrees>
              <LongitudeDegrees>-2.5840384047478437</LongitudeDegrees>
            </Position>
            <AltitudeMeters>187.8000030517578</AltitudeMeters>
            <DistanceMeters>1195.5400390625</DistanceMeters>
            <HeartRateBpm>
              <Value>115</Value>
            </HeartRateBpm>
            <Cadence>75</Cadence>
            <Extensions>
              <ns3:TPX>
                <ns3:Speed>6.065000057220459</ns3:Speed>
                <ns3:Watts>193</ns3:Watts>
              </ns3:TPX>
            </Extensions>
          </Trackpoint>
          <Trackpoint>
            <Time>2025-07-25T12:00:51.000Z</Time>
            <Position>
              <LatitudeDegrees>43.11763937585056</LatitudeDegrees>
              <LongitudeDegrees>-2.584037482738495</LongitudeDegrees>
            </Position>
            <AltitudeMeters>188.0</AltitudeMeters>
            <DistanceMeters>1201.5799560546875</DistanceMeters>
            <HeartRateBpm>
              <Value>115</Value>
            </HeartRateBpm>
            <Cadence>77</Cadence>
            <Extensions>
              <ns3:TPX>
                <ns3:Speed>6.0370001792907715</ns3:Speed>
                <ns3:Watts>236</ns3:Watts>
              </ns3:TPX>
            </Extensions>
          </Trackpoint>
          <Trackpoint>
            <Time>2025-07-25T12:00:52.000Z</Time>
            <Position>
              <LatitudeDegrees>43.11759788542986</LatitudeDegrees>
              <LongitudeDegrees>-2.5840384885668755</LongitudeDegrees>
            </Position>
            <AltitudeMeters>188.0</AltitudeMeters>
            <DistanceMeters>1207.5699462890625</DistanceMeters>
            <HeartRateBpm>
              <Value>115</Value>
            </HeartRateBpm>
            <Cadence>74</Cadence>
            <Extensions>
              <ns3:TPX>
                <ns3:Speed>5.989999771118164</ns3:Speed>
                <ns3:Watts>220</ns3:Watts>
              </ns3:TPX>
            </Extensions>
          </Trackpoint>
          <Trackpoint>
            <Time>2025-07-25T12:00:53.000Z</Time>
            <Position>
              <LatitudeDegrees>43.117545414716005</LatitudeDegrees>
              <LongitudeDegrees>-2.584041254594922</LongitudeDegrees>
            </Position>
            <AltitudeMeters>188.0</AltitudeMeters>
            <DistanceMeters>1213.5</DistanceMeters>
            <HeartRateBpm>
              <Value>115</Value>
            </HeartRateBpm>
            <Cadence>75</Cadence>
            <Extensions>
              <ns3:TPX>
                <ns3:Speed>5.934000015258789</ns3:Speed>
                <ns3:Watts>256</ns3:Watts>
              </ns3:TPX>
            </Extensions>
          </Trackpoint>
          <Trackpoint>
            <Time>2025-07-25T12:00:54.000Z</Time>
            <Position>
              <LatitudeDegrees>43.11749151907861</LatitudeDegrees>
              <LongitudeDegrees>-2.584047792479396</LongitudeDegrees>
            </Position>
            <AltitudeMeters>188.1999969482422</AltitudeMeters>
            <DistanceMeters>1219.43994140625</DistanceMeters>
            <HeartRateBpm>
              <Value>115</Value>
            </HeartRateBpm>
            <Cadence>74</Cadence>
            <Extensions>
              <ns3:TPX>
                <ns3:Speed>5.943999767303467</ns3:Speed>
                <ns3:Watts>219</ns3:Watts>
              </ns3:TPX>
            </Extensions>
          </Trackpoint>
          <Trackpoint>
            <Time>2025-07-25T12:00:55.000Z</Time>
            <Position>
              <LatitudeDegrees>43.11743854545057</LatitudeDegrees>
              <LongitudeDegrees>-2.5840525701642036</LongitudeDegrees>
            </Position>
            <AltitudeMeters>188.39999389648438</AltitudeMeters>
            <DistanceMeters>1225.3800048828125</DistanceMeters>
            <HeartRateBpm>
              <Value>115</Value>
            </HeartRateBpm>
            <Cadence>74</Cadence>
            <Extensions>
              <ns3:TPX>
                <ns3:Speed>5.925000190734863</ns3:Speed>
                <ns3:Watts>250</ns3:Watts>
              </ns3:TPX>
            </Extensions>
          </Trackpoint>
          <Trackpoint>
            <Time>2025-07-25T12:00:56.000Z</Time>
            <Position>
              <LatitudeDegrees>43.117373837158084</LatitudeDegrees>
              <LongitudeDegrees>-2.5840612035244703</LongitudeDegrees>
            </Position>
            <AltitudeMeters>188.60000610351562</AltitudeMeters>
            <DistanceMeters>1231.3399658203125</DistanceMeters>
            <HeartRateBpm>
              <Value>115</Value>
            </HeartRateBpm>
            <Cadence>74</Cadence>
            <Extensions>
              <ns3:TPX>
                <ns3:Speed>5.961999893188477</ns3:Speed>
                <ns3:Watts>222</ns3:Watts>
              </ns3:TPX>
            </Extensions>
          </Trackpoint>
          <Trackpoint>
            <Time>2025-07-25T12:00:57.000Z</Time>
            <Position>
              <LatitudeDegrees>43.117332849651575</LatitudeDegrees>
              <LongitudeDegrees>-2.5840684957802296</LongitudeDegrees>
            </Position>
            <AltitudeMeters>188.60000610351562</AltitudeMeters>
            <DistanceMeters>1237.2900390625</DistanceMeters>
            <HeartRateBpm>
              <Value>115</Value>
            </HeartRateBpm>
            <Cadence>74</Cadence>
            <Extensions>
              <ns3:TPX>
                <ns3:Speed>5.961999893188477</ns3:Speed>
                <ns3:Watts>232</ns3:Watts>
              </ns3:TPX>
            </Extensions>
          </Trackpoint>
          <Trackpoint>
            <Time>2025-07-25T12:00:58.000Z</Time>
            <Position>
              <LatitudeDegrees>43.11727199703455</LatitudeDegrees>
              <LongitudeDegrees>-2.5840776320546865</LongitudeDegrees>
            </Position>
            <AltitudeMeters>188.60000610351562</AltitudeMeters>
            <DistanceMeters>1243.219970703125</DistanceMeters>
            <HeartRateBpm>
              <Value>115</Value>
            </HeartRateBpm>
            <Cadence>73</Cadence>
            <Extensions>
              <ns3:TPX>
                <ns3:Speed>5.925000190734863</ns3:Speed>
                <ns3:Watts>232</ns3:Watts>
              </ns3:TPX>
            </Extensions>
          </Trackpoint>
          <Trackpoint>
            <Time>2025-07-25T12:00:59.000Z</Time>
            <Position>
              <LatitudeDegrees>43.11722313053906</LatitudeDegrees>
              <LongitudeDegrees>-2.5840853434056044</LongitudeDegrees>
            </Position>
            <AltitudeMeters>188.60000610351562</AltitudeMeters>
            <DistanceMeters>1249.260009765625</DistanceMeters>
            <HeartRateBpm>
              <Value>116</Value>
            </HeartRateBpm>
            <Cadence>76</Cadence>
            <Extensions>
              <ns3:TPX>
                <ns3:Speed>6.0370001792907715</ns3:Speed>
                <ns3:Watts>252</ns3:Watts>
              </ns3:TPX>
            </Extensions>
          </Trackpoint>
          <Trackpoint>
            <Time>2025-07-25T12:01:00.000Z</Time>
            <Position>
              <LatitudeDegrees>43.11718214303255</LatitudeDegrees>
              <LongitudeDegrees>-2.584098167717457</LongitudeDegrees>
            </Position>
            <AltitudeMeters>188.60000610351562</AltitudeMeters>
            <DistanceMeters>1255.3399658203125</DistanceMeters>
            <HeartRateBpm>
              <Value>116</Value>
            </HeartRateBpm>
            <Cadence>76</Cadence>
            <Extensions>
              <ns3:TPX>
                <ns3:Speed>6.084000110626221</ns3:Speed>
                <ns3:Watts>217</ns3:Watts>
              </ns3:TPX>
            </Extensions>
          </Trackpoint>
          <Trackpoint>
            <Time>2025-07-25T12:01:01.000Z</Time>
            <Position>
              <LatitudeDegrees>43.11711894348264</LatitudeDegrees>
              <LongitudeDegrees>-2.5841206312179565</LongitudeDegrees>
            </Position>
            <AltitudeMeters>188.60000610351562</AltitudeMeters>
            <DistanceMeters>1261.469970703125</DistanceMeters>
            <HeartRateBpm>
              <Value>116</Value>
            </HeartRateBpm>
            <Cadence>74</Cadence>
            <Extensions>
              <ns3:TPX>
                <ns3:Speed>6.120999813079834</ns3:Speed>
                <ns3:Watts>228</ns3:Watts>
              </ns3:TPX>
            </Extensions>
          </Trackpoint>
          <Trackpoint>
            <Time>2025-07-25T12:01:02.000Z</Time>
            <Position>
              <LatitudeDegrees>43.11707560904324</LatitudeDegrees>
              <LongitudeDegrees>-2.584139574319124</LongitudeDegrees>
            </Position>
            <AltitudeMeters>188.60000610351562</AltitudeMeters>
            <DistanceMeters>1267.550048828125</DistanceMeters>
            <HeartRateBpm>
              <Value>117</Value>
            </HeartRateBpm>
            <Cadence>74</Cadence>
            <Extensions>
              <ns3:TPX>
                <ns3:Speed>6.084000110626221</ns3:Speed>
                <ns3:Watts>196</ns3:Watts>
              </ns3:TPX>
            </Extensions>
          </Trackpoint>
          <Trackpoint>
            <Time>2025-07-25T12:01:03.000Z</Time>
            <Position>
              <LatitudeDegrees>43.11702288687229</LatitudeDegrees>
              <LongitudeDegrees>-2.584164971485734</LongitudeDegrees>
            </Position>
            <AltitudeMeters>188.8000030517578</AltitudeMeters>
            <DistanceMeters>1273.6400146484375</DistanceMeters>
            <HeartRateBpm>
              <Value>117</Value>
            </HeartRateBpm>
            <Cadence>78</Cadence>
            <Extensions>
              <ns3:TPX>
                <ns3:Speed>6.0929999351501465</ns3:Speed>
                <ns3:Watts>225</ns3:Watts>
              </ns3:TPX>
            </Extensions>
          </Trackpoint>
          <Trackpoint>
            <Time>2025-07-25T12:01:04.000Z</Time>
            <Position>
              <LatitudeDegrees>43.11697234399617</LatitudeDegrees>
              <LongitudeDegrees>-2.5841919612139463</LongitudeDegrees>
            </Position>
            <AltitudeMeters>188.8000030517578</AltitudeMeters>
            <DistanceMeters>1279.6700439453125</DistanceMeters>
            <HeartRateBpm>
              <Value>117</Value>
            </HeartRateBpm>
            <Cadence>76</Cadence>
            <Extensions>
              <ns3:TPX>
                <ns3:Speed>6.0370001792907715</ns3:Speed>
                <ns3:Watts>250</ns3:Watts>
              </ns3:TPX>
            </Extensions>
          </Trackpoint>
          <Trackpoint>
            <Time>2025-07-25T12:01:05.000Z</Time>
            <Position>
              <LatitudeDegrees>43.11691526323557</LatitudeDegrees>
              <LongitudeDegrees>-2.5842223037034273</LongitudeDegrees>
            </Position>
            <AltitudeMeters>189.0</AltitudeMeters>
            <DistanceMeters>1285.780029296875</DistanceMeters>
            <HeartRateBpm>
              <Value>117</Value>
            </HeartRateBpm>
            <Cadence>76</Cadence>
            <Extensions>
              <ns3:TPX>
                <ns3:Speed>6.1020002365112305</ns3:Speed>
                <ns3:Watts>275</ns3:Watts>
              </ns3:TPX>
            </Extensions>
          </Trackpoint>
          <Trackpoint>
            <Time>2025-07-25T12:01:06.000Z</Time>
            <Position>
              <LatitudeDegrees>43.116865726187825</LatitudeDegrees>
              <LongitudeDegrees>-2.5842472817748785</LongitudeDegrees>
            </Position>
            <AltitudeMeters>189.1999969482422</AltitudeMeters>
            <DistanceMeters>1291.8800048828125</DistanceMeters>
            <HeartRateBpm>
              <Value>118</Value>
            </HeartRateBpm>
            <Cadence>75</Cadence>
            <Extensions>
              <ns3:TPX>
                <ns3:Speed>6.1020002365112305</ns3:Speed>
                <ns3:Watts>229</ns3:Watts>
              </ns3:TPX>
            </Extensions>
          </Trackpoint>
          <Trackpoint>
            <Time>2025-07-25T12:01:07.000Z</Time>
            <Position>
              <LatitudeDegrees>43.116815937682986</LatitudeDegrees>
              <LongitudeDegrees>-2.5842702481895685</LongitudeDegrees>
            </Position>
            <AltitudeMeters>189.1999969482422</AltitudeMeters>
            <DistanceMeters>1297.949951171875</DistanceMeters>
            <HeartRateBpm>
              <Value>118</Value>
            </HeartRateBpm>
            <Cadence>76</Cadence>
            <Extensions>
              <ns3:TPX>
                <ns3:Speed>6.065000057220459</ns3:Speed>
                <ns3:Watts>224</ns3:Watts>
              </ns3:TPX>
            </Extensions>
          </Trackpoint>
          <Trackpoint>
            <Time>2025-07-25T12:01:08.000Z</Time>
            <Position>
              <LatitudeDegrees>43.11676757410169</LatitudeDegrees>
              <LongitudeDegrees>-2.5842915382236242</LongitudeDegrees>
            </Position>
            <AltitudeMeters>189.1999969482422</AltitudeMeters>
            <DistanceMeters>1304.0</DistanceMeters>
            <HeartRateBpm>
              <Value>118</Value>
            </HeartRateBpm>
            <Cadence>75</Cadence>
            <Extensions>
              <ns3:TPX>
                <ns3:Speed>6.056000232696533</ns3:Speed>
                <ns3:Watts>248</ns3:Watts>
              </ns3:TPX>
            </Extensions>
          </Trackpoint>
          <Trackpoint>
            <Time>2025-07-25T12:01:09.000Z</Time>
            <Position>
              <LatitudeDegrees>43.1167166121304</LatitudeDegrees>
              <LongitudeDegrees>-2.5843117386102676</LongitudeDegrees>
            </Position>
            <AltitudeMeters>189.60000610351562</AltitudeMeters>
            <DistanceMeters>1310.1199951171875</DistanceMeters>
            <HeartRateBpm>
              <Value>118</Value>
            </HeartRateBpm>
            <Cadence>74</Cadence>
            <Extensions>
              <ns3:TPX>
                <ns3:Speed>6.120999813079834</ns3:Speed>
                <ns3:Watts>212</ns3:Watts>
              </ns3:TPX>
            </Extensions>
          </Trackpoint>
          <Trackpoint>
            <Time>2025-07-25T12:01:10.000Z</Time>
            <Position>
              <LatitudeDegrees>43.11666917055845</LatitudeDegrees>
              <LongitudeDegrees>-2.584329005330801</LongitudeDegrees>
            </Position>
            <AltitudeMeters>189.60000610351562</AltitudeMeters>
            <DistanceMeters>1316.3399658203125</DistanceMeters>
            <HeartRateBpm>
              <Value>118</Value>
            </HeartRateBpm>
            <Cadence>76</Cadence>
            <Extensions>
              <ns3:TPX>
                <ns3:Speed>6.214000225067139</ns3:Speed>
                <ns3:Watts>266</ns3:Watts>
              </ns3:TPX>
            </Extensions>
          </Trackpoint>
          <Trackpoint>
            <Time>2025-07-25T12:01:11.000Z</Time>
            <Position>
              <LatitudeDegrees>43.11661887913942</LatitudeDegrees>
              <LongitudeDegrees>-2.5843430031090975</LongitudeDegrees>
            </Position>
            <AltitudeMeters>189.60000610351562</AltitudeMeters>
            <DistanceMeters>1322.6199951171875</DistanceMeters>
            <HeartRateBpm>
              <Value>119</Value>
            </HeartRateBpm>
            <Cadence>77</Cadence>
            <Extensions>
              <ns3:TPX>
                <ns3:Speed>6.289000034332275</ns3:Speed>
                <ns3:Watts>206</ns3:Watts>
              </ns3:TPX>
            </Extensions>
          </Trackpoint>
          <Trackpoint>
            <Time>2025-07-25T12:01:12.000Z</Time>
            <Position>
              <LatitudeDegrees>43.11656531877816</LatitudeDegrees>
              <LongitudeDegrees>-2.5843520555645227</LongitudeDegrees>
            </Position>
            <AltitudeMeters>189.8000030517578</AltitudeMeters>
            <DistanceMeters>1328.97998046875</DistanceMeters>
            <HeartRateBpm>
              <Value>119</Value>
            </HeartRateBpm>
            <Cadence>76</Cadence>
            <Extensions>
              <ns3:TPX>
                <ns3:Speed>6.354000091552734</ns3:Speed>
                <ns3:Watts>194</ns3:Watts>
              </ns3:TPX>
            </Extensions>
          </Trackpoint>
          <Trackpoint>
            <Time>2025-07-25T12:01:13.000Z</Time>
            <Position>
              <LatitudeDegrees>43.1165062263608</LatitudeDegrees>
              <LongitudeDegrees>-2.5843582581728697</LongitudeDegrees>
            </Position>
            <AltitudeMeters>189.8000030517578</AltitudeMeters>
            <DistanceMeters>1335.4300537109375</DistanceMeters>
            <HeartRateBpm>
              <Value>119</Value>
            </HeartRateBpm>
            <Cadence>82</Cadence>
            <Extensions>
              <ns3:TPX>
                <ns3:Speed>6.456999778747559</ns3:Speed>
                <ns3:Watts>191</ns3:Watts>
              </ns3:TPX>
            </Extensions>
          </Trackpoint>
          <Trackpoint>
            <Time>2025-07-25T12:01:14.000Z</Time>
            <Position>
              <LatitudeDegrees>43.11644688248634</LatitudeDegrees>
              <LongitudeDegrees>-2.584361108019948</LongitudeDegrees>
            </Position>
            <AltitudeMeters>190.0</AltitudeMeters>
            <DistanceMeters>1341.97998046875</DistanceMeters>
            <HeartRateBpm>
              <Value>119</Value>
            </HeartRateBpm>
            <Cadence>83</Cadence>
            <Extensions>
              <ns3:TPX>
                <ns3:Speed>6.550000190734863</ns3:Speed>
                <ns3:Watts>184</ns3:Watts>
              </ns3:TPX>
            </Extensions>
          </Trackpoint>
          <Trackpoint>
            <Time>2025-07-25T12:01:15.000Z</Time>
            <Position>
              <LatitudeDegrees>43.116384353488684</LatitudeDegrees>
              <LongitudeDegrees>-2.584357922896743</LongitudeDegrees>
            </Position>
            <AltitudeMeters>190.0</AltitudeMeters>
            <DistanceMeters>1348.6099853515625</DistanceMeters>
            <HeartRateBpm>
              <Value>118</Value>
            </HeartRateBpm>
            <Cadence>80</Cadence>
            <Extensions>
              <ns3:TPX>
                <ns3:Speed>6.625</ns3:Speed>
                <ns3:Watts>186</ns3:Watts>
              </ns3:TPX>
            </Extensions>
          </Trackpoint>
          <Trackpoint>
            <Time>2025-07-25T12:01:16.000Z</Time>
            <Position>
              <LatitudeDegrees>43.11632500961423</LatitudeDegrees>
              <LongitudeDegrees>-2.5843564979732037</LongitudeDegrees>
            </Position>
            <AltitudeMeters>190.1999969482422</AltitudeMeters>
            <DistanceMeters>1355.199951171875</DistanceMeters>
            <HeartRateBpm>
              <Value>118</Value>
            </HeartRateBpm>
            <Cadence>84</Cadence>
            <Extensions>
              <ns3:TPX>
                <ns3:Speed>6.586999893188477</ns3:Speed>
                <ns3:Watts>189</ns3:Watts>
              </ns3:TPX>
            </Extensions>
          </Trackpoint>
          <Trackpoint>
            <Time>2025-07-25T12:01:17.000Z</Time>
            <Position>
              <LatitudeDegrees>43.11626507900655</LatitudeDegrees>
              <LongitudeDegrees>-2.5843530613929033</LongitudeDegrees>
            </Position>
            <AltitudeMeters>190.1999969482422</AltitudeMeters>
            <DistanceMeters>1361.800048828125</DistanceMeters>
            <HeartRateBpm>
              <Value>118</Value>
            </HeartRateBpm>
            <Cadence>80</Cadence>
            <Extensions>
              <ns3:TPX>
                <ns3:Speed>6.5970001220703125</ns3:Speed>
                <ns3:Watts>171</ns3:Watts>
              </ns3:TPX>
            </Extensions>
          </Trackpoint>
          <Trackpoint>
            <Time>2025-07-25T12:01:18.000Z</Time>
            <Position>
              <LatitudeDegrees>43.11620581895113</LatitudeDegrees>
              <LongitudeDegrees>-2.5843476969748735</LongitudeDegrees>
            </Position>
            <AltitudeMeters>190.1999969482422</AltitudeMeters>
            <DistanceMeters>1368.3299560546875</DistanceMeters>
            <HeartRateBpm>
              <Value>118</Value>
            </HeartRateBpm>
            <Cadence>81</Cadence>
            <Extensions>
              <ns3:TPX>
                <ns3:Speed>6.531000137329102</ns3:Speed>
                <ns3:Watts>178</ns3:Watts>
              </ns3:TPX>
            </Extensions>
          </Trackpoint>
          <Trackpoint>
            <Time>2025-07-25T12:01:19.000Z</Time>
            <Position>
              <LatitudeDegrees>43.11614848673344</LatitudeDegrees>
              <LongitudeDegrees>-2.584339901804924</LongitudeDegrees>
            </Position>
            <AltitudeMeters>190.1999969482422</AltitudeMeters>
            <DistanceMeters>1374.800048828125</DistanceMeters>
            <HeartRateBpm>
              <Value>118</Value>
            </HeartRateBpm>
            <Cadence>82</Cadence>
            <Extensions>
              <ns3:TPX>
                <ns3:Speed>6.47599983215332</ns3:Speed>
                <ns3:Watts>185</ns3:Watts>
              </ns3:TPX>
            </Extensions>
          </Trackpoint>
          <Trackpoint>
            <Time>2025-07-25T12:01:20.000Z</Time>
            <Position>
              <LatitudeDegrees>43.11610062606633</LatitudeDegrees>
              <LongitudeDegrees>-2.5843382254242897</LongitudeDegrees>
            </Position>
            <AltitudeMeters>190.1999969482422</AltitudeMeters>
            <DistanceMeters>1381.280029296875</DistanceMeters>
            <HeartRateBpm>
              <Value>118</Value>
            </HeartRateBpm>
            <Cadence>82</Cadence>
            <Extensions>
              <ns3:TPX>
                <ns3:Speed>6.47599983215332</ns3:Speed>
                <ns3:Watts>184</ns3:Watts>
              </ns3:TPX>
            </Extensions>
          </Trackpoint>
          <Trackpoint>
            <Time>2025-07-25T12:01:21.000Z</Time>
            <Position>
              <LatitudeDegrees>43.11603088863194</LatitudeDegrees>
              <LongitudeDegrees>-2.5843345373868942</LongitudeDegrees>
            </Position>
            <AltitudeMeters>190.39999389648438</AltitudeMeters>
            <DistanceMeters>1387.760009765625</DistanceMeters>
            <HeartRateBpm>
              <Value>118</Value>
            </HeartRateBpm>
            <Cadence>82</Cadence>
            <Extensions>
              <ns3:TPX>
                <ns3:Speed>6.47599983215332</ns3:Speed>
                <ns3:Watts>184</ns3:Watts>
              </ns3:TPX>
            </Extensions>
          </Trackpoint>
          <Trackpoint>
            <Time>2025-07-25T12:01:22.000Z</Time>
            <Position>
              <LatitudeDegrees>43.11597221530974</LatitudeDegrees>
              <LongitudeDegrees>-2.584330765530467</LongitudeDegrees>
            </Position>
            <AltitudeMeters>190.39999389648438</AltitudeMeters>
            <DistanceMeters>1394.1600341796875</DistanceMeters>
            <HeartRateBpm>
              <Value>118</Value>
            </HeartRateBpm>
            <Cadence>80</Cadence>
            <Extensions>
              <ns3:TPX>
                <ns3:Speed>6.401000022888184</ns3:Speed>
                <ns3:Watts>184</ns3:Watts>
              </ns3:TPX>
            </Extensions>
          </Trackpoint>
          <Trackpoint>
            <Time>2025-07-25T12:01:23.000Z</Time>
            <Position>
              <LatitudeDegrees>43.11591597273946</LatitudeDegrees>
              <LongitudeDegrees>-2.5843285024166107</LongitudeDegrees>
            </Position>
            <AltitudeMeters>190.60000610351562</AltitudeMeters>
            <DistanceMeters>1400.4200439453125</DistanceMeters>
            <HeartRateBpm>
              <Value>118</Value>
            </HeartRateBpm>
            <Cadence>78</Cadence>
            <Extensions>
              <ns3:TPX>
                <ns3:Speed>6.269999980926514</ns3:Speed>
                <ns3:Watts>220</ns3:Watts>
              </ns3:TPX>
            </Extensions>
          </Trackpoint>
          <Trackpoint>
            <Time>2025-07-25T12:01:24.000Z</Time>
            <Position>
              <LatitudeDegrees>43.115861071273685</LatitudeDegrees>
              <LongitudeDegrees>-2.5843279995024204</LongitudeDegrees>
            </Position>
            <AltitudeMeters>190.60000610351562</AltitudeMeters>
            <DistanceMeters>1406.6300048828125</DistanceMeters>
            <HeartRateBpm>
              <Value>118</Value>
            </HeartRateBpm>
            <Cadence>78</Cadence>
            <Extensions>
              <ns3:TPX>
                <ns3:Speed>6.204999923706055</ns3:Speed>
                <ns3:Watts>240</ns3:Watts>
              </ns3:TPX>
            </Extensions>
          </Trackpoint>
          <Trackpoint>
            <Time>2025-07-25T12:01:25.000Z</Time>
            <Position>
              <LatitudeDegrees>43.11580608598888</LatitudeDegrees>
              <LongitudeDegrees>-2.584327245131135</LongitudeDegrees>
            </Position>
            <AltitudeMeters>190.60000610351562</AltitudeMeters>
            <DistanceMeters>1412.760009765625</DistanceMeters>
            <HeartRateBpm>
              <Value>118</Value>
            </HeartRateBpm>
            <Cadence>79</Cadence>
            <Extensions>
              <ns3:TPX>
                <ns3:Speed>6.130000114440918</ns3:Speed>
                <ns3:Watts>240</ns3:Watts>
              </ns3:TPX>
            </Extensions>
          </Trackpoint>
          <Trackpoint>
            <Time>2025-07-25T12:01:26.000Z</Time>
            <Position>
              <LatitudeDegrees>43.11575001105666</LatitudeDegrees>
              <LongitudeDegrees>-2.5843273289501667</LongitudeDegrees>
            </Position>
            <AltitudeMeters>190.60000610351562</AltitudeMeters>
            <DistanceMeters>1418.8800048828125</DistanceMeters>
            <HeartRateBpm>
              <Value>118</Value>
            </HeartRateBpm>
            <Cadence>75</Cadence>
            <Extensions>
              <ns3:TPX>
                <ns3:Speed>6.111999988555908</ns3:Speed>
                <ns3:Watts>258</ns3:Watts>
              </ns3:TPX>
            </Extensions>
          </Trackpoint>
          <Trackpoint>
            <Time>2025-07-25T12:01:27.000Z</Time>
            <Position>
              <LatitudeDegrees>43.11569469049573</LatitudeDegrees>
              <LongitudeDegrees>-2.58432456292212</LongitudeDegrees>
            </Position>
            <AltitudeMeters>190.60000610351562</AltitudeMeters>
            <DistanceMeters>1425.0</DistanceMeters>
            <HeartRateBpm>
              <Value>118</Value>
            </HeartRateBpm>
            <Cadence>75</Cadence>
            <Extensions>
              <ns3:TPX>
                <ns3:Speed>6.130000114440918</ns3:Speed>
                <ns3:Watts>211</ns3:Watts>
              </ns3:TPX>
            </Extensions>
          </Trackpoint>
          <Trackpoint>
            <Time>2025-07-25T12:01:28.000Z</Time>
            <Position>
              <LatitudeDegrees>43.11564984731376</LatitudeDegrees>
              <LongitudeDegrees>-2.584322467446327</LongitudeDegrees>
            </Position>
            <AltitudeMeters>190.60000610351562</AltitudeMeters>
            <DistanceMeters>1431.1300048828125</DistanceMeters>
            <HeartRateBpm>
              <Value>118</Value>
            </HeartRateBpm>
            <Cadence>75</Cadence>
            <Extensions>
              <ns3:TPX>
                <ns3:Speed>6.130000114440918</ns3:Speed>
                <ns3:Watts>245</ns3:Watts>
              </ns3:TPX>
            </Extensions>
          </Trackpoint>
          <Trackpoint>
            <Time>2025-07-25T12:01:29.000Z</Time>
            <Position>
              <LatitudeDegrees>43.115594778209925</LatitudeDegrees>
              <LongitudeDegrees>-2.5843203719705343</LongitudeDegrees>
            </Position>
            <AltitudeMeters>190.8000030517578</AltitudeMeters>
            <DistanceMeters>1437.239990234375</DistanceMeters>
            <HeartRateBpm>
              <Value>118</Value>
            </HeartRateBpm>
            <Cadence>76</Cadence>
            <Extensions>
              <ns3:TPX>
                <ns3:Speed>6.111999988555908</ns3:Speed>
                <ns3:Watts>245</ns3:Watts>
              </ns3:TPX>
            </Extensions>
          </Trackpoint>
          <Trackpoint>
            <Time>2025-07-25T12:01:30.000Z</Time>
            <Position>
              <LatitudeDegrees>43.115540547296405</LatitudeDegrees>
              <LongitudeDegrees>-2.5843176897615194</LongitudeDegrees>
            </Position>
            <AltitudeMeters>190.8000030517578</AltitudeMeters>
            <DistanceMeters>1443.3199462890625</DistanceMeters>
            <HeartRateBpm>
              <Value>119</Value>
            </HeartRateBpm>
            <Cadence>76</Cadence>
            <Extensions>
              <ns3:TPX>
                <ns3:Speed>6.065000057220459</ns3:Speed>
                <ns3:Watts>258</ns3:Watts>
              </ns3:TPX>
            </Extensions>
          </Trackpoint>
          <Trackpoint>
            <Time>2025-07-25T12:01:31.000Z</Time>
            <Position>
              <LatitudeDegrees>43.115484807640314</LatitudeDegrees>
              <LongitudeDegrees>-2.584314588457346</LongitudeDegrees>
            </Position>
            <AltitudeMeters>191.0</AltitudeMeters>
            <DistanceMeters>1449.3900146484375</DistanceMeters>
            <HeartRateBpm>
              <Value>118</Value>
            </HeartRateBpm>
            <Cadence>75</Cadence>
            <Extensions>
              <ns3:TPX>
                <ns3:Speed>6.084000110626221</ns3:Speed>
                <ns3:Watts>230</ns3:Watts>
              </ns3:TPX>
            </Extensions>
          </Trackpoint>
          <Trackpoint>
            <Time>2025-07-25T12:01:32.000Z</Time>
            <Position>
              <LatitudeDegrees>43.115429654717445</LatitudeDegrees>
              <LongitudeDegrees>-2.584309224039316</LongitudeDegrees>
            </Position>
            <AltitudeMeters>191.0</AltitudeMeters>
            <DistanceMeters>1455.469970703125</DistanceMeters>
            <HeartRateBpm>
              <Value>119</Value>
            </HeartRateBpm>
            <Cadence>76</Cadence>
            <Extensions>
              <ns3:TPX>
                <ns3:Speed>6.084000110626221</ns3:Speed>
                <ns3:Watts>230</ns3:Watts>
              </ns3:TPX>
            </Extensions>
          </Trackpoint>
          <Trackpoint>
            <Time>2025-07-25T12:01:33.000Z</Time>
            <Position>
              <LatitudeDegrees>43.115375842899084</LatitudeDegrees>
              <LongitudeDegrees>-2.5843026023358107</LongitudeDegrees>
            </Position>
            <AltitudeMeters>191.1999969482422</AltitudeMeters>
            <DistanceMeters>1461.530029296875</DistanceMeters>
            <HeartRateBpm>
              <Value>118</Value>
            </HeartRateBpm>
            <Cadence>76</Cadence>
            <Extensions>
              <ns3:TPX>
                <ns3:Speed>6.056000232696533</ns3:Speed>
                <ns3:Watts>229</ns3:Watts>
              </ns3:TPX>
            </Extensions>
          </Trackpoint>
          <Trackpoint>
            <Time>2025-07-25T12:01:34.000Z</Time>
            <Position>
              <LatitudeDegrees>43.11532253399491</LatitudeDegrees>
              <LongitudeDegrees>-2.584297740831971</LongitudeDegrees>
            </Position>
            <AltitudeMeters>191.1999969482422</AltitudeMeters>
            <DistanceMeters>1467.5699462890625</DistanceMeters>
            <HeartRateBpm>
              <Value>118</Value>
            </HeartRateBpm>
            <Cadence>75</Cadence>
            <Extensions>
              <ns3:TPX>
                <ns3:Speed>6.0370001792907715</ns3:Speed>
                <ns3:Watts>202</ns3:Watts>
              </ns3:TPX>
            </Extensions>
          </Trackpoint>
          <Trackpoint>
            <Time>2025-07-25T12:01:35.000Z</Time>
            <Position>
              <LatitudeDegrees>43.11526821926236</LatitudeDegrees>
              <LongitudeDegrees>-2.584291873499751</LongitudeDegrees>
            </Position>
            <AltitudeMeters>191.60000610351562</AltitudeMeters>
            <DistanceMeters>1473.6099853515625</DistanceMeters>
            <HeartRateBpm>
              <Value>118</Value>
            </HeartRateBpm>
            <Cadence>75</Cadence>
            <Extensions>
              <ns3:TPX>
                <ns3:Speed>6.046000003814697</ns3:Speed>
                <ns3:Watts>232</ns3:Watts>
              </ns3:TPX>
            </Extensions>
          </Trackpoint>
          <Trackpoint>
            <Time>2025-07-25T12:01:36.000Z</Time>
            <Position>
              <LatitudeDegrees>43.11526821926236</LatitudeDegrees>
              <LongitudeDegrees>-2.584291873499751</LongitudeDegrees>
            </Position>
            <AltitudeMeters>191.8000030517578</AltitudeMeters>
            <DistanceMeters>1479.699951171875</DistanceMeters>
            <HeartRateBpm>
              <Value>118</Value>
            </HeartRateBpm>
            <Cadence>75</Cadence>
            <Extensions>
              <ns3:TPX>
                <ns3:Speed>6.0929999351501465</ns3:Speed>
                <ns3:Watts>211</ns3:Watts>
              </ns3:TPX>
            </Extensions>
          </Trackpoint>
          <Trackpoint>
            <Time>2025-07-25T12:01:37.000Z</Time>
            <Position>
              <LatitudeDegrees>43.11515028588474</LatitudeDegrees>
              <LongitudeDegrees>-2.5842776242643595</LongitudeDegrees>
            </Position>
            <AltitudeMeters>192.0</AltitudeMeters>
            <DistanceMeters>1485.8699951171875</DistanceMeters>
            <HeartRateBpm>
              <Value>118</Value>
            </HeartRateBpm>
            <Cadence>76</Cadence>
            <Extensions>
              <ns3:TPX>
                <ns3:Speed>6.1579999923706055</ns3:Speed>
                <ns3:Watts>225</ns3:Watts>
              </ns3:TPX>
            </Extensions>
          </Trackpoint>
          <Trackpoint>
            <Time>2025-07-25T12:01:38.000Z</Time>
            <Position>
              <LatitudeDegrees>43.115117847919464</LatitudeDegrees>
              <LongitudeDegrees>-2.584273684769869</LongitudeDegrees>
            </Position>
            <AltitudeMeters>192.1999969482422</AltitudeMeters>
            <DistanceMeters>1492.02001953125</DistanceMeters>
            <HeartRateBpm>
              <Value>117</Value>
            </HeartRateBpm>
            <Cadence>76</Cadence>
            <Extensions>
              <ns3:TPX>
                <ns3:Speed>6.1579999923706055</ns3:Speed>
                <ns3:Watts>210</ns3:Watts>
              </ns3:TPX>
            </Extensions>
          </Trackpoint>
          <Trackpoint>
            <Time>2025-07-25T12:01:40.000Z</Time>
            <Position>
              <LatitudeDegrees>43.11506227590144</LatitudeDegrees>
              <LongitudeDegrees>-2.5842660572379827</LongitudeDegrees>
            </Position>
            <AltitudeMeters>192.1999969482422</AltitudeMeters>
            <DistanceMeters>1498.1600341796875</DistanceMeters>
            <HeartRateBpm>
              <Value>117</Value>
            </HeartRateBpm>
            <Cadence>76</Cadence>
            <Extensions>
              <ns3:TPX>
                <ns3:Speed>6.130000114440918</ns3:Speed>
                <ns3:Watts>210</ns3:Watts>
              </ns3:TPX>
            </Extensions>
          </Trackpoint>
          <Trackpoint>
            <Time>2025-07-25T12:01:41.000Z</Time>
            <Position>
              <LatitudeDegrees>43.11500737443566</LatitudeDegrees>
              <LongitudeDegrees>-2.5842566695064306</LongitudeDegrees>
            </Position>
            <AltitudeMeters>192.1999969482422</AltitudeMeters>
            <DistanceMeters>1504.239990234375</DistanceMeters>
            <HeartRateBpm>
              <Value>117</Value>
            </HeartRateBpm>
            <Cadence>78</Cadence>
            <Extensions>
              <ns3:TPX>
                <ns3:Speed>6.0929999351501465</ns3:Speed>
                <ns3:Watts>193</ns3:Watts>
              </ns3:TPX>
            </Extensions>
          </Trackpoint>
          <Trackpoint>
            <Time>2025-07-25T12:01:42.000Z</Time>
            <Position>
              <LatitudeDegrees>43.114932188764215</LatitudeDegrees>
              <LongitudeDegrees>-2.5842387322336435</LongitudeDegrees>
            </Position>
            <AltitudeMeters>192.1999969482422</AltitudeMeters>
            <DistanceMeters>1510.3699951171875</DistanceMeters>
            <HeartRateBpm>
              <Value>117</Value>
            </HeartRateBpm>
            <Cadence>75</Cadence>
            <Extensions>
              <ns3:TPX>
                <ns3:Speed>6.130000114440918</ns3:Speed>
                <ns3:Watts>204</ns3:Watts>
              </ns3:TPX>
            </Extensions>
          </Trackpoint>
          <Trackpoint>
            <Time>2025-07-25T12:01:43.000Z</Time>
            <Position>
              <LatitudeDegrees>43.114932188764215</LatitudeDegrees>
              <LongitudeDegrees>-2.5842387322336435</LongitudeDegrees>
            </Position>
            <AltitudeMeters>192.39999389648438</AltitudeMeters>
            <DistanceMeters>1516.6099853515625</DistanceMeters>
            <HeartRateBpm>
              <Value>117</Value>
            </HeartRateBpm>
            <Cadence>79</Cadence>
            <Extensions>
              <ns3:TPX>
                <ns3:Speed>6.232999801635742</ns3:Speed>
                <ns3:Watts>213</ns3:Watts>
              </ns3:TPX>
            </Extensions>
          </Trackpoint>
          <Trackpoint>
            <Time>2025-07-25T12:01:44.000Z</Time>
            <Position>
              <LatitudeDegrees>43.11483370140195</LatitudeDegrees>
              <LongitudeDegrees>-2.5842260755598545</LongitudeDegrees>
            </Position>
            <AltitudeMeters>192.39999389648438</AltitudeMeters>
            <DistanceMeters>1522.8900146484375</DistanceMeters>
            <HeartRateBpm>
              <Value>117</Value>
            </HeartRateBpm>
            <Cadence>79</Cadence>
            <Extensions>
              <ns3:TPX>
                <ns3:Speed>6.28000020980835</ns3:Speed>
                <ns3:Watts>202</ns3:Watts>
              </ns3:TPX>
            </Extensions>
          </Trackpoint>
          <Trackpoint>
            <Time>2025-07-25T12:01:45.000Z</Time>
            <Position>
              <LatitudeDegrees>43.11477603390813</LatitudeDegrees>
              <LongitudeDegrees>-2.584221214056015</LongitudeDegrees>
            </Position>
            <AltitudeMeters>192.39999389648438</AltitudeMeters>
            <DistanceMeters>1529.1700439453125</DistanceMeters>
            <HeartRateBpm>
              <Value>117</Value>
            </HeartRateBpm>
            <Cadence>79</Cadence>
            <Extensions>
              <ns3:TPX>
                <ns3:Speed>6.28000020980835</ns3:Speed>
                <ns3:Watts>222</ns3:Watts>
              </ns3:TPX>
            </Extensions>
          </Trackpoint>
          <Trackpoint>
            <Time>2025-07-25T12:01:46.000Z</Time>
            <Position>
              <LatitudeDegrees>43.11471811495721</LatitudeDegrees>
              <LongitudeDegrees>-2.584215011447668</LongitudeDegrees>
            </Position>
            <AltitudeMeters>192.60000610351562</AltitudeMeters>
            <DistanceMeters>1535.469970703125</DistanceMeters>
            <HeartRateBpm>
              <Value>117</Value>
            </HeartRateBpm>
            <Cadence>80</Cadence>
            <Extensions>
              <ns3:TPX>
                <ns3:Speed>6.297999858856201</ns3:Speed>
                <ns3:Watts>222</ns3:Watts>
              </ns3:TPX>
            </Extensions>
          </Trackpoint>
          <Trackpoint>
            <Time>2025-07-25T12:01:47.000Z</Time>
            <Position>
              <LatitudeDegrees>43.11466162092984</LatitudeDegrees>
              <LongitudeDegrees>-2.584209982305765</LongitudeDegrees>
            </Position>
            <AltitudeMeters>192.60000610351562</AltitudeMeters>
            <DistanceMeters>1541.81005859375</DistanceMeters>
            <HeartRateBpm>
              <Value>117</Value>
            </HeartRateBpm>
            <Cadence>80</Cadence>
            <Extensions>
              <ns3:TPX>
                <ns3:Speed>6.34499979019165</ns3:Speed>
                <ns3:Watts>202</ns3:Watts>
              </ns3:TPX>
            </Extensions>
          </Trackpoint>
          <Trackpoint>
            <Time>2025-07-25T12:01:48.000Z</Time>
            <Position>
              <LatitudeDegrees>43.114605378359556</LatitudeDegrees>
              <LongitudeDegrees>-2.5842084735631943</LongitudeDegrees>
            </Position>
            <AltitudeMeters>192.60000610351562</AltitudeMeters>
            <DistanceMeters>1548.1500244140625</DistanceMeters>
            <HeartRateBpm>
              <Value>116</Value>
            </HeartRateBpm>
            <Cadence>79</Cadence>
            <Extensions>
              <ns3:TPX>
                <ns3:Speed>6.335999965667725</ns3:Speed>
                <ns3:Watts>246</ns3:Watts>
              </ns3:TPX>
            </Extensions>
          </Trackpoint>
          <Trackpoint>
            <Time>2025-07-25T12:01:49.000Z</Time>
            <Position>
              <LatitudeDegrees>43.1145497225225</LatitudeDegrees>
              <LongitudeDegrees>-2.5842090602964163</LongitudeDegrees>
            </Position>
            <AltitudeMeters>192.60000610351562</AltitudeMeters>
            <DistanceMeters>1554.4000244140625</DistanceMeters>
            <HeartRateBpm>
              <Value>116</Value>
            </HeartRateBpm>
            <Cadence>78</Cadence>
            <Extensions>
              <ns3:TPX>
                <ns3:Speed>6.251999855041504</ns3:Speed>
                <ns3:Watts>227</ns3:Watts>
              </ns3:TPX>
            </Extensions>
          </Trackpoint>
          <Trackpoint>
            <Time>2025-07-25T12:01:50.000Z</Time>
            <Position>
              <LatitudeDegrees>43.11449381522834</LatitudeDegrees>
              <LongitudeDegrees>-2.584213586524129</LongitudeDegrees>
            </Position>
            <AltitudeMeters>192.60000610351562</AltitudeMeters>
            <DistanceMeters>1560.6300048828125</DistanceMeters>
            <HeartRateBpm>
              <Value>116</Value>
            </HeartRateBpm>
            <Cadence>77</Cadence>
            <Extensions>
              <ns3:TPX>
                <ns3:Speed>6.232999801635742</ns3:Speed>
                <ns3:Watts>231</ns3:Watts>
              </ns3:TPX>
            </Extensions>
          </Trackpoint>
          <Trackpoint>
            <Time>2025-07-25T12:01:51.000Z</Time>
            <Position>
              <LatitudeDegrees>43.114426927641034</LatitudeDegrees>
              <LongitudeDegrees>-2.5842222198843956</LongitudeDegrees>
            </Position>
            <AltitudeMeters>192.60000610351562</AltitudeMeters>
            <DistanceMeters>1566.8199462890625</DistanceMeters>
            <HeartRateBpm>
              <Value>117</Value>
            </HeartRateBpm>
            <Cadence>76</Cadence>
            <Extensions>
              <ns3:TPX>
                <ns3:Speed>6.185999870300293</ns3:Speed>
                <ns3:Watts>235</ns3:Watts>
              </ns3:TPX>
            </Extensions>
          </Trackpoint>
          <Trackpoint>
            <Time>2025-07-25T12:01:52.000Z</Time>
            <Position>
              <LatitudeDegrees>43.11438258737326</LatitudeDegrees>
              <LongitudeDegrees>-2.5842313561588526</LongitudeDegrees>
            </Position>
            <AltitudeMeters>192.8000030517578</AltitudeMeters>
            <DistanceMeters>1573.0899658203125</DistanceMeters>
            <HeartRateBpm>
              <Value>116</Value>
            </HeartRateBpm>
            <Cadence>76</Cadence>
            <Extensions>
              <ns3:TPX>
                <ns3:Speed>6.269999980926514</ns3:Speed>
                <ns3:Watts>180</ns3:Watts>
              </ns3:TPX>
            </Extensions>
          </Trackpoint>
          <Trackpoint>
            <Time>2025-07-25T12:01:53.000Z</Time>
            <Position>
              <LatitudeDegrees>43.114316035062075</LatitudeDegrees>
              <LongitudeDegrees>-2.5842526461929083</LongitudeDegrees>
            </Position>
            <AltitudeMeters>192.8000030517578</AltitudeMeters>
            <DistanceMeters>1579.47998046875</DistanceMeters>
            <HeartRateBpm>
              <Value>116</Value>
            </HeartRateBpm>
            <Cadence>82</Cadence>
            <Extensions>
              <ns3:TPX>
                <ns3:Speed>6.381999969482422</ns3:Speed>
                <ns3:Watts>187</ns3:Watts>
              </ns3:TPX>
            </Extensions>
          </Trackpoint>
          <Trackpoint>
            <Time>2025-07-25T12:01:54.000Z</Time>
            <Position>
              <LatitudeDegrees>43.11426163651049</LatitudeDegrees>
              <LongitudeDegrees>-2.5842763669788837</LongitudeDegrees>
            </Position>
            <AltitudeMeters>192.8000030517578</AltitudeMeters>
            <DistanceMeters>1585.949951171875</DistanceMeters>
            <HeartRateBpm>
              <Value>116</Value>
            </HeartRateBpm>
            <Cadence>82</Cadence>
            <Extensions>
              <ns3:TPX>
                <ns3:Speed>6.47599983215332</ns3:Speed>
                <ns3:Watts>196</ns3:Watts>
              </ns3:TPX>
            </Extensions>
          </Trackpoint>
          <Trackpoint>
            <Time>2025-07-25T12:01:55.000Z</Time>
            <Position>
              <LatitudeDegrees>43.11420740559697</LatitudeDegrees>
              <LongitudeDegrees>-2.5843041110783815</LongitudeDegrees>
            </Position>
            <AltitudeMeters>192.8000030517578</AltitudeMeters>
            <DistanceMeters>1592.489990234375</DistanceMeters>
            <HeartRateBpm>
              <Value>117</Value>
            </HeartRateBpm>
            <Cadence>79</Cadence>
            <Extensions>
              <ns3:TPX>
                <ns3:Speed>6.540999889373779</ns3:Speed>
                <ns3:Watts>173</ns3:Watts>
              </ns3:TPX>
            </Extensions>
          </Trackpoint>
          <Trackpoint>
            <Time>2025-07-25T12:01:56.000Z</Time>
            <Position>
              <LatitudeDegrees>43.11416524462402</LatitudeDegrees>
              <LongitudeDegrees>-2.5843302626162767</LongitudeDegrees>
            </Position>
            <AltitudeMeters>192.8000030517578</AltitudeMeters>
            <DistanceMeters>1599.06005859375</DistanceMeters>
            <HeartRateBpm>
              <Value>117</Value>
            </HeartRateBpm>
            <Cadence>84</Cadence>
            <Extensions>
              <ns3:TPX>
                <ns3:Speed>6.568999767303467</ns3:Speed>
                <ns3:Watts>187</ns3:Watts>
              </ns3:TPX>
            </Extensions>
          </Trackpoint>
          <Trackpoint>
            <Time>2025-07-25T12:01:57.000Z</Time>
            <Position>
              <LatitudeDegrees>43.11410430818796</LatitudeDegrees>
              <LongitudeDegrees>-2.584378458559513</LongitudeDegrees>
            </Position>
            <AltitudeMeters>192.8000030517578</AltitudeMeters>
            <DistanceMeters>1605.530029296875</DistanceMeters>
            <HeartRateBpm>
              <Value>116</Value>
            </HeartRateBpm>
            <Cadence>81</Cadence>
            <Extensions>
              <ns3:TPX>
                <ns3:Speed>6.466000080108643</ns3:Speed>
                <ns3:Watts>218</ns3:Watts>
              </ns3:TPX>
            </Extensions>
          </Trackpoint>
          <Trackpoint>
            <Time>2025-07-25T12:01:58.000Z</Time>
            <Position>
              <LatitudeDegrees>43.114057537168264</LatitudeDegrees>
              <LongitudeDegrees>-2.584424139931798</LongitudeDegrees>
            </Position>
            <AltitudeMeters>193.0</AltitudeMeters>
            <DistanceMeters>1611.9200439453125</DistanceMeters>
            <HeartRateBpm>
              <Value>116</Value>
            </HeartRateBpm>
            <Cadence>80</Cadence>
            <Extensions>
              <ns3:TPX>
                <ns3:Speed>6.392000198364258</ns3:Speed>
                <ns3:Watts>203</ns3:Watts>
              </ns3:TPX>
            </Extensions>
          </Trackpoint>
          <Trackpoint>
            <Time>2025-07-25T12:01:59.000Z</Time>
            <Position>
              <LatitudeDegrees>43.11401302926242</LatitudeDegrees>
              <LongitudeDegrees>-2.584470994770527</LongitudeDegrees>
            </Position>
            <AltitudeMeters>193.0</AltitudeMeters>
            <DistanceMeters>1618.280029296875</DistanceMeters>
            <HeartRateBpm>
              <Value>116</Value>
            </HeartRateBpm>
            <Cadence>80</Cadence>
            <Extensions>
              <ns3:TPX>
                <ns3:Speed>6.373000144958496</ns3:Speed>
                <ns3:Watts>190</ns3:Watts>
              </ns3:TPX>
            </Extensions>
          </Trackpoint>
          <Trackpoint>
            <Time>2025-07-25T12:02:00.000Z</Time>
            <Position>
              <LatitudeDegrees>43.11396793462336</LatitudeDegrees>
              <LongitudeDegrees>-2.584520699456334</LongitudeDegrees>
            </Position>
            <AltitudeMeters>193.0</AltitudeMeters>
            <DistanceMeters>1624.6099853515625</DistanceMeters>
            <HeartRateBpm>
              <Value>116</Value>
            </HeartRateBpm>
            <Cadence>78</Cadence>
            <Extensions>
              <ns3:TPX>
                <ns3:Speed>6.326000213623047</ns3:Speed>
                <ns3:Watts>199</ns3:Watts>
              </ns3:TPX>
            </Extensions>
          </Trackpoint>
          <Trackpoint>
            <Time>2025-07-25T12:02:01.000Z</Time>
            <Position>
              <LatitudeDegrees>43.113923678174615</LatitudeDegrees>
              <LongitudeDegrees>-2.584570739418268</LongitudeDegrees>
            </Position>
            <AltitudeMeters>193.1999969482422</AltitudeMeters>
            <DistanceMeters>1630.9200439453125</DistanceMeters>
            <HeartRateBpm>
              <Value>116</Value>
            </HeartRateBpm>
            <Cadence>79</Cadence>
            <Extensions>
              <ns3:TPX>
                <ns3:Speed>6.308000087738037</ns3:Speed>
                <ns3:Watts>177</ns3:Watts>
              </ns3:TPX>
            </Extensions>
          </Trackpoint>
          <Trackpoint>
            <Time>2025-07-25T12:02:02.000Z</Time>
            <Position>
              <LatitudeDegrees>43.11388193629682</LatitudeDegrees>
              <LongitudeDegrees>-2.5846226233989</LongitudeDegrees>
            </Position>
            <AltitudeMeters>193.1999969482422</AltitudeMeters>
            <DistanceMeters>1637.2099609375</DistanceMeters>
            <HeartRateBpm>
              <Value>115</Value>
            </HeartRateBpm>
            <Cadence>79</Cadence>
            <Extensions>
              <ns3:TPX>
                <ns3:Speed>6.289000034332275</ns3:Speed>
                <ns3:Watts>193</ns3:Watts>
              </ns3:TPX>
            </Extensions>
          </Trackpoint>
          <Trackpoint>
            <Time>2025-07-25T12:02:03.000Z</Time>
            <Position>
              <LatitudeDegrees>43.11384086497128</LatitudeDegrees>
              <LongitudeDegrees>-2.584676183760166</LongitudeDegrees>
            </Position>
            <AltitudeMeters>193.1999969482422</AltitudeMeters>
            <DistanceMeters>1643.530029296875</DistanceMeters>
            <HeartRateBpm>
              <Value>115</Value>
            </HeartRateBpm>
            <Cadence>80</Cadence>
            <Extensions>
              <ns3:TPX>
                <ns3:Speed>6.326000213623047</ns3:Speed>
                <ns3:Watts>212</ns3:Watts>
              </ns3:TPX>
            </Extensions>
          </Trackpoint>
          <Trackpoint>
            <Time>2025-07-25T12:02:04.000Z</Time>
            <Position>
              <LatitudeDegrees>43.11380063183606</LatitudeDegrees>
              <LongitudeDegrees>-2.5847311690449715</LongitudeDegrees>
            </Position>
            <AltitudeMeters>193.1999969482422</AltitudeMeters>
            <DistanceMeters>1649.9200439453125</DistanceMeters>
            <HeartRateBpm>
              <Value>115</Value>
            </HeartRateBpm>
            <Cadence>78</Cadence>
            <Extensions>
              <ns3:TPX>
                <ns3:Speed>6.392000198364258</ns3:Speed>
                <ns3:Watts>206</ns3:Watts>
              </ns3:TPX>
            </Extensions>
          </Trackpoint>
          <Trackpoint>
            <Time>2025-07-25T12:02:05.000Z</Time>
            <Position>
              <LatitudeDegrees>43.11376257799566</LatitudeDegrees>
              <LongitudeDegrees>-2.5847885850816965</LongitudeDegrees>
            </Position>
            <AltitudeMeters>193.1999969482422</AltitudeMeters>
            <DistanceMeters>1656.2900390625</DistanceMeters>
            <HeartRateBpm>
              <Value>116</Value>
            </HeartRateBpm>
            <Cadence>79</Cadence>
            <Extensions>
              <ns3:TPX>
                <ns3:Speed>6.363999843597412</ns3:Speed>
                <ns3:Watts>219</ns3:Watts>
              </ns3:TPX>
            </Extensions>
          </Trackpoint>
          <Trackpoint>
            <Time>2025-07-25T12:02:06.000Z</Time>
            <Position>
              <LatitudeDegrees>43.11372544616461</LatitudeDegrees>
              <LongitudeDegrees>-2.5848469231277704</LongitudeDegrees>
            </Position>
            <AltitudeMeters>193.39999389648438</AltitudeMeters>
            <DistanceMeters>1662.5799560546875</DistanceMeters>
            <HeartRateBpm>
              <Value>116</Value>
            </HeartRateBpm>
            <Cadence>78</Cadence>
            <Extensions>
              <ns3:TPX>
                <ns3:Speed>6.289000034332275</ns3:Speed>
                <ns3:Watts>236</ns3:Watts>
              </ns3:TPX>
            </Extensions>
          </Trackpoint>
          <Trackpoint>
            <Time>2025-07-25T12:02:07.000Z</Time>
            <Position>
              <LatitudeDegrees>43.11368831433356</LatitudeDegrees>
              <LongitudeDegrees>-2.584907189011574</LongitudeDegrees>
            </Position>
            <AltitudeMeters>193.39999389648438</AltitudeMeters>
            <DistanceMeters>1668.8699951171875</DistanceMeters>
            <HeartRateBpm>
              <Value>116</Value>
            </HeartRateBpm>
            <Cadence>78</Cadence>
            <Extensions>
              <ns3:TPX>
                <ns3:Speed>6.289000034332275</ns3:Speed>
                <ns3:Watts>220</ns3:Watts>
              </ns3:TPX>
            </Extensions>
          </Trackpoint>
          <Trackpoint>
            <Time>2025-07-25T12:02:08.000Z</Time>
            <Position>
              <LatitudeDegrees>43.11365260742605</LatitudeDegrees>
              <LongitudeDegrees>-2.5849665328860283</LongitudeDegrees>
            </Position>
            <AltitudeMeters>193.39999389648438</AltitudeMeters>
            <DistanceMeters>1675.0999755859375</DistanceMeters>
            <HeartRateBpm>
              <Value>116</Value>
            </HeartRateBpm>
            <Cadence>78</Cadence>
            <Extensions>
              <ns3:TPX>
                <ns3:Speed>6.223999977111816</ns3:Speed>
                <ns3:Watts>243</ns3:Watts>
              </ns3:TPX>
            </Extensions>
          </Trackpoint>
          <Trackpoint>
            <Time>2025-07-25T12:02:09.000Z</Time>
            <Position>
              <LatitudeDegrees>43.11361765488982</LatitudeDegrees>
              <LongitudeDegrees>-2.5850253738462925</LongitudeDegrees>
            </Position>
            <AltitudeMeters>193.60000610351562</AltitudeMeters>
            <DistanceMeters>1681.260009765625</DistanceMeters>
            <HeartRateBpm>
              <Value>116</Value>
            </HeartRateBpm>
            <Cadence>76</Cadence>
            <Extensions>
              <ns3:TPX>
                <ns3:Speed>6.168000221252441</ns3:Speed>
                <ns3:Watts>248</ns3:Watts>
              </ns3:TPX>
            </Extensions>
          </Trackpoint>
          <Trackpoint>
            <Time>2025-07-25T12:02:10.000Z</Time>
            <Position>
              <LatitudeDegrees>43.11358152888715</LatitudeDegrees>
              <LongitudeDegrees>-2.5850828737020493</LongitudeDegrees>
            </Position>
            <AltitudeMeters>193.60000610351562</AltitudeMeters>
            <DistanceMeters>1687.3599853515625</DistanceMeters>
            <HeartRateBpm>
              <Value>116</Value>
            </HeartRateBpm>
            <Cadence>76</Cadence>
            <Extensions>
              <ns3:TPX>
                <ns3:Speed>6.0929999351501465</ns3:Speed>
                <ns3:Watts>208</ns3:Watts>
              </ns3:TPX>
            </Extensions>
          </Trackpoint>
          <Trackpoint>
            <Time>2025-07-25T12:02:11.000Z</Time>
            <Position>
              <LatitudeDegrees>43.113545486703515</LatitudeDegrees>
              <LongitudeDegrees>-2.5851381942629814</LongitudeDegrees>
            </Position>
            <AltitudeMeters>193.60000610351562</AltitudeMeters>
            <DistanceMeters>1693.3900146484375</DistanceMeters>
            <HeartRateBpm>
              <Value>117</Value>
            </HeartRateBpm>
            <Cadence>76</Cadence>
            <Extensions>
              <ns3:TPX>
                <ns3:Speed>6.0370001792907715</ns3:Speed>
                <ns3:Watts>284</ns3:Watts>
              </ns3:TPX>
            </Extensions>
          </Trackpoint>
          <Trackpoint>
            <Time>2025-07-25T12:02:12.000Z</Time>
            <Position>
              <LatitudeDegrees>43.113510282710195</LatitudeDegrees>
              <LongitudeDegrees>-2.585192508995533</LongitudeDegrees>
            </Position>
            <AltitudeMeters>193.60000610351562</AltitudeMeters>
            <DistanceMeters>1699.3199462890625</DistanceMeters>
            <HeartRateBpm>
              <Value>117</Value>
            </HeartRateBpm>
            <Cadence>75</Cadence>
            <Extensions>
              <ns3:TPX>
                <ns3:Speed>5.934000015258789</ns3:Speed>
                <ns3:Watts>252</ns3:Watts>
              </ns3:TPX>
            </Extensions>
          </Trackpoint>
          <Trackpoint>
            <Time>2025-07-25T12:02:13.000Z</Time>
            <Position>
              <LatitudeDegrees>43.113476587459445</LatitudeDegrees>
              <LongitudeDegrees>-2.585247326642275</LongitudeDegrees>
            </Position>
            <AltitudeMeters>193.8000030517578</AltitudeMeters>
            <DistanceMeters>1705.22998046875</DistanceMeters>
            <HeartRateBpm>
              <Value>117</Value>
            </HeartRateBpm>
            <Cadence>73</Cadence>
            <Extensions>
              <ns3:TPX>
                <ns3:Speed>5.906000137329102</ns3:Speed>
                <ns3:Watts>273</ns3:Watts>
              </ns3:TPX>
            </Extensions>
          </Trackpoint>
          <Trackpoint>
            <Time>2025-07-25T12:02:14.000Z</Time>
            <Position>
              <LatitudeDegrees>43.11344909481704</LatitudeDegrees>
              <LongitudeDegrees>-2.585289990529418</LongitudeDegrees>
            </Position>
            <AltitudeMeters>194.0</AltitudeMeters>
            <DistanceMeters>1711.1800537109375</DistanceMeters>
            <HeartRateBpm>
              <Value>117</Value>
            </HeartRateBpm>
            <Cadence>75</Cadence>
            <Extensions>
              <ns3:TPX>
                <ns3:Speed>5.943999767303467</ns3:Speed>
                <ns3:Watts>222</ns3:Watts>
              </ns3:TPX>
            </Extensions>
          </Trackpoint>
          <Trackpoint>
            <Time>2025-07-25T12:02:15.000Z</Time>
            <Position>
              <LatitudeDegrees>43.11341229826212</LatitudeDegrees>
              <LongitudeDegrees>-2.585342712700367</LongitudeDegrees>
            </Position>
            <AltitudeMeters>194.1999969482422</AltitudeMeters>
            <DistanceMeters>1717.1199951171875</DistanceMeters>
            <HeartRateBpm>
              <Value>117</Value>
            </HeartRateBpm>
            <Cadence>75</Cadence>
            <Extensions>
              <ns3:TPX>
                <ns3:Speed>5.943999767303467</ns3:Speed>
                <ns3:Watts>234</ns3:Watts>
              </ns3:TPX>
            </Extensions>
          </Trackpoint>
          <Trackpoint>
            <Time>2025-07-25T12:02:16.000Z</Time>
            <Position>
              <LatitudeDegrees>43.11337315477431</LatitudeDegrees>
              <LongitudeDegrees>-2.585392165929079</LongitudeDegrees>
            </Position>
            <AltitudeMeters>194.39999389648438</AltitudeMeters>
            <DistanceMeters>1723.0699462890625</DistanceMeters>
            <HeartRateBpm>
              <Value>117</Value>
            </HeartRateBpm>
            <Cadence>73</Cadence>
            <Extensions>
              <ns3:TPX>
                <ns3:Speed>5.953000068664551</ns3:Speed>
                <ns3:Watts>234</ns3:Watts>
              </ns3:TPX>
            </Extensions>
          </Trackpoint>
          <Trackpoint>
            <Time>2025-07-25T12:02:17.000Z</Time>
            <Position>
              <LatitudeDegrees>43.11333417892456</LatitudeDegrees>
              <LongitudeDegrees>-2.5854397751390934</LongitudeDegrees>
            </Position>
            <AltitudeMeters>194.39999389648438</AltitudeMeters>
            <DistanceMeters>1729.0799560546875</DistanceMeters>
            <HeartRateBpm>
              <Value>117</Value>
            </HeartRateBpm>
            <Cadence>75</Cadence>
            <Extensions>
              <ns3:TPX>
                <ns3:Speed>6.008999824523926</ns3:Speed>
                <ns3:Watts>247</ns3:Watts>
              </ns3:TPX>
            </Extensions>
          </Trackpoint>
          <Trackpoint>
            <Time>2025-07-25T12:02:18.000Z</Time>
            <Position>
              <LatitudeDegrees>43.11329545453191</LatitudeDegrees>
              <LongitudeDegrees>-2.585485791787505</LongitudeDegrees>
            </Position>
            <AltitudeMeters>194.60000610351562</AltitudeMeters>
            <DistanceMeters>1735.1099853515625</DistanceMeters>
            <HeartRateBpm>
              <Value>117</Value>
            </HeartRateBpm>
            <Cadence>75</Cadence>
            <Extensions>
              <ns3:TPX>
                <ns3:Speed>6.0370001792907715</ns3:Speed>
                <ns3:Watts>217</ns3:Watts>
              </ns3:TPX>
            </Extensions>
          </Trackpoint>
          <Trackpoint>
            <Time>2025-07-25T12:02:19.000Z</Time>
            <Position>
              <LatitudeDegrees>43.11325413174927</LatitudeDegrees>
              <LongitudeDegrees>-2.5855295453220606</LongitudeDegrees>
            </Position>
            <AltitudeMeters>194.60000610351562</AltitudeMeters>
            <DistanceMeters>1741.1400146484375</DistanceMeters>
            <HeartRateBpm>
              <Value>117</Value>
            </HeartRateBpm>
            <Cadence>75</Cadence>
            <Extensions>
              <ns3:TPX>
                <ns3:Speed>6.01800012588501</ns3:Speed>
                <ns3:Watts>253</ns3:Watts>
              </ns3:TPX>
            </Extensions>
          </Trackpoint>
          <Trackpoint>
            <Time>2025-07-25T12:02:20.000Z</Time>
            <Position>
              <LatitudeDegrees>43.113211216405034</LatitudeDegrees>
              <LongitudeDegrees>-2.5855719577521086</LongitudeDegrees>
            </Position>
            <AltitudeMeters>194.8000030517578</AltitudeMeters>
            <DistanceMeters>1747.1800537109375</DistanceMeters>
            <HeartRateBpm>
              <Value>117</Value>
            </HeartRateBpm>
            <Cadence>75</Cadence>
            <Extensions>
              <ns3:TPX>
                <ns3:Speed>6.0370001792907715</ns3:Speed>
                <ns3:Watts>239</ns3:Watts>
              </ns3:TPX>
            </Extensions>
          </Trackpoint>
          <Trackpoint>
            <Time>2025-07-25T12:02:21.000Z</Time>
            <Position>
              <LatitudeDegrees>43.113166289404035</LatitudeDegrees>
              <LongitudeDegrees>-2.5856123585253954</LongitudeDegrees>
            </Position>
            <AltitudeMeters>195.0</AltitudeMeters>
            <DistanceMeters>1753.199951171875</DistanceMeters>
            <HeartRateBpm>
              <Value>118</Value>
            </HeartRateBpm>
            <Cadence>75</Cadence>
            <Extensions>
              <ns3:TPX>
                <ns3:Speed>6.0279998779296875</ns3:Speed>
                <ns3:Watts>279</ns3:Watts>
              </ns3:TPX>
            </Extensions>
          </Trackpoint>
          <Trackpoint>
            <Time>2025-07-25T12:02:22.000Z</Time>
            <Position>
              <LatitudeDegrees>43.113121362403035</LatitudeDegrees>
              <LongitudeDegrees>-2.585653765127063</LongitudeDegrees>
            </Position>
            <AltitudeMeters>195.1999969482422</AltitudeMeters>
            <DistanceMeters>1759.18994140625</DistanceMeters>
            <HeartRateBpm>
              <Value>118</Value>
            </HeartRateBpm>
            <Cadence>75</Cadence>
            <Extensions>
              <ns3:TPX>
                <ns3:Speed>5.989999771118164</ns3:Speed>
                <ns3:Watts>251</ns3:Watts>
              </ns3:TPX>
            </Extensions>
          </Trackpoint>
          <Trackpoint>
            <Time>2025-07-25T12:02:23.000Z</Time>
            <Position>
              <LatitudeDegrees>43.1130766030401</LatitudeDegrees>
              <LongitudeDegrees>-2.585696764290333</LongitudeDegrees>
            </Position>
            <AltitudeMeters>195.1999969482422</AltitudeMeters>
            <DistanceMeters>1765.1500244140625</DistanceMeters>
            <HeartRateBpm>
              <Value>118</Value>
            </HeartRateBpm>
            <Cadence>75</Cadence>
            <Extensions>
              <ns3:TPX>
                <ns3:Speed>5.961999893188477</ns3:Speed>
                <ns3:Watts>255</ns3:Watts>
              </ns3:TPX>
            </Extensions>
          </Trackpoint>
          <Trackpoint>
            <Time>2025-07-25T12:02:24.000Z</Time>
            <Position>
              <LatitudeDegrees>43.113033436238766</LatitudeDegrees>
              <LongitudeDegrees>-2.585738506168127</LongitudeDegrees>
            </Position>
            <AltitudeMeters>195.39999389648438</AltitudeMeters>
            <DistanceMeters>1771.0400390625</DistanceMeters>
            <HeartRateBpm>
              <Value>118</Value>
            </HeartRateBpm>
            <Cadence>75</Cadence>
            <Extensions>
              <ns3:TPX>
                <ns3:Speed>5.888000011444092</ns3:Speed>
                <ns3:Watts>249</ns3:Watts>
              </ns3:TPX>
            </Extensions>
          </Trackpoint>
          <Trackpoint>
            <Time>2025-07-25T12:02:25.000Z</Time>
            <Position>
              <LatitudeDegrees>43.11299244873226</LatitudeDegrees>
              <LongitudeDegrees>-2.585777398198843</LongitudeDegrees>
            </Position>
            <AltitudeMeters>195.60000610351562</AltitudeMeters>
            <DistanceMeters>1776.9300537109375</DistanceMeters>
            <HeartRateBpm>
              <Value>119</Value>
            </HeartRateBpm>
            <Cadence>73</Cadence>
            <Extensions>
              <ns3:TPX>
                <ns3:Speed>5.896999835968018</ns3:Speed>
                <ns3:Watts>273</ns3:Watts>
              </ns3:TPX>
            </Extensions>
          </Trackpoint>
          <Trackpoint>
            <Time>2025-07-25T12:02:26.000Z</Time>
            <Position>
              <LatitudeDegrees>43.11294995248318</LatitudeDegrees>
              <LongitudeDegrees>-2.5858131889253855</LongitudeDegrees>
            </Position>
            <AltitudeMeters>195.60000610351562</AltitudeMeters>
            <DistanceMeters>1782.72998046875</DistanceMeters>
            <HeartRateBpm>
              <Value>119</Value>
            </HeartRateBpm>
            <Cadence>73</Cadence>
            <Extensions>
              <ns3:TPX>
                <ns3:Speed>5.794000148773193</ns3:Speed>
                <ns3:Watts>250</ns3:Watts>
              </ns3:TPX>
            </Extensions>
          </Trackpoint>
          <Trackpoint>
            <Time>2025-07-25T12:02:27.000Z</Time>
            <Position>
              <LatitudeDegrees>43.11290552839637</LatitudeDegrees>
              <LongitudeDegrees>-2.585845375433564</LongitudeDegrees>
            </Position>
            <AltitudeMeters>195.8000030517578</AltitudeMeters>
            <DistanceMeters>1788.489990234375</DistanceMeters>
            <HeartRateBpm>
              <Value>119</Value>
            </HeartRateBpm>
            <Cadence>73</Cadence>
            <Extensions>
              <ns3:TPX>
                <ns3:Speed>5.765999794006348</ns3:Speed>
                <ns3:Watts>278</ns3:Watts>
              </ns3:TPX>
            </Extensions>
          </Trackpoint>
          <Trackpoint>
            <Time>2025-07-25T12:02:28.000Z</Time>
            <Position>
              <LatitudeDegrees>43.11285817064345</LatitudeDegrees>
              <LongitudeDegrees>-2.5858741253614426</LongitudeDegrees>
            </Position>
            <AltitudeMeters>196.0</AltitudeMeters>
            <DistanceMeters>1794.3499755859375</DistanceMeters>
            <HeartRateBpm>
              <Value>119</Value>
            </HeartRateBpm>
            <Cadence>73</Cadence>
            <Extensions>
              <ns3:TPX>
                <ns3:Speed>5.849999904632568</ns3:Speed>
                <ns3:Watts>222</ns3:Watts>
              </ns3:TPX>
            </Extensions>
          </Trackpoint>
          <Trackpoint>
            <Time>2025-07-25T12:02:29.000Z</Time>
            <Position>
              <LatitudeDegrees>43.11280930414796</LatitudeDegrees>
              <LongitudeDegrees>-2.5859001092612743</LongitudeDegrees>
            </Position>
            <AltitudeMeters>196.0</AltitudeMeters>
            <DistanceMeters>1800.27001953125</DistanceMeters>
            <HeartRateBpm>
              <Value>120</Value>
            </HeartRateBpm>
            <Cadence>72</Cadence>
            <Extensions>
              <ns3:TPX>
                <ns3:Speed>5.915999889373779</ns3:Speed>
                <ns3:Watts>248</ns3:Watts>
              </ns3:TPX>
            </Extensions>
          </Trackpoint>
          <Trackpoint>
            <Time>2025-07-25T12:02:30.000Z</Time>
            <Position>
              <LatitudeDegrees>43.11275850981474</LatitudeDegrees>
              <LongitudeDegrees>-2.5859200581908226</LongitudeDegrees>
            </Position>
            <AltitudeMeters>196.1999969482422</AltitudeMeters>
            <DistanceMeters>1806.280029296875</DistanceMeters>
            <HeartRateBpm>
              <Value>120</Value>
            </HeartRateBpm>
            <Cadence>72</Cadence>
            <Extensions>
              <ns3:TPX>
                <ns3:Speed>6.01800012588501</ns3:Speed>
                <ns3:Watts>201</ns3:Watts>
              </ns3:TPX>
            </Extensions>
          </Trackpoint>
          <Trackpoint>
            <Time>2025-07-25T12:02:31.000Z</Time>
            <Position>
              <LatitudeDegrees>43.11270562000573</LatitudeDegrees>
              <LongitudeDegrees>-2.585937324911356</LongitudeDegrees>
            </Position>
            <AltitudeMeters>196.39999389648438</AltitudeMeters>
            <DistanceMeters>1812.3800048828125</DistanceMeters>
            <HeartRateBpm>
              <Value>120</Value>
            </HeartRateBpm>
            <Cadence>76</Cadence>
            <Extensions>
              <ns3:TPX>
                <ns3:Speed>6.0929999351501465</ns3:Speed>
                <ns3:Watts>216</ns3:Watts>
              </ns3:TPX>
            </Extensions>
          </Trackpoint>
          <Trackpoint>
            <Time>2025-07-25T12:02:32.000Z</Time>
            <Position>
              <LatitudeDegrees>43.11265197582543</LatitudeDegrees>
              <LongitudeDegrees>-2.5859528314322233</LongitudeDegrees>
            </Position>
            <AltitudeMeters>196.60000610351562</AltitudeMeters>
            <DistanceMeters>1818.52001953125</DistanceMeters>
            <HeartRateBpm>
              <Value>120</Value>
            </HeartRateBpm>
            <Cadence>78</Cadence>
            <Extensions>
              <ns3:TPX>
                <ns3:Speed>6.139999866485596</ns3:Speed>
                <ns3:Watts>192</ns3:Watts>
              </ns3:TPX>
            </Extensions>
          </Trackpoint>
          <Trackpoint>
            <Time>2025-07-25T12:02:33.000Z</Time>
            <Position>
              <LatitudeDegrees>43.11259766109288</LatitudeDegrees>
              <LongitudeDegrees>-2.585969427600503</LongitudeDegrees>
            </Position>
            <AltitudeMeters>196.60000610351562</AltitudeMeters>
            <DistanceMeters>1824.72998046875</DistanceMeters>
            <HeartRateBpm>
              <Value>120</Value>
            </HeartRateBpm>
            <Cadence>77</Cadence>
            <Extensions>
              <ns3:TPX>
                <ns3:Speed>6.214000225067139</ns3:Speed>
                <ns3:Watts>206</ns3:Watts>
              </ns3:TPX>
            </Extensions>
          </Trackpoint>
          <Trackpoint>
            <Time>2025-07-25T12:02:34.000Z</Time>
            <Position>
              <LatitudeDegrees>43.112543346360326</LatitudeDegrees>
              <LongitudeDegrees>-2.585982084274292</LongitudeDegrees>
            </Position>
            <AltitudeMeters>196.8000030517578</AltitudeMeters>
            <DistanceMeters>1830.97998046875</DistanceMeters>
            <HeartRateBpm>
              <Value>121</Value>
            </HeartRateBpm>
            <Cadence>76</Cadence>
            <Extensions>
              <ns3:TPX>
                <ns3:Speed>6.251999855041504</ns3:Speed>
                <ns3:Watts>192</ns3:Watts>
              </ns3:TPX>
            </Extensions>
          </Trackpoint>
          <Trackpoint>
            <Time>2025-07-25T12:02:35.000Z</Time>
            <Position>
              <LatitudeDegrees>43.11249045655131</LatitudeDegrees>
              <LongitudeDegrees>-2.5859945733100176</LongitudeDegrees>
            </Position>
            <AltitudeMeters>196.8000030517578</AltitudeMeters>
            <DistanceMeters>1837.199951171875</DistanceMeters>
            <HeartRateBpm>
              <Value>120</Value>
            </HeartRateBpm>
            <Cadence>79</Cadence>
            <Extensions>
              <ns3:TPX>
                <ns3:Speed>6.223999977111816</ns3:Speed>
                <ns3:Watts>201</ns3:Watts>
              </ns3:TPX>
            </Extensions>
          </Trackpoint>
          <Trackpoint>
            <Time>2025-07-25T12:02:36.000Z</Time>
            <Position>
              <LatitudeDegrees>43.11243706382811</LatitudeDegrees>
              <LongitudeDegrees>-2.5860084872692823</LongitudeDegrees>
            </Position>
            <AltitudeMeters>197.0</AltitudeMeters>
            <DistanceMeters>1843.3900146484375</DistanceMeters>
            <HeartRateBpm>
              <Value>120</Value>
            </HeartRateBpm>
            <Cadence>76</Cadence>
            <Extensions>
              <ns3:TPX>
                <ns3:Speed>6.185999870300293</ns3:Speed>
                <ns3:Watts>209</ns3:Watts>
              </ns3:TPX>
            </Extensions>
          </Trackpoint>
          <Trackpoint>
            <Time>2025-07-25T12:02:37.000Z</Time>
            <Position>
              <LatitudeDegrees>43.11238367110491</LatitudeDegrees>
              <LongitudeDegrees>-2.5860231555998325</LongitudeDegrees>
            </Position>
            <AltitudeMeters>197.0</AltitudeMeters>
            <DistanceMeters>1849.510009765625</DistanceMeters>
            <HeartRateBpm>
              <Value>120</Value>
            </HeartRateBpm>
            <Cadence>76</Cadence>
            <Extensions>
              <ns3:TPX>
                <ns3:Speed>6.120999813079834</ns3:Speed>
                <ns3:Watts>207</ns3:Watts>
              </ns3:TPX>
            </Extensions>
          </Trackpoint>
          <Trackpoint>
            <Time>2025-07-25T12:02:38.000Z</Time>
            <Position>
              <LatitudeDegrees>43.11232952401042</LatitudeDegrees>
              <LongitudeDegrees>-2.586035141721368</LongitudeDegrees>
            </Position>
            <AltitudeMeters>197.0</AltitudeMeters>
            <DistanceMeters>1855.6600341796875</DistanceMeters>
            <HeartRateBpm>
              <Value>120</Value>
            </HeartRateBpm>
            <Cadence>76</Cadence>
            <Extensions>
              <ns3:TPX>
                <ns3:Speed>6.14900016784668</ns3:Speed>
                <ns3:Watts>237</ns3:Watts>
              </ns3:TPX>
            </Extensions>
          </Trackpoint>
          <Trackpoint>
            <Time>2025-07-25T12:02:39.000Z</Time>
            <Position>
              <LatitudeDegrees>43.112275544553995</LatitudeDegrees>
              <LongitudeDegrees>-2.5860458705574274</LongitudeDegrees>
            </Position>
            <AltitudeMeters>197.1999969482422</AltitudeMeters>
            <DistanceMeters>1861.81005859375</DistanceMeters>
            <HeartRateBpm>
              <Value>120</Value>
            </HeartRateBpm>
            <Cadence>77</Cadence>
            <Extensions>
              <ns3:TPX>
                <ns3:Speed>6.14900016784668</ns3:Speed>
                <ns3:Watts>234</ns3:Watts>
              </ns3:TPX>
            </Extensions>
          </Trackpoint>
          <Trackpoint>
            <Time>2025-07-25T12:02:40.000Z</Time>
            <Position>
              <LatitudeDegrees>43.112222319468856</LatitudeDegrees>
              <LongitudeDegrees>-2.586055090650916</LongitudeDegrees>
            </Position>
            <AltitudeMeters>197.1999969482422</AltitudeMeters>
            <DistanceMeters>1867.969970703125</DistanceMeters>
            <HeartRateBpm>
              <Value>120</Value>
            </HeartRateBpm>
            <Cadence>75</Cadence>
            <Extensions>
              <ns3:TPX>
                <ns3:Speed>6.168000221252441</ns3:Speed>
                <ns3:Watts>239</ns3:Watts>
              </ns3:TPX>
            </Extensions>
          </Trackpoint>
          <Trackpoint>
            <Time>2025-07-25T12:02:41.000Z</Time>
            <Position>
              <LatitudeDegrees>43.112222319468856</LatitudeDegrees>
              <LongitudeDegrees>-2.586055090650916</LongitudeDegrees>
            </Position>
            <AltitudeMeters>197.39999389648438</AltitudeMeters>
            <DistanceMeters>1874.1400146484375</DistanceMeters>
            <HeartRateBpm>
              <Value>120</Value>
            </HeartRateBpm>
            <Cadence>76</Cadence>
            <Extensions>
              <ns3:TPX>
                <ns3:Speed>6.168000221252441</ns3:Speed>
                <ns3:Watts>234</ns3:Watts>
              </ns3:TPX>
            </Extensions>
          </Trackpoint>
          <Trackpoint>
            <Time>2025-07-25T12:02:42.000Z</Time>
            <Position>
              <LatitudeDegrees>43.11210338026285</LatitudeDegrees>
              <LongitudeDegrees>-2.586071016266942</LongitudeDegrees>
            </Position>
            <AltitudeMeters>197.39999389648438</AltitudeMeters>
            <DistanceMeters>1880.300048828125</DistanceMeters>
            <HeartRateBpm>
              <Value>120</Value>
            </HeartRateBpm>
            <Cadence>76</Cadence>
            <Extensions>
              <ns3:TPX>
                <ns3:Speed>6.1579999923706055</ns3:Speed>
                <ns3:Watts>202</ns3:Watts>
              </ns3:TPX>
            </Extensions>
          </Trackpoint>
          <Trackpoint>
            <Time>2025-07-25T12:02:43.000Z</Time>
            <Position>
              <LatitudeDegrees>43.1120818387717</LatitudeDegrees>
              <LongitudeDegrees>-2.586069842800498</LongitudeDegrees>
            </Position>
            <AltitudeMeters>197.39999389648438</AltitudeMeters>
            <DistanceMeters>1886.43994140625</DistanceMeters>
            <HeartRateBpm>
              <Value>120</Value>
            </HeartRateBpm>
            <Cadence>76</Cadence>
            <Extensions>
              <ns3:TPX>
                <ns3:Speed>6.130000114440918</ns3:Speed>
                <ns3:Watts>230</ns3:Watts>
              </ns3:TPX>
            </Extensions>
          </Trackpoint>
          <Trackpoint>
            <Time>2025-07-25T12:02:44.000Z</Time>
            <Position>
              <LatitudeDegrees>43.1120266020298</LatitudeDegrees>
              <LongitudeDegrees>-2.5860634725540876</LongitudeDegrees>
            </Position>
            <AltitudeMeters>197.39999389648438</AltitudeMeters>
            <DistanceMeters>1892.510009765625</DistanceMeters>
            <HeartRateBpm>
              <Value>120</Value>
            </HeartRateBpm>
            <Cadence>76</Cadence>
            <Extensions>
              <ns3:TPX>
                <ns3:Speed>6.084000110626221</ns3:Speed>
                <ns3:Watts>213</ns3:Watts>
              </ns3:TPX>
            </Extensions>
          </Trackpoint>
          <Trackpoint>
            <Time>2025-07-25T12:02:45.000Z</Time>
            <Position>
              <LatitudeDegrees>43.11195175163448</LatitudeDegrees>
              <LongitudeDegrees>-2.586049223318696</LongitudeDegrees>
            </Position>
            <AltitudeMeters>197.60000610351562</AltitudeMeters>
            <DistanceMeters>1898.550048828125</DistanceMeters>
            <HeartRateBpm>
              <Value>120</Value>
            </HeartRateBpm>
            <Cadence>75</Cadence>
            <Extensions>
              <ns3:TPX>
                <ns3:Speed>6.0370001792907715</ns3:Speed>
                <ns3:Watts>251</ns3:Watts>
              </ns3:TPX>
            </Extensions>
          </Trackpoint>
          <Trackpoint>
            <Time>2025-07-25T12:02:46.000Z</Time>
            <Position>
              <LatitudeDegrees>43.11189970001578</LatitudeDegrees>
              <LongitudeDegrees>-2.5860349740833044</LongitudeDegrees>
            </Position>
            <AltitudeMeters>197.60000610351562</AltitudeMeters>
            <DistanceMeters>1904.56005859375</DistanceMeters>
            <HeartRateBpm>
              <Value>120</Value>
            </HeartRateBpm>
            <Cadence>75</Cadence>
            <Extensions>
              <ns3:TPX>
                <ns3:Speed>6.008999824523926</ns3:Speed>
                <ns3:Watts>231</ns3:Watts>
              </ns3:TPX>
            </Extensions>
          </Trackpoint>
          <Trackpoint>
            <Time>2025-07-25T12:02:47.000Z</Time>
            <Position>
              <LatitudeDegrees>43.11184907332063</LatitudeDegrees>
              <LongitudeDegrees>-2.5860269274562597</LongitudeDegrees>
            </Position>
            <AltitudeMeters>197.60000610351562</AltitudeMeters>
            <DistanceMeters>1910.5699462890625</DistanceMeters>
            <HeartRateBpm>
              <Value>120</Value>
            </HeartRateBpm>
            <Cadence>75</Cadence>
            <Extensions>
              <ns3:TPX>
                <ns3:Speed>6.008999824523926</ns3:Speed>
                <ns3:Watts>222</ns3:Watts>
              </ns3:TPX>
            </Extensions>
          </Trackpoint>
          <Trackpoint>
            <Time>2025-07-25T12:02:48.000Z</Time>
            <Position>
              <LatitudeDegrees>43.11179702170193</LatitudeDegrees>
              <LongitudeDegrees>-2.586009157821536</LongitudeDegrees>
            </Position>
            <AltitudeMeters>197.8000030517578</AltitudeMeters>
            <DistanceMeters>1916.6600341796875</DistanceMeters>
            <HeartRateBpm>
              <Value>120</Value>
            </HeartRateBpm>
            <Cadence>75</Cadence>
            <Extensions>
              <ns3:TPX>
                <ns3:Speed>6.0929999351501465</ns3:Speed>
                <ns3:Watts>202</ns3:Watts>
              </ns3:TPX>
            </Extensions>
          </Trackpoint>
          <Trackpoint>
            <Time>2025-07-25T12:02:49.000Z</Time>
            <Position>
              <LatitudeDegrees>43.11174622736871</LatitudeDegrees>
              <LongitudeDegrees>-2.585984766483307</LongitudeDegrees>
            </Position>
            <AltitudeMeters>197.8000030517578</AltitudeMeters>
            <DistanceMeters>1922.739990234375</DistanceMeters>
            <HeartRateBpm>
              <Value>120</Value>
            </HeartRateBpm>
            <Cadence>76</Cadence>
            <Extensions>
              <ns3:TPX>
                <ns3:Speed>6.084000110626221</ns3:Speed>
                <ns3:Watts>218</ns3:Watts>
              </ns3:TPX>
            </Extensions>
          </Trackpoint>
          <Trackpoint>
            <Time>2025-07-25T12:02:50.000Z</Time>
            <Position>
              <LatitudeDegrees>43.11169618740678</LatitudeDegrees>
              <LongitudeDegrees>-2.585957106202841</LongitudeDegrees>
            </Position>
            <AltitudeMeters>198.0</AltitudeMeters>
            <DistanceMeters>1928.8499755859375</DistanceMeters>
            <HeartRateBpm>
              <Value>120</Value>
            </HeartRateBpm>
            <Cadence>75</Cadence>
            <Extensions>
              <ns3:TPX>
                <ns3:Speed>6.1020002365112305</ns3:Speed>
                <ns3:Watts>214</ns3:Watts>
              </ns3:TPX>
            </Extensions>
          </Trackpoint>
          <Trackpoint>
            <Time>2025-07-25T12:02:51.000Z</Time>
            <Position>
              <LatitudeDegrees>43.11164556071162</LatitudeDegrees>
              <LongitudeDegrees>-2.585928775370121</LongitudeDegrees>
            </Position>
            <AltitudeMeters>198.1999969482422</AltitudeMeters>
            <DistanceMeters>1934.93994140625</DistanceMeters>
            <HeartRateBpm>
              <Value>120</Value>
            </HeartRateBpm>
            <Cadence>73</Cadence>
            <Extensions>
              <ns3:TPX>
                <ns3:Speed>6.065000057220459</ns3:Speed>
                <ns3:Watts>214</ns3:Watts>
              </ns3:TPX>
            </Extensions>
          </Trackpoint>
          <Trackpoint>
            <Time>2025-07-25T12:02:52.000Z</Time>
            <Position>
              <LatitudeDegrees>43.111596275120974</LatitudeDegrees>
              <LongitudeDegrees>-2.5858991872519255</LongitudeDegrees>
            </Position>
            <AltitudeMeters>198.39999389648438</AltitudeMeters>
            <DistanceMeters>1940.93994140625</DistanceMeters>
            <HeartRateBpm>
              <Value>120</Value>
            </HeartRateBpm>
            <Cadence>120</Cadence>
            <Extensions>
              <ns3:TPX>
                <ns3:Speed>6.0279998779296875</ns3:Speed>
                <ns3:Watts>221</ns3:Watts>
              </ns3:TPX>
            </Extensions>
          </Trackpoint>
          <Trackpoint>
            <Time>2025-07-25T12:02:53.000Z</Time>
            <Position>
              <LatitudeDegrees>43.1115464027971</LatitudeDegrees>
              <LongitudeDegrees>-2.5858670007437468</LongitudeDegrees>
            </Position>
            <AltitudeMeters>198.60000610351562</AltitudeMeters>
            <DistanceMeters>1947.050048828125</DistanceMeters>
            <HeartRateBpm>
              <Value>120</Value>
            </HeartRateBpm>
            <Cadence>88</Cadence>
            <Extensions>
              <ns3:TPX>
                <ns3:Speed>6.111999988555908</ns3:Speed>
                <ns3:Watts>217</ns3:Watts>
              </ns3:TPX>
            </Extensions>
          </Trackpoint>
          <Trackpoint>
            <Time>2025-07-25T12:02:54.000Z</Time>
            <Position>
              <LatitudeDegrees>43.11149594374001</LatitudeDegrees>
              <LongitudeDegrees>-2.5858361553400755</LongitudeDegrees>
            </Position>
            <AltitudeMeters>198.60000610351562</AltitudeMeters>
            <DistanceMeters>1953.199951171875</DistanceMeters>
            <HeartRateBpm>
              <Value>120</Value>
            </HeartRateBpm>
            <Cadence>78</Cadence>
            <Extensions>
              <ns3:TPX>
                <ns3:Speed>6.14900016784668</ns3:Speed>
                <ns3:Watts>235</ns3:Watts>
              </ns3:TPX>
            </Extensions>
          </Trackpoint>
          <Trackpoint>
            <Time>2025-07-25T12:02:55.000Z</Time>
            <Position>
              <LatitudeDegrees>43.11144556850195</LatitudeDegrees>
              <LongitudeDegrees>-2.585805058479309</LongitudeDegrees>
            </Position>
            <AltitudeMeters>198.60000610351562</AltitudeMeters>
            <DistanceMeters>1959.3800048828125</DistanceMeters>
            <HeartRateBpm>
              <Value>120</Value>
            </HeartRateBpm>
            <Cadence>76</Cadence>
            <Extensions>
              <ns3:TPX>
                <ns3:Speed>6.177000045776367</ns3:Speed>
                <ns3:Watts>204</ns3:Watts>
              </ns3:TPX>
            </Extensions>
          </Trackpoint>
          <Trackpoint>
            <Time>2025-07-25T12:02:56.000Z</Time>
            <Position>
              <LatitudeDegrees>43.111394522711635</LatitudeDegrees>
              <LongitudeDegrees>-2.585773291066289</LongitudeDegrees>
            </Position>
            <AltitudeMeters>198.60000610351562</AltitudeMeters>
            <DistanceMeters>1965.6300048828125</DistanceMeters>
            <HeartRateBpm>
              <Value>120</Value>
            </HeartRateBpm>
            <Cadence>79</Cadence>
            <Extensions>
              <ns3:TPX>
                <ns3:Speed>6.251999855041504</ns3:Speed>
                <ns3:Watts>209</ns3:Watts>
              </ns3:TPX>
            </Extensions>
          </Trackpoint>
          <Trackpoint>
            <Time>2025-07-25T12:02:57.000Z</Time>
            <Position>
              <LatitudeDegrees>43.111344231292605</LatitudeDegrees>
              <LongitudeDegrees>-2.5857427809387445</LongitudeDegrees>
            </Position>
            <AltitudeMeters>198.8000030517578</AltitudeMeters>
            <DistanceMeters>1971.9200439453125</DistanceMeters>
            <HeartRateBpm>
              <Value>120</Value>
            </HeartRateBpm>
            <Cadence>80</Cadence>
            <Extensions>
              <ns3:TPX>
                <ns3:Speed>6.289000034332275</ns3:Speed>
                <ns3:Watts>206</ns3:Watts>
              </ns3:TPX>
            </Extensions>
          </Trackpoint>
          <Trackpoint>
            <Time>2025-07-25T12:02:58.000Z</Time>
            <Position>
              <LatitudeDegrees>43.11129368841648</LatitudeDegrees>
              <LongitudeDegrees>-2.5857122708112</LongitudeDegrees>
            </Position>
            <AltitudeMeters>198.8000030517578</AltitudeMeters>
            <DistanceMeters>1978.219970703125</DistanceMeters>
            <HeartRateBpm>
              <Value>120</Value>
            </HeartRateBpm>
            <Cadence>76</Cadence>
            <Extensions>
              <ns3:TPX>
                <ns3:Speed>6.297999858856201</ns3:Speed>
                <ns3:Watts>194</ns3:Watts>
              </ns3:TPX>
            </Extensions>
          </Trackpoint>
          <Trackpoint>
            <Time>2025-07-25T12:02:59.000Z</Time>
            <Position>
              <LatitudeDegrees>43.11124331317842</LatitudeDegrees>
              <LongitudeDegrees>-2.585679078474641</LongitudeDegrees>
            </Position>
            <AltitudeMeters>198.8000030517578</AltitudeMeters>
            <DistanceMeters>1984.56005859375</DistanceMeters>
            <HeartRateBpm>
              <Value>120</Value>
            </HeartRateBpm>
            <Cadence>80</Cadence>
            <Extensions>
              <ns3:TPX>
                <ns3:Speed>6.335999965667725</ns3:Speed>
                <ns3:Watts>217</ns3:Watts>
              </ns3:TPX>
            </Extensions>
          </Trackpoint>
          <Trackpoint>
            <Time>2025-07-25T12:03:00.000Z</Time>
            <Position>
              <LatitudeDegrees>43.1111925188452</LatitudeDegrees>
              <LongitudeDegrees>-2.5856449641287327</LongitudeDegrees>
            </Position>
            <AltitudeMeters>198.8000030517578</AltitudeMeters>
            <DistanceMeters>1990.8900146484375</DistanceMeters>
            <HeartRateBpm>
              <Value>120</Value>
            </HeartRateBpm>
            <Cadence>79</Cadence>
            <Extensions>
              <ns3:TPX>
                <ns3:Speed>6.335999965667725</ns3:Speed>
                <ns3:Watts>189</ns3:Watts>
              </ns3:TPX>
            </Extensions>
          </Trackpoint>
          <Trackpoint>
            <Time>2025-07-25T12:03:01.000Z</Time>
            <Position>
              <LatitudeDegrees>43.11114314943552</LatitudeDegrees>
              <LongitudeDegrees>-2.5856128614395857</LongitudeDegrees>
            </Position>
            <AltitudeMeters>198.8000030517578</AltitudeMeters>
            <DistanceMeters>1997.25</DistanceMeters>
            <HeartRateBpm>
              <Value>119</Value>
            </HeartRateBpm>
            <Cadence>77</Cadence>
            <Extensions>
              <ns3:TPX>
                <ns3:Speed>6.354000091552734</ns3:Speed>
                <ns3:Watts>188</ns3:Watts>
              </ns3:TPX>
            </Extensions>
          </Trackpoint>
          <Trackpoint>
            <Time>2025-07-25T12:03:02.000Z</Time>
            <Position>
              <LatitudeDegrees>43.11109336093068</LatitudeDegrees>
              <LongitudeDegrees>-2.585579250007868</LongitudeDegrees>
            </Position>
            <AltitudeMeters>198.8000030517578</AltitudeMeters>
            <DistanceMeters>2003.6300048828125</DistanceMeters>
            <HeartRateBpm>
              <Value>119</Value>
            </HeartRateBpm>
            <Cadence>80</Cadence>
            <Extensions>
              <ns3:TPX>
                <ns3:Speed>6.392000198364258</ns3:Speed>
                <ns3:Watts>215</ns3:Watts>
              </ns3:TPX>
            </Extensions>
          </Trackpoint>
          <Trackpoint>
            <Time>2025-07-25T12:03:03.000Z</Time>
            <Position>
              <LatitudeDegrees>43.11104089021683</LatitudeDegrees>
              <LongitudeDegrees>-2.585543291643262</LongitudeDegrees>
            </Position>
            <AltitudeMeters>198.8000030517578</AltitudeMeters>
            <DistanceMeters>2010.06005859375</DistanceMeters>
            <HeartRateBpm>
              <Value>119</Value>
            </HeartRateBpm>
            <Cadence>79</Cadence>
            <Extensions>
              <ns3:TPX>
                <ns3:Speed>6.428999900817871</ns3:Speed>
                <ns3:Watts>192</ns3:Watts>
              </ns3:TPX>
            </Extensions>
          </Trackpoint>
          <Trackpoint>
            <Time>2025-07-25T12:03:04.000Z</Time>
            <Position>
              <LatitudeDegrees>43.11098808422685</LatitudeDegrees>
              <LongitudeDegrees>-2.585510518401861</LongitudeDegrees>
            </Position>
            <AltitudeMeters>198.8000030517578</AltitudeMeters>
            <DistanceMeters>2016.52001953125</DistanceMeters>
            <HeartRateBpm>
              <Value>119</Value>
            </HeartRateBpm>
            <Cadence>80</Cadence>
            <Extensions>
              <ns3:TPX>
                <ns3:Speed>6.456999778747559</ns3:Speed>
                <ns3:Watts>185</ns3:Watts>
              </ns3:TPX>
            </Extensions>
          </Trackpoint>
          <Trackpoint>
            <Time>2025-07-25T12:03:05.000Z</Time>
            <Position>
              <LatitudeDegrees>43.110934188589454</LatitudeDegrees>
              <LongitudeDegrees>-2.5854769069701433</LongitudeDegrees>
            </Position>
            <AltitudeMeters>198.8000030517578</AltitudeMeters>
            <DistanceMeters>2023.0699462890625</DistanceMeters>
            <HeartRateBpm>
              <Value>119</Value>
            </HeartRateBpm>
            <Cadence>83</Cadence>
            <Extensions>
              <ns3:TPX>
                <ns3:Speed>6.550000190734863</ns3:Speed>
                <ns3:Watts>190</ns3:Watts>
              </ns3:TPX>
            </Extensions>
          </Trackpoint>
          <Trackpoint>
            <Time>2025-07-25T12:03:06.000Z</Time>
            <Position>
              <LatitudeDegrees>43.11087945476174</LatitudeDegrees>
              <LongitudeDegrees>-2.5854467321187258</LongitudeDegrees>
            </Position>
            <AltitudeMeters>198.8000030517578</AltitudeMeters>
            <DistanceMeters>2029.6199951171875</DistanceMeters>
            <HeartRateBpm>
              <Value>118</Value>
            </HeartRateBpm>
            <Cadence>81</Cadence>
            <Extensions>
              <ns3:TPX>
                <ns3:Speed>6.550000190734863</ns3:Speed>
                <ns3:Watts>167</ns3:Watts>
              </ns3:TPX>
            </Extensions>
          </Trackpoint>
          <Trackpoint>
            <Time>2025-07-25T12:03:07.000Z</Time>
            <Position>
              <LatitudeDegrees>43.11082606203854</LatitudeDegrees>
              <LongitudeDegrees>-2.585414294153452</LongitudeDegrees>
            </Position>
            <AltitudeMeters>198.8000030517578</AltitudeMeters>
            <DistanceMeters>2036.1800537109375</DistanceMeters>
            <HeartRateBpm>
              <Value>118</Value>
            </HeartRateBpm>
            <Cadence>85</Cadence>
            <Extensions>
              <ns3:TPX>
                <ns3:Speed>6.559000015258789</ns3:Speed>
                <ns3:Watts>191</ns3:Watts>
              </ns3:TPX>
            </Extensions>
          </Trackpoint>
          <Trackpoint>
            <Time>2025-07-25T12:03:08.000Z</Time>
            <Position>
              <LatitudeDegrees>43.110764203593135</LatitudeDegrees>
              <LongitudeDegrees>-2.585372216999531</LongitudeDegrees>
            </Position>
            <AltitudeMeters>198.8000030517578</AltitudeMeters>
            <DistanceMeters>2042.77001953125</DistanceMeters>
            <HeartRateBpm>
              <Value>118</Value>
            </HeartRateBpm>
            <Cadence>84</Cadence>
            <Extensions>
              <ns3:TPX>
                <ns3:Speed>6.586999893188477</ns3:Speed>
                <ns3:Watts>190</ns3:Watts>
              </ns3:TPX>
            </Extensions>
          </Trackpoint>
          <Trackpoint>
            <Time>2025-07-25T12:03:09.000Z</Time>
            <Position>
              <LatitudeDegrees>43.11071282252669</LatitudeDegrees>
              <LongitudeDegrees>-2.5853396113961935</LongitudeDegrees>
            </Position>
            <AltitudeMeters>198.8000030517578</AltitudeMeters>
            <DistanceMeters>2049.31005859375</DistanceMeters>
            <HeartRateBpm>
              <Value>118</Value>
            </HeartRateBpm>
            <Cadence>81</Cadence>
            <Extensions>
              <ns3:TPX>
                <ns3:Speed>6.540999889373779</ns3:Speed>
                <ns3:Watts>182</ns3:Watts>
              </ns3:TPX>
            </Extensions>
          </Trackpoint>
          <Trackpoint>
            <Time>2025-07-25T12:03:10.000Z</Time>
            <Position>
              <LatitudeDegrees>43.11065934598446</LatitudeDegrees>
              <LongitudeDegrees>-2.5853066705167294</LongitudeDegrees>
            </Position>
            <AltitudeMeters>198.8000030517578</AltitudeMeters>
            <DistanceMeters>2055.8798828125</DistanceMeters>
            <HeartRateBpm>
              <Value>118</Value>
            </HeartRateBpm>
            <Cadence>84</Cadence>
            <Extensions>
              <ns3:TPX>
                <ns3:Speed>6.578000068664551</ns3:Speed>
                <ns3:Watts>198</ns3:Watts>
              </ns3:TPX>
            </Extensions>
          </Trackpoint>
          <Trackpoint>
            <Time>2025-07-25T12:03:11.000Z</Time>
            <Position>
              <LatitudeDegrees>43.110616682097316</LatitudeDegrees>
              <LongitudeDegrees>-2.5852813571691513</LongitudeDegrees>
            </Position>
            <AltitudeMeters>199.0</AltitudeMeters>
            <DistanceMeters>2062.510009765625</DistanceMeters>
            <HeartRateBpm>
              <Value>119</Value>
            </HeartRateBpm>
            <Cadence>84</Cadence>
            <Extensions>
              <ns3:TPX>
                <ns3:Speed>6.625</ns3:Speed>
                <ns3:Watts>173</ns3:Watts>
              </ns3:TPX>
            </Extensions>
          </Trackpoint>
          <Trackpoint>
            <Time>2025-07-25T12:03:12.000Z</Time>
            <Position>
              <LatitudeDegrees>43.110562367364764</LatitudeDegrees>
              <LongitudeDegrees>-2.5852503441274166</LongitudeDegrees>
            </Position>
            <AltitudeMeters>199.0</AltitudeMeters>
            <DistanceMeters>2069.110107421875</DistanceMeters>
            <HeartRateBpm>
              <Value>119</Value>
            </HeartRateBpm>
            <Cadence>81</Cadence>
            <Extensions>
              <ns3:TPX>
                <ns3:Speed>6.5970001220703125</ns3:Speed>
                <ns3:Watts>166</ns3:Watts>
              </ns3:TPX>
            </Extensions>
          </Trackpoint>
          <Trackpoint>
            <Time>2025-07-25T12:03:13.000Z</Time>
            <Position>
              <LatitudeDegrees>43.11049623414874</LatitudeDegrees>
              <LongitudeDegrees>-2.5852135475724936</LongitudeDegrees>
            </Position>
            <AltitudeMeters>199.1999969482422</AltitudeMeters>
            <DistanceMeters>2075.679931640625</DistanceMeters>
            <HeartRateBpm>
              <Value>119</Value>
            </HeartRateBpm>
            <Cadence>84</Cadence>
            <Extensions>
              <ns3:TPX>
                <ns3:Speed>6.578000068664551</ns3:Speed>
                <ns3:Watts>179</ns3:Watts>
              </ns3:TPX>
            </Extensions>
          </Trackpoint>
          <Trackpoint>
            <Time>2025-07-25T12:03:14.000Z</Time>
            <Position>
              <LatitudeDegrees>43.11045189388096</LatitudeDegrees>
              <LongitudeDegrees>-2.585191922262311</LongitudeDegrees>
            </Position>
            <AltitudeMeters>199.1999969482422</AltitudeMeters>
            <DistanceMeters>2082.169921875</DistanceMeters>
            <HeartRateBpm>
              <Value>119</Value>
            </HeartRateBpm>
            <Cadence>81</Cadence>
            <Extensions>
              <ns3:TPX>
                <ns3:Speed>6.485000133514404</ns3:Speed>
                <ns3:Watts>184</ns3:Watts>
              </ns3:TPX>
            </Extensions>
          </Trackpoint>
          <Trackpoint>
            <Time>2025-07-25T12:03:15.000Z</Time>
            <Position>
              <LatitudeDegrees>43.11039657332003</LatitudeDegrees>
              <LongitudeDegrees>-2.5851646810770035</LongitudeDegrees>
            </Position>
            <AltitudeMeters>199.1999969482422</AltitudeMeters>
            <DistanceMeters>2088.610107421875</DistanceMeters>
            <HeartRateBpm>
              <Value>118</Value>
            </HeartRateBpm>
            <Cadence>82</Cadence>
            <Extensions>
              <ns3:TPX>
                <ns3:Speed>6.438000202178955</ns3:Speed>
                <ns3:Watts>193</ns3:Watts>
              </ns3:TPX>
            </Extensions>
          </Trackpoint>
          <Trackpoint>
            <Time>2025-07-25T12:03:16.000Z</Time>
            <Position>
              <LatitudeDegrees>43.110342090949416</LatitudeDegrees>
              <LongitudeDegrees>-2.5851398706436157</LongitudeDegrees>
            </Position>
            <AltitudeMeters>199.1999969482422</AltitudeMeters>
            <DistanceMeters>2095.06005859375</DistanceMeters>
            <HeartRateBpm>
              <Value>118</Value>
            </HeartRateBpm>
            <Cadence>81</Cadence>
            <Extensions>
              <ns3:TPX>
                <ns3:Speed>6.456999778747559</ns3:Speed>
                <ns3:Watts>192</ns3:Watts>
              </ns3:TPX>
            </Extensions>
          </Trackpoint>
          <Trackpoint>
            <Time>2025-07-25T12:03:17.000Z</Time>
            <Position>
              <LatitudeDegrees>43.11027696356177</LatitudeDegrees>
              <LongitudeDegrees>-2.5851081032305956</LongitudeDegrees>
            </Position>
            <AltitudeMeters>199.1999969482422</AltitudeMeters>
            <DistanceMeters>2101.43994140625</DistanceMeters>
            <HeartRateBpm>
              <Value>118</Value>
            </HeartRateBpm>
            <Cadence>78</Cadence>
            <Extensions>
              <ns3:TPX>
                <ns3:Speed>6.373000144958496</ns3:Speed>
                <ns3:Watts>209</ns3:Watts>
              </ns3:TPX>
            </Extensions>
          </Trackpoint>
          <Trackpoint>
            <Time>2025-07-25T12:03:18.000Z</Time>
            <Position>
              <LatitudeDegrees>43.11022398993373</LatitudeDegrees>
              <LongitudeDegrees>-2.5850842986255884</LongitudeDegrees>
            </Position>
            <AltitudeMeters>199.39999389648438</AltitudeMeters>
            <DistanceMeters>2107.81005859375</DistanceMeters>
            <HeartRateBpm>
              <Value>117</Value>
            </HeartRateBpm>
            <Cadence>78</Cadence>
            <Extensions>
              <ns3:TPX>
                <ns3:Speed>6.373000144958496</ns3:Speed>
                <ns3:Watts>208</ns3:Watts>
              </ns3:TPX>
            </Extensions>
          </Trackpoint>
          <Trackpoint>
            <Time>2025-07-25T12:03:19.000Z</Time>
            <Position>
              <LatitudeDegrees>43.11016933992505</LatitudeDegrees>
              <LongitudeDegrees>-2.585063511505723</LongitudeDegrees>
            </Position>
            <AltitudeMeters>199.39999389648438</AltitudeMeters>
            <DistanceMeters>2114.1298828125</DistanceMeters>
            <HeartRateBpm>
              <Value>117</Value>
            </HeartRateBpm>
            <Cadence>79</Cadence>
            <Extensions>
              <ns3:TPX>
                <ns3:Speed>6.289000034332275</ns3:Speed>
                <ns3:Watts>208</ns3:Watts>
              </ns3:TPX>
            </Extensions>
          </Trackpoint>
          <Trackpoint>
            <Time>2025-07-25T12:03:20.000Z</Time>
            <Position>
              <LatitudeDegrees>43.11011561192572</LatitudeDegrees>
              <LongitudeDegrees>-2.5850428082048893</LongitudeDegrees>
            </Position>
            <AltitudeMeters>199.39999389648438</AltitudeMeters>
            <DistanceMeters>2120.3798828125</DistanceMeters>
            <HeartRateBpm>
              <Value>117</Value>
            </HeartRateBpm>
            <Cadence>77</Cadence>
            <Extensions>
              <ns3:TPX>
                <ns3:Speed>6.251999855041504</ns3:Speed>
                <ns3:Watts>215</ns3:Watts>
              </ns3:TPX>
            </Extensions>
          </Trackpoint>
          <Trackpoint>
            <Time>2025-07-25T12:03:21.000Z</Time>
            <Position>
              <LatitudeDegrees>43.110062554478645</LatitudeDegrees>
              <LongitudeDegrees>-2.5850183330476284</LongitudeDegrees>
            </Position>
            <AltitudeMeters>199.60000610351562</AltitudeMeters>
            <DistanceMeters>2126.550048828125</DistanceMeters>
            <HeartRateBpm>
              <Value>116</Value>
            </HeartRateBpm>
            <Cadence>76</Cadence>
            <Extensions>
              <ns3:TPX>
                <ns3:Speed>6.185999870300293</ns3:Speed>
                <ns3:Watts>198</ns3:Watts>
              </ns3:TPX>
            </Extensions>
          </Trackpoint>
          <Trackpoint>
            <Time>2025-07-25T12:03:22.000Z</Time>
            <Position>
              <LatitudeDegrees>43.11001016758382</LatitudeDegrees>
              <LongitudeDegrees>-2.584995785728097</LongitudeDegrees>
            </Position>
            <AltitudeMeters>199.60000610351562</AltitudeMeters>
            <DistanceMeters>2132.699951171875</DistanceMeters>
            <HeartRateBpm>
              <Value>116</Value>
            </HeartRateBpm>
            <Cadence>76</Cadence>
            <Extensions>
              <ns3:TPX>
                <ns3:Speed>6.1579999923706055</ns3:Speed>
                <ns3:Watts>222</ns3:Watts>
              </ns3:TPX>
            </Extensions>
          </Trackpoint>
          <Trackpoint>
            <Time>2025-07-25T12:03:23.000Z</Time>
            <Position>
              <LatitudeDegrees>43.10995769686997</LatitudeDegrees>
              <LongitudeDegrees>-2.584974244236946</LongitudeDegrees>
            </Position>
            <AltitudeMeters>199.8000030517578</AltitudeMeters>
            <DistanceMeters>2138.8798828125</DistanceMeters>
            <HeartRateBpm>
              <Value>116</Value>
            </HeartRateBpm>
            <Cadence>78</Cadence>
            <Extensions>
              <ns3:TPX>
                <ns3:Speed>6.185999870300293</ns3:Speed>
                <ns3:Watts>238</ns3:Watts>
              </ns3:TPX>
            </Extensions>
          </Trackpoint>
          <Trackpoint>
            <Time>2025-07-25T12:03:24.000Z</Time>
            <Position>
              <LatitudeDegrees>43.10990505851805</LatitudeDegrees>
              <LongitudeDegrees>-2.5849511940032244</LongitudeDegrees>
            </Position>
            <AltitudeMeters>199.8000030517578</AltitudeMeters>
            <DistanceMeters>2145.050048828125</DistanceMeters>
            <HeartRateBpm>
              <Value>117</Value>
            </HeartRateBpm>
            <Cadence>76</Cadence>
            <Extensions>
              <ns3:TPX>
                <ns3:Speed>6.168000221252441</ns3:Speed>
                <ns3:Watts>215</ns3:Watts>
              </ns3:TPX>
            </Extensions>
          </Trackpoint>
          <Trackpoint>
            <Time>2025-07-25T12:03:25.000Z</Time>
            <Position>
              <LatitudeDegrees>43.1098523363471</LatitudeDegrees>
              <LongitudeDegrees>-2.5849299039691687</LongitudeDegrees>
            </Position>
            <AltitudeMeters>200.0</AltitudeMeters>
            <DistanceMeters>2151.25</DistanceMeters>
            <HeartRateBpm>
              <Value>117</Value>
            </HeartRateBpm>
            <Cadence>76</Cadence>
            <Extensions>
              <ns3:TPX>
                <ns3:Speed>6.196000099182129</ns3:Speed>
                <ns3:Watts>231</ns3:Watts>
              </ns3:TPX>
            </Extensions>
          </Trackpoint>
          <Trackpoint>
            <Time>2025-07-25T12:03:26.000Z</Time>
            <Position>
              <LatitudeDegrees>43.109800200909376</LatitudeDegrees>
              <LongitudeDegrees>-2.5849090330302715</LongitudeDegrees>
            </Position>
            <AltitudeMeters>200.0</AltitudeMeters>
            <DistanceMeters>2157.39990234375</DistanceMeters>
            <HeartRateBpm>
              <Value>117</Value>
            </HeartRateBpm>
            <Cadence>76</Cadence>
            <Extensions>
              <ns3:TPX>
                <ns3:Speed>6.1579999923706055</ns3:Speed>
                <ns3:Watts>221</ns3:Watts>
              </ns3:TPX>
            </Extensions>
          </Trackpoint>
          <Trackpoint>
            <Time>2025-07-25T12:03:27.000Z</Time>
            <Position>
              <LatitudeDegrees>43.109747897833586</LatitudeDegrees>
              <LongitudeDegrees>-2.5848828814923763</LongitudeDegrees>
            </Position>
            <AltitudeMeters>200.0</AltitudeMeters>
            <DistanceMeters>2163.590087890625</DistanceMeters>
            <HeartRateBpm>
              <Value>117</Value>
            </HeartRateBpm>
            <Cadence>76</Cadence>
            <Extensions>
              <ns3:TPX>
                <ns3:Speed>6.185999870300293</ns3:Speed>
                <ns3:Watts>243</ns3:Watts>
              </ns3:TPX>
            </Extensions>
          </Trackpoint>
          <Trackpoint>
            <Time>2025-07-25T12:03:28.000Z</Time>
            <Position>
              <LatitudeDegrees>43.10969500802457</LatitudeDegrees>
              <LongitudeDegrees>-2.5848578196018934</LongitudeDegrees>
            </Position>
            <AltitudeMeters>200.1999969482422</AltitudeMeters>
            <DistanceMeters>2169.719970703125</DistanceMeters>
            <HeartRateBpm>
              <Value>117</Value>
            </HeartRateBpm>
            <Cadence>76</Cadence>
            <Extensions>
              <ns3:TPX>
                <ns3:Speed>6.120999813079834</ns3:Speed>
                <ns3:Watts>250</ns3:Watts>
              </ns3:TPX>
            </Extensions>
          </Trackpoint>
          <Trackpoint>
            <Time>2025-07-25T12:03:29.000Z</Time>
            <Position>
              <LatitudeDegrees>43.109653014689684</LatitudeDegrees>
              <LongitudeDegrees>-2.584840804338455</LongitudeDegrees>
            </Position>
            <AltitudeMeters>200.1999969482422</AltitudeMeters>
            <DistanceMeters>2175.830078125</DistanceMeters>
            <HeartRateBpm>
              <Value>117</Value>
            </HeartRateBpm>
            <Cadence>77</Cadence>
            <Extensions>
              <ns3:TPX>
                <ns3:Speed>6.120999813079834</ns3:Speed>
                <ns3:Watts>232</ns3:Watts>
              </ns3:TPX>
            </Extensions>
          </Trackpoint>
          <Trackpoint>
            <Time>2025-07-25T12:03:30.000Z</Time>
            <Position>
              <LatitudeDegrees>43.10960071161389</LatitudeDegrees>
              <LongitudeDegrees>-2.584822364151478</LongitudeDegrees>
            </Position>
            <AltitudeMeters>200.39999389648438</AltitudeMeters>
            <DistanceMeters>2181.93994140625</DistanceMeters>
            <HeartRateBpm>
              <Value>118</Value>
            </HeartRateBpm>
            <Cadence>75</Cadence>
            <Extensions>
              <ns3:TPX>
                <ns3:Speed>6.1020002365112305</ns3:Speed>
                <ns3:Watts>250</ns3:Watts>
              </ns3:TPX>
            </Extensions>
          </Trackpoint>
          <Trackpoint>
            <Time>2025-07-25T12:03:31.000Z</Time>
            <Position>
              <LatitudeDegrees>43.10954891145229</LatitudeDegrees>
              <LongitudeDegrees>-2.5848044268786907</LongitudeDegrees>
            </Position>
            <AltitudeMeters>200.39999389648438</AltitudeMeters>
            <DistanceMeters>2187.9599609375</DistanceMeters>
            <HeartRateBpm>
              <Value>118</Value>
            </HeartRateBpm>
            <Cadence>75</Cadence>
            <Extensions>
              <ns3:TPX>
                <ns3:Speed>6.0279998779296875</ns3:Speed>
                <ns3:Watts>219</ns3:Watts>
              </ns3:TPX>
            </Extensions>
          </Trackpoint>
          <Trackpoint>
            <Time>2025-07-25T12:03:32.000Z</Time>
            <Position>
              <LatitudeDegrees>43.10949702747166</LatitudeDegrees>
              <LongitudeDegrees>-2.5847868248820305</LongitudeDegrees>
            </Position>
            <AltitudeMeters>200.60000610351562</AltitudeMeters>
            <DistanceMeters>2193.97998046875</DistanceMeters>
            <HeartRateBpm>
              <Value>119</Value>
            </HeartRateBpm>
            <Cadence>75</Cadence>
            <Extensions>
              <ns3:TPX>
                <ns3:Speed>6.008999824523926</ns3:Speed>
                <ns3:Watts>265</ns3:Watts>
              </ns3:TPX>
            </Extensions>
          </Trackpoint>
          <Trackpoint>
            <Time>2025-07-25T12:03:33.000Z</Time>
            <Position>
              <LatitudeDegrees>43.109445394948125</LatitudeDegrees>
              <LongitudeDegrees>-2.5847717374563217</LongitudeDegrees>
            </Position>
            <AltitudeMeters>200.60000610351562</AltitudeMeters>
            <DistanceMeters>2199.93994140625</DistanceMeters>
            <HeartRateBpm>
              <Value>119</Value>
            </HeartRateBpm>
            <Cadence>75</Cadence>
            <Extensions>
              <ns3:TPX>
                <ns3:Speed>5.9720001220703125</ns3:Speed>
                <ns3:Watts>231</ns3:Watts>
              </ns3:TPX>
            </Extensions>
          </Trackpoint>
          <Trackpoint>
            <Time>2025-07-25T12:03:34.000Z</Time>
            <Position>
              <LatitudeDegrees>43.10939434915781</LatitudeDegrees>
              <LongitudeDegrees>-2.584756650030613</LongitudeDegrees>
            </Position>
            <AltitudeMeters>200.8000030517578</AltitudeMeters>
            <DistanceMeters>2205.89990234375</DistanceMeters>
            <HeartRateBpm>
              <Value>119</Value>
            </HeartRateBpm>
            <Cadence>75</Cadence>
            <Extensions>
              <ns3:TPX>
                <ns3:Speed>5.961999893188477</ns3:Speed>
                <ns3:Watts>267</ns3:Watts>
              </ns3:TPX>
            </Extensions>
          </Trackpoint>
          <Trackpoint>
            <Time>2025-07-25T12:03:35.000Z</Time>
            <Position>
              <LatitudeDegrees>43.10934347100556</LatitudeDegrees>
              <LongitudeDegrees>-2.5847434904426336</LongitudeDegrees>
            </Position>
            <AltitudeMeters>200.8000030517578</AltitudeMeters>
            <DistanceMeters>2211.8701171875</DistanceMeters>
            <HeartRateBpm>
              <Value>119</Value>
            </HeartRateBpm>
            <Cadence>75</Cadence>
            <Extensions>
              <ns3:TPX>
                <ns3:Speed>5.961999893188477</ns3:Speed>
                <ns3:Watts>235</ns3:Watts>
              </ns3:TPX>
            </Extensions>
          </Trackpoint>
          <Trackpoint>
            <Time>2025-07-25T12:03:36.000Z</Time>
            <Position>
              <LatitudeDegrees>43.10929317958653</LatitudeDegrees>
              <LongitudeDegrees>-2.5847291573882103</LongitudeDegrees>
            </Position>
            <AltitudeMeters>200.8000030517578</AltitudeMeters>
            <DistanceMeters>2217.780029296875</DistanceMeters>
            <HeartRateBpm>
              <Value>120</Value>
            </HeartRateBpm>
            <Cadence>74</Cadence>
            <Extensions>
              <ns3:TPX>
                <ns3:Speed>5.915999889373779</ns3:Speed>
                <ns3:Watts>289</ns3:Watts>
              </ns3:TPX>
            </Extensions>
          </Trackpoint>
          <Trackpoint>
            <Time>2025-07-25T12:03:37.000Z</Time>
            <Position>
              <LatitudeDegrees>43.109232913702726</LatitudeDegrees>
              <LongitudeDegrees>-2.5847143214195967</LongitudeDegrees>
            </Position>
            <AltitudeMeters>201.0</AltitudeMeters>
            <DistanceMeters>2223.64990234375</DistanceMeters>
            <HeartRateBpm>
              <Value>120</Value>
            </HeartRateBpm>
            <Cadence>74</Cadence>
            <Extensions>
              <ns3:TPX>
                <ns3:Speed>5.86899995803833</ns3:Speed>
                <ns3:Watts>243</ns3:Watts>
              </ns3:TPX>
            </Extensions>
          </Trackpoint>
          <Trackpoint>
            <Time>2025-07-25T12:03:38.000Z</Time>
            <Position>
              <LatitudeDegrees>43.109180778265</LatitudeDegrees>
              <LongitudeDegrees>-2.584703089669347</LongitudeDegrees>
            </Position>
            <AltitudeMeters>201.1999969482422</AltitudeMeters>
            <DistanceMeters>2229.489990234375</DistanceMeters>
            <HeartRateBpm>
              <Value>121</Value>
            </HeartRateBpm>
            <Cadence>73</Cadence>
            <Extensions>
              <ns3:TPX>
                <ns3:Speed>5.841000080108643</ns3:Speed>
                <ns3:Watts>290</ns3:Watts>
              </ns3:TPX>
            </Extensions>
          </Trackpoint>
          <Trackpoint>
            <Time>2025-07-25T12:03:39.000Z</Time>
            <Position>
              <LatitudeDegrees>43.10912855900824</LatitudeDegrees>
              <LongitudeDegrees>-2.584693869575858</LongitudeDegrees>
            </Position>
            <AltitudeMeters>201.1999969482422</AltitudeMeters>
            <DistanceMeters>2235.31005859375</DistanceMeters>
            <HeartRateBpm>
              <Value>121</Value>
            </HeartRateBpm>
            <Cadence>73</Cadence>
            <Extensions>
              <ns3:TPX>
                <ns3:Speed>5.813000202178955</ns3:Speed>
                <ns3:Watts>253</ns3:Watts>
              </ns3:TPX>
            </Extensions>
          </Trackpoint>
          <Trackpoint>
            <Time>2025-07-25T12:03:40.000Z</Time>
            <Position>
              <LatitudeDegrees>43.10907667502761</LatitudeDegrees>
              <LongitudeDegrees>-2.584689175710082</LongitudeDegrees>
            </Position>
            <AltitudeMeters>201.1999969482422</AltitudeMeters>
            <DistanceMeters>2241.090087890625</DistanceMeters>
            <HeartRateBpm>
              <Value>121</Value>
            </HeartRateBpm>
            <Cadence>73</Cadence>
            <Extensions>
              <ns3:TPX>
                <ns3:Speed>5.784999847412109</ns3:Speed>
                <ns3:Watts>266</ns3:Watts>
              </ns3:TPX>
            </Extensions>
          </Trackpoint>
          <Trackpoint>
            <Time>2025-07-25T12:03:41.000Z</Time>
            <Position>
              <LatitudeDegrees>43.10907667502761</LatitudeDegrees>
              <LongitudeDegrees>-2.584689175710082</LongitudeDegrees>
            </Position>
            <AltitudeMeters>201.60000610351562</AltitudeMeters>
            <DistanceMeters>2246.8701171875</DistanceMeters>
            <HeartRateBpm>
              <Value>122</Value>
            </HeartRateBpm>
            <Cadence>73</Cadence>
            <Extensions>
              <ns3:TPX>
                <ns3:Speed>5.784999847412109</ns3:Speed>
                <ns3:Watts>251</ns3:Watts>
              </ns3:TPX>
            </Extensions>
          </Trackpoint>
          <Trackpoint>
            <Time>2025-07-25T12:03:42.000Z</Time>
            <Position>
              <LatitudeDegrees>43.108973326161504</LatitudeDegrees>
              <LongitudeDegrees>-2.5846777763217688</LongitudeDegrees>
            </Position>
            <AltitudeMeters>201.60000610351562</AltitudeMeters>
            <DistanceMeters>2252.7099609375</DistanceMeters>
            <HeartRateBpm>
              <Value>122</Value>
            </HeartRateBpm>
            <Cadence>73</Cadence>
            <Extensions>
              <ns3:TPX>
                <ns3:Speed>5.831999778747559</ns3:Speed>
                <ns3:Watts>251</ns3:Watts>
              </ns3:TPX>
            </Extensions>
          </Trackpoint>
          <Trackpoint>
            <Time>2025-07-25T12:03:43.000Z</Time>
            <Position>
              <LatitudeDegrees>43.10895253904164</LatitudeDegrees>
              <LongitudeDegrees>-2.5846748426556587</LongitudeDegrees>
            </Position>
            <AltitudeMeters>201.8000030517578</AltitudeMeters>
            <DistanceMeters>2258.6201171875</DistanceMeters>
            <HeartRateBpm>
              <Value>122</Value>
            </HeartRateBpm>
            <Cadence>71</Cadence>
            <Extensions>
              <ns3:TPX>
                <ns3:Speed>5.906000137329102</ns3:Speed>
                <ns3:Watts>263</ns3:Watts>
              </ns3:TPX>
            </Extensions>
          </Trackpoint>
          <Trackpoint>
            <Time>2025-07-25T12:03:44.000Z</Time>
            <Position>
              <LatitudeDegrees>43.10889093205333</LatitudeDegrees>
              <LongitudeDegrees>-2.5846660416573286</LongitudeDegrees>
            </Position>
            <AltitudeMeters>202.0</AltitudeMeters>
            <DistanceMeters>2264.550048828125</DistanceMeters>
            <HeartRateBpm>
              <Value>122</Value>
            </HeartRateBpm>
            <Cadence>74</Cadence>
            <Extensions>
              <ns3:TPX>
                <ns3:Speed>5.934000015258789</ns3:Speed>
                <ns3:Watts>219</ns3:Watts>
              </ns3:TPX>
            </Extensions>
          </Trackpoint>
          <Trackpoint>
            <Time>2025-07-25T12:03:45.000Z</Time>
            <Position>
              <LatitudeDegrees>43.108848771080375</LatitudeDegrees>
              <LongitudeDegrees>-2.584661263972521</LongitudeDegrees>
            </Position>
            <AltitudeMeters>202.0</AltitudeMeters>
            <DistanceMeters>2270.5</DistanceMeters>
            <HeartRateBpm>
              <Value>122</Value>
            </HeartRateBpm>
            <Cadence>74</Cadence>
            <Extensions>
              <ns3:TPX>
                <ns3:Speed>5.943999767303467</ns3:Speed>
                <ns3:Watts>257</ns3:Watts>
              </ns3:TPX>
            </Extensions>
          </Trackpoint>
          <Trackpoint>
            <Time>2025-07-25T12:03:46.000Z</Time>
            <Position>
              <LatitudeDegrees>43.1087645329535</LatitudeDegrees>
              <LongitudeDegrees>-2.584654474630952</LongitudeDegrees>
            </Position>
            <AltitudeMeters>202.1999969482422</AltitudeMeters>
            <DistanceMeters>2276.419921875</DistanceMeters>
            <HeartRateBpm>
              <Value>122</Value>
            </HeartRateBpm>
            <Cadence>73</Cadence>
            <Extensions>
              <ns3:TPX>
                <ns3:Speed>5.934000015258789</ns3:Speed>
                <ns3:Watts>203</ns3:Watts>
              </ns3:TPX>
            </Extensions>
          </Trackpoint>
          <Trackpoint>
            <Time>2025-07-25T12:03:47.000Z</Time>
            <Position>
              <LatitudeDegrees>43.108712481334805</LatitudeDegrees>
              <LongitudeDegrees>-2.58465095423162</LongitudeDegrees>
            </Position>
            <AltitudeMeters>202.39999389648438</AltitudeMeters>
            <DistanceMeters>2282.320068359375</DistanceMeters>
            <HeartRateBpm>
              <Value>122</Value>
            </HeartRateBpm>
            <Cadence>74</Cadence>
            <Extensions>
              <ns3:TPX>
                <ns3:Speed>5.896999835968018</ns3:Speed>
                <ns3:Watts>228</ns3:Watts>
              </ns3:TPX>
            </Extensions>
          </Trackpoint>
          <Trackpoint>
            <Time>2025-07-25T12:03:48.000Z</Time>
            <Position>
              <LatitudeDegrees>43.10866084881127</LatitudeDegrees>
              <LongitudeDegrees>-2.5846475176513195</LongitudeDegrees>
            </Position>
            <AltitudeMeters>202.60000610351562</AltitudeMeters>
            <DistanceMeters>2288.2099609375</DistanceMeters>
            <HeartRateBpm>
              <Value>122</Value>
            </HeartRateBpm>
            <Cadence>73</Cadence>
            <Extensions>
              <ns3:TPX>
                <ns3:Speed>5.877999782562256</ns3:Speed>
                <ns3:Watts>212</ns3:Watts>
              </ns3:TPX>
            </Extensions>
          </Trackpoint>
          <Trackpoint>
            <Time>2025-07-25T12:03:49.000Z</Time>
            <Position>
              <LatitudeDegrees>43.10860854573548</LatitudeDegrees>
              <LongitudeDegrees>-2.5846460927277803</LongitudeDegrees>
            </Position>
            <AltitudeMeters>202.60000610351562</AltitudeMeters>
            <DistanceMeters>2294.030029296875</DistanceMeters>
            <HeartRateBpm>
              <Value>122</Value>
            </HeartRateBpm>
            <Cadence>72</Cadence>
            <Extensions>
              <ns3:TPX>
                <ns3:Speed>5.831999778747559</ns3:Speed>
                <ns3:Watts>249</ns3:Watts>
              </ns3:TPX>
            </Extensions>
          </Trackpoint>
          <Trackpoint>
            <Time>2025-07-25T12:03:50.000Z</Time>
            <Position>
              <LatitudeDegrees>43.10855641029775</LatitudeDegrees>
              <LongitudeDegrees>-2.5846430752426386</LongitudeDegrees>
            </Position>
            <AltitudeMeters>202.8000030517578</AltitudeMeters>
            <DistanceMeters>2299.830078125</DistanceMeters>
            <HeartRateBpm>
              <Value>122</Value>
            </HeartRateBpm>
            <Cadence>73</Cadence>
            <Extensions>
              <ns3:TPX>
                <ns3:Speed>5.794000148773193</ns3:Speed>
                <ns3:Watts>241</ns3:Watts>
              </ns3:TPX>
            </Extensions>
          </Trackpoint>
          <Trackpoint>
            <Time>2025-07-25T12:03:51.000Z</Time>
            <Position>
              <LatitudeDegrees>43.10850486159325</LatitudeDegrees>
              <LongitudeDegrees>-2.5846375431865454</LongitudeDegrees>
            </Position>
            <AltitudeMeters>203.0</AltitudeMeters>
            <DistanceMeters>2305.659912109375</DistanceMeters>
            <HeartRateBpm>
              <Value>122</Value>
            </HeartRateBpm>
            <Cadence>72</Cadence>
            <Extensions>
              <ns3:TPX>
                <ns3:Speed>5.831999778747559</ns3:Speed>
                <ns3:Watts>258</ns3:Watts>
              </ns3:TPX>
            </Extensions>
          </Trackpoint>
          <Trackpoint>
            <Time>2025-07-25T12:03:52.000Z</Time>
            <Position>
              <LatitudeDegrees>43.108453480526805</LatitudeDegrees>
              <LongitudeDegrees>-2.584630586206913</LongitudeDegrees>
            </Position>
            <AltitudeMeters>203.0</AltitudeMeters>
            <DistanceMeters>2311.469970703125</DistanceMeters>
            <HeartRateBpm>
              <Value>123</Value>
            </HeartRateBpm>
            <Cadence>71</Cadence>
            <Extensions>
              <ns3:TPX>
                <ns3:Speed>5.813000202178955</ns3:Speed>
                <ns3:Watts>230</ns3:Watts>
              </ns3:TPX>
            </Extensions>
          </Trackpoint>
          <Trackpoint>
            <Time>2025-07-25T12:03:53.000Z</Time>
            <Position>
              <LatitudeDegrees>43.1084019318223</LatitudeDegrees>
              <LongitudeDegrees>-2.584624383598566</LongitudeDegrees>
            </Position>
            <AltitudeMeters>203.1999969482422</AltitudeMeters>
            <DistanceMeters>2317.330078125</DistanceMeters>
            <HeartRateBpm>
              <Value>123</Value>
            </HeartRateBpm>
            <Cadence>73</Cadence>
            <Extensions>
              <ns3:TPX>
                <ns3:Speed>5.849999904632568</ns3:Speed>
                <ns3:Watts>229</ns3:Watts>
              </ns3:TPX>
            </Extensions>
          </Trackpoint>
          <Trackpoint>
            <Time>2025-07-25T12:03:54.000Z</Time>
            <Position>
              <LatitudeDegrees>43.10834962874651</LatitudeDegrees>
              <LongitudeDegrees>-2.5846184324473143</LongitudeDegrees>
            </Position>
            <AltitudeMeters>203.1999969482422</AltitudeMeters>
            <DistanceMeters>2323.219970703125</DistanceMeters>
            <HeartRateBpm>
              <Value>123</Value>
            </HeartRateBpm>
            <Cadence>74</Cadence>
            <Extensions>
              <ns3:TPX>
                <ns3:Speed>5.896999835968018</ns3:Speed>
                <ns3:Watts>223</ns3:Watts>
              </ns3:TPX>
            </Extensions>
          </Trackpoint>
          <Trackpoint>
            <Time>2025-07-25T12:03:55.000Z</Time>
            <Position>
              <LatitudeDegrees>43.10829690657556</LatitudeDegrees>
              <LongitudeDegrees>-2.584612565115094</LongitudeDegrees>
            </Position>
            <AltitudeMeters>203.39999389648438</AltitudeMeters>
            <DistanceMeters>2329.1298828125</DistanceMeters>
            <HeartRateBpm>
              <Value>123</Value>
            </HeartRateBpm>
            <Cadence>75</Cadence>
            <Extensions>
              <ns3:TPX>
                <ns3:Speed>5.906000137329102</ns3:Speed>
                <ns3:Watts>208</ns3:Watts>
              </ns3:TPX>
            </Extensions>
          </Trackpoint>
          <Trackpoint>
            <Time>2025-07-25T12:03:56.000Z</Time>
            <Position>
              <LatitudeDegrees>43.10824460349977</LatitudeDegrees>
              <LongitudeDegrees>-2.5846072006970644</LongitudeDegrees>
            </Position>
            <AltitudeMeters>203.39999389648438</AltitudeMeters>
            <DistanceMeters>2335.080078125</DistanceMeters>
            <HeartRateBpm>
              <Value>123</Value>
            </HeartRateBpm>
            <Cadence>74</Cadence>
            <Extensions>
              <ns3:TPX>
                <ns3:Speed>5.953000068664551</ns3:Speed>
                <ns3:Watts>225</ns3:Watts>
              </ns3:TPX>
            </Extensions>
          </Trackpoint>
          <Trackpoint>
            <Time>2025-07-25T12:03:57.000Z</Time>
            <Position>
              <LatitudeDegrees>43.108192551881075</LatitudeDegrees>
              <LongitudeDegrees>-2.5845992378890514</LongitudeDegrees>
            </Position>
            <AltitudeMeters>203.39999389648438</AltitudeMeters>
            <DistanceMeters>2341.0</DistanceMeters>
            <HeartRateBpm>
              <Value>123</Value>
            </HeartRateBpm>
            <Cadence>74</Cadence>
            <Extensions>
              <ns3:TPX>
                <ns3:Speed>5.925000190734863</ns3:Speed>
                <ns3:Watts>233</ns3:Watts>
              </ns3:TPX>
            </Extensions>
          </Trackpoint>
          <Trackpoint>
            <Time>2025-07-25T12:03:58.000Z</Time>
            <Position>
              <LatitudeDegrees>43.108139829710126</LatitudeDegrees>
              <LongitudeDegrees>-2.5845921132713556</LongitudeDegrees>
            </Position>
            <AltitudeMeters>203.60000610351562</AltitudeMeters>
            <DistanceMeters>2346.909912109375</DistanceMeters>
            <HeartRateBpm>
              <Value>124</Value>
            </HeartRateBpm>
            <Cadence>73</Cadence>
            <Extensions>
              <ns3:TPX>
                <ns3:Speed>5.906000137329102</ns3:Speed>
                <ns3:Watts>249</ns3:Watts>
              </ns3:TPX>
            </Extensions>
          </Trackpoint>
          <Trackpoint>
            <Time>2025-07-25T12:03:59.000Z</Time>
            <Position>
              <LatitudeDegrees>43.10808836482465</LatitudeDegrees>
              <LongitudeDegrees>-2.5845847371965647</LongitudeDegrees>
            </Position>
            <AltitudeMeters>203.60000610351562</AltitudeMeters>
            <DistanceMeters>2352.7900390625</DistanceMeters>
            <HeartRateBpm>
              <Value>124</Value>
            </HeartRateBpm>
            <Cadence>74</Cadence>
            <Extensions>
              <ns3:TPX>
                <ns3:Speed>5.877999782562256</ns3:Speed>
                <ns3:Watts>215</ns3:Watts>
              </ns3:TPX>
            </Extensions>
          </Trackpoint>
          <Trackpoint>
            <Time>2025-07-25T12:04:00.000Z</Time>
            <Position>
              <LatitudeDegrees>43.108037235215306</LatitudeDegrees>
              <LongitudeDegrees>-2.584573421627283</LongitudeDegrees>
            </Position>
            <AltitudeMeters>203.60000610351562</AltitudeMeters>
            <DistanceMeters>2358.659912109375</DistanceMeters>
            <HeartRateBpm>
              <Value>124</Value>
            </HeartRateBpm>
            <Cadence>73</Cadence>
            <Extensions>
              <ns3:TPX>
                <ns3:Speed>5.86899995803833</ns3:Speed>
                <ns3:Watts>249</ns3:Watts>
              </ns3:TPX>
            </Extensions>
          </Trackpoint>
          <Trackpoint>
            <Time>2025-07-25T12:04:01.000Z</Time>
            <Position>
              <LatitudeDegrees>43.10798551887274</LatitudeDegrees>
              <LongitudeDegrees>-2.5845582503825426</LongitudeDegrees>
            </Position>
            <AltitudeMeters>203.8000030517578</AltitudeMeters>
            <DistanceMeters>2364.570068359375</DistanceMeters>
            <HeartRateBpm>
              <Value>124</Value>
            </HeartRateBpm>
            <Cadence>73</Cadence>
            <Extensions>
              <ns3:TPX>
                <ns3:Speed>5.915999889373779</ns3:Speed>
                <ns3:Watts>204</ns3:Watts>
              </ns3:TPX>
            </Extensions>
          </Trackpoint>
          <Trackpoint>
            <Time>2025-07-25T12:04:02.000Z</Time>
            <Position>
              <LatitudeDegrees>43.107944866642356</LatitudeDegrees>
              <LongitudeDegrees>-2.584542240947485</LongitudeDegrees>
            </Position>
            <AltitudeMeters>203.8000030517578</AltitudeMeters>
            <DistanceMeters>2370.4599609375</DistanceMeters>
            <HeartRateBpm>
              <Value>124</Value>
            </HeartRateBpm>
            <Cadence>73</Cadence>
            <Extensions>
              <ns3:TPX>
                <ns3:Speed>5.877999782562256</ns3:Speed>
                <ns3:Watts>218</ns3:Watts>
              </ns3:TPX>
            </Extensions>
          </Trackpoint>
          <Trackpoint>
            <Time>2025-07-25T12:04:03.000Z</Time>
            <Position>
              <LatitudeDegrees>43.10789616778493</LatitudeDegrees>
              <LongitudeDegrees>-2.584521621465683</LongitudeDegrees>
            </Position>
            <AltitudeMeters>204.0</AltitudeMeters>
            <DistanceMeters>2376.280029296875</DistanceMeters>
            <HeartRateBpm>
              <Value>124</Value>
            </HeartRateBpm>
            <Cadence>74</Cadence>
            <Extensions>
              <ns3:TPX>
                <ns3:Speed>5.831999778747559</ns3:Speed>
                <ns3:Watts>200</ns3:Watts>
              </ns3:TPX>
            </Extensions>
          </Trackpoint>
          <Trackpoint>
            <Time>2025-07-25T12:04:04.000Z</Time>
            <Position>
              <LatitudeDegrees>43.107847049832344</LatitudeDegrees>
              <LongitudeDegrees>-2.5844967272132635</LongitudeDegrees>
            </Position>
            <AltitudeMeters>204.0</AltitudeMeters>
            <DistanceMeters>2382.090087890625</DistanceMeters>
            <HeartRateBpm>
              <Value>124</Value>
            </HeartRateBpm>
            <Cadence>72</Cadence>
            <Extensions>
              <ns3:TPX>
                <ns3:Speed>5.803999900817871</ns3:Speed>
                <ns3:Watts>237</ns3:Watts>
              </ns3:TPX>
            </Extensions>
          </Trackpoint>
          <Trackpoint>
            <Time>2025-07-25T12:04:05.000Z</Time>
            <Position>
              <LatitudeDegrees>43.10779784806073</LatitudeDegrees>
              <LongitudeDegrees>-2.584469737485051</LongitudeDegrees>
            </Position>
            <AltitudeMeters>204.39999389648438</AltitudeMeters>
            <DistanceMeters>2387.929931640625</DistanceMeters>
            <HeartRateBpm>
              <Value>124</Value>
            </HeartRateBpm>
            <Cadence>72</Cadence>
            <Extensions>
              <ns3:TPX>
                <ns3:Speed>5.841000080108643</ns3:Speed>
                <ns3:Watts>221</ns3:Watts>
              </ns3:TPX>
            </Extensions>
          </Trackpoint>
          <Trackpoint>
            <Time>2025-07-25T12:04:06.000Z</Time>
            <Position>
              <LatitudeDegrees>43.107748897746205</LatitudeDegrees>
              <LongitudeDegrees>-2.584441741928458</LongitudeDegrees>
            </Position>
            <AltitudeMeters>204.39999389648438</AltitudeMeters>
            <DistanceMeters>2393.77001953125</DistanceMeters>
            <HeartRateBpm>
              <Value>124</Value>
            </HeartRateBpm>
            <Cadence>74</Cadence>
            <Extensions>
              <ns3:TPX>
                <ns3:Speed>5.841000080108643</ns3:Speed>
                <ns3:Watts>246</ns3:Watts>
              </ns3:TPX>
            </Extensions>
          </Trackpoint>
          <Trackpoint>
            <Time>2025-07-25T12:04:07.000Z</Time>
            <Position>
              <LatitudeDegrees>43.107700031250715</LatitudeDegrees>
              <LongitudeDegrees>-2.584414165467024</LongitudeDegrees>
            </Position>
            <AltitudeMeters>204.60000610351562</AltitudeMeters>
            <DistanceMeters>2399.659912109375</DistanceMeters>
            <HeartRateBpm>
              <Value>124</Value>
            </HeartRateBpm>
            <Cadence>73</Cadence>
            <Extensions>
              <ns3:TPX>
                <ns3:Speed>5.86899995803833</ns3:Speed>
                <ns3:Watts>230</ns3:Watts>
              </ns3:TPX>
            </Extensions>
          </Trackpoint>
          <Trackpoint>
            <Time>2025-07-25T12:04:08.000Z</Time>
            <Position>
              <LatitudeDegrees>43.10765124857426</LatitudeDegrees>
              <LongitudeDegrees>-2.5843857508152723</LongitudeDegrees>
            </Position>
            <AltitudeMeters>204.8000030517578</AltitudeMeters>
            <DistanceMeters>2405.510009765625</DistanceMeters>
            <HeartRateBpm>
              <Value>124</Value>
            </HeartRateBpm>
            <Cadence>73</Cadence>
            <Extensions>
              <ns3:TPX>
                <ns3:Speed>5.86899995803833</ns3:Speed>
                <ns3:Watts>208</ns3:Watts>
              </ns3:TPX>
            </Extensions>
          </Trackpoint>
          <Trackpoint>
            <Time>2025-07-25T12:04:09.000Z</Time>
            <Position>
              <LatitudeDegrees>43.107603807002306</LatitudeDegrees>
              <LongitudeDegrees>-2.584357587620616</LongitudeDegrees>
            </Position>
            <AltitudeMeters>204.8000030517578</AltitudeMeters>
            <DistanceMeters>2411.389892578125</DistanceMeters>
            <HeartRateBpm>
              <Value>124</Value>
            </HeartRateBpm>
            <Cadence>73</Cadence>
            <Extensions>
              <ns3:TPX>
                <ns3:Speed>5.888000011444092</ns3:Speed>
                <ns3:Watts>208</ns3:Watts>
              </ns3:TPX>
            </Extensions>
          </Trackpoint>
          <Trackpoint>
            <Time>2025-07-25T12:04:10.000Z</Time>
            <Position>
              <LatitudeDegrees>43.10755502432585</LatitudeDegrees>
              <LongitudeDegrees>-2.5843289215117693</LongitudeDegrees>
            </Position>
            <AltitudeMeters>205.0</AltitudeMeters>
            <DistanceMeters>2417.389892578125</DistanceMeters>
            <HeartRateBpm>
              <Value>124</Value>
            </HeartRateBpm>
            <Cadence>73</Cadence>
            <Extensions>
              <ns3:TPX>
                <ns3:Speed>6.0</ns3:Speed>
                <ns3:Watts>193</ns3:Watts>
              </ns3:TPX>
            </Extensions>
          </Trackpoint>
          <Trackpoint>
            <Time>2025-07-25T12:04:11.000Z</Time>
            <Position>
              <LatitudeDegrees>43.10750481672585</LatitudeDegrees>
              <LongitudeDegrees>-2.584299501031637</LongitudeDegrees>
            </Position>
            <AltitudeMeters>205.1999969482422</AltitudeMeters>
            <DistanceMeters>2423.47998046875</DistanceMeters>
            <HeartRateBpm>
              <Value>124</Value>
            </HeartRateBpm>
            <Cadence>76</Cadence>
            <Extensions>
              <ns3:TPX>
                <ns3:Speed>6.084000110626221</ns3:Speed>
                <ns3:Watts>197</ns3:Watts>
              </ns3:TPX>
            </Extensions>
          </Trackpoint>
          <Trackpoint>
            <Time>2025-07-25T12:04:12.000Z</Time>
            <Position>
              <LatitudeDegrees>43.107454776763916</LatitudeDegrees>
              <LongitudeDegrees>-2.584271002560854</LongitudeDegrees>
            </Position>
            <AltitudeMeters>205.1999969482422</AltitudeMeters>
            <DistanceMeters>2429.56005859375</DistanceMeters>
            <HeartRateBpm>
              <Value>125</Value>
            </HeartRateBpm>
            <Cadence>76</Cadence>
            <Extensions>
              <ns3:TPX>
                <ns3:Speed>6.084000110626221</ns3:Speed>
                <ns3:Watts>210</ns3:Watts>
              </ns3:TPX>
            </Extensions>
          </Trackpoint>
          <Trackpoint>
            <Time>2025-07-25T12:04:13.000Z</Time>
            <Position>
              <LatitudeDegrees>43.10740473680198</LatitudeDegrees>
              <LongitudeDegrees>-2.5842429231852293</LongitudeDegrees>
            </Position>
            <AltitudeMeters>205.1999969482422</AltitudeMeters>
            <DistanceMeters>2435.75</DistanceMeters>
            <HeartRateBpm>
              <Value>124</Value>
            </HeartRateBpm>
            <Cadence>76</Cadence>
            <Extensions>
              <ns3:TPX>
                <ns3:Speed>6.168000221252441</ns3:Speed>
                <ns3:Watts>210</ns3:Watts>
              </ns3:TPX>
            </Extensions>
          </Trackpoint>
          <Trackpoint>
            <Time>2025-07-25T12:04:14.000Z</Time>
            <Position>
              <LatitudeDegrees>43.10735394246876</LatitudeDegrees>
              <LongitudeDegrees>-2.584210904315114</LongitudeDegrees>
            </Position>
            <AltitudeMeters>205.39999389648438</AltitudeMeters>
            <DistanceMeters>2441.9599609375</DistanceMeters>
            <HeartRateBpm>
              <Value>124</Value>
            </HeartRateBpm>
            <Cadence>75</Cadence>
            <Extensions>
              <ns3:TPX>
                <ns3:Speed>6.232999801635742</ns3:Speed>
                <ns3:Watts>231</ns3:Watts>
              </ns3:TPX>
            </Extensions>
          </Trackpoint>
          <Trackpoint>
            <Time>2025-07-25T12:04:15.000Z</Time>
            <Position>
              <LatitudeDegrees>43.1073038186878</LatitudeDegrees>
              <LongitudeDegrees>-2.5841789692640305</LongitudeDegrees>
            </Position>
            <AltitudeMeters>205.39999389648438</AltitudeMeters>
            <DistanceMeters>2448.219970703125</DistanceMeters>
            <HeartRateBpm>
              <Value>125</Value>
            </HeartRateBpm>
            <Cadence>78</Cadence>
            <Extensions>
              <ns3:TPX>
                <ns3:Speed>6.261000156402588</ns3:Speed>
                <ns3:Watts>194</ns3:Watts>
              </ns3:TPX>
            </Extensions>
          </Trackpoint>
          <Trackpoint>
            <Time>2025-07-25T12:04:16.000Z</Time>
            <Position>
              <LatitudeDegrees>43.1072536110878</LatitudeDegrees>
              <LongitudeDegrees>-2.5841477885842323</LongitudeDegrees>
            </Position>
            <AltitudeMeters>205.39999389648438</AltitudeMeters>
            <DistanceMeters>2454.4599609375</DistanceMeters>
            <HeartRateBpm>
              <Value>125</Value>
            </HeartRateBpm>
            <Cadence>77</Cadence>
            <Extensions>
              <ns3:TPX>
                <ns3:Speed>6.242000102996826</ns3:Speed>
                <ns3:Watts>195</ns3:Watts>
              </ns3:TPX>
            </Extensions>
          </Trackpoint>
          <Trackpoint>
            <Time>2025-07-25T12:04:17.000Z</Time>
            <Position>
              <LatitudeDegrees>43.10720273293555</LatitudeDegrees>
              <LongitudeDegrees>-2.584116021171212</LongitudeDegrees>
            </Position>
            <AltitudeMeters>205.60000610351562</AltitudeMeters>
            <DistanceMeters>2460.64990234375</DistanceMeters>
            <HeartRateBpm>
              <Value>125</Value>
            </HeartRateBpm>
            <Cadence>77</Cadence>
            <Extensions>
              <ns3:TPX>
                <ns3:Speed>6.177000045776367</ns3:Speed>
                <ns3:Watts>224</ns3:Watts>
              </ns3:TPX>
            </Extensions>
          </Trackpoint>
          <Trackpoint>
            <Time>2025-07-25T12:04:18.000Z</Time>
            <Position>
              <LatitudeDegrees>43.10715361498296</LatitudeDegrees>
              <LongitudeDegrees>-2.584084840491414</LongitudeDegrees>
            </Position>
            <AltitudeMeters>205.8000030517578</AltitudeMeters>
            <DistanceMeters>2466.739990234375</DistanceMeters>
            <HeartRateBpm>
              <Value>125</Value>
            </HeartRateBpm>
            <Cadence>77</Cadence>
            <Extensions>
              <ns3:TPX>
                <ns3:Speed>6.0929999351501465</ns3:Speed>
                <ns3:Watts>213</ns3:Watts>
              </ns3:TPX>
            </Extensions>
          </Trackpoint>
          <Trackpoint>
            <Time>2025-07-25T12:04:19.000Z</Time>
            <Position>
              <LatitudeDegrees>43.107104916125536</LatitudeDegrees>
              <LongitudeDegrees>-2.584054246544838</LongitudeDegrees>
            </Position>
            <AltitudeMeters>206.0</AltitudeMeters>
            <DistanceMeters>2472.77001953125</DistanceMeters>
            <HeartRateBpm>
              <Value>125</Value>
            </HeartRateBpm>
            <Cadence>74</Cadence>
            <Extensions>
              <ns3:TPX>
                <ns3:Speed>6.0370001792907715</ns3:Speed>
                <ns3:Watts>228</ns3:Watts>
              </ns3:TPX>
            </Extensions>
          </Trackpoint>
          <Trackpoint>
            <Time>2025-07-25T12:04:20.000Z</Time>
            <Position>
              <LatitudeDegrees>43.10705613344908</LatitudeDegrees>
              <LongitudeDegrees>-2.584025328978896</LongitudeDegrees>
            </Position>
            <AltitudeMeters>206.0</AltitudeMeters>
            <DistanceMeters>2478.7900390625</DistanceMeters>
            <HeartRateBpm>
              <Value>125</Value>
            </HeartRateBpm>
            <Cadence>74</Cadence>
            <Extensions>
              <ns3:TPX>
                <ns3:Speed>6.008999824523926</ns3:Speed>
                <ns3:Watts>222</ns3:Watts>
              </ns3:TPX>
            </Extensions>
          </Trackpoint>
          <Trackpoint>
            <Time>2025-07-25T12:04:21.000Z</Time>
            <Position>
              <LatitudeDegrees>43.10700634494424</LatitudeDegrees>
              <LongitudeDegrees>-2.5839975848793983</LongitudeDegrees>
            </Position>
            <AltitudeMeters>206.1999969482422</AltitudeMeters>
            <DistanceMeters>2484.72998046875</DistanceMeters>
            <HeartRateBpm>
              <Value>125</Value>
            </HeartRateBpm>
            <Cadence>75</Cadence>
            <Extensions>
              <ns3:TPX>
                <ns3:Speed>5.943999767303467</ns3:Speed>
                <ns3:Watts>252</ns3:Watts>
              </ns3:TPX>
            </Extensions>
          </Trackpoint>
          <Trackpoint>
            <Time>2025-07-25T12:04:22.000Z</Time>
            <Position>
              <LatitudeDegrees>43.10695714317262</LatitudeDegrees>
              <LongitudeDegrees>-2.5839701760560274</LongitudeDegrees>
            </Position>
            <AltitudeMeters>206.1999969482422</AltitudeMeters>
            <DistanceMeters>2490.6201171875</DistanceMeters>
            <HeartRateBpm>
              <Value>125</Value>
            </HeartRateBpm>
            <Cadence>74</Cadence>
            <Extensions>
              <ns3:TPX>
                <ns3:Speed>5.896999835968018</ns3:Speed>
                <ns3:Watts>206</ns3:Watts>
              </ns3:TPX>
            </Extensions>
          </Trackpoint>
          <Trackpoint>
            <Time>2025-07-25T12:04:23.000Z</Time>
            <Position>
              <LatitudeDegrees>43.10690861195326</LatitudeDegrees>
              <LongitudeDegrees>-2.583942851051688</LongitudeDegrees>
            </Position>
            <AltitudeMeters>206.1999969482422</AltitudeMeters>
            <DistanceMeters>2496.550048828125</DistanceMeters>
            <HeartRateBpm>
              <Value>125</Value>
            </HeartRateBpm>
            <Cadence>74</Cadence>
            <Extensions>
              <ns3:TPX>
                <ns3:Speed>5.925000190734863</ns3:Speed>
                <ns3:Watts>240</ns3:Watts>
              </ns3:TPX>
            </Extensions>
          </Trackpoint>
          <Trackpoint>
            <Time>2025-07-25T12:04:24.000Z</Time>
            <Position>
              <LatitudeDegrees>43.1068598292768</LatitudeDegrees>
              <LongitudeDegrees>-2.5839130952954292</LongitudeDegrees>
            </Position>
            <AltitudeMeters>206.39999389648438</AltitudeMeters>
            <DistanceMeters>2502.5</DistanceMeters>
            <HeartRateBpm>
              <Value>125</Value>
            </HeartRateBpm>
            <Cadence>75</Cadence>
            <Extensions>
              <ns3:TPX>
                <ns3:Speed>5.953000068664551</ns3:Speed>
                <ns3:Watts>223</ns3:Watts>
              </ns3:TPX>
            </Extensions>
          </Trackpoint>
          <Trackpoint>
            <Time>2025-07-25T12:04:25.000Z</Time>
            <Position>
              <LatitudeDegrees>43.106811633333564</LatitudeDegrees>
              <LongitudeDegrees>-2.583882249891758</LongitudeDegrees>
            </Position>
            <AltitudeMeters>206.1999969482422</AltitudeMeters>
            <DistanceMeters>2508.47998046875</DistanceMeters>
            <HeartRateBpm>
              <Value>125</Value>
            </HeartRateBpm>
            <Cadence>75</Cadence>
            <Extensions>
              <ns3:TPX>
                <ns3:Speed>5.980999946594238</ns3:Speed>
                <ns3:Watts>246</ns3:Watts>
              </ns3:TPX>
            </Extensions>
          </Trackpoint>
          <Trackpoint>
            <Time>2025-07-25T12:04:26.000Z</Time>
            <Position>
              <LatitudeDegrees>43.106762347742915</LatitudeDegrees>
              <LongitudeDegrees>-2.5838520750403404</LongitudeDegrees>
            </Position>
            <AltitudeMeters>206.39999389648438</AltitudeMeters>
            <DistanceMeters>2514.4599609375</DistanceMeters>
            <HeartRateBpm>
              <Value>125</Value>
            </HeartRateBpm>
            <Cadence>75</Cadence>
            <Extensions>
              <ns3:TPX>
                <ns3:Speed>5.980999946594238</ns3:Speed>
                <ns3:Watts>236</ns3:Watts>
              </ns3:TPX>
            </Extensions>
          </Trackpoint>
          <Trackpoint>
            <Time>2025-07-25T12:04:27.000Z</Time>
            <Position>
              <LatitudeDegrees>43.10671272687614</LatitudeDegrees>
              <LongitudeDegrees>-2.5838243309408426</LongitudeDegrees>
            </Position>
            <AltitudeMeters>206.60000610351562</AltitudeMeters>
            <DistanceMeters>2520.4599609375</DistanceMeters>
            <HeartRateBpm>
              <Value>125</Value>
            </HeartRateBpm>
            <Cadence>74</Cadence>
            <Extensions>
              <ns3:TPX>
                <ns3:Speed>6.0</ns3:Speed>
                <ns3:Watts>218</ns3:Watts>
              </ns3:TPX>
            </Extensions>
          </Trackpoint>
          <Trackpoint>
            <Time>2025-07-25T12:04:28.000Z</Time>
            <Position>
              <LatitudeDegrees>43.10666327364743</LatitudeDegrees>
              <LongitudeDegrees>-2.583797173574567</LongitudeDegrees>
            </Position>
            <AltitudeMeters>206.8000030517578</AltitudeMeters>
            <DistanceMeters>2526.449951171875</DistanceMeters>
            <HeartRateBpm>
              <Value>125</Value>
            </HeartRateBpm>
            <Cadence>74</Cadence>
            <Extensions>
              <ns3:TPX>
                <ns3:Speed>5.980999946594238</ns3:Speed>
                <ns3:Watts>208</ns3:Watts>
              </ns3:TPX>
            </Extensions>
          </Trackpoint>
          <Trackpoint>
            <Time>2025-07-25T12:04:29.000Z</Time>
            <Position>
              <LatitudeDegrees>43.10661516152322</LatitudeDegrees>
              <LongitudeDegrees>-2.583770016208291</LongitudeDegrees>
            </Position>
            <AltitudeMeters>206.8000030517578</AltitudeMeters>
            <DistanceMeters>2532.39990234375</DistanceMeters>
            <HeartRateBpm>
              <Value>125</Value>
            </HeartRateBpm>
            <Cadence>75</Cadence>
            <Extensions>
              <ns3:TPX>
                <ns3:Speed>5.953000068664551</ns3:Speed>
                <ns3:Watts>252</ns3:Watts>
              </ns3:TPX>
            </Extensions>
          </Trackpoint>
          <Trackpoint>
            <Time>2025-07-25T12:04:30.000Z</Time>
            <Position>
              <LatitudeDegrees>43.10656704939902</LatitudeDegrees>
              <LongitudeDegrees>-2.5837418530136347</LongitudeDegrees>
            </Position>
            <AltitudeMeters>206.8000030517578</AltitudeMeters>
            <DistanceMeters>2538.31005859375</DistanceMeters>
            <HeartRateBpm>
              <Value>125</Value>
            </HeartRateBpm>
            <Cadence>74</Cadence>
            <Extensions>
              <ns3:TPX>
                <ns3:Speed>5.915999889373779</ns3:Speed>
                <ns3:Watts>231</ns3:Watts>
              </ns3:TPX>
            </Extensions>
          </Trackpoint>
          <Trackpoint>
            <Time>2025-07-25T12:04:31.000Z</Time>
            <Position>
              <LatitudeDegrees>43.10651935636997</LatitudeDegrees>
              <LongitudeDegrees>-2.5837121810764074</LongitudeDegrees>
            </Position>
            <AltitudeMeters>207.0</AltitudeMeters>
            <DistanceMeters>2544.219970703125</DistanceMeters>
            <HeartRateBpm>
              <Value>125</Value>
            </HeartRateBpm>
            <Cadence>73</Cadence>
            <Extensions>
              <ns3:TPX>
                <ns3:Speed>5.906000137329102</ns3:Speed>
                <ns3:Watts>265</ns3:Watts>
              </ns3:TPX>
            </Extensions>
          </Trackpoint>
          <Trackpoint>
            <Time>2025-07-25T12:04:32.000Z</Time>
            <Position>
              <LatitudeDegrees>43.1064729206264</LatitudeDegrees>
              <LongitudeDegrees>-2.5836815871298313</LongitudeDegrees>
            </Position>
            <AltitudeMeters>207.0</AltitudeMeters>
            <DistanceMeters>2550.110107421875</DistanceMeters>
            <HeartRateBpm>
              <Value>125</Value>
            </HeartRateBpm>
            <Cadence>72</Cadence>
            <Extensions>
              <ns3:TPX>
                <ns3:Speed>5.896999835968018</ns3:Speed>
                <ns3:Watts>222</ns3:Watts>
              </ns3:TPX>
            </Extensions>
          </Trackpoint>
          <Trackpoint>
            <Time>2025-07-25T12:04:33.000Z</Time>
            <Position>
              <LatitudeDegrees>43.10642547905445</LatitudeDegrees>
              <LongitudeDegrees>-2.5836514122784138</LongitudeDegrees>
            </Position>
            <AltitudeMeters>207.1999969482422</AltitudeMeters>
            <DistanceMeters>2555.97998046875</DistanceMeters>
            <HeartRateBpm>
              <Value>126</Value>
            </HeartRateBpm>
            <Cadence>73</Cadence>
            <Extensions>
              <ns3:TPX>
                <ns3:Speed>5.860000133514404</ns3:Speed>
                <ns3:Watts>273</ns3:Watts>
              </ns3:TPX>
            </Extensions>
          </Trackpoint>
          <Trackpoint>
            <Time>2025-07-25T12:04:34.000Z</Time>
            <Position>
              <LatitudeDegrees>43.10637770220637</LatitudeDegrees>
              <LongitudeDegrees>-2.5836250092834234</LongitudeDegrees>
            </Position>
            <AltitudeMeters>207.39999389648438</AltitudeMeters>
            <DistanceMeters>2561.760009765625</DistanceMeters>
            <HeartRateBpm>
              <Value>126</Value>
            </HeartRateBpm>
            <Cadence>73</Cadence>
            <Extensions>
              <ns3:TPX>
                <ns3:Speed>5.784999847412109</ns3:Speed>
                <ns3:Watts>237</ns3:Watts>
              </ns3:TPX>
            </Extensions>
          </Trackpoint>
          <Trackpoint>
            <Time>2025-07-25T12:04:35.000Z</Time>
            <Position>
              <LatitudeDegrees>43.1063315179199</LatitudeDegrees>
              <LongitudeDegrees>-2.583597181364894</LongitudeDegrees>
            </Position>
            <AltitudeMeters>207.39999389648438</AltitudeMeters>
            <DistanceMeters>2567.449951171875</DistanceMeters>
            <HeartRateBpm>
              <Value>126</Value>
            </HeartRateBpm>
            <Cadence>71</Cadence>
            <Extensions>
              <ns3:TPX>
                <ns3:Speed>5.691999912261963</ns3:Speed>
                <ns3:Watts>252</ns3:Watts>
              </ns3:TPX>
            </Extensions>
          </Trackpoint>
          <Trackpoint>
            <Time>2025-07-25T12:04:36.000Z</Time>
            <Position>
              <LatitudeDegrees>43.10628524981439</LatitudeDegrees>
              <LongitudeDegrees>-2.5835696049034595</LongitudeDegrees>
            </Position>
            <AltitudeMeters>207.39999389648438</AltitudeMeters>
            <DistanceMeters>2573.139892578125</DistanceMeters>
            <HeartRateBpm>
              <Value>126</Value>
            </HeartRateBpm>
            <Cadence>71</Cadence>
            <Extensions>
              <ns3:TPX>
                <ns3:Speed>5.691999912261963</ns3:Speed>
                <ns3:Watts>266</ns3:Watts>
              </ns3:TPX>
            </Extensions>
          </Trackpoint>
          <Trackpoint>
            <Time>2025-07-25T12:04:37.000Z</Time>
            <Position>
              <LatitudeDegrees>43.10623889788985</LatitudeDegrees>
              <LongitudeDegrees>-2.583539765328169</LongitudeDegrees>
            </Position>
            <AltitudeMeters>207.60000610351562</AltitudeMeters>
            <DistanceMeters>2578.85009765625</DistanceMeters>
            <HeartRateBpm>
              <Value>127</Value>
            </HeartRateBpm>
            <Cadence>71</Cadence>
            <Extensions>
              <ns3:TPX>
                <ns3:Speed>5.710000038146973</ns3:Speed>
                <ns3:Watts>247</ns3:Watts>
              </ns3:TPX>
            </Extensions>
          </Trackpoint>
          <Trackpoint>
            <Time>2025-07-25T12:04:38.000Z</Time>
            <Position>
              <LatitudeDegrees>43.106191623955965</LatitudeDegrees>
              <LongitudeDegrees>-2.583511434495449</LongitudeDegrees>
            </Position>
            <AltitudeMeters>207.8000030517578</AltitudeMeters>
            <DistanceMeters>2584.60009765625</DistanceMeters>
            <HeartRateBpm>
              <Value>127</Value>
            </HeartRateBpm>
            <Cadence>72</Cadence>
            <Extensions>
              <ns3:TPX>
                <ns3:Speed>5.73799991607666</ns3:Speed>
                <ns3:Watts>308</ns3:Watts>
              </ns3:TPX>
            </Extensions>
          </Trackpoint>
          <Trackpoint>
            <Time>2025-07-25T12:04:39.000Z</Time>
            <Position>
              <LatitudeDegrees>43.10614543966949</LatitudeDegrees>
              <LongitudeDegrees>-2.583482852205634</LongitudeDegrees>
            </Position>
            <AltitudeMeters>207.8000030517578</AltitudeMeters>
            <DistanceMeters>2590.389892578125</DistanceMeters>
            <HeartRateBpm>
              <Value>127</Value>
            </HeartRateBpm>
            <Cadence>73</Cadence>
            <Extensions>
              <ns3:TPX>
                <ns3:Speed>5.803999900817871</ns3:Speed>
                <ns3:Watts>279</ns3:Watts>
              </ns3:TPX>
            </Extensions>
          </Trackpoint>
          <Trackpoint>
            <Time>2025-07-25T12:04:40.000Z</Time>
            <Position>
              <LatitudeDegrees>43.106097746640444</LatitudeDegrees>
              <LongitudeDegrees>-2.583453431725502</LongitudeDegrees>
            </Position>
            <AltitudeMeters>207.8000030517578</AltitudeMeters>
            <DistanceMeters>2596.25</DistanceMeters>
            <HeartRateBpm>
              <Value>127</Value>
            </HeartRateBpm>
            <Cadence>74</Cadence>
            <Extensions>
              <ns3:TPX>
                <ns3:Speed>5.841000080108643</ns3:Speed>
                <ns3:Watts>298</ns3:Watts>
              </ns3:TPX>
            </Extensions>
          </Trackpoint>
          <Trackpoint>
            <Time>2025-07-25T12:04:41.000Z</Time>
            <Position>
              <LatitudeDegrees>43.106097746640444</LatitudeDegrees>
              <LongitudeDegrees>-2.583453431725502</LongitudeDegrees>
            </Position>
            <AltitudeMeters>208.0</AltitudeMeters>
            <DistanceMeters>2602.1298828125</DistanceMeters>
            <HeartRateBpm>
              <Value>128</Value>
            </HeartRateBpm>
            <Cadence>73</Cadence>
            <Extensions>
              <ns3:TPX>
                <ns3:Speed>5.888000011444092</ns3:Speed>
                <ns3:Watts>266</ns3:Watts>
              </ns3:TPX>
            </Extensions>
          </Trackpoint>
          <Trackpoint>
            <Time>2025-07-25T12:04:42.000Z</Time>
            <Position>
              <LatitudeDegrees>43.106049885973334</LatitudeDegrees>
              <LongitudeDegrees>-2.5834237597882748</LongitudeDegrees>
            </Position>
            <AltitudeMeters>208.0</AltitudeMeters>
            <DistanceMeters>2607.97998046875</DistanceMeters>
            <HeartRateBpm>
              <Value>128</Value>
            </HeartRateBpm>
            <Cadence>73</Cadence>
            <Extensions>
              <ns3:TPX>
                <ns3:Speed>5.860000133514404</ns3:Speed>
                <ns3:Watts>273</ns3:Watts>
              </ns3:TPX>
            </Extensions>
          </Trackpoint>
          <Trackpoint>
            <Time>2025-07-25T12:04:43.000Z</Time>
            <Position>
              <LatitudeDegrees>43.10597478412092</LatitudeDegrees>
              <LongitudeDegrees>-2.5833773240447044</LongitudeDegrees>
            </Position>
            <AltitudeMeters>208.0</AltitudeMeters>
            <DistanceMeters>2613.820068359375</DistanceMeters>
            <HeartRateBpm>
              <Value>128</Value>
            </HeartRateBpm>
            <Cadence>73</Cadence>
            <Extensions>
              <ns3:TPX>
                <ns3:Speed>5.841000080108643</ns3:Speed>
                <ns3:Watts>288</ns3:Watts>
              </ns3:TPX>
            </Extensions>
          </Trackpoint>
          <Trackpoint>
            <Time>2025-07-25T12:04:44.000Z</Time>
            <Position>
              <LatitudeDegrees>43.10592784546316</LatitudeDegrees>
              <LongitudeDegrees>-2.5833478197455406</LongitudeDegrees>
            </Position>
            <AltitudeMeters>208.1999969482422</AltitudeMeters>
            <DistanceMeters>2619.6298828125</DistanceMeters>
            <HeartRateBpm>
              <Value>128</Value>
            </HeartRateBpm>
            <Cadence>73</Cadence>
            <Extensions>
              <ns3:TPX>
                <ns3:Speed>5.803999900817871</ns3:Speed>
                <ns3:Watts>252</ns3:Watts>
              </ns3:TPX>
            </Extensions>
          </Trackpoint>
          <Trackpoint>
            <Time>2025-07-25T12:04:45.000Z</Time>
            <Position>
              <LatitudeDegrees>43.10585232451558</LatitudeDegrees>
              <LongitudeDegrees>-2.583300629630685</LongitudeDegrees>
            </Position>
            <AltitudeMeters>208.1999969482422</AltitudeMeters>
            <DistanceMeters>2625.429931640625</DistanceMeters>
            <HeartRateBpm>
              <Value>129</Value>
            </HeartRateBpm>
            <Cadence>73</Cadence>
            <Extensions>
              <ns3:TPX>
                <ns3:Speed>5.803999900817871</ns3:Speed>
                <ns3:Watts>262</ns3:Watts>
              </ns3:TPX>
            </Extensions>
          </Trackpoint>
          <Trackpoint>
            <Time>2025-07-25T12:04:46.000Z</Time>
            <Position>
              <LatitudeDegrees>43.10581502504647</LatitudeDegrees>
              <LongitudeDegrees>-2.5832777470350266</LongitudeDegrees>
            </Position>
            <AltitudeMeters>208.60000610351562</AltitudeMeters>
            <DistanceMeters>2631.2099609375</DistanceMeters>
            <HeartRateBpm>
              <Value>129</Value>
            </HeartRateBpm>
            <Cadence>71</Cadence>
            <Extensions>
              <ns3:TPX>
                <ns3:Speed>5.776000022888184</ns3:Speed>
                <ns3:Watts>262</ns3:Watts>
              </ns3:TPX>
            </Extensions>
          </Trackpoint>
          <Trackpoint>
            <Time>2025-07-25T12:04:47.000Z</Time>
            <Position>
              <LatitudeDegrees>43.10576817020774</LatitudeDegrees>
              <LongitudeDegrees>-2.5832488294690847</LongitudeDegrees>
            </Position>
            <AltitudeMeters>208.8000030517578</AltitudeMeters>
            <DistanceMeters>2636.949951171875</DistanceMeters>
            <HeartRateBpm>
              <Value>129</Value>
            </HeartRateBpm>
            <Cadence>72</Cadence>
            <Extensions>
              <ns3:TPX>
                <ns3:Speed>5.73799991607666</ns3:Speed>
                <ns3:Watts>264</ns3:Watts>
              </ns3:TPX>
            </Extensions>
          </Trackpoint>
          <Trackpoint>
            <Time>2025-07-25T12:04:48.000Z</Time>
            <Position>
              <LatitudeDegrees>43.105721566826105</LatitudeDegrees>
              <LongitudeDegrees>-2.583222510293126</LongitudeDegrees>
            </Position>
            <AltitudeMeters>209.0</AltitudeMeters>
            <DistanceMeters>2642.68994140625</DistanceMeters>
            <HeartRateBpm>
              <Value>129</Value>
            </HeartRateBpm>
            <Cadence>72</Cadence>
            <Extensions>
              <ns3:TPX>
                <ns3:Speed>5.73799991607666</ns3:Speed>
                <ns3:Watts>272</ns3:Watts>
              </ns3:TPX>
            </Extensions>
          </Trackpoint>
          <Trackpoint>
            <Time>2025-07-25T12:04:49.000Z</Time>
            <Position>
              <LatitudeDegrees>43.105674125254154</LatitudeDegrees>
              <LongitudeDegrees>-2.583196610212326</LongitudeDegrees>
            </Position>
            <AltitudeMeters>209.1999969482422</AltitudeMeters>
            <DistanceMeters>2648.3701171875</DistanceMeters>
            <HeartRateBpm>
              <Value>129</Value>
            </HeartRateBpm>
            <Cadence>71</Cadence>
            <Extensions>
              <ns3:TPX>
                <ns3:Speed>5.691999912261963</ns3:Speed>
                <ns3:Watts>272</ns3:Watts>
              </ns3:TPX>
            </Extensions>
          </Trackpoint>
          <Trackpoint>
            <Time>2025-07-25T12:04:50.000Z</Time>
            <Position>
              <LatitudeDegrees>43.105627689510584</LatitudeDegrees>
              <LongitudeDegrees>-2.5831700395792723</LongitudeDegrees>
            </Position>
            <AltitudeMeters>209.1999969482422</AltitudeMeters>
            <DistanceMeters>2654.010009765625</DistanceMeters>
            <HeartRateBpm>
              <Value>129</Value>
            </HeartRateBpm>
            <Cadence>70</Cadence>
            <Extensions>
              <ns3:TPX>
                <ns3:Speed>5.636000156402588</ns3:Speed>
                <ns3:Watts>263</ns3:Watts>
              </ns3:TPX>
            </Extensions>
          </Trackpoint>
          <Trackpoint>
            <Time>2025-07-25T12:04:51.000Z</Time>
            <Position>
              <LatitudeDegrees>43.105582259595394</LatitudeDegrees>
              <LongitudeDegrees>-2.583142127841711</LongitudeDegrees>
            </Position>
            <AltitudeMeters>209.39999389648438</AltitudeMeters>
            <DistanceMeters>2659.639892578125</DistanceMeters>
            <HeartRateBpm>
              <Value>128</Value>
            </HeartRateBpm>
            <Cadence>69</Cadence>
            <Extensions>
              <ns3:TPX>
                <ns3:Speed>5.625999927520752</ns3:Speed>
                <ns3:Watts>248</ns3:Watts>
              </ns3:TPX>
            </Extensions>
          </Trackpoint>
          <Trackpoint>
            <Time>2025-07-25T12:04:52.000Z</Time>
            <Position>
              <LatitudeDegrees>43.105536913499236</LatitudeDegrees>
              <LongitudeDegrees>-2.583114467561245</LongitudeDegrees>
            </Position>
            <AltitudeMeters>209.39999389648438</AltitudeMeters>
            <DistanceMeters>2665.260009765625</DistanceMeters>
            <HeartRateBpm>
              <Value>128</Value>
            </HeartRateBpm>
            <Cadence>70</Cadence>
            <Extensions>
              <ns3:TPX>
                <ns3:Speed>5.625999927520752</ns3:Speed>
                <ns3:Watts>265</ns3:Watts>
              </ns3:TPX>
            </Extensions>
          </Trackpoint>
          <Trackpoint>
            <Time>2025-07-25T12:04:53.000Z</Time>
            <Position>
              <LatitudeDegrees>43.105491483584046</LatitudeDegrees>
              <LongitudeDegrees>-2.5830859690904617</LongitudeDegrees>
            </Position>
            <AltitudeMeters>209.60000610351562</AltitudeMeters>
            <DistanceMeters>2670.889892578125</DistanceMeters>
            <HeartRateBpm>
              <Value>128</Value>
            </HeartRateBpm>
            <Cadence>70</Cadence>
            <Extensions>
              <ns3:TPX>
                <ns3:Speed>5.617000102996826</ns3:Speed>
                <ns3:Watts>284</ns3:Watts>
              </ns3:TPX>
            </Extensions>
          </Trackpoint>
          <Trackpoint>
            <Time>2025-07-25T12:04:54.000Z</Time>
            <Position>
              <LatitudeDegrees>43.10544529929757</LatitudeDegrees>
              <LongitudeDegrees>-2.583057386800647</LongitudeDegrees>
            </Position>
            <AltitudeMeters>209.60000610351562</AltitudeMeters>
            <DistanceMeters>2676.510009765625</DistanceMeters>
            <HeartRateBpm>
              <Value>128</Value>
            </HeartRateBpm>
            <Cadence>70</Cadence>
            <Extensions>
              <ns3:TPX>
                <ns3:Speed>5.617000102996826</ns3:Speed>
                <ns3:Watts>246</ns3:Watts>
              </ns3:TPX>
            </Extensions>
          </Trackpoint>
          <Trackpoint>
            <Time>2025-07-25T12:04:55.000Z</Time>
            <Position>
              <LatitudeDegrees>43.10539819300175</LatitudeDegrees>
              <LongitudeDegrees>-2.583030480891466</LongitudeDegrees>
            </Position>
            <AltitudeMeters>209.8000030517578</AltitudeMeters>
            <DistanceMeters>2682.110107421875</DistanceMeters>
            <HeartRateBpm>
              <Value>128</Value>
            </HeartRateBpm>
            <Cadence>69</Cadence>
            <Extensions>
              <ns3:TPX>
                <ns3:Speed>5.607999801635742</ns3:Speed>
                <ns3:Watts>246</ns3:Watts>
              </ns3:TPX>
            </Extensions>
          </Trackpoint>
          <Trackpoint>
            <Time>2025-07-25T12:04:56.000Z</Time>
            <Position>
              <LatitudeDegrees>43.105351170524955</LatitudeDegrees>
              <LongitudeDegrees>-2.5830044131726027</LongitudeDegrees>
            </Position>
            <AltitudeMeters>209.8000030517578</AltitudeMeters>
            <DistanceMeters>2687.75</DistanceMeters>
            <HeartRateBpm>
              <Value>128</Value>
            </HeartRateBpm>
            <Cadence>70</Cadence>
            <Extensions>
              <ns3:TPX>
                <ns3:Speed>5.644999980926514</ns3:Speed>
                <ns3:Watts>265</ns3:Watts>
              </ns3:TPX>
            </Extensions>
          </Trackpoint>
          <Trackpoint>
            <Time>2025-07-25T12:04:57.000Z</Time>
            <Position>
              <LatitudeDegrees>43.10530540533364</LatitudeDegrees>
              <LongitudeDegrees>-2.582976669073105</LongitudeDegrees>
            </Position>
            <AltitudeMeters>210.1999969482422</AltitudeMeters>
            <DistanceMeters>2693.39990234375</DistanceMeters>
            <HeartRateBpm>
              <Value>128</Value>
            </HeartRateBpm>
            <Cadence>69</Cadence>
            <Extensions>
              <ns3:TPX>
                <ns3:Speed>5.644999980926514</ns3:Speed>
                <ns3:Watts>245</ns3:Watts>
              </ns3:TPX>
            </Extensions>
          </Trackpoint>
          <Trackpoint>
            <Time>2025-07-25T12:04:58.000Z</Time>
            <Position>
              <LatitudeDegrees>43.10525922104716</LatitudeDegrees>
              <LongitudeDegrees>-2.5829484220594168</LongitudeDegrees>
            </Position>
            <AltitudeMeters>210.1999969482422</AltitudeMeters>
            <DistanceMeters>2699.030029296875</DistanceMeters>
            <HeartRateBpm>
              <Value>128</Value>
            </HeartRateBpm>
            <Cadence>71</Cadence>
            <Extensions>
              <ns3:TPX>
                <ns3:Speed>5.625999927520752</ns3:Speed>
                <ns3:Watts>296</ns3:Watts>
              </ns3:TPX>
            </Extensions>
          </Trackpoint>
          <Trackpoint>
            <Time>2025-07-25T12:04:59.000Z</Time>
            <Position>
              <LatitudeDegrees>43.10521395877004</LatitudeDegrees>
              <LongitudeDegrees>-2.5829231087118387</LongitudeDegrees>
            </Position>
            <AltitudeMeters>210.60000610351562</AltitudeMeters>
            <DistanceMeters>2704.570068359375</DistanceMeters>
            <HeartRateBpm>
              <Value>128</Value>
            </HeartRateBpm>
            <Cadence>70</Cadence>
            <Extensions>
              <ns3:TPX>
                <ns3:Speed>5.552000045776367</ns3:Speed>
                <ns3:Watts>281</ns3:Watts>
              </ns3:TPX>
            </Extensions>
          </Trackpoint>
          <Trackpoint>
            <Time>2025-07-25T12:05:00.000Z</Time>
            <Position>
              <LatitudeDegrees>43.10516911558807</LatitudeDegrees>
              <LongitudeDegrees>-2.5828972086310387</LongitudeDegrees>
            </Position>
            <AltitudeMeters>210.8000030517578</AltitudeMeters>
            <DistanceMeters>2710.02001953125</DistanceMeters>
            <HeartRateBpm>
              <Value>127</Value>
            </HeartRateBpm>
            <Cadence>69</Cadence>
            <Extensions>
              <ns3:TPX>
                <ns3:Speed>5.440000057220459</ns3:Speed>
                <ns3:Watts>281</ns3:Watts>
              </ns3:TPX>
            </Extensions>
          </Trackpoint>
          <Trackpoint>
            <Time>2025-07-25T12:05:01.000Z</Time>
            <Position>
              <LatitudeDegrees>43.10512620024383</LatitudeDegrees>
              <LongitudeDegrees>-2.582871140912175</LongitudeDegrees>
            </Position>
            <AltitudeMeters>211.0</AltitudeMeters>
            <DistanceMeters>2715.35009765625</DistanceMeters>
            <HeartRateBpm>
              <Value>128</Value>
            </HeartRateBpm>
            <Cadence>68</Cadence>
            <Extensions>
              <ns3:TPX>
                <ns3:Speed>5.328000068664551</ns3:Speed>
                <ns3:Watts>297</ns3:Watts>
              </ns3:TPX>
            </Extensions>
          </Trackpoint>
          <Trackpoint>
            <Time>2025-07-25T12:05:02.000Z</Time>
            <Position>
              <LatitudeDegrees>43.10508546419442</LatitudeDegrees>
              <LongitudeDegrees>-2.582846498116851</LongitudeDegrees>
            </Position>
            <AltitudeMeters>211.1999969482422</AltitudeMeters>
            <DistanceMeters>2720.3798828125</DistanceMeters>
            <HeartRateBpm>
              <Value>127</Value>
            </HeartRateBpm>
            <Cadence>63</Cadence>
            <Extensions>
              <ns3:TPX>
                <ns3:Speed>5.039000034332275</ns3:Speed>
                <ns3:Watts>278</ns3:Watts>
              </ns3:TPX>
            </Extensions>
          </Trackpoint>
          <Trackpoint>
            <Time>2025-07-25T12:05:03.000Z</Time>
            <Position>
              <LatitudeDegrees>43.105047745630145</LatitudeDegrees>
              <LongitudeDegrees>-2.5828227773308754</LongitudeDegrees>
            </Position>
            <AltitudeMeters>211.1999969482422</AltitudeMeters>
            <DistanceMeters>2725.2900390625</DistanceMeters>
            <HeartRateBpm>
              <Value>128</Value>
            </HeartRateBpm>
            <Cadence>60</Cadence>
            <Extensions>
              <ns3:TPX>
                <ns3:Speed>4.9079999923706055</ns3:Speed>
                <ns3:Watts>338</ns3:Watts>
              </ns3:TPX>
            </Extensions>
          </Trackpoint>
          <Trackpoint>
            <Time>2025-07-25T12:05:04.000Z</Time>
            <Position>
              <LatitudeDegrees>43.10500994324684</LatitudeDegrees>
              <LongitudeDegrees>-2.5827980507165194</LongitudeDegrees>
            </Position>
            <AltitudeMeters>211.8000030517578</AltitudeMeters>
            <DistanceMeters>2730.22998046875</DistanceMeters>
            <HeartRateBpm>
              <Value>128</Value>
            </HeartRateBpm>
            <Cadence>61</Cadence>
            <Extensions>
              <ns3:TPX>
                <ns3:Speed>4.945000171661377</ns3:Speed>
                <ns3:Watts>332</ns3:Watts>
              </ns3:TPX>
            </Extensions>
          </Trackpoint>
          <Trackpoint>
            <Time>2025-07-25T12:05:05.000Z</Time>
            <Position>
              <LatitudeDegrees>43.10497113503516</LatitudeDegrees>
              <LongitudeDegrees>-2.58277609013021</LongitudeDegrees>
            </Position>
            <AltitudeMeters>212.1999969482422</AltitudeMeters>
            <DistanceMeters>2735.070068359375</DistanceMeters>
            <HeartRateBpm>
              <Value>128</Value>
            </HeartRateBpm>
            <Cadence>60</Cadence>
            <Extensions>
              <ns3:TPX>
                <ns3:Speed>4.833000183105469</ns3:Speed>
                <ns3:Watts>328</ns3:Watts>
              </ns3:TPX>
            </Extensions>
          </Trackpoint>
          <Trackpoint>
            <Time>2025-07-25T12:05:06.000Z</Time>
            <Position>
              <LatitudeDegrees>43.10492302291095</LatitudeDegrees>
              <LongitudeDegrees>-2.5827528722584248</LongitudeDegrees>
            </Position>
            <AltitudeMeters>212.39999389648438</AltitudeMeters>
            <DistanceMeters>2739.89990234375</DistanceMeters>
            <HeartRateBpm>
              <Value>127</Value>
            </HeartRateBpm>
            <Cadence>60</Cadence>
            <Extensions>
              <ns3:TPX>
                <ns3:Speed>4.833000183105469</ns3:Speed>
                <ns3:Watts>349</ns3:Watts>
              </ns3:TPX>
            </Extensions>
          </Trackpoint>
          <Trackpoint>
            <Time>2025-07-25T12:05:07.000Z</Time>
            <Position>
              <LatitudeDegrees>43.10488094575703</LatitudeDegrees>
              <LongitudeDegrees>-2.5827359408140182</LongitudeDegrees>
            </Position>
            <AltitudeMeters>212.60000610351562</AltitudeMeters>
            <DistanceMeters>2744.610107421875</DistanceMeters>
            <HeartRateBpm>
              <Value>127</Value>
            </HeartRateBpm>
            <Cadence>58</Cadence>
            <Extensions>
              <ns3:TPX>
                <ns3:Speed>4.703000068664551</ns3:Speed>
                <ns3:Watts>349</ns3:Watts>
              </ns3:TPX>
            </Extensions>
          </Trackpoint>
          <Trackpoint>
            <Time>2025-07-25T12:05:08.000Z</Time>
            <Position>
              <LatitudeDegrees>43.10484926216304</LatitudeDegrees>
              <LongitudeDegrees>-2.5827217753976583</LongitudeDegrees>
            </Position>
            <AltitudeMeters>212.8000030517578</AltitudeMeters>
            <DistanceMeters>2749.31005859375</DistanceMeters>
            <HeartRateBpm>
              <Value>127</Value>
            </HeartRateBpm>
            <Cadence>58</Cadence>
            <Extensions>
              <ns3:TPX>
                <ns3:Speed>4.703000068664551</ns3:Speed>
                <ns3:Watts>362</ns3:Watts>
              </ns3:TPX>
            </Extensions>
          </Trackpoint>
          <Trackpoint>
            <Time>2025-07-25T12:05:09.000Z</Time>
            <Position>
              <LatitudeDegrees>43.10480383224785</LatitudeDegrees>
              <LongitudeDegrees>-2.5826999824494123</LongitudeDegrees>
            </Position>
            <AltitudeMeters>213.0</AltitudeMeters>
            <DistanceMeters>2753.969970703125</DistanceMeters>
            <HeartRateBpm>
              <Value>128</Value>
            </HeartRateBpm>
            <Cadence>57</Cadence>
            <Extensions>
              <ns3:TPX>
                <ns3:Speed>4.664999961853027</ns3:Speed>
                <ns3:Watts>362</ns3:Watts>
              </ns3:TPX>
            </Extensions>
          </Trackpoint>
          <Trackpoint>
            <Time>2025-07-25T12:05:10.000Z</Time>
            <Position>
              <LatitudeDegrees>43.1047738250345</LatitudeDegrees>
              <LongitudeDegrees>-2.5826843082904816</LongitudeDegrees>
            </Position>
            <AltitudeMeters>213.0</AltitudeMeters>
            <DistanceMeters>2758.6201171875</DistanceMeters>
            <HeartRateBpm>
              <Value>128</Value>
            </HeartRateBpm>
            <Cadence>57</Cadence>
            <Extensions>
              <ns3:TPX>
                <ns3:Speed>4.646999835968018</ns3:Speed>
                <ns3:Watts>357</ns3:Watts>
              </ns3:TPX>
            </Extensions>
          </Trackpoint>
          <Trackpoint>
            <Time>2025-07-25T12:05:11.000Z</Time>
            <Position>
              <LatitudeDegrees>43.10473560355604</LatitudeDegrees>
              <LongitudeDegrees>-2.5826639402657747</LongitudeDegrees>
            </Position>
            <AltitudeMeters>213.39999389648438</AltitudeMeters>
            <DistanceMeters>2763.260009765625</DistanceMeters>
            <HeartRateBpm>
              <Value>128</Value>
            </HeartRateBpm>
            <Cadence>58</Cadence>
            <Extensions>
              <ns3:TPX>
                <ns3:Speed>4.646999835968018</ns3:Speed>
                <ns3:Watts>367</ns3:Watts>
              </ns3:TPX>
            </Extensions>
          </Trackpoint>
          <Trackpoint>
            <Time>2025-07-25T12:05:12.000Z</Time>
            <Position>
              <LatitudeDegrees>43.10469134710729</LatitudeDegrees>
              <LongitudeDegrees>-2.5826401356607676</LongitudeDegrees>
            </Position>
            <AltitudeMeters>213.60000610351562</AltitudeMeters>
            <DistanceMeters>2767.860107421875</DistanceMeters>
            <HeartRateBpm>
              <Value>129</Value>
            </HeartRateBpm>
            <Cadence>57</Cadence>
            <Extensions>
              <ns3:TPX>
                <ns3:Speed>4.599999904632568</ns3:Speed>
                <ns3:Watts>377</ns3:Watts>
              </ns3:TPX>
            </Extensions>
          </Trackpoint>
          <Trackpoint>
            <Time>2025-07-25T12:05:13.000Z</Time>
            <Position>
              <LatitudeDegrees>43.10465262271464</LatitudeDegrees>
              <LongitudeDegrees>-2.5826207734644413</LongitudeDegrees>
            </Position>
            <AltitudeMeters>213.8000030517578</AltitudeMeters>
            <DistanceMeters>2772.5400390625</DistanceMeters>
            <HeartRateBpm>
              <Value>130</Value>
            </HeartRateBpm>
            <Cadence>57</Cadence>
            <Extensions>
              <ns3:TPX>
                <ns3:Speed>4.675000190734863</ns3:Speed>
                <ns3:Watts>372</ns3:Watts>
              </ns3:TPX>
            </Extensions>
          </Trackpoint>
          <Trackpoint>
            <Time>2025-07-25T12:05:14.000Z</Time>
            <Position>
              <LatitudeDegrees>43.104613898321986</LatitudeDegrees>
              <LongitudeDegrees>-2.5826024170964956</LongitudeDegrees>
            </Position>
            <AltitudeMeters>214.0</AltitudeMeters>
            <DistanceMeters>2777.169921875</DistanceMeters>
            <HeartRateBpm>
              <Value>130</Value>
            </HeartRateBpm>
            <Cadence>57</Cadence>
            <Extensions>
              <ns3:TPX>
                <ns3:Speed>4.627999782562256</ns3:Speed>
                <ns3:Watts>391</ns3:Watts>
              </ns3:TPX>
            </Extensions>
          </Trackpoint>
          <Trackpoint>
            <Time>2025-07-25T12:05:15.000Z</Time>
            <Position>
              <LatitudeDegrees>43.1045753415674</LatitudeDegrees>
              <LongitudeDegrees>-2.582581965252757</LongitudeDegrees>
            </Position>
            <AltitudeMeters>214.1999969482422</AltitudeMeters>
            <DistanceMeters>2781.830078125</DistanceMeters>
            <HeartRateBpm>
              <Value>131</Value>
            </HeartRateBpm>
            <Cadence>57</Cadence>
            <Extensions>
              <ns3:TPX>
                <ns3:Speed>4.664999961853027</ns3:Speed>
                <ns3:Watts>394</ns3:Watts>
              </ns3:TPX>
            </Extensions>
          </Trackpoint>
          <Trackpoint>
            <Time>2025-07-25T12:05:16.000Z</Time>
            <Position>
              <LatitudeDegrees>43.1045370362699</LatitudeDegrees>
              <LongitudeDegrees>-2.582559920847416</LongitudeDegrees>
            </Position>
            <AltitudeMeters>215.0</AltitudeMeters>
            <DistanceMeters>2786.590087890625</DistanceMeters>
            <HeartRateBpm>
              <Value>131</Value>
            </HeartRateBpm>
            <Cadence>59</Cadence>
            <Extensions>
              <ns3:TPX>
                <ns3:Speed>4.749000072479248</ns3:Speed>
                <ns3:Watts>371</ns3:Watts>
              </ns3:TPX>
            </Extensions>
          </Trackpoint>
          <Trackpoint>
            <Time>2025-07-25T12:05:17.000Z</Time>
            <Position>
              <LatitudeDegrees>43.10449722222984</LatitudeDegrees>
              <LongitudeDegrees>-2.5825391337275505</LongitudeDegrees>
            </Position>
            <AltitudeMeters>215.1999969482422</AltitudeMeters>
            <DistanceMeters>2791.340087890625</DistanceMeters>
            <HeartRateBpm>
              <Value>132</Value>
            </HeartRateBpm>
            <Cadence>58</Cadence>
            <Extensions>
              <ns3:TPX>
                <ns3:Speed>4.758999824523926</ns3:Speed>
                <ns3:Watts>342</ns3:Watts>
              </ns3:TPX>
            </Extensions>
          </Trackpoint>
          <Trackpoint>
            <Time>2025-07-25T12:05:18.000Z</Time>
            <Position>
              <LatitudeDegrees>43.10445682145655</LatitudeDegrees>
              <LongitudeDegrees>-2.5825193524360657</LongitudeDegrees>
            </Position>
            <AltitudeMeters>215.60000610351562</AltitudeMeters>
            <DistanceMeters>2796.090087890625</DistanceMeters>
            <HeartRateBpm>
              <Value>133</Value>
            </HeartRateBpm>
            <Cadence>59</Cadence>
            <Extensions>
              <ns3:TPX>
                <ns3:Speed>4.749000072479248</ns3:Speed>
                <ns3:Watts>335</ns3:Watts>
              </ns3:TPX>
            </Extensions>
          </Trackpoint>
          <Trackpoint>
            <Time>2025-07-25T12:05:19.000Z</Time>
            <Position>
              <LatitudeDegrees>43.10441700741649</LatitudeDegrees>
              <LongitudeDegrees>-2.5825011637061834</LongitudeDegrees>
            </Position>
            <AltitudeMeters>215.8000030517578</AltitudeMeters>
            <DistanceMeters>2800.820068359375</DistanceMeters>
            <HeartRateBpm>
              <Value>133</Value>
            </HeartRateBpm>
            <Cadence>59</Cadence>
            <Extensions>
              <ns3:TPX>
                <ns3:Speed>4.730999946594238</ns3:Speed>
                <ns3:Watts>362</ns3:Watts>
              </ns3:TPX>
            </Extensions>
          </Trackpoint>
          <Trackpoint>
            <Time>2025-07-25T12:05:20.000Z</Time>
            <Position>
              <LatitudeDegrees>43.10437811538577</LatitudeDegrees>
              <LongitudeDegrees>-2.5824831426143646</LongitudeDegrees>
            </Position>
            <AltitudeMeters>216.0</AltitudeMeters>
            <DistanceMeters>2805.659912109375</DistanceMeters>
            <HeartRateBpm>
              <Value>134</Value>
            </HeartRateBpm>
            <Cadence>59</Cadence>
            <Extensions>
              <ns3:TPX>
                <ns3:Speed>4.833000183105469</ns3:Speed>
                <ns3:Watts>356</ns3:Watts>
              </ns3:TPX>
            </Extensions>
          </Trackpoint>
          <Trackpoint>
            <Time>2025-07-25T12:05:21.000Z</Time>
            <Position>
              <LatitudeDegrees>43.10433804988861</LatitudeDegrees>
              <LongitudeDegrees>-2.582462774589658</LongitudeDegrees>
            </Position>
            <AltitudeMeters>216.1999969482422</AltitudeMeters>
            <DistanceMeters>2810.5400390625</DistanceMeters>
            <HeartRateBpm>
              <Value>134</Value>
            </HeartRateBpm>
            <Cadence>60</Cadence>
            <Extensions>
              <ns3:TPX>
                <ns3:Speed>4.888999938964844</ns3:Speed>
                <ns3:Watts>333</ns3:Watts>
              </ns3:TPX>
            </Extensions>
          </Trackpoint>
          <Trackpoint>
            <Time>2025-07-25T12:05:22.000Z</Time>
            <Position>
              <LatitudeDegrees>43.10429689474404</LatitudeDegrees>
              <LongitudeDegrees>-2.5824413169175386</LongitudeDegrees>
            </Position>
            <AltitudeMeters>216.1999969482422</AltitudeMeters>
            <DistanceMeters>2815.4599609375</DistanceMeters>
            <HeartRateBpm>
              <Value>135</Value>
            </HeartRateBpm>
            <Cadence>61</Cadence>
            <Extensions>
              <ns3:TPX>
                <ns3:Speed>4.9079999923706055</ns3:Speed>
                <ns3:Watts>343</ns3:Watts>
              </ns3:TPX>
            </Extensions>
          </Trackpoint>
          <Trackpoint>
            <Time>2025-07-25T12:05:23.000Z</Time>
            <Position>
              <LatitudeDegrees>43.10425389558077</LatitudeDegrees>
              <LongitudeDegrees>-2.582420948892832</LongitudeDegrees>
            </Position>
            <AltitudeMeters>216.8000030517578</AltitudeMeters>
            <DistanceMeters>2820.449951171875</DistanceMeters>
            <HeartRateBpm>
              <Value>135</Value>
            </HeartRateBpm>
            <Cadence>61</Cadence>
            <Extensions>
              <ns3:TPX>
                <ns3:Speed>4.992000102996826</ns3:Speed>
                <ns3:Watts>352</ns3:Watts>
              </ns3:TPX>
            </Extensions>
          </Trackpoint>
          <Trackpoint>
            <Time>2025-07-25T12:05:24.000Z</Time>
            <Position>
              <LatitudeDegrees>43.10420913621783</LatitudeDegrees>
              <LongitudeDegrees>-2.5824034307152033</LongitudeDegrees>
            </Position>
            <AltitudeMeters>216.8000030517578</AltitudeMeters>
            <DistanceMeters>2825.43994140625</DistanceMeters>
            <HeartRateBpm>
              <Value>135</Value>
            </HeartRateBpm>
            <Cadence>61</Cadence>
            <Extensions>
              <ns3:TPX>
                <ns3:Speed>4.992000102996826</ns3:Speed>
                <ns3:Watts>360</ns3:Watts>
              </ns3:TPX>
            </Extensions>
          </Trackpoint>
          <Trackpoint>
            <Time>2025-07-25T12:05:25.000Z</Time>
            <Position>
              <LatitudeDegrees>43.10416504740715</LatitudeDegrees>
              <LongitudeDegrees>-2.5823841523379087</LongitudeDegrees>
            </Position>
            <AltitudeMeters>217.1999969482422</AltitudeMeters>
            <DistanceMeters>2830.489990234375</DistanceMeters>
            <HeartRateBpm>
              <Value>136</Value>
            </HeartRateBpm>
            <Cadence>62</Cadence>
            <Extensions>
              <ns3:TPX>
                <ns3:Speed>5.057000160217285</ns3:Speed>
                <ns3:Watts>360</ns3:Watts>
              </ns3:TPX>
            </Extensions>
          </Trackpoint>
          <Trackpoint>
            <Time>2025-07-25T12:05:26.000Z</Time>
            <Position>
              <LatitudeDegrees>43.104123221710324</LatitudeDegrees>
              <LongitudeDegrees>-2.582366969436407</LongitudeDegrees>
            </Position>
            <AltitudeMeters>217.1999969482422</AltitudeMeters>
            <DistanceMeters>2835.52001953125</DistanceMeters>
            <HeartRateBpm>
              <Value>136</Value>
            </HeartRateBpm>
            <Cadence>62</Cadence>
            <Extensions>
              <ns3:TPX>
                <ns3:Speed>5.019999980926514</ns3:Speed>
                <ns3:Watts>337</ns3:Watts>
              </ns3:TPX>
            </Extensions>
          </Trackpoint>
          <Trackpoint>
            <Time>2025-07-25T12:05:27.000Z</Time>
            <Position>
              <LatitudeDegrees>43.104080725461245</LatitudeDegrees>
              <LongitudeDegrees>-2.582347020506859</LongitudeDegrees>
            </Position>
            <AltitudeMeters>217.39999389648438</AltitudeMeters>
            <DistanceMeters>2840.5400390625</DistanceMeters>
            <HeartRateBpm>
              <Value>137</Value>
            </HeartRateBpm>
            <Cadence>62</Cadence>
            <Extensions>
              <ns3:TPX>
                <ns3:Speed>5.019999980926514</ns3:Speed>
                <ns3:Watts>313</ns3:Watts>
              </ns3:TPX>
            </Extensions>
          </Trackpoint>
          <Trackpoint>
            <Time>2025-07-25T12:05:28.000Z</Time>
            <Position>
              <LatitudeDegrees>43.104037726297975</LatitudeDegrees>
              <LongitudeDegrees>-2.5823215395212173</LongitudeDegrees>
            </Position>
            <AltitudeMeters>217.8000030517578</AltitudeMeters>
            <DistanceMeters>2845.610107421875</DistanceMeters>
            <HeartRateBpm>
              <Value>137</Value>
            </HeartRateBpm>
            <Cadence>62</Cadence>
            <Extensions>
              <ns3:TPX>
                <ns3:Speed>5.076000213623047</ns3:Speed>
                <ns3:Watts>313</ns3:Watts>
              </ns3:TPX>
            </Extensions>
          </Trackpoint>
          <Trackpoint>
            <Time>2025-07-25T12:05:29.000Z</Time>
            <Position>
              <LatitudeDegrees>43.10399648733437</LatitudeDegrees>
              <LongitudeDegrees>-2.5822948012501</LongitudeDegrees>
            </Position>
            <AltitudeMeters>218.0</AltitudeMeters>
            <DistanceMeters>2850.81005859375</DistanceMeters>
            <HeartRateBpm>
              <Value>137</Value>
            </HeartRateBpm>
            <Cadence>47</Cadence>
            <Extensions>
              <ns3:TPX>
                <ns3:Speed>5.197000026702881</ns3:Speed>
                <ns3:Watts>176</ns3:Watts>
              </ns3:TPX>
            </Extensions>
          </Trackpoint>
          <Trackpoint>
            <Time>2025-07-25T12:05:30.000Z</Time>
            <Position>
              <LatitudeDegrees>43.10395885258913</LatitudeDegrees>
              <LongitudeDegrees>-2.582267476245761</LongitudeDegrees>
            </Position>
            <AltitudeMeters>218.1999969482422</AltitudeMeters>
            <DistanceMeters>2856.010009765625</DistanceMeters>
            <HeartRateBpm>
              <Value>137</Value>
            </HeartRateBpm>
            <Cadence>47</Cadence>
            <Extensions>
              <ns3:TPX>
                <ns3:Speed>5.197000026702881</ns3:Speed>
                <ns3:Watts>271</ns3:Watts>
              </ns3:TPX>
            </Extensions>
          </Trackpoint>
          <Trackpoint>
            <Time>2025-07-25T12:05:31.000Z</Time>
            <Position>
              <LatitudeDegrees>43.10392398387194</LatitudeDegrees>
              <LongitudeDegrees>-2.58223713375628</LongitudeDegrees>
            </Position>
            <AltitudeMeters>218.39999389648438</AltitudeMeters>
            <DistanceMeters>2860.780029296875</DistanceMeters>
            <HeartRateBpm>
              <Value>137</Value>
            </HeartRateBpm>
            <Cadence>58</Cadence>
            <Extensions>
              <ns3:TPX>
                <ns3:Speed>4.7769999504089355</ns3:Speed>
                <ns3:Watts>271</ns3:Watts>
              </ns3:TPX>
            </Extensions>
          </Trackpoint>
          <Trackpoint>
            <Time>2025-07-25T12:05:32.000Z</Time>
            <Position>
              <LatitudeDegrees>43.103889198973775</LatitudeDegrees>
              <LongitudeDegrees>-2.582202013581991</LongitudeDegrees>
            </Position>
            <AltitudeMeters>218.60000610351562</AltitudeMeters>
            <DistanceMeters>2865.60009765625</DistanceMeters>
            <HeartRateBpm>
              <Value>137</Value>
            </HeartRateBpm>
            <Cadence>60</Cadence>
            <Extensions>
              <ns3:TPX>
                <ns3:Speed>4.823999881744385</ns3:Speed>
                <ns3:Watts>261</ns3:Watts>
              </ns3:TPX>
            </Extensions>
          </Trackpoint>
          <Trackpoint>
            <Time>2025-07-25T12:05:33.000Z</Time>
            <Position>
              <LatitudeDegrees>43.10386271215975</LatitudeDegrees>
              <LongitudeDegrees>-2.582169910892844</LongitudeDegrees>
            </Position>
            <AltitudeMeters>218.8000030517578</AltitudeMeters>
            <DistanceMeters>2870.47998046875</DistanceMeters>
            <HeartRateBpm>
              <Value>137</Value>
            </HeartRateBpm>
            <Cadence>61</Cadence>
            <Extensions>
              <ns3:TPX>
                <ns3:Speed>4.870999813079834</ns3:Speed>
                <ns3:Watts>271</ns3:Watts>
              </ns3:TPX>
            </Extensions>
          </Trackpoint>
          <Trackpoint>
            <Time>2025-07-25T12:05:34.000Z</Time>
            <Position>
              <LatitudeDegrees>43.10382951982319</LatitudeDegrees>
              <LongitudeDegrees>-2.5821289233863354</LongitudeDegrees>
            </Position>
            <AltitudeMeters>219.1999969482422</AltitudeMeters>
            <DistanceMeters>2875.409912109375</DistanceMeters>
            <HeartRateBpm>
              <Value>137</Value>
            </HeartRateBpm>
            <Cadence>62</Cadence>
            <Extensions>
              <ns3:TPX>
                <ns3:Speed>4.927000045776367</ns3:Speed>
                <ns3:Watts>281</ns3:Watts>
              </ns3:TPX>
            </Extensions>
          </Trackpoint>
          <Trackpoint>
            <Time>2025-07-25T12:05:35.000Z</Time>
            <Position>
              <LatitudeDegrees>43.103789957240224</LatitudeDegrees>
              <LongitudeDegrees>-2.5820799730718136</LongitudeDegrees>
            </Position>
            <AltitudeMeters>219.60000610351562</AltitudeMeters>
            <DistanceMeters>2880.4599609375</DistanceMeters>
            <HeartRateBpm>
              <Value>137</Value>
            </HeartRateBpm>
            <Cadence>61</Cadence>
            <Extensions>
              <ns3:TPX>
                <ns3:Speed>5.039000034332275</ns3:Speed>
                <ns3:Watts>263</ns3:Watts>
              </ns3:TPX>
            </Extensions>
          </Trackpoint>
          <Trackpoint>
            <Time>2025-07-25T12:05:36.000Z</Time>
            <Position>
              <LatitudeDegrees>43.103757770732045</LatitudeDegrees>
              <LongitudeDegrees>-2.582036890089512</LongitudeDegrees>
            </Position>
            <AltitudeMeters>219.60000610351562</AltitudeMeters>
            <DistanceMeters>2885.5400390625</DistanceMeters>
            <HeartRateBpm>
              <Value>137</Value>
            </HeartRateBpm>
            <Cadence>64</Cadence>
            <Extensions>
              <ns3:TPX>
                <ns3:Speed>5.104000091552734</ns3:Speed>
                <ns3:Watts>278</ns3:Watts>
              </ns3:TPX>
            </Extensions>
          </Trackpoint>
          <Trackpoint>
            <Time>2025-07-25T12:05:37.000Z</Time>
            <Position>
              <LatitudeDegrees>43.10373212210834</LatitudeDegrees>
              <LongitudeDegrees>-2.5820008479058743</LongitudeDegrees>
            </Position>
            <AltitudeMeters>219.8000030517578</AltitudeMeters>
            <DistanceMeters>2890.739990234375</DistanceMeters>
            <HeartRateBpm>
              <Value>137</Value>
            </HeartRateBpm>
            <Cadence>64</Cadence>
            <Extensions>
              <ns3:TPX>
                <ns3:Speed>5.197000026702881</ns3:Speed>
                <ns3:Watts>248</ns3:Watts>
              </ns3:TPX>
            </Extensions>
          </Trackpoint>
          <Trackpoint>
            <Time>2025-07-25T12:05:38.000Z</Time>
            <Position>
              <LatitudeDegrees>43.103698175400496</LatitudeDegrees>
              <LongitudeDegrees>-2.5819565914571285</LongitudeDegrees>
            </Position>
            <AltitudeMeters>220.0</AltitudeMeters>
            <DistanceMeters>2895.929931640625</DistanceMeters>
            <HeartRateBpm>
              <Value>136</Value>
            </HeartRateBpm>
            <Cadence>64</Cadence>
            <Extensions>
              <ns3:TPX>
                <ns3:Speed>5.188000202178955</ns3:Speed>
                <ns3:Watts>224</ns3:Watts>
              </ns3:TPX>
            </Extensions>
          </Trackpoint>
          <Trackpoint>
            <Time>2025-07-25T12:05:39.000Z</Time>
            <Position>
              <LatitudeDegrees>43.103664899244905</LatitudeDegrees>
              <LongitudeDegrees>-2.5819127541035414</LongitudeDegrees>
            </Position>
            <AltitudeMeters>220.1999969482422</AltitudeMeters>
            <DistanceMeters>2901.090087890625</DistanceMeters>
            <HeartRateBpm>
              <Value>136</Value>
            </HeartRateBpm>
            <Cadence>64</Cadence>
            <Extensions>
              <ns3:TPX>
                <ns3:Speed>5.159999847412109</ns3:Speed>
                <ns3:Watts>226</ns3:Watts>
              </ns3:TPX>
            </Extensions>
          </Trackpoint>
          <Trackpoint>
            <Time>2025-07-25T12:05:40.000Z</Time>
            <Position>
              <LatitudeDegrees>43.10362449847162</LatitudeDegrees>
              <LongitudeDegrees>-2.5818600319325924</LongitudeDegrees>
            </Position>
            <AltitudeMeters>220.39999389648438</AltitudeMeters>
            <DistanceMeters>2906.2900390625</DistanceMeters>
            <HeartRateBpm>
              <Value>136</Value>
            </HeartRateBpm>
            <Cadence>64</Cadence>
            <Extensions>
              <ns3:TPX>
                <ns3:Speed>5.197000026702881</ns3:Speed>
                <ns3:Watts>237</ns3:Watts>
              </ns3:TPX>
            </Extensions>
          </Trackpoint>
          <Trackpoint>
            <Time>2025-07-25T12:05:41.000Z</Time>
            <Position>
              <LatitudeDegrees>43.10359759256244</LatitudeDegrees>
              <LongitudeDegrees>-2.5818246603012085</LongitudeDegrees>
            </Position>
            <AltitudeMeters>220.60000610351562</AltitudeMeters>
            <DistanceMeters>2911.570068359375</DistanceMeters>
            <HeartRateBpm>
              <Value>135</Value>
            </HeartRateBpm>
            <Cadence>64</Cadence>
            <Extensions>
              <ns3:TPX>
                <ns3:Speed>5.281000137329102</ns3:Speed>
                <ns3:Watts>234</ns3:Watts>
              </ns3:TPX>
            </Extensions>
          </Trackpoint>
          <Trackpoint>
            <Time>2025-07-25T12:05:42.000Z</Time>
            <Position>
              <LatitudeDegrees>43.10356238856912</LatitudeDegrees>
              <LongitudeDegrees>-2.5817789789289236</LongitudeDegrees>
            </Position>
            <AltitudeMeters>220.60000610351562</AltitudeMeters>
            <DistanceMeters>2916.93994140625</DistanceMeters>
            <HeartRateBpm>
              <Value>135</Value>
            </HeartRateBpm>
            <Cadence>66</Cadence>
            <Extensions>
              <ns3:TPX>
                <ns3:Speed>5.364999771118164</ns3:Speed>
                <ns3:Watts>221</ns3:Watts>
              </ns3:TPX>
            </Extensions>
          </Trackpoint>
          <Trackpoint>
            <Time>2025-07-25T12:05:43.000Z</Time>
            <Position>
              <LatitudeDegrees>43.10352835804224</LatitudeDegrees>
              <LongitudeDegrees>-2.5817339681088924</LongitudeDegrees>
            </Position>
            <AltitudeMeters>220.8000030517578</AltitudeMeters>
            <DistanceMeters>2922.300048828125</DistanceMeters>
            <HeartRateBpm>
              <Value>135</Value>
            </HeartRateBpm>
            <Cadence>67</Cadence>
            <Extensions>
              <ns3:TPX>
                <ns3:Speed>5.364999771118164</ns3:Speed>
                <ns3:Watts>236</ns3:Watts>
              </ns3:TPX>
            </Extensions>
          </Trackpoint>
          <Trackpoint>
            <Time>2025-07-25T12:05:44.000Z</Time>
            <Position>
              <LatitudeDegrees>43.10349365696311</LatitudeDegrees>
              <LongitudeDegrees>-2.5816909689456224</LongitudeDegrees>
            </Position>
            <AltitudeMeters>220.8000030517578</AltitudeMeters>
            <DistanceMeters>2927.6201171875</DistanceMeters>
            <HeartRateBpm>
              <Value>134</Value>
            </HeartRateBpm>
            <Cadence>66</Cadence>
            <Extensions>
              <ns3:TPX>
                <ns3:Speed>5.317999839782715</ns3:Speed>
                <ns3:Watts>223</ns3:Watts>
              </ns3:TPX>
            </Extensions>
          </Trackpoint>
          <Trackpoint>
            <Time>2025-07-25T12:05:45.000Z</Time>
            <Position>
              <LatitudeDegrees>43.103458201512694</LatitudeDegrees>
              <LongitudeDegrees>-2.5816477183252573</LongitudeDegrees>
            </Position>
            <AltitudeMeters>221.0</AltitudeMeters>
            <DistanceMeters>2932.989990234375</DistanceMeters>
            <HeartRateBpm>
              <Value>134</Value>
            </HeartRateBpm>
            <Cadence>67</Cadence>
            <Extensions>
              <ns3:TPX>
                <ns3:Speed>5.364999771118164</ns3:Speed>
                <ns3:Watts>197</ns3:Watts>
              </ns3:TPX>
            </Extensions>
          </Trackpoint>
          <Trackpoint>
            <Time>2025-07-25T12:05:46.000Z</Time>
            <Position>
              <LatitudeDegrees>43.10341360978782</LatitudeDegrees>
              <LongitudeDegrees>-2.58159507997334</LongitudeDegrees>
            </Position>
            <AltitudeMeters>221.0</AltitudeMeters>
            <DistanceMeters>2938.3701171875</DistanceMeters>
            <HeartRateBpm>
              <Value>134</Value>
            </HeartRateBpm>
            <Cadence>66</Cadence>
            <Extensions>
              <ns3:TPX>
                <ns3:Speed>5.374000072479248</ns3:Speed>
                <ns3:Watts>231</ns3:Watts>
              </ns3:TPX>
            </Extensions>
          </Trackpoint>
          <Trackpoint>
            <Time>2025-07-25T12:05:47.000Z</Time>
            <Position>
              <LatitudeDegrees>43.10337538830936</LatitudeDegrees>
              <LongitudeDegrees>-2.5815513264387846</LongitudeDegrees>
            </Position>
            <AltitudeMeters>221.1999969482422</AltitudeMeters>
            <DistanceMeters>2943.830078125</DistanceMeters>
            <HeartRateBpm>
              <Value>134</Value>
            </HeartRateBpm>
            <Cadence>66</Cadence>
            <Extensions>
              <ns3:TPX>
                <ns3:Speed>5.4770002365112305</ns3:Speed>
                <ns3:Watts>189</ns3:Watts>
              </ns3:TPX>
            </Extensions>
          </Trackpoint>
          <Trackpoint>
            <Time>2025-07-25T12:05:48.000Z</Time>
            <Position>
              <LatitudeDegrees>43.103336580097675</LatitudeDegrees>
              <LongitudeDegrees>-2.581507321447134</LongitudeDegrees>
            </Position>
            <AltitudeMeters>221.1999969482422</AltitudeMeters>
            <DistanceMeters>2949.360107421875</DistanceMeters>
            <HeartRateBpm>
              <Value>133</Value>
            </HeartRateBpm>
            <Cadence>66</Cadence>
            <Extensions>
              <ns3:TPX>
                <ns3:Speed>5.52400016784668</ns3:Speed>
                <ns3:Watts>148</ns3:Watts>
              </ns3:TPX>
            </Extensions>
          </Trackpoint>
          <Trackpoint>
            <Time>2025-07-25T12:05:49.000Z</Time>
            <Position>
              <LatitudeDegrees>43.103297520428896</LatitudeDegrees>
              <LongitudeDegrees>-2.581465160474181</LongitudeDegrees>
            </Position>
            <AltitudeMeters>221.1999969482422</AltitudeMeters>
            <DistanceMeters>2954.969970703125</DistanceMeters>
            <HeartRateBpm>
              <Value>133</Value>
            </HeartRateBpm>
            <Cadence>67</Cadence>
            <Extensions>
              <ns3:TPX>
                <ns3:Speed>5.617000102996826</ns3:Speed>
                <ns3:Watts>148</ns3:Watts>
              </ns3:TPX>
            </Extensions>
          </Trackpoint>
          <Trackpoint>
            <Time>2025-07-25T12:05:50.000Z</Time>
            <Position>
              <LatitudeDegrees>43.10325703583658</LatitudeDegrees>
              <LongitudeDegrees>-2.581424005329609</LongitudeDegrees>
            </Position>
            <AltitudeMeters>221.39999389648438</AltitudeMeters>
            <DistanceMeters>2960.659912109375</DistanceMeters>
            <HeartRateBpm>
              <Value>133</Value>
            </HeartRateBpm>
            <Cadence>75</Cadence>
            <Extensions>
              <ns3:TPX>
                <ns3:Speed>5.682000160217285</ns3:Speed>
                <ns3:Watts>151</ns3:Watts>
              </ns3:TPX>
            </Extensions>
          </Trackpoint>
          <Trackpoint>
            <Time>2025-07-25T12:05:51.000Z</Time>
            <Position>
              <LatitudeDegrees>43.103214371949434</LatitudeDegrees>
              <LongitudeDegrees>-2.581382431089878</LongitudeDegrees>
            </Position>
            <AltitudeMeters>221.39999389648438</AltitudeMeters>
            <DistanceMeters>2966.429931640625</DistanceMeters>
            <HeartRateBpm>
              <Value>133</Value>
            </HeartRateBpm>
            <Cadence>73</Cadence>
            <Extensions>
              <ns3:TPX>
                <ns3:Speed>5.765999794006348</ns3:Speed>
                <ns3:Watts>119</ns3:Watts>
              </ns3:TPX>
            </Extensions>
          </Trackpoint>
          <Trackpoint>
            <Time>2025-07-25T12:05:52.000Z</Time>
            <Position>
              <LatitudeDegrees>43.10317078605294</LatitudeDegrees>
              <LongitudeDegrees>-2.5813405215740204</LongitudeDegrees>
            </Position>
            <AltitudeMeters>221.39999389648438</AltitudeMeters>
            <DistanceMeters>2972.31005859375</DistanceMeters>
            <HeartRateBpm>
              <Value>132</Value>
            </HeartRateBpm>
            <Cadence>71</Cadence>
            <Extensions>
              <ns3:TPX>
                <ns3:Speed>5.877999782562256</ns3:Speed>
                <ns3:Watts>133</ns3:Watts>
              </ns3:TPX>
            </Extensions>
          </Trackpoint>
          <Trackpoint>
            <Time>2025-07-25T12:05:53.000Z</Time>
            <Position>
              <LatitudeDegrees>43.103125020861626</LatitudeDegrees>
              <LongitudeDegrees>-2.5813004560768604</LongitudeDegrees>
            </Position>
            <AltitudeMeters>221.39999389648438</AltitudeMeters>
            <DistanceMeters>2978.340087890625</DistanceMeters>
            <HeartRateBpm>
              <Value>132</Value>
            </HeartRateBpm>
            <Cadence>74</Cadence>
            <Extensions>
              <ns3:TPX>
                <ns3:Speed>6.0370001792907715</ns3:Speed>
                <ns3:Watts>116</ns3:Watts>
              </ns3:TPX>
            </Extensions>
          </Trackpoint>
          <Trackpoint>
            <Time>2025-07-25T12:05:54.000Z</Time>
            <Position>
              <LatitudeDegrees>43.10307741165161</LatitudeDegrees>
              <LongitudeDegrees>-2.581261396408081</LongitudeDegrees>
            </Position>
            <AltitudeMeters>221.39999389648438</AltitudeMeters>
            <DistanceMeters>2984.60009765625</DistanceMeters>
            <HeartRateBpm>
              <Value>131</Value>
            </HeartRateBpm>
            <Cadence>79</Cadence>
            <Extensions>
              <ns3:TPX>
                <ns3:Speed>6.261000156402588</ns3:Speed>
                <ns3:Watts>137</ns3:Watts>
              </ns3:TPX>
            </Extensions>
          </Trackpoint>
          <Trackpoint>
            <Time>2025-07-25T12:05:55.000Z</Time>
            <Position>
              <LatitudeDegrees>43.10302846133709</LatitudeDegrees>
              <LongitudeDegrees>-2.5812183134257793</LongitudeDegrees>
            </Position>
            <AltitudeMeters>221.39999389648438</AltitudeMeters>
            <DistanceMeters>2991.1201171875</DistanceMeters>
            <HeartRateBpm>
              <Value>131</Value>
            </HeartRateBpm>
            <Cadence>82</Cadence>
            <Extensions>
              <ns3:TPX>
                <ns3:Speed>6.521999835968018</ns3:Speed>
                <ns3:Watts>112</ns3:Watts>
              </ns3:TPX>
            </Extensions>
          </Trackpoint>
          <Trackpoint>
            <Time>2025-07-25T12:05:56.000Z</Time>
            <Position>
              <LatitudeDegrees>43.1029795948416</LatitudeDegrees>
              <LongitudeDegrees>-2.5811725482344627</LongitudeDegrees>
            </Position>
            <AltitudeMeters>221.1999969482422</AltitudeMeters>
            <DistanceMeters>2997.7900390625</DistanceMeters>
            <HeartRateBpm>
              <Value>131</Value>
            </HeartRateBpm>
            <Cadence>80</Cadence>
            <Extensions>
              <ns3:TPX>
                <ns3:Speed>6.671000003814697</ns3:Speed>
                <ns3:Watts>107</ns3:Watts>
              </ns3:TPX>
            </Extensions>
          </Trackpoint>
          <Trackpoint>
            <Time>2025-07-25T12:05:57.000Z</Time>
            <Position>
              <LatitudeDegrees>43.1029312312603</LatitudeDegrees>
              <LongitudeDegrees>-2.58112208917737</LongitudeDegrees>
            </Position>
            <AltitudeMeters>221.1999969482422</AltitudeMeters>
            <DistanceMeters>3004.580078125</DistanceMeters>
            <HeartRateBpm>
              <Value>131</Value>
            </HeartRateBpm>
            <Cadence>87</Cadence>
            <Extensions>
              <ns3:TPX>
                <ns3:Speed>6.793000221252441</ns3:Speed>
                <ns3:Watts>123</ns3:Watts>
              </ns3:TPX>
            </Extensions>
          </Trackpoint>
          <Trackpoint>
            <Time>2025-07-25T12:05:58.000Z</Time>
            <Position>
              <LatitudeDegrees>43.102885130792856</LatitudeDegrees>
              <LongitudeDegrees>-2.5810680259019136</LongitudeDegrees>
            </Position>
            <AltitudeMeters>221.1999969482422</AltitudeMeters>
            <DistanceMeters>3011.47998046875</DistanceMeters>
            <HeartRateBpm>
              <Value>131</Value>
            </HeartRateBpm>
            <Cadence>86</Cadence>
            <Extensions>
              <ns3:TPX>
                <ns3:Speed>6.894999980926514</ns3:Speed>
                <ns3:Watts>110</ns3:Watts>
              </ns3:TPX>
            </Extensions>
          </Trackpoint>
          <Trackpoint>
            <Time>2025-07-25T12:05:59.000Z</Time>
            <Position>
              <LatitudeDegrees>43.10283492319286</LatitudeDegrees>
              <LongitudeDegrees>-2.581017566844821</LongitudeDegrees>
            </Position>
            <AltitudeMeters>221.1999969482422</AltitudeMeters>
            <DistanceMeters>3018.39990234375</DistanceMeters>
            <HeartRateBpm>
              <Value>130</Value>
            </HeartRateBpm>
            <Cadence>91</Cadence>
            <Extensions>
              <ns3:TPX>
                <ns3:Speed>6.914000034332275</ns3:Speed>
                <ns3:Watts>130</ns3:Watts>
              </ns3:TPX>
            </Extensions>
          </Trackpoint>
          <Trackpoint>
            <Time>2025-07-25T12:06:00.000Z</Time>
            <Position>
              <LatitudeDegrees>43.102781530469656</LatitudeDegrees>
              <LongitudeDegrees>-2.580970795825124</LongitudeDegrees>
            </Position>
            <AltitudeMeters>221.1999969482422</AltitudeMeters>
            <DistanceMeters>3025.330078125</DistanceMeters>
            <HeartRateBpm>
              <Value>129</Value>
            </HeartRateBpm>
            <Cadence>84</Cadence>
            <Extensions>
              <ns3:TPX>
                <ns3:Speed>6.933000087738037</ns3:Speed>
                <ns3:Watts>111</ns3:Watts>
              </ns3:TPX>
            </Extensions>
          </Trackpoint>
          <Trackpoint>
            <Time>2025-07-25T12:06:01.000Z</Time>
            <Position>
              <LatitudeDegrees>43.102725790813565</LatitudeDegrees>
              <LongitudeDegrees>-2.580932406708598</LongitudeDegrees>
            </Position>
            <AltitudeMeters>221.0</AltitudeMeters>
            <DistanceMeters>3032.2900390625</DistanceMeters>
            <HeartRateBpm>
              <Value>129</Value>
            </HeartRateBpm>
            <Cadence>88</Cadence>
            <Extensions>
              <ns3:TPX>
                <ns3:Speed>6.960999965667725</ns3:Speed>
                <ns3:Watts>130</ns3:Watts>
              </ns3:TPX>
            </Extensions>
          </Trackpoint>
          <Trackpoint>
            <Time>2025-07-25T12:06:02.000Z</Time>
            <Position>
              <LatitudeDegrees>43.10266653075814</LatitudeDegrees>
              <LongitudeDegrees>-2.580902650952339</LongitudeDegrees>
            </Position>
            <AltitudeMeters>221.0</AltitudeMeters>
            <DistanceMeters>3039.31005859375</DistanceMeters>
            <HeartRateBpm>
              <Value>128</Value>
            </HeartRateBpm>
            <Cadence>85</Cadence>
            <Extensions>
              <ns3:TPX>
                <ns3:Speed>7.026000022888184</ns3:Speed>
                <ns3:Watts>127</ns3:Watts>
              </ns3:TPX>
            </Extensions>
          </Trackpoint>
          <Trackpoint>
            <Time>2025-07-25T12:06:03.000Z</Time>
            <Position>
              <LatitudeDegrees>43.10260467231274</LatitudeDegrees>
              <LongitudeDegrees>-2.580883791670203</LongitudeDegrees>
            </Position>
            <AltitudeMeters>220.8000030517578</AltitudeMeters>
            <DistanceMeters>3046.5</DistanceMeters>
            <HeartRateBpm>
              <Value>128</Value>
            </HeartRateBpm>
            <Cadence>90</Cadence>
            <Extensions>
              <ns3:TPX>
                <ns3:Speed>7.184999942779541</ns3:Speed>
                <ns3:Watts>130</ns3:Watts>
              </ns3:TPX>
            </Extensions>
          </Trackpoint>
          <Trackpoint>
            <Time>2025-07-25T12:06:04.000Z</Time>
            <Position>
              <LatitudeDegrees>43.102539628744125</LatitudeDegrees>
              <LongitudeDegrees>-2.580881528556347</LongitudeDegrees>
            </Position>
            <AltitudeMeters>220.8000030517578</AltitudeMeters>
            <DistanceMeters>3053.820068359375</DistanceMeters>
            <HeartRateBpm>
              <Value>127</Value>
            </HeartRateBpm>
            <Cadence>88</Cadence>
            <Extensions>
              <ns3:TPX>
                <ns3:Speed>7.315000057220459</ns3:Speed>
                <ns3:Watts>116</ns3:Watts>
              </ns3:TPX>
            </Extensions>
          </Trackpoint>
          <Trackpoint>
            <Time>2025-07-25T12:06:05.000Z</Time>
            <Position>
              <LatitudeDegrees>43.10248715803027</LatitudeDegrees>
              <LongitudeDegrees>-2.580892089754343</LongitudeDegrees>
            </Position>
            <AltitudeMeters>220.8000030517578</AltitudeMeters>
            <DistanceMeters>3061.22998046875</DistanceMeters>
            <HeartRateBpm>
              <Value>127</Value>
            </HeartRateBpm>
            <Cadence>97</Cadence>
            <Extensions>
              <ns3:TPX>
                <ns3:Speed>7.418000221252441</ns3:Speed>
                <ns3:Watts>129</ns3:Watts>
              </ns3:TPX>
            </Extensions>
          </Trackpoint>
          <Trackpoint>
            <Time>2025-07-25T12:06:06.000Z</Time>
            <Position>
              <LatitudeDegrees>43.102409206330776</LatitudeDegrees>
              <LongitudeDegrees>-2.58091589435935</LongitudeDegrees>
            </Position>
            <AltitudeMeters>220.60000610351562</AltitudeMeters>
            <DistanceMeters>3068.64990234375</DistanceMeters>
            <HeartRateBpm>
              <Value>126</Value>
            </HeartRateBpm>
            <Cadence>97</Cadence>
            <Extensions>
              <ns3:TPX>
                <ns3:Speed>7.418000221252441</ns3:Speed>
                <ns3:Watts>130</ns3:Watts>
              </ns3:TPX>
            </Extensions>
          </Trackpoint>
          <Trackpoint>
            <Time>2025-07-25T12:06:07.000Z</Time>
            <Position>
              <LatitudeDegrees>43.10234441421926</LatitudeDegrees>
              <LongitudeDegrees>-2.5809408724308014</LongitudeDegrees>
            </Position>
            <AltitudeMeters>220.39999389648438</AltitudeMeters>
            <DistanceMeters>3076.070068359375</DistanceMeters>
            <HeartRateBpm>
              <Value>126</Value>
            </HeartRateBpm>
            <Cadence>98</Cadence>
            <Extensions>
              <ns3:TPX>
                <ns3:Speed>7.427000045776367</ns3:Speed>
                <ns3:Watts>130</ns3:Watts>
              </ns3:TPX>
            </Extensions>
          </Trackpoint>
          <Trackpoint>
            <Time>2025-07-25T12:06:08.000Z</Time>
            <Position>
              <LatitudeDegrees>43.10227978974581</LatitudeDegrees>
              <LongitudeDegrees>-2.580966604873538</LongitudeDegrees>
            </Position>
            <AltitudeMeters>220.1999969482422</AltitudeMeters>
            <DistanceMeters>3083.580078125</DistanceMeters>
            <HeartRateBpm>
              <Value>126</Value>
            </HeartRateBpm>
            <Cadence>92</Cadence>
            <Extensions>
              <ns3:TPX>
                <ns3:Speed>7.501999855041504</ns3:Speed>
                <ns3:Watts>147</ns3:Watts>
              </ns3:TPX>
            </Extensions>
          </Trackpoint>
          <Trackpoint>
            <Time>2025-07-25T12:06:09.000Z</Time>
            <Position>
              <LatitudeDegrees>43.10221407562494</LatitudeDegrees>
              <LongitudeDegrees>-2.580990744754672</LongitudeDegrees>
            </Position>
            <AltitudeMeters>220.1999969482422</AltitudeMeters>
            <DistanceMeters>3091.139892578125</DistanceMeters>
            <HeartRateBpm>
              <Value>126</Value>
            </HeartRateBpm>
            <Cadence>99</Cadence>
            <Extensions>
              <ns3:TPX>
                <ns3:Speed>7.566999912261963</ns3:Speed>
                <ns3:Watts>173</ns3:Watts>
              </ns3:TPX>
            </Extensions>
          </Trackpoint>
          <Trackpoint>
            <Time>2025-07-25T12:06:10.000Z</Time>
            <Position>
              <LatitudeDegrees>43.10214844532311</LatitudeDegrees>
              <LongitudeDegrees>-2.5810123700648546</LongitudeDegrees>
            </Position>
            <AltitudeMeters>220.0</AltitudeMeters>
            <DistanceMeters>3098.669921875</DistanceMeters>
            <HeartRateBpm>
              <Value>126</Value>
            </HeartRateBpm>
            <Cadence>98</Cadence>
            <Extensions>
              <ns3:TPX>
                <ns3:Speed>7.520999908447266</ns3:Speed>
                <ns3:Watts>176</ns3:Watts>
              </ns3:TPX>
            </Extensions>
          </Trackpoint>
          <Trackpoint>
            <Time>2025-07-25T12:06:11.000Z</Time>
            <Position>
              <LatitudeDegrees>43.10208239592612</LatitudeDegrees>
              <LongitudeDegrees>-2.5810348335653543</LongitudeDegrees>
            </Position>
            <AltitudeMeters>220.0</AltitudeMeters>
            <DistanceMeters>3106.239990234375</DistanceMeters>
            <HeartRateBpm>
              <Value>126</Value>
            </HeartRateBpm>
            <Cadence>90</Cadence>
            <Extensions>
              <ns3:TPX>
                <ns3:Speed>7.566999912261963</ns3:Speed>
                <ns3:Watts>179</ns3:Watts>
              </ns3:TPX>
            </Extensions>
          </Trackpoint>
          <Trackpoint>
            <Time>2025-07-25T12:06:12.000Z</Time>
            <Position>
              <LatitudeDegrees>43.10208239592612</LatitudeDegrees>
              <LongitudeDegrees>-2.5810348335653543</LongitudeDegrees>
            </Position>
            <AltitudeMeters>219.8000030517578</AltitudeMeters>
            <DistanceMeters>3113.840087890625</DistanceMeters>
            <HeartRateBpm>
              <Value>126</Value>
            </HeartRateBpm>
            <Cadence>101</Cadence>
            <Extensions>
              <ns3:TPX>
                <ns3:Speed>7.605000019073486</ns3:Speed>
                <ns3:Watts>163</ns3:Watts>
              </ns3:TPX>
            </Extensions>
          </Trackpoint>
          <Trackpoint>
            <Time>2025-07-25T12:06:13.000Z</Time>
            <Position>
              <LatitudeDegrees>43.102016765624285</LatitudeDegrees>
              <LongitudeDegrees>-2.5810574647039175</LongitudeDegrees>
            </Position>
            <AltitudeMeters>219.8000030517578</AltitudeMeters>
            <DistanceMeters>3121.449951171875</DistanceMeters>
            <HeartRateBpm>
              <Value>126</Value>
            </HeartRateBpm>
            <Cadence>101</Cadence>
            <Extensions>
              <ns3:TPX>
                <ns3:Speed>7.605000019073486</ns3:Speed>
                <ns3:Watts>167</ns3:Watts>
              </ns3:TPX>
            </Extensions>
          </Trackpoint>
          <Trackpoint>
            <Time>2025-07-25T12:06:14.000Z</Time>
            <Position>
              <LatitudeDegrees>43.10191098600626</LatitudeDegrees>
              <LongitudeDegrees>-2.581093506887555</LongitudeDegrees>
            </Position>
            <AltitudeMeters>219.60000610351562</AltitudeMeters>
            <DistanceMeters>3129.02001953125</DistanceMeters>
            <HeartRateBpm>
              <Value>126</Value>
            </HeartRateBpm>
            <Cadence>97</Cadence>
            <Extensions>
              <ns3:TPX>
                <ns3:Speed>7.577000141143799</ns3:Speed>
                <ns3:Watts>167</ns3:Watts>
              </ns3:TPX>
            </Extensions>
          </Trackpoint>
          <Trackpoint>
            <Time>2025-07-25T12:06:15.000Z</Time>
            <Position>
              <LatitudeDegrees>43.101844768971205</LatitudeDegrees>
              <LongitudeDegrees>-2.581116808578372</LongitudeDegrees>
            </Position>
            <AltitudeMeters>219.60000610351562</AltitudeMeters>
            <DistanceMeters>3136.530029296875</DistanceMeters>
            <HeartRateBpm>
              <Value>125</Value>
            </HeartRateBpm>
            <Cadence>89</Cadence>
            <Extensions>
              <ns3:TPX>
                <ns3:Speed>7.511000156402588</ns3:Speed>
                <ns3:Watts>168</ns3:Watts>
              </ns3:TPX>
            </Extensions>
          </Trackpoint>
          <Trackpoint>
            <Time>2025-07-25T12:06:16.000Z</Time>
            <Position>
              <LatitudeDegrees>43.10175399295986</LatitudeDegrees>
              <LongitudeDegrees>-2.5811484083533287</LongitudeDegrees>
            </Position>
            <AltitudeMeters>219.60000610351562</AltitudeMeters>
            <DistanceMeters>3144.06005859375</DistanceMeters>
            <HeartRateBpm>
              <Value>125</Value>
            </HeartRateBpm>
            <Cadence>92</Cadence>
            <Extensions>
              <ns3:TPX>
                <ns3:Speed>7.501999855041504</ns3:Speed>
                <ns3:Watts>158</ns3:Watts>
              </ns3:TPX>
            </Extensions>
          </Trackpoint>
          <Trackpoint>
            <Time>2025-07-25T12:06:17.000Z</Time>
            <Position>
              <LatitudeDegrees>43.10169012285769</LatitudeDegrees>
              <LongitudeDegrees>-2.5811712071299553</LongitudeDegrees>
            </Position>
            <AltitudeMeters>219.60000610351562</AltitudeMeters>
            <DistanceMeters>3151.43994140625</DistanceMeters>
            <HeartRateBpm>
              <Value>125</Value>
            </HeartRateBpm>
            <Cadence>96</Cadence>
            <Extensions>
              <ns3:TPX>
                <ns3:Speed>7.408999919891357</ns3:Speed>
                <ns3:Watts>170</ns3:Watts>
              </ns3:TPX>
            </Extensions>
          </Trackpoint>
          <Trackpoint>
            <Time>2025-07-25T12:06:18.000Z</Time>
            <Position>
              <LatitudeDegrees>43.10162717476487</LatitudeDegrees>
              <LongitudeDegrees>-2.5811930000782013</LongitudeDegrees>
            </Position>
            <AltitudeMeters>219.39999389648438</AltitudeMeters>
            <DistanceMeters>3158.760009765625</DistanceMeters>
            <HeartRateBpm>
              <Value>125</Value>
            </HeartRateBpm>
            <Cadence>92</Cadence>
            <Extensions>
              <ns3:TPX>
                <ns3:Speed>7.315000057220459</ns3:Speed>
                <ns3:Watts>171</ns3:Watts>
              </ns3:TPX>
            </Extensions>
          </Trackpoint>
          <Trackpoint>
            <Time>2025-07-25T12:06:19.000Z</Time>
            <Position>
              <LatitudeDegrees>43.10156414285302</LatitudeDegrees>
              <LongitudeDegrees>-2.5812147092074156</LongitudeDegrees>
            </Position>
            <AltitudeMeters>219.39999389648438</AltitudeMeters>
            <DistanceMeters>3166.0</DistanceMeters>
            <HeartRateBpm>
              <Value>124</Value>
            </HeartRateBpm>
            <Cadence>91</Cadence>
            <Extensions>
              <ns3:TPX>
                <ns3:Speed>7.230999946594238</ns3:Speed>
                <ns3:Watts>198</ns3:Watts>
              </ns3:TPX>
            </Extensions>
          </Trackpoint>
          <Trackpoint>
            <Time>2025-07-25T12:06:20.000Z</Time>
            <Position>
              <LatitudeDegrees>43.10151368379593</LatitudeDegrees>
              <LongitudeDegrees>-2.581231640651822</LongitudeDegrees>
            </Position>
            <AltitudeMeters>219.39999389648438</AltitudeMeters>
            <DistanceMeters>3173.159912109375</DistanceMeters>
            <HeartRateBpm>
              <Value>124</Value>
            </HeartRateBpm>
            <Cadence>87</Cadence>
            <Extensions>
              <ns3:TPX>
                <ns3:Speed>7.165999889373779</ns3:Speed>
                <ns3:Watts>172</ns3:Watts>
              </ns3:TPX>
            </Extensions>
          </Trackpoint>
          <Trackpoint>
            <Time>2025-07-25T12:06:21.000Z</Time>
            <Position>
              <LatitudeDegrees>43.10143858194351</LatitudeDegrees>
              <LongitudeDegrees>-2.5812574569135904</LongitudeDegrees>
            </Position>
            <AltitudeMeters>219.39999389648438</AltitudeMeters>
            <DistanceMeters>3180.31005859375</DistanceMeters>
            <HeartRateBpm>
              <Value>124</Value>
            </HeartRateBpm>
            <Cadence>89</Cadence>
            <Extensions>
              <ns3:TPX>
                <ns3:Speed>7.1570000648498535</ns3:Speed>
                <ns3:Watts>187</ns3:Watts>
              </ns3:TPX>
            </Extensions>
          </Trackpoint>
          <Trackpoint>
            <Time>2025-07-25T12:06:22.000Z</Time>
            <Position>
              <LatitudeDegrees>43.101377142593265</LatitudeDegrees>
              <LongitudeDegrees>-2.5812801718711853</LongitudeDegrees>
            </Position>
            <AltitudeMeters>219.39999389648438</AltitudeMeters>
            <DistanceMeters>3187.47998046875</DistanceMeters>
            <HeartRateBpm>
              <Value>124</Value>
            </HeartRateBpm>
            <Cadence>90</Cadence>
            <Extensions>
              <ns3:TPX>
                <ns3:Speed>7.175000190734863</ns3:Speed>
                <ns3:Watts>192</ns3:Watts>
              </ns3:TPX>
            </Extensions>
          </Trackpoint>
          <Trackpoint>
            <Time>2025-07-25T12:06:23.000Z</Time>
            <Position>
              <LatitudeDegrees>43.10131620615721</LatitudeDegrees>
              <LongitudeDegrees>-2.581306407228112</LongitudeDegrees>
            </Position>
            <AltitudeMeters>219.39999389648438</AltitudeMeters>
            <DistanceMeters>3194.64990234375</DistanceMeters>
            <HeartRateBpm>
              <Value>125</Value>
            </HeartRateBpm>
            <Cadence>89</Cadence>
            <Extensions>
              <ns3:TPX>
                <ns3:Speed>7.165999889373779</ns3:Speed>
                <ns3:Watts>203</ns3:Watts>
              </ns3:TPX>
            </Extensions>
          </Trackpoint>
          <Trackpoint>
            <Time>2025-07-25T12:06:24.000Z</Time>
            <Position>
              <LatitudeDegrees>43.101256024092436</LatitudeDegrees>
              <LongitudeDegrees>-2.5813357438892126</LongitudeDegrees>
            </Position>
            <AltitudeMeters>219.39999389648438</AltitudeMeters>
            <DistanceMeters>3201.780029296875</DistanceMeters>
            <HeartRateBpm>
              <Value>124</Value>
            </HeartRateBpm>
            <Cadence>85</Cadence>
            <Extensions>
              <ns3:TPX>
                <ns3:Speed>7.11899995803833</ns3:Speed>
                <ns3:Watts>176</ns3:Watts>
              </ns3:TPX>
            </Extensions>
          </Trackpoint>
          <Trackpoint>
            <Time>2025-07-25T12:06:25.000Z</Time>
            <Position>
              <LatitudeDegrees>43.10119894333184</LatitudeDegrees>
              <LongitudeDegrees>-2.5813725404441357</LongitudeDegrees>
            </Position>
            <AltitudeMeters>219.39999389648438</AltitudeMeters>
            <DistanceMeters>3208.889892578125</DistanceMeters>
            <HeartRateBpm>
              <Value>124</Value>
            </HeartRateBpm>
            <Cadence>94</Cadence>
            <Extensions>
              <ns3:TPX>
                <ns3:Speed>7.11899995803833</ns3:Speed>
                <ns3:Watts>190</ns3:Watts>
              </ns3:TPX>
            </Extensions>
          </Trackpoint>
          <Trackpoint>
            <Time>2025-07-25T12:06:26.000Z</Time>
            <Position>
              <LatitudeDegrees>43.10114664025605</LatitudeDegrees>
              <LongitudeDegrees>-2.581420987844467</LongitudeDegrees>
            </Position>
            <AltitudeMeters>219.39999389648438</AltitudeMeters>
            <DistanceMeters>3216.010009765625</DistanceMeters>
            <HeartRateBpm>
              <Value>124</Value>
            </HeartRateBpm>
            <Cadence>89</Cadence>
            <Extensions>
              <ns3:TPX>
                <ns3:Speed>7.11899995803833</ns3:Speed>
                <ns3:Watts>183</ns3:Watts>
              </ns3:TPX>
            </Extensions>
          </Trackpoint>
          <Trackpoint>
            <Time>2025-07-25T12:06:27.000Z</Time>
            <Position>
              <LatitudeDegrees>43.101100539788604</LatitudeDegrees>
              <LongitudeDegrees>-2.581479912623763</LongitudeDegrees>
            </Position>
            <AltitudeMeters>219.39999389648438</AltitudeMeters>
            <DistanceMeters>3222.989990234375</DistanceMeters>
            <HeartRateBpm>
              <Value>124</Value>
            </HeartRateBpm>
            <Cadence>91</Cadence>
            <Extensions>
              <ns3:TPX>
                <ns3:Speed>6.979000091552734</ns3:Speed>
                <ns3:Watts>206</ns3:Watts>
              </ns3:TPX>
            </Extensions>
          </Trackpoint>
          <Trackpoint>
            <Time>2025-07-25T12:06:28.000Z</Time>
            <Position>
              <LatitudeDegrees>43.1010627374053</LatitudeDegrees>
              <LongitudeDegrees>-2.5815446209162474</LongitudeDegrees>
            </Position>
            <AltitudeMeters>219.39999389648438</AltitudeMeters>
            <DistanceMeters>3229.830078125</DistanceMeters>
            <HeartRateBpm>
              <Value>124</Value>
            </HeartRateBpm>
            <Cadence>86</Cadence>
            <Extensions>
              <ns3:TPX>
                <ns3:Speed>6.839000225067139</ns3:Speed>
                <ns3:Watts>222</ns3:Watts>
              </ns3:TPX>
            </Extensions>
          </Trackpoint>
          <Trackpoint>
            <Time>2025-07-25T12:06:29.000Z</Time>
            <Position>
              <LatitudeDegrees>43.10103298164904</LatitudeDegrees>
              <LongitudeDegrees>-2.5816132687032223</LongitudeDegrees>
            </Position>
            <AltitudeMeters>219.39999389648438</AltitudeMeters>
            <DistanceMeters>3236.510009765625</DistanceMeters>
            <HeartRateBpm>
              <Value>124</Value>
            </HeartRateBpm>
            <Cadence>84</Cadence>
            <Extensions>
              <ns3:TPX>
                <ns3:Speed>6.6620001792907715</ns3:Speed>
                <ns3:Watts>242</ns3:Watts>
              </ns3:TPX>
            </Extensions>
          </Trackpoint>
          <Trackpoint>
            <Time>2025-07-25T12:06:30.000Z</Time>
            <Position>
              <LatitudeDegrees>43.101005321368575</LatitudeDegrees>
              <LongitudeDegrees>-2.5816811621189117</LongitudeDegrees>
            </Position>
            <AltitudeMeters>219.39999389648438</AltitudeMeters>
            <DistanceMeters>3243.010009765625</DistanceMeters>
            <HeartRateBpm>
              <Value>124</Value>
            </HeartRateBpm>
            <Cadence>83</Cadence>
            <Extensions>
              <ns3:TPX>
                <ns3:Speed>6.502999782562256</ns3:Speed>
                <ns3:Watts>287</ns3:Watts>
              </ns3:TPX>
            </Extensions>
          </Trackpoint>
          <Trackpoint>
            <Time>2025-07-25T12:06:31.000Z</Time>
            <Position>
              <LatitudeDegrees>43.10097464360297</LatitudeDegrees>
              <LongitudeDegrees>-2.5817471276968718</LongitudeDegrees>
            </Position>
            <AltitudeMeters>219.60000610351562</AltitudeMeters>
            <DistanceMeters>3249.389892578125</DistanceMeters>
            <HeartRateBpm>
              <Value>124</Value>
            </HeartRateBpm>
            <Cadence>79</Cadence>
            <Extensions>
              <ns3:TPX>
                <ns3:Speed>6.392000198364258</ns3:Speed>
                <ns3:Watts>342</ns3:Watts>
              </ns3:TPX>
            </Extensions>
          </Trackpoint>
          <Trackpoint>
            <Time>2025-07-25T12:06:32.000Z</Time>
            <Position>
              <LatitudeDegrees>43.10094648040831</LatitudeDegrees>
              <LongitudeDegrees>-2.581814853474498</LongitudeDegrees>
            </Position>
            <AltitudeMeters>220.0</AltitudeMeters>
            <DistanceMeters>3255.669921875</DistanceMeters>
            <HeartRateBpm>
              <Value>124</Value>
            </HeartRateBpm>
            <Cadence>79</Cadence>
            <Extensions>
              <ns3:TPX>
                <ns3:Speed>6.28000020980835</ns3:Speed>
                <ns3:Watts>310</ns3:Watts>
              </ns3:TPX>
            </Extensions>
          </Trackpoint>
          <Trackpoint>
            <Time>2025-07-25T12:06:33.000Z</Time>
            <Position>
              <LatitudeDegrees>43.10091990977526</LatitudeDegrees>
              <LongitudeDegrees>-2.5818811543285847</LongitudeDegrees>
            </Position>
            <AltitudeMeters>220.39999389648438</AltitudeMeters>
            <DistanceMeters>3261.89990234375</DistanceMeters>
            <HeartRateBpm>
              <Value>125</Value>
            </HeartRateBpm>
            <Cadence>79</Cadence>
            <Extensions>
              <ns3:TPX>
                <ns3:Speed>6.232999801635742</ns3:Speed>
                <ns3:Watts>283</ns3:Watts>
              </ns3:TPX>
            </Extensions>
          </Trackpoint>
          <Trackpoint>
            <Time>2025-07-25T12:06:34.000Z</Time>
            <Position>
              <LatitudeDegrees>43.10090037994087</LatitudeDegrees>
              <LongitudeDegrees>-2.5819337088614702</LongitudeDegrees>
            </Position>
            <AltitudeMeters>220.39999389648438</AltitudeMeters>
            <DistanceMeters>3268.06005859375</DistanceMeters>
            <HeartRateBpm>
              <Value>125</Value>
            </HeartRateBpm>
            <Cadence>77</Cadence>
            <Extensions>
              <ns3:TPX>
                <ns3:Speed>6.168000221252441</ns3:Speed>
                <ns3:Watts>324</ns3:Watts>
              </ns3:TPX>
            </Extensions>
          </Trackpoint>
          <Trackpoint>
            <Time>2025-07-25T12:06:35.000Z</Time>
            <Position>
              <LatitudeDegrees>43.10087607242167</LatitudeDegrees>
              <LongitudeDegrees>-2.581998500972986</LongitudeDegrees>
            </Position>
            <AltitudeMeters>220.39999389648438</AltitudeMeters>
            <DistanceMeters>3274.110107421875</DistanceMeters>
            <HeartRateBpm>
              <Value>125</Value>
            </HeartRateBpm>
            <Cadence>75</Cadence>
            <Extensions>
              <ns3:TPX>
                <ns3:Speed>6.046000003814697</ns3:Speed>
                <ns3:Watts>286</ns3:Watts>
              </ns3:TPX>
            </Extensions>
          </Trackpoint>
          <Trackpoint>
            <Time>2025-07-25T12:06:36.000Z</Time>
            <Position>
              <LatitudeDegrees>43.10085344128311</LatitudeDegrees>
              <LongitudeDegrees>-2.582062454894185</LongitudeDegrees>
            </Position>
            <AltitudeMeters>220.60000610351562</AltitudeMeters>
            <DistanceMeters>3280.0</DistanceMeters>
            <HeartRateBpm>
              <Value>125</Value>
            </HeartRateBpm>
            <Cadence>74</Cadence>
            <Extensions>
              <ns3:TPX>
                <ns3:Speed>5.888000011444092</ns3:Speed>
                <ns3:Watts>334</ns3:Watts>
              </ns3:TPX>
            </Extensions>
          </Trackpoint>
          <Trackpoint>
            <Time>2025-07-25T12:06:37.000Z</Time>
            <Position>
              <LatitudeDegrees>43.100830391049385</LatitudeDegrees>
              <LongitudeDegrees>-2.582125822082162</LongitudeDegrees>
            </Position>
            <AltitudeMeters>220.60000610351562</AltitudeMeters>
            <DistanceMeters>3285.780029296875</DistanceMeters>
            <HeartRateBpm>
              <Value>125</Value>
            </HeartRateBpm>
            <Cadence>73</Cadence>
            <Extensions>
              <ns3:TPX>
                <ns3:Speed>5.784999847412109</ns3:Speed>
                <ns3:Watts>278</ns3:Watts>
              </ns3:TPX>
            </Extensions>
          </Trackpoint>
          <Trackpoint>
            <Time>2025-07-25T12:06:38.000Z</Time>
            <Position>
              <LatitudeDegrees>43.1008071731776</LatitudeDegrees>
              <LongitudeDegrees>-2.5821874290704727</LongitudeDegrees>
            </Position>
            <AltitudeMeters>220.60000610351562</AltitudeMeters>
            <DistanceMeters>3291.449951171875</DistanceMeters>
            <HeartRateBpm>
              <Value>125</Value>
            </HeartRateBpm>
            <Cadence>71</Cadence>
            <Extensions>
              <ns3:TPX>
                <ns3:Speed>5.664000034332275</ns3:Speed>
                <ns3:Watts>308</ns3:Watts>
              </ns3:TPX>
            </Extensions>
          </Trackpoint>
          <Trackpoint>
            <Time>2025-07-25T12:06:39.000Z</Time>
            <Position>
              <LatitudeDegrees>43.10077800415456</LatitudeDegrees>
              <LongitudeDegrees>-2.582256495952606</LongitudeDegrees>
            </Position>
            <AltitudeMeters>221.0</AltitudeMeters>
            <DistanceMeters>3296.97998046875</DistanceMeters>
            <HeartRateBpm>
              <Value>125</Value>
            </HeartRateBpm>
            <Cadence>68</Cadence>
            <Extensions>
              <ns3:TPX>
                <ns3:Speed>5.5329999923706055</ns3:Speed>
                <ns3:Watts>303</ns3:Watts>
              </ns3:TPX>
            </Extensions>
          </Trackpoint>
          <Trackpoint>
            <Time>2025-07-25T12:06:40.000Z</Time>
            <Position>
              <LatitudeDegrees>43.10075788758695</LatitudeDegrees>
              <LongitudeDegrees>-2.5822997465729713</LongitudeDegrees>
            </Position>
            <AltitudeMeters>221.1999969482422</AltitudeMeters>
            <DistanceMeters>3302.239990234375</DistanceMeters>
            <HeartRateBpm>
              <Value>126</Value>
            </HeartRateBpm>
            <Cadence>66</Cadence>
            <Extensions>
              <ns3:TPX>
                <ns3:Speed>5.252999782562256</ns3:Speed>
                <ns3:Watts>350</ns3:Watts>
              </ns3:TPX>
            </Extensions>
          </Trackpoint>
          <Trackpoint>
            <Time>2025-07-25T12:06:41.000Z</Time>
            <Position>
              <LatitudeDegrees>43.1007329095155</LatitudeDegrees>
              <LongitudeDegrees>-2.5823536422103643</LongitudeDegrees>
            </Position>
            <AltitudeMeters>221.60000610351562</AltitudeMeters>
            <DistanceMeters>3307.35009765625</DistanceMeters>
            <HeartRateBpm>
              <Value>126</Value>
            </HeartRateBpm>
            <Cadence>62</Cadence>
            <Extensions>
              <ns3:TPX>
                <ns3:Speed>5.11299991607666</ns3:Speed>
                <ns3:Watts>317</ns3:Watts>
              </ns3:TPX>
            </Extensions>
          </Trackpoint>
          <Trackpoint>
            <Time>2025-07-25T12:06:42.000Z</Time>
            <Position>
              <LatitudeDegrees>43.10071094892919</LatitudeDegrees>
              <LongitudeDegrees>-2.5824089627712965</LongitudeDegrees>
            </Position>
            <AltitudeMeters>222.1999969482422</AltitudeMeters>
            <DistanceMeters>3312.52001953125</DistanceMeters>
            <HeartRateBpm>
              <Value>126</Value>
            </HeartRateBpm>
            <Cadence>63</Cadence>
            <Extensions>
              <ns3:TPX>
                <ns3:Speed>5.169000148773193</ns3:Speed>
                <ns3:Watts>338</ns3:Watts>
              </ns3:TPX>
            </Extensions>
          </Trackpoint>
          <Trackpoint>
            <Time>2025-07-25T12:06:43.000Z</Time>
            <Position>
              <LatitudeDegrees>43.100691167637706</LatitudeDegrees>
              <LongitudeDegrees>-2.5824631936848164</LongitudeDegrees>
            </Position>
            <AltitudeMeters>222.60000610351562</AltitudeMeters>
            <DistanceMeters>3317.68994140625</DistanceMeters>
            <HeartRateBpm>
              <Value>127</Value>
            </HeartRateBpm>
            <Cadence>63</Cadence>
            <Extensions>
              <ns3:TPX>
                <ns3:Speed>5.169000148773193</ns3:Speed>
                <ns3:Watts>345</ns3:Watts>
              </ns3:TPX>
            </Extensions>
          </Trackpoint>
          <Trackpoint>
            <Time>2025-07-25T12:06:44.000Z</Time>
            <Position>
              <LatitudeDegrees>43.10067004524171</LatitudeDegrees>
              <LongitudeDegrees>-2.5825185980647802</LongitudeDegrees>
            </Position>
            <AltitudeMeters>223.0</AltitudeMeters>
            <DistanceMeters>3322.7900390625</DistanceMeters>
            <HeartRateBpm>
              <Value>127</Value>
            </HeartRateBpm>
            <Cadence>63</Cadence>
            <Extensions>
              <ns3:TPX>
                <ns3:Speed>5.09499979019165</ns3:Speed>
                <ns3:Watts>334</ns3:Watts>
              </ns3:TPX>
            </Extensions>
          </Trackpoint>
          <Trackpoint>
            <Time>2025-07-25T12:06:45.000Z</Time>
            <Position>
              <LatitudeDegrees>43.1006483361125</LatitudeDegrees>
              <LongitudeDegrees>-2.582573750987649</LongitudeDegrees>
            </Position>
            <AltitudeMeters>223.1999969482422</AltitudeMeters>
            <DistanceMeters>3327.81005859375</DistanceMeters>
            <HeartRateBpm>
              <Value>128</Value>
            </HeartRateBpm>
            <Cadence>63</Cadence>
            <Extensions>
              <ns3:TPX>
                <ns3:Speed>5.0289998054504395</ns3:Speed>
                <ns3:Watts>355</ns3:Watts>
              </ns3:TPX>
            </Extensions>
          </Trackpoint>
          <Trackpoint>
            <Time>2025-07-25T12:06:46.000Z</Time>
            <Position>
              <LatitudeDegrees>43.100625621154904</LatitudeDegrees>
              <LongitudeDegrees>-2.582629071548581</LongitudeDegrees>
            </Position>
            <AltitudeMeters>223.60000610351562</AltitudeMeters>
            <DistanceMeters>3332.81005859375</DistanceMeters>
            <HeartRateBpm>
              <Value>128</Value>
            </HeartRateBpm>
            <Cadence>62</Cadence>
            <Extensions>
              <ns3:TPX>
                <ns3:Speed>5.000999927520752</ns3:Speed>
                <ns3:Watts>343</ns3:Watts>
              </ns3:TPX>
            </Extensions>
          </Trackpoint>
          <Trackpoint>
            <Time>2025-07-25T12:06:47.000Z</Time>
            <Position>
              <LatitudeDegrees>43.100598715245724</LatitudeDegrees>
              <LongitudeDegrees>-2.5826916843652725</LongitudeDegrees>
            </Position>
            <AltitudeMeters>223.8000030517578</AltitudeMeters>
            <DistanceMeters>3337.77001953125</DistanceMeters>
            <HeartRateBpm>
              <Value>129</Value>
            </HeartRateBpm>
            <Cadence>61</Cadence>
            <Extensions>
              <ns3:TPX>
                <ns3:Speed>4.954999923706055</ns3:Speed>
                <ns3:Watts>324</ns3:Watts>
              </ns3:TPX>
            </Extensions>
          </Trackpoint>
          <Trackpoint>
            <Time>2025-07-25T12:06:48.000Z</Time>
            <Position>
              <LatitudeDegrees>43.100576335564256</LatitudeDegrees>
              <LongitudeDegrees>-2.582738706842065</LongitudeDegrees>
            </Position>
            <AltitudeMeters>223.8000030517578</AltitudeMeters>
            <DistanceMeters>3342.610107421875</DistanceMeters>
            <HeartRateBpm>
              <Value>129</Value>
            </HeartRateBpm>
            <Cadence>60</Cadence>
            <Extensions>
              <ns3:TPX>
                <ns3:Speed>4.8429999351501465</ns3:Speed>
                <ns3:Watts>324</ns3:Watts>
              </ns3:TPX>
            </Extensions>
          </Trackpoint>
          <Trackpoint>
            <Time>2025-07-25T12:06:49.000Z</Time>
            <Position>
              <LatitudeDegrees>43.100551860406995</LatitudeDegrees>
              <LongitudeDegrees>-2.5827832985669374</LongitudeDegrees>
            </Position>
            <AltitudeMeters>224.1999969482422</AltitudeMeters>
            <DistanceMeters>3347.4599609375</DistanceMeters>
            <HeartRateBpm>
              <Value>130</Value>
            </HeartRateBpm>
            <Cadence>60</Cadence>
            <Extensions>
              <ns3:TPX>
                <ns3:Speed>4.8520002365112305</ns3:Speed>
                <ns3:Watts>312</ns3:Watts>
              </ns3:TPX>
            </Extensions>
          </Trackpoint>
          <Trackpoint>
            <Time>2025-07-25T12:06:50.000Z</Time>
            <Position>
              <LatitudeDegrees>43.10052344575524</LatitudeDegrees>
              <LongitudeDegrees>-2.5828256271779537</LongitudeDegrees>
            </Position>
            <AltitudeMeters>224.39999389648438</AltitudeMeters>
            <DistanceMeters>3352.330078125</DistanceMeters>
            <HeartRateBpm>
              <Value>131</Value>
            </HeartRateBpm>
            <Cadence>60</Cadence>
            <Extensions>
              <ns3:TPX>
                <ns3:Speed>4.870999813079834</ns3:Speed>
                <ns3:Watts>329</ns3:Watts>
              </ns3:TPX>
            </Extensions>
          </Trackpoint>
          <Trackpoint>
            <Time>2025-07-25T12:06:51.000Z</Time>
            <Position>
              <LatitudeDegrees>43.1004929356277</LatitudeDegrees>
              <LongitudeDegrees>-2.58286502212286</LongitudeDegrees>
            </Position>
            <AltitudeMeters>224.60000610351562</AltitudeMeters>
            <DistanceMeters>3357.179931640625</DistanceMeters>
            <HeartRateBpm>
              <Value>131</Value>
            </HeartRateBpm>
            <Cadence>60</Cadence>
            <Extensions>
              <ns3:TPX>
                <ns3:Speed>4.8429999351501465</ns3:Speed>
                <ns3:Watts>311</ns3:Watts>
              </ns3:TPX>
            </Extensions>
          </Trackpoint>
          <Trackpoint>
            <Time>2025-07-25T12:06:52.000Z</Time>
            <Position>
              <LatitudeDegrees>43.10046007856727</LatitudeDegrees>
              <LongitudeDegrees>-2.5829030759632587</LongitudeDegrees>
            </Position>
            <AltitudeMeters>224.8000030517578</AltitudeMeters>
            <DistanceMeters>3362.0400390625</DistanceMeters>
            <HeartRateBpm>
              <Value>132</Value>
            </HeartRateBpm>
            <Cadence>60</Cadence>
            <Extensions>
              <ns3:TPX>
                <ns3:Speed>4.870999813079834</ns3:Speed>
                <ns3:Watts>306</ns3:Watts>
              </ns3:TPX>
            </Extensions>
          </Trackpoint>
          <Trackpoint>
            <Time>2025-07-25T12:06:53.000Z</Time>
            <Position>
              <LatitudeDegrees>43.100424287840724</LatitudeDegrees>
              <LongitudeDegrees>-2.582939201965928</LongitudeDegrees>
            </Position>
            <AltitudeMeters>225.0</AltitudeMeters>
            <DistanceMeters>3367.080078125</DistanceMeters>
            <HeartRateBpm>
              <Value>133</Value>
            </HeartRateBpm>
            <Cadence>61</Cadence>
            <Extensions>
              <ns3:TPX>
                <ns3:Speed>5.039000034332275</ns3:Speed>
                <ns3:Watts>172</ns3:Watts>
              </ns3:TPX>
            </Extensions>
          </Trackpoint>
          <Trackpoint>
            <Time>2025-07-25T12:06:54.000Z</Time>
            <Position>
              <LatitudeDegrees>43.100388664752245</LatitudeDegrees>
              <LongitudeDegrees>-2.5829744897782803</LongitudeDegrees>
            </Position>
            <AltitudeMeters>225.39999389648438</AltitudeMeters>
            <DistanceMeters>3372.1201171875</DistanceMeters>
            <HeartRateBpm>
              <Value>133</Value>
            </HeartRateBpm>
            <Cadence>45</Cadence>
            <Extensions>
              <ns3:TPX>
                <ns3:Speed>5.0289998054504395</ns3:Speed>
                <ns3:Watts>254</ns3:Watts>
              </ns3:TPX>
            </Extensions>
          </Trackpoint>
          <Trackpoint>
            <Time>2025-07-25T12:06:55.000Z</Time>
            <Position>
              <LatitudeDegrees>43.10035086236894</LatitudeDegrees>
              <LongitudeDegrees>-2.5830026529729366</LongitudeDegrees>
            </Position>
            <AltitudeMeters>225.60000610351562</AltitudeMeters>
            <DistanceMeters>3377.030029296875</DistanceMeters>
            <HeartRateBpm>
              <Value>133</Value>
            </HeartRateBpm>
            <Cadence>57</Cadence>
            <Extensions>
              <ns3:TPX>
                <ns3:Speed>4.916999816894531</ns3:Speed>
                <ns3:Watts>236</ns3:Watts>
              </ns3:TPX>
            </Extensions>
          </Trackpoint>
          <Trackpoint>
            <Time>2025-07-25T12:06:56.000Z</Time>
            <Position>
              <LatitudeDegrees>43.10030870139599</LatitudeDegrees>
              <LongitudeDegrees>-2.5830245297402143</LongitudeDegrees>
            </Position>
            <AltitudeMeters>225.8000030517578</AltitudeMeters>
            <DistanceMeters>3382.030029296875</DistanceMeters>
            <HeartRateBpm>
              <Value>134</Value>
            </HeartRateBpm>
            <Cadence>60</Cadence>
            <Extensions>
              <ns3:TPX>
                <ns3:Speed>5.000999927520752</ns3:Speed>
                <ns3:Watts>218</ns3:Watts>
              </ns3:TPX>
            </Extensions>
          </Trackpoint>
          <Trackpoint>
            <Time>2025-07-25T12:06:57.000Z</Time>
            <Position>
              <LatitudeDegrees>43.10026243329048</LatitudeDegrees>
              <LongitudeDegrees>-2.583039365708828</LongitudeDegrees>
            </Position>
            <AltitudeMeters>226.1999969482422</AltitudeMeters>
            <DistanceMeters>3387.18994140625</DistanceMeters>
            <HeartRateBpm>
              <Value>134</Value>
            </HeartRateBpm>
            <Cadence>62</Cadence>
            <Extensions>
              <ns3:TPX>
                <ns3:Speed>5.151000022888184</ns3:Speed>
                <ns3:Watts>218</ns3:Watts>
              </ns3:TPX>
            </Extensions>
          </Trackpoint>
          <Trackpoint>
            <Time>2025-07-25T12:06:58.000Z</Time>
            <Position>
              <LatitudeDegrees>43.10022513382137</LatitudeDegrees>
              <LongitudeDegrees>-2.5830480828881264</LongitudeDegrees>
            </Position>
            <AltitudeMeters>226.60000610351562</AltitudeMeters>
            <DistanceMeters>3392.56005859375</DistanceMeters>
            <HeartRateBpm>
              <Value>133</Value>
            </HeartRateBpm>
            <Cadence>64</Cadence>
            <Extensions>
              <ns3:TPX>
                <ns3:Speed>5.383999824523926</ns3:Speed>
                <ns3:Watts>209</ns3:Watts>
              </ns3:TPX>
            </Extensions>
          </Trackpoint>
          <Trackpoint>
            <Time>2025-07-25T12:06:59.000Z</Time>
            <Position>
              <LatitudeDegrees>43.1001768540591</LatitudeDegrees>
              <LongitudeDegrees>-2.5830547884106636</LongitudeDegrees>
            </Position>
            <AltitudeMeters>226.60000610351562</AltitudeMeters>
            <DistanceMeters>3398.02001953125</DistanceMeters>
            <HeartRateBpm>
              <Value>133</Value>
            </HeartRateBpm>
            <Cadence>67</Cadence>
            <Extensions>
              <ns3:TPX>
                <ns3:Speed>5.458000183105469</ns3:Speed>
                <ns3:Watts>204</ns3:Watts>
              </ns3:TPX>
            </Extensions>
          </Trackpoint>
          <Trackpoint>
            <Time>2025-07-25T12:07:00.000Z</Time>
            <Position>
              <LatitudeDegrees>43.100128658115864</LatitudeDegrees>
              <LongitudeDegrees>-2.583055291324854</LongitudeDegrees>
            </Position>
            <AltitudeMeters>226.8000030517578</AltitudeMeters>
            <DistanceMeters>3403.550048828125</DistanceMeters>
            <HeartRateBpm>
              <Value>133</Value>
            </HeartRateBpm>
            <Cadence>68</Cadence>
            <Extensions>
              <ns3:TPX>
                <ns3:Speed>5.52400016784668</ns3:Speed>
                <ns3:Watts>177</ns3:Watts>
              </ns3:TPX>
            </Extensions>
          </Trackpoint>
          <Trackpoint>
            <Time>2025-07-25T12:07:01.000Z</Time>
            <Position>
              <LatitudeDegrees>43.1000801268965</LatitudeDegrees>
              <LongitudeDegrees>-2.5830492563545704</LongitudeDegrees>
            </Position>
            <AltitudeMeters>226.8000030517578</AltitudeMeters>
            <DistanceMeters>3409.179931640625</DistanceMeters>
            <HeartRateBpm>
              <Value>133</Value>
            </HeartRateBpm>
            <Cadence>68</Cadence>
            <Extensions>
              <ns3:TPX>
                <ns3:Speed>5.636000156402588</ns3:Speed>
                <ns3:Watts>186</ns3:Watts>
              </ns3:TPX>
            </Extensions>
          </Trackpoint>
          <Trackpoint>
            <Time>2025-07-25T12:07:02.000Z</Time>
            <Position>
              <LatitudeDegrees>43.10003033839166</LatitudeDegrees>
              <LongitudeDegrees>-2.5830339174717665</LongitudeDegrees>
            </Position>
            <AltitudeMeters>227.0</AltitudeMeters>
            <DistanceMeters>3414.85009765625</DistanceMeters>
            <HeartRateBpm>
              <Value>133</Value>
            </HeartRateBpm>
            <Cadence>69</Cadence>
            <Extensions>
              <ns3:TPX>
                <ns3:Speed>5.664000034332275</ns3:Speed>
                <ns3:Watts>198</ns3:Watts>
              </ns3:TPX>
            </Extensions>
          </Trackpoint>
          <Trackpoint>
            <Time>2025-07-25T12:07:03.000Z</Time>
            <Position>
              <LatitudeDegrees>43.09997342526913</LatitudeDegrees>
              <LongitudeDegrees>-2.583003155887127</LongitudeDegrees>
            </Position>
            <AltitudeMeters>227.0</AltitudeMeters>
            <DistanceMeters>3420.6201171875</DistanceMeters>
            <HeartRateBpm>
              <Value>133</Value>
            </HeartRateBpm>
            <Cadence>70</Cadence>
            <Extensions>
              <ns3:TPX>
                <ns3:Speed>5.765999794006348</ns3:Speed>
                <ns3:Watts>164</ns3:Watts>
              </ns3:TPX>
            </Extensions>
          </Trackpoint>
          <Trackpoint>
            <Time>2025-07-25T12:07:04.000Z</Time>
            <Position>
              <LatitudeDegrees>43.09992958791554</LatitudeDegrees>
              <LongitudeDegrees>-2.5829650182276964</LongitudeDegrees>
            </Position>
            <AltitudeMeters>227.0</AltitudeMeters>
            <DistanceMeters>3426.5400390625</DistanceMeters>
            <HeartRateBpm>
              <Value>132</Value>
            </HeartRateBpm>
            <Cadence>73</Cadence>
            <Extensions>
              <ns3:TPX>
                <ns3:Speed>5.925000190734863</ns3:Speed>
                <ns3:Watts>182</ns3:Watts>
              </ns3:TPX>
            </Extensions>
          </Trackpoint>
          <Trackpoint>
            <Time>2025-07-25T12:07:05.000Z</Time>
            <Position>
              <LatitudeDegrees>43.09988751076162</LatitudeDegrees>
              <LongitudeDegrees>-2.5829187501221895</LongitudeDegrees>
            </Position>
            <AltitudeMeters>227.0</AltitudeMeters>
            <DistanceMeters>3432.550048828125</DistanceMeters>
            <HeartRateBpm>
              <Value>132</Value>
            </HeartRateBpm>
            <Cadence>76</Cadence>
            <Extensions>
              <ns3:TPX>
                <ns3:Speed>6.01800012588501</ns3:Speed>
                <ns3:Watts>171</ns3:Watts>
              </ns3:TPX>
            </Extensions>
          </Trackpoint>
          <Trackpoint>
            <Time>2025-07-25T12:07:06.000Z</Time>
            <Position>
              <LatitudeDegrees>43.09985498897731</LatitudeDegrees>
              <LongitudeDegrees>-2.582877427339554</LongitudeDegrees>
            </Position>
            <AltitudeMeters>227.0</AltitudeMeters>
            <DistanceMeters>3438.669921875</DistanceMeters>
            <HeartRateBpm>
              <Value>132</Value>
            </HeartRateBpm>
            <Cadence>78</Cadence>
            <Extensions>
              <ns3:TPX>
                <ns3:Speed>6.111999988555908</ns3:Speed>
                <ns3:Watts>249</ns3:Watts>
              </ns3:TPX>
            </Extensions>
          </Trackpoint>
          <Trackpoint>
            <Time>2025-07-25T12:07:07.000Z</Time>
            <Position>
              <LatitudeDegrees>43.09981827624142</LatitudeDegrees>
              <LongitudeDegrees>-2.582822274416685</LongitudeDegrees>
            </Position>
            <AltitudeMeters>227.0</AltitudeMeters>
            <DistanceMeters>3444.820068359375</DistanceMeters>
            <HeartRateBpm>
              <Value>132</Value>
            </HeartRateBpm>
            <Cadence>74</Cadence>
            <Extensions>
              <ns3:TPX>
                <ns3:Speed>6.14900016784668</ns3:Speed>
                <ns3:Watts>197</ns3:Watts>
              </ns3:TPX>
            </Extensions>
          </Trackpoint>
          <Trackpoint>
            <Time>2025-07-25T12:07:08.000Z</Time>
            <Position>
              <LatitudeDegrees>43.09978106059134</LatitudeDegrees>
              <LongitudeDegrees>-2.5827496871352196</LongitudeDegrees>
            </Position>
            <AltitudeMeters>227.0</AltitudeMeters>
            <DistanceMeters>3450.9599609375</DistanceMeters>
            <HeartRateBpm>
              <Value>131</Value>
            </HeartRateBpm>
            <Cadence>77</Cadence>
            <Extensions>
              <ns3:TPX>
                <ns3:Speed>6.139999866485596</ns3:Speed>
                <ns3:Watts>222</ns3:Watts>
              </ns3:TPX>
            </Extensions>
          </Trackpoint>
          <Trackpoint>
            <Time>2025-07-25T12:07:09.000Z</Time>
            <Position>
              <LatitudeDegrees>43.09975700452924</LatitudeDegrees>
              <LongitudeDegrees>-2.5826843082904816</LongitudeDegrees>
            </Position>
            <AltitudeMeters>227.0</AltitudeMeters>
            <DistanceMeters>3457.050048828125</DistanceMeters>
            <HeartRateBpm>
              <Value>131</Value>
            </HeartRateBpm>
            <Cadence>75</Cadence>
            <Extensions>
              <ns3:TPX>
                <ns3:Speed>6.0929999351501465</ns3:Speed>
                <ns3:Watts>219</ns3:Watts>
              </ns3:TPX>
            </Extensions>
          </Trackpoint>
          <Trackpoint>
            <Time>2025-07-25T12:07:10.000Z</Time>
            <Position>
              <LatitudeDegrees>43.099737307056785</LatitudeDegrees>
              <LongitudeDegrees>-2.5826156605035067</LongitudeDegrees>
            </Position>
            <AltitudeMeters>226.60000610351562</AltitudeMeters>
            <DistanceMeters>3463.06005859375</DistanceMeters>
            <HeartRateBpm>
              <Value>131</Value>
            </HeartRateBpm>
            <Cadence>75</Cadence>
            <Extensions>
              <ns3:TPX>
                <ns3:Speed>6.008999824523926</ns3:Speed>
                <ns3:Watts>211</ns3:Watts>
              </ns3:TPX>
            </Extensions>
          </Trackpoint>
          <Trackpoint>
            <Time>2025-07-25T12:07:11.000Z</Time>
            <Position>
              <LatitudeDegrees>43.099725572392344</LatitudeDegrees>
              <LongitudeDegrees>-2.582545420154929</LongitudeDegrees>
            </Position>
            <AltitudeMeters>226.60000610351562</AltitudeMeters>
            <DistanceMeters>3468.9599609375</DistanceMeters>
            <HeartRateBpm>
              <Value>131</Value>
            </HeartRateBpm>
            <Cadence>75</Cadence>
            <Extensions>
              <ns3:TPX>
                <ns3:Speed>5.906000137329102</ns3:Speed>
                <ns3:Watts>318</ns3:Watts>
              </ns3:TPX>
            </Extensions>
          </Trackpoint>
          <Trackpoint>
            <Time>2025-07-25T12:07:12.000Z</Time>
            <Position>
              <LatitudeDegrees>43.099725572392344</LatitudeDegrees>
              <LongitudeDegrees>-2.582545420154929</LongitudeDegrees>
            </Position>
            <AltitudeMeters>226.8000030517578</AltitudeMeters>
            <DistanceMeters>3474.77001953125</DistanceMeters>
            <HeartRateBpm>
              <Value>132</Value>
            </HeartRateBpm>
            <Cadence>79</Cadence>
            <Extensions>
              <ns3:TPX>
                <ns3:Speed>5.803999900817871</ns3:Speed>
                <ns3:Watts>240</ns3:Watts>
              </ns3:TPX>
            </Extensions>
          </Trackpoint>
          <Trackpoint>
            <Time>2025-07-25T12:07:13.000Z</Time>
            <Position>
              <LatitudeDegrees>43.099721129983664</LatitudeDegrees>
              <LongitudeDegrees>-2.582476856186986</LongitudeDegrees>
            </Position>
            <AltitudeMeters>226.60000610351562</AltitudeMeters>
            <DistanceMeters>3480.409912109375</DistanceMeters>
            <HeartRateBpm>
              <Value>131</Value>
            </HeartRateBpm>
            <Cadence>75</Cadence>
            <Extensions>
              <ns3:TPX>
                <ns3:Speed>5.644999980926514</ns3:Speed>
                <ns3:Watts>319</ns3:Watts>
              </ns3:TPX>
            </Extensions>
          </Trackpoint>
          <Trackpoint>
            <Time>2025-07-25T12:07:14.000Z</Time>
            <Position>
              <LatitudeDegrees>43.09972104616463</LatitudeDegrees>
              <LongitudeDegrees>-2.582382308319211</LongitudeDegrees>
            </Position>
            <AltitudeMeters>226.60000610351562</AltitudeMeters>
            <DistanceMeters>3485.949951171875</DistanceMeters>
            <HeartRateBpm>
              <Value>132</Value>
            </HeartRateBpm>
            <Cadence>74</Cadence>
            <Extensions>
              <ns3:TPX>
                <ns3:Speed>5.5329999923706055</ns3:Speed>
                <ns3:Watts>356</ns3:Watts>
              </ns3:TPX>
            </Extensions>
          </Trackpoint>
          <Trackpoint>
            <Time>2025-07-25T12:07:15.000Z</Time>
            <Position>
              <LatitudeDegrees>43.09973202645779</LatitudeDegrees>
              <LongitudeDegrees>-2.582303937524557</LongitudeDegrees>
            </Position>
            <AltitudeMeters>226.60000610351562</AltitudeMeters>
            <DistanceMeters>3491.449951171875</DistanceMeters>
            <HeartRateBpm>
              <Value>132</Value>
            </HeartRateBpm>
            <Cadence>73</Cadence>
            <Extensions>
              <ns3:TPX>
                <ns3:Speed>5.505000114440918</ns3:Speed>
                <ns3:Watts>395</ns3:Watts>
              </ns3:TPX>
            </Extensions>
          </Trackpoint>
          <Trackpoint>
            <Time>2025-07-25T12:07:16.000Z</Time>
            <Position>
              <LatitudeDegrees>43.099755411967635</LatitudeDegrees>
              <LongitudeDegrees>-2.5822171848267317</LongitudeDegrees>
            </Position>
            <AltitudeMeters>226.8000030517578</AltitudeMeters>
            <DistanceMeters>3496.909912109375</DistanceMeters>
            <HeartRateBpm>
              <Value>132</Value>
            </HeartRateBpm>
            <Cadence>73</Cadence>
            <Extensions>
              <ns3:TPX>
                <ns3:Speed>5.458000183105469</ns3:Speed>
                <ns3:Watts>346</ns3:Watts>
              </ns3:TPX>
            </Extensions>
          </Trackpoint>
          <Trackpoint>
            <Time>2025-07-25T12:07:17.000Z</Time>
            <Position>
              <LatitudeDegrees>43.099775444716215</LatitudeDegrees>
              <LongitudeDegrees>-2.5821591820567846</LongitudeDegrees>
            </Position>
            <AltitudeMeters>226.8000030517578</AltitudeMeters>
            <DistanceMeters>3502.25</DistanceMeters>
            <HeartRateBpm>
              <Value>132</Value>
            </HeartRateBpm>
            <Cadence>72</Cadence>
            <Extensions>
              <ns3:TPX>
                <ns3:Speed>5.336999893188477</ns3:Speed>
                <ns3:Watts>347</ns3:Watts>
              </ns3:TPX>
            </Extensions>
          </Trackpoint>
          <Trackpoint>
            <Time>2025-07-25T12:07:18.000Z</Time>
            <Position>
              <LatitudeDegrees>43.099794974550605</LatitudeDegrees>
              <LongitudeDegrees>-2.5821026042103767</LongitudeDegrees>
            </Position>
            <AltitudeMeters>226.8000030517578</AltitudeMeters>
            <DistanceMeters>3507.429931640625</DistanceMeters>
            <HeartRateBpm>
              <Value>132</Value>
            </HeartRateBpm>
            <Cadence>70</Cadence>
            <Extensions>
              <ns3:TPX>
                <ns3:Speed>5.188000202178955</ns3:Speed>
                <ns3:Watts>372</ns3:Watts>
              </ns3:TPX>
            </Extensions>
          </Trackpoint>
          <Trackpoint>
            <Time>2025-07-25T12:07:19.000Z</Time>
            <Position>
              <LatitudeDegrees>43.09981416910887</LatitudeDegrees>
              <LongitudeDegrees>-2.5820463616400957</LongitudeDegrees>
            </Position>
            <AltitudeMeters>227.1999969482422</AltitudeMeters>
            <DistanceMeters>3512.469970703125</DistanceMeters>
            <HeartRateBpm>
              <Value>133</Value>
            </HeartRateBpm>
            <Cadence>71</Cadence>
            <Extensions>
              <ns3:TPX>
                <ns3:Speed>5.0289998054504395</ns3:Speed>
                <ns3:Watts>252</ns3:Watts>
              </ns3:TPX>
            </Extensions>
          </Trackpoint>
          <Trackpoint>
            <Time>2025-07-25T12:07:20.000Z</Time>
            <Position>
              <LatitudeDegrees>43.0998298432678</LatitudeDegrees>
              <LongitudeDegrees>-2.582004116848111</LongitudeDegrees>
            </Position>
            <AltitudeMeters>227.60000610351562</AltitudeMeters>
            <DistanceMeters>3517.22998046875</DistanceMeters>
            <HeartRateBpm>
              <Value>133</Value>
            </HeartRateBpm>
            <Cadence>68</Cadence>
            <Extensions>
              <ns3:TPX>
                <ns3:Speed>4.758999824523926</ns3:Speed>
                <ns3:Watts>334</ns3:Watts>
              </ns3:TPX>
            </Extensions>
          </Trackpoint>
          <Trackpoint>
            <Time>2025-07-25T12:07:21.000Z</Time>
            <Position>
              <LatitudeDegrees>43.09984895400703</LatitudeDegrees>
              <LongitudeDegrees>-2.581945024430752</LongitudeDegrees>
            </Position>
            <AltitudeMeters>228.0</AltitudeMeters>
            <DistanceMeters>3521.550048828125</DistanceMeters>
            <HeartRateBpm>
              <Value>133</Value>
            </HeartRateBpm>
            <Cadence>64</Cadence>
            <Extensions>
              <ns3:TPX>
                <ns3:Speed>4.328999996185303</ns3:Speed>
                <ns3:Watts>341</ns3:Watts>
              </ns3:TPX>
            </Extensions>
          </Trackpoint>
          <Trackpoint>
            <Time>2025-07-25T12:07:22.000Z</Time>
            <Position>
              <LatitudeDegrees>43.09986311942339</LatitudeDegrees>
              <LongitudeDegrees>-2.581899594515562</LongitudeDegrees>
            </Position>
            <AltitudeMeters>228.39999389648438</AltitudeMeters>
            <DistanceMeters>3525.9599609375</DistanceMeters>
            <HeartRateBpm>
              <Value>133</Value>
            </HeartRateBpm>
            <Cadence>60</Cadence>
            <Extensions>
              <ns3:TPX>
                <ns3:Speed>4.413000106811523</ns3:Speed>
                <ns3:Watts>354</ns3:Watts>
              </ns3:TPX>
            </Extensions>
          </Trackpoint>
          <Trackpoint>
            <Time>2025-07-25T12:07:23.000Z</Time>
            <Position>
              <LatitudeDegrees>43.099876027554274</LatitudeDegrees>
              <LongitudeDegrees>-2.5818555895239115</LongitudeDegrees>
            </Position>
            <AltitudeMeters>229.1999969482422</AltitudeMeters>
            <DistanceMeters>3530.27001953125</DistanceMeters>
            <HeartRateBpm>
              <Value>134</Value>
            </HeartRateBpm>
            <Cadence>61</Cadence>
            <Extensions>
              <ns3:TPX>
                <ns3:Speed>4.301000118255615</ns3:Speed>
                <ns3:Watts>349</ns3:Watts>
              </ns3:TPX>
            </Extensions>
          </Trackpoint>
          <Trackpoint>
            <Time>2025-07-25T12:07:24.000Z</Time>
            <Position>
              <LatitudeDegrees>43.09989002533257</LatitudeDegrees>
              <LongitudeDegrees>-2.5818101596087217</LongitudeDegrees>
            </Position>
            <AltitudeMeters>229.1999969482422</AltitudeMeters>
            <DistanceMeters>3534.469970703125</DistanceMeters>
            <HeartRateBpm>
              <Value>134</Value>
            </HeartRateBpm>
            <Cadence>61</Cadence>
            <Extensions>
              <ns3:TPX>
                <ns3:Speed>4.198999881744385</ns3:Speed>
                <ns3:Watts>384</ns3:Watts>
              </ns3:TPX>
            </Extensions>
          </Trackpoint>
          <Trackpoint>
            <Time>2025-07-25T12:07:25.000Z</Time>
            <Position>
              <LatitudeDegrees>43.09989773668349</LatitudeDegrees>
              <LongitudeDegrees>-2.581775290891528</LongitudeDegrees>
            </Position>
            <AltitudeMeters>229.39999389648438</AltitudeMeters>
            <DistanceMeters>3538.550048828125</DistanceMeters>
            <HeartRateBpm>
              <Value>134</Value>
            </HeartRateBpm>
            <Cadence>59</Cadence>
            <Extensions>
              <ns3:TPX>
                <ns3:Speed>4.086999893188477</ns3:Speed>
                <ns3:Watts>370</ns3:Watts>
              </ns3:TPX>
            </Extensions>
          </Trackpoint>
          <Trackpoint>
            <Time>2025-07-25T12:07:26.000Z</Time>
            <Position>
              <LatitudeDegrees>43.09991005808115</LatitudeDegrees>
              <LongitudeDegrees>-2.581723490729928</LongitudeDegrees>
            </Position>
            <AltitudeMeters>229.8000030517578</AltitudeMeters>
            <DistanceMeters>3542.56005859375</DistanceMeters>
            <HeartRateBpm>
              <Value>135</Value>
            </HeartRateBpm>
            <Cadence>57</Cadence>
            <Extensions>
              <ns3:TPX>
                <ns3:Speed>4.002999782562256</ns3:Speed>
                <ns3:Watts>373</ns3:Watts>
              </ns3:TPX>
            </Extensions>
          </Trackpoint>
          <Trackpoint>
            <Time>2025-07-25T12:07:27.000Z</Time>
            <Position>
              <LatitudeDegrees>43.09992573224008</LatitudeDegrees>
              <LongitudeDegrees>-2.581679066643119</LongitudeDegrees>
            </Position>
            <AltitudeMeters>229.8000030517578</AltitudeMeters>
            <DistanceMeters>3546.5</DistanceMeters>
            <HeartRateBpm>
              <Value>136</Value>
            </HeartRateBpm>
            <Cadence>55</Cadence>
            <Extensions>
              <ns3:TPX>
                <ns3:Speed>3.947000026702881</ns3:Speed>
                <ns3:Watts>379</ns3:Watts>
              </ns3:TPX>
            </Extensions>
          </Trackpoint>
          <Trackpoint>
            <Time>2025-07-25T12:07:28.000Z</Time>
            <Position>
              <LatitudeDegrees>43.09994869865477</LatitudeDegrees>
              <LongitudeDegrees>-2.5816356483846903</LongitudeDegrees>
            </Position>
            <AltitudeMeters>230.39999389648438</AltitudeMeters>
            <DistanceMeters>3550.43994140625</DistanceMeters>
            <HeartRateBpm>
              <Value>136</Value>
            </HeartRateBpm>
            <Cadence>55</Cadence>
            <Extensions>
              <ns3:TPX>
                <ns3:Speed>3.937999963760376</ns3:Speed>
                <ns3:Watts>365</ns3:Watts>
              </ns3:TPX>
            </Extensions>
          </Trackpoint>
          <Trackpoint>
            <Time>2025-07-25T12:07:29.000Z</Time>
            <Position>
              <LatitudeDegrees>43.09997049160302</LatitudeDegrees>
              <LongitudeDegrees>-2.581596588715911</LongitudeDegrees>
            </Position>
            <AltitudeMeters>230.60000610351562</AltitudeMeters>
            <DistanceMeters>3554.3701171875</DistanceMeters>
            <HeartRateBpm>
              <Value>137</Value>
            </HeartRateBpm>
            <Cadence>55</Cadence>
            <Extensions>
              <ns3:TPX>
                <ns3:Speed>3.927999973297119</ns3:Speed>
                <ns3:Watts>361</ns3:Watts>
              </ns3:TPX>
            </Extensions>
          </Trackpoint>
          <Trackpoint>
            <Time>2025-07-25T12:07:30.000Z</Time>
            <Position>
              <LatitudeDegrees>43.09999102726579</LatitudeDegrees>
              <LongitudeDegrees>-2.5815583672374487</LongitudeDegrees>
            </Position>
            <AltitudeMeters>231.0</AltitudeMeters>
            <DistanceMeters>3558.300048828125</DistanceMeters>
            <HeartRateBpm>
              <Value>137</Value>
            </HeartRateBpm>
            <Cadence>55</Cadence>
            <Extensions>
              <ns3:TPX>
                <ns3:Speed>3.927999973297119</ns3:Speed>
                <ns3:Watts>335</ns3:Watts>
              </ns3:TPX>
            </Extensions>
          </Trackpoint>
          <Trackpoint>
            <Time>2025-07-25T12:07:31.000Z</Time>
            <Position>
              <LatitudeDegrees>43.10000628232956</LatitudeDegrees>
              <LongitudeDegrees>-2.58151737973094</LongitudeDegrees>
            </Position>
            <AltitudeMeters>231.39999389648438</AltitudeMeters>
            <DistanceMeters>3562.27001953125</DistanceMeters>
            <HeartRateBpm>
              <Value>138</Value>
            </HeartRateBpm>
            <Cadence>55</Cadence>
            <Extensions>
              <ns3:TPX>
                <ns3:Speed>3.9660000801086426</ns3:Speed>
                <ns3:Watts>317</ns3:Watts>
              </ns3:TPX>
            </Extensions>
          </Trackpoint>
          <Trackpoint>
            <Time>2025-07-25T12:07:32.000Z</Time>
            <Position>
              <LatitudeDegrees>43.1000248901546</LatitudeDegrees>
              <LongitudeDegrees>-2.5814753863960505</LongitudeDegrees>
            </Position>
            <AltitudeMeters>231.60000610351562</AltitudeMeters>
            <DistanceMeters>3566.280029296875</DistanceMeters>
            <HeartRateBpm>
              <Value>139</Value>
            </HeartRateBpm>
            <Cadence>56</Cadence>
            <Extensions>
              <ns3:TPX>
                <ns3:Speed>4.021999835968018</ns3:Speed>
                <ns3:Watts>311</ns3:Watts>
              </ns3:TPX>
            </Extensions>
          </Trackpoint>
          <Trackpoint>
            <Time>2025-07-25T12:07:33.000Z</Time>
            <Position>
              <LatitudeDegrees>43.100047186017036</LatitudeDegrees>
              <LongitudeDegrees>-2.5814389251172543</LongitudeDegrees>
            </Position>
            <AltitudeMeters>231.8000030517578</AltitudeMeters>
            <DistanceMeters>3570.35009765625</DistanceMeters>
            <HeartRateBpm>
              <Value>139</Value>
            </HeartRateBpm>
            <Cadence>56</Cadence>
            <Extensions>
              <ns3:TPX>
                <ns3:Speed>4.067999839782715</ns3:Speed>
                <ns3:Watts>312</ns3:Watts>
              </ns3:TPX>
            </Extensions>
          </Trackpoint>
          <Trackpoint>
            <Time>2025-07-25T12:07:34.000Z</Time>
            <Position>
              <LatitudeDegrees>43.100073505192995</LatitudeDegrees>
              <LongitudeDegrees>-2.581411264836788</LongitudeDegrees>
            </Position>
            <AltitudeMeters>232.0</AltitudeMeters>
            <DistanceMeters>3574.429931640625</DistanceMeters>
            <HeartRateBpm>
              <Value>140</Value>
            </HeartRateBpm>
            <Cadence>56</Cadence>
            <Extensions>
              <ns3:TPX>
                <ns3:Speed>4.078000068664551</ns3:Speed>
                <ns3:Watts>301</ns3:Watts>
              </ns3:TPX>
            </Extensions>
          </Trackpoint>
          <Trackpoint>
            <Time>2025-07-25T12:07:35.000Z</Time>
            <Position>
              <LatitudeDegrees>43.100109715014696</LatitudeDegrees>
              <LongitudeDegrees>-2.5813925731927156</LongitudeDegrees>
            </Position>
            <AltitudeMeters>232.39999389648438</AltitudeMeters>
            <DistanceMeters>3578.5</DistanceMeters>
            <HeartRateBpm>
              <Value>140</Value>
            </HeartRateBpm>
            <Cadence>57</Cadence>
            <Extensions>
              <ns3:TPX>
                <ns3:Speed>4.067999839782715</ns3:Speed>
                <ns3:Watts>300</ns3:Watts>
              </ns3:TPX>
            </Extensions>
          </Trackpoint>
          <Trackpoint>
            <Time>2025-07-25T12:07:36.000Z</Time>
            <Position>
              <LatitudeDegrees>43.10014265589416</LatitudeDegrees>
              <LongitudeDegrees>-2.5813840236514807</LongitudeDegrees>
            </Position>
            <AltitudeMeters>232.60000610351562</AltitudeMeters>
            <DistanceMeters>3582.610107421875</DistanceMeters>
            <HeartRateBpm>
              <Value>141</Value>
            </HeartRateBpm>
            <Cadence>57</Cadence>
            <Extensions>
              <ns3:TPX>
                <ns3:Speed>4.105999946594238</ns3:Speed>
                <ns3:Watts>296</ns3:Watts>
              </ns3:TPX>
            </Extensions>
          </Trackpoint>
          <Trackpoint>
            <Time>2025-07-25T12:07:37.000Z</Time>
            <Position>
              <LatitudeDegrees>43.100185906514525</LatitudeDegrees>
              <LongitudeDegrees>-2.5813752226531506</LongitudeDegrees>
            </Position>
            <AltitudeMeters>232.8000030517578</AltitudeMeters>
            <DistanceMeters>3586.75</DistanceMeters>
            <HeartRateBpm>
              <Value>141</Value>
            </HeartRateBpm>
            <Cadence>57</Cadence>
            <Extensions>
              <ns3:TPX>
                <ns3:Speed>4.14300012588501</ns3:Speed>
                <ns3:Watts>287</ns3:Watts>
              </ns3:TPX>
            </Extensions>
          </Trackpoint>
          <Trackpoint>
            <Time>2025-07-25T12:07:38.000Z</Time>
            <Position>
              <LatitudeDegrees>43.10022530145943</LatitudeDegrees>
              <LongitudeDegrees>-2.5813699420541525</LongitudeDegrees>
            </Position>
            <AltitudeMeters>233.0</AltitudeMeters>
            <DistanceMeters>3590.8798828125</DistanceMeters>
            <HeartRateBpm>
              <Value>142</Value>
            </HeartRateBpm>
            <Cadence>58</Cadence>
            <Extensions>
              <ns3:TPX>
                <ns3:Speed>4.124000072479248</ns3:Speed>
                <ns3:Watts>298</ns3:Watts>
              </ns3:TPX>
            </Extensions>
          </Trackpoint>
          <Trackpoint>
            <Time>2025-07-25T12:07:39.000Z</Time>
            <Position>
              <LatitudeDegrees>43.10026000253856</LatitudeDegrees>
              <LongitudeDegrees>-2.5813649967312813</LongitudeDegrees>
            </Position>
            <AltitudeMeters>233.1999969482422</AltitudeMeters>
            <DistanceMeters>3594.89990234375</DistanceMeters>
            <HeartRateBpm>
              <Value>142</Value>
            </HeartRateBpm>
            <Cadence>57</Cadence>
            <Extensions>
              <ns3:TPX>
                <ns3:Speed>4.031000137329102</ns3:Speed>
                <ns3:Watts>318</ns3:Watts>
              </ns3:TPX>
            </Extensions>
          </Trackpoint>
          <Trackpoint>
            <Time>2025-07-25T12:07:40.000Z</Time>
            <Position>
              <LatitudeDegrees>43.100297721102834</LatitudeDegrees>
              <LongitudeDegrees>-2.581356782466173</LongitudeDegrees>
            </Position>
            <AltitudeMeters>233.39999389648438</AltitudeMeters>
            <DistanceMeters>3598.8701171875</DistanceMeters>
            <HeartRateBpm>
              <Value>142</Value>
            </HeartRateBpm>
            <Cadence>56</Cadence>
            <Extensions>
              <ns3:TPX>
                <ns3:Speed>3.9560000896453857</ns3:Speed>
                <ns3:Watts>329</ns3:Watts>
              </ns3:TPX>
            </Extensions>
          </Trackpoint>
          <Trackpoint>
            <Time>2025-07-25T12:07:41.000Z</Time>
            <Position>
              <LatitudeDegrees>43.10032496228814</LatitudeDegrees>
              <LongitudeDegrees>-2.581347981467843</LongitudeDegrees>
            </Position>
            <AltitudeMeters>233.60000610351562</AltitudeMeters>
            <DistanceMeters>3602.75</DistanceMeters>
            <HeartRateBpm>
              <Value>143</Value>
            </HeartRateBpm>
            <Cadence>55</Cadence>
            <Extensions>
              <ns3:TPX>
                <ns3:Speed>3.8910000324249268</ns3:Speed>
                <ns3:Watts>343</ns3:Watts>
              </ns3:TPX>
            </Extensions>
          </Trackpoint>
          <Trackpoint>
            <Time>2025-07-25T12:07:42.000Z</Time>
            <Position>
              <LatitudeDegrees>43.10036016628146</LatitudeDegrees>
              <LongitudeDegrees>-2.5813358277082443</LongitudeDegrees>
            </Position>
            <AltitudeMeters>233.8000030517578</AltitudeMeters>
            <DistanceMeters>3606.590087890625</DistanceMeters>
            <HeartRateBpm>
              <Value>143</Value>
            </HeartRateBpm>
            <Cadence>55</Cadence>
            <Extensions>
              <ns3:TPX>
                <ns3:Speed>3.8440001010894775</ns3:Speed>
                <ns3:Watts>324</ns3:Watts>
              </ns3:TPX>
            </Extensions>
          </Trackpoint>
          <Trackpoint>
            <Time>2025-07-25T12:07:43.000Z</Time>
            <Position>
              <LatitudeDegrees>43.10040056705475</LatitudeDegrees>
              <LongitudeDegrees>-2.581316716969013</LongitudeDegrees>
            </Position>
            <AltitudeMeters>234.0</AltitudeMeters>
            <DistanceMeters>3610.449951171875</DistanceMeters>
            <HeartRateBpm>
              <Value>144</Value>
            </HeartRateBpm>
            <Cadence>54</Cadence>
            <Extensions>
              <ns3:TPX>
                <ns3:Speed>3.8540000915527344</ns3:Speed>
                <ns3:Watts>294</ns3:Watts>
              </ns3:TPX>
            </Extensions>
          </Trackpoint>
          <Trackpoint>
            <Time>2025-07-25T12:07:44.000Z</Time>
            <Position>
              <LatitudeDegrees>43.10042764060199</LatitudeDegrees>
              <LongitudeDegrees>-2.5813003722578287</LongitudeDegrees>
            </Position>
            <AltitudeMeters>234.1999969482422</AltitudeMeters>
            <DistanceMeters>3614.31005859375</DistanceMeters>
            <HeartRateBpm>
              <Value>144</Value>
            </HeartRateBpm>
            <Cadence>54</Cadence>
            <Extensions>
              <ns3:TPX>
                <ns3:Speed>3.86299991607666</ns3:Speed>
                <ns3:Watts>294</ns3:Watts>
              </ns3:TPX>
            </Extensions>
          </Trackpoint>
          <Trackpoint>
            <Time>2025-07-25T12:07:45.000Z</Time>
            <Position>
              <LatitudeDegrees>43.100454127416015</LatitudeDegrees>
              <LongitudeDegrees>-2.5812738854438066</LongitudeDegrees>
            </Position>
            <AltitudeMeters>234.39999389648438</AltitudeMeters>
            <DistanceMeters>3618.169921875</DistanceMeters>
            <HeartRateBpm>
              <Value>144</Value>
            </HeartRateBpm>
            <Cadence>54</Cadence>
            <Extensions>
              <ns3:TPX>
                <ns3:Speed>3.86299991607666</ns3:Speed>
                <ns3:Watts>317</ns3:Watts>
              </ns3:TPX>
            </Extensions>
          </Trackpoint>
          <Trackpoint>
            <Time>2025-07-25T12:07:46.000Z</Time>
            <Position>
              <LatitudeDegrees>43.10048187151551</LatitudeDegrees>
              <LongitudeDegrees>-2.581243794411421</LongitudeDegrees>
            </Position>
            <AltitudeMeters>234.60000610351562</AltitudeMeters>
            <DistanceMeters>3622.10009765625</DistanceMeters>
            <HeartRateBpm>
              <Value>144</Value>
            </HeartRateBpm>
            <Cadence>54</Cadence>
            <Extensions>
              <ns3:TPX>
                <ns3:Speed>3.927999973297119</ns3:Speed>
                <ns3:Watts>318</ns3:Watts>
              </ns3:TPX>
            </Extensions>
          </Trackpoint>
          <Trackpoint>
            <Time>2025-07-25T12:07:47.000Z</Time>
            <Position>
              <LatitudeDegrees>43.10050584375858</LatitudeDegrees>
              <LongitudeDegrees>-2.581210769712925</LongitudeDegrees>
            </Position>
            <AltitudeMeters>234.8000030517578</AltitudeMeters>
            <DistanceMeters>3626.18994140625</DistanceMeters>
            <HeartRateBpm>
              <Value>144</Value>
            </HeartRateBpm>
            <Cadence>55</Cadence>
            <Extensions>
              <ns3:TPX>
                <ns3:Speed>4.086999893188477</ns3:Speed>
                <ns3:Watts>315</ns3:Watts>
              </ns3:TPX>
            </Extensions>
          </Trackpoint>
          <Trackpoint>
            <Time>2025-07-25T12:07:48.000Z</Time>
            <Position>
              <LatitudeDegrees>43.10053316876292</LatitudeDegrees>
              <LongitudeDegrees>-2.5811713747680187</LongitudeDegrees>
            </Position>
            <AltitudeMeters>235.0</AltitudeMeters>
            <DistanceMeters>3630.389892578125</DistanceMeters>
            <HeartRateBpm>
              <Value>144</Value>
            </HeartRateBpm>
            <Cadence>58</Cadence>
            <Extensions>
              <ns3:TPX>
                <ns3:Speed>4.208000183105469</ns3:Speed>
                <ns3:Watts>303</ns3:Watts>
              </ns3:TPX>
            </Extensions>
          </Trackpoint>
          <Trackpoint>
            <Time>2025-07-25T12:07:49.000Z</Time>
            <Position>
              <LatitudeDegrees>43.10056074522436</LatitudeDegrees>
              <LongitudeDegrees>-2.5811240170150995</LongitudeDegrees>
            </Position>
            <AltitudeMeters>235.1999969482422</AltitudeMeters>
            <DistanceMeters>3634.72998046875</DistanceMeters>
            <HeartRateBpm>
              <Value>144</Value>
            </HeartRateBpm>
            <Cadence>60</Cadence>
            <Extensions>
              <ns3:TPX>
                <ns3:Speed>4.328999996185303</ns3:Speed>
                <ns3:Watts>304</ns3:Watts>
              </ns3:TPX>
            </Extensions>
          </Trackpoint>
          <Trackpoint>
            <Time>2025-07-25T12:07:50.000Z</Time>
            <Position>
              <LatitudeDegrees>43.100575665012</LatitudeDegrees>
              <LongitudeDegrees>-2.581087052822113</LongitudeDegrees>
            </Position>
            <AltitudeMeters>235.39999389648438</AltitudeMeters>
            <DistanceMeters>3639.1298828125</DistanceMeters>
            <HeartRateBpm>
              <Value>144</Value>
            </HeartRateBpm>
            <Cadence>62</Cadence>
            <Extensions>
              <ns3:TPX>
                <ns3:Speed>4.4039998054504395</ns3:Speed>
                <ns3:Watts>293</ns3:Watts>
              </ns3:TPX>
            </Extensions>
          </Trackpoint>
          <Trackpoint>
            <Time>2025-07-25T12:07:51.000Z</Time>
            <Position>
              <LatitudeDegrees>43.100588070228696</LatitudeDegrees>
              <LongitudeDegrees>-2.581039946526289</LongitudeDegrees>
            </Position>
            <AltitudeMeters>235.8000030517578</AltitudeMeters>
            <DistanceMeters>3643.6298828125</DistanceMeters>
            <HeartRateBpm>
              <Value>144</Value>
            </HeartRateBpm>
            <Cadence>49</Cadence>
            <Extensions>
              <ns3:TPX>
                <ns3:Speed>4.506999969482422</ns3:Speed>
                <ns3:Watts>197</ns3:Watts>
              </ns3:TPX>
            </Extensions>
          </Trackpoint>
          <Trackpoint>
            <Time>2025-07-25T12:07:52.000Z</Time>
            <Position>
              <LatitudeDegrees>43.100593853741884</LatitudeDegrees>
              <LongitudeDegrees>-2.580977501347661</LongitudeDegrees>
            </Position>
            <AltitudeMeters>236.0</AltitudeMeters>
            <DistanceMeters>3647.93994140625</DistanceMeters>
            <HeartRateBpm>
              <Value>144</Value>
            </HeartRateBpm>
            <Cadence>54</Cadence>
            <Extensions>
              <ns3:TPX>
                <ns3:Speed>4.310999870300293</ns3:Speed>
                <ns3:Watts>267</ns3:Watts>
              </ns3:TPX>
            </Extensions>
          </Trackpoint>
          <Trackpoint>
            <Time>2025-07-25T12:07:53.000Z</Time>
            <Position>
              <LatitudeDegrees>43.10060039162636</LatitudeDegrees>
              <LongitudeDegrees>-2.58090709336102</LongitudeDegrees>
            </Position>
            <AltitudeMeters>236.39999389648438</AltitudeMeters>
            <DistanceMeters>3652.3798828125</DistanceMeters>
            <HeartRateBpm>
              <Value>144</Value>
            </HeartRateBpm>
            <Cadence>61</Cadence>
            <Extensions>
              <ns3:TPX>
                <ns3:Speed>4.432000160217285</ns3:Speed>
                <ns3:Watts>260</ns3:Watts>
              </ns3:TPX>
            </Extensions>
          </Trackpoint>
          <Trackpoint>
            <Time>2025-07-25T12:07:54.000Z</Time>
            <Position>
              <LatitudeDegrees>43.1005946919322</LatitudeDegrees>
              <LongitudeDegrees>-2.5808483362197876</LongitudeDegrees>
            </Position>
            <AltitudeMeters>236.60000610351562</AltitudeMeters>
            <DistanceMeters>3656.93994140625</DistanceMeters>
            <HeartRateBpm>
              <Value>144</Value>
            </HeartRateBpm>
            <Cadence>62</Cadence>
            <Extensions>
              <ns3:TPX>
                <ns3:Speed>4.563000202178955</ns3:Speed>
                <ns3:Watts>240</ns3:Watts>
              </ns3:TPX>
            </Extensions>
          </Trackpoint>
          <Trackpoint>
            <Time>2025-07-25T12:07:55.000Z</Time>
            <Position>
              <LatitudeDegrees>43.10058589093387</LatitudeDegrees>
              <LongitudeDegrees>-2.5807899981737137</LongitudeDegrees>
            </Position>
            <AltitudeMeters>236.8000030517578</AltitudeMeters>
            <DistanceMeters>3661.669921875</DistanceMeters>
            <HeartRateBpm>
              <Value>144</Value>
            </HeartRateBpm>
            <Cadence>63</Cadence>
            <Extensions>
              <ns3:TPX>
                <ns3:Speed>4.730999946594238</ns3:Speed>
                <ns3:Watts>223</ns3:Watts>
              </ns3:TPX>
            </Extensions>
          </Trackpoint>
          <Trackpoint>
            <Time>2025-07-25T12:07:56.000Z</Time>
            <Position>
              <LatitudeDegrees>43.10057465918362</LatitudeDegrees>
              <LongitudeDegrees>-2.5807296484708786</LongitudeDegrees>
            </Position>
            <AltitudeMeters>237.0</AltitudeMeters>
            <DistanceMeters>3666.610107421875</DistanceMeters>
            <HeartRateBpm>
              <Value>144</Value>
            </HeartRateBpm>
            <Cadence>67</Cadence>
            <Extensions>
              <ns3:TPX>
                <ns3:Speed>4.945000171661377</ns3:Speed>
                <ns3:Watts>188</ns3:Watts>
              </ns3:TPX>
            </Extensions>
          </Trackpoint>
          <Trackpoint>
            <Time>2025-07-25T12:07:57.000Z</Time>
            <Position>
              <LatitudeDegrees>43.10055412352085</LatitudeDegrees>
              <LongitudeDegrees>-2.5806719809770584</LongitudeDegrees>
            </Position>
            <AltitudeMeters>237.0</AltitudeMeters>
            <DistanceMeters>3671.68994140625</DistanceMeters>
            <HeartRateBpm>
              <Value>143</Value>
            </HeartRateBpm>
            <Cadence>71</Cadence>
            <Extensions>
              <ns3:TPX>
                <ns3:Speed>5.076000213623047</ns3:Speed>
                <ns3:Watts>205</ns3:Watts>
              </ns3:TPX>
            </Extensions>
          </Trackpoint>
          <Trackpoint>
            <Time>2025-07-25T12:07:58.000Z</Time>
            <Position>
              <LatitudeDegrees>43.100532330572605</LatitudeDegrees>
              <LongitudeDegrees>-2.580612050369382</LongitudeDegrees>
            </Position>
            <AltitudeMeters>237.1999969482422</AltitudeMeters>
            <DistanceMeters>3676.8798828125</DistanceMeters>
            <HeartRateBpm>
              <Value>143</Value>
            </HeartRateBpm>
            <Cadence>73</Cadence>
            <Extensions>
              <ns3:TPX>
                <ns3:Speed>5.188000202178955</ns3:Speed>
                <ns3:Watts>184</ns3:Watts>
              </ns3:TPX>
            </Extensions>
          </Trackpoint>
          <Trackpoint>
            <Time>2025-07-25T12:07:59.000Z</Time>
            <Position>
              <LatitudeDegrees>43.10050559230149</LatitudeDegrees>
              <LongitudeDegrees>-2.5805599987506866</LongitudeDegrees>
            </Position>
            <AltitudeMeters>237.1999969482422</AltitudeMeters>
            <DistanceMeters>3682.1201171875</DistanceMeters>
            <HeartRateBpm>
              <Value>143</Value>
            </HeartRateBpm>
            <Cadence>74</Cadence>
            <Extensions>
              <ns3:TPX>
                <ns3:Speed>5.24399995803833</ns3:Speed>
                <ns3:Watts>213</ns3:Watts>
              </ns3:TPX>
            </Extensions>
          </Trackpoint>
          <Trackpoint>
            <Time>2025-07-25T12:08:00.000Z</Time>
            <Position>
              <LatitudeDegrees>43.10047592036426</LatitudeDegrees>
              <LongitudeDegrees>-2.580512724816799</LongitudeDegrees>
            </Position>
            <AltitudeMeters>237.1999969482422</AltitudeMeters>
            <DistanceMeters>3687.31005859375</DistanceMeters>
            <HeartRateBpm>
              <Value>143</Value>
            </HeartRateBpm>
            <Cadence>74</Cadence>
            <Extensions>
              <ns3:TPX>
                <ns3:Speed>5.178999900817871</ns3:Speed>
                <ns3:Watts>215</ns3:Watts>
              </ns3:TPX>
            </Extensions>
          </Trackpoint>
          <Trackpoint>
            <Time>2025-07-25T12:08:01.000Z</Time>
            <Position>
              <LatitudeDegrees>43.100444823503494</LatitudeDegrees>
              <LongitudeDegrees>-2.5804695580154657</LongitudeDegrees>
            </Position>
            <AltitudeMeters>237.60000610351562</AltitudeMeters>
            <DistanceMeters>3692.3701171875</DistanceMeters>
            <HeartRateBpm>
              <Value>142</Value>
            </HeartRateBpm>
            <Cadence>72</Cadence>
            <Extensions>
              <ns3:TPX>
                <ns3:Speed>5.066999912261963</ns3:Speed>
                <ns3:Watts>240</ns3:Watts>
              </ns3:TPX>
            </Extensions>
          </Trackpoint>
          <Trackpoint>
            <Time>2025-07-25T12:08:02.000Z</Time>
            <Position>
              <LatitudeDegrees>43.1004099547863</LatitudeDegrees>
              <LongitudeDegrees>-2.5804322585463524</LongitudeDegrees>
            </Position>
            <AltitudeMeters>237.60000610351562</AltitudeMeters>
            <DistanceMeters>3697.389892578125</DistanceMeters>
            <HeartRateBpm>
              <Value>142</Value>
            </HeartRateBpm>
            <Cadence>71</Cadence>
            <Extensions>
              <ns3:TPX>
                <ns3:Speed>5.019999980926514</ns3:Speed>
                <ns3:Watts>255</ns3:Watts>
              </ns3:TPX>
            </Extensions>
          </Trackpoint>
          <Trackpoint>
            <Time>2025-07-25T12:08:03.000Z</Time>
            <Position>
              <LatitudeDegrees>43.10037164948881</LatitudeDegrees>
              <LongitudeDegrees>-2.58039940148592</LongitudeDegrees>
            </Position>
            <AltitudeMeters>237.8000030517578</AltitudeMeters>
            <DistanceMeters>3702.409912109375</DistanceMeters>
            <HeartRateBpm>
              <Value>142</Value>
            </HeartRateBpm>
            <Cadence>71</Cadence>
            <Extensions>
              <ns3:TPX>
                <ns3:Speed>5.019999980926514</ns3:Speed>
                <ns3:Watts>228</ns3:Watts>
              </ns3:TPX>
            </Extensions>
          </Trackpoint>
          <Trackpoint>
            <Time>2025-07-25T12:08:04.000Z</Time>
            <Position>
              <LatitudeDegrees>43.100331919267774</LatitudeDegrees>
              <LongitudeDegrees>-2.580369394272566</LongitudeDegrees>
            </Position>
            <AltitudeMeters>237.8000030517578</AltitudeMeters>
            <DistanceMeters>3707.4599609375</DistanceMeters>
            <HeartRateBpm>
              <Value>141</Value>
            </HeartRateBpm>
            <Cadence>71</Cadence>
            <Extensions>
              <ns3:TPX>
                <ns3:Speed>5.057000160217285</ns3:Speed>
                <ns3:Watts>241</ns3:Watts>
              </ns3:TPX>
            </Extensions>
          </Trackpoint>
          <Trackpoint>
            <Time>2025-07-25T12:08:05.000Z</Time>
            <Position>
              <LatitudeDegrees>43.10029269196093</LatitudeDegrees>
              <LongitudeDegrees>-2.5803405605256557</LongitudeDegrees>
            </Position>
            <AltitudeMeters>238.0</AltitudeMeters>
            <DistanceMeters>3712.5</DistanceMeters>
            <HeartRateBpm>
              <Value>141</Value>
            </HeartRateBpm>
            <Cadence>73</Cadence>
            <Extensions>
              <ns3:TPX>
                <ns3:Speed>5.0289998054504395</ns3:Speed>
                <ns3:Watts>204</ns3:Watts>
              </ns3:TPX>
            </Extensions>
          </Trackpoint>
          <Trackpoint>
            <Time>2025-07-25T12:08:06.000Z</Time>
            <Position>
              <LatitudeDegrees>43.10025463812053</LatitudeDegrees>
              <LongitudeDegrees>-2.5803102180361748</LongitudeDegrees>
            </Position>
            <AltitudeMeters>238.1999969482422</AltitudeMeters>
            <DistanceMeters>3717.469970703125</DistanceMeters>
            <HeartRateBpm>
              <Value>141</Value>
            </HeartRateBpm>
            <Cadence>70</Cadence>
            <Extensions>
              <ns3:TPX>
                <ns3:Speed>4.9730000495910645</ns3:Speed>
                <ns3:Watts>212</ns3:Watts>
              </ns3:TPX>
            </Extensions>
          </Trackpoint>
          <Trackpoint>
            <Time>2025-07-25T12:08:07.000Z</Time>
            <Position>
              <LatitudeDegrees>43.10021658428013</LatitudeDegrees>
              <LongitudeDegrees>-2.5802800431847572</LongitudeDegrees>
            </Position>
            <AltitudeMeters>238.39999389648438</AltitudeMeters>
            <DistanceMeters>3722.39990234375</DistanceMeters>
            <HeartRateBpm>
              <Value>141</Value>
            </HeartRateBpm>
            <Cadence>69</Cadence>
            <Extensions>
              <ns3:TPX>
                <ns3:Speed>4.935999870300293</ns3:Speed>
                <ns3:Watts>220</ns3:Watts>
              </ns3:TPX>
            </Extensions>
          </Trackpoint>
          <Trackpoint>
            <Time>2025-07-25T12:08:08.000Z</Time>
            <Position>
              <LatitudeDegrees>43.1001871638</LatitudeDegrees>
              <LongitudeDegrees>-2.5802554842084646</LongitudeDegrees>
            </Position>
            <AltitudeMeters>238.60000610351562</AltitudeMeters>
            <DistanceMeters>3727.31005859375</DistanceMeters>
            <HeartRateBpm>
              <Value>141</Value>
            </HeartRateBpm>
            <Cadence>69</Cadence>
            <Extensions>
              <ns3:TPX>
                <ns3:Speed>4.89900016784668</ns3:Speed>
                <ns3:Watts>220</ns3:Watts>
              </ns3:TPX>
            </Extensions>
          </Trackpoint>
          <Trackpoint>
            <Time>2025-07-25T12:08:09.000Z</Time>
            <Position>
              <LatitudeDegrees>43.100149780511856</LatitudeDegrees>
              <LongitudeDegrees>-2.580224722623825</LongitudeDegrees>
            </Position>
            <AltitudeMeters>238.60000610351562</AltitudeMeters>
            <DistanceMeters>3732.2099609375</DistanceMeters>
            <HeartRateBpm>
              <Value>141</Value>
            </HeartRateBpm>
            <Cadence>68</Cadence>
            <Extensions>
              <ns3:TPX>
                <ns3:Speed>4.9079999923706055</ns3:Speed>
                <ns3:Watts>233</ns3:Watts>
              </ns3:TPX>
            </Extensions>
          </Trackpoint>
          <Trackpoint>
            <Time>2025-07-25T12:08:10.000Z</Time>
            <Position>
              <LatitudeDegrees>43.10010368004441</LatitudeDegrees>
              <LongitudeDegrees>-2.5801886804401875</LongitudeDegrees>
            </Position>
            <AltitudeMeters>238.8000030517578</AltitudeMeters>
            <DistanceMeters>3737.139892578125</DistanceMeters>
            <HeartRateBpm>
              <Value>141</Value>
            </HeartRateBpm>
            <Cadence>68</Cadence>
            <Extensions>
              <ns3:TPX>
                <ns3:Speed>4.927000045776367</ns3:Speed>
                <ns3:Watts>221</ns3:Watts>
              </ns3:TPX>
            </Extensions>
          </Trackpoint>
          <Trackpoint>
            <Time>2025-07-25T12:08:11.000Z</Time>
            <Position>
              <LatitudeDegrees>43.100064704194665</LatitudeDegrees>
              <LongitudeDegrees>-2.5801621098071337</LongitudeDegrees>
            </Position>
            <AltitudeMeters>239.0</AltitudeMeters>
            <DistanceMeters>3742.030029296875</DistanceMeters>
            <HeartRateBpm>
              <Value>141</Value>
            </HeartRateBpm>
            <Cadence>68</Cadence>
            <Extensions>
              <ns3:TPX>
                <ns3:Speed>4.89900016784668</ns3:Speed>
                <ns3:Watts>204</ns3:Watts>
              </ns3:TPX>
            </Extensions>
          </Trackpoint>
          <Trackpoint>
            <Time>2025-07-25T12:08:12.000Z</Time>
            <Position>
              <LatitudeDegrees>43.100024219602346</LatitudeDegrees>
              <LongitudeDegrees>-2.580138137564063</LongitudeDegrees>
            </Position>
            <AltitudeMeters>239.0</AltitudeMeters>
            <DistanceMeters>3746.93994140625</DistanceMeters>
            <HeartRateBpm>
              <Value>140</Value>
            </HeartRateBpm>
            <Cadence>69</Cadence>
            <Extensions>
              <ns3:TPX>
                <ns3:Speed>4.89900016784668</ns3:Speed>
                <ns3:Watts>223</ns3:Watts>
              </ns3:TPX>
            </Extensions>
          </Trackpoint>
          <Trackpoint>
            <Time>2025-07-25T12:08:13.000Z</Time>
            <Position>
              <LatitudeDegrees>43.10000812634826</LatitudeDegrees>
              <LongitudeDegrees>-2.5801291689276695</LongitudeDegrees>
            </Position>
            <AltitudeMeters>239.1999969482422</AltitudeMeters>
            <DistanceMeters>3751.85009765625</DistanceMeters>
            <HeartRateBpm>
              <Value>140</Value>
            </HeartRateBpm>
            <Cadence>69</Cadence>
            <Extensions>
              <ns3:TPX>
                <ns3:Speed>4.89900016784668</ns3:Speed>
                <ns3:Watts>231</ns3:Watts>
              </ns3:TPX>
            </Extensions>
          </Trackpoint>
          <Trackpoint>
            <Time>2025-07-25T12:08:14.000Z</Time>
            <Position>
              <LatitudeDegrees>43.099959092214704</LatitudeDegrees>
              <LongitudeDegrees>-2.5801035203039646</LongitudeDegrees>
            </Position>
            <AltitudeMeters>239.1999969482422</AltitudeMeters>
            <DistanceMeters>3756.75</DistanceMeters>
            <HeartRateBpm>
              <Value>140</Value>
            </HeartRateBpm>
            <Cadence>69</Cadence>
            <Extensions>
              <ns3:TPX>
                <ns3:Speed>4.9079999923706055</ns3:Speed>
                <ns3:Watts>222</ns3:Watts>
              </ns3:TPX>
            </Extensions>
          </Trackpoint>
          <Trackpoint>
            <Time>2025-07-25T12:08:15.000Z</Time>
            <Position>
              <LatitudeDegrees>43.09991726651788</LatitudeDegrees>
              <LongitudeDegrees>-2.580083403736353</LongitudeDegrees>
            </Position>
            <AltitudeMeters>239.39999389648438</AltitudeMeters>
            <DistanceMeters>3761.72998046875</DistanceMeters>
            <HeartRateBpm>
              <Value>140</Value>
            </HeartRateBpm>
            <Cadence>70</Cadence>
            <Extensions>
              <ns3:TPX>
                <ns3:Speed>4.982999801635742</ns3:Speed>
                <ns3:Watts>214</ns3:Watts>
              </ns3:TPX>
            </Extensions>
          </Trackpoint>
          <Trackpoint>
            <Time>2025-07-25T12:08:16.000Z</Time>
            <Position>
              <LatitudeDegrees>43.09985926374793</LatitudeDegrees>
              <LongitudeDegrees>-2.580052223056555</LongitudeDegrees>
            </Position>
            <AltitudeMeters>239.39999389648438</AltitudeMeters>
            <DistanceMeters>3766.719970703125</DistanceMeters>
            <HeartRateBpm>
              <Value>140</Value>
            </HeartRateBpm>
            <Cadence>70</Cadence>
            <Extensions>
              <ns3:TPX>
                <ns3:Speed>5.000999927520752</ns3:Speed>
                <ns3:Watts>213</ns3:Watts>
              </ns3:TPX>
            </Extensions>
          </Trackpoint>
          <Trackpoint>
            <Time>2025-07-25T12:08:17.000Z</Time>
            <Position>
              <LatitudeDegrees>43.0998176895082</LatitudeDegrees>
              <LongitudeDegrees>-2.5800296757370234</LongitudeDegrees>
            </Position>
            <AltitudeMeters>239.60000610351562</AltitudeMeters>
            <DistanceMeters>3771.669921875</DistanceMeters>
            <HeartRateBpm>
              <Value>140</Value>
            </HeartRateBpm>
            <Cadence>70</Cadence>
            <Extensions>
              <ns3:TPX>
                <ns3:Speed>4.945000171661377</ns3:Speed>
                <ns3:Watts>216</ns3:Watts>
              </ns3:TPX>
            </Extensions>
          </Trackpoint>
          <Trackpoint>
            <Time>2025-07-25T12:08:18.000Z</Time>
            <Position>
              <LatitudeDegrees>43.0997849162668</LatitudeDegrees>
              <LongitudeDegrees>-2.58001240901649</LongitudeDegrees>
            </Position>
            <AltitudeMeters>239.60000610351562</AltitudeMeters>
            <DistanceMeters>3776.550048828125</DistanceMeters>
            <HeartRateBpm>
              <Value>140</Value>
            </HeartRateBpm>
            <Cadence>69</Cadence>
            <Extensions>
              <ns3:TPX>
                <ns3:Speed>4.880000114440918</ns3:Speed>
                <ns3:Watts>241</ns3:Watts>
              </ns3:TPX>
            </Extensions>
          </Trackpoint>
          <Trackpoint>
            <Time>2025-07-25T12:08:19.000Z</Time>
            <Position>
              <LatitudeDegrees>43.09974434785545</LatitudeDegrees>
              <LongitudeDegrees>-2.5799927953630686</LongitudeDegrees>
            </Position>
            <AltitudeMeters>239.8000030517578</AltitudeMeters>
            <DistanceMeters>3781.419921875</DistanceMeters>
            <HeartRateBpm>
              <Value>139</Value>
            </HeartRateBpm>
            <Cadence>70</Cadence>
            <Extensions>
              <ns3:TPX>
                <ns3:Speed>4.870999813079834</ns3:Speed>
                <ns3:Watts>250</ns3:Watts>
              </ns3:TPX>
            </Extensions>
          </Trackpoint>
          <Trackpoint>
            <Time>2025-07-25T12:08:20.000Z</Time>
            <Position>
              <LatitudeDegrees>43.09970369562507</LatitudeDegrees>
              <LongitudeDegrees>-2.5799707509577274</LongitudeDegrees>
            </Position>
            <AltitudeMeters>239.8000030517578</AltitudeMeters>
            <DistanceMeters>3786.35009765625</DistanceMeters>
            <HeartRateBpm>
              <Value>139</Value>
            </HeartRateBpm>
            <Cadence>69</Cadence>
            <Extensions>
              <ns3:TPX>
                <ns3:Speed>4.927000045776367</ns3:Speed>
                <ns3:Watts>205</ns3:Watts>
              </ns3:TPX>
            </Extensions>
          </Trackpoint>
          <Trackpoint>
            <Time>2025-07-25T12:08:21.000Z</Time>
            <Position>
              <LatitudeDegrees>43.09966186992824</LatitudeDegrees>
              <LongitudeDegrees>-2.579948455095291</LongitudeDegrees>
            </Position>
            <AltitudeMeters>240.0</AltitudeMeters>
            <DistanceMeters>3791.3798828125</DistanceMeters>
            <HeartRateBpm>
              <Value>139</Value>
            </HeartRateBpm>
            <Cadence>69</Cadence>
            <Extensions>
              <ns3:TPX>
                <ns3:Speed>5.0289998054504395</ns3:Speed>
                <ns3:Watts>200</ns3:Watts>
              </ns3:TPX>
            </Extensions>
          </Trackpoint>
          <Trackpoint>
            <Time>2025-07-25T12:08:22.000Z</Time>
            <Position>
              <LatitudeDegrees>43.0996104888618</LatitudeDegrees>
              <LongitudeDegrees>-2.5799200404435396</LongitudeDegrees>
            </Position>
            <AltitudeMeters>240.1999969482422</AltitudeMeters>
            <DistanceMeters>3796.550048828125</DistanceMeters>
            <HeartRateBpm>
              <Value>139</Value>
            </HeartRateBpm>
            <Cadence>70</Cadence>
            <Extensions>
              <ns3:TPX>
                <ns3:Speed>5.169000148773193</ns3:Speed>
                <ns3:Watts>183</ns3:Watts>
              </ns3:TPX>
            </Extensions>
          </Trackpoint>
          <Trackpoint>
            <Time>2025-07-25T12:08:23.000Z</Time>
            <Position>
              <LatitudeDegrees>43.099575536325574</LatitudeDegrees>
              <LongitudeDegrees>-2.5798997562378645</LongitudeDegrees>
            </Position>
            <AltitudeMeters>240.39999389648438</AltitudeMeters>
            <DistanceMeters>3801.89990234375</DistanceMeters>
            <HeartRateBpm>
              <Value>139</Value>
            </HeartRateBpm>
            <Cadence>79</Cadence>
            <Extensions>
              <ns3:TPX>
                <ns3:Speed>5.3460001945495605</ns3:Speed>
                <ns3:Watts>195</ns3:Watts>
              </ns3:TPX>
            </Extensions>
          </Trackpoint>
          <Trackpoint>
            <Time>2025-07-25T12:08:24.000Z</Time>
            <Position>
              <LatitudeDegrees>43.09953178279102</LatitudeDegrees>
              <LongitudeDegrees>-2.579873101785779</LongitudeDegrees>
            </Position>
            <AltitudeMeters>240.39999389648438</AltitudeMeters>
            <DistanceMeters>3807.300048828125</DistanceMeters>
            <HeartRateBpm>
              <Value>139</Value>
            </HeartRateBpm>
            <Cadence>80</Cadence>
            <Extensions>
              <ns3:TPX>
                <ns3:Speed>5.4019999504089355</ns3:Speed>
                <ns3:Watts>141</ns3:Watts>
              </ns3:TPX>
            </Extensions>
          </Trackpoint>
          <Trackpoint>
            <Time>2025-07-25T12:08:25.000Z</Time>
            <Position>
              <LatitudeDegrees>43.099475875496864</LatitudeDegrees>
              <LongitudeDegrees>-2.5798384845256805</LongitudeDegrees>
            </Position>
            <AltitudeMeters>240.60000610351562</AltitudeMeters>
            <DistanceMeters>3812.8798828125</DistanceMeters>
            <HeartRateBpm>
              <Value>138</Value>
            </HeartRateBpm>
            <Cadence>76</Cadence>
            <Extensions>
              <ns3:TPX>
                <ns3:Speed>5.579999923706055</ns3:Speed>
                <ns3:Watts>137</ns3:Watts>
              </ns3:TPX>
            </Extensions>
          </Trackpoint>
          <Trackpoint>
            <Time>2025-07-25T12:08:26.000Z</Time>
            <Position>
              <LatitudeDegrees>43.09942776337266</LatitudeDegrees>
              <LongitudeDegrees>-2.579810991883278</LongitudeDegrees>
            </Position>
            <AltitudeMeters>240.60000610351562</AltitudeMeters>
            <DistanceMeters>3818.56005859375</DistanceMeters>
            <HeartRateBpm>
              <Value>137</Value>
            </HeartRateBpm>
            <Cadence>75</Cadence>
            <Extensions>
              <ns3:TPX>
                <ns3:Speed>5.691999912261963</ns3:Speed>
                <ns3:Watts>136</ns3:Watts>
              </ns3:TPX>
            </Extensions>
          </Trackpoint>
          <Trackpoint>
            <Time>2025-07-25T12:08:27.000Z</Time>
            <Position>
              <LatitudeDegrees>43.09937956742942</LatitudeDegrees>
              <LongitudeDegrees>-2.5797852594405413</LongitudeDegrees>
            </Position>
            <AltitudeMeters>240.60000610351562</AltitudeMeters>
            <DistanceMeters>3824.43994140625</DistanceMeters>
            <HeartRateBpm>
              <Value>137</Value>
            </HeartRateBpm>
            <Cadence>81</Cadence>
            <Extensions>
              <ns3:TPX>
                <ns3:Speed>5.86899995803833</ns3:Speed>
                <ns3:Watts>138</ns3:Watts>
              </ns3:TPX>
            </Extensions>
          </Trackpoint>
          <Trackpoint>
            <Time>2025-07-25T12:08:28.000Z</Time>
            <Position>
              <LatitudeDegrees>43.099329778924584</LatitudeDegrees>
              <LongitudeDegrees>-2.579754162579775</LongitudeDegrees>
            </Position>
            <AltitudeMeters>240.8000030517578</AltitudeMeters>
            <DistanceMeters>3830.47998046875</DistanceMeters>
            <HeartRateBpm>
              <Value>136</Value>
            </HeartRateBpm>
            <Cadence>79</Cadence>
            <Extensions>
              <ns3:TPX>
                <ns3:Speed>6.0370001792907715</ns3:Speed>
                <ns3:Watts>120</ns3:Watts>
              </ns3:TPX>
            </Extensions>
          </Trackpoint>
          <Trackpoint>
            <Time>2025-07-25T12:08:29.000Z</Time>
            <Position>
              <LatitudeDegrees>43.09927789494395</LatitudeDegrees>
              <LongitudeDegrees>-2.57971971295774</LongitudeDegrees>
            </Position>
            <AltitudeMeters>240.8000030517578</AltitudeMeters>
            <DistanceMeters>3836.68994140625</DistanceMeters>
            <HeartRateBpm>
              <Value>136</Value>
            </HeartRateBpm>
            <Cadence>79</Cadence>
            <Extensions>
              <ns3:TPX>
                <ns3:Speed>6.223999977111816</ns3:Speed>
                <ns3:Watts>111</ns3:Watts>
              </ns3:TPX>
            </Extensions>
          </Trackpoint>
          <Trackpoint>
            <Time>2025-07-25T12:08:30.000Z</Time>
            <Position>
              <LatitudeDegrees>43.099225256592035</LatitudeDegrees>
              <LongitudeDegrees>-2.5796826649457216</LongitudeDegrees>
            </Position>
            <AltitudeMeters>240.8000030517578</AltitudeMeters>
            <DistanceMeters>3843.199951171875</DistanceMeters>
            <HeartRateBpm>
              <Value>135</Value>
            </HeartRateBpm>
            <Cadence>84</Cadence>
            <Extensions>
              <ns3:TPX>
                <ns3:Speed>6.502999782562256</ns3:Speed>
                <ns3:Watts>120</ns3:Watts>
              </ns3:TPX>
            </Extensions>
          </Trackpoint>
          <Trackpoint>
            <Time>2025-07-25T12:08:31.000Z</Time>
            <Position>
              <LatitudeDegrees>43.09917186386883</LatitudeDegrees>
              <LongitudeDegrees>-2.5796435214579105</LongitudeDegrees>
            </Position>
            <AltitudeMeters>240.8000030517578</AltitudeMeters>
            <DistanceMeters>3849.989990234375</DistanceMeters>
            <HeartRateBpm>
              <Value>135</Value>
            </HeartRateBpm>
            <Cadence>87</Cadence>
            <Extensions>
              <ns3:TPX>
                <ns3:Speed>6.793000221252441</ns3:Speed>
                <ns3:Watts>122</ns3:Watts>
              </ns3:TPX>
            </Extensions>
          </Trackpoint>
          <Trackpoint>
            <Time>2025-07-25T12:08:32.000Z</Time>
            <Position>
              <LatitudeDegrees>43.09912048280239</LatitudeDegrees>
              <LongitudeDegrees>-2.5795963313430548</LongitudeDegrees>
            </Position>
            <AltitudeMeters>240.8000030517578</AltitudeMeters>
            <DistanceMeters>3857.02001953125</DistanceMeters>
            <HeartRateBpm>
              <Value>135</Value>
            </HeartRateBpm>
            <Cadence>64</Cadence>
            <Extensions>
              <ns3:TPX>
                <ns3:Speed>7.026000022888184</ns3:Speed>
                <ns3:Watts>78</ns3:Watts>
              </ns3:TPX>
            </Extensions>
          </Trackpoint>
          <Trackpoint>
            <Time>2025-07-25T12:08:33.000Z</Time>
            <Position>
              <LatitudeDegrees>43.099071364849806</LatitudeDegrees>
              <LongitudeDegrees>-2.5795377418398857</LongitudeDegrees>
            </Position>
            <AltitudeMeters>240.8000030517578</AltitudeMeters>
            <DistanceMeters>3864.260009765625</DistanceMeters>
            <HeartRateBpm>
              <Value>134</Value>
            </HeartRateBpm>
            <Cadence>74</Cadence>
            <Extensions>
              <ns3:TPX>
                <ns3:Speed>7.241000175476074</ns3:Speed>
                <ns3:Watts>140</ns3:Watts>
              </ns3:TPX>
            </Extensions>
          </Trackpoint>
          <Trackpoint>
            <Time>2025-07-25T12:08:34.000Z</Time>
            <Position>
              <LatitudeDegrees>43.09902526438236</LatitudeDegrees>
              <LongitudeDegrees>-2.579471105709672</LongitudeDegrees>
            </Position>
            <AltitudeMeters>240.60000610351562</AltitudeMeters>
            <DistanceMeters>3871.800048828125</DistanceMeters>
            <HeartRateBpm>
              <Value>133</Value>
            </HeartRateBpm>
            <Cadence>68</Cadence>
            <Extensions>
              <ns3:TPX>
                <ns3:Speed>7.539000034332275</ns3:Speed>
                <ns3:Watts>135</ns3:Watts>
              </ns3:TPX>
            </Extensions>
          </Trackpoint>
          <Trackpoint>
            <Time>2025-07-25T12:08:35.000Z</Time>
            <Position>
              <LatitudeDegrees>43.09898226521909</LatitudeDegrees>
              <LongitudeDegrees>-2.579398099333048</LongitudeDegrees>
            </Position>
            <AltitudeMeters>240.39999389648438</AltitudeMeters>
            <DistanceMeters>3879.610107421875</DistanceMeters>
            <HeartRateBpm>
              <Value>133</Value>
            </HeartRateBpm>
            <Cadence>68</Cadence>
            <Extensions>
              <ns3:TPX>
                <ns3:Speed>7.818999767303467</ns3:Speed>
                <ns3:Watts>153</ns3:Watts>
              </ns3:TPX>
            </Extensions>
          </Trackpoint>
          <Trackpoint>
            <Time>2025-07-25T12:08:36.000Z</Time>
            <Position>
              <LatitudeDegrees>43.09894295409322</LatitudeDegrees>
              <LongitudeDegrees>-2.5793178845196962</LongitudeDegrees>
            </Position>
            <AltitudeMeters>240.1999969482422</AltitudeMeters>
            <DistanceMeters>3887.6201171875</DistanceMeters>
            <HeartRateBpm>
              <Value>132</Value>
            </HeartRateBpm>
            <Cadence>69</Cadence>
            <Extensions>
              <ns3:TPX>
                <ns3:Speed>7.995999813079834</ns3:Speed>
                <ns3:Watts>136</ns3:Watts>
              </ns3:TPX>
            </Extensions>
          </Trackpoint>
          <Trackpoint>
            <Time>2025-07-25T12:08:37.000Z</Time>
            <Position>
              <LatitudeDegrees>43.09890632517636</LatitudeDegrees>
              <LongitudeDegrees>-2.579232305288315</LongitudeDegrees>
            </Position>
            <AltitudeMeters>239.8000030517578</AltitudeMeters>
            <DistanceMeters>3895.77001953125</DistanceMeters>
            <HeartRateBpm>
              <Value>132</Value>
            </HeartRateBpm>
            <Cadence>77</Cadence>
            <Extensions>
              <ns3:TPX>
                <ns3:Speed>8.154999732971191</ns3:Speed>
                <ns3:Watts>153</ns3:Watts>
              </ns3:TPX>
            </Extensions>
          </Trackpoint>
          <Trackpoint>
            <Time>2025-07-25T12:08:38.000Z</Time>
            <Position>
              <LatitudeDegrees>43.098872965201735</LatitudeDegrees>
              <LongitudeDegrees>-2.579144211485982</LongitudeDegrees>
            </Position>
            <AltitudeMeters>239.60000610351562</AltitudeMeters>
            <DistanceMeters>3903.969970703125</DistanceMeters>
            <HeartRateBpm>
              <Value>131</Value>
            </HeartRateBpm>
            <Cadence>76</Cadence>
            <Extensions>
              <ns3:TPX>
                <ns3:Speed>8.20199966430664</ns3:Speed>
                <ns3:Watts>162</ns3:Watts>
              </ns3:TPX>
            </Extensions>
          </Trackpoint>
          <Trackpoint>
            <Time>2025-07-25T12:08:39.000Z</Time>
            <Position>
              <LatitudeDegrees>43.098841700702906</LatitudeDegrees>
              <LongitudeDegrees>-2.57905469276011</LongitudeDegrees>
            </Position>
            <AltitudeMeters>239.60000610351562</AltitudeMeters>
            <DistanceMeters>3912.2099609375</DistanceMeters>
            <HeartRateBpm>
              <Value>131</Value>
            </HeartRateBpm>
            <Cadence>77</Cadence>
            <Extensions>
              <ns3:TPX>
                <ns3:Speed>8.23900032043457</ns3:Speed>
                <ns3:Watts>136</ns3:Watts>
              </ns3:TPX>
            </Extensions>
          </Trackpoint>
          <Trackpoint>
            <Time>2025-07-25T12:08:40.000Z</Time>
            <Position>
              <LatitudeDegrees>43.09881152585149</LatitudeDegrees>
              <LongitudeDegrees>-2.5789638329297304</LongitudeDegrees>
            </Position>
            <AltitudeMeters>239.1999969482422</AltitudeMeters>
            <DistanceMeters>3920.419921875</DistanceMeters>
            <HeartRateBpm>
              <Value>129</Value>
            </HeartRateBpm>
            <Cadence>74</Cadence>
            <Extensions>
              <ns3:TPX>
                <ns3:Speed>8.20199966430664</ns3:Speed>
                <ns3:Watts>156</ns3:Watts>
              </ns3:TPX>
            </Extensions>
          </Trackpoint>
          <Trackpoint>
            <Time>2025-07-25T12:08:41.000Z</Time>
            <Position>
              <LatitudeDegrees>43.098781518638134</LatitudeDegrees>
              <LongitudeDegrees>-2.578874733299017</LongitudeDegrees>
            </Position>
            <AltitudeMeters>239.0</AltitudeMeters>
            <DistanceMeters>3928.52001953125</DistanceMeters>
            <HeartRateBpm>
              <Value>128</Value>
            </HeartRateBpm>
            <Cadence>74</Cadence>
            <Extensions>
              <ns3:TPX>
                <ns3:Speed>8.098999977111816</ns3:Speed>
                <ns3:Watts>165</ns3:Watts>
              </ns3:TPX>
            </Extensions>
          </Trackpoint>
          <Trackpoint>
            <Time>2025-07-25T12:08:42.000Z</Time>
            <Position>
              <LatitudeDegrees>43.098750337958336</LatitudeDegrees>
              <LongitudeDegrees>-2.5787894893437624</LongitudeDegrees>
            </Position>
            <AltitudeMeters>238.8000030517578</AltitudeMeters>
            <DistanceMeters>3936.469970703125</DistanceMeters>
            <HeartRateBpm>
              <Value>127</Value>
            </HeartRateBpm>
            <Cadence>74</Cadence>
            <Extensions>
              <ns3:TPX>
                <ns3:Speed>7.949999809265137</ns3:Speed>
                <ns3:Watts>190</ns3:Watts>
              </ns3:TPX>
            </Extensions>
          </Trackpoint>
          <Trackpoint>
            <Time>2025-07-25T12:08:43.000Z</Time>
            <Position>
              <LatitudeDegrees>43.09871915727854</LatitudeDegrees>
              <LongitudeDegrees>-2.578704748302698</LongitudeDegrees>
            </Position>
            <AltitudeMeters>238.60000610351562</AltitudeMeters>
            <DistanceMeters>3944.2900390625</DistanceMeters>
            <HeartRateBpm>
              <Value>127</Value>
            </HeartRateBpm>
            <Cadence>73</Cadence>
            <Extensions>
              <ns3:TPX>
                <ns3:Speed>7.828000068664551</ns3:Speed>
                <ns3:Watts>181</ns3:Watts>
              </ns3:TPX>
            </Extensions>
          </Trackpoint>
          <Trackpoint>
            <Time>2025-07-25T12:08:44.000Z</Time>
            <Position>
              <LatitudeDegrees>43.09869124554098</LatitudeDegrees>
              <LongitudeDegrees>-2.5786209292709827</LongitudeDegrees>
            </Position>
            <AltitudeMeters>238.39999389648438</AltitudeMeters>
            <DistanceMeters>3951.97998046875</DistanceMeters>
            <HeartRateBpm>
              <Value>126</Value>
            </HeartRateBpm>
            <Cadence>69</Cadence>
            <Extensions>
              <ns3:TPX>
                <ns3:Speed>7.688000202178955</ns3:Speed>
                <ns3:Watts>217</ns3:Watts>
              </ns3:TPX>
            </Extensions>
          </Trackpoint>
          <Trackpoint>
            <Time>2025-07-25T12:08:45.000Z</Time>
            <Position>
              <LatitudeDegrees>43.098664339631796</LatitudeDegrees>
              <LongitudeDegrees>-2.5785361044108868</LongitudeDegrees>
            </Position>
            <AltitudeMeters>238.1999969482422</AltitudeMeters>
            <DistanceMeters>3959.68994140625</DistanceMeters>
            <HeartRateBpm>
              <Value>126</Value>
            </HeartRateBpm>
            <Cadence>69</Cadence>
            <Extensions>
              <ns3:TPX>
                <ns3:Speed>7.688000202178955</ns3:Speed>
                <ns3:Watts>204</ns3:Watts>
              </ns3:TPX>
            </Extensions>
          </Trackpoint>
          <Trackpoint>
            <Time>2025-07-25T12:08:46.000Z</Time>
            <Position>
              <LatitudeDegrees>43.09863768517971</LatitudeDegrees>
              <LongitudeDegrees>-2.5784496031701565</LongitudeDegrees>
            </Position>
            <AltitudeMeters>238.0</AltitudeMeters>
            <DistanceMeters>3967.39990234375</DistanceMeters>
            <HeartRateBpm>
              <Value>126</Value>
            </HeartRateBpm>
            <Cadence>69</Cadence>
            <Extensions>
              <ns3:TPX>
                <ns3:Speed>7.735000133514404</ns3:Speed>
                <ns3:Watts>204</ns3:Watts>
              </ns3:TPX>
            </Extensions>
          </Trackpoint>
          <Trackpoint>
            <Time>2025-07-25T12:08:47.000Z</Time>
            <Position>
              <LatitudeDegrees>43.09861631132662</LatitudeDegrees>
              <LongitudeDegrees>-2.5783786084502935</LongitudeDegrees>
            </Position>
            <AltitudeMeters>238.0</AltitudeMeters>
            <DistanceMeters>3975.18994140625</DistanceMeters>
            <HeartRateBpm>
              <Value>126</Value>
            </HeartRateBpm>
            <Cadence>71</Cadence>
            <Extensions>
              <ns3:TPX>
                <ns3:Speed>7.790999889373779</ns3:Speed>
                <ns3:Watts>208</ns3:Watts>
              </ns3:TPX>
            </Extensions>
          </Trackpoint>
          <Trackpoint>
            <Time>2025-07-25T12:08:48.000Z</Time>
            <Position>
              <LatitudeDegrees>43.0985845439136</LatitudeDegrees>
              <LongitudeDegrees>-2.578270984813571</LongitudeDegrees>
            </Position>
            <AltitudeMeters>237.8000030517578</AltitudeMeters>
            <DistanceMeters>3983.050048828125</DistanceMeters>
            <HeartRateBpm>
              <Value>127</Value>
            </HeartRateBpm>
            <Cadence>72</Cadence>
            <Extensions>
              <ns3:TPX>
                <ns3:Speed>7.866000175476074</ns3:Speed>
                <ns3:Watts>205</ns3:Watts>
              </ns3:TPX>
            </Extensions>
          </Trackpoint>
          <Trackpoint>
            <Time>2025-07-25T12:08:49.000Z</Time>
            <Position>
              <LatitudeDegrees>43.09855856001377</LatitudeDegrees>
              <LongitudeDegrees>-2.578181382268667</LongitudeDegrees>
            </Position>
            <AltitudeMeters>237.8000030517578</AltitudeMeters>
            <DistanceMeters>3990.9599609375</DistanceMeters>
            <HeartRateBpm>
              <Value>127</Value>
            </HeartRateBpm>
            <Cadence>72</Cadence>
            <Extensions>
              <ns3:TPX>
                <ns3:Speed>7.9029998779296875</ns3:Speed>
                <ns3:Watts>224</ns3:Watts>
              </ns3:TPX>
            </Extensions>
          </Trackpoint>
          <Trackpoint>
            <Time>2025-07-25T12:08:50.000Z</Time>
            <Position>
              <LatitudeDegrees>43.098531905561686</LatitudeDegrees>
              <LongitudeDegrees>-2.5780923664569855</LongitudeDegrees>
            </Position>
            <AltitudeMeters>237.8000030517578</AltitudeMeters>
            <DistanceMeters>3998.840087890625</DistanceMeters>
            <HeartRateBpm>
              <Value>127</Value>
            </HeartRateBpm>
            <Cadence>71</Cadence>
            <Extensions>
              <ns3:TPX>
                <ns3:Speed>7.875</ns3:Speed>
                <ns3:Watts>217</ns3:Watts>
              </ns3:TPX>
            </Extensions>
          </Trackpoint>
          <Trackpoint>
            <Time>2025-07-25T12:08:51.000Z</Time>
            <Position>
              <LatitudeDegrees>43.09850533492863</LatitudeDegrees>
              <LongitudeDegrees>-2.5780063681304455</LongitudeDegrees>
            </Position>
            <AltitudeMeters>237.8000030517578</AltitudeMeters>
            <DistanceMeters>4006.639892578125</DistanceMeters>
            <HeartRateBpm>
              <Value>127</Value>
            </HeartRateBpm>
            <Cadence>71</Cadence>
            <Extensions>
              <ns3:TPX>
                <ns3:Speed>7.800000190734863</ns3:Speed>
                <ns3:Watts>196</ns3:Watts>
              </ns3:TPX>
            </Extensions>
          </Trackpoint>
          <Trackpoint>
            <Time>2025-07-25T12:08:52.000Z</Time>
            <Position>
              <LatitudeDegrees>43.098480021581054</LatitudeDegrees>
              <LongitudeDegrees>-2.5779197830706835</LongitudeDegrees>
            </Position>
            <AltitudeMeters>238.0</AltitudeMeters>
            <DistanceMeters>4014.3798828125</DistanceMeters>
            <HeartRateBpm>
              <Value>127</Value>
            </HeartRateBpm>
            <Cadence>71</Cadence>
            <Extensions>
              <ns3:TPX>
                <ns3:Speed>7.735000133514404</ns3:Speed>
                <ns3:Watts>211</ns3:Watts>
              </ns3:TPX>
            </Extensions>
          </Trackpoint>
          <Trackpoint>
            <Time>2025-07-25T12:08:53.000Z</Time>
            <Position>
              <LatitudeDegrees>43.09845328330994</LatitudeDegrees>
              <LongitudeDegrees>-2.5778331141918898</LongitudeDegrees>
            </Position>
            <AltitudeMeters>238.0</AltitudeMeters>
            <DistanceMeters>4022.080078125</DistanceMeters>
            <HeartRateBpm>
              <Value>128</Value>
            </HeartRateBpm>
            <Cadence>71</Cadence>
            <Extensions>
              <ns3:TPX>
                <ns3:Speed>7.706999778747559</ns3:Speed>
                <ns3:Watts>208</ns3:Watts>
              </ns3:TPX>
            </Extensions>
          </Trackpoint>
          <Trackpoint>
            <Time>2025-07-25T12:08:54.000Z</Time>
            <Position>
              <LatitudeDegrees>43.09842604212463</LatitudeDegrees>
              <LongitudeDegrees>-2.5777475349605083</LongitudeDegrees>
            </Position>
            <AltitudeMeters>237.8000030517578</AltitudeMeters>
            <DistanceMeters>4029.820068359375</DistanceMeters>
            <HeartRateBpm>
              <Value>128</Value>
            </HeartRateBpm>
            <Cadence>70</Cadence>
            <Extensions>
              <ns3:TPX>
                <ns3:Speed>7.74399995803833</ns3:Speed>
                <ns3:Watts>197</ns3:Watts>
              </ns3:TPX>
            </Extensions>
          </Trackpoint>
          <Trackpoint>
            <Time>2025-07-25T12:08:55.000Z</Time>
            <Position>
              <LatitudeDegrees>43.098403830081224</LatitudeDegrees>
              <LongitudeDegrees>-2.577678384259343</LongitudeDegrees>
            </Position>
            <AltitudeMeters>237.8000030517578</AltitudeMeters>
            <DistanceMeters>4037.530029296875</DistanceMeters>
            <HeartRateBpm>
              <Value>127</Value>
            </HeartRateBpm>
            <Cadence>69</Cadence>
            <Extensions>
              <ns3:TPX>
                <ns3:Speed>7.697999954223633</ns3:Speed>
                <ns3:Watts>224</ns3:Watts>
              </ns3:TPX>
            </Extensions>
          </Trackpoint>
          <Trackpoint>
            <Time>2025-07-25T12:08:56.000Z</Time>
            <Position>
              <LatitudeDegrees>43.09836896136403</LatitudeDegrees>
              <LongitudeDegrees>-2.5775802321732044</LongitudeDegrees>
            </Position>
            <AltitudeMeters>237.8000030517578</AltitudeMeters>
            <DistanceMeters>4045.1298828125</DistanceMeters>
            <HeartRateBpm>
              <Value>127</Value>
            </HeartRateBpm>
            <Cadence>69</Cadence>
            <Extensions>
              <ns3:TPX>
                <ns3:Speed>7.605000019073486</ns3:Speed>
                <ns3:Watts>214</ns3:Watts>
              </ns3:TPX>
            </Extensions>
          </Trackpoint>
          <Trackpoint>
            <Time>2025-07-25T12:08:57.000Z</Time>
            <Position>
              <LatitudeDegrees>43.098331997171044</LatitudeDegrees>
              <LongitudeDegrees>-2.5775037053972483</LongitudeDegrees>
            </Position>
            <AltitudeMeters>237.8000030517578</AltitudeMeters>
            <DistanceMeters>4052.68994140625</DistanceMeters>
            <HeartRateBpm>
              <Value>127</Value>
            </HeartRateBpm>
            <Cadence>69</Cadence>
            <Extensions>
              <ns3:TPX>
                <ns3:Speed>7.566999912261963</ns3:Speed>
                <ns3:Watts>254</ns3:Watts>
              </ns3:TPX>
            </Extensions>
          </Trackpoint>
          <Trackpoint>
            <Time>2025-07-25T12:08:58.000Z</Time>
            <Position>
              <LatitudeDegrees>43.098289081826806</LatitudeDegrees>
              <LongitudeDegrees>-2.577430699020624</LongitudeDegrees>
            </Position>
            <AltitudeMeters>238.0</AltitudeMeters>
            <DistanceMeters>4060.260009765625</DistanceMeters>
            <HeartRateBpm>
              <Value>128</Value>
            </HeartRateBpm>
            <Cadence>70</Cadence>
            <Extensions>
              <ns3:TPX>
                <ns3:Speed>7.566999912261963</ns3:Speed>
                <ns3:Watts>309</ns3:Watts>
              </ns3:TPX>
            </Extensions>
          </Trackpoint>
          <Trackpoint>
            <Time>2025-07-25T12:08:59.000Z</Time>
            <Position>
              <LatitudeDegrees>43.098242646083236</LatitudeDegrees>
              <LongitudeDegrees>-2.5773628894239664</LongitudeDegrees>
            </Position>
            <AltitudeMeters>238.1999969482422</AltitudeMeters>
            <DistanceMeters>4067.81005859375</DistanceMeters>
            <HeartRateBpm>
              <Value>128</Value>
            </HeartRateBpm>
            <Cadence>69</Cadence>
            <Extensions>
              <ns3:TPX>
                <ns3:Speed>7.548999786376953</ns3:Speed>
                <ns3:Watts>268</ns3:Watts>
              </ns3:TPX>
            </Extensions>
          </Trackpoint>
          <Trackpoint>
            <Time>2025-07-25T12:09:00.000Z</Time>
            <Position>
              <LatitudeDegrees>43.098196629434824</LatitudeDegrees>
              <LongitudeDegrees>-2.577298181131482</LongitudeDegrees>
            </Position>
            <AltitudeMeters>238.1999969482422</AltitudeMeters>
            <DistanceMeters>4075.280029296875</DistanceMeters>
            <HeartRateBpm>
              <Value>128</Value>
            </HeartRateBpm>
            <Cadence>69</Cadence>
            <Extensions>
              <ns3:TPX>
                <ns3:Speed>7.473999977111816</ns3:Speed>
                <ns3:Watts>273</ns3:Watts>
              </ns3:TPX>
            </Extensions>
          </Trackpoint>
          <Trackpoint>
            <Time>2025-07-25T12:09:01.000Z</Time>
            <Position>
              <LatitudeDegrees>43.09815094806254</LatitudeDegrees>
              <LongitudeDegrees>-2.577234897762537</LongitudeDegrees>
            </Position>
            <AltitudeMeters>238.1999969482422</AltitudeMeters>
            <DistanceMeters>4082.56005859375</DistanceMeters>
            <HeartRateBpm>
              <Value>128</Value>
            </HeartRateBpm>
            <Cadence>67</Cadence>
            <Extensions>
              <ns3:TPX>
                <ns3:Speed>7.2779998779296875</ns3:Speed>
                <ns3:Watts>332</ns3:Watts>
              </ns3:TPX>
            </Extensions>
          </Trackpoint>
          <Trackpoint>
            <Time>2025-07-25T12:09:02.000Z</Time>
            <Position>
              <LatitudeDegrees>43.098105266690254</LatitudeDegrees>
              <LongitudeDegrees>-2.57717396132648</LongitudeDegrees>
            </Position>
            <AltitudeMeters>238.1999969482422</AltitudeMeters>
            <DistanceMeters>4089.780029296875</DistanceMeters>
            <HeartRateBpm>
              <Value>128</Value>
            </HeartRateBpm>
            <Cadence>63</Cadence>
            <Extensions>
              <ns3:TPX>
                <ns3:Speed>7.2129998207092285</ns3:Speed>
                <ns3:Watts>372</ns3:Watts>
              </ns3:TPX>
            </Extensions>
          </Trackpoint>
          <Trackpoint>
            <Time>2025-07-25T12:09:03.000Z</Time>
            <Position>
              <LatitudeDegrees>43.098058328032494</LatitudeDegrees>
              <LongitudeDegrees>-2.5771136954426765</LongitudeDegrees>
            </Position>
            <AltitudeMeters>238.1999969482422</AltitudeMeters>
            <DistanceMeters>4096.9501953125</DistanceMeters>
            <HeartRateBpm>
              <Value>128</Value>
            </HeartRateBpm>
            <Cadence>64</Cadence>
            <Extensions>
              <ns3:TPX>
                <ns3:Speed>7.184999942779541</ns3:Speed>
                <ns3:Watts>372</ns3:Watts>
              </ns3:TPX>
            </Extensions>
          </Trackpoint>
          <Trackpoint>
            <Time>2025-07-25T12:09:04.000Z</Time>
            <Position>
              <LatitudeDegrees>43.098011054098606</LatitudeDegrees>
              <LongitudeDegrees>-2.5770504120737314</LongitudeDegrees>
            </Position>
            <AltitudeMeters>238.1999969482422</AltitudeMeters>
            <DistanceMeters>4104.16015625</DistanceMeters>
            <HeartRateBpm>
              <Value>129</Value>
            </HeartRateBpm>
            <Cadence>65</Cadence>
            <Extensions>
              <ns3:TPX>
                <ns3:Speed>7.193999767303467</ns3:Speed>
                <ns3:Watts>336</ns3:Watts>
              </ns3:TPX>
            </Extensions>
          </Trackpoint>
          <Trackpoint>
            <Time>2025-07-25T12:09:05.000Z</Time>
            <Position>
              <LatitudeDegrees>43.09796679764986</LatitudeDegrees>
              <LongitudeDegrees>-2.5769843626767397</LongitudeDegrees>
            </Position>
            <AltitudeMeters>238.1999969482422</AltitudeMeters>
            <DistanceMeters>4111.330078125</DistanceMeters>
            <HeartRateBpm>
              <Value>129</Value>
            </HeartRateBpm>
            <Cadence>64</Cadence>
            <Extensions>
              <ns3:TPX>
                <ns3:Speed>7.175000190734863</ns3:Speed>
                <ns3:Watts>321</ns3:Watts>
              </ns3:TPX>
            </Extensions>
          </Trackpoint>
          <Trackpoint>
            <Time>2025-07-25T12:09:06.000Z</Time>
            <Position>
              <LatitudeDegrees>43.097926480695605</LatitudeDegrees>
              <LongitudeDegrees>-2.5769157987087965</LongitudeDegrees>
            </Position>
            <AltitudeMeters>238.39999389648438</AltitudeMeters>
            <DistanceMeters>4118.4599609375</DistanceMeters>
            <HeartRateBpm>
              <Value>129</Value>
            </HeartRateBpm>
            <Cadence>64</Cadence>
            <Extensions>
              <ns3:TPX>
                <ns3:Speed>7.110000133514404</ns3:Speed>
                <ns3:Watts>327</ns3:Watts>
              </ns3:TPX>
            </Extensions>
          </Trackpoint>
          <Trackpoint>
            <Time>2025-07-25T12:09:07.000Z</Time>
            <Position>
              <LatitudeDegrees>43.09789068996906</LatitudeDegrees>
              <LongitudeDegrees>-2.5768459774553776</LongitudeDegrees>
            </Position>
            <AltitudeMeters>238.39999389648438</AltitudeMeters>
            <DistanceMeters>4125.47998046875</DistanceMeters>
            <HeartRateBpm>
              <Value>130</Value>
            </HeartRateBpm>
            <Cadence>63</Cadence>
            <Extensions>
              <ns3:TPX>
                <ns3:Speed>7.034999847412109</ns3:Speed>
                <ns3:Watts>332</ns3:Watts>
              </ns3:TPX>
            </Extensions>
          </Trackpoint>
          <Trackpoint>
            <Time>2025-07-25T12:09:08.000Z</Time>
            <Position>
              <LatitudeDegrees>43.09785925783217</LatitudeDegrees>
              <LongitudeDegrees>-2.5767762400209904</LongitudeDegrees>
            </Position>
            <AltitudeMeters>238.60000610351562</AltitudeMeters>
            <DistanceMeters>4132.39013671875</DistanceMeters>
            <HeartRateBpm>
              <Value>130</Value>
            </HeartRateBpm>
            <Cadence>62</Cadence>
            <Extensions>
              <ns3:TPX>
                <ns3:Speed>6.914000034332275</ns3:Speed>
                <ns3:Watts>331</ns3:Watts>
              </ns3:TPX>
            </Extensions>
          </Trackpoint>
          <Trackpoint>
            <Time>2025-07-25T12:09:09.000Z</Time>
            <Position>
              <LatitudeDegrees>43.09783595614135</LatitudeDegrees>
              <LongitudeDegrees>-2.576719243079424</LongitudeDegrees>
            </Position>
            <AltitudeMeters>238.8000030517578</AltitudeMeters>
            <DistanceMeters>4139.22998046875</DistanceMeters>
            <HeartRateBpm>
              <Value>131</Value>
            </HeartRateBpm>
            <Cadence>62</Cadence>
            <Extensions>
              <ns3:TPX>
                <ns3:Speed>6.848999977111816</ns3:Speed>
                <ns3:Watts>337</ns3:Watts>
              </ns3:TPX>
            </Extensions>
          </Trackpoint>
          <Trackpoint>
            <Time>2025-07-25T12:09:10.000Z</Time>
            <Position>
              <LatitudeDegrees>43.097801925614476</LatitudeDegrees>
              <LongitudeDegrees>-2.57663207128644</LongitudeDegrees>
            </Position>
            <AltitudeMeters>239.0</AltitudeMeters>
            <DistanceMeters>4146.06005859375</DistanceMeters>
            <HeartRateBpm>
              <Value>131</Value>
            </HeartRateBpm>
            <Cadence>61</Cadence>
            <Extensions>
              <ns3:TPX>
                <ns3:Speed>6.821000099182129</ns3:Speed>
                <ns3:Watts>329</ns3:Watts>
              </ns3:TPX>
            </Extensions>
          </Trackpoint>
          <Trackpoint>
            <Time>2025-07-25T12:09:11.000Z</Time>
            <Position>
              <LatitudeDegrees>43.097775019705296</LatitudeDegrees>
              <LongitudeDegrees>-2.5765620823949575</LongitudeDegrees>
            </Position>
            <AltitudeMeters>239.0</AltitudeMeters>
            <DistanceMeters>4152.830078125</DistanceMeters>
            <HeartRateBpm>
              <Value>131</Value>
            </HeartRateBpm>
            <Cadence>61</Cadence>
            <Extensions>
              <ns3:TPX>
                <ns3:Speed>6.77400016784668</ns3:Speed>
                <ns3:Watts>226</ns3:Watts>
              </ns3:TPX>
            </Extensions>
          </Trackpoint>
          <Trackpoint>
            <Time>2025-07-25T12:09:12.000Z</Time>
            <Position>
              <LatitudeDegrees>43.097775019705296</LatitudeDegrees>
              <LongitudeDegrees>-2.5765620823949575</LongitudeDegrees>
            </Position>
            <AltitudeMeters>239.39999389648438</AltitudeMeters>
            <DistanceMeters>4159.580078125</DistanceMeters>
            <HeartRateBpm>
              <Value>131</Value>
            </HeartRateBpm>
            <Cadence>45</Cadence>
            <Extensions>
              <ns3:TPX>
                <ns3:Speed>6.755000114440918</ns3:Speed>
                <ns3:Watts>187</ns3:Watts>
              </ns3:TPX>
            </Extensions>
          </Trackpoint>
          <Trackpoint>
            <Time>2025-07-25T12:09:13.000Z</Time>
            <Position>
              <LatitudeDegrees>43.097750460729</LatitudeDegrees>
              <LongitudeDegrees>-2.576492680236697</LongitudeDegrees>
            </Position>
            <AltitudeMeters>239.39999389648438</AltitudeMeters>
            <DistanceMeters>4166.0400390625</DistanceMeters>
            <HeartRateBpm>
              <Value>132</Value>
            </HeartRateBpm>
            <Cadence>58</Cadence>
            <Extensions>
              <ns3:TPX>
                <ns3:Speed>6.456999778747559</ns3:Speed>
                <ns3:Watts>171</ns3:Watts>
              </ns3:TPX>
            </Extensions>
          </Trackpoint>
          <Trackpoint>
            <Time>2025-07-25T12:09:14.000Z</Time>
            <Position>
              <LatitudeDegrees>43.09771064668894</LatitudeDegrees>
              <LongitudeDegrees>-2.5763798598200083</LongitudeDegrees>
            </Position>
            <AltitudeMeters>239.60000610351562</AltitudeMeters>
            <DistanceMeters>4172.3798828125</DistanceMeters>
            <HeartRateBpm>
              <Value>132</Value>
            </HeartRateBpm>
            <Cadence>67</Cadence>
            <Extensions>
              <ns3:TPX>
                <ns3:Speed>6.34499979019165</ns3:Speed>
                <ns3:Watts>227</ns3:Watts>
              </ns3:TPX>
            </Extensions>
          </Trackpoint>
          <Trackpoint>
            <Time>2025-07-25T12:09:15.000Z</Time>
            <Position>
              <LatitudeDegrees>43.097685081884265</LatitudeDegrees>
              <LongitudeDegrees>-2.5763102900236845</LongitudeDegrees>
            </Position>
            <AltitudeMeters>240.0</AltitudeMeters>
            <DistanceMeters>4178.64990234375</DistanceMeters>
            <HeartRateBpm>
              <Value>133</Value>
            </HeartRateBpm>
            <Cadence>66</Cadence>
            <Extensions>
              <ns3:TPX>
                <ns3:Speed>6.269999980926514</ns3:Speed>
                <ns3:Watts>192</ns3:Watts>
              </ns3:TPX>
            </Extensions>
          </Trackpoint>
          <Trackpoint>
            <Time>2025-07-25T12:09:16.000Z</Time>
            <Position>
              <LatitudeDegrees>43.097652308642864</LatitudeDegrees>
              <LongitudeDegrees>-2.57621381431818</LongitudeDegrees>
            </Position>
            <AltitudeMeters>240.1999969482422</AltitudeMeters>
            <DistanceMeters>4184.83984375</DistanceMeters>
            <HeartRateBpm>
              <Value>133</Value>
            </HeartRateBpm>
            <Cadence>74</Cadence>
            <Extensions>
              <ns3:TPX>
                <ns3:Speed>6.185999870300293</ns3:Speed>
                <ns3:Watts>237</ns3:Watts>
              </ns3:TPX>
            </Extensions>
          </Trackpoint>
          <Trackpoint>
            <Time>2025-07-25T12:09:17.000Z</Time>
            <Position>
              <LatitudeDegrees>43.09763093478978</LatitudeDegrees>
              <LongitudeDegrees>-2.5761474296450615</LongitudeDegrees>
            </Position>
            <AltitudeMeters>240.39999389648438</AltitudeMeters>
            <DistanceMeters>4190.9599609375</DistanceMeters>
            <HeartRateBpm>
              <Value>132</Value>
            </HeartRateBpm>
            <Cadence>73</Cadence>
            <Extensions>
              <ns3:TPX>
                <ns3:Speed>6.0929999351501465</ns3:Speed>
                <ns3:Watts>207</ns3:Watts>
              </ns3:TPX>
            </Extensions>
          </Trackpoint>
          <Trackpoint>
            <Time>2025-07-25T12:09:18.000Z</Time>
            <Position>
              <LatitudeDegrees>43.097608890384436</LatitudeDegrees>
              <LongitudeDegrees>-2.576080709695816</LongitudeDegrees>
            </Position>
            <AltitudeMeters>240.1999969482422</AltitudeMeters>
            <DistanceMeters>4197.0</DistanceMeters>
            <HeartRateBpm>
              <Value>133</Value>
            </HeartRateBpm>
            <Cadence>72</Cadence>
            <Extensions>
              <ns3:TPX>
                <ns3:Speed>6.065000057220459</ns3:Speed>
                <ns3:Watts>216</ns3:Watts>
              </ns3:TPX>
            </Extensions>
          </Trackpoint>
          <Trackpoint>
            <Time>2025-07-25T12:09:19.000Z</Time>
            <Position>
              <LatitudeDegrees>43.09758701361716</LatitudeDegrees>
              <LongitudeDegrees>-2.576015666127205</LongitudeDegrees>
            </Position>
            <AltitudeMeters>240.8000030517578</AltitudeMeters>
            <DistanceMeters>4202.990234375</DistanceMeters>
            <HeartRateBpm>
              <Value>133</Value>
            </HeartRateBpm>
            <Cadence>72</Cadence>
            <Extensions>
              <ns3:TPX>
                <ns3:Speed>5.989999771118164</ns3:Speed>
                <ns3:Watts>197</ns3:Watts>
              </ns3:TPX>
            </Extensions>
          </Trackpoint>
          <Trackpoint>
            <Time>2025-07-25T12:09:20.000Z</Time>
            <Position>
              <LatitudeDegrees>43.09756471775472</LatitudeDegrees>
              <LongitudeDegrees>-2.575950790196657</LongitudeDegrees>
            </Position>
            <AltitudeMeters>240.8000030517578</AltitudeMeters>
            <DistanceMeters>4208.9599609375</DistanceMeters>
            <HeartRateBpm>
              <Value>133</Value>
            </HeartRateBpm>
            <Cadence>71</Cadence>
            <Extensions>
              <ns3:TPX>
                <ns3:Speed>5.9720001220703125</ns3:Speed>
                <ns3:Watts>207</ns3:Watts>
              </ns3:TPX>
            </Extensions>
          </Trackpoint>
          <Trackpoint>
            <Time>2025-07-25T12:09:21.000Z</Time>
            <Position>
              <LatitudeDegrees>43.09754376299679</LatitudeDegrees>
              <LongitudeDegrees>-2.5758846569806337</LongitudeDegrees>
            </Position>
            <AltitudeMeters>241.0</AltitudeMeters>
            <DistanceMeters>4214.919921875</DistanceMeters>
            <HeartRateBpm>
              <Value>133</Value>
            </HeartRateBpm>
            <Cadence>71</Cadence>
            <Extensions>
              <ns3:TPX>
                <ns3:Speed>5.953000068664551</ns3:Speed>
                <ns3:Watts>192</ns3:Watts>
              </ns3:TPX>
            </Extensions>
          </Trackpoint>
          <Trackpoint>
            <Time>2025-07-25T12:09:22.000Z</Time>
            <Position>
              <LatitudeDegrees>43.09752146713436</LatitudeDegrees>
              <LongitudeDegrees>-2.57581802085042</LongitudeDegrees>
            </Position>
            <AltitudeMeters>241.39999389648438</AltitudeMeters>
            <DistanceMeters>4220.8701171875</DistanceMeters>
            <HeartRateBpm>
              <Value>132</Value>
            </HeartRateBpm>
            <Cadence>70</Cadence>
            <Extensions>
              <ns3:TPX>
                <ns3:Speed>5.953000068664551</ns3:Speed>
                <ns3:Watts>179</ns3:Watts>
              </ns3:TPX>
            </Extensions>
          </Trackpoint>
          <Trackpoint>
            <Time>2025-07-25T12:09:23.000Z</Time>
            <Position>
              <LatitudeDegrees>43.097498416900635</LatitudeDegrees>
              <LongitudeDegrees>-2.575752306729555</LongitudeDegrees>
            </Position>
            <AltitudeMeters>241.60000610351562</AltitudeMeters>
            <DistanceMeters>4226.8701171875</DistanceMeters>
            <HeartRateBpm>
              <Value>132</Value>
            </HeartRateBpm>
            <Cadence>70</Cadence>
            <Extensions>
              <ns3:TPX>
                <ns3:Speed>6.0</ns3:Speed>
                <ns3:Watts>187</ns3:Watts>
              </ns3:TPX>
            </Extensions>
          </Trackpoint>
          <Trackpoint>
            <Time>2025-07-25T12:09:24.000Z</Time>
            <Position>
              <LatitudeDegrees>43.09747167862952</LatitudeDegrees>
              <LongitudeDegrees>-2.5756862573325634</LongitudeDegrees>
            </Position>
            <AltitudeMeters>241.8000030517578</AltitudeMeters>
            <DistanceMeters>4232.93017578125</DistanceMeters>
            <HeartRateBpm>
              <Value>132</Value>
            </HeartRateBpm>
            <Cadence>69</Cadence>
            <Extensions>
              <ns3:TPX>
                <ns3:Speed>6.056000232696533</ns3:Speed>
                <ns3:Watts>161</ns3:Watts>
              </ns3:TPX>
            </Extensions>
          </Trackpoint>
          <Trackpoint>
            <Time>2025-07-25T12:09:25.000Z</Time>
            <Position>
              <LatitudeDegrees>43.097443263977766</LatitudeDegrees>
              <LongitudeDegrees>-2.575622722506523</LongitudeDegrees>
            </Position>
            <AltitudeMeters>241.8000030517578</AltitudeMeters>
            <DistanceMeters>4239.02001953125</DistanceMeters>
            <HeartRateBpm>
              <Value>132</Value>
            </HeartRateBpm>
            <Cadence>73</Cadence>
            <Extensions>
              <ns3:TPX>
                <ns3:Speed>6.0929999351501465</ns3:Speed>
                <ns3:Watts>175</ns3:Watts>
              </ns3:TPX>
            </Extensions>
          </Trackpoint>
          <Trackpoint>
            <Time>2025-07-25T12:09:26.000Z</Time>
            <Position>
              <LatitudeDegrees>43.09741593897343</LatitudeDegrees>
              <LongitudeDegrees>-2.575557930395007</LongitudeDegrees>
            </Position>
            <AltitudeMeters>242.0</AltitudeMeters>
            <DistanceMeters>4245.18994140625</DistanceMeters>
            <HeartRateBpm>
              <Value>131</Value>
            </HeartRateBpm>
            <Cadence>78</Cadence>
            <Extensions>
              <ns3:TPX>
                <ns3:Speed>6.14900016784668</ns3:Speed>
                <ns3:Watts>157</ns3:Watts>
              </ns3:TPX>
            </Extensions>
          </Trackpoint>
          <Trackpoint>
            <Time>2025-07-25T12:09:27.000Z</Time>
            <Position>
              <LatitudeDegrees>43.09738920070231</LatitudeDegrees>
              <LongitudeDegrees>-2.5754933897405863</LongitudeDegrees>
            </Position>
            <AltitudeMeters>242.0</AltitudeMeters>
            <DistanceMeters>4251.33984375</DistanceMeters>
            <HeartRateBpm>
              <Value>131</Value>
            </HeartRateBpm>
            <Cadence>74</Cadence>
            <Extensions>
              <ns3:TPX>
                <ns3:Speed>6.168000221252441</ns3:Speed>
                <ns3:Watts>164</ns3:Watts>
              </ns3:TPX>
            </Extensions>
          </Trackpoint>
          <Trackpoint>
            <Time>2025-07-25T12:09:28.000Z</Time>
            <Position>
              <LatitudeDegrees>43.09736120514572</LatitudeDegrees>
              <LongitudeDegrees>-2.575429268181324</LongitudeDegrees>
            </Position>
            <AltitudeMeters>242.0</AltitudeMeters>
            <DistanceMeters>4257.52001953125</DistanceMeters>
            <HeartRateBpm>
              <Value>131</Value>
            </HeartRateBpm>
            <Cadence>71</Cadence>
            <Extensions>
              <ns3:TPX>
                <ns3:Speed>6.185999870300293</ns3:Speed>
                <ns3:Watts>157</ns3:Watts>
              </ns3:TPX>
            </Extensions>
          </Trackpoint>
          <Trackpoint>
            <Time>2025-07-25T12:09:29.000Z</Time>
            <Position>
              <LatitudeDegrees>43.09733052738011</LatitudeDegrees>
              <LongitudeDegrees>-2.575363051146269</LongitudeDegrees>
            </Position>
            <AltitudeMeters>242.0</AltitudeMeters>
            <DistanceMeters>4263.83984375</DistanceMeters>
            <HeartRateBpm>
              <Value>131</Value>
            </HeartRateBpm>
            <Cadence>73</Cadence>
            <Extensions>
              <ns3:TPX>
                <ns3:Speed>6.326000213623047</ns3:Speed>
                <ns3:Watts>139</ns3:Watts>
              </ns3:TPX>
            </Extensions>
          </Trackpoint>
          <Trackpoint>
            <Time>2025-07-25T12:09:30.000Z</Time>
            <Position>
              <LatitudeDegrees>43.097300101071596</LatitudeDegrees>
              <LongitudeDegrees>-2.575295325368643</LongitudeDegrees>
            </Position>
            <AltitudeMeters>242.0</AltitudeMeters>
            <DistanceMeters>4270.2900390625</DistanceMeters>
            <HeartRateBpm>
              <Value>130</Value>
            </HeartRateBpm>
            <Cadence>77</Cadence>
            <Extensions>
              <ns3:TPX>
                <ns3:Speed>6.438000202178955</ns3:Speed>
                <ns3:Watts>142</ns3:Watts>
              </ns3:TPX>
            </Extensions>
          </Trackpoint>
          <Trackpoint>
            <Time>2025-07-25T12:09:31.000Z</Time>
            <Position>
              <LatitudeDegrees>43.09726900421083</LatitudeDegrees>
              <LongitudeDegrees>-2.575223995372653</LongitudeDegrees>
            </Position>
            <AltitudeMeters>242.0</AltitudeMeters>
            <DistanceMeters>4276.93994140625</DistanceMeters>
            <HeartRateBpm>
              <Value>130</Value>
            </HeartRateBpm>
            <Cadence>78</Cadence>
            <Extensions>
              <ns3:TPX>
                <ns3:Speed>6.6620001792907715</ns3:Speed>
                <ns3:Watts>127</ns3:Watts>
              </ns3:TPX>
            </Extensions>
          </Trackpoint>
          <Trackpoint>
            <Time>2025-07-25T12:09:32.000Z</Time>
            <Position>
              <LatitudeDegrees>43.09723757207394</LatitudeDegrees>
              <LongitudeDegrees>-2.5751511566340923</LongitudeDegrees>
            </Position>
            <AltitudeMeters>242.0</AltitudeMeters>
            <DistanceMeters>4283.8798828125</DistanceMeters>
            <HeartRateBpm>
              <Value>130</Value>
            </HeartRateBpm>
            <Cadence>79</Cadence>
            <Extensions>
              <ns3:TPX>
                <ns3:Speed>6.941999912261963</ns3:Speed>
                <ns3:Watts>142</ns3:Watts>
              </ns3:TPX>
            </Extensions>
          </Trackpoint>
          <Trackpoint>
            <Time>2025-07-25T12:09:33.000Z</Time>
            <Position>
              <LatitudeDegrees>43.09720639139414</LatitudeDegrees>
              <LongitudeDegrees>-2.5750754680484533</LongitudeDegrees>
            </Position>
            <AltitudeMeters>242.0</AltitudeMeters>
            <DistanceMeters>4291.18994140625</DistanceMeters>
            <HeartRateBpm>
              <Value>130</Value>
            </HeartRateBpm>
            <Cadence>83</Cadence>
            <Extensions>
              <ns3:TPX>
                <ns3:Speed>7.296999931335449</ns3:Speed>
                <ns3:Watts>99</ns3:Watts>
              </ns3:TPX>
            </Extensions>
          </Trackpoint>
          <Trackpoint>
            <Time>2025-07-25T12:09:34.000Z</Time>
            <Position>
              <LatitudeDegrees>43.09717420488596</LatitudeDegrees>
              <LongitudeDegrees>-2.5749927386641502</LongitudeDegrees>
            </Position>
            <AltitudeMeters>242.0</AltitudeMeters>
            <DistanceMeters>4298.77978515625</DistanceMeters>
            <HeartRateBpm>
              <Value>129</Value>
            </HeartRateBpm>
            <Cadence>69</Cadence>
            <Extensions>
              <ns3:TPX>
                <ns3:Speed>7.59499979019165</ns3:Speed>
                <ns3:Watts>155</ns3:Watts>
              </ns3:TPX>
            </Extensions>
          </Trackpoint>
          <Trackpoint>
            <Time>2025-07-25T12:09:35.000Z</Time>
            <Position>
              <LatitudeDegrees>43.09714017435908</LatitudeDegrees>
              <LongitudeDegrees>-2.5749016273766756</LongitudeDegrees>
            </Position>
            <AltitudeMeters>241.60000610351562</AltitudeMeters>
            <DistanceMeters>4306.8701171875</DistanceMeters>
            <HeartRateBpm>
              <Value>128</Value>
            </HeartRateBpm>
            <Cadence>81</Cadence>
            <Extensions>
              <ns3:TPX>
                <ns3:Speed>8.09000015258789</ns3:Speed>
                <ns3:Watts>102</ns3:Watts>
              </ns3:TPX>
            </Extensions>
          </Trackpoint>
          <Trackpoint>
            <Time>2025-07-25T12:09:36.000Z</Time>
            <Position>
              <LatitudeDegrees>43.09710714966059</LatitudeDegrees>
              <LongitudeDegrees>-2.5748049840331078</LongitudeDegrees>
            </Position>
            <AltitudeMeters>241.1999969482422</AltitudeMeters>
            <DistanceMeters>4315.419921875</DistanceMeters>
            <HeartRateBpm>
              <Value>128</Value>
            </HeartRateBpm>
            <Cadence>81</Cadence>
            <Extensions>
              <ns3:TPX>
                <ns3:Speed>8.54699993133545</ns3:Speed>
                <ns3:Watts>63</ns3:Watts>
              </ns3:TPX>
            </Extensions>
          </Trackpoint>
          <Trackpoint>
            <Time>2025-07-25T12:09:37.000Z</Time>
            <Position>
              <LatitudeDegrees>43.097075298428535</LatitudeDegrees>
              <LongitudeDegrees>-2.5747034791857004</LongitudeDegrees>
            </Position>
            <AltitudeMeters>241.1999969482422</AltitudeMeters>
            <DistanceMeters>4324.39990234375</DistanceMeters>
            <HeartRateBpm>
              <Value>127</Value>
            </HeartRateBpm>
            <Cadence>81</Cadence>
            <Extensions>
              <ns3:TPX>
                <ns3:Speed>8.97599983215332</ns3:Speed>
                <ns3:Watts>66</ns3:Watts>
              </ns3:TPX>
            </Extensions>
          </Trackpoint>
          <Trackpoint>
            <Time>2025-07-25T12:09:38.000Z</Time>
            <Position>
              <LatitudeDegrees>43.09704118408263</LatitudeDegrees>
              <LongitudeDegrees>-2.5745998788625</LongitudeDegrees>
            </Position>
            <AltitudeMeters>241.0</AltitudeMeters>
            <DistanceMeters>4333.759765625</DistanceMeters>
            <HeartRateBpm>
              <Value>126</Value>
            </HeartRateBpm>
            <Cadence>81</Cadence>
            <Extensions>
              <ns3:TPX>
                <ns3:Speed>9.368000030517578</ns3:Speed>
                <ns3:Watts>71</ns3:Watts>
              </ns3:TPX>
            </Extensions>
          </Trackpoint>
          <Trackpoint>
            <Time>2025-07-25T12:09:39.000Z</Time>
            <Position>
              <LatitudeDegrees>43.09700061567128</LatitudeDegrees>
              <LongitudeDegrees>-2.5744963623583317</LongitudeDegrees>
            </Position>
            <AltitudeMeters>240.8000030517578</AltitudeMeters>
            <DistanceMeters>4343.33984375</DistanceMeters>
            <HeartRateBpm>
              <Value>126</Value>
            </HeartRateBpm>
            <Cadence>0</Cadence>
            <Extensions>
              <ns3:TPX>
                <ns3:Speed>9.572999954223633</ns3:Speed>
                <ns3:Watts>71</ns3:Watts>
              </ns3:TPX>
            </Extensions>
          </Trackpoint>
          <Trackpoint>
            <Time>2025-07-25T12:09:40.000Z</Time>
            <Position>
              <LatitudeDegrees>43.09695040807128</LatitudeDegrees>
              <LongitudeDegrees>-2.5743981264531612</LongitudeDegrees>
            </Position>
            <AltitudeMeters>240.0</AltitudeMeters>
            <DistanceMeters>4353.0400390625</DistanceMeters>
            <HeartRateBpm>
              <Value>125</Value>
            </HeartRateBpm>
            <Cadence>43</Cadence>
            <Extensions>
              <ns3:TPX>
                <ns3:Speed>9.704000473022461</ns3:Speed>
                <ns3:Watts>68</ns3:Watts>
              </ns3:TPX>
            </Extensions>
          </Trackpoint>
          <Trackpoint>
            <Time>2025-07-25T12:09:41.000Z</Time>
            <Position>
              <LatitudeDegrees>43.09689290821552</LatitudeDegrees>
              <LongitudeDegrees>-2.5743090268224478</LongitudeDegrees>
            </Position>
            <AltitudeMeters>239.60000610351562</AltitudeMeters>
            <DistanceMeters>4362.72021484375</DistanceMeters>
            <HeartRateBpm>
              <Value>124</Value>
            </HeartRateBpm>
            <Cadence>40</Cadence>
            <Extensions>
              <ns3:TPX>
                <ns3:Speed>9.6850004196167</ns3:Speed>
                <ns3:Watts>139</ns3:Watts>
              </ns3:TPX>
            </Extensions>
          </Trackpoint>
          <Trackpoint>
            <Time>2025-07-25T12:09:42.000Z</Time>
            <Position>
              <LatitudeDegrees>43.09682618826628</LatitudeDegrees>
              <LongitudeDegrees>-2.5742304883897305</LongitudeDegrees>
            </Position>
            <AltitudeMeters>239.0</AltitudeMeters>
            <DistanceMeters>4372.43017578125</DistanceMeters>
            <HeartRateBpm>
              <Value>124</Value>
            </HeartRateBpm>
            <Cadence>88</Cadence>
            <Extensions>
              <ns3:TPX>
                <ns3:Speed>9.704000473022461</ns3:Speed>
                <ns3:Watts>154</ns3:Watts>
              </ns3:TPX>
            </Extensions>
          </Trackpoint>
          <Trackpoint>
            <Time>2025-07-25T12:09:43.000Z</Time>
            <Position>
              <LatitudeDegrees>43.096753768622875</LatitudeDegrees>
              <LongitudeDegrees>-2.5741612538695335</LongitudeDegrees>
            </Position>
            <AltitudeMeters>238.60000610351562</AltitudeMeters>
            <DistanceMeters>4382.169921875</DistanceMeters>
            <HeartRateBpm>
              <Value>124</Value>
            </HeartRateBpm>
            <Cadence>91</Cadence>
            <Extensions>
              <ns3:TPX>
                <ns3:Speed>9.75100040435791</ns3:Speed>
                <ns3:Watts>142</ns3:Watts>
              </ns3:TPX>
            </Extensions>
          </Trackpoint>
          <Trackpoint>
            <Time>2025-07-25T12:09:44.000Z</Time>
            <Position>
              <LatitudeDegrees>43.09668034315109</LatitudeDegrees>
              <LongitudeDegrees>-2.5740952882915735</LongitudeDegrees>
            </Position>
            <AltitudeMeters>238.60000610351562</AltitudeMeters>
            <DistanceMeters>4391.97998046875</DistanceMeters>
            <HeartRateBpm>
              <Value>123</Value>
            </HeartRateBpm>
            <Cadence>93</Cadence>
            <Extensions>
              <ns3:TPX>
                <ns3:Speed>9.79699993133545</ns3:Speed>
                <ns3:Watts>134</ns3:Watts>
              </ns3:TPX>
            </Extensions>
          </Trackpoint>
          <Trackpoint>
            <Time>2025-07-25T12:09:45.000Z</Time>
            <Position>
              <LatitudeDegrees>43.096607169136405</LatitudeDegrees>
              <LongitudeDegrees>-2.5740289874374866</LongitudeDegrees>
            </Position>
            <AltitudeMeters>238.1999969482422</AltitudeMeters>
            <DistanceMeters>4401.77978515625</DistanceMeters>
            <HeartRateBpm>
              <Value>123</Value>
            </HeartRateBpm>
            <Cadence>101</Cadence>
            <Extensions>
              <ns3:TPX>
                <ns3:Speed>9.79699993133545</ns3:Speed>
                <ns3:Watts>141</ns3:Watts>
              </ns3:TPX>
            </Extensions>
          </Trackpoint>
          <Trackpoint>
            <Time>2025-07-25T12:09:46.000Z</Time>
            <Position>
              <LatitudeDegrees>43.096534749493</LatitudeDegrees>
              <LongitudeDegrees>-2.5739630218595266</LongitudeDegrees>
            </Position>
            <AltitudeMeters>238.0</AltitudeMeters>
            <DistanceMeters>4411.5</DistanceMeters>
            <HeartRateBpm>
              <Value>123</Value>
            </HeartRateBpm>
            <Cadence>93</Cadence>
            <Extensions>
              <ns3:TPX>
                <ns3:Speed>9.732000350952148</ns3:Speed>
                <ns3:Watts>138</ns3:Watts>
              </ns3:TPX>
            </Extensions>
          </Trackpoint>
          <Trackpoint>
            <Time>2025-07-25T12:09:47.000Z</Time>
            <Position>
              <LatitudeDegrees>43.09646266512573</LatitudeDegrees>
              <LongitudeDegrees>-2.573896888643503</LongitudeDegrees>
            </Position>
            <AltitudeMeters>237.39999389648438</AltitudeMeters>
            <DistanceMeters>4421.2001953125</DistanceMeters>
            <HeartRateBpm>
              <Value>123</Value>
            </HeartRateBpm>
            <Cadence>99</Cadence>
            <Extensions>
              <ns3:TPX>
                <ns3:Speed>9.704000473022461</ns3:Speed>
                <ns3:Watts>159</ns3:Watts>
              </ns3:TPX>
            </Extensions>
          </Trackpoint>
          <Trackpoint>
            <Time>2025-07-25T12:09:48.000Z</Time>
            <Position>
              <LatitudeDegrees>43.09640642255545</LatitudeDegrees>
              <LongitudeDegrees>-2.57384299300611</LongitudeDegrees>
            </Position>
            <AltitudeMeters>237.1999969482422</AltitudeMeters>
            <DistanceMeters>4430.8701171875</DistanceMeters>
            <HeartRateBpm>
              <Value>123</Value>
            </HeartRateBpm>
            <Cadence>89</Cadence>
            <Extensions>
              <ns3:TPX>
                <ns3:Speed>9.666999816894531</ns3:Speed>
                <ns3:Watts>157</ns3:Watts>
              </ns3:TPX>
            </Extensions>
          </Trackpoint>
          <Trackpoint>
            <Time>2025-07-25T12:09:49.000Z</Time>
            <Position>
              <LatitudeDegrees>43.096323274075985</LatitudeDegrees>
              <LongitudeDegrees>-2.5737606827169657</LongitudeDegrees>
            </Position>
            <AltitudeMeters>236.8000030517578</AltitudeMeters>
            <DistanceMeters>4440.43017578125</DistanceMeters>
            <HeartRateBpm>
              <Value>122</Value>
            </HeartRateBpm>
            <Cadence>98</Cadence>
            <Extensions>
              <ns3:TPX>
                <ns3:Speed>9.555000305175781</ns3:Speed>
                <ns3:Watts>176</ns3:Watts>
              </ns3:TPX>
            </Extensions>
          </Trackpoint>
          <Trackpoint>
            <Time>2025-07-25T12:09:50.000Z</Time>
            <Position>
              <LatitudeDegrees>43.09627130627632</LatitudeDegrees>
              <LongitudeDegrees>-2.573703099042177</LongitudeDegrees>
            </Position>
            <AltitudeMeters>236.60000610351562</AltitudeMeters>
            <DistanceMeters>4449.830078125</DistanceMeters>
            <HeartRateBpm>
              <Value>121</Value>
            </HeartRateBpm>
            <Cadence>94</Cadence>
            <Extensions>
              <ns3:TPX>
                <ns3:Speed>9.38700008392334</ns3:Speed>
                <ns3:Watts>179</ns3:Watts>
              </ns3:TPX>
            </Extensions>
          </Trackpoint>
          <Trackpoint>
            <Time>2025-07-25T12:09:51.000Z</Time>
            <Position>
              <LatitudeDegrees>43.09620886109769</LatitudeDegrees>
              <LongitudeDegrees>-2.573628667742014</LongitudeDegrees>
            </Position>
            <AltitudeMeters>236.60000610351562</AltitudeMeters>
            <DistanceMeters>4459.02978515625</DistanceMeters>
            <HeartRateBpm>
              <Value>121</Value>
            </HeartRateBpm>
            <Cadence>91</Cadence>
            <Extensions>
              <ns3:TPX>
                <ns3:Speed>9.208999633789062</ns3:Speed>
                <ns3:Watts>170</ns3:Watts>
              </ns3:TPX>
            </Extensions>
          </Trackpoint>
          <Trackpoint>
            <Time>2025-07-25T12:09:52.000Z</Time>
            <Position>
              <LatitudeDegrees>43.09614951722324</LatitudeDegrees>
              <LongitudeDegrees>-2.573551721870899</LongitudeDegrees>
            </Position>
            <AltitudeMeters>236.60000610351562</AltitudeMeters>
            <DistanceMeters>4468.0</DistanceMeters>
            <HeartRateBpm>
              <Value>121</Value>
            </HeartRateBpm>
            <Cadence>87</Cadence>
            <Extensions>
              <ns3:TPX>
                <ns3:Speed>8.97599983215332</ns3:Speed>
                <ns3:Watts>205</ns3:Watts>
              </ns3:TPX>
            </Extensions>
          </Trackpoint>
          <Trackpoint>
            <Time>2025-07-25T12:09:53.000Z</Time>
            <Position>
              <LatitudeDegrees>43.096082881093025</LatitudeDegrees>
              <LongitudeDegrees>-2.573460442945361</LongitudeDegrees>
            </Position>
            <AltitudeMeters>236.39999389648438</AltitudeMeters>
            <DistanceMeters>4476.68994140625</DistanceMeters>
            <HeartRateBpm>
              <Value>121</Value>
            </HeartRateBpm>
            <Cadence>85</Cadence>
            <Extensions>
              <ns3:TPX>
                <ns3:Speed>8.687000274658203</ns3:Speed>
                <ns3:Watts>202</ns3:Watts>
              </ns3:TPX>
            </Extensions>
          </Trackpoint>
          <Trackpoint>
            <Time>2025-07-25T12:09:54.000Z</Time>
            <Position>
              <LatitudeDegrees>43.096031500026584</LatitudeDegrees>
              <LongitudeDegrees>-2.5733861792832613</LongitudeDegrees>
            </Position>
            <AltitudeMeters>236.39999389648438</AltitudeMeters>
            <DistanceMeters>4485.10986328125</DistanceMeters>
            <HeartRateBpm>
              <Value>121</Value>
            </HeartRateBpm>
            <Cadence>83</Cadence>
            <Extensions>
              <ns3:TPX>
                <ns3:Speed>8.425999641418457</ns3:Speed>
                <ns3:Watts>214</ns3:Watts>
              </ns3:TPX>
            </Extensions>
          </Trackpoint>
          <Trackpoint>
            <Time>2025-07-25T12:09:55.000Z</Time>
            <Position>
              <LatitudeDegrees>43.09598405845463</LatitudeDegrees>
              <LongitudeDegrees>-2.573310909792781</LongitudeDegrees>
            </Position>
            <AltitudeMeters>236.39999389648438</AltitudeMeters>
            <DistanceMeters>4493.31005859375</DistanceMeters>
            <HeartRateBpm>
              <Value>121</Value>
            </HeartRateBpm>
            <Cadence>81</Cadence>
            <Extensions>
              <ns3:TPX>
                <ns3:Speed>8.20199966430664</ns3:Speed>
                <ns3:Watts>244</ns3:Watts>
              </ns3:TPX>
            </Extensions>
          </Trackpoint>
          <Trackpoint>
            <Time>2025-07-25T12:09:56.000Z</Time>
            <Position>
              <LatitudeDegrees>43.095937203615904</LatitudeDegrees>
              <LongitudeDegrees>-2.573236981406808</LongitudeDegrees>
            </Position>
            <AltitudeMeters>236.60000610351562</AltitudeMeters>
            <DistanceMeters>4501.35009765625</DistanceMeters>
            <HeartRateBpm>
              <Value>121</Value>
            </HeartRateBpm>
            <Cadence>79</Cadence>
            <Extensions>
              <ns3:TPX>
                <ns3:Speed>8.034000396728516</ns3:Speed>
                <ns3:Watts>230</ns3:Watts>
              </ns3:TPX>
            </Extensions>
          </Trackpoint>
          <Trackpoint>
            <Time>2025-07-25T12:09:57.000Z</Time>
            <Position>
              <LatitudeDegrees>43.095890348777175</LatitudeDegrees>
              <LongitudeDegrees>-2.573166908696294</LongitudeDegrees>
            </Position>
            <AltitudeMeters>236.8000030517578</AltitudeMeters>
            <DistanceMeters>4509.240234375</DistanceMeters>
            <HeartRateBpm>
              <Value>121</Value>
            </HeartRateBpm>
            <Cadence>76</Cadence>
            <Extensions>
              <ns3:TPX>
                <ns3:Speed>7.883999824523926</ns3:Speed>
                <ns3:Watts>243</ns3:Watts>
              </ns3:TPX>
            </Extensions>
          </Trackpoint>
          <Trackpoint>
            <Time>2025-07-25T12:09:58.000Z</Time>
            <Position>
              <LatitudeDegrees>43.09584449976683</LatitudeDegrees>
              <LongitudeDegrees>-2.573100021108985</LongitudeDegrees>
            </Position>
            <AltitudeMeters>236.8000030517578</AltitudeMeters>
            <DistanceMeters>4516.9599609375</DistanceMeters>
            <HeartRateBpm>
              <Value>131</Value>
            </HeartRateBpm>
            <Cadence>75</Cadence>
            <Extensions>
              <ns3:TPX>
                <ns3:Speed>7.72599983215332</ns3:Speed>
                <ns3:Watts>241</ns3:Watts>
              </ns3:TPX>
            </Extensions>
          </Trackpoint>
          <Trackpoint>
            <Time>2025-07-25T12:09:59.000Z</Time>
            <Position>
              <LatitudeDegrees>43.0957976449281</LatitudeDegrees>
              <LongitudeDegrees>-2.5730377435684204</LongitudeDegrees>
            </Position>
            <AltitudeMeters>237.0</AltitudeMeters>
            <DistanceMeters>4524.5</DistanceMeters>
            <HeartRateBpm>
              <Value>131</Value>
            </HeartRateBpm>
            <Cadence>74</Cadence>
            <Extensions>
              <ns3:TPX>
                <ns3:Speed>7.548999786376953</ns3:Speed>
                <ns3:Watts>254</ns3:Watts>
              </ns3:TPX>
            </Extensions>
          </Trackpoint>
          <Trackpoint>
            <Time>2025-07-25T12:10:00.000Z</Time>
            <Position>
              <LatitudeDegrees>43.09574701823294</LatitudeDegrees>
              <LongitudeDegrees>-2.57298250682652</LongitudeDegrees>
            </Position>
            <AltitudeMeters>237.0</AltitudeMeters>
            <DistanceMeters>4531.919921875</DistanceMeters>
            <HeartRateBpm>
              <Value>131</Value>
            </HeartRateBpm>
            <Cadence>72</Cadence>
            <Extensions>
              <ns3:TPX>
                <ns3:Speed>7.418000221252441</ns3:Speed>
                <ns3:Watts>230</ns3:Watts>
              </ns3:TPX>
            </Extensions>
          </Trackpoint>
          <Trackpoint>
            <Time>2025-07-25T12:10:01.000Z</Time>
            <Position>
              <LatitudeDegrees>43.095692452043295</LatitudeDegrees>
              <LongitudeDegrees>-2.5729355681687593</LongitudeDegrees>
            </Position>
            <AltitudeMeters>237.0</AltitudeMeters>
            <DistanceMeters>4539.22021484375</DistanceMeters>
            <HeartRateBpm>
              <Value>129</Value>
            </HeartRateBpm>
            <Cadence>71</Cadence>
            <Extensions>
              <ns3:TPX>
                <ns3:Speed>7.296999931335449</ns3:Speed>
                <ns3:Watts>258</ns3:Watts>
              </ns3:TPX>
            </Extensions>
          </Trackpoint>
          <Trackpoint>
            <Time>2025-07-25T12:10:02.000Z</Time>
            <Position>
              <LatitudeDegrees>43.095635287463665</LatitudeDegrees>
              <LongitudeDegrees>-2.5728978496044874</LongitudeDegrees>
            </Position>
            <AltitudeMeters>237.1999969482422</AltitudeMeters>
            <DistanceMeters>4546.35986328125</DistanceMeters>
            <HeartRateBpm>
              <Value>127</Value>
            </HeartRateBpm>
            <Cadence>69</Cadence>
            <Extensions>
              <ns3:TPX>
                <ns3:Speed>7.138000011444092</ns3:Speed>
                <ns3:Watts>256</ns3:Watts>
              </ns3:TPX>
            </Extensions>
          </Trackpoint>
          <Trackpoint>
            <Time>2025-07-25T12:10:03.000Z</Time>
            <Position>
              <LatitudeDegrees>43.09557770378888</LatitudeDegrees>
              <LongitudeDegrees>-2.57286767475307</LongitudeDegrees>
            </Position>
            <AltitudeMeters>237.39999389648438</AltitudeMeters>
            <DistanceMeters>4553.35009765625</DistanceMeters>
            <HeartRateBpm>
              <Value>126</Value>
            </HeartRateBpm>
            <Cadence>68</Cadence>
            <Extensions>
              <ns3:TPX>
                <ns3:Speed>6.988999843597412</ns3:Speed>
                <ns3:Watts>263</ns3:Watts>
              </ns3:TPX>
            </Extensions>
          </Trackpoint>
          <Trackpoint>
            <Time>2025-07-25T12:10:04.000Z</Time>
            <Position>
              <LatitudeDegrees>43.09552154503763</LatitudeDegrees>
              <LongitudeDegrees>-2.5728424452245235</LongitudeDegrees>
            </Position>
            <AltitudeMeters>237.60000610351562</AltitudeMeters>
            <DistanceMeters>4560.2001953125</DistanceMeters>
            <HeartRateBpm>
              <Value>126</Value>
            </HeartRateBpm>
            <Cadence>66</Cadence>
            <Extensions>
              <ns3:TPX>
                <ns3:Speed>6.848999977111816</ns3:Speed>
                <ns3:Watts>265</ns3:Watts>
              </ns3:TPX>
            </Extensions>
          </Trackpoint>
          <Trackpoint>
            <Time>2025-07-25T12:10:05.000Z</Time>
            <Position>
              <LatitudeDegrees>43.095467146486044</LatitudeDegrees>
              <LongitudeDegrees>-2.57281880825758</LongitudeDegrees>
            </Position>
            <AltitudeMeters>238.0</AltitudeMeters>
            <DistanceMeters>4566.669921875</DistanceMeters>
            <HeartRateBpm>
              <Value>126</Value>
            </HeartRateBpm>
            <Cadence>64</Cadence>
            <Extensions>
              <ns3:TPX>
                <ns3:Speed>6.47599983215332</ns3:Speed>
                <ns3:Watts>289</ns3:Watts>
              </ns3:TPX>
            </Extensions>
          </Trackpoint>
          <Trackpoint>
            <Time>2025-07-25T12:10:06.000Z</Time>
            <Position>
              <LatitudeDegrees>43.09541031718254</LatitudeDegrees>
              <LongitudeDegrees>-2.5727991107851267</LongitudeDegrees>
            </Position>
            <AltitudeMeters>238.39999389648438</AltitudeMeters>
            <DistanceMeters>4573.31005859375</DistanceMeters>
            <HeartRateBpm>
              <Value>126</Value>
            </HeartRateBpm>
            <Cadence>62</Cadence>
            <Extensions>
              <ns3:TPX>
                <ns3:Speed>6.64300012588501</ns3:Speed>
                <ns3:Watts>324</ns3:Watts>
              </ns3:TPX>
            </Extensions>
          </Trackpoint>
          <Trackpoint>
            <Time>2025-07-25T12:10:07.000Z</Time>
            <Position>
              <LatitudeDegrees>43.09535273350775</LatitudeDegrees>
              <LongitudeDegrees>-2.5727796647697687</LongitudeDegrees>
            </Position>
            <AltitudeMeters>238.60000610351562</AltitudeMeters>
            <DistanceMeters>4579.919921875</DistanceMeters>
            <HeartRateBpm>
              <Value>125</Value>
            </HeartRateBpm>
            <Cadence>63</Cadence>
            <Extensions>
              <ns3:TPX>
                <ns3:Speed>6.568999767303467</ns3:Speed>
                <ns3:Watts>328</ns3:Watts>
              </ns3:TPX>
            </Extensions>
          </Trackpoint>
          <Trackpoint>
            <Time>2025-07-25T12:10:08.000Z</Time>
            <Position>
              <LatitudeDegrees>43.09529548510909</LatitudeDegrees>
              <LongitudeDegrees>-2.572759883478284</LongitudeDegrees>
            </Position>
            <AltitudeMeters>238.60000610351562</AltitudeMeters>
            <DistanceMeters>4586.43017578125</DistanceMeters>
            <HeartRateBpm>
              <Value>124</Value>
            </HeartRateBpm>
            <Cadence>62</Cadence>
            <Extensions>
              <ns3:TPX>
                <ns3:Speed>6.531000137329102</ns3:Speed>
                <ns3:Watts>319</ns3:Watts>
              </ns3:TPX>
            </Extensions>
          </Trackpoint>
          <Trackpoint>
            <Time>2025-07-25T12:10:09.000Z</Time>
            <Position>
              <LatitudeDegrees>43.09523991309106</LatitudeDegrees>
              <LongitudeDegrees>-2.572739850729704</LongitudeDegrees>
            </Position>
            <AltitudeMeters>238.60000610351562</AltitudeMeters>
            <DistanceMeters>4592.93994140625</DistanceMeters>
            <HeartRateBpm>
              <Value>124</Value>
            </HeartRateBpm>
            <Cadence>62</Cadence>
            <Extensions>
              <ns3:TPX>
                <ns3:Speed>6.521999835968018</ns3:Speed>
                <ns3:Watts>295</ns3:Watts>
              </ns3:TPX>
            </Extensions>
          </Trackpoint>
          <Trackpoint>
            <Time>2025-07-25T12:10:10.000Z</Time>
            <Position>
              <LatitudeDegrees>43.09519691392779</LatitudeDegrees>
              <LongitudeDegrees>-2.5727188121527433</LongitudeDegrees>
            </Position>
            <AltitudeMeters>238.8000030517578</AltitudeMeters>
            <DistanceMeters>4599.490234375</DistanceMeters>
            <HeartRateBpm>
              <Value>124</Value>
            </HeartRateBpm>
            <Cadence>62</Cadence>
            <Extensions>
              <ns3:TPX>
                <ns3:Speed>6.550000190734863</ns3:Speed>
                <ns3:Watts>298</ns3:Watts>
              </ns3:TPX>
            </Extensions>
          </Trackpoint>
          <Trackpoint>
            <Time>2025-07-25T12:10:11.000Z</Time>
            <Position>
              <LatitudeDegrees>43.095135977491736</LatitudeDegrees>
              <LongitudeDegrees>-2.572680087760091</LongitudeDegrees>
            </Position>
            <AltitudeMeters>238.8000030517578</AltitudeMeters>
            <DistanceMeters>4606.02001953125</DistanceMeters>
            <HeartRateBpm>
              <Value>124</Value>
            </HeartRateBpm>
            <Cadence>62</Cadence>
            <Extensions>
              <ns3:TPX>
                <ns3:Speed>6.521999835968018</ns3:Speed>
                <ns3:Watts>305</ns3:Watts>
              </ns3:TPX>
            </Extensions>
          </Trackpoint>
          <Trackpoint>
            <Time>2025-07-25T12:10:12.000Z</Time>
            <Position>
              <LatitudeDegrees>43.09508635662496</LatitudeDegrees>
              <LongitudeDegrees>-2.5726391840726137</LongitudeDegrees>
            </Position>
            <AltitudeMeters>239.1999969482422</AltitudeMeters>
            <DistanceMeters>4612.47021484375</DistanceMeters>
            <HeartRateBpm>
              <Value>124</Value>
            </HeartRateBpm>
            <Cadence>62</Cadence>
            <Extensions>
              <ns3:TPX>
                <ns3:Speed>6.456999778747559</ns3:Speed>
                <ns3:Watts>303</ns3:Watts>
              </ns3:TPX>
            </Extensions>
          </Trackpoint>
          <Trackpoint>
            <Time>2025-07-25T12:10:13.000Z</Time>
            <Position>
              <LatitudeDegrees>43.09504394419491</LatitudeDegrees>
              <LongitudeDegrees>-2.5725924130529165</LongitudeDegrees>
            </Position>
            <AltitudeMeters>239.60000610351562</AltitudeMeters>
            <DistanceMeters>4619.08984375</DistanceMeters>
            <HeartRateBpm>
              <Value>124</Value>
            </HeartRateBpm>
            <Cadence>62</Cadence>
            <Extensions>
              <ns3:TPX>
                <ns3:Speed>6.625</ns3:Speed>
                <ns3:Watts>172</ns3:Watts>
              </ns3:TPX>
            </Extensions>
          </Trackpoint>
          <Trackpoint>
            <Time>2025-07-25T12:10:14.000Z</Time>
            <Position>
              <LatitudeDegrees>43.095004046335816</LatitudeDegrees>
              <LongitudeDegrees>-2.57254421710968</LongitudeDegrees>
            </Position>
            <AltitudeMeters>240.0</AltitudeMeters>
            <DistanceMeters>4625.419921875</DistanceMeters>
            <HeartRateBpm>
              <Value>125</Value>
            </HeartRateBpm>
            <Cadence>45</Cadence>
            <Extensions>
              <ns3:TPX>
                <ns3:Speed>6.326000213623047</ns3:Speed>
                <ns3:Watts>226</ns3:Watts>
              </ns3:TPX>
            </Extensions>
          </Trackpoint>
          <Trackpoint>
            <Time>2025-07-25T12:10:15.000Z</Time>
            <Position>
              <LatitudeDegrees>43.09496431611478</LatitudeDegrees>
              <LongitudeDegrees>-2.5724949315190315</LongitudeDegrees>
            </Position>
            <AltitudeMeters>240.1999969482422</AltitudeMeters>
            <DistanceMeters>4631.6201171875</DistanceMeters>
            <HeartRateBpm>
              <Value>125</Value>
            </HeartRateBpm>
            <Cadence>59</Cadence>
            <Extensions>
              <ns3:TPX>
                <ns3:Speed>6.196000099182129</ns3:Speed>
                <ns3:Watts>214</ns3:Watts>
              </ns3:TPX>
            </Extensions>
          </Trackpoint>
          <Trackpoint>
            <Time>2025-07-25T12:10:16.000Z</Time>
            <Position>
              <LatitudeDegrees>43.09492358006537</LatitudeDegrees>
              <LongitudeDegrees>-2.572444137185812</LongitudeDegrees>
            </Position>
            <AltitudeMeters>240.39999389648438</AltitudeMeters>
            <DistanceMeters>4637.83984375</DistanceMeters>
            <HeartRateBpm>
              <Value>126</Value>
            </HeartRateBpm>
            <Cadence>67</Cadence>
            <Extensions>
              <ns3:TPX>
                <ns3:Speed>6.223999977111816</ns3:Speed>
                <ns3:Watts>236</ns3:Watts>
              </ns3:TPX>
            </Extensions>
          </Trackpoint>
          <Trackpoint>
            <Time>2025-07-25T12:10:17.000Z</Time>
            <Position>
              <LatitudeDegrees>43.09488301165402</LatitudeDegrees>
              <LongitudeDegrees>-2.5723930075764656</LongitudeDegrees>
            </Position>
            <AltitudeMeters>240.60000610351562</AltitudeMeters>
            <DistanceMeters>4644.0498046875</DistanceMeters>
            <HeartRateBpm>
              <Value>126</Value>
            </HeartRateBpm>
            <Cadence>67</Cadence>
            <Extensions>
              <ns3:TPX>
                <ns3:Speed>6.204999923706055</ns3:Speed>
                <ns3:Watts>228</ns3:Watts>
              </ns3:TPX>
            </Extensions>
          </Trackpoint>
          <Trackpoint>
            <Time>2025-07-25T12:10:18.000Z</Time>
            <Position>
              <LatitudeDegrees>43.09484152123332</LatitudeDegrees>
              <LongitudeDegrees>-2.5723420456051826</LongitudeDegrees>
            </Position>
            <AltitudeMeters>240.60000610351562</AltitudeMeters>
            <DistanceMeters>4650.2099609375</DistanceMeters>
            <HeartRateBpm>
              <Value>127</Value>
            </HeartRateBpm>
            <Cadence>66</Cadence>
            <Extensions>
              <ns3:TPX>
                <ns3:Speed>6.168000221252441</ns3:Speed>
                <ns3:Watts>210</ns3:Watts>
              </ns3:TPX>
            </Extensions>
          </Trackpoint>
          <Trackpoint>
            <Time>2025-07-25T12:10:19.000Z</Time>
            <Position>
              <LatitudeDegrees>43.09479986317456</LatitudeDegrees>
              <LongitudeDegrees>-2.572292173281312</LongitudeDegrees>
            </Position>
            <AltitudeMeters>241.0</AltitudeMeters>
            <DistanceMeters>4656.35009765625</DistanceMeters>
            <HeartRateBpm>
              <Value>127</Value>
            </HeartRateBpm>
            <Cadence>67</Cadence>
            <Extensions>
              <ns3:TPX>
                <ns3:Speed>6.130000114440918</ns3:Speed>
                <ns3:Watts>208</ns3:Watts>
              </ns3:TPX>
            </Extensions>
          </Trackpoint>
          <Trackpoint>
            <Time>2025-07-25T12:10:20.000Z</Time>
            <Position>
              <LatitudeDegrees>43.09479986317456</LatitudeDegrees>
              <LongitudeDegrees>-2.572292173281312</LongitudeDegrees>
            </Position>
            <AltitudeMeters>241.39999389648438</AltitudeMeters>
            <DistanceMeters>4662.47998046875</DistanceMeters>
            <HeartRateBpm>
              <Value>127</Value>
            </HeartRateBpm>
            <Cadence>66</Cadence>
            <Extensions>
              <ns3:TPX>
                <ns3:Speed>6.130000114440918</ns3:Speed>
                <ns3:Watts>238</ns3:Watts>
              </ns3:TPX>
            </Extensions>
          </Trackpoint>
          <Trackpoint>
            <Time>2025-07-25T12:10:21.000Z</Time>
            <Position>
              <LatitudeDegrees>43.09475644491613</LatitudeDegrees>
              <LongitudeDegrees>-2.572244396433234</LongitudeDegrees>
            </Position>
            <AltitudeMeters>241.39999389648438</AltitudeMeters>
            <DistanceMeters>4668.56005859375</DistanceMeters>
            <HeartRateBpm>
              <Value>127</Value>
            </HeartRateBpm>
            <Cadence>66</Cadence>
            <Extensions>
              <ns3:TPX>
                <ns3:Speed>6.084000110626221</ns3:Speed>
                <ns3:Watts>254</ns3:Watts>
              </ns3:TPX>
            </Extensions>
          </Trackpoint>
          <Trackpoint>
            <Time>2025-07-25T12:10:22.000Z</Time>
            <Position>
              <LatitudeDegrees>43.094688300043344</LatitudeDegrees>
              <LongitudeDegrees>-2.572166444733739</LongitudeDegrees>
            </Position>
            <AltitudeMeters>241.39999389648438</AltitudeMeters>
            <DistanceMeters>4674.60009765625</DistanceMeters>
            <HeartRateBpm>
              <Value>128</Value>
            </HeartRateBpm>
            <Cadence>65</Cadence>
            <Extensions>
              <ns3:TPX>
                <ns3:Speed>6.046000003814697</ns3:Speed>
                <ns3:Watts>241</ns3:Watts>
              </ns3:TPX>
            </Extensions>
          </Trackpoint>
          <Trackpoint>
            <Time>2025-07-25T12:10:23.000Z</Time>
            <Position>
              <LatitudeDegrees>43.09464504942298</LatitudeDegrees>
              <LongitudeDegrees>-2.5721171591430902</LongitudeDegrees>
            </Position>
            <AltitudeMeters>241.39999389648438</AltitudeMeters>
            <DistanceMeters>4680.66015625</DistanceMeters>
            <HeartRateBpm>
              <Value>128</Value>
            </HeartRateBpm>
            <Cadence>65</Cadence>
            <Extensions>
              <ns3:TPX>
                <ns3:Speed>6.046000003814697</ns3:Speed>
                <ns3:Watts>193</ns3:Watts>
              </ns3:TPX>
            </Extensions>
          </Trackpoint>
          <Trackpoint>
            <Time>2025-07-25T12:10:24.000Z</Time>
            <Position>
              <LatitudeDegrees>43.09458687901497</LatitudeDegrees>
              <LongitudeDegrees>-2.5720511097460985</LongitudeDegrees>
            </Position>
            <AltitudeMeters>241.8000030517578</AltitudeMeters>
            <DistanceMeters>4686.64990234375</DistanceMeters>
            <HeartRateBpm>
              <Value>132</Value>
            </HeartRateBpm>
            <Cadence>71</Cadence>
            <Extensions>
              <ns3:TPX>
                <ns3:Speed>6.0</ns3:Speed>
                <ns3:Watts>242</ns3:Watts>
              </ns3:TPX>
            </Extensions>
          </Trackpoint>
          <Trackpoint>
            <Time>2025-07-25T12:10:25.000Z</Time>
            <Position>
              <LatitudeDegrees>43.09454631060362</LatitudeDegrees>
              <LongitudeDegrees>-2.572004087269306</LongitudeDegrees>
            </Position>
            <AltitudeMeters>241.8000030517578</AltitudeMeters>
            <DistanceMeters>4692.5498046875</DistanceMeters>
            <HeartRateBpm>
              <Value>132</Value>
            </HeartRateBpm>
            <Cadence>71</Cadence>
            <Extensions>
              <ns3:TPX>
                <ns3:Speed>5.896999835968018</ns3:Speed>
                <ns3:Watts>254</ns3:Watts>
              </ns3:TPX>
            </Extensions>
          </Trackpoint>
          <Trackpoint>
            <Time>2025-07-25T12:10:26.000Z</Time>
            <Position>
              <LatitudeDegrees>43.09450490400195</LatitudeDegrees>
              <LongitudeDegrees>-2.571959076449275</LongitudeDegrees>
            </Position>
            <AltitudeMeters>242.0</AltitudeMeters>
            <DistanceMeters>4698.4501953125</DistanceMeters>
            <HeartRateBpm>
              <Value>130</Value>
            </HeartRateBpm>
            <Cadence>70</Cadence>
            <Extensions>
              <ns3:TPX>
                <ns3:Speed>5.896999835968018</ns3:Speed>
                <ns3:Watts>225</ns3:Watts>
              </ns3:TPX>
            </Extensions>
          </Trackpoint>
          <Trackpoint>
            <Time>2025-07-25T12:10:27.000Z</Time>
            <Position>
              <LatitudeDegrees>43.09447112493217</LatitudeDegrees>
              <LongitudeDegrees>-2.571926135569811</LongitudeDegrees>
            </Position>
            <AltitudeMeters>242.0</AltitudeMeters>
            <DistanceMeters>4704.31982421875</DistanceMeters>
            <HeartRateBpm>
              <Value>129</Value>
            </HeartRateBpm>
            <Cadence>69</Cadence>
            <Extensions>
              <ns3:TPX>
                <ns3:Speed>5.877999782562256</ns3:Speed>
                <ns3:Watts>259</ns3:Watts>
              </ns3:TPX>
            </Extensions>
          </Trackpoint>
          <Trackpoint>
            <Time>2025-07-25T12:10:28.000Z</Time>
            <Position>
              <LatitudeDegrees>43.09442183934152</LatitudeDegrees>
              <LongitudeDegrees>-2.5718765147030354</LongitudeDegrees>
            </Position>
            <AltitudeMeters>242.1999969482422</AltitudeMeters>
            <DistanceMeters>4710.14990234375</DistanceMeters>
            <HeartRateBpm>
              <Value>129</Value>
            </HeartRateBpm>
            <Cadence>69</Cadence>
            <Extensions>
              <ns3:TPX>
                <ns3:Speed>5.822000026702881</ns3:Speed>
                <ns3:Watts>246</ns3:Watts>
              </ns3:TPX>
            </Extensions>
          </Trackpoint>
          <Trackpoint>
            <Time>2025-07-25T12:10:29.000Z</Time>
            <Position>
              <LatitudeDegrees>43.09437917545438</LatitudeDegrees>
              <LongitudeDegrees>-2.571838377043605</LongitudeDegrees>
            </Position>
            <AltitudeMeters>242.1999969482422</AltitudeMeters>
            <DistanceMeters>4715.93994140625</DistanceMeters>
            <HeartRateBpm>
              <Value>128</Value>
            </HeartRateBpm>
            <Cadence>68</Cadence>
            <Extensions>
              <ns3:TPX>
                <ns3:Speed>5.803999900817871</ns3:Speed>
                <ns3:Watts>251</ns3:Watts>
              </ns3:TPX>
            </Extensions>
          </Trackpoint>
          <Trackpoint>
            <Time>2025-07-25T12:10:30.000Z</Time>
            <Position>
              <LatitudeDegrees>43.094335086643696</LatitudeDegrees>
              <LongitudeDegrees>-2.57180392742157</LongitudeDegrees>
            </Position>
            <AltitudeMeters>242.1999969482422</AltitudeMeters>
            <DistanceMeters>4721.7001953125</DistanceMeters>
            <HeartRateBpm>
              <Value>128</Value>
            </HeartRateBpm>
            <Cadence>68</Cadence>
            <Extensions>
              <ns3:TPX>
                <ns3:Speed>5.748000144958496</ns3:Speed>
                <ns3:Watts>277</ns3:Watts>
              </ns3:TPX>
            </Extensions>
          </Trackpoint>
          <Trackpoint>
            <Time>2025-07-25T12:10:31.000Z</Time>
            <Position>
              <LatitudeDegrees>43.09428948909044</LatitudeDegrees>
              <LongitudeDegrees>-2.571772914379835</LongitudeDegrees>
            </Position>
            <AltitudeMeters>242.39999389648438</AltitudeMeters>
            <DistanceMeters>4727.43994140625</DistanceMeters>
            <HeartRateBpm>
              <Value>127</Value>
            </HeartRateBpm>
            <Cadence>68</Cadence>
            <Extensions>
              <ns3:TPX>
                <ns3:Speed>5.73799991607666</ns3:Speed>
                <ns3:Watts>271</ns3:Watts>
              </ns3:TPX>
            </Extensions>
          </Trackpoint>
          <Trackpoint>
            <Time>2025-07-25T12:10:32.000Z</Time>
            <Position>
              <LatitudeDegrees>43.09424296952784</LatitudeDegrees>
              <LongitudeDegrees>-2.5717442482709885</LongitudeDegrees>
            </Position>
            <AltitudeMeters>242.39999389648438</AltitudeMeters>
            <DistanceMeters>4733.18017578125</DistanceMeters>
            <HeartRateBpm>
              <Value>127</Value>
            </HeartRateBpm>
            <Cadence>68</Cadence>
            <Extensions>
              <ns3:TPX>
                <ns3:Speed>5.748000144958496</ns3:Speed>
                <ns3:Watts>243</ns3:Watts>
              </ns3:TPX>
            </Extensions>
          </Trackpoint>
          <Trackpoint>
            <Time>2025-07-25T12:10:33.000Z</Time>
            <Position>
              <LatitudeDegrees>43.0941950250417</LatitudeDegrees>
              <LongitudeDegrees>-2.5717206951230764</LongitudeDegrees>
            </Position>
            <AltitudeMeters>242.60000610351562</AltitudeMeters>
            <DistanceMeters>4738.919921875</DistanceMeters>
            <HeartRateBpm>
              <Value>128</Value>
            </HeartRateBpm>
            <Cadence>68</Cadence>
            <Extensions>
              <ns3:TPX>
                <ns3:Speed>5.73799991607666</ns3:Speed>
                <ns3:Watts>254</ns3:Watts>
              </ns3:TPX>
            </Extensions>
          </Trackpoint>
          <Trackpoint>
            <Time>2025-07-25T12:10:34.000Z</Time>
            <Position>
              <LatitudeDegrees>43.094143560156226</LatitudeDegrees>
              <LongitudeDegrees>-2.5717060267925262</LongitudeDegrees>
            </Position>
            <AltitudeMeters>242.8000030517578</AltitudeMeters>
            <DistanceMeters>4744.64990234375</DistanceMeters>
            <HeartRateBpm>
              <Value>128</Value>
            </HeartRateBpm>
            <Cadence>67</Cadence>
            <Extensions>
              <ns3:TPX>
                <ns3:Speed>5.729000091552734</ns3:Speed>
                <ns3:Watts>258</ns3:Watts>
              </ns3:TPX>
            </Extensions>
          </Trackpoint>
          <Trackpoint>
            <Time>2025-07-25T12:10:35.000Z</Time>
            <Position>
              <LatitudeDegrees>43.09409276582301</LatitudeDegrees>
              <LongitudeDegrees>-2.5716941244900227</LongitudeDegrees>
            </Position>
            <AltitudeMeters>242.8000030517578</AltitudeMeters>
            <DistanceMeters>4750.39990234375</DistanceMeters>
            <HeartRateBpm>
              <Value>128</Value>
            </HeartRateBpm>
            <Cadence>68</Cadence>
            <Extensions>
              <ns3:TPX>
                <ns3:Speed>5.756999969482422</ns3:Speed>
                <ns3:Watts>228</ns3:Watts>
              </ns3:TPX>
            </Extensions>
          </Trackpoint>
          <Trackpoint>
            <Time>2025-07-25T12:10:36.000Z</Time>
            <Position>
              <LatitudeDegrees>43.09404130093753</LatitudeDegrees>
              <LongitudeDegrees>-2.571680461987853</LongitudeDegrees>
            </Position>
            <AltitudeMeters>243.0</AltitudeMeters>
            <DistanceMeters>4756.16015625</DistanceMeters>
            <HeartRateBpm>
              <Value>128</Value>
            </HeartRateBpm>
            <Cadence>68</Cadence>
            <Extensions>
              <ns3:TPX>
                <ns3:Speed>5.756999969482422</ns3:Speed>
                <ns3:Watts>219</ns3:Watts>
              </ns3:TPX>
            </Extensions>
          </Trackpoint>
          <Trackpoint>
            <Time>2025-07-25T12:10:37.000Z</Time>
            <Position>
              <LatitudeDegrees>43.093991093337536</LatitudeDegrees>
              <LongitudeDegrees>-2.571667553856969</LongitudeDegrees>
            </Position>
            <AltitudeMeters>243.1999969482422</AltitudeMeters>
            <DistanceMeters>4761.97021484375</DistanceMeters>
            <HeartRateBpm>
              <Value>128</Value>
            </HeartRateBpm>
            <Cadence>68</Cadence>
            <Extensions>
              <ns3:TPX>
                <ns3:Speed>5.803999900817871</ns3:Speed>
                <ns3:Watts>219</ns3:Watts>
              </ns3:TPX>
            </Extensions>
          </Trackpoint>
          <Trackpoint>
            <Time>2025-07-25T12:10:38.000Z</Time>
            <Position>
              <LatitudeDegrees>43.09394197538495</LatitudeDegrees>
              <LongitudeDegrees>-2.5716534722596407</LongitudeDegrees>
            </Position>
            <AltitudeMeters>243.39999389648438</AltitudeMeters>
            <DistanceMeters>4767.68994140625</DistanceMeters>
            <HeartRateBpm>
              <Value>129</Value>
            </HeartRateBpm>
            <Cadence>67</Cadence>
            <Extensions>
              <ns3:TPX>
                <ns3:Speed>5.71999979019165</ns3:Speed>
                <ns3:Watts>194</ns3:Watts>
              </ns3:TPX>
            </Extensions>
          </Trackpoint>
          <Trackpoint>
            <Time>2025-07-25T12:10:39.000Z</Time>
            <Position>
              <LatitudeDegrees>43.093896294012666</LatitudeDegrees>
              <LongitudeDegrees>-2.571635115891695</LongitudeDegrees>
            </Position>
            <AltitudeMeters>243.39999389648438</AltitudeMeters>
            <DistanceMeters>4773.330078125</DistanceMeters>
            <HeartRateBpm>
              <Value>128</Value>
            </HeartRateBpm>
            <Cadence>67</Cadence>
            <Extensions>
              <ns3:TPX>
                <ns3:Speed>5.644999980926514</ns3:Speed>
                <ns3:Watts>193</ns3:Watts>
              </ns3:TPX>
            </Extensions>
          </Trackpoint>
          <Trackpoint>
            <Time>2025-07-25T12:10:40.000Z</Time>
            <Position>
              <LatitudeDegrees>43.09385589323938</LatitudeDegrees>
              <LongitudeDegrees>-2.5716036837548018</LongitudeDegrees>
            </Position>
            <AltitudeMeters>243.39999389648438</AltitudeMeters>
            <DistanceMeters>4778.81005859375</DistanceMeters>
            <HeartRateBpm>
              <Value>129</Value>
            </HeartRateBpm>
            <Cadence>66</Cadence>
            <Extensions>
              <ns3:TPX>
                <ns3:Speed>5.4770002365112305</ns3:Speed>
                <ns3:Watts>184</ns3:Watts>
              </ns3:TPX>
            </Extensions>
          </Trackpoint>
          <Trackpoint>
            <Time>2025-07-25T12:10:41.000Z</Time>
            <Position>
              <LatitudeDegrees>43.09382379055023</LatitudeDegrees>
              <LongitudeDegrees>-2.5715586729347706</LongitudeDegrees>
            </Position>
            <AltitudeMeters>243.60000610351562</AltitudeMeters>
            <DistanceMeters>4783.97021484375</DistanceMeters>
            <HeartRateBpm>
              <Value>129</Value>
            </HeartRateBpm>
            <Cadence>62</Cadence>
            <Extensions>
              <ns3:TPX>
                <ns3:Speed>5.159999847412109</ns3:Speed>
                <ns3:Watts>197</ns3:Watts>
              </ns3:TPX>
            </Extensions>
          </Trackpoint>
          <Trackpoint>
            <Time>2025-07-25T12:10:42.000Z</Time>
            <Position>
              <LatitudeDegrees>43.09379772283137</LatitudeDegrees>
              <LongitudeDegrees>-2.5715098902583122</LongitudeDegrees>
            </Position>
            <AltitudeMeters>243.60000610351562</AltitudeMeters>
            <DistanceMeters>4788.83984375</DistanceMeters>
            <HeartRateBpm>
              <Value>129</Value>
            </HeartRateBpm>
            <Cadence>59</Cadence>
            <Extensions>
              <ns3:TPX>
                <ns3:Speed>4.870999813079834</ns3:Speed>
                <ns3:Watts>156</ns3:Watts>
              </ns3:TPX>
            </Extensions>
          </Trackpoint>
          <Trackpoint>
            <Time>2025-07-25T12:10:43.000Z</Time>
            <Position>
              <LatitudeDegrees>43.09377525933087</LatitudeDegrees>
              <LongitudeDegrees>-2.5714673940092325</LongitudeDegrees>
            </Position>
            <AltitudeMeters>243.8000030517578</AltitudeMeters>
            <DistanceMeters>4793.7099609375</DistanceMeters>
            <HeartRateBpm>
              <Value>128</Value>
            </HeartRateBpm>
            <Cadence>59</Cadence>
            <Extensions>
              <ns3:TPX>
                <ns3:Speed>4.870999813079834</ns3:Speed>
                <ns3:Watts>55</ns3:Watts>
              </ns3:TPX>
            </Extensions>
          </Trackpoint>
          <Trackpoint>
            <Time>2025-07-25T12:10:44.000Z</Time>
            <Position>
              <LatitudeDegrees>43.0937631893903</LatitudeDegrees>
              <LongitudeDegrees>-2.5714279152452946</LongitudeDegrees>
            </Position>
            <AltitudeMeters>244.0</AltitudeMeters>
            <DistanceMeters>4797.83984375</DistanceMeters>
            <HeartRateBpm>
              <Value>128</Value>
            </HeartRateBpm>
            <Cadence>55</Cadence>
            <Extensions>
              <ns3:TPX>
                <ns3:Speed>4.132999897003174</ns3:Speed>
                <ns3:Watts>55</ns3:Watts>
              </ns3:TPX>
            </Extensions>
          </Trackpoint>
          <Trackpoint>
            <Time>2025-07-25T12:10:45.000Z</Time>
            <Position>
              <LatitudeDegrees>43.09377341531217</LatitudeDegrees>
              <LongitudeDegrees>-2.571401009336114</LongitudeDegrees>
            </Position>
            <AltitudeMeters>244.39999389648438</AltitudeMeters>
            <DistanceMeters>4801.169921875</DistanceMeters>
            <HeartRateBpm>
              <Value>128</Value>
            </HeartRateBpm>
            <Cadence>35</Cadence>
            <Extensions>
              <ns3:TPX>
                <ns3:Speed>3.3310000896453857</ns3:Speed>
                <ns3:Watts>75</ns3:Watts>
              </ns3:TPX>
            </Extensions>
          </Trackpoint>
          <Trackpoint>
            <Time>2025-07-25T12:10:46.000Z</Time>
            <Position>
              <LatitudeDegrees>43.093792190775275</LatitudeDegrees>
              <LongitudeDegrees>-2.5714026018977165</LongitudeDegrees>
            </Position>
            <AltitudeMeters>244.60000610351562</AltitudeMeters>
            <DistanceMeters>4803.85986328125</DistanceMeters>
            <HeartRateBpm>
              <Value>128</Value>
            </HeartRateBpm>
            <Cadence>32</Cadence>
            <Extensions>
              <ns3:TPX>
                <ns3:Speed>2.687000036239624</ns3:Speed>
                <ns3:Watts>113</ns3:Watts>
              </ns3:TPX>
            </Extensions>
          </Trackpoint>
          <Trackpoint>
            <Time>2025-07-25T12:10:47.000Z</Time>
            <Position>
              <LatitudeDegrees>43.09380903840065</LatitudeDegrees>
              <LongitudeDegrees>-2.571431016549468</LongitudeDegrees>
            </Position>
            <AltitudeMeters>244.8000030517578</AltitudeMeters>
            <DistanceMeters>4807.259765625</DistanceMeters>
            <HeartRateBpm>
              <Value>128</Value>
            </HeartRateBpm>
            <Cadence>37</Cadence>
            <Extensions>
              <ns3:TPX>
                <ns3:Speed>3.3959999084472656</ns3:Speed>
                <ns3:Watts>141</ns3:Watts>
              </ns3:TPX>
            </Extensions>
          </Trackpoint>
          <Trackpoint>
            <Time>2025-07-25T12:10:48.000Z</Time>
            <Position>
              <LatitudeDegrees>43.0938237067312</LatitudeDegrees>
              <LongitudeDegrees>-2.5714767817407846</LongitudeDegrees>
            </Position>
            <AltitudeMeters>245.0</AltitudeMeters>
            <DistanceMeters>4811.5400390625</DistanceMeters>
            <HeartRateBpm>
              <Value>127</Value>
            </HeartRateBpm>
            <Cadence>43</Cadence>
            <Extensions>
              <ns3:TPX>
                <ns3:Speed>4.2829999923706055</ns3:Speed>
                <ns3:Watts>151</ns3:Watts>
              </ns3:TPX>
            </Extensions>
          </Trackpoint>
          <Trackpoint>
            <Time>2025-07-25T12:10:49.000Z</Time>
            <Position>
              <LatitudeDegrees>43.09384524822235</LatitudeDegrees>
              <LongitudeDegrees>-2.571530258283019</LongitudeDegrees>
            </Position>
            <AltitudeMeters>245.0</AltitudeMeters>
            <DistanceMeters>4816.740234375</DistanceMeters>
            <HeartRateBpm>
              <Value>126</Value>
            </HeartRateBpm>
            <Cadence>54</Cadence>
            <Extensions>
              <ns3:TPX>
                <ns3:Speed>5.188000202178955</ns3:Speed>
                <ns3:Watts>137</ns3:Watts>
              </ns3:TPX>
            </Extensions>
          </Trackpoint>
          <Trackpoint>
            <Time>2025-07-25T12:10:50.000Z</Time>
            <Position>
              <LatitudeDegrees>43.09387315995991</LatitudeDegrees>
              <LongitudeDegrees>-2.5715745985507965</LongitudeDegrees>
            </Position>
            <AltitudeMeters>245.0</AltitudeMeters>
            <DistanceMeters>4822.60986328125</DistanceMeters>
            <HeartRateBpm>
              <Value>126</Value>
            </HeartRateBpm>
            <Cadence>65</Cadence>
            <Extensions>
              <ns3:TPX>
                <ns3:Speed>5.877999782562256</ns3:Speed>
                <ns3:Watts>158</ns3:Watts>
              </ns3:TPX>
            </Extensions>
          </Trackpoint>
          <Trackpoint>
            <Time>2025-07-25T12:10:51.000Z</Time>
            <Position>
              <LatitudeDegrees>43.09392638504505</LatitudeDegrees>
              <LongitudeDegrees>-2.5716272369027138</LongitudeDegrees>
            </Position>
            <AltitudeMeters>245.0</AltitudeMeters>
            <DistanceMeters>4828.93994140625</DistanceMeters>
            <HeartRateBpm>
              <Value>126</Value>
            </HeartRateBpm>
            <Cadence>76</Cadence>
            <Extensions>
              <ns3:TPX>
                <ns3:Speed>6.335999965667725</ns3:Speed>
                <ns3:Watts>158</ns3:Watts>
              </ns3:TPX>
            </Extensions>
          </Trackpoint>
          <Trackpoint>
            <Time>2025-07-25T12:10:52.000Z</Time>
            <Position>
              <LatitudeDegrees>43.09398162178695</LatitudeDegrees>
              <LongitudeDegrees>-2.5716540589928627</LongitudeDegrees>
            </Position>
            <AltitudeMeters>245.0</AltitudeMeters>
            <DistanceMeters>4835.5400390625</DistanceMeters>
            <HeartRateBpm>
              <Value>125</Value>
            </HeartRateBpm>
            <Cadence>78</Cadence>
            <Extensions>
              <ns3:TPX>
                <ns3:Speed>6.605999946594238</ns3:Speed>
                <ns3:Watts>143</ns3:Watts>
              </ns3:TPX>
            </Extensions>
          </Trackpoint>
          <Trackpoint>
            <Time>2025-07-25T12:10:53.000Z</Time>
            <Position>
              <LatitudeDegrees>43.0940414685756</LatitudeDegrees>
              <LongitudeDegrees>-2.571672247722745</LongitudeDegrees>
            </Position>
            <AltitudeMeters>245.0</AltitudeMeters>
            <DistanceMeters>4842.2998046875</DistanceMeters>
            <HeartRateBpm>
              <Value>125</Value>
            </HeartRateBpm>
            <Cadence>77</Cadence>
            <Extensions>
              <ns3:TPX>
                <ns3:Speed>6.755000114440918</ns3:Speed>
                <ns3:Watts>142</ns3:Watts>
              </ns3:TPX>
            </Extensions>
          </Trackpoint>
          <Trackpoint>
            <Time>2025-07-25T12:10:54.000Z</Time>
            <Position>
              <LatitudeDegrees>43.09410156682134</LatitudeDegrees>
              <LongitudeDegrees>-2.571689933538437</LongitudeDegrees>
            </Position>
            <AltitudeMeters>244.8000030517578</AltitudeMeters>
            <DistanceMeters>4849.0498046875</DistanceMeters>
            <HeartRateBpm>
              <Value>125</Value>
            </HeartRateBpm>
            <Cadence>77</Cadence>
            <Extensions>
              <ns3:TPX>
                <ns3:Speed>6.755000114440918</ns3:Speed>
                <ns3:Watts>142</ns3:Watts>
              </ns3:TPX>
            </Extensions>
          </Trackpoint>
          <Trackpoint>
            <Time>2025-07-25T12:10:55.000Z</Time>
            <Position>
              <LatitudeDegrees>43.094161581248045</LatitudeDegrees>
              <LongitudeDegrees>-2.571709044277668</LongitudeDegrees>
            </Position>
            <AltitudeMeters>244.8000030517578</AltitudeMeters>
            <DistanceMeters>4855.93994140625</DistanceMeters>
            <HeartRateBpm>
              <Value>124</Value>
            </HeartRateBpm>
            <Cadence>81</Cadence>
            <Extensions>
              <ns3:TPX>
                <ns3:Speed>6.876999855041504</ns3:Speed>
                <ns3:Watts>142</ns3:Watts>
              </ns3:TPX>
            </Extensions>
          </Trackpoint>
          <Trackpoint>
            <Time>2025-07-25T12:10:56.000Z</Time>
            <Position>
              <LatitudeDegrees>43.0942103639245</LatitudeDegrees>
              <LongitudeDegrees>-2.5717274006456137</LongitudeDegrees>
            </Position>
            <AltitudeMeters>244.60000610351562</AltitudeMeters>
            <DistanceMeters>4862.9501953125</DistanceMeters>
            <HeartRateBpm>
              <Value>124</Value>
            </HeartRateBpm>
            <Cadence>81</Cadence>
            <Extensions>
              <ns3:TPX>
                <ns3:Speed>7.017000198364258</ns3:Speed>
                <ns3:Watts>131</ns3:Watts>
              </ns3:TPX>
            </Extensions>
          </Trackpoint>
          <Trackpoint>
            <Time>2025-07-25T12:10:57.000Z</Time>
            <Position>
              <LatitudeDegrees>43.094282783567905</LatitudeDegrees>
              <LongitudeDegrees>-2.5717599224299192</LongitudeDegrees>
            </Position>
            <AltitudeMeters>244.1999969482422</AltitudeMeters>
            <DistanceMeters>4870.10986328125</DistanceMeters>
            <HeartRateBpm>
              <Value>124</Value>
            </HeartRateBpm>
            <Cadence>88</Cadence>
            <Extensions>
              <ns3:TPX>
                <ns3:Speed>7.165999889373779</ns3:Speed>
                <ns3:Watts>142</ns3:Watts>
              </ns3:TPX>
            </Extensions>
          </Trackpoint>
          <Trackpoint>
            <Time>2025-07-25T12:10:58.000Z</Time>
            <Position>
              <LatitudeDegrees>43.09434254653752</LatitudeDegrees>
              <LongitudeDegrees>-2.5717942882329226</LongitudeDegrees>
            </Position>
            <AltitudeMeters>244.0</AltitudeMeters>
            <DistanceMeters>4877.35986328125</DistanceMeters>
            <HeartRateBpm>
              <Value>124</Value>
            </HeartRateBpm>
            <Cadence>84</Cadence>
            <Extensions>
              <ns3:TPX>
                <ns3:Speed>7.25</ns3:Speed>
                <ns3:Watts>127</ns3:Watts>
              </ns3:TPX>
            </Extensions>
          </Trackpoint>
          <Trackpoint>
            <Time>2025-07-25T12:10:59.000Z</Time>
            <Position>
              <LatitudeDegrees>43.09440138749778</LatitudeDegrees>
              <LongitudeDegrees>-2.5718331802636385</LongitudeDegrees>
            </Position>
            <AltitudeMeters>243.60000610351562</AltitudeMeters>
            <DistanceMeters>4884.68994140625</DistanceMeters>
            <HeartRateBpm>
              <Value>123</Value>
            </HeartRateBpm>
            <Cadence>90</Cadence>
            <Extensions>
              <ns3:TPX>
                <ns3:Speed>7.324999809265137</ns3:Speed>
                <ns3:Watts>134</ns3:Watts>
              </ns3:TPX>
            </Extensions>
          </Trackpoint>
          <Trackpoint>
            <Time>2025-07-25T12:11:00.000Z</Time>
            <Position>
              <LatitudeDegrees>43.0944590549916</LatitudeDegrees>
              <LongitudeDegrees>-2.5718787778168917</LongitudeDegrees>
            </Position>
            <AltitudeMeters>243.39999389648438</AltitudeMeters>
            <DistanceMeters>4892.080078125</DistanceMeters>
            <HeartRateBpm>
              <Value>123</Value>
            </HeartRateBpm>
            <Cadence>87</Cadence>
            <Extensions>
              <ns3:TPX>
                <ns3:Speed>7.38100004196167</ns3:Speed>
                <ns3:Watts>136</ns3:Watts>
              </ns3:TPX>
            </Extensions>
          </Trackpoint>
          <Trackpoint>
            <Time>2025-07-25T12:11:01.000Z</Time>
            <Position>
              <LatitudeDegrees>43.09451395645738</LatitudeDegrees>
              <LongitudeDegrees>-2.5719291530549526</LongitudeDegrees>
            </Position>
            <AltitudeMeters>243.0</AltitudeMeters>
            <DistanceMeters>4899.490234375</DistanceMeters>
            <HeartRateBpm>
              <Value>122</Value>
            </HeartRateBpm>
            <Cadence>66</Cadence>
            <Extensions>
              <ns3:TPX>
                <ns3:Speed>7.418000221252441</ns3:Speed>
                <ns3:Watts>141</ns3:Watts>
              </ns3:TPX>
            </Extensions>
          </Trackpoint>
          <Trackpoint>
            <Time>2025-07-25T12:11:02.000Z</Time>
            <Position>
              <LatitudeDegrees>43.0945679359138</LatitudeDegrees>
              <LongitudeDegrees>-2.5719848088920116</LongitudeDegrees>
            </Position>
            <AltitudeMeters>243.0</AltitudeMeters>
            <DistanceMeters>4907.02978515625</DistanceMeters>
            <HeartRateBpm>
              <Value>122</Value>
            </HeartRateBpm>
            <Cadence>78</Cadence>
            <Extensions>
              <ns3:TPX>
                <ns3:Speed>7.539000034332275</ns3:Speed>
                <ns3:Watts>144</ns3:Watts>
              </ns3:TPX>
            </Extensions>
          </Trackpoint>
          <Trackpoint>
            <Time>2025-07-25T12:11:03.000Z</Time>
            <Position>
              <LatitudeDegrees>43.0946181435138</LatitudeDegrees>
              <LongitudeDegrees>-2.5720428954809904</LongitudeDegrees>
            </Position>
            <AltitudeMeters>242.8000030517578</AltitudeMeters>
            <DistanceMeters>4914.68994140625</DistanceMeters>
            <HeartRateBpm>
              <Value>122</Value>
            </HeartRateBpm>
            <Cadence>79</Cadence>
            <Extensions>
              <ns3:TPX>
                <ns3:Speed>7.659999847412109</ns3:Speed>
                <ns3:Watts>138</ns3:Watts>
              </ns3:TPX>
            </Extensions>
          </Trackpoint>
          <Trackpoint>
            <Time>2025-07-25T12:11:04.000Z</Time>
            <Position>
              <LatitudeDegrees>43.09467086568475</LatitudeDegrees>
              <LongitudeDegrees>-2.572104334831238</LongitudeDegrees>
            </Position>
            <AltitudeMeters>242.8000030517578</AltitudeMeters>
            <DistanceMeters>4922.47021484375</DistanceMeters>
            <HeartRateBpm>
              <Value>121</Value>
            </HeartRateBpm>
            <Cadence>84</Cadence>
            <Extensions>
              <ns3:TPX>
                <ns3:Speed>7.771999835968018</ns3:Speed>
                <ns3:Watts>149</ns3:Watts>
              </ns3:TPX>
            </Extensions>
          </Trackpoint>
          <Trackpoint>
            <Time>2025-07-25T12:11:05.000Z</Time>
            <Position>
              <LatitudeDegrees>43.09472509659827</LatitudeDegrees>
              <LongitudeDegrees>-2.572166360914707</LongitudeDegrees>
            </Position>
            <AltitudeMeters>242.60000610351562</AltitudeMeters>
            <DistanceMeters>4930.240234375</DistanceMeters>
            <HeartRateBpm>
              <Value>121</Value>
            </HeartRateBpm>
            <Cadence>84</Cadence>
            <Extensions>
              <ns3:TPX>
                <ns3:Speed>7.771999835968018</ns3:Speed>
                <ns3:Watts>144</ns3:Watts>
              </ns3:TPX>
            </Extensions>
          </Trackpoint>
          <Trackpoint>
            <Time>2025-07-25T12:11:06.000Z</Time>
            <Position>
              <LatitudeDegrees>43.09477999806404</LatitudeDegrees>
              <LongitudeDegrees>-2.5722272973507643</LongitudeDegrees>
            </Position>
            <AltitudeMeters>242.39999389648438</AltitudeMeters>
            <DistanceMeters>4938.08984375</DistanceMeters>
            <HeartRateBpm>
              <Value>121</Value>
            </HeartRateBpm>
            <Cadence>86</Cadence>
            <Extensions>
              <ns3:TPX>
                <ns3:Speed>7.855999946594238</ns3:Speed>
                <ns3:Watts>144</ns3:Watts>
              </ns3:TPX>
            </Extensions>
          </Trackpoint>
          <Trackpoint>
            <Time>2025-07-25T12:11:07.000Z</Time>
            <Position>
              <LatitudeDegrees>43.09483422897756</LatitudeDegrees>
              <LongitudeDegrees>-2.5722888205200434</LongitudeDegrees>
            </Position>
            <AltitudeMeters>242.39999389648438</AltitudeMeters>
            <DistanceMeters>4946.02978515625</DistanceMeters>
            <HeartRateBpm>
              <Value>121</Value>
            </HeartRateBpm>
            <Cadence>88</Cadence>
            <Extensions>
              <ns3:TPX>
                <ns3:Speed>7.931000232696533</ns3:Speed>
                <ns3:Watts>140</ns3:Watts>
              </ns3:TPX>
            </Extensions>
          </Trackpoint>
          <Trackpoint>
            <Time>2025-07-25T12:11:08.000Z</Time>
            <Position>
              <LatitudeDegrees>43.094888208433986</LatitudeDegrees>
              <LongitudeDegrees>-2.5723544508218765</LongitudeDegrees>
            </Position>
            <AltitudeMeters>242.1999969482422</AltitudeMeters>
            <DistanceMeters>4953.9599609375</DistanceMeters>
            <HeartRateBpm>
              <Value>121</Value>
            </HeartRateBpm>
            <Cadence>84</Cadence>
            <Extensions>
              <ns3:TPX>
                <ns3:Speed>7.940000057220459</ns3:Speed>
                <ns3:Watts>140</ns3:Watts>
              </ns3:TPX>
            </Extensions>
          </Trackpoint>
          <Trackpoint>
            <Time>2025-07-25T12:11:09.000Z</Time>
            <Position>
              <LatitudeDegrees>43.09494126588106</LatitudeDegrees>
              <LongitudeDegrees>-2.572419997304678</LongitudeDegrees>
            </Position>
            <AltitudeMeters>242.0</AltitudeMeters>
            <DistanceMeters>4961.919921875</DistanceMeters>
            <HeartRateBpm>
              <Value>121</Value>
            </HeartRateBpm>
            <Cadence>89</Cadence>
            <Extensions>
              <ns3:TPX>
                <ns3:Speed>7.959000110626221</ns3:Speed>
                <ns3:Watts>137</ns3:Watts>
              </ns3:TPX>
            </Extensions>
          </Trackpoint>
          <Trackpoint>
            <Time>2025-07-25T12:11:10.000Z</Time>
            <Position>
              <LatitudeDegrees>43.09499390423298</LatitudeDegrees>
              <LongitudeDegrees>-2.5724846217781305</LongitudeDegrees>
            </Position>
            <AltitudeMeters>241.60000610351562</AltitudeMeters>
            <DistanceMeters>4969.85986328125</DistanceMeters>
            <HeartRateBpm>
              <Value>121</Value>
            </HeartRateBpm>
            <Cadence>83</Cadence>
            <Extensions>
              <ns3:TPX>
                <ns3:Speed>7.940000057220459</ns3:Speed>
                <ns3:Watts>139</ns3:Watts>
              </ns3:TPX>
            </Extensions>
          </Trackpoint>
          <Trackpoint>
            <Time>2025-07-25T12:11:11.000Z</Time>
            <Position>
              <LatitudeDegrees>43.09504763223231</LatitudeDegrees>
              <LongitudeDegrees>-2.572549330070615</LongitudeDegrees>
            </Position>
            <AltitudeMeters>241.39999389648438</AltitudeMeters>
            <DistanceMeters>4977.7998046875</DistanceMeters>
            <HeartRateBpm>
              <Value>121</Value>
            </HeartRateBpm>
            <Cadence>85</Cadence>
            <Extensions>
              <ns3:TPX>
                <ns3:Speed>7.940000057220459</ns3:Speed>
                <ns3:Watts>157</ns3:Watts>
              </ns3:TPX>
            </Extensions>
          </Trackpoint>
          <Trackpoint>
            <Time>2025-07-25T12:11:12.000Z</Time>
            <Position>
              <LatitudeDegrees>43.09510295279324</LatitudeDegrees>
              <LongitudeDegrees>-2.572611104696989</LongitudeDegrees>
            </Position>
            <AltitudeMeters>241.39999389648438</AltitudeMeters>
            <DistanceMeters>4985.7900390625</DistanceMeters>
            <HeartRateBpm>
              <Value>120</Value>
            </HeartRateBpm>
            <Cadence>84</Cadence>
            <Extensions>
              <ns3:TPX>
                <ns3:Speed>7.959000110626221</ns3:Speed>
                <ns3:Watts>148</ns3:Watts>
              </ns3:TPX>
            </Extensions>
          </Trackpoint>
          <Trackpoint>
            <Time>2025-07-25T12:11:13.000Z</Time>
            <Position>
              <LatitudeDegrees>43.095163302496076</LatitudeDegrees>
              <LongitudeDegrees>-2.572667682543397</LongitudeDegrees>
            </Position>
            <AltitudeMeters>241.1999969482422</AltitudeMeters>
            <DistanceMeters>4993.85009765625</DistanceMeters>
            <HeartRateBpm>
              <Value>120</Value>
            </HeartRateBpm>
            <Cadence>88</Cadence>
            <Extensions>
              <ns3:TPX>
                <ns3:Speed>8.09000015258789</ns3:Speed>
                <ns3:Watts>175</ns3:Watts>
              </ns3:TPX>
            </Extensions>
          </Trackpoint>
          <Trackpoint>
            <Time>2025-07-25T12:11:14.000Z</Time>
            <Position>
              <LatitudeDegrees>43.09522910043597</LatitudeDegrees>
              <LongitudeDegrees>-2.5727135315537453</LongitudeDegrees>
            </Position>
            <AltitudeMeters>241.0</AltitudeMeters>
            <DistanceMeters>5002.0498046875</DistanceMeters>
            <HeartRateBpm>
              <Value>120</Value>
            </HeartRateBpm>
            <Cadence>85</Cadence>
            <Extensions>
              <ns3:TPX>
                <ns3:Speed>8.20199966430664</ns3:Speed>
                <ns3:Watts>167</ns3:Watts>
              </ns3:TPX>
            </Extensions>
          </Trackpoint>
          <Trackpoint>
            <Time>2025-07-25T12:11:15.000Z</Time>
            <Position>
              <LatitudeDegrees>43.09529975987971</LatitudeDegrees>
              <LongitudeDegrees>-2.5727482326328754</LongitudeDegrees>
            </Position>
            <AltitudeMeters>240.60000610351562</AltitudeMeters>
            <DistanceMeters>5010.35009765625</DistanceMeters>
            <HeartRateBpm>
              <Value>120</Value>
            </HeartRateBpm>
            <Cadence>88</Cadence>
            <Extensions>
              <ns3:TPX>
                <ns3:Speed>8.295000076293945</ns3:Speed>
                <ns3:Watts>177</ns3:Watts>
              </ns3:TPX>
            </Extensions>
          </Trackpoint>
          <Trackpoint>
            <Time>2025-07-25T12:11:16.000Z</Time>
            <Position>
              <LatitudeDegrees>43.09537326917052</LatitudeDegrees>
              <LongitudeDegrees>-2.572776060551405</LongitudeDegrees>
            </Position>
            <AltitudeMeters>240.39999389648438</AltitudeMeters>
            <DistanceMeters>5018.740234375</DistanceMeters>
            <HeartRateBpm>
              <Value>120</Value>
            </HeartRateBpm>
            <Cadence>89</Cadence>
            <Extensions>
              <ns3:TPX>
                <ns3:Speed>8.39799976348877</ns3:Speed>
                <ns3:Watts>165</ns3:Watts>
              </ns3:TPX>
            </Extensions>
          </Trackpoint>
          <Trackpoint>
            <Time>2025-07-25T12:11:17.000Z</Time>
            <Position>
              <LatitudeDegrees>43.095448622480035</LatitudeDegrees>
              <LongitudeDegrees>-2.5728036370128393</LongitudeDegrees>
            </Position>
            <AltitudeMeters>240.1999969482422</AltitudeMeters>
            <DistanceMeters>5027.169921875</DistanceMeters>
            <HeartRateBpm>
              <Value>121</Value>
            </HeartRateBpm>
            <Cadence>94</Cadence>
            <Extensions>
              <ns3:TPX>
                <ns3:Speed>8.425999641418457</ns3:Speed>
                <ns3:Watts>179</ns3:Watts>
              </ns3:TPX>
            </Extensions>
          </Trackpoint>
          <Trackpoint>
            <Time>2025-07-25T12:11:18.000Z</Time>
            <Position>
              <LatitudeDegrees>43.09552380815148</LatitudeDegrees>
              <LongitudeDegrees>-2.572830291464925</LongitudeDegrees>
            </Position>
            <AltitudeMeters>240.0</AltitudeMeters>
            <DistanceMeters>5035.68017578125</DistanceMeters>
            <HeartRateBpm>
              <Value>121</Value>
            </HeartRateBpm>
            <Cadence>90</Cadence>
            <Extensions>
              <ns3:TPX>
                <ns3:Speed>8.510000228881836</ns3:Speed>
                <ns3:Watts>147</ns3:Watts>
              </ns3:TPX>
            </Extensions>
          </Trackpoint>
          <Trackpoint>
            <Time>2025-07-25T12:11:19.000Z</Time>
            <Position>
              <LatitudeDegrees>43.09559689834714</LatitudeDegrees>
              <LongitudeDegrees>-2.5728600472211838</LongitudeDegrees>
            </Position>
            <AltitudeMeters>239.8000030517578</AltitudeMeters>
            <DistanceMeters>5044.240234375</DistanceMeters>
            <HeartRateBpm>
              <Value>121</Value>
            </HeartRateBpm>
            <Cadence>96</Cadence>
            <Extensions>
              <ns3:TPX>
                <ns3:Speed>8.565999984741211</ns3:Speed>
                <ns3:Watts>152</ns3:Watts>
              </ns3:TPX>
            </Extensions>
          </Trackpoint>
          <Trackpoint>
            <Time>2025-07-25T12:11:20.000Z</Time>
            <Position>
              <LatitudeDegrees>43.09566982090473</LatitudeDegrees>
              <LongitudeDegrees>-2.5728966761380434</LongitudeDegrees>
            </Position>
            <AltitudeMeters>239.39999389648438</AltitudeMeters>
            <DistanceMeters>5052.91015625</DistanceMeters>
            <HeartRateBpm>
              <Value>120</Value>
            </HeartRateBpm>
            <Cadence>95</Cadence>
            <Extensions>
              <ns3:TPX>
                <ns3:Speed>8.668000221252441</ns3:Speed>
                <ns3:Watts>152</ns3:Watts>
              </ns3:TPX>
            </Extensions>
          </Trackpoint>
          <Trackpoint>
            <Time>2025-07-25T12:11:21.000Z</Time>
            <Position>
              <LatitudeDegrees>43.095739306882024</LatitudeDegrees>
              <LongitudeDegrees>-2.572943614795804</LongitudeDegrees>
            </Position>
            <AltitudeMeters>239.1999969482422</AltitudeMeters>
            <DistanceMeters>5061.7001953125</DistanceMeters>
            <HeartRateBpm>
              <Value>119</Value>
            </HeartRateBpm>
            <Cadence>94</Cadence>
            <Extensions>
              <ns3:TPX>
                <ns3:Speed>8.789999961853027</ns3:Speed>
                <ns3:Watts>166</ns3:Watts>
              </ns3:TPX>
            </Extensions>
          </Trackpoint>
          <Trackpoint>
            <Time>2025-07-25T12:11:22.000Z</Time>
            <Position>
              <LatitudeDegrees>43.095804350450635</LatitudeDegrees>
              <LongitudeDegrees>-2.5730077363550663</LongitudeDegrees>
            </Position>
            <AltitudeMeters>239.0</AltitudeMeters>
            <DistanceMeters>5070.58984375</DistanceMeters>
            <HeartRateBpm>
              <Value>118</Value>
            </HeartRateBpm>
            <Cadence>96</Cadence>
            <Extensions>
              <ns3:TPX>
                <ns3:Speed>8.883000373840332</ns3:Speed>
                <ns3:Watts>177</ns3:Watts>
              </ns3:TPX>
            </Extensions>
          </Trackpoint>
          <Trackpoint>
            <Time>2025-07-25T12:11:23.000Z</Time>
            <Position>
              <LatitudeDegrees>43.095862939953804</LatitudeDegrees>
              <LongitudeDegrees>-2.5730807427316904</LongitudeDegrees>
            </Position>
            <AltitudeMeters>239.0</AltitudeMeters>
            <DistanceMeters>5079.52978515625</DistanceMeters>
            <HeartRateBpm>
              <Value>118</Value>
            </HeartRateBpm>
            <Cadence>85</Cadence>
            <Extensions>
              <ns3:TPX>
                <ns3:Speed>8.939000129699707</ns3:Speed>
                <ns3:Watts>179</ns3:Watts>
              </ns3:TPX>
            </Extensions>
          </Trackpoint>
          <Trackpoint>
            <Time>2025-07-25T12:11:24.000Z</Time>
            <Position>
              <LatitudeDegrees>43.0959165841341</LatitudeDegrees>
              <LongitudeDegrees>-2.5731604546308517</LongitudeDegrees>
            </Position>
            <AltitudeMeters>238.60000610351562</AltitudeMeters>
            <DistanceMeters>5088.4501953125</DistanceMeters>
            <HeartRateBpm>
              <Value>118</Value>
            </HeartRateBpm>
            <Cadence>89</Cadence>
            <Extensions>
              <ns3:TPX>
                <ns3:Speed>8.920000076293945</ns3:Speed>
                <ns3:Watts>186</ns3:Watts>
              </ns3:TPX>
            </Extensions>
          </Trackpoint>
          <Trackpoint>
            <Time>2025-07-25T12:11:25.000Z</Time>
            <Position>
              <LatitudeDegrees>43.095967546105385</LatitudeDegrees>
              <LongitudeDegrees>-2.5732456147670746</LongitudeDegrees>
            </Position>
            <AltitudeMeters>238.39999389648438</AltitudeMeters>
            <DistanceMeters>5097.39990234375</DistanceMeters>
            <HeartRateBpm>
              <Value>118</Value>
            </HeartRateBpm>
            <Cadence>83</Cadence>
            <Extensions>
              <ns3:TPX>
                <ns3:Speed>8.956999778747559</ns3:Speed>
                <ns3:Watts>186</ns3:Watts>
              </ns3:TPX>
            </Extensions>
          </Trackpoint>
          <Trackpoint>
            <Time>2025-07-25T12:11:26.000Z</Time>
            <Position>
              <LatitudeDegrees>43.096018340438604</LatitudeDegrees>
              <LongitudeDegrees>-2.5733311101794243</LongitudeDegrees>
            </Position>
            <AltitudeMeters>238.39999389648438</AltitudeMeters>
            <DistanceMeters>5106.39013671875</DistanceMeters>
            <HeartRateBpm>
              <Value>118</Value>
            </HeartRateBpm>
            <Cadence>88</Cadence>
            <Extensions>
              <ns3:TPX>
                <ns3:Speed>8.994999885559082</ns3:Speed>
                <ns3:Watts>191</ns3:Watts>
              </ns3:TPX>
            </Extensions>
          </Trackpoint>
          <Trackpoint>
            <Time>2025-07-25T12:11:27.000Z</Time>
            <Position>
              <LatitudeDegrees>43.09607273899019</LatitudeDegrees>
              <LongitudeDegrees>-2.5734129175543785</LongitudeDegrees>
            </Position>
            <AltitudeMeters>238.1999969482422</AltitudeMeters>
            <DistanceMeters>5115.4501953125</DistanceMeters>
            <HeartRateBpm>
              <Value>119</Value>
            </HeartRateBpm>
            <Cadence>86</Cadence>
            <Extensions>
              <ns3:TPX>
                <ns3:Speed>9.050999641418457</ns3:Speed>
                <ns3:Watts>177</ns3:Watts>
              </ns3:TPX>
            </Extensions>
          </Trackpoint>
          <Trackpoint>
            <Time>2025-07-25T12:11:28.000Z</Time>
            <Position>
              <LatitudeDegrees>43.096130741760135</LatitudeDegrees>
              <LongitudeDegrees>-2.573491455987096</LongitudeDegrees>
            </Position>
            <AltitudeMeters>238.0</AltitudeMeters>
            <DistanceMeters>5124.56982421875</DistanceMeters>
            <HeartRateBpm>
              <Value>120</Value>
            </HeartRateBpm>
            <Cadence>91</Cadence>
            <Extensions>
              <ns3:TPX>
                <ns3:Speed>9.125</ns3:Speed>
                <ns3:Watts>187</ns3:Watts>
              </ns3:TPX>
            </Extensions>
          </Trackpoint>
          <Trackpoint>
            <Time>2025-07-25T12:11:29.000Z</Time>
            <Position>
              <LatitudeDegrees>43.09619125910103</LatitudeDegrees>
              <LongitudeDegrees>-2.573565635830164</LongitudeDegrees>
            </Position>
            <AltitudeMeters>237.8000030517578</AltitudeMeters>
            <DistanceMeters>5133.830078125</DistanceMeters>
            <HeartRateBpm>
              <Value>121</Value>
            </HeartRateBpm>
            <Cadence>89</Cadence>
            <Extensions>
              <ns3:TPX>
                <ns3:Speed>9.227999687194824</ns3:Speed>
                <ns3:Watts>176</ns3:Watts>
              </ns3:TPX>
            </Extensions>
          </Trackpoint>
          <Trackpoint>
            <Time>2025-07-25T12:11:30.000Z</Time>
            <Position>
              <LatitudeDegrees>43.09625311754644</LatitudeDegrees>
              <LongitudeDegrees>-2.573638306930661</LongitudeDegrees>
            </Position>
            <AltitudeMeters>237.8000030517578</AltitudeMeters>
            <DistanceMeters>5143.06005859375</DistanceMeters>
            <HeartRateBpm>
              <Value>122</Value>
            </HeartRateBpm>
            <Cadence>91</Cadence>
            <Extensions>
              <ns3:TPX>
                <ns3:Speed>9.265000343322754</ns3:Speed>
                <ns3:Watts>187</ns3:Watts>
              </ns3:TPX>
            </Extensions>
          </Trackpoint>
          <Trackpoint>
            <Time>2025-07-25T12:11:31.000Z</Time>
            <Position>
              <LatitudeDegrees>43.09630357660353</LatitudeDegrees>
              <LongitudeDegrees>-2.5736964773386717</LongitudeDegrees>
            </Position>
            <AltitudeMeters>237.60000610351562</AltitudeMeters>
            <DistanceMeters>5152.33984375</DistanceMeters>
            <HeartRateBpm>
              <Value>122</Value>
            </HeartRateBpm>
            <Cadence>87</Cadence>
            <Extensions>
              <ns3:TPX>
                <ns3:Speed>9.265000343322754</ns3:Speed>
                <ns3:Watts>188</ns3:Watts>
              </ns3:TPX>
            </Extensions>
          </Trackpoint>
          <Trackpoint>
            <Time>2025-07-25T12:11:32.000Z</Time>
            <Position>
              <LatitudeDegrees>43.096381863579154</LatitudeDegrees>
              <LongitudeDegrees>-2.573777362704277</LongitudeDegrees>
            </Position>
            <AltitudeMeters>237.39999389648438</AltitudeMeters>
            <DistanceMeters>5161.56005859375</DistanceMeters>
            <HeartRateBpm>
              <Value>122</Value>
            </HeartRateBpm>
            <Cadence>91</Cadence>
            <Extensions>
              <ns3:TPX>
                <ns3:Speed>9.227999687194824</ns3:Speed>
                <ns3:Watts>195</ns3:Watts>
              </ns3:TPX>
            </Extensions>
          </Trackpoint>
          <Trackpoint>
            <Time>2025-07-25T12:11:33.000Z</Time>
            <Position>
              <LatitudeDegrees>43.096450846642256</LatitudeDegrees>
              <LongitudeDegrees>-2.5738408975303173</LongitudeDegrees>
            </Position>
            <AltitudeMeters>237.0</AltitudeMeters>
            <DistanceMeters>5170.66015625</DistanceMeters>
            <HeartRateBpm>
              <Value>122</Value>
            </HeartRateBpm>
            <Cadence>88</Cadence>
            <Extensions>
              <ns3:TPX>
                <ns3:Speed>9.107000350952148</ns3:Speed>
                <ns3:Watts>216</ns3:Watts>
              </ns3:TPX>
            </Extensions>
          </Trackpoint>
          <Trackpoint>
            <Time>2025-07-25T12:11:34.000Z</Time>
            <Position>
              <LatitudeDegrees>43.09651765041053</LatitudeDegrees>
              <LongitudeDegrees>-2.5739027559757233</LongitudeDegrees>
            </Position>
            <AltitudeMeters>236.8000030517578</AltitudeMeters>
            <DistanceMeters>5179.52978515625</DistanceMeters>
            <HeartRateBpm>
              <Value>122</Value>
            </HeartRateBpm>
            <Cadence>88</Cadence>
            <Extensions>
              <ns3:TPX>
                <ns3:Speed>8.86400032043457</ns3:Speed>
                <ns3:Watts>206</ns3:Watts>
              </ns3:TPX>
            </Extensions>
          </Trackpoint>
          <Trackpoint>
            <Time>2025-07-25T12:11:35.000Z</Time>
            <Position>
              <LatitudeDegrees>43.09658009558916</LatitudeDegrees>
              <LongitudeDegrees>-2.5739625189453363</LongitudeDegrees>
            </Position>
            <AltitudeMeters>236.60000610351562</AltitudeMeters>
            <DistanceMeters>5188.2001953125</DistanceMeters>
            <HeartRateBpm>
              <Value>122</Value>
            </HeartRateBpm>
            <Cadence>83</Cadence>
            <Extensions>
              <ns3:TPX>
                <ns3:Speed>8.668000221252441</ns3:Speed>
                <ns3:Watts>201</ns3:Watts>
              </ns3:TPX>
            </Extensions>
          </Trackpoint>
          <Trackpoint>
            <Time>2025-07-25T12:11:36.000Z</Time>
            <Position>
              <LatitudeDegrees>43.09664161875844</LatitudeDegrees>
              <LongitudeDegrees>-2.5740239582955837</LongitudeDegrees>
            </Position>
            <AltitudeMeters>236.39999389648438</AltitudeMeters>
            <DistanceMeters>5196.8701171875</DistanceMeters>
            <HeartRateBpm>
              <Value>122</Value>
            </HeartRateBpm>
            <Cadence>83</Cadence>
            <Extensions>
              <ns3:TPX>
                <ns3:Speed>8.668000221252441</ns3:Speed>
                <ns3:Watts>247</ns3:Watts>
              </ns3:TPX>
            </Extensions>
          </Trackpoint>
          <Trackpoint>
            <Time>2025-07-25T12:11:37.000Z</Time>
            <Position>
              <LatitudeDegrees>43.096701968461275</LatitudeDegrees>
              <LongitudeDegrees>-2.5740858167409897</LongitudeDegrees>
            </Position>
            <AltitudeMeters>236.39999389648438</AltitudeMeters>
            <DistanceMeters>5205.259765625</DistanceMeters>
            <HeartRateBpm>
              <Value>122</Value>
            </HeartRateBpm>
            <Cadence>86</Cadence>
            <Extensions>
              <ns3:TPX>
                <ns3:Speed>8.39799976348877</ns3:Speed>
                <ns3:Watts>247</ns3:Watts>
              </ns3:TPX>
            </Extensions>
          </Trackpoint>
          <Trackpoint>
            <Time>2025-07-25T12:11:38.000Z</Time>
            <Position>
              <LatitudeDegrees>43.096761060878634</LatitudeDegrees>
              <LongitudeDegrees>-2.5741426460444927</LongitudeDegrees>
            </Position>
            <AltitudeMeters>236.1999969482422</AltitudeMeters>
            <DistanceMeters>5213.35009765625</DistanceMeters>
            <HeartRateBpm>
              <Value>122</Value>
            </HeartRateBpm>
            <Cadence>88</Cadence>
            <Extensions>
              <ns3:TPX>
                <ns3:Speed>8.09000015258789</ns3:Speed>
                <ns3:Watts>272</ns3:Watts>
              </ns3:TPX>
            </Extensions>
          </Trackpoint>
          <Trackpoint>
            <Time>2025-07-25T12:11:39.000Z</Time>
            <Position>
              <LatitudeDegrees>43.09681939892471</LatitudeDegrees>
              <LongitudeDegrees>-2.574197631329298</LongitudeDegrees>
            </Position>
            <AltitudeMeters>236.1999969482422</AltitudeMeters>
            <DistanceMeters>5221.259765625</DistanceMeters>
            <HeartRateBpm>
              <Value>122</Value>
            </HeartRateBpm>
            <Cadence>84</Cadence>
            <Extensions>
              <ns3:TPX>
                <ns3:Speed>7.9029998779296875</ns3:Speed>
                <ns3:Watts>281</ns3:Watts>
              </ns3:TPX>
            </Extensions>
          </Trackpoint>
          <Trackpoint>
            <Time>2025-07-25T12:11:40.000Z</Time>
            <Position>
              <LatitudeDegrees>43.09687388129532</LatitudeDegrees>
              <LongitudeDegrees>-2.574256556108594</LongitudeDegrees>
            </Position>
            <AltitudeMeters>236.1999969482422</AltitudeMeters>
            <DistanceMeters>5228.93994140625</DistanceMeters>
            <HeartRateBpm>
              <Value>122</Value>
            </HeartRateBpm>
            <Cadence>83</Cadence>
            <Extensions>
              <ns3:TPX>
                <ns3:Speed>7.688000202178955</ns3:Speed>
                <ns3:Watts>290</ns3:Watts>
              </ns3:TPX>
            </Extensions>
          </Trackpoint>
          <Trackpoint>
            <Time>2025-07-25T12:11:41.000Z</Time>
            <Position>
              <LatitudeDegrees>43.096924256533384</LatitudeDegrees>
              <LongitudeDegrees>-2.5743199232965708</LongitudeDegrees>
            </Position>
            <AltitudeMeters>236.1999969482422</AltitudeMeters>
            <DistanceMeters>5236.47021484375</DistanceMeters>
            <HeartRateBpm>
              <Value>122</Value>
            </HeartRateBpm>
            <Cadence>82</Cadence>
            <Extensions>
              <ns3:TPX>
                <ns3:Speed>7.53000020980835</ns3:Speed>
                <ns3:Watts>292</ns3:Watts>
              </ns3:TPX>
            </Extensions>
          </Trackpoint>
          <Trackpoint>
            <Time>2025-07-25T12:11:42.000Z</Time>
            <Position>
              <LatitudeDegrees>43.09696993790567</LatitudeDegrees>
              <LongitudeDegrees>-2.5743859726935625</LongitudeDegrees>
            </Position>
            <AltitudeMeters>236.1999969482422</AltitudeMeters>
            <DistanceMeters>5243.81005859375</DistanceMeters>
            <HeartRateBpm>
              <Value>122</Value>
            </HeartRateBpm>
            <Cadence>79</Cadence>
            <Extensions>
              <ns3:TPX>
                <ns3:Speed>7.324999809265137</ns3:Speed>
                <ns3:Watts>326</ns3:Watts>
              </ns3:TPX>
            </Extensions>
          </Trackpoint>
          <Trackpoint>
            <Time>2025-07-25T12:11:43.000Z</Time>
            <Position>
              <LatitudeDegrees>43.09699307195842</LatitudeDegrees>
              <LongitudeDegrees>-2.574426122009754</LongitudeDegrees>
            </Position>
            <AltitudeMeters>236.1999969482422</AltitudeMeters>
            <DistanceMeters>5250.97021484375</DistanceMeters>
            <HeartRateBpm>
              <Value>122</Value>
            </HeartRateBpm>
            <Cadence>77</Cadence>
            <Extensions>
              <ns3:TPX>
                <ns3:Speed>7.175000190734863</ns3:Speed>
                <ns3:Watts>305</ns3:Watts>
              </ns3:TPX>
            </Extensions>
          </Trackpoint>
          <Trackpoint>
            <Time>2025-07-25T12:11:44.000Z</Time>
            <Position>
              <LatitudeDegrees>43.097027940675616</LatitudeDegrees>
              <LongitudeDegrees>-2.5744970329105854</LongitudeDegrees>
            </Position>
            <AltitudeMeters>236.39999389648438</AltitudeMeters>
            <DistanceMeters>5258.06005859375</DistanceMeters>
            <HeartRateBpm>
              <Value>122</Value>
            </HeartRateBpm>
            <Cadence>76</Cadence>
            <Extensions>
              <ns3:TPX>
                <ns3:Speed>7.081999778747559</ns3:Speed>
                <ns3:Watts>330</ns3:Watts>
              </ns3:TPX>
            </Extensions>
          </Trackpoint>
          <Trackpoint>
            <Time>2025-07-25T12:11:45.000Z</Time>
            <Position>
              <LatitudeDegrees>43.097058702260256</LatitudeDegrees>
              <LongitudeDegrees>-2.574570206925273</LongitudeDegrees>
            </Position>
            <AltitudeMeters>236.60000610351562</AltitudeMeters>
            <DistanceMeters>5264.77978515625</DistanceMeters>
            <HeartRateBpm>
              <Value>122</Value>
            </HeartRateBpm>
            <Cadence>70</Cadence>
            <Extensions>
              <ns3:TPX>
                <ns3:Speed>6.709000110626221</ns3:Speed>
                <ns3:Watts>387</ns3:Watts>
              </ns3:TPX>
            </Extensions>
          </Trackpoint>
          <Trackpoint>
            <Time>2025-07-25T12:11:46.000Z</Time>
            <Position>
              <LatitudeDegrees>43.097098181024194</LatitudeDegrees>
              <LongitudeDegrees>-2.5746740587055683</LongitudeDegrees>
            </Position>
            <AltitudeMeters>236.8000030517578</AltitudeMeters>
            <DistanceMeters>5271.58984375</DistanceMeters>
            <HeartRateBpm>
              <Value>122</Value>
            </HeartRateBpm>
            <Cadence>72</Cadence>
            <Extensions>
              <ns3:TPX>
                <ns3:Speed>6.821000099182129</ns3:Speed>
                <ns3:Watts>447</ns3:Watts>
              </ns3:TPX>
            </Extensions>
          </Trackpoint>
          <Trackpoint>
            <Time>2025-07-25T12:11:47.000Z</Time>
            <Position>
              <LatitudeDegrees>43.09712206944823</LatitudeDegrees>
              <LongitudeDegrees>-2.57474547252059</LongitudeDegrees>
            </Position>
            <AltitudeMeters>237.0</AltitudeMeters>
            <DistanceMeters>5278.27001953125</DistanceMeters>
            <HeartRateBpm>
              <Value>122</Value>
            </HeartRateBpm>
            <Cadence>73</Cadence>
            <Extensions>
              <ns3:TPX>
                <ns3:Speed>6.681000232696533</ns3:Speed>
                <ns3:Watts>389</ns3:Watts>
              </ns3:TPX>
            </Extensions>
          </Trackpoint>
          <Trackpoint>
            <Time>2025-07-25T12:11:48.000Z</Time>
            <Position>
              <LatitudeDegrees>43.09714729897678</LatitudeDegrees>
              <LongitudeDegrees>-2.5748157128691673</LongitudeDegrees>
            </Position>
            <AltitudeMeters>237.1999969482422</AltitudeMeters>
            <DistanceMeters>5284.6298828125</DistanceMeters>
            <HeartRateBpm>
              <Value>122</Value>
            </HeartRateBpm>
            <Cadence>70</Cadence>
            <Extensions>
              <ns3:TPX>
                <ns3:Speed>6.354000091552734</ns3:Speed>
                <ns3:Watts>413</ns3:Watts>
              </ns3:TPX>
            </Extensions>
          </Trackpoint>
          <Trackpoint>
            <Time>2025-07-25T12:11:49.000Z</Time>
            <Position>
              <LatitudeDegrees>43.09716942720115</LatitudeDegrees>
              <LongitudeDegrees>-2.5748836901038885</LongitudeDegrees>
            </Position>
            <AltitudeMeters>237.1999969482422</AltitudeMeters>
            <DistanceMeters>5290.740234375</DistanceMeters>
            <HeartRateBpm>
              <Value>130</Value>
            </HeartRateBpm>
            <Cadence>67</Cadence>
            <Extensions>
              <ns3:TPX>
                <ns3:Speed>6.120999813079834</ns3:Speed>
                <ns3:Watts>402</ns3:Watts>
              </ns3:TPX>
            </Extensions>
          </Trackpoint>
          <Trackpoint>
            <Time>2025-07-25T12:11:50.000Z</Time>
            <Position>
              <LatitudeDegrees>43.097189124673605</LatitudeDegrees>
              <LongitudeDegrees>-2.574947392567992</LongitudeDegrees>
            </Position>
            <AltitudeMeters>237.39999389648438</AltitudeMeters>
            <DistanceMeters>5296.77978515625</DistanceMeters>
            <HeartRateBpm>
              <Value>129</Value>
            </HeartRateBpm>
            <Cadence>65</Cadence>
            <Extensions>
              <ns3:TPX>
                <ns3:Speed>6.0370001792907715</ns3:Speed>
                <ns3:Watts>443</ns3:Watts>
              </ns3:TPX>
            </Extensions>
          </Trackpoint>
          <Trackpoint>
            <Time>2025-07-25T12:11:51.000Z</Time>
            <Position>
              <LatitudeDegrees>43.097209157422185</LatitudeDegrees>
              <LongitudeDegrees>-2.575008999556303</LongitudeDegrees>
            </Position>
            <AltitudeMeters>237.60000610351562</AltitudeMeters>
            <DistanceMeters>5302.6298828125</DistanceMeters>
            <HeartRateBpm>
              <Value>129</Value>
            </HeartRateBpm>
            <Cadence>63</Cadence>
            <Extensions>
              <ns3:TPX>
                <ns3:Speed>5.849999904632568</ns3:Speed>
                <ns3:Watts>421</ns3:Watts>
              </ns3:TPX>
            </Extensions>
          </Trackpoint>
          <Trackpoint>
            <Time>2025-07-25T12:11:52.000Z</Time>
            <Position>
              <LatitudeDegrees>43.097225837409496</LatitudeDegrees>
              <LongitudeDegrees>-2.5750560220330954</LongitudeDegrees>
            </Position>
            <AltitudeMeters>237.8000030517578</AltitudeMeters>
            <DistanceMeters>5308.39990234375</DistanceMeters>
            <HeartRateBpm>
              <Value>129</Value>
            </HeartRateBpm>
            <Cadence>62</Cadence>
            <Extensions>
              <ns3:TPX>
                <ns3:Speed>5.765999794006348</ns3:Speed>
                <ns3:Watts>389</ns3:Watts>
              </ns3:TPX>
            </Extensions>
          </Trackpoint>
          <Trackpoint>
            <Time>2025-07-25T12:11:53.000Z</Time>
            <Position>
              <LatitudeDegrees>43.09725098311901</LatitudeDegrees>
              <LongitudeDegrees>-2.575131878256798</LongitudeDegrees>
            </Position>
            <AltitudeMeters>237.8000030517578</AltitudeMeters>
            <DistanceMeters>5314.1298828125</DistanceMeters>
            <HeartRateBpm>
              <Value>129</Value>
            </HeartRateBpm>
            <Cadence>61</Cadence>
            <Extensions>
              <ns3:TPX>
                <ns3:Speed>5.729000091552734</ns3:Speed>
                <ns3:Watts>397</ns3:Watts>
              </ns3:TPX>
            </Extensions>
          </Trackpoint>
          <Trackpoint>
            <Time>2025-07-25T12:11:54.000Z</Time>
            <Position>
              <LatitudeDegrees>43.097274117171764</LatitudeDegrees>
              <LongitudeDegrees>-2.575192730873823</LongitudeDegrees>
            </Position>
            <AltitudeMeters>238.1999969482422</AltitudeMeters>
            <DistanceMeters>5319.7900390625</DistanceMeters>
            <HeartRateBpm>
              <Value>129</Value>
            </HeartRateBpm>
            <Cadence>61</Cadence>
            <Extensions>
              <ns3:TPX>
                <ns3:Speed>5.664000034332275</ns3:Speed>
                <ns3:Watts>388</ns3:Watts>
              </ns3:TPX>
            </Extensions>
          </Trackpoint>
          <Trackpoint>
            <Time>2025-07-25T12:11:55.000Z</Time>
            <Position>
              <LatitudeDegrees>43.09729926288128</LatitudeDegrees>
              <LongitudeDegrees>-2.5752494763582945</LongitudeDegrees>
            </Position>
            <AltitudeMeters>238.8000030517578</AltitudeMeters>
            <DistanceMeters>5325.39990234375</DistanceMeters>
            <HeartRateBpm>
              <Value>129</Value>
            </HeartRateBpm>
            <Cadence>61</Cadence>
            <Extensions>
              <ns3:TPX>
                <ns3:Speed>5.607999801635742</ns3:Speed>
                <ns3:Watts>343</ns3:Watts>
              </ns3:TPX>
            </Extensions>
          </Trackpoint>
          <Trackpoint>
            <Time>2025-07-25T12:11:56.000Z</Time>
            <Position>
              <LatitudeDegrees>43.09732524678111</LatitudeDegrees>
              <LongitudeDegrees>-2.5753047969192266</LongitudeDegrees>
            </Position>
            <AltitudeMeters>239.0</AltitudeMeters>
            <DistanceMeters>5330.97998046875</DistanceMeters>
            <HeartRateBpm>
              <Value>130</Value>
            </HeartRateBpm>
            <Cadence>60</Cadence>
            <Extensions>
              <ns3:TPX>
                <ns3:Speed>5.579999923706055</ns3:Speed>
                <ns3:Watts>325</ns3:Watts>
              </ns3:TPX>
            </Extensions>
          </Trackpoint>
          <Trackpoint>
            <Time>2025-07-25T12:11:57.000Z</Time>
            <Position>
              <LatitudeDegrees>43.09735114686191</LatitudeDegrees>
              <LongitudeDegrees>-2.5753608718514442</LongitudeDegrees>
            </Position>
            <AltitudeMeters>239.39999389648438</AltitudeMeters>
            <DistanceMeters>5336.580078125</DistanceMeters>
            <HeartRateBpm>
              <Value>130</Value>
            </HeartRateBpm>
            <Cadence>60</Cadence>
            <Extensions>
              <ns3:TPX>
                <ns3:Speed>5.5980000495910645</ns3:Speed>
                <ns3:Watts>320</ns3:Watts>
              </ns3:TPX>
            </Extensions>
          </Trackpoint>
          <Trackpoint>
            <Time>2025-07-25T12:11:58.000Z</Time>
            <Position>
              <LatitudeDegrees>43.09737746603787</LatitudeDegrees>
              <LongitudeDegrees>-2.57541686296463</LongitudeDegrees>
            </Position>
            <AltitudeMeters>239.39999389648438</AltitudeMeters>
            <DistanceMeters>5342.22021484375</DistanceMeters>
            <HeartRateBpm>
              <Value>131</Value>
            </HeartRateBpm>
            <Cadence>60</Cadence>
            <Extensions>
              <ns3:TPX>
                <ns3:Speed>5.636000156402588</ns3:Speed>
                <ns3:Watts>318</ns3:Watts>
              </ns3:TPX>
            </Extensions>
          </Trackpoint>
          <Trackpoint>
            <Time>2025-07-25T12:11:59.000Z</Time>
            <Position>
              <LatitudeDegrees>43.09740487486124</LatitudeDegrees>
              <LongitudeDegrees>-2.5754744466394186</LongitudeDegrees>
            </Position>
            <AltitudeMeters>239.60000610351562</AltitudeMeters>
            <DistanceMeters>5348.1298828125</DistanceMeters>
            <HeartRateBpm>
              <Value>131</Value>
            </HeartRateBpm>
            <Cadence>63</Cadence>
            <Extensions>
              <ns3:TPX>
                <ns3:Speed>5.915999889373779</ns3:Speed>
                <ns3:Watts>316</ns3:Watts>
              </ns3:TPX>
            </Extensions>
          </Trackpoint>
          <Trackpoint>
            <Time>2025-07-25T12:12:00.000Z</Time>
            <Position>
              <LatitudeDegrees>43.09743454679847</LatitudeDegrees>
              <LongitudeDegrees>-2.575536724179983</LongitudeDegrees>
            </Position>
            <AltitudeMeters>239.8000030517578</AltitudeMeters>
            <DistanceMeters>5354.240234375</DistanceMeters>
            <HeartRateBpm>
              <Value>131</Value>
            </HeartRateBpm>
            <Cadence>63</Cadence>
            <Extensions>
              <ns3:TPX>
                <ns3:Speed>6.111999988555908</ns3:Speed>
                <ns3:Watts>286</ns3:Watts>
              </ns3:TPX>
            </Extensions>
          </Trackpoint>
          <Trackpoint>
            <Time>2025-07-25T12:12:01.000Z</Time>
            <Position>
              <LatitudeDegrees>43.09746011160314</LatitudeDegrees>
              <LongitudeDegrees>-2.5755855068564415</LongitudeDegrees>
            </Position>
            <AltitudeMeters>240.60000610351562</AltitudeMeters>
            <DistanceMeters>5360.580078125</DistanceMeters>
            <HeartRateBpm>
              <Value>132</Value>
            </HeartRateBpm>
            <Cadence>46</Cadence>
            <Extensions>
              <ns3:TPX>
                <ns3:Speed>6.34499979019165</ns3:Speed>
                <ns3:Watts>108</ns3:Watts>
              </ns3:TPX>
            </Extensions>
          </Trackpoint>
          <Trackpoint>
            <Time>2025-07-25T12:12:02.000Z</Time>
            <Position>
              <LatitudeDegrees>43.09749674052</LatitudeDegrees>
              <LongitudeDegrees>-2.575661698356271</LongitudeDegrees>
            </Position>
            <AltitudeMeters>241.0</AltitudeMeters>
            <DistanceMeters>5366.93017578125</DistanceMeters>
            <HeartRateBpm>
              <Value>133</Value>
            </HeartRateBpm>
            <Cadence>46</Cadence>
            <Extensions>
              <ns3:TPX>
                <ns3:Speed>6.34499979019165</ns3:Speed>
                <ns3:Watts>195</ns3:Watts>
              </ns3:TPX>
            </Extensions>
          </Trackpoint>
          <Trackpoint>
            <Time>2025-07-25T12:12:03.000Z</Time>
            <Position>
              <LatitudeDegrees>43.09751492924988</LatitudeDegrees>
              <LongitudeDegrees>-2.575715593993664</LongitudeDegrees>
            </Position>
            <AltitudeMeters>241.0</AltitudeMeters>
            <DistanceMeters>5373.02978515625</DistanceMeters>
            <HeartRateBpm>
              <Value>134</Value>
            </HeartRateBpm>
            <Cadence>59</Cadence>
            <Extensions>
              <ns3:TPX>
                <ns3:Speed>6.0929999351501465</ns3:Speed>
                <ns3:Watts>195</ns3:Watts>
              </ns3:TPX>
            </Extensions>
          </Trackpoint>
          <Trackpoint>
            <Time>2025-07-25T12:12:04.000Z</Time>
            <Position>
              <LatitudeDegrees>43.09754426591098</LatitudeDegrees>
              <LongitudeDegrees>-2.575797149911523</LongitudeDegrees>
            </Position>
            <AltitudeMeters>241.1999969482422</AltitudeMeters>
            <DistanceMeters>5379.2001953125</DistanceMeters>
            <HeartRateBpm>
              <Value>134</Value>
            </HeartRateBpm>
            <Cadence>63</Cadence>
            <Extensions>
              <ns3:TPX>
                <ns3:Speed>6.177000045776367</ns3:Speed>
                <ns3:Watts>207</ns3:Watts>
              </ns3:TPX>
            </Extensions>
          </Trackpoint>
          <Trackpoint>
            <Time>2025-07-25T12:12:05.000Z</Time>
            <Position>
              <LatitudeDegrees>43.09756949543953</LatitudeDegrees>
              <LongitudeDegrees>-2.5758635345846415</LongitudeDegrees>
            </Position>
            <AltitudeMeters>241.1999969482422</AltitudeMeters>
            <DistanceMeters>5385.490234375</DistanceMeters>
            <HeartRateBpm>
              <Value>135</Value>
            </HeartRateBpm>
            <Cadence>66</Cadence>
            <Extensions>
              <ns3:TPX>
                <ns3:Speed>6.297999858856201</ns3:Speed>
                <ns3:Watts>190</ns3:Watts>
              </ns3:TPX>
            </Extensions>
          </Trackpoint>
          <Trackpoint>
            <Time>2025-07-25T12:12:06.000Z</Time>
            <Position>
              <LatitudeDegrees>43.09759355150163</LatitudeDegrees>
              <LongitudeDegrees>-2.5759341940283775</LongitudeDegrees>
            </Position>
            <AltitudeMeters>241.39999389648438</AltitudeMeters>
            <DistanceMeters>5391.89013671875</DistanceMeters>
            <HeartRateBpm>
              <Value>134</Value>
            </HeartRateBpm>
            <Cadence>67</Cadence>
            <Extensions>
              <ns3:TPX>
                <ns3:Speed>6.392000198364258</ns3:Speed>
                <ns3:Watts>191</ns3:Watts>
              </ns3:TPX>
            </Extensions>
          </Trackpoint>
          <Trackpoint>
            <Time>2025-07-25T12:12:07.000Z</Time>
            <Position>
              <LatitudeDegrees>43.09761584736407</LatitudeDegrees>
              <LongitudeDegrees>-2.5760110560804605</LongitudeDegrees>
            </Position>
            <AltitudeMeters>241.39999389648438</AltitudeMeters>
            <DistanceMeters>5398.43017578125</DistanceMeters>
            <HeartRateBpm>
              <Value>134</Value>
            </HeartRateBpm>
            <Cadence>70</Cadence>
            <Extensions>
              <ns3:TPX>
                <ns3:Speed>6.540999889373779</ns3:Speed>
                <ns3:Watts>200</ns3:Watts>
              </ns3:TPX>
            </Extensions>
          </Trackpoint>
          <Trackpoint>
            <Time>2025-07-25T12:12:08.000Z</Time>
            <Position>
              <LatitudeDegrees>43.097639149054885</LatitudeDegrees>
              <LongitudeDegrees>-2.576089845970273</LongitudeDegrees>
            </Position>
            <AltitudeMeters>241.39999389648438</AltitudeMeters>
            <DistanceMeters>5405.14013671875</DistanceMeters>
            <HeartRateBpm>
              <Value>135</Value>
            </HeartRateBpm>
            <Cadence>73</Cadence>
            <Extensions>
              <ns3:TPX>
                <ns3:Speed>6.709000110626221</ns3:Speed>
                <ns3:Watts>187</ns3:Watts>
              </ns3:TPX>
            </Extensions>
          </Trackpoint>
          <Trackpoint>
            <Time>2025-07-25T12:12:09.000Z</Time>
            <Position>
              <LatitudeDegrees>43.09766370803118</LatitudeDegrees>
              <LongitudeDegrees>-2.57617081515491</LongitudeDegrees>
            </Position>
            <AltitudeMeters>241.39999389648438</AltitudeMeters>
            <DistanceMeters>5412.18994140625</DistanceMeters>
            <HeartRateBpm>
              <Value>134</Value>
            </HeartRateBpm>
            <Cadence>72</Cadence>
            <Extensions>
              <ns3:TPX>
                <ns3:Speed>7.017000198364258</ns3:Speed>
                <ns3:Watts>254</ns3:Watts>
              </ns3:TPX>
            </Extensions>
          </Trackpoint>
          <Trackpoint>
            <Time>2025-07-25T12:12:10.000Z</Time>
            <Position>
              <LatitudeDegrees>43.097689440473914</LatitudeDegrees>
              <LongitudeDegrees>-2.576255388557911</LongitudeDegrees>
            </Position>
            <AltitudeMeters>241.39999389648438</AltitudeMeters>
            <DistanceMeters>5419.39013671875</DistanceMeters>
            <HeartRateBpm>
              <Value>134</Value>
            </HeartRateBpm>
            <Cadence>73</Cadence>
            <Extensions>
              <ns3:TPX>
                <ns3:Speed>7.230999946594238</ns3:Speed>
                <ns3:Watts>157</ns3:Watts>
              </ns3:TPX>
            </Extensions>
          </Trackpoint>
          <Trackpoint>
            <Time>2025-07-25T12:12:11.000Z</Time>
            <Position>
              <LatitudeDegrees>43.09771743603051</LatitudeDegrees>
              <LongitudeDegrees>-2.5763406325131655</LongitudeDegrees>
            </Position>
            <AltitudeMeters>241.1999969482422</AltitudeMeters>
            <DistanceMeters>5426.759765625</DistanceMeters>
            <HeartRateBpm>
              <Value>134</Value>
            </HeartRateBpm>
            <Cadence>79</Cadence>
            <Extensions>
              <ns3:TPX>
                <ns3:Speed>7.38100004196167</ns3:Speed>
                <ns3:Watts>170</ns3:Watts>
              </ns3:TPX>
            </Extensions>
          </Trackpoint>
          <Trackpoint>
            <Time>2025-07-25T12:12:12.000Z</Time>
            <Position>
              <LatitudeDegrees>43.09774752706289</LatitudeDegrees>
              <LongitudeDegrees>-2.5764274690300226</LongitudeDegrees>
            </Position>
            <AltitudeMeters>241.0</AltitudeMeters>
            <DistanceMeters>5434.22998046875</DistanceMeters>
            <HeartRateBpm>
              <Value>134</Value>
            </HeartRateBpm>
            <Cadence>79</Cadence>
            <Extensions>
              <ns3:TPX>
                <ns3:Speed>7.465000152587891</ns3:Speed>
                <ns3:Watts>149</ns3:Watts>
              </ns3:TPX>
            </Extensions>
          </Trackpoint>
          <Trackpoint>
            <Time>2025-07-25T12:12:13.000Z</Time>
            <Position>
              <LatitudeDegrees>43.09777904301882</LatitudeDegrees>
              <LongitudeDegrees>-2.5765146408230066</LongitudeDegrees>
            </Position>
            <AltitudeMeters>240.60000610351562</AltitudeMeters>
            <DistanceMeters>5441.7900390625</DistanceMeters>
            <HeartRateBpm>
              <Value>134</Value>
            </HeartRateBpm>
            <Cadence>79</Cadence>
            <Extensions>
              <ns3:TPX>
                <ns3:Speed>7.566999912261963</ns3:Speed>
                <ns3:Watts>154</ns3:Watts>
              </ns3:TPX>
            </Extensions>
          </Trackpoint>
          <Trackpoint>
            <Time>2025-07-25T12:12:14.000Z</Time>
            <Position>
              <LatitudeDegrees>43.097812570631504</LatitudeDegrees>
              <LongitudeDegrees>-2.5765968672931194</LongitudeDegrees>
            </Position>
            <AltitudeMeters>240.39999389648438</AltitudeMeters>
            <DistanceMeters>5449.4599609375</DistanceMeters>
            <HeartRateBpm>
              <Value>133</Value>
            </HeartRateBpm>
            <Cadence>85</Cadence>
            <Extensions>
              <ns3:TPX>
                <ns3:Speed>7.623000144958496</ns3:Speed>
                <ns3:Watts>134</ns3:Watts>
              </ns3:TPX>
            </Extensions>
          </Trackpoint>
          <Trackpoint>
            <Time>2025-07-25T12:12:15.000Z</Time>
            <Position>
              <LatitudeDegrees>43.097846768796444</LatitudeDegrees>
              <LongitudeDegrees>-2.576679512858391</LongitudeDegrees>
            </Position>
            <AltitudeMeters>240.1999969482422</AltitudeMeters>
            <DistanceMeters>5457.10986328125</DistanceMeters>
            <HeartRateBpm>
              <Value>133</Value>
            </HeartRateBpm>
            <Cadence>81</Cadence>
            <Extensions>
              <ns3:TPX>
                <ns3:Speed>7.659999847412109</ns3:Speed>
                <ns3:Watts>136</ns3:Watts>
              </ns3:TPX>
            </Extensions>
          </Trackpoint>
          <Trackpoint>
            <Time>2025-07-25T12:12:16.000Z</Time>
            <Position>
              <LatitudeDegrees>43.097875602543354</LatitudeDegrees>
              <LongitudeDegrees>-2.576744807884097</LongitudeDegrees>
            </Position>
            <AltitudeMeters>240.1999969482422</AltitudeMeters>
            <DistanceMeters>5464.81982421875</DistanceMeters>
            <HeartRateBpm>
              <Value>133</Value>
            </HeartRateBpm>
            <Cadence>87</Cadence>
            <Extensions>
              <ns3:TPX>
                <ns3:Speed>7.72599983215332</ns3:Speed>
                <ns3:Watts>149</ns3:Watts>
              </ns3:TPX>
            </Extensions>
          </Trackpoint>
          <Trackpoint>
            <Time>2025-07-25T12:12:17.000Z</Time>
            <Position>
              <LatitudeDegrees>43.09792279265821</LatitudeDegrees>
              <LongitudeDegrees>-2.576839104294777</LongitudeDegrees>
            </Position>
            <AltitudeMeters>240.0</AltitudeMeters>
            <DistanceMeters>5472.60986328125</DistanceMeters>
            <HeartRateBpm>
              <Value>132</Value>
            </HeartRateBpm>
            <Cadence>83</Cadence>
            <Extensions>
              <ns3:TPX>
                <ns3:Speed>7.800000190734863</ns3:Speed>
                <ns3:Watts>121</ns3:Watts>
              </ns3:TPX>
            </Extensions>
          </Trackpoint>
          <Trackpoint>
            <Time>2025-07-25T12:12:18.000Z</Time>
            <Position>
              <LatitudeDegrees>43.09796595945954</LatitudeDegrees>
              <LongitudeDegrees>-2.5769134517759085</LongitudeDegrees>
            </Position>
            <AltitudeMeters>240.0</AltitudeMeters>
            <DistanceMeters>5480.47998046875</DistanceMeters>
            <HeartRateBpm>
              <Value>132</Value>
            </HeartRateBpm>
            <Cadence>85</Cadence>
            <Extensions>
              <ns3:TPX>
                <ns3:Speed>7.875</ns3:Speed>
                <ns3:Watts>154</ns3:Watts>
              </ns3:TPX>
            </Extensions>
          </Trackpoint>
          <Trackpoint>
            <Time>2025-07-25T12:12:19.000Z</Time>
            <Position>
              <LatitudeDegrees>43.098013401031494</LatitudeDegrees>
              <LongitudeDegrees>-2.5769855361431837</LongitudeDegrees>
            </Position>
            <AltitudeMeters>239.8000030517578</AltitudeMeters>
            <DistanceMeters>5488.4501953125</DistanceMeters>
            <HeartRateBpm>
              <Value>131</Value>
            </HeartRateBpm>
            <Cadence>82</Cadence>
            <Extensions>
              <ns3:TPX>
                <ns3:Speed>7.959000110626221</ns3:Speed>
                <ns3:Watts>128</ns3:Watts>
              </ns3:TPX>
            </Extensions>
          </Trackpoint>
          <Trackpoint>
            <Time>2025-07-25T12:12:20.000Z</Time>
            <Position>
              <LatitudeDegrees>43.09805371798575</LatitudeDegrees>
              <LongitudeDegrees>-2.5770429521799088</LongitudeDegrees>
            </Position>
            <AltitudeMeters>239.60000610351562</AltitudeMeters>
            <DistanceMeters>5496.4501953125</DistanceMeters>
            <HeartRateBpm>
              <Value>131</Value>
            </HeartRateBpm>
            <Cadence>90</Cadence>
            <Extensions>
              <ns3:TPX>
                <ns3:Speed>8.015000343322754</ns3:Speed>
                <ns3:Watts>146</ns3:Watts>
              </ns3:TPX>
            </Extensions>
          </Trackpoint>
          <Trackpoint>
            <Time>2025-07-25T12:12:21.000Z</Time>
            <Position>
              <LatitudeDegrees>43.098115157336</LatitudeDegrees>
              <LongitudeDegrees>-2.577128615230322</LongitudeDegrees>
            </Position>
            <AltitudeMeters>239.60000610351562</AltitudeMeters>
            <DistanceMeters>5504.52001953125</DistanceMeters>
            <HeartRateBpm>
              <Value>131</Value>
            </HeartRateBpm>
            <Cadence>85</Cadence>
            <Extensions>
              <ns3:TPX>
                <ns3:Speed>8.062000274658203</ns3:Speed>
                <ns3:Watts>127</ns3:Watts>
              </ns3:TPX>
            </Extensions>
          </Trackpoint>
          <Trackpoint>
            <Time>2025-07-25T12:12:22.000Z</Time>
            <Position>
              <LatitudeDegrees>43.09816528111696</LatitudeDegrees>
              <LongitudeDegrees>-2.577199609950185</LongitudeDegrees>
            </Position>
            <AltitudeMeters>239.39999389648438</AltitudeMeters>
            <DistanceMeters>5512.60009765625</DistanceMeters>
            <HeartRateBpm>
              <Value>130</Value>
            </HeartRateBpm>
            <Cadence>90</Cadence>
            <Extensions>
              <ns3:TPX>
                <ns3:Speed>8.09000015258789</ns3:Speed>
                <ns3:Watts>135</ns3:Watts>
              </ns3:TPX>
            </Extensions>
          </Trackpoint>
          <Trackpoint>
            <Time>2025-07-25T12:12:23.000Z</Time>
            <Position>
              <LatitudeDegrees>43.09821548871696</LatitudeDegrees>
              <LongitudeDegrees>-2.5772701017558575</LongitudeDegrees>
            </Position>
            <AltitudeMeters>239.39999389648438</AltitudeMeters>
            <DistanceMeters>5520.68994140625</DistanceMeters>
            <HeartRateBpm>
              <Value>130</Value>
            </HeartRateBpm>
            <Cadence>85</Cadence>
            <Extensions>
              <ns3:TPX>
                <ns3:Speed>8.079999923706055</ns3:Speed>
                <ns3:Watts>144</ns3:Watts>
              </ns3:TPX>
            </Extensions>
          </Trackpoint>
          <Trackpoint>
            <Time>2025-07-25T12:12:24.000Z</Time>
            <Position>
              <LatitudeDegrees>43.098254799842834</LatitudeDegrees>
              <LongitudeDegrees>-2.5773256737738848</LongitudeDegrees>
            </Position>
            <AltitudeMeters>239.39999389648438</AltitudeMeters>
            <DistanceMeters>5528.81005859375</DistanceMeters>
            <HeartRateBpm>
              <Value>130</Value>
            </HeartRateBpm>
            <Cadence>90</Cadence>
            <Extensions>
              <ns3:TPX>
                <ns3:Speed>8.126999855041504</ns3:Speed>
                <ns3:Watts>146</ns3:Watts>
              </ns3:TPX>
            </Extensions>
          </Trackpoint>
          <Trackpoint>
            <Time>2025-07-25T12:12:25.000Z</Time>
            <Position>
              <LatitudeDegrees>43.098303247243166</LatitudeDegrees>
              <LongitudeDegrees>-2.5773972552269697</LongitudeDegrees>
            </Position>
            <AltitudeMeters>239.39999389648438</AltitudeMeters>
            <DistanceMeters>5536.919921875</DistanceMeters>
            <HeartRateBpm>
              <Value>130</Value>
            </HeartRateBpm>
            <Cadence>89</Cadence>
            <Extensions>
              <ns3:TPX>
                <ns3:Speed>8.107999801635742</ns3:Speed>
                <ns3:Watts>153</ns3:Watts>
              </ns3:TPX>
            </Extensions>
          </Trackpoint>
          <Trackpoint>
            <Time>2025-07-25T12:12:26.000Z</Time>
            <Position>
              <LatitudeDegrees>43.098358400166035</LatitudeDegrees>
              <LongitudeDegrees>-2.577488785609603</LongitudeDegrees>
            </Position>
            <AltitudeMeters>239.1999969482422</AltitudeMeters>
            <DistanceMeters>5544.990234375</DistanceMeters>
            <HeartRateBpm>
              <Value>129</Value>
            </HeartRateBpm>
            <Cadence>86</Cadence>
            <Extensions>
              <ns3:TPX>
                <ns3:Speed>8.062000274658203</ns3:Speed>
                <ns3:Watts>158</ns3:Watts>
              </ns3:TPX>
            </Extensions>
          </Trackpoint>
          <Trackpoint>
            <Time>2025-07-25T12:12:27.000Z</Time>
            <Position>
              <LatitudeDegrees>43.098396537825465</LatitudeDegrees>
              <LongitudeDegrees>-2.5775726046413183</LongitudeDegrees>
            </Position>
            <AltitudeMeters>239.1999969482422</AltitudeMeters>
            <DistanceMeters>5553.02001953125</DistanceMeters>
            <HeartRateBpm>
              <Value>129</Value>
            </HeartRateBpm>
            <Cadence>90</Cadence>
            <Extensions>
              <ns3:TPX>
                <ns3:Speed>8.034000396728516</ns3:Speed>
                <ns3:Watts>156</ns3:Watts>
              </ns3:TPX>
            </Extensions>
          </Trackpoint>
          <Trackpoint>
            <Time>2025-07-25T12:12:28.000Z</Time>
            <Position>
              <LatitudeDegrees>43.098423443734646</LatitudeDegrees>
              <LongitudeDegrees>-2.5776432640850544</LongitudeDegrees>
            </Position>
            <AltitudeMeters>239.0</AltitudeMeters>
            <DistanceMeters>5561.0</DistanceMeters>
            <HeartRateBpm>
              <Value>129</Value>
            </HeartRateBpm>
            <Cadence>85</Cadence>
            <Extensions>
              <ns3:TPX>
                <ns3:Speed>7.986999988555908</ns3:Speed>
                <ns3:Watts>148</ns3:Watts>
              </ns3:TPX>
            </Extensions>
          </Trackpoint>
          <Trackpoint>
            <Time>2025-07-25T12:12:29.000Z</Time>
            <Position>
              <LatitudeDegrees>43.098451774567366</LatitudeDegrees>
              <LongitudeDegrees>-2.5777336210012436</LongitudeDegrees>
            </Position>
            <AltitudeMeters>238.8000030517578</AltitudeMeters>
            <DistanceMeters>5568.9599609375</DistanceMeters>
            <HeartRateBpm>
              <Value>129</Value>
            </HeartRateBpm>
            <Cadence>88</Cadence>
            <Extensions>
              <ns3:TPX>
                <ns3:Speed>7.959000110626221</ns3:Speed>
                <ns3:Watts>165</ns3:Watts>
              </ns3:TPX>
            </Extensions>
          </Trackpoint>
          <Trackpoint>
            <Time>2025-07-25T12:12:30.000Z</Time>
            <Position>
              <LatitudeDegrees>43.09848287142813</LatitudeDegrees>
              <LongitudeDegrees>-2.57784191519022</LongitudeDegrees>
            </Position>
            <AltitudeMeters>238.8000030517578</AltitudeMeters>
            <DistanceMeters>5576.89990234375</DistanceMeters>
            <HeartRateBpm>
              <Value>129</Value>
            </HeartRateBpm>
            <Cadence>85</Cadence>
            <Extensions>
              <ns3:TPX>
                <ns3:Speed>7.940000057220459</ns3:Speed>
                <ns3:Watts>156</ns3:Watts>
              </ns3:TPX>
            </Extensions>
          </Trackpoint>
          <Trackpoint>
            <Time>2025-07-25T12:12:31.000Z</Time>
            <Position>
              <LatitudeDegrees>43.09850810095668</LatitudeDegrees>
              <LongitudeDegrees>-2.577931769192219</LongitudeDegrees>
            </Position>
            <AltitudeMeters>238.60000610351562</AltitudeMeters>
            <DistanceMeters>5584.7900390625</DistanceMeters>
            <HeartRateBpm>
              <Value>129</Value>
            </HeartRateBpm>
            <Cadence>87</Cadence>
            <Extensions>
              <ns3:TPX>
                <ns3:Speed>7.883999824523926</ns3:Speed>
                <ns3:Watts>186</ns3:Watts>
              </ns3:TPX>
            </Extensions>
          </Trackpoint>
          <Trackpoint>
            <Time>2025-07-25T12:12:32.000Z</Time>
            <Position>
              <LatitudeDegrees>43.09853366576135</LatitudeDegrees>
              <LongitudeDegrees>-2.578019192442298</LongitudeDegrees>
            </Position>
            <AltitudeMeters>238.39999389648438</AltitudeMeters>
            <DistanceMeters>5592.509765625</DistanceMeters>
            <HeartRateBpm>
              <Value>129</Value>
            </HeartRateBpm>
            <Cadence>83</Cadence>
            <Extensions>
              <ns3:TPX>
                <ns3:Speed>7.72599983215332</ns3:Speed>
                <ns3:Watts>179</ns3:Watts>
              </ns3:TPX>
            </Extensions>
          </Trackpoint>
          <Trackpoint>
            <Time>2025-07-25T12:12:33.000Z</Time>
            <Position>
              <LatitudeDegrees>43.098554285243154</LatitudeDegrees>
              <LongitudeDegrees>-2.578086918219924</LongitudeDegrees>
            </Position>
            <AltitudeMeters>238.1999969482422</AltitudeMeters>
            <DistanceMeters>5600.169921875</DistanceMeters>
            <HeartRateBpm>
              <Value>128</Value>
            </HeartRateBpm>
            <Cadence>80</Cadence>
            <Extensions>
              <ns3:TPX>
                <ns3:Speed>7.659999847412109</ns3:Speed>
                <ns3:Watts>187</ns3:Watts>
              </ns3:TPX>
            </Extensions>
          </Trackpoint>
          <Trackpoint>
            <Time>2025-07-25T12:12:34.000Z</Time>
            <Position>
              <LatitudeDegrees>43.098578760400414</LatitudeDegrees>
              <LongitudeDegrees>-2.5781736709177494</LongitudeDegrees>
            </Position>
            <AltitudeMeters>237.8000030517578</AltitudeMeters>
            <DistanceMeters>5607.81005859375</DistanceMeters>
            <HeartRateBpm>
              <Value>128</Value>
            </HeartRateBpm>
            <Cadence>84</Cadence>
            <Extensions>
              <ns3:TPX>
                <ns3:Speed>7.632999897003174</ns3:Speed>
                <ns3:Watts>177</ns3:Watts>
              </ns3:TPX>
            </Extensions>
          </Trackpoint>
          <Trackpoint>
            <Time>2025-07-25T12:12:35.000Z</Time>
            <Position>
              <LatitudeDegrees>43.09860742650926</LatitudeDegrees>
              <LongitudeDegrees>-2.578277438879013</LongitudeDegrees>
            </Position>
            <AltitudeMeters>237.60000610351562</AltitudeMeters>
            <DistanceMeters>5615.35009765625</DistanceMeters>
            <HeartRateBpm>
              <Value>127</Value>
            </HeartRateBpm>
            <Cadence>80</Cadence>
            <Extensions>
              <ns3:TPX>
                <ns3:Speed>7.548999786376953</ns3:Speed>
                <ns3:Watts>193</ns3:Watts>
              </ns3:TPX>
            </Extensions>
          </Trackpoint>
          <Trackpoint>
            <Time>2025-07-25T12:12:36.000Z</Time>
            <Position>
              <LatitudeDegrees>43.098632572218776</LatitudeDegrees>
              <LongitudeDegrees>-2.578361677005887</LongitudeDegrees>
            </Position>
            <AltitudeMeters>237.60000610351562</AltitudeMeters>
            <DistanceMeters>5622.7998046875</DistanceMeters>
            <HeartRateBpm>
              <Value>127</Value>
            </HeartRateBpm>
            <Cadence>81</Cadence>
            <Extensions>
              <ns3:TPX>
                <ns3:Speed>7.446000099182129</ns3:Speed>
                <ns3:Watts>211</ns3:Watts>
              </ns3:TPX>
            </Extensions>
          </Trackpoint>
          <Trackpoint>
            <Time>2025-07-25T12:12:37.000Z</Time>
            <Position>
              <LatitudeDegrees>43.09865729883313</LatitudeDegrees>
              <LongitudeDegrees>-2.5784434843808413</LongitudeDegrees>
            </Position>
            <AltitudeMeters>237.39999389648438</AltitudeMeters>
            <DistanceMeters>5630.14013671875</DistanceMeters>
            <HeartRateBpm>
              <Value>127</Value>
            </HeartRateBpm>
            <Cadence>80</Cadence>
            <Extensions>
              <ns3:TPX>
                <ns3:Speed>7.3429999351501465</ns3:Speed>
                <ns3:Watts>201</ns3:Watts>
              </ns3:TPX>
            </Extensions>
          </Trackpoint>
          <Trackpoint>
            <Time>2025-07-25T12:12:38.000Z</Time>
            <Position>
              <LatitudeDegrees>43.09867816977203</LatitudeDegrees>
              <LongitudeDegrees>-2.5785082764923573</LongitudeDegrees>
            </Position>
            <AltitudeMeters>237.39999389648438</AltitudeMeters>
            <DistanceMeters>5637.35986328125</DistanceMeters>
            <HeartRateBpm>
              <Value>127</Value>
            </HeartRateBpm>
            <Cadence>78</Cadence>
            <Extensions>
              <ns3:TPX>
                <ns3:Speed>7.2220001220703125</ns3:Speed>
                <ns3:Watts>217</ns3:Watts>
              </ns3:TPX>
            </Extensions>
          </Trackpoint>
          <Trackpoint>
            <Time>2025-07-25T12:12:39.000Z</Time>
            <Position>
              <LatitudeDegrees>43.098703399300575</LatitudeDegrees>
              <LongitudeDegrees>-2.578589329496026</LongitudeDegrees>
            </Position>
            <AltitudeMeters>237.39999389648438</AltitudeMeters>
            <DistanceMeters>5644.5400390625</DistanceMeters>
            <HeartRateBpm>
              <Value>127</Value>
            </HeartRateBpm>
            <Cadence>76</Cadence>
            <Extensions>
              <ns3:TPX>
                <ns3:Speed>7.175000190734863</ns3:Speed>
                <ns3:Watts>217</ns3:Watts>
              </ns3:TPX>
            </Extensions>
          </Trackpoint>
          <Trackpoint>
            <Time>2025-07-25T12:12:40.000Z</Time>
            <Position>
              <LatitudeDegrees>43.098733238875866</LatitudeDegrees>
              <LongitudeDegrees>-2.5786861404776573</LongitudeDegrees>
            </Position>
            <AltitudeMeters>237.39999389648438</AltitudeMeters>
            <DistanceMeters>5651.72021484375</DistanceMeters>
            <HeartRateBpm>
              <Value>127</Value>
            </HeartRateBpm>
            <Cadence>80</Cadence>
            <Extensions>
              <ns3:TPX>
                <ns3:Speed>7.175000190734863</ns3:Speed>
                <ns3:Watts>217</ns3:Watts>
              </ns3:TPX>
            </Extensions>
          </Trackpoint>
          <Trackpoint>
            <Time>2025-07-25T12:12:41.000Z</Time>
            <Position>
              <LatitudeDegrees>43.09875402599573</LatitudeDegrees>
              <LongitudeDegrees>-2.578748669475317</LongitudeDegrees>
            </Position>
            <AltitudeMeters>237.39999389648438</AltitudeMeters>
            <DistanceMeters>5658.919921875</DistanceMeters>
            <HeartRateBpm>
              <Value>127</Value>
            </HeartRateBpm>
            <Cadence>76</Cadence>
            <Extensions>
              <ns3:TPX>
                <ns3:Speed>7.193999767303467</ns3:Speed>
                <ns3:Watts>198</ns3:Watts>
              </ns3:TPX>
            </Extensions>
          </Trackpoint>
          <Trackpoint>
            <Time>2025-07-25T12:12:42.000Z</Time>
            <Position>
              <LatitudeDegrees>43.09878721833229</LatitudeDegrees>
              <LongitudeDegrees>-2.578841792419553</LongitudeDegrees>
            </Position>
            <AltitudeMeters>237.39999389648438</AltitudeMeters>
            <DistanceMeters>5666.1298828125</DistanceMeters>
            <HeartRateBpm>
              <Value>127</Value>
            </HeartRateBpm>
            <Cadence>76</Cadence>
            <Extensions>
              <ns3:TPX>
                <ns3:Speed>7.2220001220703125</ns3:Speed>
                <ns3:Watts>162</ns3:Watts>
              </ns3:TPX>
            </Extensions>
          </Trackpoint>
          <Trackpoint>
            <Time>2025-07-25T12:12:43.000Z</Time>
            <Position>
              <LatitudeDegrees>43.098799120634794</LatitudeDegrees>
              <LongitudeDegrees>-2.578872051090002</LongitudeDegrees>
            </Position>
            <AltitudeMeters>237.60000610351562</AltitudeMeters>
            <DistanceMeters>5673.39013671875</DistanceMeters>
            <HeartRateBpm>
              <Value>127</Value>
            </HeartRateBpm>
            <Cadence>79</Cadence>
            <Extensions>
              <ns3:TPX>
                <ns3:Speed>7.258999824523926</ns3:Speed>
                <ns3:Watts>203</ns3:Watts>
              </ns3:TPX>
            </Extensions>
          </Trackpoint>
          <Trackpoint>
            <Time>2025-07-25T12:12:44.000Z</Time>
            <Position>
              <LatitudeDegrees>43.098827535286546</LatitudeDegrees>
              <LongitudeDegrees>-2.578948996961117</LongitudeDegrees>
            </Position>
            <AltitudeMeters>237.60000610351562</AltitudeMeters>
            <DistanceMeters>5680.68994140625</DistanceMeters>
            <HeartRateBpm>
              <Value>126</Value>
            </HeartRateBpm>
            <Cadence>77</Cadence>
            <Extensions>
              <ns3:TPX>
                <ns3:Speed>7.296999931335449</ns3:Speed>
                <ns3:Watts>88</ns3:Watts>
              </ns3:TPX>
            </Extensions>
          </Trackpoint>
          <Trackpoint>
            <Time>2025-07-25T12:12:45.000Z</Time>
            <Position>
              <LatitudeDegrees>43.098854441195726</LatitudeDegrees>
              <LongitudeDegrees>-2.5790254399180412</LongitudeDegrees>
            </Position>
            <AltitudeMeters>237.60000610351562</AltitudeMeters>
            <DistanceMeters>5687.85009765625</DistanceMeters>
            <HeartRateBpm>
              <Value>126</Value>
            </HeartRateBpm>
            <Cadence>46</Cadence>
            <Extensions>
              <ns3:TPX>
                <ns3:Speed>7.165999889373779</ns3:Speed>
                <ns3:Watts>44</ns3:Watts>
              </ns3:TPX>
            </Extensions>
          </Trackpoint>
          <Trackpoint>
            <Time>2025-07-25T12:12:46.000Z</Time>
            <Position>
              <LatitudeDegrees>43.09889425523579</LatitudeDegrees>
              <LongitudeDegrees>-2.579122753813863</LongitudeDegrees>
            </Position>
            <AltitudeMeters>237.60000610351562</AltitudeMeters>
            <DistanceMeters>5694.419921875</DistanceMeters>
            <HeartRateBpm>
              <Value>125</Value>
            </HeartRateBpm>
            <Cadence>46</Cadence>
            <Extensions>
              <ns3:TPX>
                <ns3:Speed>6.568999767303467</ns3:Speed>
                <ns3:Watts>44</ns3:Watts>
              </ns3:TPX>
            </Extensions>
          </Trackpoint>
          <Trackpoint>
            <Time>2025-07-25T12:12:47.000Z</Time>
            <Position>
              <LatitudeDegrees>43.098940439522266</LatitudeDegrees>
              <LongitudeDegrees>-2.5791740510612726</LongitudeDegrees>
            </Position>
            <AltitudeMeters>237.60000610351562</AltitudeMeters>
            <DistanceMeters>5699.77978515625</DistanceMeters>
            <HeartRateBpm>
              <Value>124</Value>
            </HeartRateBpm>
            <Cadence>46</Cadence>
            <Extensions>
              <ns3:TPX>
                <ns3:Speed>5.355999946594238</ns3:Speed>
                <ns3:Watts>37</ns3:Watts>
              </ns3:TPX>
            </Extensions>
          </Trackpoint>
          <Trackpoint>
            <Time>2025-07-25T12:12:48.000Z</Time>
            <Position>
              <LatitudeDegrees>43.09898469597101</LatitudeDegrees>
              <LongitudeDegrees>-2.5791768170893192</LongitudeDegrees>
            </Position>
            <AltitudeMeters>237.60000610351562</AltitudeMeters>
            <DistanceMeters>5704.60009765625</DistanceMeters>
            <HeartRateBpm>
              <Value>123</Value>
            </HeartRateBpm>
            <Cadence>46</Cadence>
            <Extensions>
              <ns3:TPX>
                <ns3:Speed>4.815000057220459</ns3:Speed>
                <ns3:Watts>34</ns3:Watts>
              </ns3:TPX>
            </Extensions>
          </Trackpoint>
          <Trackpoint>
            <Time>2025-07-25T12:12:49.000Z</Time>
            <Position>
              <LatitudeDegrees>43.09901922941208</LatitudeDegrees>
              <LongitudeDegrees>-2.579159801825881</LongitudeDegrees>
            </Position>
            <AltitudeMeters>237.60000610351562</AltitudeMeters>
            <DistanceMeters>5709.8701171875</DistanceMeters>
            <HeartRateBpm>
              <Value>121</Value>
            </HeartRateBpm>
            <Cadence>0</Cadence>
            <Extensions>
              <ns3:TPX>
                <ns3:Speed>5.271999835968018</ns3:Speed>
                <ns3:Watts>38</ns3:Watts>
              </ns3:TPX>
            </Extensions>
          </Trackpoint>
          <Trackpoint>
            <Time>2025-07-25T12:12:50.000Z</Time>
            <Position>
              <LatitudeDegrees>43.09906080365181</LatitudeDegrees>
              <LongitudeDegrees>-2.5791046489030123</LongitudeDegrees>
            </Position>
            <AltitudeMeters>237.60000610351562</AltitudeMeters>
            <DistanceMeters>5716.4599609375</DistanceMeters>
            <HeartRateBpm>
              <Value>121</Value>
            </HeartRateBpm>
            <Cadence>0</Cadence>
            <Extensions>
              <ns3:TPX>
                <ns3:Speed>6.568999767303467</ns3:Speed>
                <ns3:Watts>47</ns3:Watts>
              </ns3:TPX>
            </Extensions>
          </Trackpoint>
          <Trackpoint>
            <Time>2025-07-25T12:12:51.000Z</Time>
            <Position>
              <LatitudeDegrees>43.09907337650657</LatitudeDegrees>
              <LongitudeDegrees>-2.5790350791066885</LongitudeDegrees>
            </Position>
            <AltitudeMeters>237.60000610351562</AltitudeMeters>
            <DistanceMeters>5724.2099609375</DistanceMeters>
            <HeartRateBpm>
              <Value>119</Value>
            </HeartRateBpm>
            <Cadence>0</Cadence>
            <Extensions>
              <ns3:TPX>
                <ns3:Speed>7.771999835968018</ns3:Speed>
                <ns3:Watts>55</ns3:Watts>
              </ns3:TPX>
            </Extensions>
          </Trackpoint>
          <Trackpoint>
            <Time>2025-07-25T12:12:52.000Z</Time>
            <Position>
              <LatitudeDegrees>43.09908460825682</LatitudeDegrees>
              <LongitudeDegrees>-2.5789264496415854</LongitudeDegrees>
            </Position>
            <AltitudeMeters>237.39999389648438</AltitudeMeters>
            <DistanceMeters>5732.8701171875</DistanceMeters>
            <HeartRateBpm>
              <Value>119</Value>
            </HeartRateBpm>
            <Cadence>0</Cadence>
            <Extensions>
              <ns3:TPX>
                <ns3:Speed>8.668000221252441</ns3:Speed>
                <ns3:Watts>61</ns3:Watts>
              </ns3:TPX>
            </Extensions>
          </Trackpoint>
          <Trackpoint>
            <Time>2025-07-25T12:12:53.000Z</Time>
            <Position>
              <LatitudeDegrees>43.09910128824413</LatitudeDegrees>
              <LongitudeDegrees>-2.5787856336683035</LongitudeDegrees>
            </Position>
            <AltitudeMeters>237.39999389648438</AltitudeMeters>
            <DistanceMeters>5742.25</DistanceMeters>
            <HeartRateBpm>
              <Value>119</Value>
            </HeartRateBpm>
            <Cadence>0</Cadence>
            <Extensions>
              <ns3:TPX>
                <ns3:Speed>9.38700008392334</ns3:Speed>
                <ns3:Watts>62</ns3:Watts>
              </ns3:TPX>
            </Extensions>
          </Trackpoint>
          <Trackpoint>
            <Time>2025-07-25T12:12:54.000Z</Time>
            <Position>
              <LatitudeDegrees>43.099127020686865</LatitudeDegrees>
              <LongitudeDegrees>-2.5786735676229</LongitudeDegrees>
            </Position>
            <AltitudeMeters>237.39999389648438</AltitudeMeters>
            <DistanceMeters>5751.4599609375</DistanceMeters>
            <HeartRateBpm>
              <Value>119</Value>
            </HeartRateBpm>
            <Cadence>0</Cadence>
            <Extensions>
              <ns3:TPX>
                <ns3:Speed>9.208999633789062</ns3:Speed>
                <ns3:Watts>63</ns3:Watts>
              </ns3:TPX>
            </Extensions>
          </Trackpoint>
          <Trackpoint>
            <Time>2025-07-25T12:12:55.000Z</Time>
            <Position>
              <LatitudeDegrees>43.099161218851805</LatitudeDegrees>
              <LongitudeDegrees>-2.5785991363227367</LongitudeDegrees>
            </Position>
            <AltitudeMeters>236.1999969482422</AltitudeMeters>
            <DistanceMeters>5760.18017578125</DistanceMeters>
            <HeartRateBpm>
              <Value>118</Value>
            </HeartRateBpm>
            <Cadence>0</Cadence>
            <Extensions>
              <ns3:TPX>
                <ns3:Speed>8.706000328063965</ns3:Speed>
                <ns3:Watts>59</ns3:Watts>
              </ns3:TPX>
            </Extensions>
          </Trackpoint>
          <Trackpoint>
            <Time>2025-07-25T12:12:56.000Z</Time>
            <Position>
              <LatitudeDegrees>43.09923296794295</LatitudeDegrees>
              <LongitudeDegrees>-2.578508695587516</LongitudeDegrees>
            </Position>
            <AltitudeMeters>235.60000610351562</AltitudeMeters>
            <DistanceMeters>5768.97998046875</DistanceMeters>
            <HeartRateBpm>
              <Value>118</Value>
            </HeartRateBpm>
            <Cadence>0</Cadence>
            <Extensions>
              <ns3:TPX>
                <ns3:Speed>8.807999610900879</ns3:Speed>
                <ns3:Watts>59</ns3:Watts>
              </ns3:TPX>
            </Extensions>
          </Trackpoint>
          <Trackpoint>
            <Time>2025-07-25T12:12:57.000Z</Time>
            <Position>
              <LatitudeDegrees>43.09930605813861</LatitudeDegrees>
              <LongitudeDegrees>-2.578449435532093</LongitudeDegrees>
            </Position>
            <AltitudeMeters>234.39999389648438</AltitudeMeters>
            <DistanceMeters>5778.2099609375</DistanceMeters>
            <HeartRateBpm>
              <Value>117</Value>
            </HeartRateBpm>
            <Cadence>0</Cadence>
            <Extensions>
              <ns3:TPX>
                <ns3:Speed>9.227999687194824</ns3:Speed>
                <ns3:Watts>63</ns3:Watts>
              </ns3:TPX>
            </Extensions>
          </Trackpoint>
          <Trackpoint>
            <Time>2025-07-25T12:12:58.000Z</Time>
            <Position>
              <LatitudeDegrees>43.09938861988485</LatitudeDegrees>
              <LongitudeDegrees>-2.5784007366746664</LongitudeDegrees>
            </Position>
            <AltitudeMeters>233.8000030517578</AltitudeMeters>
            <DistanceMeters>5787.89990234375</DistanceMeters>
            <HeartRateBpm>
              <Value>117</Value>
            </HeartRateBpm>
            <Cadence>0</Cadence>
            <Extensions>
              <ns3:TPX>
                <ns3:Speed>9.6850004196167</ns3:Speed>
                <ns3:Watts>66</ns3:Watts>
              </ns3:TPX>
            </Extensions>
          </Trackpoint>
          <Trackpoint>
            <Time>2025-07-25T12:12:59.000Z</Time>
            <Position>
              <LatitudeDegrees>43.09947805479169</LatitudeDegrees>
              <LongitudeDegrees>-2.578360754996538</LongitudeDegrees>
            </Position>
            <AltitudeMeters>232.8000030517578</AltitudeMeters>
            <DistanceMeters>5798.3701171875</DistanceMeters>
            <HeartRateBpm>
              <Value>116</Value>
            </HeartRateBpm>
            <Cadence>0</Cadence>
            <Extensions>
              <ns3:TPX>
                <ns3:Speed>10.48799991607666</ns3:Speed>
                <ns3:Watts>66</ns3:Watts>
              </ns3:TPX>
            </Extensions>
          </Trackpoint>
          <Trackpoint>
            <Time>2025-07-25T12:13:00.000Z</Time>
            <Position>
              <LatitudeDegrees>43.099569668993354</LatitudeDegrees>
              <LongitudeDegrees>-2.5783273950219154</LongitudeDegrees>
            </Position>
            <AltitudeMeters>232.0</AltitudeMeters>
            <DistanceMeters>5809.35009765625</DistanceMeters>
            <HeartRateBpm>
              <Value>116</Value>
            </HeartRateBpm>
            <Cadence>0</Cadence>
            <Extensions>
              <ns3:TPX>
                <ns3:Speed>10.972999572753906</ns3:Speed>
                <ns3:Watts>73</ns3:Watts>
              </ns3:TPX>
            </Extensions>
          </Trackpoint>
          <Trackpoint>
            <Time>2025-07-25T12:13:01.000Z</Time>
            <Position>
              <LatitudeDegrees>43.09963848441839</LatitudeDegrees>
              <LongitudeDegrees>-2.578304009512067</LongitudeDegrees>
            </Position>
            <AltitudeMeters>231.60000610351562</AltitudeMeters>
            <DistanceMeters>5819.7099609375</DistanceMeters>
            <HeartRateBpm>
              <Value>115</Value>
            </HeartRateBpm>
            <Cadence>0</Cadence>
            <Extensions>
              <ns3:TPX>
                <ns3:Speed>10.366000175476074</ns3:Speed>
                <ns3:Watts>72</ns3:Watts>
              </ns3:TPX>
            </Extensions>
          </Trackpoint>
          <Trackpoint>
            <Time>2025-07-25T12:13:02.000Z</Time>
            <Position>
              <LatitudeDegrees>43.09973428957164</LatitudeDegrees>
              <LongitudeDegrees>-2.578267464414239</LongitudeDegrees>
            </Position>
            <AltitudeMeters>230.8000030517578</AltitudeMeters>
            <DistanceMeters>5829.16015625</DistanceMeters>
            <HeartRateBpm>
              <Value>114</Value>
            </HeartRateBpm>
            <Cadence>0</Cadence>
            <Extensions>
              <ns3:TPX>
                <ns3:Speed>9.432999610900879</ns3:Speed>
                <ns3:Watts>62</ns3:Watts>
              </ns3:TPX>
            </Extensions>
          </Trackpoint>
          <Trackpoint>
            <Time>2025-07-25T12:13:03.000Z</Time>
            <Position>
              <LatitudeDegrees>43.099800338968635</LatitudeDegrees>
              <LongitudeDegrees>-2.578227147459984</LongitudeDegrees>
            </Position>
            <AltitudeMeters>230.1999969482422</AltitudeMeters>
            <DistanceMeters>5837.7001953125</DistanceMeters>
            <HeartRateBpm>
              <Value>113</Value>
            </HeartRateBpm>
            <Cadence>0</Cadence>
            <Extensions>
              <ns3:TPX>
                <ns3:Speed>8.54699993133545</ns3:Speed>
                <ns3:Watts>57</ns3:Watts>
              </ns3:TPX>
            </Extensions>
          </Trackpoint>
          <Trackpoint>
            <Time>2025-07-25T12:13:04.000Z</Time>
            <Position>
              <LatitudeDegrees>43.09984375722706</LatitudeDegrees>
              <LongitudeDegrees>-2.578181382268667</LongitudeDegrees>
            </Position>
            <AltitudeMeters>228.1999969482422</AltitudeMeters>
            <DistanceMeters>5845.580078125</DistanceMeters>
            <HeartRateBpm>
              <Value>113</Value>
            </HeartRateBpm>
            <Cadence>0</Cadence>
            <Extensions>
              <ns3:TPX>
                <ns3:Speed>7.883999824523926</ns3:Speed>
                <ns3:Watts>55</ns3:Watts>
              </ns3:TPX>
            </Extensions>
          </Trackpoint>
          <Trackpoint>
            <Time>2025-07-25T12:13:05.000Z</Time>
            <Position>
              <LatitudeDegrees>43.0998919531703</LatitudeDegrees>
              <LongitudeDegrees>-2.578110806643963</LongitudeDegrees>
            </Position>
            <AltitudeMeters>227.60000610351562</AltitudeMeters>
            <DistanceMeters>5853.39990234375</DistanceMeters>
            <HeartRateBpm>
              <Value>112</Value>
            </HeartRateBpm>
            <Cadence>0</Cadence>
            <Extensions>
              <ns3:TPX>
                <ns3:Speed>7.809999942779541</ns3:Speed>
                <ns3:Watts>54</ns3:Watts>
              </ns3:TPX>
            </Extensions>
          </Trackpoint>
          <Trackpoint>
            <Time>2025-07-25T12:13:06.000Z</Time>
            <Position>
              <LatitudeDegrees>43.099938137456775</LatitudeDegrees>
              <LongitudeDegrees>-2.5780299212783575</LongitudeDegrees>
            </Position>
            <AltitudeMeters>226.60000610351562</AltitudeMeters>
            <DistanceMeters>5860.68994140625</DistanceMeters>
            <HeartRateBpm>
              <Value>111</Value>
            </HeartRateBpm>
            <Cadence>0</Cadence>
            <Extensions>
              <ns3:TPX>
                <ns3:Speed>7.296999931335449</ns3:Speed>
                <ns3:Watts>49</ns3:Watts>
              </ns3:TPX>
            </Extensions>
          </Trackpoint>
          <Trackpoint>
            <Time>2025-07-25T12:13:07.000Z</Time>
            <Position>
              <LatitudeDegrees>43.09997510164976</LatitudeDegrees>
              <LongitudeDegrees>-2.577991783618927</LongitudeDegrees>
            </Position>
            <AltitudeMeters>226.1999969482422</AltitudeMeters>
            <DistanceMeters>5866.580078125</DistanceMeters>
            <HeartRateBpm>
              <Value>111</Value>
            </HeartRateBpm>
            <Cadence>0</Cadence>
            <Extensions>
              <ns3:TPX>
                <ns3:Speed>5.888000011444092</ns3:Speed>
                <ns3:Watts>38</ns3:Watts>
              </ns3:TPX>
            </Extensions>
          </Trackpoint>
          <Trackpoint>
            <Time>2025-07-25T12:13:08.000Z</Time>
            <Position>
              <LatitudeDegrees>43.10001365840435</LatitudeDegrees>
              <LongitudeDegrees>-2.577988263219595</LongitudeDegrees>
            </Position>
            <AltitudeMeters>225.8000030517578</AltitudeMeters>
            <DistanceMeters>5871.56982421875</DistanceMeters>
            <HeartRateBpm>
              <Value>111</Value>
            </HeartRateBpm>
            <Cadence>0</Cadence>
            <Extensions>
              <ns3:TPX>
                <ns3:Speed>4.992000102996826</ns3:Speed>
                <ns3:Watts>241</ns3:Watts>
              </ns3:TPX>
            </Extensions>
          </Trackpoint>
          <Trackpoint>
            <Time>2025-07-25T12:13:09.000Z</Time>
            <Position>
              <LatitudeDegrees>43.10004928149283</LatitudeDegrees>
              <LongitudeDegrees>-2.5780096370726824</LongitudeDegrees>
            </Position>
            <AltitudeMeters>225.39999389648438</AltitudeMeters>
            <DistanceMeters>5876.60009765625</DistanceMeters>
            <HeartRateBpm>
              <Value>111</Value>
            </HeartRateBpm>
            <Cadence>39</Cadence>
            <Extensions>
              <ns3:TPX>
                <ns3:Speed>5.0289998054504395</ns3:Speed>
                <ns3:Watts>353</ns3:Watts>
              </ns3:TPX>
            </Extensions>
          </Trackpoint>
          <Trackpoint>
            <Time>2025-07-25T12:13:10.000Z</Time>
            <Position>
              <LatitudeDegrees>43.10007291845977</LatitudeDegrees>
              <LongitudeDegrees>-2.5780526362359524</LongitudeDegrees>
            </Position>
            <AltitudeMeters>225.39999389648438</AltitudeMeters>
            <DistanceMeters>5881.89013671875</DistanceMeters>
            <HeartRateBpm>
              <Value>112</Value>
            </HeartRateBpm>
            <Cadence>48</Cadence>
            <Extensions>
              <ns3:TPX>
                <ns3:Speed>5.290999889373779</ns3:Speed>
                <ns3:Watts>372</ns3:Watts>
              </ns3:TPX>
            </Extensions>
          </Trackpoint>
          <Trackpoint>
            <Time>2025-07-25T12:13:11.000Z</Time>
            <Position>
              <LatitudeDegrees>43.10010736808181</LatitudeDegrees>
              <LongitudeDegrees>-2.5781196914613247</LongitudeDegrees>
            </Position>
            <AltitudeMeters>225.1999969482422</AltitudeMeters>
            <DistanceMeters>5887.580078125</DistanceMeters>
            <HeartRateBpm>
              <Value>114</Value>
            </HeartRateBpm>
            <Cadence>56</Cadence>
            <Extensions>
              <ns3:TPX>
                <ns3:Speed>5.691999912261963</ns3:Speed>
                <ns3:Watts>350</ns3:Watts>
              </ns3:TPX>
            </Extensions>
          </Trackpoint>
          <Trackpoint>
            <Time>2025-07-25T12:13:12.000Z</Time>
            <Position>
              <LatitudeDegrees>43.10013963840902</LatitudeDegrees>
              <LongitudeDegrees>-2.578178532421589</LongitudeDegrees>
            </Position>
            <AltitudeMeters>225.1999969482422</AltitudeMeters>
            <DistanceMeters>5893.56982421875</DistanceMeters>
            <HeartRateBpm>
              <Value>114</Value>
            </HeartRateBpm>
            <Cadence>62</Cadence>
            <Extensions>
              <ns3:TPX>
                <ns3:Speed>5.989999771118164</ns3:Speed>
                <ns3:Watts>277</ns3:Watts>
              </ns3:TPX>
            </Extensions>
          </Trackpoint>
          <Trackpoint>
            <Time>2025-07-25T12:13:13.000Z</Time>
            <Position>
              <LatitudeDegrees>43.100175596773624</LatitudeDegrees>
              <LongitudeDegrees>-2.5782428216189146</LongitudeDegrees>
            </Position>
            <AltitudeMeters>225.1999969482422</AltitudeMeters>
            <DistanceMeters>5899.83984375</DistanceMeters>
            <HeartRateBpm>
              <Value>115</Value>
            </HeartRateBpm>
            <Cadence>65</Cadence>
            <Extensions>
              <ns3:TPX>
                <ns3:Speed>6.261000156402588</ns3:Speed>
                <ns3:Watts>218</ns3:Watts>
              </ns3:TPX>
            </Extensions>
          </Trackpoint>
          <Trackpoint>
            <Time>2025-07-25T12:13:14.000Z</Time>
            <Position>
              <LatitudeDegrees>43.100212812423706</LatitudeDegrees>
              <LongitudeDegrees>-2.578307446092367</LongitudeDegrees>
            </Position>
            <AltitudeMeters>225.1999969482422</AltitudeMeters>
            <DistanceMeters>5906.39013671875</DistanceMeters>
            <HeartRateBpm>
              <Value>115</Value>
            </HeartRateBpm>
            <Cadence>67</Cadence>
            <Extensions>
              <ns3:TPX>
                <ns3:Speed>6.550000190734863</ns3:Speed>
                <ns3:Watts>180</ns3:Watts>
              </ns3:TPX>
            </Extensions>
          </Trackpoint>
          <Trackpoint>
            <Time>2025-07-25T12:13:15.000Z</Time>
            <Position>
              <LatitudeDegrees>43.10025254264474</LatitudeDegrees>
              <LongitudeDegrees>-2.5783703103661537</LongitudeDegrees>
            </Position>
            <AltitudeMeters>225.1999969482422</AltitudeMeters>
            <DistanceMeters>5913.2099609375</DistanceMeters>
            <HeartRateBpm>
              <Value>116</Value>
            </HeartRateBpm>
            <Cadence>73</Cadence>
            <Extensions>
              <ns3:TPX>
                <ns3:Speed>6.821000099182129</ns3:Speed>
                <ns3:Watts>190</ns3:Watts>
              </ns3:TPX>
            </Extensions>
          </Trackpoint>
          <Trackpoint>
            <Time>2025-07-25T12:13:16.000Z</Time>
            <Position>
              <LatitudeDegrees>43.10029805637896</LatitudeDegrees>
              <LongitudeDegrees>-2.5784304924309254</LongitudeDegrees>
            </Position>
            <AltitudeMeters>225.1999969482422</AltitudeMeters>
            <DistanceMeters>5920.25</DistanceMeters>
            <HeartRateBpm>
              <Value>116</Value>
            </HeartRateBpm>
            <Cadence>76</Cadence>
            <Extensions>
              <ns3:TPX>
                <ns3:Speed>7.045000076293945</ns3:Speed>
                <ns3:Watts>141</ns3:Watts>
              </ns3:TPX>
            </Extensions>
          </Trackpoint>
          <Trackpoint>
            <Time>2025-07-25T12:13:17.000Z</Time>
            <Position>
              <LatitudeDegrees>43.10033862479031</LatitudeDegrees>
              <LongitudeDegrees>-2.578477766364813</LongitudeDegrees>
            </Position>
            <AltitudeMeters>225.1999969482422</AltitudeMeters>
            <DistanceMeters>5927.47021484375</DistanceMeters>
            <HeartRateBpm>
              <Value>117</Value>
            </HeartRateBpm>
            <Cadence>74</Cadence>
            <Extensions>
              <ns3:TPX>
                <ns3:Speed>7.2220001220703125</ns3:Speed>
                <ns3:Watts>157</ns3:Watts>
              </ns3:TPX>
            </Extensions>
          </Trackpoint>
          <Trackpoint>
            <Time>2025-07-25T12:13:18.000Z</Time>
            <Position>
              <LatitudeDegrees>43.10039134696126</LatitudeDegrees>
              <LongitudeDegrees>-2.578534595668316</LongitudeDegrees>
            </Position>
            <AltitudeMeters>225.1999969482422</AltitudeMeters>
            <DistanceMeters>5934.85009765625</DistanceMeters>
            <HeartRateBpm>
              <Value>117</Value>
            </HeartRateBpm>
            <Cadence>76</Cadence>
            <Extensions>
              <ns3:TPX>
                <ns3:Speed>7.370999813079834</ns3:Speed>
                <ns3:Watts>155</ns3:Watts>
              </ns3:TPX>
            </Extensions>
          </Trackpoint>
          <Trackpoint>
            <Time>2025-07-25T12:13:19.000Z</Time>
            <Position>
              <LatitudeDegrees>43.1004583183676</LatitudeDegrees>
              <LongitudeDegrees>-2.5785967893898487</LongitudeDegrees>
            </Position>
            <AltitudeMeters>225.1999969482422</AltitudeMeters>
            <DistanceMeters>5942.330078125</DistanceMeters>
            <HeartRateBpm>
              <Value>118</Value>
            </HeartRateBpm>
            <Cadence>91</Cadence>
            <Extensions>
              <ns3:TPX>
                <ns3:Speed>7.482999801635742</ns3:Speed>
                <ns3:Watts>198</ns3:Watts>
              </ns3:TPX>
            </Extensions>
          </Trackpoint>
          <Trackpoint>
            <Time>2025-07-25T12:13:20.000Z</Time>
            <Position>
              <LatitudeDegrees>43.10050601139665</LatitudeDegrees>
              <LongitudeDegrees>-2.578635010868311</LongitudeDegrees>
            </Position>
            <AltitudeMeters>225.1999969482422</AltitudeMeters>
            <DistanceMeters>5949.9599609375</DistanceMeters>
            <HeartRateBpm>
              <Value>119</Value>
            </HeartRateBpm>
            <Cadence>79</Cadence>
            <Extensions>
              <ns3:TPX>
                <ns3:Speed>7.632999897003174</ns3:Speed>
                <ns3:Watts>165</ns3:Watts>
              </ns3:TPX>
            </Extensions>
          </Trackpoint>
          <Trackpoint>
            <Time>2025-07-25T12:13:21.000Z</Time>
            <Position>
              <LatitudeDegrees>43.10057641938329</LatitudeDegrees>
              <LongitudeDegrees>-2.578691253438592</LongitudeDegrees>
            </Position>
            <AltitudeMeters>225.0</AltitudeMeters>
            <DistanceMeters>5957.72021484375</DistanceMeters>
            <HeartRateBpm>
              <Value>119</Value>
            </HeartRateBpm>
            <Cadence>85</Cadence>
            <Extensions>
              <ns3:TPX>
                <ns3:Speed>7.754000186920166</ns3:Speed>
                <ns3:Watts>178</ns3:Watts>
              </ns3:TPX>
            </Extensions>
          </Trackpoint>
          <Trackpoint>
            <Time>2025-07-25T12:13:22.000Z</Time>
            <Position>
              <LatitudeDegrees>43.10063869692385</LatitudeDegrees>
              <LongitudeDegrees>-2.5787376053631306</LongitudeDegrees>
            </Position>
            <AltitudeMeters>224.60000610351562</AltitudeMeters>
            <DistanceMeters>5965.60009765625</DistanceMeters>
            <HeartRateBpm>
              <Value>119</Value>
            </HeartRateBpm>
            <Cadence>83</Cadence>
            <Extensions>
              <ns3:TPX>
                <ns3:Speed>7.883999824523926</ns3:Speed>
                <ns3:Watts>193</ns3:Watts>
              </ns3:TPX>
            </Extensions>
          </Trackpoint>
          <Trackpoint>
            <Time>2025-07-25T12:13:23.000Z</Time>
            <Position>
              <LatitudeDegrees>43.10070550069213</LatitudeDegrees>
              <LongitudeDegrees>-2.5787803530693054</LongitudeDegrees>
            </Position>
            <AltitudeMeters>224.0</AltitudeMeters>
            <DistanceMeters>5973.68017578125</DistanceMeters>
            <HeartRateBpm>
              <Value>119</Value>
            </HeartRateBpm>
            <Cadence>77</Cadence>
            <Extensions>
              <ns3:TPX>
                <ns3:Speed>8.079999923706055</ns3:Speed>
                <ns3:Watts>303</ns3:Watts>
              </ns3:TPX>
            </Extensions>
          </Trackpoint>
          <Trackpoint>
            <Time>2025-07-25T12:13:24.000Z</Time>
            <Position>
              <LatitudeDegrees>43.10077498666942</LatitudeDegrees>
              <LongitudeDegrees>-2.5788197480142117</LongitudeDegrees>
            </Position>
            <AltitudeMeters>223.8000030517578</AltitudeMeters>
            <DistanceMeters>5981.990234375</DistanceMeters>
            <HeartRateBpm>
              <Value>119</Value>
            </HeartRateBpm>
            <Cadence>87</Cadence>
            <Extensions>
              <ns3:TPX>
                <ns3:Speed>8.314000129699707</ns3:Speed>
                <ns3:Watts>281</ns3:Watts>
              </ns3:TPX>
            </Extensions>
          </Trackpoint>
          <Trackpoint>
            <Time>2025-07-25T12:13:25.000Z</Time>
            <Position>
              <LatitudeDegrees>43.100847909227014</LatitudeDegrees>
              <LongitudeDegrees>-2.57885679602623</LongitudeDegrees>
            </Position>
            <AltitudeMeters>223.60000610351562</AltitudeMeters>
            <DistanceMeters>5990.580078125</DistanceMeters>
            <HeartRateBpm>
              <Value>120</Value>
            </HeartRateBpm>
            <Cadence>94</Cadence>
            <Extensions>
              <ns3:TPX>
                <ns3:Speed>8.593999862670898</ns3:Speed>
                <ns3:Watts>309</ns3:Watts>
              </ns3:TPX>
            </Extensions>
          </Trackpoint>
          <Trackpoint>
            <Time>2025-07-25T12:13:26.000Z</Time>
            <Position>
              <LatitudeDegrees>43.10092116706073</LatitudeDegrees>
              <LongitudeDegrees>-2.578891748562455</LongitudeDegrees>
            </Position>
            <AltitudeMeters>223.39999389648438</AltitudeMeters>
            <DistanceMeters>5999.31005859375</DistanceMeters>
            <HeartRateBpm>
              <Value>120</Value>
            </HeartRateBpm>
            <Cadence>92</Cadence>
            <Extensions>
              <ns3:TPX>
                <ns3:Speed>8.734000205993652</ns3:Speed>
                <ns3:Watts>219</ns3:Watts>
              </ns3:TPX>
            </Extensions>
          </Trackpoint>
          <Trackpoint>
            <Time>2025-07-25T12:13:27.000Z</Time>
            <Position>
              <LatitudeDegrees>43.1009765714407</LatitudeDegrees>
              <LongitudeDegrees>-2.5789187382906675</LongitudeDegrees>
            </Position>
            <AltitudeMeters>223.39999389648438</AltitudeMeters>
            <DistanceMeters>6008.0498046875</DistanceMeters>
            <HeartRateBpm>
              <Value>120</Value>
            </HeartRateBpm>
            <Cadence>97</Cadence>
            <Extensions>
              <ns3:TPX>
                <ns3:Speed>8.734000205993652</ns3:Speed>
                <ns3:Watts>201</ns3:Watts>
              </ns3:TPX>
            </Extensions>
          </Trackpoint>
          <Trackpoint>
            <Time>2025-07-25T12:13:28.000Z</Time>
            <Position>
              <LatitudeDegrees>43.10105008073151</LatitudeDegrees>
              <LongitudeDegrees>-2.5789531879127026</LongitudeDegrees>
            </Position>
            <AltitudeMeters>223.1999969482422</AltitudeMeters>
            <DistanceMeters>6016.75</DistanceMeters>
            <HeartRateBpm>
              <Value>119</Value>
            </HeartRateBpm>
            <Cadence>91</Cadence>
            <Extensions>
              <ns3:TPX>
                <ns3:Speed>8.706000328063965</ns3:Speed>
                <ns3:Watts>187</ns3:Watts>
              </ns3:TPX>
            </Extensions>
          </Trackpoint>
          <Trackpoint>
            <Time>2025-07-25T12:13:29.000Z</Time>
            <Position>
              <LatitudeDegrees>43.10113809071481</LatitudeDegrees>
              <LongitudeDegrees>-2.578993756324053</LongitudeDegrees>
            </Position>
            <AltitudeMeters>222.8000030517578</AltitudeMeters>
            <DistanceMeters>6025.39990234375</DistanceMeters>
            <HeartRateBpm>
              <Value>119</Value>
            </HeartRateBpm>
            <Cadence>96</Cadence>
            <Extensions>
              <ns3:TPX>
                <ns3:Speed>8.649999618530273</ns3:Speed>
                <ns3:Watts>194</ns3:Watts>
              </ns3:TPX>
            </Extensions>
          </Trackpoint>
          <Trackpoint>
            <Time>2025-07-25T12:13:30.000Z</Time>
            <Position>
              <LatitudeDegrees>43.10120992362499</LatitudeDegrees>
              <LongitudeDegrees>-2.579030552878976</LongitudeDegrees>
            </Position>
            <AltitudeMeters>222.60000610351562</AltitudeMeters>
            <DistanceMeters>6033.990234375</DistanceMeters>
            <HeartRateBpm>
              <Value>119</Value>
            </HeartRateBpm>
            <Cadence>91</Cadence>
            <Extensions>
              <ns3:TPX>
                <ns3:Speed>8.583999633789062</ns3:Speed>
                <ns3:Watts>174</ns3:Watts>
              </ns3:TPX>
            </Extensions>
          </Trackpoint>
          <Trackpoint>
            <Time>2025-07-25T12:13:31.000Z</Time>
            <Position>
              <LatitudeDegrees>43.101275973021984</LatitudeDegrees>
              <LongitudeDegrees>-2.5790739711374044</LongitudeDegrees>
            </Position>
            <AltitudeMeters>222.39999389648438</AltitudeMeters>
            <DistanceMeters>6042.47021484375</DistanceMeters>
            <HeartRateBpm>
              <Value>119</Value>
            </HeartRateBpm>
            <Cadence>95</Cadence>
            <Extensions>
              <ns3:TPX>
                <ns3:Speed>8.482000350952148</ns3:Speed>
                <ns3:Watts>181</ns3:Watts>
              </ns3:TPX>
            </Extensions>
          </Trackpoint>
          <Trackpoint>
            <Time>2025-07-25T12:13:32.000Z</Time>
            <Position>
              <LatitudeDegrees>43.1013373285532</LatitudeDegrees>
              <LongitudeDegrees>-2.579124514013529</LongitudeDegrees>
            </Position>
            <AltitudeMeters>222.39999389648438</AltitudeMeters>
            <DistanceMeters>6050.81005859375</DistanceMeters>
            <HeartRateBpm>
              <Value>118</Value>
            </HeartRateBpm>
            <Cadence>87</Cadence>
            <Extensions>
              <ns3:TPX>
                <ns3:Speed>8.331999778747559</ns3:Speed>
                <ns3:Watts>198</ns3:Watts>
              </ns3:TPX>
            </Extensions>
          </Trackpoint>
          <Trackpoint>
            <Time>2025-07-25T12:13:33.000Z</Time>
            <Position>
              <LatitudeDegrees>43.10139558278024</LatitudeDegrees>
              <LongitudeDegrees>-2.579182768240571</LongitudeDegrees>
            </Position>
            <AltitudeMeters>222.39999389648438</AltitudeMeters>
            <DistanceMeters>6059.009765625</DistanceMeters>
            <HeartRateBpm>
              <Value>118</Value>
            </HeartRateBpm>
            <Cadence>93</Cadence>
            <Extensions>
              <ns3:TPX>
                <ns3:Speed>8.20199966430664</ns3:Speed>
                <ns3:Watts>185</ns3:Watts>
              </ns3:TPX>
            </Extensions>
          </Trackpoint>
          <Trackpoint>
            <Time>2025-07-25T12:13:34.000Z</Time>
            <Position>
              <LatitudeDegrees>43.101454842835665</LatitudeDegrees>
              <LongitudeDegrees>-2.5792421121150255</LongitudeDegrees>
            </Position>
            <AltitudeMeters>222.0</AltitudeMeters>
            <DistanceMeters>6067.08984375</DistanceMeters>
            <HeartRateBpm>
              <Value>118</Value>
            </HeartRateBpm>
            <Cadence>88</Cadence>
            <Extensions>
              <ns3:TPX>
                <ns3:Speed>8.09000015258789</ns3:Speed>
                <ns3:Watts>199</ns3:Watts>
              </ns3:TPX>
            </Extensions>
          </Trackpoint>
          <Trackpoint>
            <Time>2025-07-25T12:13:35.000Z</Time>
            <Position>
              <LatitudeDegrees>43.101513013243675</LatitudeDegrees>
              <LongitudeDegrees>-2.5793004501610994</LongitudeDegrees>
            </Position>
            <AltitudeMeters>222.0</AltitudeMeters>
            <DistanceMeters>6075.14990234375</DistanceMeters>
            <HeartRateBpm>
              <Value>118</Value>
            </HeartRateBpm>
            <Cadence>89</Cadence>
            <Extensions>
              <ns3:TPX>
                <ns3:Speed>8.062000274658203</ns3:Speed>
                <ns3:Watts>203</ns3:Watts>
              </ns3:TPX>
            </Extensions>
          </Trackpoint>
          <Trackpoint>
            <Time>2025-07-25T12:13:36.000Z</Time>
            <Position>
              <LatitudeDegrees>43.10157084837556</LatitudeDegrees>
              <LongitudeDegrees>-2.579359458759427</LongitudeDegrees>
            </Position>
            <AltitudeMeters>221.8000030517578</AltitudeMeters>
            <DistanceMeters>6083.169921875</DistanceMeters>
            <HeartRateBpm>
              <Value>117</Value>
            </HeartRateBpm>
            <Cadence>87</Cadence>
            <Extensions>
              <ns3:TPX>
                <ns3:Speed>8.015000343322754</ns3:Speed>
                <ns3:Watts>204</ns3:Watts>
              </ns3:TPX>
            </Extensions>
          </Trackpoint>
          <Trackpoint>
            <Time>2025-07-25T12:13:37.000Z</Time>
            <Position>
              <LatitudeDegrees>43.10162792913616</LatitudeDegrees>
              <LongitudeDegrees>-2.5794196408241987</LongitudeDegrees>
            </Position>
            <AltitudeMeters>221.60000610351562</AltitudeMeters>
            <DistanceMeters>6091.2001953125</DistanceMeters>
            <HeartRateBpm>
              <Value>118</Value>
            </HeartRateBpm>
            <Cadence>89</Cadence>
            <Extensions>
              <ns3:TPX>
                <ns3:Speed>8.034000396728516</ns3:Speed>
                <ns3:Watts>218</ns3:Watts>
              </ns3:TPX>
            </Extensions>
          </Trackpoint>
          <Trackpoint>
            <Time>2025-07-25T12:13:38.000Z</Time>
            <Position>
              <LatitudeDegrees>43.10168417170644</LatitudeDegrees>
              <LongitudeDegrees>-2.57948468439281</LongitudeDegrees>
            </Position>
            <AltitudeMeters>221.60000610351562</AltitudeMeters>
            <DistanceMeters>6099.2998046875</DistanceMeters>
            <HeartRateBpm>
              <Value>117</Value>
            </HeartRateBpm>
            <Cadence>86</Cadence>
            <Extensions>
              <ns3:TPX>
                <ns3:Speed>8.09000015258789</ns3:Speed>
                <ns3:Watts>203</ns3:Watts>
              </ns3:TPX>
            </Extensions>
          </Trackpoint>
          <Trackpoint>
            <Time>2025-07-25T12:13:39.000Z</Time>
            <Position>
              <LatitudeDegrees>43.10173890553415</LatitudeDegrees>
              <LongitudeDegrees>-2.5795549247413874</LongitudeDegrees>
            </Position>
            <AltitudeMeters>221.60000610351562</AltitudeMeters>
            <DistanceMeters>6107.4599609375</DistanceMeters>
            <HeartRateBpm>
              <Value>118</Value>
            </HeartRateBpm>
            <Cadence>91</Cadence>
            <Extensions>
              <ns3:TPX>
                <ns3:Speed>8.173999786376953</ns3:Speed>
                <ns3:Watts>212</ns3:Watts>
              </ns3:TPX>
            </Extensions>
          </Trackpoint>
          <Trackpoint>
            <Time>2025-07-25T12:13:40.000Z</Time>
            <Position>
              <LatitudeDegrees>43.101792549714446</LatitudeDegrees>
              <LongitudeDegrees>-2.5796273443847895</LongitudeDegrees>
            </Position>
            <AltitudeMeters>221.39999389648438</AltitudeMeters>
            <DistanceMeters>6115.7099609375</DistanceMeters>
            <HeartRateBpm>
              <Value>118</Value>
            </HeartRateBpm>
            <Cadence>87</Cadence>
            <Extensions>
              <ns3:TPX>
                <ns3:Speed>8.248000144958496</ns3:Speed>
                <ns3:Watts>192</ns3:Watts>
              </ns3:TPX>
            </Extensions>
          </Trackpoint>
          <Trackpoint>
            <Time>2025-07-25T12:13:41.000Z</Time>
            <Position>
              <LatitudeDegrees>43.101843846961856</LatitudeDegrees>
              <LongitudeDegrees>-2.5797015242278576</LongitudeDegrees>
            </Position>
            <AltitudeMeters>221.39999389648438</AltitudeMeters>
            <DistanceMeters>6124.06982421875</DistanceMeters>
            <HeartRateBpm>
              <Value>118</Value>
            </HeartRateBpm>
            <Cadence>93</Cadence>
            <Extensions>
              <ns3:TPX>
                <ns3:Speed>8.359999656677246</ns3:Speed>
                <ns3:Watts>186</ns3:Watts>
              </ns3:TPX>
            </Extensions>
          </Trackpoint>
          <Trackpoint>
            <Time>2025-07-25T12:13:42.000Z</Time>
            <Position>
              <LatitudeDegrees>43.10189388692379</LatitudeDegrees>
              <LongitudeDegrees>-2.5797784700989723</LongitudeDegrees>
            </Position>
            <AltitudeMeters>221.60000610351562</AltitudeMeters>
            <DistanceMeters>6132.47998046875</DistanceMeters>
            <HeartRateBpm>
              <Value>118</Value>
            </HeartRateBpm>
            <Cadence>88</Cadence>
            <Extensions>
              <ns3:TPX>
                <ns3:Speed>8.406999588012695</ns3:Speed>
                <ns3:Watts>162</ns3:Watts>
              </ns3:TPX>
            </Extensions>
          </Trackpoint>
          <Trackpoint>
            <Time>2025-07-25T12:13:43.000Z</Time>
            <Position>
              <LatitudeDegrees>43.1019433401525</LatitudeDegrees>
              <LongitudeDegrees>-2.5798591040074825</LongitudeDegrees>
            </Position>
            <AltitudeMeters>221.60000610351562</AltitudeMeters>
            <DistanceMeters>6140.97021484375</DistanceMeters>
            <HeartRateBpm>
              <Value>119</Value>
            </HeartRateBpm>
            <Cadence>95</Cadence>
            <Extensions>
              <ns3:TPX>
                <ns3:Speed>8.491000175476074</ns3:Speed>
                <ns3:Watts>192</ns3:Watts>
              </ns3:TPX>
            </Extensions>
          </Trackpoint>
          <Trackpoint>
            <Time>2025-07-25T12:13:44.000Z</Time>
            <Position>
              <LatitudeDegrees>43.10199053026736</LatitudeDegrees>
              <LongitudeDegrees>-2.5799403246492147</LongitudeDegrees>
            </Position>
            <AltitudeMeters>221.60000610351562</AltitudeMeters>
            <DistanceMeters>6149.52978515625</DistanceMeters>
            <HeartRateBpm>
              <Value>119</Value>
            </HeartRateBpm>
            <Cadence>90</Cadence>
            <Extensions>
              <ns3:TPX>
                <ns3:Speed>8.54699993133545</ns3:Speed>
                <ns3:Watts>167</ns3:Watts>
              </ns3:TPX>
            </Extensions>
          </Trackpoint>
          <Trackpoint>
            <Time>2025-07-25T12:13:45.000Z</Time>
            <Position>
              <LatitudeDegrees>43.1020366307348</LatitudeDegrees>
              <LongitudeDegrees>-2.580025400966406</LongitudeDegrees>
            </Position>
            <AltitudeMeters>221.39999389648438</AltitudeMeters>
            <DistanceMeters>6158.10986328125</DistanceMeters>
            <HeartRateBpm>
              <Value>119</Value>
            </HeartRateBpm>
            <Cadence>95</Cadence>
            <Extensions>
              <ns3:TPX>
                <ns3:Speed>8.593999862670898</ns3:Speed>
                <ns3:Watts>168</ns3:Watts>
              </ns3:TPX>
            </Extensions>
          </Trackpoint>
          <Trackpoint>
            <Time>2025-07-25T12:13:46.000Z</Time>
            <Position>
              <LatitudeDegrees>43.10208256356418</LatitudeDegrees>
              <LongitudeDegrees>-2.5801097229123116</LongitudeDegrees>
            </Position>
            <AltitudeMeters>221.39999389648438</AltitudeMeters>
            <DistanceMeters>6166.77001953125</DistanceMeters>
            <HeartRateBpm>
              <Value>119</Value>
            </HeartRateBpm>
            <Cadence>254</Cadence>
            <Extensions>
              <ns3:TPX>
                <ns3:Speed>8.649999618530273</ns3:Speed>
                <ns3:Watts>160</ns3:Watts>
              </ns3:TPX>
            </Extensions>
          </Trackpoint>
          <Trackpoint>
            <Time>2025-07-25T12:13:47.000Z</Time>
            <Position>
              <LatitudeDegrees>43.10213000513613</LatitudeDegrees>
              <LongitudeDegrees>-2.5801942963153124</LongitudeDegrees>
            </Position>
            <AltitudeMeters>221.39999389648438</AltitudeMeters>
            <DistanceMeters>6175.52001953125</DistanceMeters>
            <HeartRateBpm>
              <Value>120</Value>
            </HeartRateBpm>
            <Cadence>104</Cadence>
            <Extensions>
              <ns3:TPX>
                <ns3:Speed>8.751999855041504</ns3:Speed>
                <ns3:Watts>167</ns3:Watts>
              </ns3:TPX>
            </Extensions>
          </Trackpoint>
          <Trackpoint>
            <Time>2025-07-25T12:13:48.000Z</Time>
            <Position>
              <LatitudeDegrees>43.10218113474548</LatitudeDegrees>
              <LongitudeDegrees>-2.5802766904234886</LongitudeDegrees>
            </Position>
            <AltitudeMeters>221.1999969482422</AltitudeMeters>
            <DistanceMeters>6184.35986328125</DistanceMeters>
            <HeartRateBpm>
              <Value>120</Value>
            </HeartRateBpm>
            <Cadence>98</Cadence>
            <Extensions>
              <ns3:TPX>
                <ns3:Speed>8.845000267028809</ns3:Speed>
                <ns3:Watts>192</ns3:Watts>
              </ns3:TPX>
            </Extensions>
          </Trackpoint>
          <Trackpoint>
            <Time>2025-07-25T12:13:49.000Z</Time>
            <Position>
              <LatitudeDegrees>43.10223259963095</LatitudeDegrees>
              <LongitudeDegrees>-2.580360509455204</LongitudeDegrees>
            </Position>
            <AltitudeMeters>221.1999969482422</AltitudeMeters>
            <DistanceMeters>6193.27001953125</DistanceMeters>
            <HeartRateBpm>
              <Value>120</Value>
            </HeartRateBpm>
            <Cadence>93</Cadence>
            <Extensions>
              <ns3:TPX>
                <ns3:Speed>8.901000022888184</ns3:Speed>
                <ns3:Watts>164</ns3:Watts>
              </ns3:TPX>
            </Extensions>
          </Trackpoint>
          <Trackpoint>
            <Time>2025-07-25T12:13:50.000Z</Time>
            <Position>
              <LatitudeDegrees>43.102284483611584</LatitudeDegrees>
              <LongitudeDegrees>-2.580442735925317</LongitudeDegrees>
            </Position>
            <AltitudeMeters>221.0</AltitudeMeters>
            <DistanceMeters>6202.18017578125</DistanceMeters>
            <HeartRateBpm>
              <Value>120</Value>
            </HeartRateBpm>
            <Cadence>99</Cadence>
            <Extensions>
              <ns3:TPX>
                <ns3:Speed>8.920000076293945</ns3:Speed>
                <ns3:Watts>201</ns3:Watts>
              </ns3:TPX>
            </Extensions>
          </Trackpoint>
          <Trackpoint>
            <Time>2025-07-25T12:13:51.000Z</Time>
            <Position>
              <LatitudeDegrees>43.1023389659822</LatitudeDegrees>
              <LongitudeDegrees>-2.580520687624812</LongitudeDegrees>
            </Position>
            <AltitudeMeters>220.60000610351562</AltitudeMeters>
            <DistanceMeters>6211.06005859375</DistanceMeters>
            <HeartRateBpm>
              <Value>121</Value>
            </HeartRateBpm>
            <Cadence>91</Cadence>
            <Extensions>
              <ns3:TPX>
                <ns3:Speed>8.883000373840332</ns3:Speed>
                <ns3:Watts>204</ns3:Watts>
              </ns3:TPX>
            </Extensions>
          </Trackpoint>
          <Trackpoint>
            <Time>2025-07-25T12:13:52.000Z</Time>
            <Position>
              <LatitudeDegrees>43.102395962923765</LatitudeDegrees>
              <LongitudeDegrees>-2.580594029277563</LongitudeDegrees>
            </Position>
            <AltitudeMeters>220.39999389648438</AltitudeMeters>
            <DistanceMeters>6219.89990234375</DistanceMeters>
            <HeartRateBpm>
              <Value>121</Value>
            </HeartRateBpm>
            <Cadence>93</Cadence>
            <Extensions>
              <ns3:TPX>
                <ns3:Speed>8.82699966430664</ns3:Speed>
                <ns3:Watts>198</ns3:Watts>
              </ns3:TPX>
            </Extensions>
          </Trackpoint>
          <Trackpoint>
            <Time>2025-07-25T12:13:53.000Z</Time>
            <Position>
              <LatitudeDegrees>43.10245681554079</LatitudeDegrees>
              <LongitudeDegrees>-2.5806630961596966</LongitudeDegrees>
            </Position>
            <AltitudeMeters>220.1999969482422</AltitudeMeters>
            <DistanceMeters>6228.66015625</DistanceMeters>
            <HeartRateBpm>
              <Value>121</Value>
            </HeartRateBpm>
            <Cadence>98</Cadence>
            <Extensions>
              <ns3:TPX>
                <ns3:Speed>8.770999908447266</ns3:Speed>
                <ns3:Watts>223</ns3:Watts>
              </ns3:TPX>
            </Extensions>
          </Trackpoint>
          <Trackpoint>
            <Time>2025-07-25T12:13:54.000Z</Time>
            <Position>
              <LatitudeDegrees>43.10251791961491</LatitudeDegrees>
              <LongitudeDegrees>-2.5807281397283077</LongitudeDegrees>
            </Position>
            <AltitudeMeters>220.0</AltitudeMeters>
            <DistanceMeters>6237.3701171875</DistanceMeters>
            <HeartRateBpm>
              <Value>121</Value>
            </HeartRateBpm>
            <Cadence>90</Cadence>
            <Extensions>
              <ns3:TPX>
                <ns3:Speed>8.706000328063965</ns3:Speed>
                <ns3:Watts>222</ns3:Watts>
              </ns3:TPX>
            </Extensions>
          </Trackpoint>
          <Trackpoint>
            <Time>2025-07-25T12:13:55.000Z</Time>
            <Position>
              <LatitudeDegrees>43.10257852077484</LatitudeDegrees>
              <LongitudeDegrees>-2.5807879865169525</LongitudeDegrees>
            </Position>
            <AltitudeMeters>219.39999389648438</AltitudeMeters>
            <DistanceMeters>6245.8798828125</DistanceMeters>
            <HeartRateBpm>
              <Value>121</Value>
            </HeartRateBpm>
            <Cadence>93</Cadence>
            <Extensions>
              <ns3:TPX>
                <ns3:Speed>8.510000228881836</ns3:Speed>
                <ns3:Watts>264</ns3:Watts>
              </ns3:TPX>
            </Extensions>
          </Trackpoint>
          <Trackpoint>
            <Time>2025-07-25T12:13:56.000Z</Time>
            <Position>
              <LatitudeDegrees>43.10264046303928</LatitudeDegrees>
              <LongitudeDegrees>-2.5808403734117746</LongitudeDegrees>
            </Position>
            <AltitudeMeters>219.39999389648438</AltitudeMeters>
            <DistanceMeters>6254.18994140625</DistanceMeters>
            <HeartRateBpm>
              <Value>121</Value>
            </HeartRateBpm>
            <Cadence>90</Cadence>
            <Extensions>
              <ns3:TPX>
                <ns3:Speed>8.314000129699707</ns3:Speed>
                <ns3:Watts>298</ns3:Watts>
              </ns3:TPX>
            </Extensions>
          </Trackpoint>
          <Trackpoint>
            <Time>2025-07-25T12:13:57.000Z</Time>
            <Position>
              <LatitudeDegrees>43.10270240530372</LatitudeDegrees>
              <LongitudeDegrees>-2.5808910839259624</LongitudeDegrees>
            </Position>
            <AltitudeMeters>219.1999969482422</AltitudeMeters>
            <DistanceMeters>6262.31982421875</DistanceMeters>
            <HeartRateBpm>
              <Value>121</Value>
            </HeartRateBpm>
            <Cadence>89</Cadence>
            <Extensions>
              <ns3:TPX>
                <ns3:Speed>8.126999855041504</ns3:Speed>
                <ns3:Watts>298</ns3:Watts>
              </ns3:TPX>
            </Extensions>
          </Trackpoint>
          <Trackpoint>
            <Time>2025-07-25T12:13:58.000Z</Time>
            <Position>
              <LatitudeDegrees>43.1027636770159</LatitudeDegrees>
              <LongitudeDegrees>-2.5809393636882305</LongitudeDegrees>
            </Position>
            <AltitudeMeters>219.1999969482422</AltitudeMeters>
            <DistanceMeters>6270.35009765625</DistanceMeters>
            <HeartRateBpm>
              <Value>121</Value>
            </HeartRateBpm>
            <Cadence>87</Cadence>
            <Extensions>
              <ns3:TPX>
                <ns3:Speed>8.034000396728516</ns3:Speed>
                <ns3:Watts>288</ns3:Watts>
              </ns3:TPX>
            </Extensions>
          </Trackpoint>
          <Trackpoint>
            <Time>2025-07-25T12:13:59.000Z</Time>
            <Position>
              <LatitudeDegrees>43.10282478109002</LatitudeDegrees>
              <LongitudeDegrees>-2.58098722435534</LongitudeDegrees>
            </Position>
            <AltitudeMeters>219.1999969482422</AltitudeMeters>
            <DistanceMeters>6278.31005859375</DistanceMeters>
            <HeartRateBpm>
              <Value>122</Value>
            </HeartRateBpm>
            <Cadence>89</Cadence>
            <Extensions>
              <ns3:TPX>
                <ns3:Speed>7.959000110626221</ns3:Speed>
                <ns3:Watts>300</ns3:Watts>
              </ns3:TPX>
            </Extensions>
          </Trackpoint>
          <Trackpoint>
            <Time>2025-07-25T12:14:00.000Z</Time>
            <Position>
              <LatitudeDegrees>43.10288580134511</LatitudeDegrees>
              <LongitudeDegrees>-2.5810377672314644</LongitudeDegrees>
            </Position>
            <AltitudeMeters>219.1999969482422</AltitudeMeters>
            <DistanceMeters>6286.240234375</DistanceMeters>
            <HeartRateBpm>
              <Value>122</Value>
            </HeartRateBpm>
            <Cadence>84</Cadence>
            <Extensions>
              <ns3:TPX>
                <ns3:Speed>7.931000232696533</ns3:Speed>
                <ns3:Watts>329</ns3:Watts>
              </ns3:TPX>
            </Extensions>
          </Trackpoint>
          <Trackpoint>
            <Time>2025-07-25T12:14:01.000Z</Time>
            <Position>
              <LatitudeDegrees>43.10294388793409</LatitudeDegrees>
              <LongitudeDegrees>-2.5810909923166037</LongitudeDegrees>
            </Position>
            <AltitudeMeters>219.1999969482422</AltitudeMeters>
            <DistanceMeters>6294.18017578125</DistanceMeters>
            <HeartRateBpm>
              <Value>122</Value>
            </HeartRateBpm>
            <Cadence>88</Cadence>
            <Extensions>
              <ns3:TPX>
                <ns3:Speed>7.931000232696533</ns3:Speed>
                <ns3:Watts>300</ns3:Watts>
              </ns3:TPX>
            </Extensions>
          </Trackpoint>
          <Trackpoint>
            <Time>2025-07-25T12:14:02.000Z</Time>
            <Position>
              <LatitudeDegrees>43.102999879047275</LatitudeDegrees>
              <LongitudeDegrees>-2.5811447203159332</LongitudeDegrees>
            </Position>
            <AltitudeMeters>219.39999389648438</AltitudeMeters>
            <DistanceMeters>6302.0400390625</DistanceMeters>
            <HeartRateBpm>
              <Value>123</Value>
            </HeartRateBpm>
            <Cadence>85</Cadence>
            <Extensions>
              <ns3:TPX>
                <ns3:Speed>7.8379998207092285</ns3:Speed>
                <ns3:Watts>277</ns3:Watts>
              </ns3:TPX>
            </Extensions>
          </Trackpoint>
          <Trackpoint>
            <Time>2025-07-25T12:14:03.000Z</Time>
            <Position>
              <LatitudeDegrees>43.10305620543659</LatitudeDegrees>
              <LongitudeDegrees>-2.5811993703246117</LongitudeDegrees>
            </Position>
            <AltitudeMeters>219.39999389648438</AltitudeMeters>
            <DistanceMeters>6309.75</DistanceMeters>
            <HeartRateBpm>
              <Value>123</Value>
            </HeartRateBpm>
            <Cadence>83</Cadence>
            <Extensions>
              <ns3:TPX>
                <ns3:Speed>7.74399995803833</ns3:Speed>
                <ns3:Watts>298</ns3:Watts>
              </ns3:TPX>
            </Extensions>
          </Trackpoint>
          <Trackpoint>
            <Time>2025-07-25T12:14:04.000Z</Time>
            <Position>
              <LatitudeDegrees>43.103111274540424</LatitudeDegrees>
              <LongitudeDegrees>-2.5812520924955606</LongitudeDegrees>
            </Position>
            <AltitudeMeters>219.60000610351562</AltitudeMeters>
            <DistanceMeters>6317.39013671875</DistanceMeters>
            <HeartRateBpm>
              <Value>123</Value>
            </HeartRateBpm>
            <Cadence>84</Cadence>
            <Extensions>
              <ns3:TPX>
                <ns3:Speed>7.642000198364258</ns3:Speed>
                <ns3:Watts>305</ns3:Watts>
              </ns3:TPX>
            </Extensions>
          </Trackpoint>
          <Trackpoint>
            <Time>2025-07-25T12:14:05.000Z</Time>
            <Position>
              <LatitudeDegrees>43.10316483490169</LatitudeDegrees>
              <LongitudeDegrees>-2.5813043117523193</LongitudeDegrees>
            </Position>
            <AltitudeMeters>219.60000610351562</AltitudeMeters>
            <DistanceMeters>6324.91015625</DistanceMeters>
            <HeartRateBpm>
              <Value>124</Value>
            </HeartRateBpm>
            <Cadence>81</Cadence>
            <Extensions>
              <ns3:TPX>
                <ns3:Speed>7.511000156402588</ns3:Speed>
                <ns3:Watts>342</ns3:Watts>
              </ns3:TPX>
            </Extensions>
          </Trackpoint>
          <Trackpoint>
            <Time>2025-07-25T12:14:06.000Z</Time>
            <Position>
              <LatitudeDegrees>43.10321814380586</LatitudeDegrees>
              <LongitudeDegrees>-2.5813566986471415</LongitudeDegrees>
            </Position>
            <AltitudeMeters>220.0</AltitudeMeters>
            <DistanceMeters>6332.27978515625</DistanceMeters>
            <HeartRateBpm>
              <Value>124</Value>
            </HeartRateBpm>
            <Cadence>80</Cadence>
            <Extensions>
              <ns3:TPX>
                <ns3:Speed>7.370999813079834</ns3:Speed>
                <ns3:Watts>343</ns3:Watts>
              </ns3:TPX>
            </Extensions>
          </Trackpoint>
          <Trackpoint>
            <Time>2025-07-25T12:14:07.000Z</Time>
            <Position>
              <LatitudeDegrees>43.10327145271003</LatitudeDegrees>
              <LongitudeDegrees>-2.5814079958945513</LongitudeDegrees>
            </Position>
            <AltitudeMeters>220.1999969482422</AltitudeMeters>
            <DistanceMeters>6339.5498046875</DistanceMeters>
            <HeartRateBpm>
              <Value>125</Value>
            </HeartRateBpm>
            <Cadence>79</Cadence>
            <Extensions>
              <ns3:TPX>
                <ns3:Speed>7.269000053405762</ns3:Speed>
                <ns3:Watts>311</ns3:Watts>
              </ns3:TPX>
            </Extensions>
          </Trackpoint>
          <Trackpoint>
            <Time>2025-07-25T12:14:08.000Z</Time>
            <Position>
              <LatitudeDegrees>43.1033250130713</LatitudeDegrees>
              <LongitudeDegrees>-2.581461723893881</LongitudeDegrees>
            </Position>
            <AltitudeMeters>220.39999389648438</AltitudeMeters>
            <DistanceMeters>6346.81005859375</DistanceMeters>
            <HeartRateBpm>
              <Value>125</Value>
            </HeartRateBpm>
            <Cadence>77</Cadence>
            <Extensions>
              <ns3:TPX>
                <ns3:Speed>7.258999824523926</ns3:Speed>
                <ns3:Watts>293</ns3:Watts>
              </ns3:TPX>
            </Extensions>
          </Trackpoint>
          <Trackpoint>
            <Time>2025-07-25T12:14:09.000Z</Time>
            <Position>
              <LatitudeDegrees>43.103376645594835</LatitudeDegrees>
              <LongitudeDegrees>-2.581516792997718</LongitudeDegrees>
            </Position>
            <AltitudeMeters>220.60000610351562</AltitudeMeters>
            <DistanceMeters>6354.080078125</DistanceMeters>
            <HeartRateBpm>
              <Value>125</Value>
            </HeartRateBpm>
            <Cadence>77</Cadence>
            <Extensions>
              <ns3:TPX>
                <ns3:Speed>7.269000053405762</ns3:Speed>
                <ns3:Watts>250</ns3:Watts>
              </ns3:TPX>
            </Extensions>
          </Trackpoint>
          <Trackpoint>
            <Time>2025-07-25T12:14:10.000Z</Time>
            <Position>
              <LatitudeDegrees>43.10342685319483</LatitudeDegrees>
              <LongitudeDegrees>-2.5815737061202526</LongitudeDegrees>
            </Position>
            <AltitudeMeters>220.60000610351562</AltitudeMeters>
            <DistanceMeters>6361.35986328125</DistanceMeters>
            <HeartRateBpm>
              <Value>125</Value>
            </HeartRateBpm>
            <Cadence>80</Cadence>
            <Extensions>
              <ns3:TPX>
                <ns3:Speed>7.2779998779296875</ns3:Speed>
                <ns3:Watts>257</ns3:Watts>
              </ns3:TPX>
            </Extensions>
          </Trackpoint>
          <Trackpoint>
            <Time>2025-07-25T12:14:11.000Z</Time>
            <Position>
              <LatitudeDegrees>43.10347747988999</LatitudeDegrees>
              <LongitudeDegrees>-2.5816281884908676</LongitudeDegrees>
            </Position>
            <AltitudeMeters>220.8000030517578</AltitudeMeters>
            <DistanceMeters>6368.68017578125</DistanceMeters>
            <HeartRateBpm>
              <Value>126</Value>
            </HeartRateBpm>
            <Cadence>78</Cadence>
            <Extensions>
              <ns3:TPX>
                <ns3:Speed>7.324999809265137</ns3:Speed>
                <ns3:Watts>211</ns3:Watts>
              </ns3:TPX>
            </Extensions>
          </Trackpoint>
          <Trackpoint>
            <Time>2025-07-25T12:14:12.000Z</Time>
            <Position>
              <LatitudeDegrees>43.10347747988999</LatitudeDegrees>
              <LongitudeDegrees>-2.5816281884908676</LongitudeDegrees>
            </Position>
            <AltitudeMeters>220.8000030517578</AltitudeMeters>
            <DistanceMeters>6376.06982421875</DistanceMeters>
            <HeartRateBpm>
              <Value>126</Value>
            </HeartRateBpm>
            <Cadence>76</Cadence>
            <Extensions>
              <ns3:TPX>
                <ns3:Speed>7.39900016784668</ns3:Speed>
                <ns3:Watts>184</ns3:Watts>
              </ns3:TPX>
            </Extensions>
          </Trackpoint>
          <Trackpoint>
            <Time>2025-07-25T12:14:13.000Z</Time>
            <Position>
              <LatitudeDegrees>43.10352936387062</LatitudeDegrees>
              <LongitudeDegrees>-2.581684850156307</LongitudeDegrees>
            </Position>
            <AltitudeMeters>221.0</AltitudeMeters>
            <DistanceMeters>6383.56005859375</DistanceMeters>
            <HeartRateBpm>
              <Value>126</Value>
            </HeartRateBpm>
            <Cadence>82</Cadence>
            <Extensions>
              <ns3:TPX>
                <ns3:Speed>7.473999977111816</ns3:Speed>
                <ns3:Watts>185</ns3:Watts>
              </ns3:TPX>
            </Extensions>
          </Trackpoint>
          <Trackpoint>
            <Time>2025-07-25T12:14:14.000Z</Time>
            <Position>
              <LatitudeDegrees>43.10360983014107</LatitudeDegrees>
              <LongitudeDegrees>-2.581779398024082</LongitudeDegrees>
            </Position>
            <AltitudeMeters>221.0</AltitudeMeters>
            <DistanceMeters>6391.14990234375</DistanceMeters>
            <HeartRateBpm>
              <Value>126</Value>
            </HeartRateBpm>
            <Cadence>81</Cadence>
            <Extensions>
              <ns3:TPX>
                <ns3:Speed>7.605000019073486</ns3:Speed>
                <ns3:Watts>194</ns3:Watts>
              </ns3:TPX>
            </Extensions>
          </Trackpoint>
          <Trackpoint>
            <Time>2025-07-25T12:14:15.000Z</Time>
            <Position>
              <LatitudeDegrees>43.10365928336978</LatitudeDegrees>
              <LongitudeDegrees>-2.581840753555298</LongitudeDegrees>
            </Position>
            <AltitudeMeters>221.0</AltitudeMeters>
            <DistanceMeters>6398.83984375</DistanceMeters>
            <HeartRateBpm>
              <Value>125</Value>
            </HeartRateBpm>
            <Cadence>83</Cadence>
            <Extensions>
              <ns3:TPX>
                <ns3:Speed>7.688000202178955</ns3:Speed>
                <ns3:Watts>181</ns3:Watts>
              </ns3:TPX>
            </Extensions>
          </Trackpoint>
          <Trackpoint>
            <Time>2025-07-25T12:14:16.000Z</Time>
            <Position>
              <LatitudeDegrees>43.10373161919415</LatitudeDegrees>
              <LongitudeDegrees>-2.5819304399192333</LongitudeDegrees>
            </Position>
            <AltitudeMeters>220.8000030517578</AltitudeMeters>
            <DistanceMeters>6406.56982421875</DistanceMeters>
            <HeartRateBpm>
              <Value>126</Value>
            </HeartRateBpm>
            <Cadence>85</Cadence>
            <Extensions>
              <ns3:TPX>
                <ns3:Speed>7.716000080108643</ns3:Speed>
                <ns3:Watts>183</ns3:Watts>
              </ns3:TPX>
            </Extensions>
          </Trackpoint>
          <Trackpoint>
            <Time>2025-07-25T12:14:17.000Z</Time>
            <Position>
              <LatitudeDegrees>43.10378283262253</LatitudeDegrees>
              <LongitudeDegrees>-2.581995567306876</LongitudeDegrees>
            </Position>
            <AltitudeMeters>220.60000610351562</AltitudeMeters>
            <DistanceMeters>6414.39990234375</DistanceMeters>
            <HeartRateBpm>
              <Value>126</Value>
            </HeartRateBpm>
            <Cadence>82</Cadence>
            <Extensions>
              <ns3:TPX>
                <ns3:Speed>7.8379998207092285</ns3:Speed>
                <ns3:Watts>164</ns3:Watts>
              </ns3:TPX>
            </Extensions>
          </Trackpoint>
          <Trackpoint>
            <Time>2025-07-25T12:14:18.000Z</Time>
            <Position>
              <LatitudeDegrees>43.103834968060255</LatitudeDegrees>
              <LongitudeDegrees>-2.582063376903534</LongitudeDegrees>
            </Position>
            <AltitudeMeters>220.39999389648438</AltitudeMeters>
            <DistanceMeters>6422.35009765625</DistanceMeters>
            <HeartRateBpm>
              <Value>126</Value>
            </HeartRateBpm>
            <Cadence>88</Cadence>
            <Extensions>
              <ns3:TPX>
                <ns3:Speed>7.959000110626221</ns3:Speed>
                <ns3:Watts>179</ns3:Watts>
              </ns3:TPX>
            </Extensions>
          </Trackpoint>
          <Trackpoint>
            <Time>2025-07-25T12:14:19.000Z</Time>
            <Position>
              <LatitudeDegrees>43.10389179736376</LatitudeDegrees>
              <LongitudeDegrees>-2.5821297615766525</LongitudeDegrees>
            </Position>
            <AltitudeMeters>220.1999969482422</AltitudeMeters>
            <DistanceMeters>6430.43994140625</DistanceMeters>
            <HeartRateBpm>
              <Value>126</Value>
            </HeartRateBpm>
            <Cadence>85</Cadence>
            <Extensions>
              <ns3:TPX>
                <ns3:Speed>8.09000015258789</ns3:Speed>
                <ns3:Watts>156</ns3:Watts>
              </ns3:TPX>
            </Extensions>
          </Trackpoint>
          <Trackpoint>
            <Time>2025-07-25T12:14:20.000Z</Time>
            <Position>
              <LatitudeDegrees>43.103951308876276</LatitudeDegrees>
              <LongitudeDegrees>-2.5821895245462656</LongitudeDegrees>
            </Position>
            <AltitudeMeters>220.0</AltitudeMeters>
            <DistanceMeters>6438.7001953125</DistanceMeters>
            <HeartRateBpm>
              <Value>126</Value>
            </HeartRateBpm>
            <Cadence>93</Cadence>
            <Extensions>
              <ns3:TPX>
                <ns3:Speed>8.248000144958496</ns3:Speed>
                <ns3:Watts>165</ns3:Watts>
              </ns3:TPX>
            </Extensions>
          </Trackpoint>
          <Trackpoint>
            <Time>2025-07-25T12:14:21.000Z</Time>
            <Position>
              <LatitudeDegrees>43.1040158495307</LatitudeDegrees>
              <LongitudeDegrees>-2.582244174554944</LongitudeDegrees>
            </Position>
            <AltitudeMeters>219.60000610351562</AltitudeMeters>
            <DistanceMeters>6447.16015625</DistanceMeters>
            <HeartRateBpm>
              <Value>126</Value>
            </HeartRateBpm>
            <Cadence>88</Cadence>
            <Extensions>
              <ns3:TPX>
                <ns3:Speed>8.463000297546387</ns3:Speed>
                <ns3:Watts>173</ns3:Watts>
              </ns3:TPX>
            </Extensions>
          </Trackpoint>
          <Trackpoint>
            <Time>2025-07-25T12:14:22.000Z</Time>
            <Position>
              <LatitudeDegrees>43.104083659127355</LatitudeDegrees>
              <LongitudeDegrees>-2.582293963059783</LongitudeDegrees>
            </Position>
            <AltitudeMeters>219.60000610351562</AltitudeMeters>
            <DistanceMeters>6455.77001953125</DistanceMeters>
            <HeartRateBpm>
              <Value>126</Value>
            </HeartRateBpm>
            <Cadence>95</Cadence>
            <Extensions>
              <ns3:TPX>
                <ns3:Speed>8.612000465393066</ns3:Speed>
                <ns3:Watts>161</ns3:Watts>
              </ns3:TPX>
            </Extensions>
          </Trackpoint>
          <Trackpoint>
            <Time>2025-07-25T12:14:23.000Z</Time>
            <Position>
              <LatitudeDegrees>43.104155492037535</LatitudeDegrees>
              <LongitudeDegrees>-2.5823403988033533</LongitudeDegrees>
            </Position>
            <AltitudeMeters>219.1999969482422</AltitudeMeters>
            <DistanceMeters>6464.52978515625</DistanceMeters>
            <HeartRateBpm>
              <Value>126</Value>
            </HeartRateBpm>
            <Cadence>90</Cadence>
            <Extensions>
              <ns3:TPX>
                <ns3:Speed>8.751999855041504</ns3:Speed>
                <ns3:Watts>154</ns3:Watts>
              </ns3:TPX>
            </Extensions>
          </Trackpoint>
          <Trackpoint>
            <Time>2025-07-25T12:14:24.000Z</Time>
            <Position>
              <LatitudeDegrees>43.10423000715673</LatitudeDegrees>
              <LongitudeDegrees>-2.5823844876140356</LongitudeDegrees>
            </Position>
            <AltitudeMeters>219.1999969482422</AltitudeMeters>
            <DistanceMeters>6473.5</DistanceMeters>
            <HeartRateBpm>
              <Value>126</Value>
            </HeartRateBpm>
            <Cadence>89</Cadence>
            <Extensions>
              <ns3:TPX>
                <ns3:Speed>8.97599983215332</ns3:Speed>
                <ns3:Watts>153</ns3:Watts>
              </ns3:TPX>
            </Extensions>
          </Trackpoint>
          <Trackpoint>
            <Time>2025-07-25T12:14:25.000Z</Time>
            <Position>
              <LatitudeDegrees>43.104307539761066</LatitudeDegrees>
              <LongitudeDegrees>-2.582427402958274</LongitudeDegrees>
            </Position>
            <AltitudeMeters>219.0</AltitudeMeters>
            <DistanceMeters>6482.68994140625</DistanceMeters>
            <HeartRateBpm>
              <Value>125</Value>
            </HeartRateBpm>
            <Cadence>72</Cadence>
            <Extensions>
              <ns3:TPX>
                <ns3:Speed>9.190999984741211</ns3:Speed>
                <ns3:Watts>161</ns3:Watts>
              </ns3:TPX>
            </Extensions>
          </Trackpoint>
          <Trackpoint>
            <Time>2025-07-25T12:14:26.000Z</Time>
            <Position>
              <LatitudeDegrees>43.10438674874604</LatitudeDegrees>
              <LongitudeDegrees>-2.5824689771980047</LongitudeDegrees>
            </Position>
            <AltitudeMeters>219.0</AltitudeMeters>
            <DistanceMeters>6492.06005859375</DistanceMeters>
            <HeartRateBpm>
              <Value>125</Value>
            </HeartRateBpm>
            <Cadence>82</Cadence>
            <Extensions>
              <ns3:TPX>
                <ns3:Speed>9.368000030517578</ns3:Speed>
                <ns3:Watts>188</ns3:Watts>
              </ns3:TPX>
            </Extensions>
          </Trackpoint>
          <Trackpoint>
            <Time>2025-07-25T12:14:27.000Z</Time>
            <Position>
              <LatitudeDegrees>43.10446763411164</LatitudeDegrees>
              <LongitudeDegrees>-2.5825085397809744</LongitudeDegrees>
            </Position>
            <AltitudeMeters>218.60000610351562</AltitudeMeters>
            <DistanceMeters>6501.58984375</DistanceMeters>
            <HeartRateBpm>
              <Value>125</Value>
            </HeartRateBpm>
            <Cadence>94</Cadence>
            <Extensions>
              <ns3:TPX>
                <ns3:Speed>9.53600025177002</ns3:Speed>
                <ns3:Watts>172</ns3:Watts>
              </ns3:TPX>
            </Extensions>
          </Trackpoint>
          <Trackpoint>
            <Time>2025-07-25T12:14:28.000Z</Time>
            <Position>
              <LatitudeDegrees>43.104549860581756</LatitudeDegrees>
              <LongitudeDegrees>-2.582546593621373</LongitudeDegrees>
            </Position>
            <AltitudeMeters>218.1999969482422</AltitudeMeters>
            <DistanceMeters>6511.2099609375</DistanceMeters>
            <HeartRateBpm>
              <Value>124</Value>
            </HeartRateBpm>
            <Cadence>93</Cadence>
            <Extensions>
              <ns3:TPX>
                <ns3:Speed>9.619999885559082</ns3:Speed>
                <ns3:Watts>139</ns3:Watts>
              </ns3:TPX>
            </Extensions>
          </Trackpoint>
          <Trackpoint>
            <Time>2025-07-25T12:14:29.000Z</Time>
            <Position>
              <LatitudeDegrees>43.10463359579444</LatitudeDegrees>
              <LongitudeDegrees>-2.582584898918867</LongitudeDegrees>
            </Position>
            <AltitudeMeters>218.0</AltitudeMeters>
            <DistanceMeters>6520.9501953125</DistanceMeters>
            <HeartRateBpm>
              <Value>124</Value>
            </HeartRateBpm>
            <Cadence>93</Cadence>
            <Extensions>
              <ns3:TPX>
                <ns3:Speed>9.732000350952148</ns3:Speed>
                <ns3:Watts>66</ns3:Watts>
              </ns3:TPX>
            </Extensions>
          </Trackpoint>
          <Trackpoint>
            <Time>2025-07-25T12:14:30.000Z</Time>
            <Position>
              <LatitudeDegrees>43.10471666045487</LatitudeDegrees>
              <LongitudeDegrees>-2.5826283171772957</LongitudeDegrees>
            </Position>
            <AltitudeMeters>217.60000610351562</AltitudeMeters>
            <DistanceMeters>6530.81982421875</DistanceMeters>
            <HeartRateBpm>
              <Value>123</Value>
            </HeartRateBpm>
            <Cadence>93</Cadence>
            <Extensions>
              <ns3:TPX>
                <ns3:Speed>9.880999565124512</ns3:Speed>
                <ns3:Watts>68</ns3:Watts>
              </ns3:TPX>
            </Extensions>
          </Trackpoint>
          <Trackpoint>
            <Time>2025-07-25T12:14:31.000Z</Time>
            <Position>
              <LatitudeDegrees>43.10480031184852</LatitudeDegrees>
              <LongitudeDegrees>-2.5826754234731197</LongitudeDegrees>
            </Position>
            <AltitudeMeters>217.60000610351562</AltitudeMeters>
            <DistanceMeters>6540.85009765625</DistanceMeters>
            <HeartRateBpm>
              <Value>123</Value>
            </HeartRateBpm>
            <Cadence>93</Cadence>
            <Extensions>
              <ns3:TPX>
                <ns3:Speed>10.020999908447266</ns3:Speed>
                <ns3:Watts>68</ns3:Watts>
              </ns3:TPX>
            </Extensions>
          </Trackpoint>
          <Trackpoint>
            <Time>2025-07-25T12:14:32.000Z</Time>
            <Position>
              <LatitudeDegrees>43.10488689690828</LatitudeDegrees>
              <LongitudeDegrees>-2.582720434293151</LongitudeDegrees>
            </Position>
            <AltitudeMeters>216.60000610351562</AltitudeMeters>
            <DistanceMeters>6551.080078125</DistanceMeters>
            <HeartRateBpm>
              <Value>123</Value>
            </HeartRateBpm>
            <Cadence>0</Cadence>
            <Extensions>
              <ns3:TPX>
                <ns3:Speed>10.236000061035156</ns3:Speed>
                <ns3:Watts>74</ns3:Watts>
              </ns3:TPX>
            </Extensions>
          </Trackpoint>
          <Trackpoint>
            <Time>2025-07-25T12:14:33.000Z</Time>
            <Position>
              <LatitudeDegrees>43.104976331815124</LatitudeDegrees>
              <LongitudeDegrees>-2.5827623438090086</LongitudeDegrees>
            </Position>
            <AltitudeMeters>215.60000610351562</AltitudeMeters>
            <DistanceMeters>6561.4501953125</DistanceMeters>
            <HeartRateBpm>
              <Value>123</Value>
            </HeartRateBpm>
            <Cadence>0</Cadence>
            <Extensions>
              <ns3:TPX>
                <ns3:Speed>10.366000175476074</ns3:Speed>
                <ns3:Watts>72</ns3:Watts>
              </ns3:TPX>
            </Extensions>
          </Trackpoint>
          <Trackpoint>
            <Time>2025-07-25T12:14:34.000Z</Time>
            <Position>
              <LatitudeDegrees>43.10506811365485</LatitudeDegrees>
              <LongitudeDegrees>-2.582805762067437</LongitudeDegrees>
            </Position>
            <AltitudeMeters>214.1999969482422</AltitudeMeters>
            <DistanceMeters>6572.10009765625</DistanceMeters>
            <HeartRateBpm>
              <Value>123</Value>
            </HeartRateBpm>
            <Cadence>0</Cadence>
            <Extensions>
              <ns3:TPX>
                <ns3:Speed>10.645999908447266</ns3:Speed>
                <ns3:Watts>75</ns3:Watts>
              </ns3:TPX>
            </Extensions>
          </Trackpoint>
          <Trackpoint>
            <Time>2025-07-25T12:14:35.000Z</Time>
            <Position>
              <LatitudeDegrees>43.10516031458974</LatitudeDegrees>
              <LongitudeDegrees>-2.5828501023352146</LongitudeDegrees>
            </Position>
            <AltitudeMeters>213.39999389648438</AltitudeMeters>
            <DistanceMeters>6583.02001953125</DistanceMeters>
            <HeartRateBpm>
              <Value>123</Value>
            </HeartRateBpm>
            <Cadence>0</Cadence>
            <Extensions>
              <ns3:TPX>
                <ns3:Speed>10.916999816894531</ns3:Speed>
                <ns3:Watts>74</ns3:Watts>
              </ns3:TPX>
            </Extensions>
          </Trackpoint>
          <Trackpoint>
            <Time>2025-07-25T12:14:36.000Z</Time>
            <Position>
              <LatitudeDegrees>43.105252012610435</LatitudeDegrees>
              <LongitudeDegrees>-2.5829010643064976</LongitudeDegrees>
            </Position>
            <AltitudeMeters>213.0</AltitudeMeters>
            <DistanceMeters>6594.10986328125</DistanceMeters>
            <HeartRateBpm>
              <Value>123</Value>
            </HeartRateBpm>
            <Cadence>0</Cadence>
            <Extensions>
              <ns3:TPX>
                <ns3:Speed>11.093999862670898</ns3:Speed>
                <ns3:Watts>77</ns3:Watts>
              </ns3:TPX>
            </Extensions>
          </Trackpoint>
          <Trackpoint>
            <Time>2025-07-25T12:14:37.000Z</Time>
            <Position>
              <LatitudeDegrees>43.10532501898706</LatitudeDegrees>
              <LongitudeDegrees>-2.5829449016600847</LongitudeDegrees>
            </Position>
            <AltitudeMeters>212.0</AltitudeMeters>
            <DistanceMeters>6605.240234375</DistanceMeters>
            <HeartRateBpm>
              <Value>123</Value>
            </HeartRateBpm>
            <Cadence>0</Cadence>
            <Extensions>
              <ns3:TPX>
                <ns3:Speed>11.121999740600586</ns3:Speed>
                <ns3:Watts>204</ns3:Watts>
              </ns3:TPX>
            </Extensions>
          </Trackpoint>
          <Trackpoint>
            <Time>2025-07-25T12:14:38.000Z</Time>
            <Position>
              <LatitudeDegrees>43.10543591156602</LatitudeDegrees>
              <LongitudeDegrees>-2.58301162160933</LongitudeDegrees>
            </Position>
            <AltitudeMeters>211.8000030517578</AltitudeMeters>
            <DistanceMeters>6616.509765625</DistanceMeters>
            <HeartRateBpm>
              <Value>123</Value>
            </HeartRateBpm>
            <Cadence>91</Cadence>
            <Extensions>
              <ns3:TPX>
                <ns3:Speed>11.289999961853027</ns3:Speed>
                <ns3:Watts>242</ns3:Watts>
              </ns3:TPX>
            </Extensions>
          </Trackpoint>
          <Trackpoint>
            <Time>2025-07-25T12:14:39.000Z</Time>
            <Position>
              <LatitudeDegrees>43.10551059432328</LatitudeDegrees>
              <LongitudeDegrees>-2.583054369315505</LongitudeDegrees>
            </Position>
            <AltitudeMeters>211.60000610351562</AltitudeMeters>
            <DistanceMeters>6627.83984375</DistanceMeters>
            <HeartRateBpm>
              <Value>124</Value>
            </HeartRateBpm>
            <Cadence>84</Cadence>
            <Extensions>
              <ns3:TPX>
                <ns3:Speed>11.32699966430664</ns3:Speed>
                <ns3:Watts>211</ns3:Watts>
              </ns3:TPX>
            </Extensions>
          </Trackpoint>
          <Trackpoint>
            <Time>2025-07-25T12:14:40.000Z</Time>
            <Position>
              <LatitudeDegrees>43.10562131926417</LatitudeDegrees>
              <LongitudeDegrees>-2.5831190776079893</LongitudeDegrees>
            </Position>
            <AltitudeMeters>211.0</AltitudeMeters>
            <DistanceMeters>6639.10009765625</DistanceMeters>
            <HeartRateBpm>
              <Value>124</Value>
            </HeartRateBpm>
            <Cadence>110</Cadence>
            <Extensions>
              <ns3:TPX>
                <ns3:Speed>11.26200008392334</ns3:Speed>
                <ns3:Watts>228</ns3:Watts>
              </ns3:TPX>
            </Extensions>
          </Trackpoint>
          <Trackpoint>
            <Time>2025-07-25T12:14:41.000Z</Time>
            <Position>
              <LatitudeDegrees>43.10571284964681</LatitudeDegrees>
              <LongitudeDegrees>-2.5831734761595726</LongitudeDegrees>
            </Position>
            <AltitudeMeters>210.60000610351562</AltitudeMeters>
            <DistanceMeters>6650.2900390625</DistanceMeters>
            <HeartRateBpm>
              <Value>124</Value>
            </HeartRateBpm>
            <Cadence>106</Cadence>
            <Extensions>
              <ns3:TPX>
                <ns3:Speed>11.178000450134277</ns3:Speed>
                <ns3:Watts>238</ns3:Watts>
              </ns3:TPX>
            </Extensions>
          </Trackpoint>
          <Trackpoint>
            <Time>2025-07-25T12:14:42.000Z</Time>
            <Position>
              <LatitudeDegrees>43.10578485019505</LatitudeDegrees>
              <LongitudeDegrees>-2.5832171458750963</LongitudeDegrees>
            </Position>
            <AltitudeMeters>210.1999969482422</AltitudeMeters>
            <DistanceMeters>6661.2998046875</DistanceMeters>
            <HeartRateBpm>
              <Value>125</Value>
            </HeartRateBpm>
            <Cadence>98</Cadence>
            <Extensions>
              <ns3:TPX>
                <ns3:Speed>11.00100040435791</ns3:Speed>
                <ns3:Watts>216</ns3:Watts>
              </ns3:TPX>
            </Extensions>
          </Trackpoint>
          <Trackpoint>
            <Time>2025-07-25T12:14:43.000Z</Time>
            <Position>
              <LatitudeDegrees>43.10587336309254</LatitudeDegrees>
              <LongitudeDegrees>-2.583268778398633</LongitudeDegrees>
            </Position>
            <AltitudeMeters>210.1999969482422</AltitudeMeters>
            <DistanceMeters>6672.18994140625</DistanceMeters>
            <HeartRateBpm>
              <Value>125</Value>
            </HeartRateBpm>
            <Cadence>102</Cadence>
            <Extensions>
              <ns3:TPX>
                <ns3:Speed>10.861000061035156</ns3:Speed>
                <ns3:Watts>217</ns3:Watts>
              </ns3:TPX>
            </Extensions>
          </Trackpoint>
          <Trackpoint>
            <Time>2025-07-25T12:14:44.000Z</Time>
            <Position>
              <LatitudeDegrees>43.105960953980684</LatitudeDegrees>
              <LongitudeDegrees>-2.583318566903472</LongitudeDegrees>
            </Position>
            <AltitudeMeters>210.0</AltitudeMeters>
            <DistanceMeters>6682.91015625</DistanceMeters>
            <HeartRateBpm>
              <Value>126</Value>
            </HeartRateBpm>
            <Cadence>101</Cadence>
            <Extensions>
              <ns3:TPX>
                <ns3:Speed>10.758000373840332</ns3:Speed>
                <ns3:Watts>224</ns3:Watts>
              </ns3:TPX>
            </Extensions>
          </Trackpoint>
          <Trackpoint>
            <Time>2025-07-25T12:14:45.000Z</Time>
            <Position>
              <LatitudeDegrees>43.106064554303885</LatitudeDegrees>
              <LongitudeDegrees>-2.5833800062537193</LongitudeDegrees>
            </Position>
            <AltitudeMeters>209.8000030517578</AltitudeMeters>
            <DistanceMeters>6693.6201171875</DistanceMeters>
            <HeartRateBpm>
              <Value>126</Value>
            </HeartRateBpm>
            <Cadence>97</Cadence>
            <Extensions>
              <ns3:TPX>
                <ns3:Speed>10.70199966430664</ns3:Speed>
                <ns3:Watts>207</ns3:Watts>
              </ns3:TPX>
            </Extensions>
          </Trackpoint>
          <Trackpoint>
            <Time>2025-07-25T12:14:46.000Z</Time>
            <Position>
              <LatitudeDegrees>43.1061502173543</LatitudeDegrees>
              <LongitudeDegrees>-2.583431303501129</LongitudeDegrees>
            </Position>
            <AltitudeMeters>209.60000610351562</AltitudeMeters>
            <DistanceMeters>6704.2099609375</DistanceMeters>
            <HeartRateBpm>
              <Value>126</Value>
            </HeartRateBpm>
            <Cadence>96</Cadence>
            <Extensions>
              <ns3:TPX>
                <ns3:Speed>10.600000381469727</ns3:Speed>
                <ns3:Watts>254</ns3:Watts>
              </ns3:TPX>
            </Extensions>
          </Trackpoint>
          <Trackpoint>
            <Time>2025-07-25T12:14:47.000Z</Time>
            <Position>
              <LatitudeDegrees>43.10623470693827</LatitudeDegrees>
              <LongitudeDegrees>-2.5834804214537144</LongitudeDegrees>
            </Position>
            <AltitudeMeters>209.1999969482422</AltitudeMeters>
            <DistanceMeters>6714.72998046875</DistanceMeters>
            <HeartRateBpm>
              <Value>126</Value>
            </HeartRateBpm>
            <Cadence>92</Cadence>
            <Extensions>
              <ns3:TPX>
                <ns3:Speed>10.515999794006348</ns3:Speed>
                <ns3:Watts>237</ns3:Watts>
              </ns3:TPX>
            </Extensions>
          </Trackpoint>
          <Trackpoint>
            <Time>2025-07-25T12:14:48.000Z</Time>
            <Position>
              <LatitudeDegrees>43.10631902888417</LatitudeDegrees>
              <LongitudeDegrees>-2.5835316348820925</LongitudeDegrees>
            </Position>
            <AltitudeMeters>208.1999969482422</AltitudeMeters>
            <DistanceMeters>6725.22998046875</DistanceMeters>
            <HeartRateBpm>
              <Value>125</Value>
            </HeartRateBpm>
            <Cadence>93</Cadence>
            <Extensions>
              <ns3:TPX>
                <ns3:Speed>10.496999740600586</ns3:Speed>
                <ns3:Watts>215</ns3:Watts>
              </ns3:TPX>
            </Extensions>
          </Trackpoint>
          <Trackpoint>
            <Time>2025-07-25T12:14:49.000Z</Time>
            <Position>
              <LatitudeDegrees>43.10640376992524</LatitudeDegrees>
              <LongitudeDegrees>-2.583583267405629</LongitudeDegrees>
            </Position>
            <AltitudeMeters>207.39999389648438</AltitudeMeters>
            <DistanceMeters>6735.7001953125</DistanceMeters>
            <HeartRateBpm>
              <Value>125</Value>
            </HeartRateBpm>
            <Cadence>95</Cadence>
            <Extensions>
              <ns3:TPX>
                <ns3:Speed>10.468999862670898</ns3:Speed>
                <ns3:Watts>215</ns3:Watts>
              </ns3:TPX>
            </Extensions>
          </Trackpoint>
          <Trackpoint>
            <Time>2025-07-25T12:14:50.000Z</Time>
            <Position>
              <LatitudeDegrees>43.106489265337586</LatitudeDegrees>
              <LongitudeDegrees>-2.5836346484720707</LongitudeDegrees>
            </Position>
            <AltitudeMeters>207.1999969482422</AltitudeMeters>
            <DistanceMeters>6746.2001953125</DistanceMeters>
            <HeartRateBpm>
              <Value>124</Value>
            </HeartRateBpm>
            <Cadence>90</Cadence>
            <Extensions>
              <ns3:TPX>
                <ns3:Speed>10.496999740600586</ns3:Speed>
                <ns3:Watts>193</ns3:Watts>
              </ns3:TPX>
            </Extensions>
          </Trackpoint>
          <Trackpoint>
            <Time>2025-07-25T12:14:51.000Z</Time>
            <Position>
              <LatitudeDegrees>43.10657450929284</LatitudeDegrees>
              <LongitudeDegrees>-2.5836865324527025</LongitudeDegrees>
            </Position>
            <AltitudeMeters>206.8000030517578</AltitudeMeters>
            <DistanceMeters>6756.7099609375</DistanceMeters>
            <HeartRateBpm>
              <Value>123</Value>
            </HeartRateBpm>
            <Cadence>99</Cadence>
            <Extensions>
              <ns3:TPX>
                <ns3:Speed>10.515999794006348</ns3:Speed>
                <ns3:Watts>243</ns3:Watts>
              </ns3:TPX>
            </Extensions>
          </Trackpoint>
          <Trackpoint>
            <Time>2025-07-25T12:14:52.000Z</Time>
            <Position>
              <LatitudeDegrees>43.10666151344776</LatitudeDegrees>
              <LongitudeDegrees>-2.5837386678904295</LongitudeDegrees>
            </Position>
            <AltitudeMeters>206.8000030517578</AltitudeMeters>
            <DistanceMeters>6767.2998046875</DistanceMeters>
            <HeartRateBpm>
              <Value>123</Value>
            </HeartRateBpm>
            <Cadence>93</Cadence>
            <Extensions>
              <ns3:TPX>
                <ns3:Speed>10.600000381469727</ns3:Speed>
                <ns3:Watts>229</ns3:Watts>
              </ns3:TPX>
            </Extensions>
          </Trackpoint>
          <Trackpoint>
            <Time>2025-07-25T12:14:53.000Z</Time>
            <Position>
              <LatitudeDegrees>43.10674843378365</LatitudeDegrees>
              <LongitudeDegrees>-2.58378803730011</LongitudeDegrees>
            </Position>
            <AltitudeMeters>206.60000610351562</AltitudeMeters>
            <DistanceMeters>6777.8798828125</DistanceMeters>
            <HeartRateBpm>
              <Value>123</Value>
            </HeartRateBpm>
            <Cadence>94</Cadence>
            <Extensions>
              <ns3:TPX>
                <ns3:Speed>10.571999549865723</ns3:Speed>
                <ns3:Watts>206</ns3:Watts>
              </ns3:TPX>
            </Extensions>
          </Trackpoint>
          <Trackpoint>
            <Time>2025-07-25T12:14:54.000Z</Time>
            <Position>
              <LatitudeDegrees>43.106834683567286</LatitudeDegrees>
              <LongitudeDegrees>-2.583835981786251</LongitudeDegrees>
            </Position>
            <AltitudeMeters>206.60000610351562</AltitudeMeters>
            <DistanceMeters>6788.3798828125</DistanceMeters>
            <HeartRateBpm>
              <Value>123</Value>
            </HeartRateBpm>
            <Cadence>100</Cadence>
            <Extensions>
              <ns3:TPX>
                <ns3:Speed>10.496999740600586</ns3:Speed>
                <ns3:Watts>224</ns3:Watts>
              </ns3:TPX>
            </Extensions>
          </Trackpoint>
          <Trackpoint>
            <Time>2025-07-25T12:14:55.000Z</Time>
            <Position>
              <LatitudeDegrees>43.10692051425576</LatitudeDegrees>
              <LongitudeDegrees>-2.583884596824646</LongitudeDegrees>
            </Position>
            <AltitudeMeters>206.39999389648438</AltitudeMeters>
            <DistanceMeters>6798.81005859375</DistanceMeters>
            <HeartRateBpm>
              <Value>123</Value>
            </HeartRateBpm>
            <Cadence>92</Cadence>
            <Extensions>
              <ns3:TPX>
                <ns3:Speed>10.440999984741211</ns3:Speed>
                <ns3:Watts>212</ns3:Watts>
              </ns3:TPX>
            </Extensions>
          </Trackpoint>
          <Trackpoint>
            <Time>2025-07-25T12:14:56.000Z</Time>
            <Position>
              <LatitudeDegrees>43.1070049200207</LatitudeDegrees>
              <LongitudeDegrees>-2.5839344691485167</LongitudeDegrees>
            </Position>
            <AltitudeMeters>206.1999969482422</AltitudeMeters>
            <DistanceMeters>6809.18994140625</DistanceMeters>
            <HeartRateBpm>
              <Value>123</Value>
            </HeartRateBpm>
            <Cadence>97</Cadence>
            <Extensions>
              <ns3:TPX>
                <ns3:Speed>10.366000175476074</ns3:Speed>
                <ns3:Watts>217</ns3:Watts>
              </ns3:TPX>
            </Extensions>
          </Trackpoint>
          <Trackpoint>
            <Time>2025-07-25T12:14:57.000Z</Time>
            <Position>
              <LatitudeDegrees>43.107087649405</LatitudeDegrees>
              <LongitudeDegrees>-2.5839851796627045</LongitudeDegrees>
            </Position>
            <AltitudeMeters>206.1999969482422</AltitudeMeters>
            <DistanceMeters>6819.47021484375</DistanceMeters>
            <HeartRateBpm>
              <Value>123</Value>
            </HeartRateBpm>
            <Cadence>93</Cadence>
            <Extensions>
              <ns3:TPX>
                <ns3:Speed>10.291999816894531</ns3:Speed>
                <ns3:Watts>252</ns3:Watts>
              </ns3:TPX>
            </Extensions>
          </Trackpoint>
          <Trackpoint>
            <Time>2025-07-25T12:14:58.000Z</Time>
            <Position>
              <LatitudeDegrees>43.10717054642737</LatitudeDegrees>
              <LongitudeDegrees>-2.5840347167104483</LongitudeDegrees>
            </Position>
            <AltitudeMeters>206.0</AltitudeMeters>
            <DistanceMeters>6829.68994140625</DistanceMeters>
            <HeartRateBpm>
              <Value>123</Value>
            </HeartRateBpm>
            <Cadence>95</Cadence>
            <Extensions>
              <ns3:TPX>
                <ns3:Speed>10.217000007629395</ns3:Speed>
                <ns3:Watts>299</ns3:Watts>
              </ns3:TPX>
            </Extensions>
          </Trackpoint>
          <Trackpoint>
            <Time>2025-07-25T12:14:59.000Z</Time>
            <Position>
              <LatitudeDegrees>43.10725369490683</LatitudeDegrees>
              <LongitudeDegrees>-2.584084924310446</LongitudeDegrees>
            </Position>
            <AltitudeMeters>205.8000030517578</AltitudeMeters>
            <DistanceMeters>6839.8701171875</DistanceMeters>
            <HeartRateBpm>
              <Value>123</Value>
            </HeartRateBpm>
            <Cadence>88</Cadence>
            <Extensions>
              <ns3:TPX>
                <ns3:Speed>10.170000076293945</ns3:Speed>
                <ns3:Watts>227</ns3:Watts>
              </ns3:TPX>
            </Extensions>
          </Trackpoint>
          <Trackpoint>
            <Time>2025-07-25T12:15:00.000Z</Time>
            <Position>
              <LatitudeDegrees>43.10733617283404</LatitudeDegrees>
              <LongitudeDegrees>-2.5841341260820627</LongitudeDegrees>
            </Position>
            <AltitudeMeters>205.60000610351562</AltitudeMeters>
            <DistanceMeters>6849.93994140625</DistanceMeters>
            <HeartRateBpm>
              <Value>123</Value>
            </HeartRateBpm>
            <Cadence>90</Cadence>
            <Extensions>
              <ns3:TPX>
                <ns3:Speed>10.07699966430664</ns3:Speed>
                <ns3:Watts>219</ns3:Watts>
              </ns3:TPX>
            </Extensions>
          </Trackpoint>
          <Trackpoint>
            <Time>2025-07-25T12:15:01.000Z</Time>
            <Position>
              <LatitudeDegrees>43.107418566942215</LatitudeDegrees>
              <LongitudeDegrees>-2.584186177700758</LongitudeDegrees>
            </Position>
            <AltitudeMeters>205.39999389648438</AltitudeMeters>
            <DistanceMeters>6859.9501953125</DistanceMeters>
            <HeartRateBpm>
              <Value>123</Value>
            </HeartRateBpm>
            <Cadence>94</Cadence>
            <Extensions>
              <ns3:TPX>
                <ns3:Speed>10.01200008392334</ns3:Speed>
                <ns3:Watts>227</ns3:Watts>
              </ns3:TPX>
            </Extensions>
          </Trackpoint>
          <Trackpoint>
            <Time>2025-07-25T12:15:02.000Z</Time>
            <Position>
              <LatitudeDegrees>43.1074988655746</LatitudeDegrees>
              <LongitudeDegrees>-2.5842337030917406</LongitudeDegrees>
            </Position>
            <AltitudeMeters>205.39999389648438</AltitudeMeters>
            <DistanceMeters>6869.85986328125</DistanceMeters>
            <HeartRateBpm>
              <Value>124</Value>
            </HeartRateBpm>
            <Cadence>89</Cadence>
            <Extensions>
              <ns3:TPX>
                <ns3:Speed>9.918999671936035</ns3:Speed>
                <ns3:Watts>230</ns3:Watts>
              </ns3:TPX>
            </Extensions>
          </Trackpoint>
          <Trackpoint>
            <Time>2025-07-25T12:15:03.000Z</Time>
            <Position>
              <LatitudeDegrees>43.107577823102474</LatitudeDegrees>
              <LongitudeDegrees>-2.5842818152159452</LongitudeDegrees>
            </Position>
            <AltitudeMeters>205.0</AltitudeMeters>
            <DistanceMeters>6879.7099609375</DistanceMeters>
            <HeartRateBpm>
              <Value>124</Value>
            </HeartRateBpm>
            <Cadence>92</Cadence>
            <Extensions>
              <ns3:TPX>
                <ns3:Speed>9.807000160217285</ns3:Speed>
                <ns3:Watts>271</ns3:Watts>
              </ns3:TPX>
            </Extensions>
          </Trackpoint>
          <Trackpoint>
            <Time>2025-07-25T12:15:04.000Z</Time>
            <Position>
              <LatitudeDegrees>43.10765686444938</LatitudeDegrees>
              <LongitudeDegrees>-2.5843315199017525</LongitudeDegrees>
            </Position>
            <AltitudeMeters>205.0</AltitudeMeters>
            <DistanceMeters>6889.39013671875</DistanceMeters>
            <HeartRateBpm>
              <Value>124</Value>
            </HeartRateBpm>
            <Cadence>88</Cadence>
            <Extensions>
              <ns3:TPX>
                <ns3:Speed>9.694999694824219</ns3:Speed>
                <ns3:Watts>290</ns3:Watts>
              </ns3:TPX>
            </Extensions>
          </Trackpoint>
          <Trackpoint>
            <Time>2025-07-25T12:15:05.000Z</Time>
            <Position>
              <LatitudeDegrees>43.10773607343435</LatitudeDegrees>
              <LongitudeDegrees>-2.5843812245875597</LongitudeDegrees>
            </Position>
            <AltitudeMeters>204.60000610351562</AltitudeMeters>
            <DistanceMeters>6898.990234375</DistanceMeters>
            <HeartRateBpm>
              <Value>124</Value>
            </HeartRateBpm>
            <Cadence>89</Cadence>
            <Extensions>
              <ns3:TPX>
                <ns3:Speed>9.60099983215332</ns3:Speed>
                <ns3:Watts>252</ns3:Watts>
              </ns3:TPX>
            </Extensions>
          </Trackpoint>
          <Trackpoint>
            <Time>2025-07-25T12:15:06.000Z</Time>
            <Position>
              <LatitudeDegrees>43.1078149471432</LatitudeDegrees>
              <LongitudeDegrees>-2.5844275765120983</LongitudeDegrees>
            </Position>
            <AltitudeMeters>204.8000030517578</AltitudeMeters>
            <DistanceMeters>6908.52978515625</DistanceMeters>
            <HeartRateBpm>
              <Value>124</Value>
            </HeartRateBpm>
            <Cadence>87</Cadence>
            <Extensions>
              <ns3:TPX>
                <ns3:Speed>9.564000129699707</ns3:Speed>
                <ns3:Watts>271</ns3:Watts>
              </ns3:TPX>
            </Extensions>
          </Trackpoint>
          <Trackpoint>
            <Time>2025-07-25T12:15:07.000Z</Time>
            <Position>
              <LatitudeDegrees>43.10789382085204</LatitudeDegrees>
              <LongitudeDegrees>-2.584469737485051</LongitudeDegrees>
            </Position>
            <AltitudeMeters>204.60000610351562</AltitudeMeters>
            <DistanceMeters>6918.06005859375</DistanceMeters>
            <HeartRateBpm>
              <Value>124</Value>
            </HeartRateBpm>
            <Cadence>85</Cadence>
            <Extensions>
              <ns3:TPX>
                <ns3:Speed>9.517000198364258</ns3:Speed>
                <ns3:Watts>272</ns3:Watts>
              </ns3:TPX>
            </Extensions>
          </Trackpoint>
          <Trackpoint>
            <Time>2025-07-25T12:15:08.000Z</Time>
            <Position>
              <LatitudeDegrees>43.107973616570234</LatitudeDegrees>
              <LongitudeDegrees>-2.584506953135133</LongitudeDegrees>
            </Position>
            <AltitudeMeters>204.39999389648438</AltitudeMeters>
            <DistanceMeters>6927.5</DistanceMeters>
            <HeartRateBpm>
              <Value>125</Value>
            </HeartRateBpm>
            <Cadence>88</Cadence>
            <Extensions>
              <ns3:TPX>
                <ns3:Speed>9.45199966430664</ns3:Speed>
                <ns3:Watts>312</ns3:Watts>
              </ns3:TPX>
            </Extensions>
          </Trackpoint>
          <Trackpoint>
            <Time>2025-07-25T12:15:09.000Z</Time>
            <Position>
              <LatitudeDegrees>43.10805366374552</LatitudeDegrees>
              <LongitudeDegrees>-2.5845343619585037</LongitudeDegrees>
            </Position>
            <AltitudeMeters>204.39999389648438</AltitudeMeters>
            <DistanceMeters>6936.85009765625</DistanceMeters>
            <HeartRateBpm>
              <Value>125</Value>
            </HeartRateBpm>
            <Cadence>83</Cadence>
            <Extensions>
              <ns3:TPX>
                <ns3:Speed>9.348999977111816</ns3:Speed>
                <ns3:Watts>279</ns3:Watts>
              </ns3:TPX>
            </Extensions>
          </Trackpoint>
          <Trackpoint>
            <Time>2025-07-25T12:15:10.000Z</Time>
            <Position>
              <LatitudeDegrees>43.108134884387255</LatitudeDegrees>
              <LongitudeDegrees>-2.5845535565167665</LongitudeDegrees>
            </Position>
            <AltitudeMeters>204.1999969482422</AltitudeMeters>
            <DistanceMeters>6946.08984375</DistanceMeters>
            <HeartRateBpm>
              <Value>125</Value>
            </HeartRateBpm>
            <Cadence>85</Cadence>
            <Extensions>
              <ns3:TPX>
                <ns3:Speed>9.227999687194824</ns3:Speed>
                <ns3:Watts>293</ns3:Watts>
              </ns3:TPX>
            </Extensions>
          </Trackpoint>
          <Trackpoint>
            <Time>2025-07-25T12:15:11.000Z</Time>
            <Position>
              <LatitudeDegrees>43.108216021209955</LatitudeDegrees>
              <LongitudeDegrees>-2.5845651235431433</LongitudeDegrees>
            </Position>
            <AltitudeMeters>203.60000610351562</AltitudeMeters>
            <DistanceMeters>6955.18017578125</DistanceMeters>
            <HeartRateBpm>
              <Value>126</Value>
            </HeartRateBpm>
            <Cadence>86</Cadence>
            <Extensions>
              <ns3:TPX>
                <ns3:Speed>9.097000122070312</ns3:Speed>
                <ns3:Watts>323</ns3:Watts>
              </ns3:TPX>
            </Extensions>
          </Trackpoint>
          <Trackpoint>
            <Time>2025-07-25T12:15:12.000Z</Time>
            <Position>
              <LatitudeDegrees>43.108216021209955</LatitudeDegrees>
              <LongitudeDegrees>-2.5845651235431433</LongitudeDegrees>
            </Position>
            <AltitudeMeters>202.8000030517578</AltitudeMeters>
            <DistanceMeters>6964.18994140625</DistanceMeters>
            <HeartRateBpm>
              <Value>126</Value>
            </HeartRateBpm>
            <Cadence>83</Cadence>
            <Extensions>
              <ns3:TPX>
                <ns3:Speed>9.012999534606934</ns3:Speed>
                <ns3:Watts>366</ns3:Watts>
              </ns3:TPX>
            </Extensions>
          </Trackpoint>
          <Trackpoint>
            <Time>2025-07-25T12:15:13.000Z</Time>
            <Position>
              <LatitudeDegrees>43.10829732567072</LatitudeDegrees>
              <LongitudeDegrees>-2.584571661427617</LongitudeDegrees>
            </Position>
            <AltitudeMeters>202.39999389648438</AltitudeMeters>
            <DistanceMeters>6973.22998046875</DistanceMeters>
            <HeartRateBpm>
              <Value>127</Value>
            </HeartRateBpm>
            <Cadence>80</Cadence>
            <Extensions>
              <ns3:TPX>
                <ns3:Speed>9.031999588012695</ns3:Speed>
                <ns3:Watts>288</ns3:Watts>
              </ns3:TPX>
            </Extensions>
          </Trackpoint>
          <Trackpoint>
            <Time>2025-07-25T12:15:14.000Z</Time>
            <Position>
              <LatitudeDegrees>43.10842682607472</LatitudeDegrees>
              <LongitudeDegrees>-2.584577864035964</LongitudeDegrees>
            </Position>
            <AltitudeMeters>202.1999969482422</AltitudeMeters>
            <DistanceMeters>6982.2099609375</DistanceMeters>
            <HeartRateBpm>
              <Value>127</Value>
            </HeartRateBpm>
            <Cadence>81</Cadence>
            <Extensions>
              <ns3:TPX>
                <ns3:Speed>8.97599983215332</ns3:Speed>
                <ns3:Watts>261</ns3:Watts>
              </ns3:TPX>
            </Extensions>
          </Trackpoint>
          <Trackpoint>
            <Time>2025-07-25T12:15:15.000Z</Time>
            <Position>
              <LatitudeDegrees>43.108505280688405</LatitudeDegrees>
              <LongitudeDegrees>-2.5845851562917233</LongitudeDegrees>
            </Position>
            <AltitudeMeters>202.0</AltitudeMeters>
            <DistanceMeters>6991.14013671875</DistanceMeters>
            <HeartRateBpm>
              <Value>128</Value>
            </HeartRateBpm>
            <Cadence>81</Cadence>
            <Extensions>
              <ns3:TPX>
                <ns3:Speed>8.939000129699707</ns3:Speed>
                <ns3:Watts>294</ns3:Watts>
              </ns3:TPX>
            </Extensions>
          </Trackpoint>
          <Trackpoint>
            <Time>2025-07-25T12:15:16.000Z</Time>
            <Position>
              <LatitudeDegrees>43.10861893929541</LatitudeDegrees>
              <LongitudeDegrees>-2.584600830450654</LongitudeDegrees>
            </Position>
            <AltitudeMeters>202.0</AltitudeMeters>
            <DistanceMeters>7000.08984375</DistanceMeters>
            <HeartRateBpm>
              <Value>128</Value>
            </HeartRateBpm>
            <Cadence>81</Cadence>
            <Extensions>
              <ns3:TPX>
                <ns3:Speed>8.947999954223633</ns3:Speed>
                <ns3:Watts>237</ns3:Watts>
              </ns3:TPX>
            </Extensions>
          </Trackpoint>
          <Trackpoint>
            <Time>2025-07-25T12:15:17.000Z</Time>
            <Position>
              <LatitudeDegrees>43.10869907028973</LatitudeDegrees>
              <LongitudeDegrees>-2.5846086256206036</LongitudeDegrees>
            </Position>
            <AltitudeMeters>202.0</AltitudeMeters>
            <DistanceMeters>7009.10009765625</DistanceMeters>
            <HeartRateBpm>
              <Value>128</Value>
            </HeartRateBpm>
            <Cadence>81</Cadence>
            <Extensions>
              <ns3:TPX>
                <ns3:Speed>9.012999534606934</ns3:Speed>
                <ns3:Watts>248</ns3:Watts>
              </ns3:TPX>
            </Extensions>
          </Trackpoint>
          <Trackpoint>
            <Time>2025-07-25T12:15:18.000Z</Time>
            <Position>
              <LatitudeDegrees>43.10877962037921</LatitudeDegrees>
              <LongitudeDegrees>-2.5846163369715214</LongitudeDegrees>
            </Position>
            <AltitudeMeters>201.8000030517578</AltitudeMeters>
            <DistanceMeters>7018.18017578125</DistanceMeters>
            <HeartRateBpm>
              <Value>129</Value>
            </HeartRateBpm>
            <Cadence>80</Cadence>
            <Extensions>
              <ns3:TPX>
                <ns3:Speed>9.079000473022461</ns3:Speed>
                <ns3:Watts>222</ns3:Watts>
              </ns3:TPX>
            </Extensions>
          </Trackpoint>
          <Trackpoint>
            <Time>2025-07-25T12:15:19.000Z</Time>
            <Position>
              <LatitudeDegrees>43.108860505744815</LatitudeDegrees>
              <LongitudeDegrees>-2.5846269819885492</LongitudeDegrees>
            </Position>
            <AltitudeMeters>202.0</AltitudeMeters>
            <DistanceMeters>7027.330078125</DistanceMeters>
            <HeartRateBpm>
              <Value>129</Value>
            </HeartRateBpm>
            <Cadence>86</Cadence>
            <Extensions>
              <ns3:TPX>
                <ns3:Speed>9.152999877929688</ns3:Speed>
                <ns3:Watts>235</ns3:Watts>
              </ns3:TPX>
            </Extensions>
          </Trackpoint>
          <Trackpoint>
            <Time>2025-07-25T12:15:20.000Z</Time>
            <Position>
              <LatitudeDegrees>43.10894172638655</LatitudeDegrees>
              <LongitudeDegrees>-2.58463972248137</LongitudeDegrees>
            </Position>
            <AltitudeMeters>202.0</AltitudeMeters>
            <DistanceMeters>7036.47998046875</DistanceMeters>
            <HeartRateBpm>
              <Value>129</Value>
            </HeartRateBpm>
            <Cadence>85</Cadence>
            <Extensions>
              <ns3:TPX>
                <ns3:Speed>9.152999877929688</ns3:Speed>
                <ns3:Watts>243</ns3:Watts>
              </ns3:TPX>
            </Extensions>
          </Trackpoint>
          <Trackpoint>
            <Time>2025-07-25T12:15:21.000Z</Time>
            <Position>
              <LatitudeDegrees>43.10902495868504</LatitudeDegrees>
              <LongitudeDegrees>-2.5846558157354593</LongitudeDegrees>
            </Position>
            <AltitudeMeters>202.0</AltitudeMeters>
            <DistanceMeters>7045.64990234375</DistanceMeters>
            <HeartRateBpm>
              <Value>129</Value>
            </HeartRateBpm>
            <Cadence>83</Cadence>
            <Extensions>
              <ns3:TPX>
                <ns3:Speed>9.17199993133545</ns3:Speed>
                <ns3:Watts>233</ns3:Watts>
              </ns3:TPX>
            </Extensions>
          </Trackpoint>
          <Trackpoint>
            <Time>2025-07-25T12:15:22.000Z</Time>
            <Position>
              <LatitudeDegrees>43.10910601168871</LatitudeDegrees>
              <LongitudeDegrees>-2.584673836827278</LongitudeDegrees>
            </Position>
            <AltitudeMeters>202.0</AltitudeMeters>
            <DistanceMeters>7054.81005859375</DistanceMeters>
            <HeartRateBpm>
              <Value>129</Value>
            </HeartRateBpm>
            <Cadence>84</Cadence>
            <Extensions>
              <ns3:TPX>
                <ns3:Speed>9.152999877929688</ns3:Speed>
                <ns3:Watts>212</ns3:Watts>
              </ns3:TPX>
            </Extensions>
          </Trackpoint>
          <Trackpoint>
            <Time>2025-07-25T12:15:23.000Z</Time>
            <Position>
              <LatitudeDegrees>43.10918773524463</LatitudeDegrees>
              <LongitudeDegrees>-2.584687164053321</LongitudeDegrees>
            </Position>
            <AltitudeMeters>201.8000030517578</AltitudeMeters>
            <DistanceMeters>7063.919921875</DistanceMeters>
            <HeartRateBpm>
              <Value>129</Value>
            </HeartRateBpm>
            <Cadence>84</Cadence>
            <Extensions>
              <ns3:TPX>
                <ns3:Speed>9.107000350952148</ns3:Speed>
                <ns3:Watts>207</ns3:Watts>
              </ns3:TPX>
            </Extensions>
          </Trackpoint>
          <Trackpoint>
            <Time>2025-07-25T12:15:24.000Z</Time>
            <Position>
              <LatitudeDegrees>43.109270045533776</LatitudeDegrees>
              <LongitudeDegrees>-2.5846976414322853</LongitudeDegrees>
            </Position>
            <AltitudeMeters>201.8000030517578</AltitudeMeters>
            <DistanceMeters>7073.08984375</DistanceMeters>
            <HeartRateBpm>
              <Value>129</Value>
            </HeartRateBpm>
            <Cadence>84</Cadence>
            <Extensions>
              <ns3:TPX>
                <ns3:Speed>9.163000106811523</ns3:Speed>
                <ns3:Watts>220</ns3:Watts>
              </ns3:TPX>
            </Extensions>
          </Trackpoint>
          <Trackpoint>
            <Time>2025-07-25T12:15:25.000Z</Time>
            <Position>
              <LatitudeDegrees>43.10935126617551</LatitudeDegrees>
              <LongitudeDegrees>-2.584713064134121</LongitudeDegrees>
            </Position>
            <AltitudeMeters>201.8000030517578</AltitudeMeters>
            <DistanceMeters>7082.240234375</DistanceMeters>
            <HeartRateBpm>
              <Value>129</Value>
            </HeartRateBpm>
            <Cadence>83</Cadence>
            <Extensions>
              <ns3:TPX>
                <ns3:Speed>9.144000053405762</ns3:Speed>
                <ns3:Watts>197</ns3:Watts>
              </ns3:TPX>
            </Extensions>
          </Trackpoint>
          <Trackpoint>
            <Time>2025-07-25T12:15:26.000Z</Time>
            <Position>
              <LatitudeDegrees>43.10943257063627</LatitudeDegrees>
              <LongitudeDegrees>-2.584734186530113</LongitudeDegrees>
            </Position>
            <AltitudeMeters>201.60000610351562</AltitudeMeters>
            <DistanceMeters>7091.35009765625</DistanceMeters>
            <HeartRateBpm>
              <Value>129</Value>
            </HeartRateBpm>
            <Cadence>83</Cadence>
            <Extensions>
              <ns3:TPX>
                <ns3:Speed>9.125</ns3:Speed>
                <ns3:Watts>198</ns3:Watts>
              </ns3:TPX>
            </Extensions>
          </Trackpoint>
          <Trackpoint>
            <Time>2025-07-25T12:15:27.000Z</Time>
            <Position>
              <LatitudeDegrees>43.1095121987164</LatitudeDegrees>
              <LongitudeDegrees>-2.5847584940493107</LongitudeDegrees>
            </Position>
            <AltitudeMeters>201.60000610351562</AltitudeMeters>
            <DistanceMeters>7100.4599609375</DistanceMeters>
            <HeartRateBpm>
              <Value>128</Value>
            </HeartRateBpm>
            <Cadence>86</Cadence>
            <Extensions>
              <ns3:TPX>
                <ns3:Speed>9.107000350952148</ns3:Speed>
                <ns3:Watts>222</ns3:Watts>
              </ns3:TPX>
            </Extensions>
          </Trackpoint>
          <Trackpoint>
            <Time>2025-07-25T12:15:28.000Z</Time>
            <Position>
              <LatitudeDegrees>43.10959157533944</LatitudeDegrees>
              <LongitudeDegrees>-2.584783136844635</LongitudeDegrees>
            </Position>
            <AltitudeMeters>201.0</AltitudeMeters>
            <DistanceMeters>7109.5400390625</DistanceMeters>
            <HeartRateBpm>
              <Value>128</Value>
            </HeartRateBpm>
            <Cadence>84</Cadence>
            <Extensions>
              <ns3:TPX>
                <ns3:Speed>9.088000297546387</ns3:Speed>
                <ns3:Watts>231</ns3:Watts>
              </ns3:TPX>
            </Extensions>
          </Trackpoint>
          <Trackpoint>
            <Time>2025-07-25T12:15:29.000Z</Time>
            <Position>
              <LatitudeDegrees>43.109670113772154</LatitudeDegrees>
              <LongitudeDegrees>-2.584807025268674</LongitudeDegrees>
            </Position>
            <AltitudeMeters>200.8000030517578</AltitudeMeters>
            <DistanceMeters>7118.6298828125</DistanceMeters>
            <HeartRateBpm>
              <Value>128</Value>
            </HeartRateBpm>
            <Cadence>88</Cadence>
            <Extensions>
              <ns3:TPX>
                <ns3:Speed>9.088000297546387</ns3:Speed>
                <ns3:Watts>246</ns3:Watts>
              </ns3:TPX>
            </Extensions>
          </Trackpoint>
          <Trackpoint>
            <Time>2025-07-25T12:15:30.000Z</Time>
            <Position>
              <LatitudeDegrees>43.109733732417226</LatitudeDegrees>
              <LongitudeDegrees>-2.5848300755023956</LongitudeDegrees>
            </Position>
            <AltitudeMeters>200.39999389648438</AltitudeMeters>
            <DistanceMeters>7127.68994140625</DistanceMeters>
            <HeartRateBpm>
              <Value>128</Value>
            </HeartRateBpm>
            <Cadence>81</Cadence>
            <Extensions>
              <ns3:TPX>
                <ns3:Speed>9.050999641418457</ns3:Speed>
                <ns3:Watts>225</ns3:Watts>
              </ns3:TPX>
            </Extensions>
          </Trackpoint>
          <Trackpoint>
            <Time>2025-07-25T12:15:31.000Z</Time>
            <Position>
              <LatitudeDegrees>43.10981227084994</LatitudeDegrees>
              <LongitudeDegrees>-2.584861507639289</LongitudeDegrees>
            </Position>
            <AltitudeMeters>200.39999389648438</AltitudeMeters>
            <DistanceMeters>7136.68994140625</DistanceMeters>
            <HeartRateBpm>
              <Value>128</Value>
            </HeartRateBpm>
            <Cadence>81</Cadence>
            <Extensions>
              <ns3:TPX>
                <ns3:Speed>9.012999534606934</ns3:Speed>
                <ns3:Watts>222</ns3:Watts>
              </ns3:TPX>
            </Extensions>
          </Trackpoint>
          <Trackpoint>
            <Time>2025-07-25T12:15:32.000Z</Time>
            <Position>
              <LatitudeDegrees>43.10990556143224</LatitudeDegrees>
              <LongitudeDegrees>-2.5848993938416243</LongitudeDegrees>
            </Position>
            <AltitudeMeters>200.0</AltitudeMeters>
            <DistanceMeters>7145.68994140625</DistanceMeters>
            <HeartRateBpm>
              <Value>128</Value>
            </HeartRateBpm>
            <Cadence>84</Cadence>
            <Extensions>
              <ns3:TPX>
                <ns3:Speed>8.994999885559082</ns3:Speed>
                <ns3:Watts>231</ns3:Watts>
              </ns3:TPX>
            </Extensions>
          </Trackpoint>
          <Trackpoint>
            <Time>2025-07-25T12:15:33.000Z</Time>
            <Position>
              <LatitudeDegrees>43.10996783897281</LatitudeDegrees>
              <LongitudeDegrees>-2.5849261321127415</LongitudeDegrees>
            </Position>
            <AltitudeMeters>199.39999389648438</AltitudeMeters>
            <DistanceMeters>7154.5400390625</DistanceMeters>
            <HeartRateBpm>
              <Value>128</Value>
            </HeartRateBpm>
            <Cadence>81</Cadence>
            <Extensions>
              <ns3:TPX>
                <ns3:Speed>8.854999542236328</ns3:Speed>
                <ns3:Watts>253</ns3:Watts>
              </ns3:TPX>
            </Extensions>
          </Trackpoint>
          <Trackpoint>
            <Time>2025-07-25T12:15:34.000Z</Time>
            <Position>
              <LatitudeDegrees>43.11004503630102</LatitudeDegrees>
              <LongitudeDegrees>-2.584958067163825</LongitudeDegrees>
            </Position>
            <AltitudeMeters>199.1999969482422</AltitudeMeters>
            <DistanceMeters>7163.2900390625</DistanceMeters>
            <HeartRateBpm>
              <Value>127</Value>
            </HeartRateBpm>
            <Cadence>82</Cadence>
            <Extensions>
              <ns3:TPX>
                <ns3:Speed>8.751999855041504</ns3:Speed>
                <ns3:Watts>271</ns3:Watts>
              </ns3:TPX>
            </Extensions>
          </Trackpoint>
          <Trackpoint>
            <Time>2025-07-25T12:15:35.000Z</Time>
            <Position>
              <LatitudeDegrees>43.110120724886656</LatitudeDegrees>
              <LongitudeDegrees>-2.5849877391010523</LongitudeDegrees>
            </Position>
            <AltitudeMeters>199.1999969482422</AltitudeMeters>
            <DistanceMeters>7171.97998046875</DistanceMeters>
            <HeartRateBpm>
              <Value>127</Value>
            </HeartRateBpm>
            <Cadence>80</Cadence>
            <Extensions>
              <ns3:TPX>
                <ns3:Speed>8.678000450134277</ns3:Speed>
                <ns3:Watts>224</ns3:Watts>
              </ns3:TPX>
            </Extensions>
          </Trackpoint>
          <Trackpoint>
            <Time>2025-07-25T12:15:36.000Z</Time>
            <Position>
              <LatitudeDegrees>43.11019565910101</LatitudeDegrees>
              <LongitudeDegrees>-2.5850182492285967</LongitudeDegrees>
            </Position>
            <AltitudeMeters>199.1999969482422</AltitudeMeters>
            <DistanceMeters>7180.58984375</DistanceMeters>
            <HeartRateBpm>
              <Value>127</Value>
            </HeartRateBpm>
            <Cadence>78</Cadence>
            <Extensions>
              <ns3:TPX>
                <ns3:Speed>8.621999740600586</ns3:Speed>
                <ns3:Watts>245</ns3:Watts>
              </ns3:TPX>
            </Extensions>
          </Trackpoint>
          <Trackpoint>
            <Time>2025-07-25T12:15:37.000Z</Time>
            <Position>
              <LatitudeDegrees>43.11028551310301</LatitudeDegrees>
              <LongitudeDegrees>-2.5850560516119003</LongitudeDegrees>
            </Position>
            <AltitudeMeters>198.60000610351562</AltitudeMeters>
            <DistanceMeters>7189.2001953125</DistanceMeters>
            <HeartRateBpm>
              <Value>127</Value>
            </HeartRateBpm>
            <Cadence>79</Cadence>
            <Extensions>
              <ns3:TPX>
                <ns3:Speed>8.602999687194824</ns3:Speed>
                <ns3:Watts>248</ns3:Watts>
              </ns3:TPX>
            </Extensions>
          </Trackpoint>
          <Trackpoint>
            <Time>2025-07-25T12:15:38.000Z</Time>
            <Position>
              <LatitudeDegrees>43.11035927385092</LatitudeDegrees>
              <LongitudeDegrees>-2.5850893277674913</LongitudeDegrees>
            </Position>
            <AltitudeMeters>198.60000610351562</AltitudeMeters>
            <DistanceMeters>7197.83984375</DistanceMeters>
            <HeartRateBpm>
              <Value>128</Value>
            </HeartRateBpm>
            <Cadence>80</Cadence>
            <Extensions>
              <ns3:TPX>
                <ns3:Speed>8.640000343322754</ns3:Speed>
                <ns3:Watts>228</ns3:Watts>
              </ns3:TPX>
            </Extensions>
          </Trackpoint>
          <Trackpoint>
            <Time>2025-07-25T12:15:39.000Z</Time>
            <Position>
              <LatitudeDegrees>43.11041886918247</LatitudeDegrees>
              <LongitudeDegrees>-2.585116485133767</LongitudeDegrees>
            </Position>
            <AltitudeMeters>198.39999389648438</AltitudeMeters>
            <DistanceMeters>7206.4501953125</DistanceMeters>
            <HeartRateBpm>
              <Value>128</Value>
            </HeartRateBpm>
            <Cadence>78</Cadence>
            <Extensions>
              <ns3:TPX>
                <ns3:Speed>8.602999687194824</ns3:Speed>
                <ns3:Watts>234</ns3:Watts>
              </ns3:TPX>
            </Extensions>
          </Trackpoint>
          <Trackpoint>
            <Time>2025-07-25T12:15:40.000Z</Time>
            <Position>
              <LatitudeDegrees>43.11049195937812</LatitudeDegrees>
              <LongitudeDegrees>-2.5851519405841827</LongitudeDegrees>
            </Position>
            <AltitudeMeters>198.39999389648438</AltitudeMeters>
            <DistanceMeters>7215.009765625</DistanceMeters>
            <HeartRateBpm>
              <Value>128</Value>
            </HeartRateBpm>
            <Cadence>80</Cadence>
            <Extensions>
              <ns3:TPX>
                <ns3:Speed>8.574999809265137</ns3:Speed>
                <ns3:Watts>257</ns3:Watts>
              </ns3:TPX>
            </Extensions>
          </Trackpoint>
          <Trackpoint>
            <Time>2025-07-25T12:15:41.000Z</Time>
            <Position>
              <LatitudeDegrees>43.1105640437454</LatitudeDegrees>
              <LongitudeDegrees>-2.5851897429674864</LongitudeDegrees>
            </Position>
            <AltitudeMeters>198.1999969482422</AltitudeMeters>
            <DistanceMeters>7223.56982421875</DistanceMeters>
            <HeartRateBpm>
              <Value>128</Value>
            </HeartRateBpm>
            <Cadence>79</Cadence>
            <Extensions>
              <ns3:TPX>
                <ns3:Speed>8.555999755859375</ns3:Speed>
                <ns3:Watts>249</ns3:Watts>
              </ns3:TPX>
            </Extensions>
          </Trackpoint>
          <Trackpoint>
            <Time>2025-07-25T12:15:42.000Z</Time>
            <Position>
              <LatitudeDegrees>43.11064970679581</LatitudeDegrees>
              <LongitudeDegrees>-2.5852383580058813</LongitudeDegrees>
            </Position>
            <AltitudeMeters>198.39999389648438</AltitudeMeters>
            <DistanceMeters>7232.14013671875</DistanceMeters>
            <HeartRateBpm>
              <Value>128</Value>
            </HeartRateBpm>
            <Cadence>79</Cadence>
            <Extensions>
              <ns3:TPX>
                <ns3:Speed>8.555999755859375</ns3:Speed>
                <ns3:Watts>267</ns3:Watts>
              </ns3:TPX>
            </Extensions>
          </Trackpoint>
          <Trackpoint>
            <Time>2025-07-25T12:15:43.000Z</Time>
            <Position>
              <LatitudeDegrees>43.110705027356744</LatitudeDegrees>
              <LongitudeDegrees>-2.585272053256631</LongitudeDegrees>
            </Position>
            <AltitudeMeters>198.39999389648438</AltitudeMeters>
            <DistanceMeters>7240.66015625</DistanceMeters>
            <HeartRateBpm>
              <Value>127</Value>
            </HeartRateBpm>
            <Cadence>81</Cadence>
            <Extensions>
              <ns3:TPX>
                <ns3:Speed>8.538000106811523</ns3:Speed>
                <ns3:Watts>267</ns3:Watts>
              </ns3:TPX>
            </Extensions>
          </Trackpoint>
          <Trackpoint>
            <Time>2025-07-25T12:15:44.000Z</Time>
            <Position>
              <LatitudeDegrees>43.11077434569597</LatitudeDegrees>
              <LongitudeDegrees>-2.585315052419901</LongitudeDegrees>
            </Position>
            <AltitudeMeters>198.1999969482422</AltitudeMeters>
            <DistanceMeters>7249.14013671875</DistanceMeters>
            <HeartRateBpm>
              <Value>128</Value>
            </HeartRateBpm>
            <Cadence>80</Cadence>
            <Extensions>
              <ns3:TPX>
                <ns3:Speed>8.472000122070312</ns3:Speed>
                <ns3:Watts>225</ns3:Watts>
              </ns3:TPX>
            </Extensions>
          </Trackpoint>
          <Trackpoint>
            <Time>2025-07-25T12:15:45.000Z</Time>
            <Position>
              <LatitudeDegrees>43.110843328759074</LatitudeDegrees>
              <LongitudeDegrees>-2.5853578839451075</LongitudeDegrees>
            </Position>
            <AltitudeMeters>198.0</AltitudeMeters>
            <DistanceMeters>7257.5498046875</DistanceMeters>
            <HeartRateBpm>
              <Value>127</Value>
            </HeartRateBpm>
            <Cadence>77</Cadence>
            <Extensions>
              <ns3:TPX>
                <ns3:Speed>8.406999588012695</ns3:Speed>
                <ns3:Watts>242</ns3:Watts>
              </ns3:TPX>
            </Extensions>
          </Trackpoint>
          <Trackpoint>
            <Time>2025-07-25T12:15:46.000Z</Time>
            <Position>
              <LatitudeDegrees>43.110924549400806</LatitudeDegrees>
              <LongitudeDegrees>-2.585411025211215</LongitudeDegrees>
            </Position>
            <AltitudeMeters>198.0</AltitudeMeters>
            <DistanceMeters>7265.85986328125</DistanceMeters>
            <HeartRateBpm>
              <Value>127</Value>
            </HeartRateBpm>
            <Cadence>76</Cadence>
            <Extensions>
              <ns3:TPX>
                <ns3:Speed>8.303999900817871</ns3:Speed>
                <ns3:Watts>202</ns3:Watts>
              </ns3:TPX>
            </Extensions>
          </Trackpoint>
          <Trackpoint>
            <Time>2025-07-25T12:15:47.000Z</Time>
            <Position>
              <LatitudeDegrees>43.110978696495295</LatitudeDegrees>
              <LongitudeDegrees>-2.585449079051614</LongitudeDegrees>
            </Position>
            <AltitudeMeters>198.0</AltitudeMeters>
            <DistanceMeters>7274.02001953125</DistanceMeters>
            <HeartRateBpm>
              <Value>128</Value>
            </HeartRateBpm>
            <Cadence>76</Cadence>
            <Extensions>
              <ns3:TPX>
                <ns3:Speed>8.173999786376953</ns3:Speed>
                <ns3:Watts>253</ns3:Watts>
              </ns3:TPX>
            </Extensions>
          </Trackpoint>
          <Trackpoint>
            <Time>2025-07-25T12:15:48.000Z</Time>
            <Position>
              <LatitudeDegrees>43.11105907894671</LatitudeDegrees>
              <LongitudeDegrees>-2.585501382127404</LongitudeDegrees>
            </Position>
            <AltitudeMeters>198.0</AltitudeMeters>
            <DistanceMeters>7282.14990234375</DistanceMeters>
            <HeartRateBpm>
              <Value>128</Value>
            </HeartRateBpm>
            <Cadence>75</Cadence>
            <Extensions>
              <ns3:TPX>
                <ns3:Speed>8.126999855041504</ns3:Speed>
                <ns3:Watts>248</ns3:Watts>
              </ns3:TPX>
            </Extensions>
          </Trackpoint>
          <Trackpoint>
            <Time>2025-07-25T12:15:49.000Z</Time>
            <Position>
              <LatitudeDegrees>43.111110711470246</LatitudeDegrees>
              <LongitudeDegrees>-2.585534071549773</LongitudeDegrees>
            </Position>
            <AltitudeMeters>198.0</AltitudeMeters>
            <DistanceMeters>7290.27978515625</DistanceMeters>
            <HeartRateBpm>
              <Value>128</Value>
            </HeartRateBpm>
            <Cadence>75</Cadence>
            <Extensions>
              <ns3:TPX>
                <ns3:Speed>8.126999855041504</ns3:Speed>
                <ns3:Watts>280</ns3:Watts>
              </ns3:TPX>
            </Extensions>
          </Trackpoint>
          <Trackpoint>
            <Time>2025-07-25T12:15:50.000Z</Time>
            <Position>
              <LatitudeDegrees>43.11119000427425</LatitudeDegrees>
              <LongitudeDegrees>-2.5855827704072</LongitudeDegrees>
            </Position>
            <AltitudeMeters>198.0</AltitudeMeters>
            <DistanceMeters>7298.31005859375</DistanceMeters>
            <HeartRateBpm>
              <Value>128</Value>
            </HeartRateBpm>
            <Cadence>73</Cadence>
            <Extensions>
              <ns3:TPX>
                <ns3:Speed>8.034000396728516</ns3:Speed>
                <ns3:Watts>280</ns3:Watts>
              </ns3:TPX>
            </Extensions>
          </Trackpoint>
          <Trackpoint>
            <Time>2025-07-25T12:15:51.000Z</Time>
            <Position>
              <LatitudeDegrees>43.111242642626166</LatitudeDegrees>
              <LongitudeDegrees>-2.585613699629903</LongitudeDegrees>
            </Position>
            <AltitudeMeters>197.8000030517578</AltitudeMeters>
            <DistanceMeters>7306.2900390625</DistanceMeters>
            <HeartRateBpm>
              <Value>128</Value>
            </HeartRateBpm>
            <Cadence>73</Cadence>
            <Extensions>
              <ns3:TPX>
                <ns3:Speed>7.978000164031982</ns3:Speed>
                <ns3:Watts>251</ns3:Watts>
              </ns3:TPX>
            </Extensions>
          </Trackpoint>
          <Trackpoint>
            <Time>2025-07-25T12:15:52.000Z</Time>
            <Position>
              <LatitudeDegrees>43.111308524385095</LatitudeDegrees>
              <LongitudeDegrees>-2.585654268041253</LongitudeDegrees>
            </Position>
            <AltitudeMeters>197.8000030517578</AltitudeMeters>
            <DistanceMeters>7314.259765625</DistanceMeters>
            <HeartRateBpm>
              <Value>128</Value>
            </HeartRateBpm>
            <Cadence>73</Cadence>
            <Extensions>
              <ns3:TPX>
                <ns3:Speed>7.978000164031982</ns3:Speed>
                <ns3:Watts>215</ns3:Watts>
              </ns3:TPX>
            </Extensions>
          </Trackpoint>
          <Trackpoint>
            <Time>2025-07-25T12:15:53.000Z</Time>
            <Position>
              <LatitudeDegrees>43.11137490905821</LatitudeDegrees>
              <LongitudeDegrees>-2.58569466881454</LongitudeDegrees>
            </Position>
            <AltitudeMeters>197.8000030517578</AltitudeMeters>
            <DistanceMeters>7322.14990234375</DistanceMeters>
            <HeartRateBpm>
              <Value>128</Value>
            </HeartRateBpm>
            <Cadence>72</Cadence>
            <Extensions>
              <ns3:TPX>
                <ns3:Speed>7.883999824523926</ns3:Speed>
                <ns3:Watts>254</ns3:Watts>
              </ns3:TPX>
            </Extensions>
          </Trackpoint>
          <Trackpoint>
            <Time>2025-07-25T12:15:54.000Z</Time>
            <Position>
              <LatitudeDegrees>43.11145235784352</LatitudeDegrees>
              <LongitudeDegrees>-2.5857437029480934</LongitudeDegrees>
            </Position>
            <AltitudeMeters>197.8000030517578</AltitudeMeters>
            <DistanceMeters>7330.02978515625</DistanceMeters>
            <HeartRateBpm>
              <Value>128</Value>
            </HeartRateBpm>
            <Cadence>73</Cadence>
            <Extensions>
              <ns3:TPX>
                <ns3:Speed>7.875</ns3:Speed>
                <ns3:Watts>221</ns3:Watts>
              </ns3:TPX>
            </Extensions>
          </Trackpoint>
          <Trackpoint>
            <Time>2025-07-25T12:15:55.000Z</Time>
            <Position>
              <LatitudeDegrees>43.11150290071964</LatitudeDegrees>
              <LongitudeDegrees>-2.5857760570943356</LongitudeDegrees>
            </Position>
            <AltitudeMeters>197.8000030517578</AltitudeMeters>
            <DistanceMeters>7337.91015625</DistanceMeters>
            <HeartRateBpm>
              <Value>128</Value>
            </HeartRateBpm>
            <Cadence>73</Cadence>
            <Extensions>
              <ns3:TPX>
                <ns3:Speed>7.875</ns3:Speed>
                <ns3:Watts>249</ns3:Watts>
              </ns3:TPX>
            </Extensions>
          </Trackpoint>
          <Trackpoint>
            <Time>2025-07-25T12:15:56.000Z</Time>
            <Position>
              <LatitudeDegrees>43.111579176038504</LatitudeDegrees>
              <LongitudeDegrees>-2.58582123555243</LongitudeDegrees>
            </Position>
            <AltitudeMeters>197.8000030517578</AltitudeMeters>
            <DistanceMeters>7345.740234375</DistanceMeters>
            <HeartRateBpm>
              <Value>128</Value>
            </HeartRateBpm>
            <Cadence>72</Cadence>
            <Extensions>
              <ns3:TPX>
                <ns3:Speed>7.8379998207092285</ns3:Speed>
                <ns3:Watts>249</ns3:Watts>
              </ns3:TPX>
            </Extensions>
          </Trackpoint>
          <Trackpoint>
            <Time>2025-07-25T12:15:57.000Z</Time>
            <Position>
              <LatitudeDegrees>43.11162980273366</LatitudeDegrees>
              <LongitudeDegrees>-2.5858512427657843</LongitudeDegrees>
            </Position>
            <AltitudeMeters>197.8000030517578</AltitudeMeters>
            <DistanceMeters>7353.5498046875</DistanceMeters>
            <HeartRateBpm>
              <Value>128</Value>
            </HeartRateBpm>
            <Cadence>72</Cadence>
            <Extensions>
              <ns3:TPX>
                <ns3:Speed>7.809999942779541</ns3:Speed>
                <ns3:Watts>244</ns3:Watts>
              </ns3:TPX>
            </Extensions>
          </Trackpoint>
          <Trackpoint>
            <Time>2025-07-25T12:15:58.000Z</Time>
            <Position>
              <LatitudeDegrees>43.11169425956905</LatitudeDegrees>
              <LongitudeDegrees>-2.585887787863612</LongitudeDegrees>
            </Position>
            <AltitudeMeters>197.8000030517578</AltitudeMeters>
            <DistanceMeters>7361.419921875</DistanceMeters>
            <HeartRateBpm>
              <Value>129</Value>
            </HeartRateBpm>
            <Cadence>72</Cadence>
            <Extensions>
              <ns3:TPX>
                <ns3:Speed>7.866000175476074</ns3:Speed>
                <ns3:Watts>229</ns3:Watts>
              </ns3:TPX>
            </Extensions>
          </Trackpoint>
          <Trackpoint>
            <Time>2025-07-25T12:15:59.000Z</Time>
            <Position>
              <LatitudeDegrees>43.1117588840425</LatitudeDegrees>
              <LongitudeDegrees>-2.5859230756759644</LongitudeDegrees>
            </Position>
            <AltitudeMeters>197.8000030517578</AltitudeMeters>
            <DistanceMeters>7369.25</DistanceMeters>
            <HeartRateBpm>
              <Value>129</Value>
            </HeartRateBpm>
            <Cadence>70</Cadence>
            <Extensions>
              <ns3:TPX>
                <ns3:Speed>7.8379998207092285</ns3:Speed>
                <ns3:Watts>192</ns3:Watts>
              </ns3:TPX>
            </Extensions>
          </Trackpoint>
          <Trackpoint>
            <Time>2025-07-25T12:16:00.000Z</Time>
            <Position>
              <LatitudeDegrees>43.11183943413198</LatitudeDegrees>
              <LongitudeDegrees>-2.585961213335395</LongitudeDegrees>
            </Position>
            <AltitudeMeters>197.60000610351562</AltitudeMeters>
            <DistanceMeters>7377.18994140625</DistanceMeters>
            <HeartRateBpm>
              <Value>128</Value>
            </HeartRateBpm>
            <Cadence>73</Cadence>
            <Extensions>
              <ns3:TPX>
                <ns3:Speed>7.931000232696533</ns3:Speed>
                <ns3:Watts>205</ns3:Watts>
              </ns3:TPX>
            </Extensions>
          </Trackpoint>
          <Trackpoint>
            <Time>2025-07-25T12:16:01.000Z</Time>
            <Position>
              <LatitudeDegrees>43.111909087747335</LatitudeDegrees>
              <LongitudeDegrees>-2.585988203063607</LongitudeDegrees>
            </Position>
            <AltitudeMeters>197.1999969482422</AltitudeMeters>
            <DistanceMeters>7385.16015625</DistanceMeters>
            <HeartRateBpm>
              <Value>128</Value>
            </HeartRateBpm>
            <Cadence>74</Cadence>
            <Extensions>
              <ns3:TPX>
                <ns3:Speed>7.9679999351501465</ns3:Speed>
                <ns3:Watts>199</ns3:Watts>
              </ns3:TPX>
            </Extensions>
          </Trackpoint>
          <Trackpoint>
            <Time>2025-07-25T12:16:02.000Z</Time>
            <Position>
              <LatitudeDegrees>43.11197932809591</LatitudeDegrees>
              <LongitudeDegrees>-2.5860058050602674</LongitudeDegrees>
            </Position>
            <AltitudeMeters>197.0</AltitudeMeters>
            <DistanceMeters>7393.25</DistanceMeters>
            <HeartRateBpm>
              <Value>129</Value>
            </HeartRateBpm>
            <Cadence>71</Cadence>
            <Extensions>
              <ns3:TPX>
                <ns3:Speed>8.09000015258789</ns3:Speed>
                <ns3:Watts>237</ns3:Watts>
              </ns3:TPX>
            </Extensions>
          </Trackpoint>
          <Trackpoint>
            <Time>2025-07-25T12:16:03.000Z</Time>
            <Position>
              <LatitudeDegrees>43.11203733086586</LatitudeDegrees>
              <LongitudeDegrees>-2.5860149413347244</LongitudeDegrees>
            </Position>
            <AltitudeMeters>196.60000610351562</AltitudeMeters>
            <DistanceMeters>7401.47021484375</DistanceMeters>
            <HeartRateBpm>
              <Value>129</Value>
            </HeartRateBpm>
            <Cadence>74</Cadence>
            <Extensions>
              <ns3:TPX>
                <ns3:Speed>8.229999542236328</ns3:Speed>
                <ns3:Watts>188</ns3:Watts>
              </ns3:TPX>
            </Extensions>
          </Trackpoint>
          <Trackpoint>
            <Time>2025-07-25T12:16:04.000Z</Time>
            <Position>
              <LatitudeDegrees>43.112126933410764</LatitudeDegrees>
              <LongitudeDegrees>-2.586021311581135</LongitudeDegrees>
            </Position>
            <AltitudeMeters>196.60000610351562</AltitudeMeters>
            <DistanceMeters>7409.72021484375</DistanceMeters>
            <HeartRateBpm>
              <Value>129</Value>
            </HeartRateBpm>
            <Cadence>75</Cadence>
            <Extensions>
              <ns3:TPX>
                <ns3:Speed>8.248000144958496</ns3:Speed>
                <ns3:Watts>215</ns3:Watts>
              </ns3:TPX>
            </Extensions>
          </Trackpoint>
          <Trackpoint>
            <Time>2025-07-25T12:16:05.000Z</Time>
            <Position>
              <LatitudeDegrees>43.112200275063515</LatitudeDegrees>
              <LongitudeDegrees>-2.5860170368105173</LongitudeDegrees>
            </Position>
            <AltitudeMeters>196.1999969482422</AltitudeMeters>
            <DistanceMeters>7417.9599609375</DistanceMeters>
            <HeartRateBpm>
              <Value>129</Value>
            </HeartRateBpm>
            <Cadence>76</Cadence>
            <Extensions>
              <ns3:TPX>
                <ns3:Speed>8.248000144958496</ns3:Speed>
                <ns3:Watts>191</ns3:Watts>
              </ns3:TPX>
            </Extensions>
          </Trackpoint>
          <Trackpoint>
            <Time>2025-07-25T12:16:06.000Z</Time>
            <Position>
              <LatitudeDegrees>43.11227386817336</LatitudeDegrees>
              <LongitudeDegrees>-2.586006559431553</LongitudeDegrees>
            </Position>
            <AltitudeMeters>196.1999969482422</AltitudeMeters>
            <DistanceMeters>7426.240234375</DistanceMeters>
            <HeartRateBpm>
              <Value>129</Value>
            </HeartRateBpm>
            <Cadence>76</Cadence>
            <Extensions>
              <ns3:TPX>
                <ns3:Speed>8.248000144958496</ns3:Speed>
                <ns3:Watts>200</ns3:Watts>
              </ns3:TPX>
            </Extensions>
          </Trackpoint>
          <Trackpoint>
            <Time>2025-07-25T12:16:07.000Z</Time>
            <Position>
              <LatitudeDegrees>43.11234720982611</LatitudeDegrees>
              <LongitudeDegrees>-2.5859902147203684</LongitudeDegrees>
            </Position>
            <AltitudeMeters>196.1999969482422</AltitudeMeters>
            <DistanceMeters>7434.4501953125</DistanceMeters>
            <HeartRateBpm>
              <Value>129</Value>
            </HeartRateBpm>
            <Cadence>73</Cadence>
            <Extensions>
              <ns3:TPX>
                <ns3:Speed>8.211000442504883</ns3:Speed>
                <ns3:Watts>200</ns3:Watts>
              </ns3:TPX>
            </Extensions>
          </Trackpoint>
          <Trackpoint>
            <Time>2025-07-25T12:16:08.000Z</Time>
            <Position>
              <LatitudeDegrees>43.11241979710758</LatitudeDegrees>
              <LongitudeDegrees>-2.5859718583524227</LongitudeDegrees>
            </Position>
            <AltitudeMeters>196.0</AltitudeMeters>
            <DistanceMeters>7442.68017578125</DistanceMeters>
            <HeartRateBpm>
              <Value>128</Value>
            </HeartRateBpm>
            <Cadence>77</Cadence>
            <Extensions>
              <ns3:TPX>
                <ns3:Speed>8.248000144958496</ns3:Speed>
                <ns3:Watts>212</ns3:Watts>
              </ns3:TPX>
            </Extensions>
          </Trackpoint>
          <Trackpoint>
            <Time>2025-07-25T12:16:09.000Z</Time>
            <Position>
              <LatitudeDegrees>43.11249313876033</LatitudeDegrees>
              <LongitudeDegrees>-2.585950316861272</LongitudeDegrees>
            </Position>
            <AltitudeMeters>196.0</AltitudeMeters>
            <DistanceMeters>7450.93017578125</DistanceMeters>
            <HeartRateBpm>
              <Value>128</Value>
            </HeartRateBpm>
            <Cadence>77</Cadence>
            <Extensions>
              <ns3:TPX>
                <ns3:Speed>8.248000144958496</ns3:Speed>
                <ns3:Watts>190</ns3:Watts>
              </ns3:TPX>
            </Extensions>
          </Trackpoint>
          <Trackpoint>
            <Time>2025-07-25T12:16:10.000Z</Time>
            <Position>
              <LatitudeDegrees>43.11256740242243</LatitudeDegrees>
              <LongitudeDegrees>-2.5859301164746284</LongitudeDegrees>
            </Position>
            <AltitudeMeters>196.0</AltitudeMeters>
            <DistanceMeters>7459.22021484375</DistanceMeters>
            <HeartRateBpm>
              <Value>128</Value>
            </HeartRateBpm>
            <Cadence>76</Cadence>
            <Extensions>
              <ns3:TPX>
                <ns3:Speed>8.295000076293945</ns3:Speed>
                <ns3:Watts>190</ns3:Watts>
              </ns3:TPX>
            </Extensions>
          </Trackpoint>
          <Trackpoint>
            <Time>2025-07-25T12:16:11.000Z</Time>
            <Position>
              <LatitudeDegrees>43.11264191754162</LatitudeDegrees>
              <LongitudeDegrees>-2.58591016754508</LongitudeDegrees>
            </Position>
            <AltitudeMeters>195.8000030517578</AltitudeMeters>
            <DistanceMeters>7467.4599609375</DistanceMeters>
            <HeartRateBpm>
              <Value>128</Value>
            </HeartRateBpm>
            <Cadence>75</Cadence>
            <Extensions>
              <ns3:TPX>
                <ns3:Speed>8.248000144958496</ns3:Speed>
                <ns3:Watts>219</ns3:Watts>
              </ns3:TPX>
            </Extensions>
          </Trackpoint>
          <Trackpoint>
            <Time>2025-07-25T12:16:12.000Z</Time>
            <Position>
              <LatitudeDegrees>43.11264191754162</LatitudeDegrees>
              <LongitudeDegrees>-2.58591016754508</LongitudeDegrees>
            </Position>
            <AltitudeMeters>195.1999969482422</AltitudeMeters>
            <DistanceMeters>7475.68994140625</DistanceMeters>
            <HeartRateBpm>
              <Value>128</Value>
            </HeartRateBpm>
            <Cadence>75</Cadence>
            <Extensions>
              <ns3:TPX>
                <ns3:Speed>8.220000267028809</ns3:Speed>
                <ns3:Watts>223</ns3:Watts>
              </ns3:TPX>
            </Extensions>
          </Trackpoint>
          <Trackpoint>
            <Time>2025-07-25T12:16:13.000Z</Time>
            <Position>
              <LatitudeDegrees>43.11271517537534</LatitudeDegrees>
              <LongitudeDegrees>-2.585889548063278</LongitudeDegrees>
            </Position>
            <AltitudeMeters>195.0</AltitudeMeters>
            <DistanceMeters>7483.91015625</DistanceMeters>
            <HeartRateBpm>
              <Value>128</Value>
            </HeartRateBpm>
            <Cadence>75</Cadence>
            <Extensions>
              <ns3:TPX>
                <ns3:Speed>8.229999542236328</ns3:Speed>
                <ns3:Watts>223</ns3:Watts>
              </ns3:TPX>
            </Extensions>
          </Trackpoint>
          <Trackpoint>
            <Time>2025-07-25T12:16:14.000Z</Time>
            <Position>
              <LatitudeDegrees>43.11282900162041</LatitudeDegrees>
              <LongitudeDegrees>-2.5858449563384056</LongitudeDegrees>
            </Position>
            <AltitudeMeters>194.8000030517578</AltitudeMeters>
            <DistanceMeters>7492.2001953125</DistanceMeters>
            <HeartRateBpm>
              <Value>128</Value>
            </HeartRateBpm>
            <Cadence>73</Cadence>
            <Extensions>
              <ns3:TPX>
                <ns3:Speed>8.28600025177002</ns3:Speed>
                <ns3:Watts>208</ns3:Watts>
              </ns3:TPX>
            </Extensions>
          </Trackpoint>
          <Trackpoint>
            <Time>2025-07-25T12:16:15.000Z</Time>
            <Position>
              <LatitudeDegrees>43.11288365162909</LatitudeDegrees>
              <LongitudeDegrees>-2.5858149491250515</LongitudeDegrees>
            </Position>
            <AltitudeMeters>194.8000030517578</AltitudeMeters>
            <DistanceMeters>7500.56982421875</DistanceMeters>
            <HeartRateBpm>
              <Value>128</Value>
            </HeartRateBpm>
            <Cadence>76</Cadence>
            <Extensions>
              <ns3:TPX>
                <ns3:Speed>8.359999656677246</ns3:Speed>
                <ns3:Watts>200</ns3:Watts>
              </ns3:TPX>
            </Extensions>
          </Trackpoint>
          <Trackpoint>
            <Time>2025-07-25T12:16:16.000Z</Time>
            <Position>
              <LatitudeDegrees>43.112990353256464</LatitudeDegrees>
              <LongitudeDegrees>-2.5857446249574423</LongitudeDegrees>
            </Position>
            <AltitudeMeters>194.8000030517578</AltitudeMeters>
            <DistanceMeters>7509.02978515625</DistanceMeters>
            <HeartRateBpm>
              <Value>128</Value>
            </HeartRateBpm>
            <Cadence>76</Cadence>
            <Extensions>
              <ns3:TPX>
                <ns3:Speed>8.463000297546387</ns3:Speed>
                <ns3:Watts>195</ns3:Watts>
              </ns3:TPX>
            </Extensions>
          </Trackpoint>
          <Trackpoint>
            <Time>2025-07-25T12:16:17.000Z</Time>
            <Position>
              <LatitudeDegrees>43.11305405572057</LatitudeDegrees>
              <LongitudeDegrees>-2.5856863707304</LongitudeDegrees>
            </Position>
            <AltitudeMeters>194.60000610351562</AltitudeMeters>
            <DistanceMeters>7517.60986328125</DistanceMeters>
            <HeartRateBpm>
              <Value>128</Value>
            </HeartRateBpm>
            <Cadence>74</Cadence>
            <Extensions>
              <ns3:TPX>
                <ns3:Speed>8.583999633789062</ns3:Speed>
                <ns3:Watts>207</ns3:Watts>
              </ns3:TPX>
            </Extensions>
          </Trackpoint>
          <Trackpoint>
            <Time>2025-07-25T12:16:18.000Z</Time>
            <Position>
              <LatitudeDegrees>43.11311826109886</LatitudeDegrees>
              <LongitudeDegrees>-2.5856211595237255</LongitudeDegrees>
            </Position>
            <AltitudeMeters>194.60000610351562</AltitudeMeters>
            <DistanceMeters>7526.27001953125</DistanceMeters>
            <HeartRateBpm>
              <Value>128</Value>
            </HeartRateBpm>
            <Cadence>76</Cadence>
            <Extensions>
              <ns3:TPX>
                <ns3:Speed>8.659000396728516</ns3:Speed>
                <ns3:Watts>175</ns3:Watts>
              </ns3:TPX>
            </Extensions>
          </Trackpoint>
          <Trackpoint>
            <Time>2025-07-25T12:16:19.000Z</Time>
            <Position>
              <LatitudeDegrees>43.11318280175328</LatitudeDegrees>
              <LongitudeDegrees>-2.585552092641592</LongitudeDegrees>
            </Position>
            <AltitudeMeters>194.60000610351562</AltitudeMeters>
            <DistanceMeters>7534.990234375</DistanceMeters>
            <HeartRateBpm>
              <Value>128</Value>
            </HeartRateBpm>
            <Cadence>80</Cadence>
            <Extensions>
              <ns3:TPX>
                <ns3:Speed>8.723999977111816</ns3:Speed>
                <ns3:Watts>173</ns3:Watts>
              </ns3:TPX>
            </Extensions>
          </Trackpoint>
          <Trackpoint>
            <Time>2025-07-25T12:16:20.000Z</Time>
            <Position>
              <LatitudeDegrees>43.11324524693191</LatitudeDegrees>
              <LongitudeDegrees>-2.585483193397522</LongitudeDegrees>
            </Position>
            <AltitudeMeters>194.60000610351562</AltitudeMeters>
            <DistanceMeters>7543.7900390625</DistanceMeters>
            <HeartRateBpm>
              <Value>127</Value>
            </HeartRateBpm>
            <Cadence>79</Cadence>
            <Extensions>
              <ns3:TPX>
                <ns3:Speed>8.798999786376953</ns3:Speed>
                <ns3:Watts>187</ns3:Watts>
              </ns3:TPX>
            </Extensions>
          </Trackpoint>
          <Trackpoint>
            <Time>2025-07-25T12:16:21.000Z</Time>
            <Position>
              <LatitudeDegrees>43.11329503543675</LatitudeDegrees>
              <LongitudeDegrees>-2.585428711026907</LongitudeDegrees>
            </Position>
            <AltitudeMeters>194.39999389648438</AltitudeMeters>
            <DistanceMeters>7552.669921875</DistanceMeters>
            <HeartRateBpm>
              <Value>127</Value>
            </HeartRateBpm>
            <Cadence>82</Cadence>
            <Extensions>
              <ns3:TPX>
                <ns3:Speed>8.873000144958496</ns3:Speed>
                <ns3:Watts>184</ns3:Watts>
              </ns3:TPX>
            </Extensions>
          </Trackpoint>
          <Trackpoint>
            <Time>2025-07-25T12:16:22.000Z</Time>
            <Position>
              <LatitudeDegrees>43.11336921527982</LatitudeDegrees>
              <LongitudeDegrees>-2.585348328575492</LongitudeDegrees>
            </Position>
            <AltitudeMeters>194.1999969482422</AltitudeMeters>
            <DistanceMeters>7561.52001953125</DistanceMeters>
            <HeartRateBpm>
              <Value>127</Value>
            </HeartRateBpm>
            <Cadence>83</Cadence>
            <Extensions>
              <ns3:TPX>
                <ns3:Speed>8.854999542236328</ns3:Speed>
                <ns3:Watts>157</ns3:Watts>
              </ns3:TPX>
            </Extensions>
          </Trackpoint>
          <Trackpoint>
            <Time>2025-07-25T12:16:23.000Z</Time>
            <Position>
              <LatitudeDegrees>43.11342470347881</LatitudeDegrees>
              <LongitudeDegrees>-2.5852768309414387</LongitudeDegrees>
            </Position>
            <AltitudeMeters>194.1999969482422</AltitudeMeters>
            <DistanceMeters>7570.35986328125</DistanceMeters>
            <HeartRateBpm>
              <Value>127</Value>
            </HeartRateBpm>
            <Cadence>82</Cadence>
            <Extensions>
              <ns3:TPX>
                <ns3:Speed>8.817999839782715</ns3:Speed>
                <ns3:Watts>184</ns3:Watts>
              </ns3:TPX>
            </Extensions>
          </Trackpoint>
          <Trackpoint>
            <Time>2025-07-25T12:16:24.000Z</Time>
            <Position>
              <LatitudeDegrees>43.11347767710686</LatitudeDegrees>
              <LongitudeDegrees>-2.585198041051626</LongitudeDegrees>
            </Position>
            <AltitudeMeters>194.1999969482422</AltitudeMeters>
            <DistanceMeters>7579.169921875</DistanceMeters>
            <HeartRateBpm>
              <Value>127</Value>
            </HeartRateBpm>
            <Cadence>82</Cadence>
            <Extensions>
              <ns3:TPX>
                <ns3:Speed>8.836000442504883</ns3:Speed>
                <ns3:Watts>196</ns3:Watts>
              </ns3:TPX>
            </Extensions>
          </Trackpoint>
          <Trackpoint>
            <Time>2025-07-25T12:16:25.000Z</Time>
            <Position>
              <LatitudeDegrees>43.113524448126554</LatitudeDegrees>
              <LongitudeDegrees>-2.5851167365908623</LongitudeDegrees>
            </Position>
            <AltitudeMeters>194.1999969482422</AltitudeMeters>
            <DistanceMeters>7588.009765625</DistanceMeters>
            <HeartRateBpm>
              <Value>126</Value>
            </HeartRateBpm>
            <Cadence>83</Cadence>
            <Extensions>
              <ns3:TPX>
                <ns3:Speed>8.836000442504883</ns3:Speed>
                <ns3:Watts>170</ns3:Watts>
              </ns3:TPX>
            </Extensions>
          </Trackpoint>
          <Trackpoint>
            <Time>2025-07-25T12:16:26.000Z</Time>
            <Position>
              <LatitudeDegrees>43.11357406899333</LatitudeDegrees>
              <LongitudeDegrees>-2.585036186501384</LongitudeDegrees>
            </Position>
            <AltitudeMeters>193.8000030517578</AltitudeMeters>
            <DistanceMeters>7596.89990234375</DistanceMeters>
            <HeartRateBpm>
              <Value>126</Value>
            </HeartRateBpm>
            <Cadence>79</Cadence>
            <Extensions>
              <ns3:TPX>
                <ns3:Speed>8.892000198364258</ns3:Speed>
                <ns3:Watts>172</ns3:Watts>
              </ns3:TPX>
            </Extensions>
          </Trackpoint>
          <Trackpoint>
            <Time>2025-07-25T12:16:27.000Z</Time>
            <Position>
              <LatitudeDegrees>43.11362721025944</LatitudeDegrees>
              <LongitudeDegrees>-2.5849544629454613</LongitudeDegrees>
            </Position>
            <AltitudeMeters>193.8000030517578</AltitudeMeters>
            <DistanceMeters>7605.77001953125</DistanceMeters>
            <HeartRateBpm>
              <Value>126</Value>
            </HeartRateBpm>
            <Cadence>80</Cadence>
            <Extensions>
              <ns3:TPX>
                <ns3:Speed>8.873000144958496</ns3:Speed>
                <ns3:Watts>181</ns3:Watts>
              </ns3:TPX>
            </Extensions>
          </Trackpoint>
          <Trackpoint>
            <Time>2025-07-25T12:16:28.000Z</Time>
            <Position>
              <LatitudeDegrees>43.113681273534894</LatitudeDegrees>
              <LongitudeDegrees>-2.5848709791898727</LongitudeDegrees>
            </Position>
            <AltitudeMeters>193.39999389648438</AltitudeMeters>
            <DistanceMeters>7614.6298828125</DistanceMeters>
            <HeartRateBpm>
              <Value>126</Value>
            </HeartRateBpm>
            <Cadence>79</Cadence>
            <Extensions>
              <ns3:TPX>
                <ns3:Speed>8.854999542236328</ns3:Speed>
                <ns3:Watts>164</ns3:Watts>
              </ns3:TPX>
            </Extensions>
          </Trackpoint>
          <Trackpoint>
            <Time>2025-07-25T12:16:29.000Z</Time>
            <Position>
              <LatitudeDegrees>43.11373583972454</LatitudeDegrees>
              <LongitudeDegrees>-2.584786992520094</LongitudeDegrees>
            </Position>
            <AltitudeMeters>193.0</AltitudeMeters>
            <DistanceMeters>7623.4599609375</DistanceMeters>
            <HeartRateBpm>
              <Value>125</Value>
            </HeartRateBpm>
            <Cadence>80</Cadence>
            <Extensions>
              <ns3:TPX>
                <ns3:Speed>8.836000442504883</ns3:Speed>
                <ns3:Watts>180</ns3:Watts>
              </ns3:TPX>
            </Extensions>
          </Trackpoint>
          <Trackpoint>
            <Time>2025-07-25T12:16:30.000Z</Time>
            <Position>
              <LatitudeDegrees>43.11378026381135</LatitudeDegrees>
              <LongitudeDegrees>-2.584721529856324</LongitudeDegrees>
            </Position>
            <AltitudeMeters>192.60000610351562</AltitudeMeters>
            <DistanceMeters>7632.2998046875</DistanceMeters>
            <HeartRateBpm>
              <Value>125</Value>
            </HeartRateBpm>
            <Cadence>81</Cadence>
            <Extensions>
              <ns3:TPX>
                <ns3:Speed>8.836000442504883</ns3:Speed>
                <ns3:Watts>184</ns3:Watts>
              </ns3:TPX>
            </Extensions>
          </Trackpoint>
          <Trackpoint>
            <Time>2025-07-25T12:16:31.000Z</Time>
            <Position>
              <LatitudeDegrees>43.113845977932215</LatitudeDegrees>
              <LongitudeDegrees>-2.5846251379698515</LongitudeDegrees>
            </Position>
            <AltitudeMeters>192.39999389648438</AltitudeMeters>
            <DistanceMeters>7641.1201171875</DistanceMeters>
            <HeartRateBpm>
              <Value>125</Value>
            </HeartRateBpm>
            <Cadence>78</Cadence>
            <Extensions>
              <ns3:TPX>
                <ns3:Speed>8.817999839782715</ns3:Speed>
                <ns3:Watts>186</ns3:Watts>
              </ns3:TPX>
            </Extensions>
          </Trackpoint>
          <Trackpoint>
            <Time>2025-07-25T12:16:32.000Z</Time>
            <Position>
              <LatitudeDegrees>43.11390154995024</LatitudeDegrees>
              <LongitudeDegrees>-2.5845462642610073</LongitudeDegrees>
            </Position>
            <AltitudeMeters>192.0</AltitudeMeters>
            <DistanceMeters>7649.85986328125</DistanceMeters>
            <HeartRateBpm>
              <Value>125</Value>
            </HeartRateBpm>
            <Cadence>83</Cadence>
            <Extensions>
              <ns3:TPX>
                <ns3:Speed>8.743000030517578</ns3:Speed>
                <ns3:Watts>199</ns3:Watts>
              </ns3:TPX>
            </Extensions>
          </Trackpoint>
          <Trackpoint>
            <Time>2025-07-25T12:16:33.000Z</Time>
            <Position>
              <LatitudeDegrees>43.113948656246066</LatitudeDegrees>
              <LongitudeDegrees>-2.584486585110426</LongitudeDegrees>
            </Position>
            <AltitudeMeters>191.8000030517578</AltitudeMeters>
            <DistanceMeters>7658.60986328125</DistanceMeters>
            <HeartRateBpm>
              <Value>125</Value>
            </HeartRateBpm>
            <Cadence>83</Cadence>
            <Extensions>
              <ns3:TPX>
                <ns3:Speed>8.743000030517578</ns3:Speed>
                <ns3:Watts>185</ns3:Watts>
              </ns3:TPX>
            </Extensions>
          </Trackpoint>
          <Trackpoint>
            <Time>2025-07-25T12:16:34.000Z</Time>
            <Position>
              <LatitudeDegrees>43.11402266845107</LatitudeDegrees>
              <LongitudeDegrees>-2.5844027660787106</LongitudeDegrees>
            </Position>
            <AltitudeMeters>191.60000610351562</AltitudeMeters>
            <DistanceMeters>7667.330078125</DistanceMeters>
            <HeartRateBpm>
              <Value>124</Value>
            </HeartRateBpm>
            <Cadence>78</Cadence>
            <Extensions>
              <ns3:TPX>
                <ns3:Speed>8.723999977111816</ns3:Speed>
                <ns3:Watts>197</ns3:Watts>
              </ns3:TPX>
            </Extensions>
          </Trackpoint>
          <Trackpoint>
            <Time>2025-07-25T12:16:35.000Z</Time>
            <Position>
              <LatitudeDegrees>43.11407488770783</LatitudeDegrees>
              <LongitudeDegrees>-2.584350546821952</LongitudeDegrees>
            </Position>
            <AltitudeMeters>191.60000610351562</AltitudeMeters>
            <DistanceMeters>7676.10986328125</DistanceMeters>
            <HeartRateBpm>
              <Value>124</Value>
            </HeartRateBpm>
            <Cadence>83</Cadence>
            <Extensions>
              <ns3:TPX>
                <ns3:Speed>8.779999732971191</ns3:Speed>
                <ns3:Watts>203</ns3:Watts>
              </ns3:TPX>
            </Extensions>
          </Trackpoint>
          <Trackpoint>
            <Time>2025-07-25T12:16:36.000Z</Time>
            <Position>
              <LatitudeDegrees>43.11414278112352</LatitudeDegrees>
              <LongitudeDegrees>-2.584292208775878</LongitudeDegrees>
            </Position>
            <AltitudeMeters>191.60000610351562</AltitudeMeters>
            <DistanceMeters>7684.93017578125</DistanceMeters>
            <HeartRateBpm>
              <Value>124</Value>
            </HeartRateBpm>
            <Cadence>81</Cadence>
            <Extensions>
              <ns3:TPX>
                <ns3:Speed>8.817999839782715</ns3:Speed>
                <ns3:Watts>189</ns3:Watts>
              </ns3:TPX>
            </Extensions>
          </Trackpoint>
          <Trackpoint>
            <Time>2025-07-25T12:16:37.000Z</Time>
            <Position>
              <LatitudeDegrees>43.11422735452652</LatitudeDegrees>
              <LongitudeDegrees>-2.584231859073043</LongitudeDegrees>
            </Position>
            <AltitudeMeters>191.39999389648438</AltitudeMeters>
            <DistanceMeters>7693.7998046875</DistanceMeters>
            <HeartRateBpm>
              <Value>124</Value>
            </HeartRateBpm>
            <Cadence>83</Cadence>
            <Extensions>
              <ns3:TPX>
                <ns3:Speed>8.873000144958496</ns3:Speed>
                <ns3:Watts>209</ns3:Watts>
              </ns3:TPX>
            </Extensions>
          </Trackpoint>
          <Trackpoint>
            <Time>2025-07-25T12:16:38.000Z</Time>
            <Position>
              <LatitudeDegrees>43.11430254019797</LatitudeDegrees>
              <LongitudeDegrees>-2.584192883223295</LongitudeDegrees>
            </Position>
            <AltitudeMeters>191.39999389648438</AltitudeMeters>
            <DistanceMeters>7702.580078125</DistanceMeters>
            <HeartRateBpm>
              <Value>123</Value>
            </HeartRateBpm>
            <Cadence>82</Cadence>
            <Extensions>
              <ns3:TPX>
                <ns3:Speed>8.779999732971191</ns3:Speed>
                <ns3:Watts>224</ns3:Watts>
              </ns3:TPX>
            </Extensions>
          </Trackpoint>
          <Trackpoint>
            <Time>2025-07-25T12:16:39.000Z</Time>
            <Position>
              <LatitudeDegrees>43.11436465010047</LatitudeDegrees>
              <LongitudeDegrees>-2.5841710064560175</LongitudeDegrees>
            </Position>
            <AltitudeMeters>191.1999969482422</AltitudeMeters>
            <DistanceMeters>7711.31005859375</DistanceMeters>
            <HeartRateBpm>
              <Value>123</Value>
            </HeartRateBpm>
            <Cadence>85</Cadence>
            <Extensions>
              <ns3:TPX>
                <ns3:Speed>8.723999977111816</ns3:Speed>
                <ns3:Watts>205</ns3:Watts>
              </ns3:TPX>
            </Extensions>
          </Trackpoint>
          <Trackpoint>
            <Time>2025-07-25T12:16:40.000Z</Time>
            <Position>
              <LatitudeDegrees>43.11445911414921</LatitudeDegrees>
              <LongitudeDegrees>-2.584149716421962</LongitudeDegrees>
            </Position>
            <AltitudeMeters>191.1999969482422</AltitudeMeters>
            <DistanceMeters>7719.93017578125</DistanceMeters>
            <HeartRateBpm>
              <Value>123</Value>
            </HeartRateBpm>
            <Cadence>78</Cadence>
            <Extensions>
              <ns3:TPX>
                <ns3:Speed>8.621999740600586</ns3:Speed>
                <ns3:Watts>201</ns3:Watts>
              </ns3:TPX>
            </Extensions>
          </Trackpoint>
          <Trackpoint>
            <Time>2025-07-25T12:16:41.000Z</Time>
            <Position>
              <LatitudeDegrees>43.114537904039025</LatitudeDegrees>
              <LongitudeDegrees>-2.5841415021568537</LongitudeDegrees>
            </Position>
            <AltitudeMeters>191.1999969482422</AltitudeMeters>
            <DistanceMeters>7728.58984375</DistanceMeters>
            <HeartRateBpm>
              <Value>123</Value>
            </HeartRateBpm>
            <Cadence>82</Cadence>
            <Extensions>
              <ns3:TPX>
                <ns3:Speed>8.668000221252441</ns3:Speed>
                <ns3:Watts>214</ns3:Watts>
              </ns3:TPX>
            </Extensions>
          </Trackpoint>
          <Trackpoint>
            <Time>2025-07-25T12:16:42.000Z</Time>
            <Position>
              <LatitudeDegrees>43.11461644247174</LatitudeDegrees>
              <LongitudeDegrees>-2.5841383170336485</LongitudeDegrees>
            </Position>
            <AltitudeMeters>191.39999389648438</AltitudeMeters>
            <DistanceMeters>7737.35009765625</DistanceMeters>
            <HeartRateBpm>
              <Value>123</Value>
            </HeartRateBpm>
            <Cadence>82</Cadence>
            <Extensions>
              <ns3:TPX>
                <ns3:Speed>8.76200008392334</ns3:Speed>
                <ns3:Watts>170</ns3:Watts>
              </ns3:TPX>
            </Extensions>
          </Trackpoint>
          <Trackpoint>
            <Time>2025-07-25T12:16:43.000Z</Time>
            <Position>
              <LatitudeDegrees>43.114696657285094</LatitudeDegrees>
              <LongitudeDegrees>-2.5841397419571877</LongitudeDegrees>
            </Position>
            <AltitudeMeters>191.39999389648438</AltitudeMeters>
            <DistanceMeters>7746.18994140625</DistanceMeters>
            <HeartRateBpm>
              <Value>123</Value>
            </HeartRateBpm>
            <Cadence>79</Cadence>
            <Extensions>
              <ns3:TPX>
                <ns3:Speed>8.836000442504883</ns3:Speed>
                <ns3:Watts>181</ns3:Watts>
              </ns3:TPX>
            </Extensions>
          </Trackpoint>
          <Trackpoint>
            <Time>2025-07-25T12:16:44.000Z</Time>
            <Position>
              <LatitudeDegrees>43.11477502807975</LatitudeDegrees>
              <LongitudeDegrees>-2.5841468665748835</LongitudeDegrees>
            </Position>
            <AltitudeMeters>191.39999389648438</AltitudeMeters>
            <DistanceMeters>7755.06982421875</DistanceMeters>
            <HeartRateBpm>
              <Value>123</Value>
            </HeartRateBpm>
            <Cadence>83</Cadence>
            <Extensions>
              <ns3:TPX>
                <ns3:Speed>8.873000144958496</ns3:Speed>
                <ns3:Watts>191</ns3:Watts>
              </ns3:TPX>
            </Extensions>
          </Trackpoint>
          <Trackpoint>
            <Time>2025-07-25T12:16:45.000Z</Time>
            <Position>
              <LatitudeDegrees>43.1148533988744</LatitudeDegrees>
              <LongitudeDegrees>-2.584157846868038</LongitudeDegrees>
            </Position>
            <AltitudeMeters>191.1999969482422</AltitudeMeters>
            <DistanceMeters>7763.9501953125</DistanceMeters>
            <HeartRateBpm>
              <Value>123</Value>
            </HeartRateBpm>
            <Cadence>84</Cadence>
            <Extensions>
              <ns3:TPX>
                <ns3:Speed>8.873000144958496</ns3:Speed>
                <ns3:Watts>159</ns3:Watts>
              </ns3:TPX>
            </Extensions>
          </Trackpoint>
          <Trackpoint>
            <Time>2025-07-25T12:16:46.000Z</Time>
            <Position>
              <LatitudeDegrees>43.11493009328842</LatitudeDegrees>
              <LongitudeDegrees>-2.5841691624373198</LongitudeDegrees>
            </Position>
            <AltitudeMeters>191.1999969482422</AltitudeMeters>
            <DistanceMeters>7772.85986328125</DistanceMeters>
            <HeartRateBpm>
              <Value>123</Value>
            </HeartRateBpm>
            <Cadence>81</Cadence>
            <Extensions>
              <ns3:TPX>
                <ns3:Speed>8.892000198364258</ns3:Speed>
                <ns3:Watts>168</ns3:Watts>
              </ns3:TPX>
            </Extensions>
          </Trackpoint>
          <Trackpoint>
            <Time>2025-07-25T12:16:47.000Z</Time>
            <Position>
              <LatitudeDegrees>43.115010391920805</LatitudeDegrees>
              <LongitudeDegrees>-2.584181986749172</LongitudeDegrees>
            </Position>
            <AltitudeMeters>191.0</AltitudeMeters>
            <DistanceMeters>7781.72998046875</DistanceMeters>
            <HeartRateBpm>
              <Value>123</Value>
            </HeartRateBpm>
            <Cadence>85</Cadence>
            <Extensions>
              <ns3:TPX>
                <ns3:Speed>8.892000198364258</ns3:Speed>
                <ns3:Watts>195</ns3:Watts>
              </ns3:TPX>
            </Extensions>
          </Trackpoint>
          <Trackpoint>
            <Time>2025-07-25T12:16:48.000Z</Time>
            <Position>
              <LatitudeDegrees>43.115090103819966</LatitudeDegrees>
              <LongitudeDegrees>-2.5841943081468344</LongitudeDegrees>
            </Position>
            <AltitudeMeters>191.0</AltitudeMeters>
            <DistanceMeters>7790.669921875</DistanceMeters>
            <HeartRateBpm>
              <Value>123</Value>
            </HeartRateBpm>
            <Cadence>80</Cadence>
            <Extensions>
              <ns3:TPX>
                <ns3:Speed>8.947999954223633</ns3:Speed>
                <ns3:Watts>184</ns3:Watts>
              </ns3:TPX>
            </Extensions>
          </Trackpoint>
          <Trackpoint>
            <Time>2025-07-25T12:16:49.000Z</Time>
            <Position>
              <LatitudeDegrees>43.11517048627138</LatitudeDegrees>
              <LongitudeDegrees>-2.584205875173211</LongitudeDegrees>
            </Position>
            <AltitudeMeters>190.8000030517578</AltitudeMeters>
            <DistanceMeters>7799.68994140625</DistanceMeters>
            <HeartRateBpm>
              <Value>122</Value>
            </HeartRateBpm>
            <Cadence>86</Cadence>
            <Extensions>
              <ns3:TPX>
                <ns3:Speed>9.02299976348877</ns3:Speed>
                <ns3:Watts>184</ns3:Watts>
              </ns3:TPX>
            </Extensions>
          </Trackpoint>
          <Trackpoint>
            <Time>2025-07-25T12:16:50.000Z</Time>
            <Position>
              <LatitudeDegrees>43.1152524612844</LatitudeDegrees>
              <LongitudeDegrees>-2.584215681999922</LongitudeDegrees>
            </Position>
            <AltitudeMeters>190.8000030517578</AltitudeMeters>
            <DistanceMeters>7808.72998046875</DistanceMeters>
            <HeartRateBpm>
              <Value>122</Value>
            </HeartRateBpm>
            <Cadence>85</Cadence>
            <Extensions>
              <ns3:TPX>
                <ns3:Speed>9.041000366210938</ns3:Speed>
                <ns3:Watts>179</ns3:Watts>
              </ns3:TPX>
            </Extensions>
          </Trackpoint>
          <Trackpoint>
            <Time>2025-07-25T12:16:51.000Z</Time>
            <Position>
              <LatitudeDegrees>43.11533426865935</LatitudeDegrees>
              <LongitudeDegrees>-2.5842222198843956</LongitudeDegrees>
            </Position>
            <AltitudeMeters>190.60000610351562</AltitudeMeters>
            <DistanceMeters>7817.81005859375</DistanceMeters>
            <HeartRateBpm>
              <Value>122</Value>
            </HeartRateBpm>
            <Cadence>79</Cadence>
            <Extensions>
              <ns3:TPX>
                <ns3:Speed>9.079000473022461</ns3:Speed>
                <ns3:Watts>177</ns3:Watts>
              </ns3:TPX>
            </Extensions>
          </Trackpoint>
          <Trackpoint>
            <Time>2025-07-25T12:16:52.000Z</Time>
            <Position>
              <LatitudeDegrees>43.11541582457721</LatitudeDegrees>
              <LongitudeDegrees>-2.584227081388235</LongitudeDegrees>
            </Position>
            <AltitudeMeters>190.60000610351562</AltitudeMeters>
            <DistanceMeters>7826.83984375</DistanceMeters>
            <HeartRateBpm>
              <Value>122</Value>
            </HeartRateBpm>
            <Cadence>85</Cadence>
            <Extensions>
              <ns3:TPX>
                <ns3:Speed>9.02299976348877</ns3:Speed>
                <ns3:Watts>182</ns3:Watts>
              </ns3:TPX>
            </Extensions>
          </Trackpoint>
          <Trackpoint>
            <Time>2025-07-25T12:16:53.000Z</Time>
            <Position>
              <LatitudeDegrees>43.115481957793236</LatitudeDegrees>
              <LongitudeDegrees>-2.584233870729804</LongitudeDegrees>
            </Position>
            <AltitudeMeters>190.60000610351562</AltitudeMeters>
            <DistanceMeters>7835.8701171875</DistanceMeters>
            <HeartRateBpm>
              <Value>122</Value>
            </HeartRateBpm>
            <Cadence>80</Cadence>
            <Extensions>
              <ns3:TPX>
                <ns3:Speed>9.02299976348877</ns3:Speed>
                <ns3:Watts>169</ns3:Watts>
              </ns3:TPX>
            </Extensions>
          </Trackpoint>
          <Trackpoint>
            <Time>2025-07-25T12:16:54.000Z</Time>
            <Position>
              <LatitudeDegrees>43.11558086425066</LatitudeDegrees>
              <LongitudeDegrees>-2.584243342280388</LongitudeDegrees>
            </Position>
            <AltitudeMeters>190.60000610351562</AltitudeMeters>
            <DistanceMeters>7844.89013671875</DistanceMeters>
            <HeartRateBpm>
              <Value>122</Value>
            </HeartRateBpm>
            <Cadence>80</Cadence>
            <Extensions>
              <ns3:TPX>
                <ns3:Speed>9.02299976348877</ns3:Speed>
                <ns3:Watts>168</ns3:Watts>
              </ns3:TPX>
            </Extensions>
          </Trackpoint>
          <Trackpoint>
            <Time>2025-07-25T12:16:55.000Z</Time>
            <Position>
              <LatitudeDegrees>43.115663677453995</LatitudeDegrees>
              <LongitudeDegrees>-2.5842498801648617</LongitudeDegrees>
            </Position>
            <AltitudeMeters>190.60000610351562</AltitudeMeters>
            <DistanceMeters>7853.9599609375</DistanceMeters>
            <HeartRateBpm>
              <Value>122</Value>
            </HeartRateBpm>
            <Cadence>86</Cadence>
            <Extensions>
              <ns3:TPX>
                <ns3:Speed>9.079000473022461</ns3:Speed>
                <ns3:Watts>168</ns3:Watts>
              </ns3:TPX>
            </Extensions>
          </Trackpoint>
          <Trackpoint>
            <Time>2025-07-25T12:16:56.000Z</Time>
            <Position>
              <LatitudeDegrees>43.115746742114425</LatitudeDegrees>
              <LongitudeDegrees>-2.584254154935479</LongitudeDegrees>
            </Position>
            <AltitudeMeters>190.39999389648438</AltitudeMeters>
            <DistanceMeters>7863.10009765625</DistanceMeters>
            <HeartRateBpm>
              <Value>122</Value>
            </HeartRateBpm>
            <Cadence>80</Cadence>
            <Extensions>
              <ns3:TPX>
                <ns3:Speed>9.135000228881836</ns3:Speed>
                <ns3:Watts>146</ns3:Watts>
              </ns3:TPX>
            </Extensions>
          </Trackpoint>
          <Trackpoint>
            <Time>2025-07-25T12:16:57.000Z</Time>
            <Position>
              <LatitudeDegrees>43.115828381851315</LatitudeDegrees>
              <LongitudeDegrees>-2.5842587649822235</LongitudeDegrees>
            </Position>
            <AltitudeMeters>190.39999389648438</AltitudeMeters>
            <DistanceMeters>7872.22021484375</DistanceMeters>
            <HeartRateBpm>
              <Value>122</Value>
            </HeartRateBpm>
            <Cadence>86</Cadence>
            <Extensions>
              <ns3:TPX>
                <ns3:Speed>9.116000175476074</ns3:Speed>
                <ns3:Watts>161</ns3:Watts>
              </ns3:TPX>
            </Extensions>
          </Trackpoint>
          <Trackpoint>
            <Time>2025-07-25T12:16:58.000Z</Time>
            <Position>
              <LatitudeDegrees>43.11591085977852</LatitudeDegrees>
              <LongitudeDegrees>-2.58426102809608</LongitudeDegrees>
            </Position>
            <AltitudeMeters>190.1999969482422</AltitudeMeters>
            <DistanceMeters>7881.33984375</DistanceMeters>
            <HeartRateBpm>
              <Value>122</Value>
            </HeartRateBpm>
            <Cadence>81</Cadence>
            <Extensions>
              <ns3:TPX>
                <ns3:Speed>9.116000175476074</ns3:Speed>
                <ns3:Watts>172</ns3:Watts>
              </ns3:TPX>
            </Extensions>
          </Trackpoint>
          <Trackpoint>
            <Time>2025-07-25T12:16:59.000Z</Time>
            <Position>
              <LatitudeDegrees>43.11599317006767</LatitudeDegrees>
              <LongitudeDegrees>-2.5842643808573484</LongitudeDegrees>
            </Position>
            <AltitudeMeters>190.0</AltitudeMeters>
            <DistanceMeters>7890.41015625</DistanceMeters>
            <HeartRateBpm>
              <Value>128</Value>
            </HeartRateBpm>
            <Cadence>86</Cadence>
            <Extensions>
              <ns3:TPX>
                <ns3:Speed>9.079000473022461</ns3:Speed>
                <ns3:Watts>167</ns3:Watts>
              </ns3:TPX>
            </Extensions>
          </Trackpoint>
          <Trackpoint>
            <Time>2025-07-25T12:17:00.000Z</Time>
            <Position>
              <LatitudeDegrees>43.116075647994876</LatitudeDegrees>
              <LongitudeDegrees>-2.584269577637315</LongitudeDegrees>
            </Position>
            <AltitudeMeters>190.0</AltitudeMeters>
            <DistanceMeters>7899.490234375</DistanceMeters>
            <HeartRateBpm>
              <Value>128</Value>
            </HeartRateBpm>
            <Cadence>86</Cadence>
            <Extensions>
              <ns3:TPX>
                <ns3:Speed>9.079000473022461</ns3:Speed>
                <ns3:Watts>175</ns3:Watts>
              </ns3:TPX>
            </Extensions>
          </Trackpoint>
          <Trackpoint>
            <Time>2025-07-25T12:17:01.000Z</Time>
            <Position>
              <LatitudeDegrees>43.11615745536983</LatitudeDegrees>
              <LongitudeDegrees>-2.5842782109975815</LongitudeDegrees>
            </Position>
            <AltitudeMeters>189.8000030517578</AltitudeMeters>
            <DistanceMeters>7908.52001953125</DistanceMeters>
            <HeartRateBpm>
              <Value>128</Value>
            </HeartRateBpm>
            <Cadence>79</Cadence>
            <Extensions>
              <ns3:TPX>
                <ns3:Speed>9.02299976348877</ns3:Speed>
                <ns3:Watts>175</ns3:Watts>
              </ns3:TPX>
            </Extensions>
          </Trackpoint>
          <Trackpoint>
            <Time>2025-07-25T12:17:02.000Z</Time>
            <Position>
              <LatitudeDegrees>43.116238759830594</LatitudeDegrees>
              <LongitudeDegrees>-2.5842896103858948</LongitudeDegrees>
            </Position>
            <AltitudeMeters>189.8000030517578</AltitudeMeters>
            <DistanceMeters>7917.43994140625</DistanceMeters>
            <HeartRateBpm>
              <Value>126</Value>
            </HeartRateBpm>
            <Cadence>85</Cadence>
            <Extensions>
              <ns3:TPX>
                <ns3:Speed>8.928999900817871</ns3:Speed>
                <ns3:Watts>203</ns3:Watts>
              </ns3:TPX>
            </Extensions>
          </Trackpoint>
          <Trackpoint>
            <Time>2025-07-25T12:17:03.000Z</Time>
            <Position>
              <LatitudeDegrees>43.11632048338652</LatitudeDegrees>
              <LongitudeDegrees>-2.584297740831971</LongitudeDegrees>
            </Position>
            <AltitudeMeters>189.1999969482422</AltitudeMeters>
            <DistanceMeters>7926.31005859375</DistanceMeters>
            <HeartRateBpm>
              <Value>126</Value>
            </HeartRateBpm>
            <Cadence>82</Cadence>
            <Extensions>
              <ns3:TPX>
                <ns3:Speed>8.873000144958496</ns3:Speed>
                <ns3:Watts>189</ns3:Watts>
              </ns3:TPX>
            </Extensions>
          </Trackpoint>
          <Trackpoint>
            <Time>2025-07-25T12:17:04.000Z</Time>
            <Position>
              <LatitudeDegrees>43.11640162020922</LatitudeDegrees>
              <LongitudeDegrees>-2.584303105250001</LongitudeDegrees>
            </Position>
            <AltitudeMeters>188.8000030517578</AltitudeMeters>
            <DistanceMeters>7935.080078125</DistanceMeters>
            <HeartRateBpm>
              <Value>126</Value>
            </HeartRateBpm>
            <Cadence>80</Cadence>
            <Extensions>
              <ns3:TPX>
                <ns3:Speed>8.76200008392334</ns3:Speed>
                <ns3:Watts>198</ns3:Watts>
              </ns3:TPX>
            </Extensions>
          </Trackpoint>
          <Trackpoint>
            <Time>2025-07-25T12:17:05.000Z</Time>
            <Position>
              <LatitudeDegrees>43.11648108065128</LatitudeDegrees>
              <LongitudeDegrees>-2.5843064580112696</LongitudeDegrees>
            </Position>
            <AltitudeMeters>188.39999389648438</AltitudeMeters>
            <DistanceMeters>7943.7900390625</DistanceMeters>
            <HeartRateBpm>
              <Value>126</Value>
            </HeartRateBpm>
            <Cadence>80</Cadence>
            <Extensions>
              <ns3:TPX>
                <ns3:Speed>8.706000328063965</ns3:Speed>
                <ns3:Watts>223</ns3:Watts>
              </ns3:TPX>
            </Extensions>
          </Trackpoint>
          <Trackpoint>
            <Time>2025-07-25T12:17:06.000Z</Time>
            <Position>
              <LatitudeDegrees>43.116559283807874</LatitudeDegrees>
              <LongitudeDegrees>-2.5843020994216204</LongitudeDegrees>
            </Position>
            <AltitudeMeters>188.1999969482422</AltitudeMeters>
            <DistanceMeters>7952.39013671875</DistanceMeters>
            <HeartRateBpm>
              <Value>126</Value>
            </HeartRateBpm>
            <Cadence>78</Cadence>
            <Extensions>
              <ns3:TPX>
                <ns3:Speed>8.602999687194824</ns3:Speed>
                <ns3:Watts>215</ns3:Watts>
              </ns3:TPX>
            </Extensions>
          </Trackpoint>
          <Trackpoint>
            <Time>2025-07-25T12:17:07.000Z</Time>
            <Position>
              <LatitudeDegrees>43.11663664877415</LatitudeDegrees>
              <LongitudeDegrees>-2.584294304251671</LongitudeDegrees>
            </Position>
            <AltitudeMeters>188.1999969482422</AltitudeMeters>
            <DistanceMeters>7960.97998046875</DistanceMeters>
            <HeartRateBpm>
              <Value>125</Value>
            </HeartRateBpm>
            <Cadence>78</Cadence>
            <Extensions>
              <ns3:TPX>
                <ns3:Speed>8.602999687194824</ns3:Speed>
                <ns3:Watts>215</ns3:Watts>
              </ns3:TPX>
            </Extensions>
          </Trackpoint>
          <Trackpoint>
            <Time>2025-07-25T12:17:08.000Z</Time>
            <Position>
              <LatitudeDegrees>43.11671392992139</LatitudeDegrees>
              <LongitudeDegrees>-2.5842797197401524</LongitudeDegrees>
            </Position>
            <AltitudeMeters>188.0</AltitudeMeters>
            <DistanceMeters>7969.5498046875</DistanceMeters>
            <HeartRateBpm>
              <Value>124</Value>
            </HeartRateBpm>
            <Cadence>79</Cadence>
            <Extensions>
              <ns3:TPX>
                <ns3:Speed>8.565999984741211</ns3:Speed>
                <ns3:Watts>215</ns3:Watts>
              </ns3:TPX>
            </Extensions>
          </Trackpoint>
          <Trackpoint>
            <Time>2025-07-25T12:17:09.000Z</Time>
            <Position>
              <LatitudeDegrees>43.11678827740252</LatitudeDegrees>
              <LongitudeDegrees>-2.5842587649822235</LongitudeDegrees>
            </Position>
            <AltitudeMeters>188.0</AltitudeMeters>
            <DistanceMeters>7978.14013671875</DistanceMeters>
            <HeartRateBpm>
              <Value>124</Value>
            </HeartRateBpm>
            <Cadence>80</Cadence>
            <Extensions>
              <ns3:TPX>
                <ns3:Speed>8.583999633789062</ns3:Speed>
                <ns3:Watts>193</ns3:Watts>
              </ns3:TPX>
            </Extensions>
          </Trackpoint>
          <Trackpoint>
            <Time>2025-07-25T12:17:10.000Z</Time>
            <Position>
              <LatitudeDegrees>43.116860780864954</LatitudeDegrees>
              <LongitudeDegrees>-2.584233032539487</LongitudeDegrees>
            </Position>
            <AltitudeMeters>187.8000030517578</AltitudeMeters>
            <DistanceMeters>7986.68017578125</DistanceMeters>
            <HeartRateBpm>
              <Value>124</Value>
            </HeartRateBpm>
            <Cadence>77</Cadence>
            <Extensions>
              <ns3:TPX>
                <ns3:Speed>8.54699993133545</ns3:Speed>
                <ns3:Watts>180</ns3:Watts>
              </ns3:TPX>
            </Extensions>
          </Trackpoint>
          <Trackpoint>
            <Time>2025-07-25T12:17:11.000Z</Time>
            <Position>
              <LatitudeDegrees>43.11693236231804</LatitudeDegrees>
              <LongitudeDegrees>-2.584200594574213</LongitudeDegrees>
            </Position>
            <AltitudeMeters>187.8000030517578</AltitudeMeters>
            <DistanceMeters>7995.2998046875</DistanceMeters>
            <HeartRateBpm>
              <Value>124</Value>
            </HeartRateBpm>
            <Cadence>80</Cadence>
            <Extensions>
              <ns3:TPX>
                <ns3:Speed>8.621999740600586</ns3:Speed>
                <ns3:Watts>207</ns3:Watts>
              </ns3:TPX>
            </Extensions>
          </Trackpoint>
          <Trackpoint>
            <Time>2025-07-25T12:17:12.000Z</Time>
            <Position>
              <LatitudeDegrees>43.11700285412371</LatitudeDegrees>
              <LongitudeDegrees>-2.584164720028639</LongitudeDegrees>
            </Position>
            <AltitudeMeters>187.1999969482422</AltitudeMeters>
            <DistanceMeters>8003.91015625</DistanceMeters>
            <HeartRateBpm>
              <Value>124</Value>
            </HeartRateBpm>
            <Cadence>80</Cadence>
            <Extensions>
              <ns3:TPX>
                <ns3:Speed>8.602999687194824</ns3:Speed>
                <ns3:Watts>179</ns3:Watts>
              </ns3:TPX>
            </Extensions>
          </Trackpoint>
          <Trackpoint>
            <Time>2025-07-25T12:17:13.000Z</Time>
            <Position>
              <LatitudeDegrees>43.1170744355768</LatitudeDegrees>
              <LongitudeDegrees>-2.5841297674924135</LongitudeDegrees>
            </Position>
            <AltitudeMeters>187.1999969482422</AltitudeMeters>
            <DistanceMeters>8012.52001953125</DistanceMeters>
            <HeartRateBpm>
              <Value>124</Value>
            </HeartRateBpm>
            <Cadence>77</Cadence>
            <Extensions>
              <ns3:TPX>
                <ns3:Speed>8.602999687194824</ns3:Speed>
                <ns3:Watts>178</ns3:Watts>
              </ns3:TPX>
            </Extensions>
          </Trackpoint>
          <Trackpoint>
            <Time>2025-07-25T12:17:14.000Z</Time>
            <Position>
              <LatitudeDegrees>43.11714727431536</LatitudeDegrees>
              <LongitudeDegrees>-2.5840971618890762</LongitudeDegrees>
            </Position>
            <AltitudeMeters>187.0</AltitudeMeters>
            <DistanceMeters>8021.080078125</DistanceMeters>
            <HeartRateBpm>
              <Value>124</Value>
            </HeartRateBpm>
            <Cadence>83</Cadence>
            <Extensions>
              <ns3:TPX>
                <ns3:Speed>8.565999984741211</ns3:Speed>
                <ns3:Watts>229</ns3:Watts>
              </ns3:TPX>
            </Extensions>
          </Trackpoint>
          <Trackpoint>
            <Time>2025-07-25T12:17:15.000Z</Time>
            <Position>
              <LatitudeDegrees>43.1172208674252</LatitudeDegrees>
              <LongitudeDegrees>-2.5840676575899124</LongitudeDegrees>
            </Position>
            <AltitudeMeters>187.0</AltitudeMeters>
            <DistanceMeters>8029.66015625</DistanceMeters>
            <HeartRateBpm>
              <Value>124</Value>
            </HeartRateBpm>
            <Cadence>80</Cadence>
            <Extensions>
              <ns3:TPX>
                <ns3:Speed>8.583999633789062</ns3:Speed>
                <ns3:Watts>195</ns3:Watts>
              </ns3:TPX>
            </Extensions>
          </Trackpoint>
          <Trackpoint>
            <Time>2025-07-25T12:17:16.000Z</Time>
            <Position>
              <LatitudeDegrees>43.117297645658255</LatitudeDegrees>
              <LongitudeDegrees>-2.584046283736825</LongitudeDegrees>
            </Position>
            <AltitudeMeters>187.0</AltitudeMeters>
            <DistanceMeters>8038.2099609375</DistanceMeters>
            <HeartRateBpm>
              <Value>124</Value>
            </HeartRateBpm>
            <Cadence>77</Cadence>
            <Extensions>
              <ns3:TPX>
                <ns3:Speed>8.54699993133545</ns3:Speed>
                <ns3:Watts>195</ns3:Watts>
              </ns3:TPX>
            </Extensions>
          </Trackpoint>
          <Trackpoint>
            <Time>2025-07-25T12:17:17.000Z</Time>
            <Position>
              <LatitudeDegrees>43.11737450771034</LatitudeDegrees>
              <LongitudeDegrees>-2.584031028673053</LongitudeDegrees>
            </Position>
            <AltitudeMeters>187.0</AltitudeMeters>
            <DistanceMeters>8046.7998046875</DistanceMeters>
            <HeartRateBpm>
              <Value>124</Value>
            </HeartRateBpm>
            <Cadence>78</Cadence>
            <Extensions>
              <ns3:TPX>
                <ns3:Speed>8.583999633789062</ns3:Speed>
                <ns3:Watts>188</ns3:Watts>
              </ns3:TPX>
            </Extensions>
          </Trackpoint>
          <Trackpoint>
            <Time>2025-07-25T12:17:18.000Z</Time>
            <Position>
              <LatitudeDegrees>43.11745245940983</LatitudeDegrees>
              <LongitudeDegrees>-2.5840214733034372</LongitudeDegrees>
            </Position>
            <AltitudeMeters>187.0</AltitudeMeters>
            <DistanceMeters>8055.47021484375</DistanceMeters>
            <HeartRateBpm>
              <Value>124</Value>
            </HeartRateBpm>
            <Cadence>82</Cadence>
            <Extensions>
              <ns3:TPX>
                <ns3:Speed>8.668000221252441</ns3:Speed>
                <ns3:Watts>157</ns3:Watts>
              </ns3:TPX>
            </Extensions>
          </Trackpoint>
          <Trackpoint>
            <Time>2025-07-25T12:17:19.000Z</Time>
            <Position>
              <LatitudeDegrees>43.11753183603287</LatitudeDegrees>
              <LongitudeDegrees>-2.5840140972286463</LongitudeDegrees>
            </Position>
            <AltitudeMeters>187.0</AltitudeMeters>
            <DistanceMeters>8064.22021484375</DistanceMeters>
            <HeartRateBpm>
              <Value>123</Value>
            </HeartRateBpm>
            <Cadence>78</Cadence>
            <Extensions>
              <ns3:TPX>
                <ns3:Speed>8.76200008392334</ns3:Speed>
                <ns3:Watts>165</ns3:Watts>
              </ns3:TPX>
            </Extensions>
          </Trackpoint>
          <Trackpoint>
            <Time>2025-07-25T12:17:20.000Z</Time>
            <Position>
              <LatitudeDegrees>43.11761054210365</LatitudeDegrees>
              <LongitudeDegrees>-2.58400940336287</LongitudeDegrees>
            </Position>
            <AltitudeMeters>187.0</AltitudeMeters>
            <DistanceMeters>8073.080078125</DistanceMeters>
            <HeartRateBpm>
              <Value>122</Value>
            </HeartRateBpm>
            <Cadence>83</Cadence>
            <Extensions>
              <ns3:TPX>
                <ns3:Speed>8.854999542236328</ns3:Speed>
                <ns3:Watts>174</ns3:Watts>
              </ns3:TPX>
            </Extensions>
          </Trackpoint>
          <Trackpoint>
            <Time>2025-07-25T12:17:21.000Z</Time>
            <Position>
              <LatitudeDegrees>43.117690756917</LatitudeDegrees>
              <LongitudeDegrees>-2.5840067211538553</LongitudeDegrees>
            </Position>
            <AltitudeMeters>187.0</AltitudeMeters>
            <DistanceMeters>8082.02001953125</DistanceMeters>
            <HeartRateBpm>
              <Value>121</Value>
            </HeartRateBpm>
            <Cadence>86</Cadence>
            <Extensions>
              <ns3:TPX>
                <ns3:Speed>8.947999954223633</ns3:Speed>
                <ns3:Watts>138</ns3:Watts>
              </ns3:TPX>
            </Extensions>
          </Trackpoint>
          <Trackpoint>
            <Time>2025-07-25T12:17:22.000Z</Time>
            <Position>
              <LatitudeDegrees>43.11776996590197</LatitudeDegrees>
              <LongitudeDegrees>-2.5840043742209673</LongitudeDegrees>
            </Position>
            <AltitudeMeters>187.0</AltitudeMeters>
            <DistanceMeters>8090.9599609375</DistanceMeters>
            <HeartRateBpm>
              <Value>121</Value>
            </HeartRateBpm>
            <Cadence>84</Cadence>
            <Extensions>
              <ns3:TPX>
                <ns3:Speed>8.928999900817871</ns3:Speed>
                <ns3:Watts>169</ns3:Watts>
              </ns3:TPX>
            </Extensions>
          </Trackpoint>
          <Trackpoint>
            <Time>2025-07-25T12:17:23.000Z</Time>
            <Position>
              <LatitudeDegrees>43.11785001307726</LatitudeDegrees>
              <LongitudeDegrees>-2.5840049609541893</LongitudeDegrees>
            </Position>
            <AltitudeMeters>187.0</AltitudeMeters>
            <DistanceMeters>8099.89013671875</DistanceMeters>
            <HeartRateBpm>
              <Value>121</Value>
            </HeartRateBpm>
            <Cadence>82</Cadence>
            <Extensions>
              <ns3:TPX>
                <ns3:Speed>8.928999900817871</ns3:Speed>
                <ns3:Watts>190</ns3:Watts>
              </ns3:TPX>
            </Extensions>
          </Trackpoint>
          <Trackpoint>
            <Time>2025-07-25T12:17:24.000Z</Time>
            <Position>
              <LatitudeDegrees>43.11792662367225</LatitudeDegrees>
              <LongitudeDegrees>-2.5840046256780624</LongitudeDegrees>
            </Position>
            <AltitudeMeters>186.8000030517578</AltitudeMeters>
            <DistanceMeters>8108.72021484375</DistanceMeters>
            <HeartRateBpm>
              <Value>121</Value>
            </HeartRateBpm>
            <Cadence>81</Cadence>
            <Extensions>
              <ns3:TPX>
                <ns3:Speed>8.836000442504883</ns3:Speed>
                <ns3:Watts>170</ns3:Watts>
              </ns3:TPX>
            </Extensions>
          </Trackpoint>
          <Trackpoint>
            <Time>2025-07-25T12:17:25.000Z</Time>
            <Position>
              <LatitudeDegrees>43.11800541356206</LatitudeDegrees>
              <LongitudeDegrees>-2.5840032007545233</LongitudeDegrees>
            </Position>
            <AltitudeMeters>186.8000030517578</AltitudeMeters>
            <DistanceMeters>8117.5498046875</DistanceMeters>
            <HeartRateBpm>
              <Value>121</Value>
            </HeartRateBpm>
            <Cadence>81</Cadence>
            <Extensions>
              <ns3:TPX>
                <ns3:Speed>8.836000442504883</ns3:Speed>
                <ns3:Watts>186</ns3:Watts>
              </ns3:TPX>
            </Extensions>
          </Trackpoint>
          <Trackpoint>
            <Time>2025-07-25T12:17:26.000Z</Time>
            <Position>
              <LatitudeDegrees>43.11808571219444</LatitudeDegrees>
              <LongitudeDegrees>-2.5839986745268106</LongitudeDegrees>
            </Position>
            <AltitudeMeters>186.60000610351562</AltitudeMeters>
            <DistanceMeters>8126.39990234375</DistanceMeters>
            <HeartRateBpm>
              <Value>121</Value>
            </HeartRateBpm>
            <Cadence>80</Cadence>
            <Extensions>
              <ns3:TPX>
                <ns3:Speed>8.807999610900879</ns3:Speed>
                <ns3:Watts>186</ns3:Watts>
              </ns3:TPX>
            </Extensions>
          </Trackpoint>
          <Trackpoint>
            <Time>2025-07-25T12:17:27.000Z</Time>
            <Position>
              <LatitudeDegrees>43.11816609464586</LatitudeDegrees>
              <LongitudeDegrees>-2.583992639556527</LongitudeDegrees>
            </Position>
            <AltitudeMeters>186.39999389648438</AltitudeMeters>
            <DistanceMeters>8135.18994140625</DistanceMeters>
            <HeartRateBpm>
              <Value>121</Value>
            </HeartRateBpm>
            <Cadence>79</Cadence>
            <Extensions>
              <ns3:TPX>
                <ns3:Speed>8.817999839782715</ns3:Speed>
                <ns3:Watts>175</ns3:Watts>
              </ns3:TPX>
            </Extensions>
          </Trackpoint>
          <Trackpoint>
            <Time>2025-07-25T12:17:28.000Z</Time>
            <Position>
              <LatitudeDegrees>43.1182468123734</LatitudeDegrees>
              <LongitudeDegrees>-2.5839851796627045</LongitudeDegrees>
            </Position>
            <AltitudeMeters>186.39999389648438</AltitudeMeters>
            <DistanceMeters>8143.990234375</DistanceMeters>
            <HeartRateBpm>
              <Value>121</Value>
            </HeartRateBpm>
            <Cadence>82</Cadence>
            <Extensions>
              <ns3:TPX>
                <ns3:Speed>8.817999839782715</ns3:Speed>
                <ns3:Watts>188</ns3:Watts>
              </ns3:TPX>
            </Extensions>
          </Trackpoint>
          <Trackpoint>
            <Time>2025-07-25T12:17:29.000Z</Time>
            <Position>
              <LatitudeDegrees>43.11832702718675</LatitudeDegrees>
              <LongitudeDegrees>-2.583978306502104</LongitudeDegrees>
            </Position>
            <AltitudeMeters>186.1999969482422</AltitudeMeters>
            <DistanceMeters>8152.8798828125</DistanceMeters>
            <HeartRateBpm>
              <Value>120</Value>
            </HeartRateBpm>
            <Cadence>84</Cadence>
            <Extensions>
              <ns3:TPX>
                <ns3:Speed>8.873000144958496</ns3:Speed>
                <ns3:Watts>164</ns3:Watts>
              </ns3:TPX>
            </Extensions>
          </Trackpoint>
          <Trackpoint>
            <Time>2025-07-25T12:17:30.000Z</Time>
            <Position>
              <LatitudeDegrees>43.118407325819135</LatitudeDegrees>
              <LongitudeDegrees>-2.583977719768882</LongitudeDegrees>
            </Position>
            <AltitudeMeters>186.1999969482422</AltitudeMeters>
            <DistanceMeters>8161.72998046875</DistanceMeters>
            <HeartRateBpm>
              <Value>120</Value>
            </HeartRateBpm>
            <Cadence>81</Cadence>
            <Extensions>
              <ns3:TPX>
                <ns3:Speed>8.854999542236328</ns3:Speed>
                <ns3:Watts>210</ns3:Watts>
              </ns3:TPX>
            </Extensions>
          </Trackpoint>
          <Trackpoint>
            <Time>2025-07-25T12:17:31.000Z</Time>
            <Position>
              <LatitudeDegrees>43.11848854646087</LatitudeDegrees>
              <LongitudeDegrees>-2.583985347300768</LongitudeDegrees>
            </Position>
            <AltitudeMeters>186.0</AltitudeMeters>
            <DistanceMeters>8170.669921875</DistanceMeters>
            <HeartRateBpm>
              <Value>120</Value>
            </HeartRateBpm>
            <Cadence>84</Cadence>
            <Extensions>
              <ns3:TPX>
                <ns3:Speed>8.947999954223633</ns3:Speed>
                <ns3:Watts>216</ns3:Watts>
              </ns3:TPX>
            </Extensions>
          </Trackpoint>
          <Trackpoint>
            <Time>2025-07-25T12:17:32.000Z</Time>
            <Position>
              <LatitudeDegrees>43.11856943182647</LatitudeDegrees>
              <LongitudeDegrees>-2.5839998479932547</LongitudeDegrees>
            </Position>
            <AltitudeMeters>186.0</AltitudeMeters>
            <DistanceMeters>8179.66015625</DistanceMeters>
            <HeartRateBpm>
              <Value>121</Value>
            </HeartRateBpm>
            <Cadence>81</Cadence>
            <Extensions>
              <ns3:TPX>
                <ns3:Speed>8.984999656677246</ns3:Speed>
                <ns3:Watts>189</ns3:Watts>
              </ns3:TPX>
            </Extensions>
          </Trackpoint>
          <Trackpoint>
            <Time>2025-07-25T12:17:33.000Z</Time>
            <Position>
              <LatitudeDegrees>43.11863330192864</LatitudeDegrees>
              <LongitudeDegrees>-2.5840142648667097</LongitudeDegrees>
            </Position>
            <AltitudeMeters>185.8000030517578</AltitudeMeters>
            <DistanceMeters>8188.68017578125</DistanceMeters>
            <HeartRateBpm>
              <Value>121</Value>
            </HeartRateBpm>
            <Cadence>82</Cadence>
            <Extensions>
              <ns3:TPX>
                <ns3:Speed>9.02299976348877</ns3:Speed>
                <ns3:Watts>205</ns3:Watts>
              </ns3:TPX>
            </Extensions>
          </Trackpoint>
          <Trackpoint>
            <Time>2025-07-25T12:17:34.000Z</Time>
            <Position>
              <LatitudeDegrees>43.11872533522546</LatitudeDegrees>
              <LongitudeDegrees>-2.5840446073561907</LongitudeDegrees>
            </Position>
            <AltitudeMeters>185.60000610351562</AltitudeMeters>
            <DistanceMeters>8197.7001953125</DistanceMeters>
            <HeartRateBpm>
              <Value>120</Value>
            </HeartRateBpm>
            <Cadence>86</Cadence>
            <Extensions>
              <ns3:TPX>
                <ns3:Speed>9.02299976348877</ns3:Speed>
                <ns3:Watts>213</ns3:Watts>
              </ns3:TPX>
            </Extensions>
          </Trackpoint>
          <Trackpoint>
            <Time>2025-07-25T12:17:35.000Z</Time>
            <Position>
              <LatitudeDegrees>43.11880228109658</LatitudeDegrees>
              <LongitudeDegrees>-2.584080398082733</LongitudeDegrees>
            </Position>
            <AltitudeMeters>185.60000610351562</AltitudeMeters>
            <DistanceMeters>8206.7197265625</DistanceMeters>
            <HeartRateBpm>
              <Value>120</Value>
            </HeartRateBpm>
            <Cadence>86</Cadence>
            <Extensions>
              <ns3:TPX>
                <ns3:Speed>9.02299976348877</ns3:Speed>
                <ns3:Watts>210</ns3:Watts>
              </ns3:TPX>
            </Extensions>
          </Trackpoint>
          <Trackpoint>
            <Time>2025-07-25T12:17:36.000Z</Time>
            <Position>
              <LatitudeDegrees>43.118875874206424</LatitudeDegrees>
              <LongitudeDegrees>-2.584120212122798</LongitudeDegrees>
            </Position>
            <AltitudeMeters>185.60000610351562</AltitudeMeters>
            <DistanceMeters>8215.759765625</DistanceMeters>
            <HeartRateBpm>
              <Value>120</Value>
            </HeartRateBpm>
            <Cadence>85</Cadence>
            <Extensions>
              <ns3:TPX>
                <ns3:Speed>9.031999588012695</ns3:Speed>
                <ns3:Watts>210</ns3:Watts>
              </ns3:TPX>
            </Extensions>
          </Trackpoint>
          <Trackpoint>
            <Time>2025-07-25T12:17:37.000Z</Time>
            <Position>
              <LatitudeDegrees>43.118951395154</LatitudeDegrees>
              <LongitudeDegrees>-2.584159942343831</LongitudeDegrees>
            </Position>
            <AltitudeMeters>185.39999389648438</AltitudeMeters>
            <DistanceMeters>8224.7900390625</DistanceMeters>
            <HeartRateBpm>
              <Value>120</Value>
            </HeartRateBpm>
            <Cadence>84</Cadence>
            <Extensions>
              <ns3:TPX>
                <ns3:Speed>9.02299976348877</ns3:Speed>
                <ns3:Watts>213</ns3:Watts>
              </ns3:TPX>
            </Extensions>
          </Trackpoint>
          <Trackpoint>
            <Time>2025-07-25T12:17:38.000Z</Time>
            <Position>
              <LatitudeDegrees>43.11902415007353</LatitudeDegrees>
              <LongitudeDegrees>-2.5842031091451645</LongitudeDegrees>
            </Position>
            <AltitudeMeters>185.39999389648438</AltitudeMeters>
            <DistanceMeters>8233.83984375</DistanceMeters>
            <HeartRateBpm>
              <Value>120</Value>
            </HeartRateBpm>
            <Cadence>81</Cadence>
            <Extensions>
              <ns3:TPX>
                <ns3:Speed>9.0600004196167</ns3:Speed>
                <ns3:Watts>224</ns3:Watts>
              </ns3:TPX>
            </Extensions>
          </Trackpoint>
          <Trackpoint>
            <Time>2025-07-25T12:17:39.000Z</Time>
            <Position>
              <LatitudeDegrees>43.11909757554531</LatitudeDegrees>
              <LongitudeDegrees>-2.5842487905174494</LongitudeDegrees>
            </Position>
            <AltitudeMeters>185.39999389648438</AltitudeMeters>
            <DistanceMeters>8242.900390625</DistanceMeters>
            <HeartRateBpm>
              <Value>120</Value>
            </HeartRateBpm>
            <Cadence>84</Cadence>
            <Extensions>
              <ns3:TPX>
                <ns3:Speed>9.0600004196167</ns3:Speed>
                <ns3:Watts>291</ns3:Watts>
              </ns3:TPX>
            </Extensions>
          </Trackpoint>
          <Trackpoint>
            <Time>2025-07-25T12:17:40.000Z</Time>
            <Position>
              <LatitudeDegrees>43.11917334794998</LatitudeDegrees>
              <LongitudeDegrees>-2.584289526566863</LongitudeDegrees>
            </Position>
            <AltitudeMeters>185.39999389648438</AltitudeMeters>
            <DistanceMeters>8252.0400390625</DistanceMeters>
            <HeartRateBpm>
              <Value>125</Value>
            </HeartRateBpm>
            <Cadence>81</Cadence>
            <Extensions>
              <ns3:TPX>
                <ns3:Speed>9.135000228881836</ns3:Speed>
                <ns3:Watts>233</ns3:Watts>
              </ns3:TPX>
            </Extensions>
          </Trackpoint>
          <Trackpoint>
            <Time>2025-07-25T12:17:41.000Z</Time>
            <Position>
              <LatitudeDegrees>43.119252221658826</LatitudeDegrees>
              <LongitudeDegrees>-2.5843259878456593</LongitudeDegrees>
            </Position>
            <AltitudeMeters>184.8000030517578</AltitudeMeters>
            <DistanceMeters>8261.2001953125</DistanceMeters>
            <HeartRateBpm>
              <Value>125</Value>
            </HeartRateBpm>
            <Cadence>86</Cadence>
            <Extensions>
              <ns3:TPX>
                <ns3:Speed>9.163000106811523</ns3:Speed>
                <ns3:Watts>185</ns3:Watts>
              </ns3:TPX>
            </Extensions>
          </Trackpoint>
          <Trackpoint>
            <Time>2025-07-25T12:17:42.000Z</Time>
            <Position>
              <LatitudeDegrees>43.119329921901226</LatitudeDegrees>
              <LongitudeDegrees>-2.5843673944473267</LongitudeDegrees>
            </Position>
            <AltitudeMeters>184.60000610351562</AltitudeMeters>
            <DistanceMeters>8270.3603515625</DistanceMeters>
            <HeartRateBpm>
              <Value>125</Value>
            </HeartRateBpm>
            <Cadence>85</Cadence>
            <Extensions>
              <ns3:TPX>
                <ns3:Speed>9.163000106811523</ns3:Speed>
                <ns3:Watts>147</ns3:Watts>
              </ns3:TPX>
            </Extensions>
          </Trackpoint>
          <Trackpoint>
            <Time>2025-07-25T12:17:43.000Z</Time>
            <Position>
              <LatitudeDegrees>43.11937375925481</LatitudeDegrees>
              <LongitudeDegrees>-2.584395809099078</LongitudeDegrees>
            </Position>
            <AltitudeMeters>184.39999389648438</AltitudeMeters>
            <DistanceMeters>8279.5302734375</DistanceMeters>
            <HeartRateBpm>
              <Value>125</Value>
            </HeartRateBpm>
            <Cadence>85</Cadence>
            <Extensions>
              <ns3:TPX>
                <ns3:Speed>9.163000106811523</ns3:Speed>
                <ns3:Watts>164</ns3:Watts>
              </ns3:TPX>
            </Extensions>
          </Trackpoint>
          <Trackpoint>
            <Time>2025-07-25T12:17:44.000Z</Time>
            <Position>
              <LatitudeDegrees>43.119447687640786</LatitudeDegrees>
              <LongitudeDegrees>-2.5844416581094265</LongitudeDegrees>
            </Position>
            <AltitudeMeters>184.1999969482422</AltitudeMeters>
            <DistanceMeters>8288.580078125</DistanceMeters>
            <HeartRateBpm>
              <Value>125</Value>
            </HeartRateBpm>
            <Cadence>83</Cadence>
            <Extensions>
              <ns3:TPX>
                <ns3:Speed>9.050999641418457</ns3:Speed>
                <ns3:Watts>164</ns3:Watts>
              </ns3:TPX>
            </Extensions>
          </Trackpoint>
          <Trackpoint>
            <Time>2025-07-25T12:17:45.000Z</Time>
            <Position>
              <LatitudeDegrees>43.119507199153304</LatitudeDegrees>
              <LongitudeDegrees>-2.58447602391243</LongitudeDegrees>
            </Position>
            <AltitudeMeters>183.8000030517578</AltitudeMeters>
            <DistanceMeters>8297.509765625</DistanceMeters>
            <HeartRateBpm>
              <Value>124</Value>
            </HeartRateBpm>
            <Cadence>80</Cadence>
            <Extensions>
              <ns3:TPX>
                <ns3:Speed>8.928999900817871</ns3:Speed>
                <ns3:Watts>171</ns3:Watts>
              </ns3:TPX>
            </Extensions>
          </Trackpoint>
          <Trackpoint>
            <Time>2025-07-25T12:17:46.000Z</Time>
            <Position>
              <LatitudeDegrees>43.119625048711896</LatitudeDegrees>
              <LongitudeDegrees>-2.5845417380332947</LongitudeDegrees>
            </Position>
            <AltitudeMeters>183.8000030517578</AltitudeMeters>
            <DistanceMeters>8306.4296875</DistanceMeters>
            <HeartRateBpm>
              <Value>123</Value>
            </HeartRateBpm>
            <Cadence>79</Cadence>
            <Extensions>
              <ns3:TPX>
                <ns3:Speed>8.928999900817871</ns3:Speed>
                <ns3:Watts>164</ns3:Watts>
              </ns3:TPX>
            </Extensions>
          </Trackpoint>
          <Trackpoint>
            <Time>2025-07-25T12:17:47.000Z</Time>
            <Position>
              <LatitudeDegrees>43.11969755217433</LatitudeDegrees>
              <LongitudeDegrees>-2.584583479911089</LongitudeDegrees>
            </Position>
            <AltitudeMeters>184.0</AltitudeMeters>
            <DistanceMeters>8315.33984375</DistanceMeters>
            <HeartRateBpm>
              <Value>122</Value>
            </HeartRateBpm>
            <Cadence>84</Cadence>
            <Extensions>
              <ns3:TPX>
                <ns3:Speed>8.892000198364258</ns3:Speed>
                <ns3:Watts>153</ns3:Watts>
              </ns3:TPX>
            </Extensions>
          </Trackpoint>
          <Trackpoint>
            <Time>2025-07-25T12:17:48.000Z</Time>
            <Position>
              <LatitudeDegrees>43.11977382749319</LatitudeDegrees>
              <LongitudeDegrees>-2.5846221204847097</LongitudeDegrees>
            </Position>
            <AltitudeMeters>184.0</AltitudeMeters>
            <DistanceMeters>8324.2900390625</DistanceMeters>
            <HeartRateBpm>
              <Value>122</Value>
            </HeartRateBpm>
            <Cadence>82</Cadence>
            <Extensions>
              <ns3:TPX>
                <ns3:Speed>8.967000007629395</ns3:Speed>
                <ns3:Watts>154</ns3:Watts>
              </ns3:TPX>
            </Extensions>
          </Trackpoint>
          <Trackpoint>
            <Time>2025-07-25T12:17:49.000Z</Time>
            <Position>
              <LatitudeDegrees>43.11985018663108</LatitudeDegrees>
              <LongitudeDegrees>-2.5846642814576626</LongitudeDegrees>
            </Position>
            <AltitudeMeters>183.8000030517578</AltitudeMeters>
            <DistanceMeters>8333.330078125</DistanceMeters>
            <HeartRateBpm>
              <Value>121</Value>
            </HeartRateBpm>
            <Cadence>84</Cadence>
            <Extensions>
              <ns3:TPX>
                <ns3:Speed>9.02299976348877</ns3:Speed>
                <ns3:Watts>168</ns3:Watts>
              </ns3:TPX>
            </Extensions>
          </Trackpoint>
          <Trackpoint>
            <Time>2025-07-25T12:17:50.000Z</Time>
            <Position>
              <LatitudeDegrees>43.119926545768976</LatitudeDegrees>
              <LongitudeDegrees>-2.5847038440406322</LongitudeDegrees>
            </Position>
            <AltitudeMeters>183.60000610351562</AltitudeMeters>
            <DistanceMeters>8342.419921875</DistanceMeters>
            <HeartRateBpm>
              <Value>121</Value>
            </HeartRateBpm>
            <Cadence>84</Cadence>
            <Extensions>
              <ns3:TPX>
                <ns3:Speed>9.097000122070312</ns3:Speed>
                <ns3:Watts>141</ns3:Watts>
              </ns3:TPX>
            </Extensions>
          </Trackpoint>
          <Trackpoint>
            <Time>2025-07-25T12:17:51.000Z</Time>
            <Position>
              <LatitudeDegrees>43.120003240182996</LatitudeDegrees>
              <LongitudeDegrees>-2.5847413949668407</LongitudeDegrees>
            </Position>
            <AltitudeMeters>183.60000610351562</AltitudeMeters>
            <DistanceMeters>8351.6201171875</DistanceMeters>
            <HeartRateBpm>
              <Value>121</Value>
            </HeartRateBpm>
            <Cadence>81</Cadence>
            <Extensions>
              <ns3:TPX>
                <ns3:Speed>9.199999809265137</ns3:Speed>
                <ns3:Watts>160</ns3:Watts>
              </ns3:TPX>
            </Extensions>
          </Trackpoint>
          <Trackpoint>
            <Time>2025-07-25T12:17:52.000Z</Time>
            <Position>
              <LatitudeDegrees>43.120080353692174</LatitudeDegrees>
              <LongitudeDegrees>-2.5847807060927153</LongitudeDegrees>
            </Position>
            <AltitudeMeters>183.39999389648438</AltitudeMeters>
            <DistanceMeters>8360.8095703125</DistanceMeters>
            <HeartRateBpm>
              <Value>121</Value>
            </HeartRateBpm>
            <Cadence>86</Cadence>
            <Extensions>
              <ns3:TPX>
                <ns3:Speed>9.199999809265137</ns3:Speed>
                <ns3:Watts>168</ns3:Watts>
              </ns3:TPX>
            </Extensions>
          </Trackpoint>
          <Trackpoint>
            <Time>2025-07-25T12:17:53.000Z</Time>
            <Position>
              <LatitudeDegrees>43.12015704810619</LatitudeDegrees>
              <LongitudeDegrees>-2.584821190685034</LongitudeDegrees>
            </Position>
            <AltitudeMeters>183.39999389648438</AltitudeMeters>
            <DistanceMeters>8370.0302734375</DistanceMeters>
            <HeartRateBpm>
              <Value>121</Value>
            </HeartRateBpm>
            <Cadence>82</Cadence>
            <Extensions>
              <ns3:TPX>
                <ns3:Speed>9.218999862670898</ns3:Speed>
                <ns3:Watts>184</ns3:Watts>
              </ns3:TPX>
            </Extensions>
          </Trackpoint>
          <Trackpoint>
            <Time>2025-07-25T12:17:54.000Z</Time>
            <Position>
              <LatitudeDegrees>43.12023550271988</LatitudeDegrees>
              <LongitudeDegrees>-2.5848643574863672</LongitudeDegrees>
            </Position>
            <AltitudeMeters>183.0</AltitudeMeters>
            <DistanceMeters>8379.3203125</DistanceMeters>
            <HeartRateBpm>
              <Value>121</Value>
            </HeartRateBpm>
            <Cadence>87</Cadence>
            <Extensions>
              <ns3:TPX>
                <ns3:Speed>9.274999618530273</ns3:Speed>
                <ns3:Watts>184</ns3:Watts>
              </ns3:TPX>
            </Extensions>
          </Trackpoint>
          <Trackpoint>
            <Time>2025-07-25T12:17:55.000Z</Time>
            <Position>
              <LatitudeDegrees>43.12031437642872</LatitudeDegrees>
              <LongitudeDegrees>-2.5849072728306055</LongitudeDegrees>
            </Position>
            <AltitudeMeters>182.8000030517578</AltitudeMeters>
            <DistanceMeters>8388.650390625</DistanceMeters>
            <HeartRateBpm>
              <Value>120</Value>
            </HeartRateBpm>
            <Cadence>84</Cadence>
            <Extensions>
              <ns3:TPX>
                <ns3:Speed>9.34000015258789</ns3:Speed>
                <ns3:Watts>177</ns3:Watts>
              </ns3:TPX>
            </Extensions>
          </Trackpoint>
          <Trackpoint>
            <Time>2025-07-25T12:17:56.000Z</Time>
            <Position>
              <LatitudeDegrees>43.12037715688348</LatitudeDegrees>
              <LongitudeDegrees>-2.584942476823926</LongitudeDegrees>
            </Position>
            <AltitudeMeters>182.8000030517578</AltitudeMeters>
            <DistanceMeters>8398.0595703125</DistanceMeters>
            <HeartRateBpm>
              <Value>120</Value>
            </HeartRateBpm>
            <Cadence>90</Cadence>
            <Extensions>
              <ns3:TPX>
                <ns3:Speed>9.404999732971191</ns3:Speed>
                <ns3:Watts>183</ns3:Watts>
              </ns3:TPX>
            </Extensions>
          </Trackpoint>
          <Trackpoint>
            <Time>2025-07-25T12:17:57.000Z</Time>
            <Position>
              <LatitudeDegrees>43.120457623153925</LatitudeDegrees>
              <LongitudeDegrees>-2.584984889253974</LongitudeDegrees>
            </Position>
            <AltitudeMeters>182.60000610351562</AltitudeMeters>
            <DistanceMeters>8407.5400390625</DistanceMeters>
            <HeartRateBpm>
              <Value>120</Value>
            </HeartRateBpm>
            <Cadence>86</Cadence>
            <Extensions>
              <ns3:TPX>
                <ns3:Speed>9.48900032043457</ns3:Speed>
                <ns3:Watts>176</ns3:Watts>
              </ns3:TPX>
            </Extensions>
          </Trackpoint>
          <Trackpoint>
            <Time>2025-07-25T12:17:58.000Z</Time>
            <Position>
              <LatitudeDegrees>43.12055468559265</LatitudeDegrees>
              <LongitudeDegrees>-2.5850350968539715</LongitudeDegrees>
            </Position>
            <AltitudeMeters>182.39999389648438</AltitudeMeters>
            <DistanceMeters>8417.0703125</DistanceMeters>
            <HeartRateBpm>
              <Value>120</Value>
            </HeartRateBpm>
            <Cadence>90</Cadence>
            <Extensions>
              <ns3:TPX>
                <ns3:Speed>9.527000427246094</ns3:Speed>
                <ns3:Watts>161</ns3:Watts>
              </ns3:TPX>
            </Extensions>
          </Trackpoint>
          <Trackpoint>
            <Time>2025-07-25T12:17:59.000Z</Time>
            <Position>
              <LatitudeDegrees>43.120619812980294</LatitudeDegrees>
              <LongitudeDegrees>-2.5850680377334356</LongitudeDegrees>
            </Position>
            <AltitudeMeters>181.8000030517578</AltitudeMeters>
            <DistanceMeters>8426.6396484375</DistanceMeters>
            <HeartRateBpm>
              <Value>120</Value>
            </HeartRateBpm>
            <Cadence>92</Cadence>
            <Extensions>
              <ns3:TPX>
                <ns3:Speed>9.572999954223633</ns3:Speed>
                <ns3:Watts>155</ns3:Watts>
              </ns3:TPX>
            </Extensions>
          </Trackpoint>
          <Trackpoint>
            <Time>2025-07-25T12:18:00.000Z</Time>
            <Position>
              <LatitudeDegrees>43.12070111744106</LatitudeDegrees>
              <LongitudeDegrees>-2.5851071812212467</LongitudeDegrees>
            </Position>
            <AltitudeMeters>181.8000030517578</AltitudeMeters>
            <DistanceMeters>8436.23046875</DistanceMeters>
            <HeartRateBpm>
              <Value>120</Value>
            </HeartRateBpm>
            <Cadence>85</Cadence>
            <Extensions>
              <ns3:TPX>
                <ns3:Speed>9.592000007629395</ns3:Speed>
                <ns3:Watts>158</ns3:Watts>
              </ns3:TPX>
            </Extensions>
          </Trackpoint>
          <Trackpoint>
            <Time>2025-07-25T12:18:01.000Z</Time>
            <Position>
              <LatitudeDegrees>43.12079801224172</LatitudeDegrees>
              <LongitudeDegrees>-2.585160657763481</LongitudeDegrees>
            </Position>
            <AltitudeMeters>181.60000610351562</AltitudeMeters>
            <DistanceMeters>8445.830078125</DistanceMeters>
            <HeartRateBpm>
              <Value>128</Value>
            </HeartRateBpm>
            <Cadence>85</Cadence>
            <Extensions>
              <ns3:TPX>
                <ns3:Speed>9.592000007629395</ns3:Speed>
                <ns3:Watts>164</ns3:Watts>
              </ns3:TPX>
            </Extensions>
          </Trackpoint>
          <Trackpoint>
            <Time>2025-07-25T12:18:02.000Z</Time>
            <Position>
              <LatitudeDegrees>43.1208785623312</LatitudeDegrees>
              <LongitudeDegrees>-2.5852065067738295</LongitudeDegrees>
            </Position>
            <AltitudeMeters>181.39999389648438</AltitudeMeters>
            <DistanceMeters>8455.4599609375</DistanceMeters>
            <HeartRateBpm>
              <Value>128</Value>
            </HeartRateBpm>
            <Cadence>86</Cadence>
            <Extensions>
              <ns3:TPX>
                <ns3:Speed>9.628999710083008</ns3:Speed>
                <ns3:Watts>164</ns3:Watts>
              </ns3:TPX>
            </Extensions>
          </Trackpoint>
          <Trackpoint>
            <Time>2025-07-25T12:18:03.000Z</Time>
            <Position>
              <LatitudeDegrees>43.1209578551352</LatitudeDegrees>
              <LongitudeDegrees>-2.5852524396032095</LongitudeDegrees>
            </Position>
            <AltitudeMeters>181.1999969482422</AltitudeMeters>
            <DistanceMeters>8465.1103515625</DistanceMeters>
            <HeartRateBpm>
              <Value>128</Value>
            </HeartRateBpm>
            <Cadence>95</Cadence>
            <Extensions>
              <ns3:TPX>
                <ns3:Speed>9.656999588012695</ns3:Speed>
                <ns3:Watts>181</ns3:Watts>
              </ns3:TPX>
            </Extensions>
          </Trackpoint>
          <Trackpoint>
            <Time>2025-07-25T12:18:04.000Z</Time>
            <Position>
              <LatitudeDegrees>43.121021473780274</LatitudeDegrees>
              <LongitudeDegrees>-2.5852875597774982</LongitudeDegrees>
            </Position>
            <AltitudeMeters>181.0</AltitudeMeters>
            <DistanceMeters>8474.7900390625</DistanceMeters>
            <HeartRateBpm>
              <Value>128</Value>
            </HeartRateBpm>
            <Cadence>85</Cadence>
            <Extensions>
              <ns3:TPX>
                <ns3:Speed>9.638999938964844</ns3:Speed>
                <ns3:Watts>188</ns3:Watts>
              </ns3:TPX>
            </Extensions>
          </Trackpoint>
          <Trackpoint>
            <Time>2025-07-25T12:18:05.000Z</Time>
            <Position>
              <LatitudeDegrees>43.12110076658428</LatitudeDegrees>
              <LongitudeDegrees>-2.585330307483673</LongitudeDegrees>
            </Position>
            <AltitudeMeters>180.8000030517578</AltitudeMeters>
            <DistanceMeters>8484.400390625</DistanceMeters>
            <HeartRateBpm>
              <Value>126</Value>
            </HeartRateBpm>
            <Cadence>85</Cadence>
            <Extensions>
              <ns3:TPX>
                <ns3:Speed>9.638999938964844</ns3:Speed>
                <ns3:Watts>172</ns3:Watts>
              </ns3:TPX>
            </Extensions>
          </Trackpoint>
          <Trackpoint>
            <Time>2025-07-25T12:18:06.000Z</Time>
            <Position>
              <LatitudeDegrees>43.12119715847075</LatitudeDegrees>
              <LongitudeDegrees>-2.5853823591023684</LongitudeDegrees>
            </Position>
            <AltitudeMeters>180.60000610351562</AltitudeMeters>
            <DistanceMeters>8494.0</DistanceMeters>
            <HeartRateBpm>
              <Value>126</Value>
            </HeartRateBpm>
            <Cadence>85</Cadence>
            <Extensions>
              <ns3:TPX>
                <ns3:Speed>9.583000183105469</ns3:Speed>
                <ns3:Watts>172</ns3:Watts>
              </ns3:TPX>
            </Extensions>
          </Trackpoint>
          <Trackpoint>
            <Time>2025-07-25T12:18:07.000Z</Time>
            <Position>
              <LatitudeDegrees>43.12127796001732</LatitudeDegrees>
              <LongitudeDegrees>-2.5854249391704798</LongitudeDegrees>
            </Position>
            <AltitudeMeters>180.60000610351562</AltitudeMeters>
            <DistanceMeters>8503.58984375</DistanceMeters>
            <HeartRateBpm>
              <Value>124</Value>
            </HeartRateBpm>
            <Cadence>92</Cadence>
            <Extensions>
              <ns3:TPX>
                <ns3:Speed>9.619999885559082</ns3:Speed>
                <ns3:Watts>176</ns3:Watts>
              </ns3:TPX>
            </Extensions>
          </Trackpoint>
          <Trackpoint>
            <Time>2025-07-25T12:18:08.000Z</Time>
            <Position>
              <LatitudeDegrees>43.1213587615639</LatitudeDegrees>
              <LongitudeDegrees>-2.5854694470763206</LongitudeDegrees>
            </Position>
            <AltitudeMeters>180.39999389648438</AltitudeMeters>
            <DistanceMeters>8513.2001953125</DistanceMeters>
            <HeartRateBpm>
              <Value>123</Value>
            </HeartRateBpm>
            <Cadence>87</Cadence>
            <Extensions>
              <ns3:TPX>
                <ns3:Speed>9.60099983215332</ns3:Speed>
                <ns3:Watts>175</ns3:Watts>
              </ns3:TPX>
            </Extensions>
          </Trackpoint>
          <Trackpoint>
            <Time>2025-07-25T12:18:09.000Z</Time>
            <Position>
              <LatitudeDegrees>43.12142338603735</LatitudeDegrees>
              <LongitudeDegrees>-2.585507333278656</LongitudeDegrees>
            </Position>
            <AltitudeMeters>180.1999969482422</AltitudeMeters>
            <DistanceMeters>8522.7802734375</DistanceMeters>
            <HeartRateBpm>
              <Value>123</Value>
            </HeartRateBpm>
            <Cadence>90</Cadence>
            <Extensions>
              <ns3:TPX>
                <ns3:Speed>9.583000183105469</ns3:Speed>
                <ns3:Watts>192</ns3:Watts>
              </ns3:TPX>
            </Extensions>
          </Trackpoint>
          <Trackpoint>
            <Time>2025-07-25T12:18:10.000Z</Time>
            <Position>
              <LatitudeDegrees>43.12151818536222</LatitudeDegrees>
              <LongitudeDegrees>-2.5855618994683027</LongitudeDegrees>
            </Position>
            <AltitudeMeters>180.1999969482422</AltitudeMeters>
            <DistanceMeters>8532.26953125</DistanceMeters>
            <HeartRateBpm>
              <Value>123</Value>
            </HeartRateBpm>
            <Cadence>86</Cadence>
            <Extensions>
              <ns3:TPX>
                <ns3:Speed>9.48900032043457</ns3:Speed>
                <ns3:Watts>184</ns3:Watts>
              </ns3:TPX>
            </Extensions>
          </Trackpoint>
          <Trackpoint>
            <Time>2025-07-25T12:18:11.000Z</Time>
            <Position>
              <LatitudeDegrees>43.121597142890096</LatitudeDegrees>
              <LongitudeDegrees>-2.585611268877983</LongitudeDegrees>
            </Position>
            <AltitudeMeters>180.0</AltitudeMeters>
            <DistanceMeters>8541.75</DistanceMeters>
            <HeartRateBpm>
              <Value>123</Value>
            </HeartRateBpm>
            <Cadence>86</Cadence>
            <Extensions>
              <ns3:TPX>
                <ns3:Speed>9.48900032043457</ns3:Speed>
                <ns3:Watts>170</ns3:Watts>
              </ns3:TPX>
            </Extensions>
          </Trackpoint>
          <Trackpoint>
            <Time>2025-07-25T12:18:12.000Z</Time>
            <Position>
              <LatitudeDegrees>43.12167492695153</LatitudeDegrees>
              <LongitudeDegrees>-2.5856648292392492</LongitudeDegrees>
            </Position>
            <AltitudeMeters>179.8000030517578</AltitudeMeters>
            <DistanceMeters>8551.33984375</DistanceMeters>
            <HeartRateBpm>
              <Value>122</Value>
            </HeartRateBpm>
            <Cadence>87</Cadence>
            <Extensions>
              <ns3:TPX>
                <ns3:Speed>9.583000183105469</ns3:Speed>
                <ns3:Watts>170</ns3:Watts>
              </ns3:TPX>
            </Extensions>
          </Trackpoint>
          <Trackpoint>
            <Time>2025-07-25T12:18:13.000Z</Time>
            <Position>
              <LatitudeDegrees>43.121751537546515</LatitudeDegrees>
              <LongitudeDegrees>-2.585726687684655</LongitudeDegrees>
            </Position>
            <AltitudeMeters>179.8000030517578</AltitudeMeters>
            <DistanceMeters>8561.0498046875</DistanceMeters>
            <HeartRateBpm>
              <Value>122</Value>
            </HeartRateBpm>
            <Cadence>92</Cadence>
            <Extensions>
              <ns3:TPX>
                <ns3:Speed>9.713000297546387</ns3:Speed>
                <ns3:Watts>180</ns3:Watts>
              </ns3:TPX>
            </Extensions>
          </Trackpoint>
          <Trackpoint>
            <Time>2025-07-25T12:18:14.000Z</Time>
            <Position>
              <LatitudeDegrees>43.121807696297765</LatitudeDegrees>
              <LongitudeDegrees>-2.58578360080719</LongitudeDegrees>
            </Position>
            <AltitudeMeters>179.60000610351562</AltitudeMeters>
            <DistanceMeters>8570.7197265625</DistanceMeters>
            <HeartRateBpm>
              <Value>122</Value>
            </HeartRateBpm>
            <Cadence>86</Cadence>
            <Extensions>
              <ns3:TPX>
                <ns3:Speed>9.666999816894531</ns3:Speed>
                <ns3:Watts>169</ns3:Watts>
              </ns3:TPX>
            </Extensions>
          </Trackpoint>
          <Trackpoint>
            <Time>2025-07-25T12:18:15.000Z</Time>
            <Position>
              <LatitudeDegrees>43.12188413925469</LatitudeDegrees>
              <LongitudeDegrees>-2.5858782324939966</LongitudeDegrees>
            </Position>
            <AltitudeMeters>179.60000610351562</AltitudeMeters>
            <DistanceMeters>8580.3701171875</DistanceMeters>
            <HeartRateBpm>
              <Value>122</Value>
            </HeartRateBpm>
            <Cadence>90</Cadence>
            <Extensions>
              <ns3:TPX>
                <ns3:Speed>9.64799976348877</ns3:Speed>
                <ns3:Watts>166</ns3:Watts>
              </ns3:TPX>
            </Extensions>
          </Trackpoint>
          <Trackpoint>
            <Time>2025-07-25T12:18:16.000Z</Time>
            <Position>
              <LatitudeDegrees>43.121944991871715</LatitudeDegrees>
              <LongitudeDegrees>-2.585964733734727</LongitudeDegrees>
            </Position>
            <AltitudeMeters>179.39999389648438</AltitudeMeters>
            <DistanceMeters>8590.009765625</DistanceMeters>
            <HeartRateBpm>
              <Value>122</Value>
            </HeartRateBpm>
            <Cadence>90</Cadence>
            <Extensions>
              <ns3:TPX>
                <ns3:Speed>9.64799976348877</ns3:Speed>
                <ns3:Watts>196</ns3:Watts>
              </ns3:TPX>
            </Extensions>
          </Trackpoint>
          <Trackpoint>
            <Time>2025-07-25T12:18:17.000Z</Time>
            <Position>
              <LatitudeDegrees>43.122003162279725</LatitudeDegrees>
              <LongitudeDegrees>-2.586053078994155</LongitudeDegrees>
            </Position>
            <AltitudeMeters>179.39999389648438</AltitudeMeters>
            <DistanceMeters>8599.6396484375</DistanceMeters>
            <HeartRateBpm>
              <Value>122</Value>
            </HeartRateBpm>
            <Cadence>91</Cadence>
            <Extensions>
              <ns3:TPX>
                <ns3:Speed>9.628999710083008</ns3:Speed>
                <ns3:Watts>196</ns3:Watts>
              </ns3:TPX>
            </Extensions>
          </Trackpoint>
          <Trackpoint>
            <Time>2025-07-25T12:18:18.000Z</Time>
            <Position>
              <LatitudeDegrees>43.12204926274717</LatitudeDegrees>
              <LongitudeDegrees>-2.58612172678113</LongitudeDegrees>
            </Position>
            <AltitudeMeters>179.1999969482422</AltitudeMeters>
            <DistanceMeters>8609.2001953125</DistanceMeters>
            <HeartRateBpm>
              <Value>121</Value>
            </HeartRateBpm>
            <Cadence>83</Cadence>
            <Extensions>
              <ns3:TPX>
                <ns3:Speed>9.555000305175781</ns3:Speed>
                <ns3:Watts>185</ns3:Watts>
              </ns3:TPX>
            </Extensions>
          </Trackpoint>
          <Trackpoint>
            <Time>2025-07-25T12:18:19.000Z</Time>
            <Position>
              <LatitudeDegrees>43.12210944481194</LatitudeDegrees>
              <LongitudeDegrees>-2.5862054619938135</LongitudeDegrees>
            </Position>
            <AltitudeMeters>179.0</AltitudeMeters>
            <DistanceMeters>8618.66015625</DistanceMeters>
            <HeartRateBpm>
              <Value>120</Value>
            </HeartRateBpm>
            <Cadence>92</Cadence>
            <Extensions>
              <ns3:TPX>
                <ns3:Speed>9.45199966430664</ns3:Speed>
                <ns3:Watts>195</ns3:Watts>
              </ns3:TPX>
            </Extensions>
          </Trackpoint>
          <Trackpoint>
            <Time>2025-07-25T12:18:20.000Z</Time>
            <Position>
              <LatitudeDegrees>43.12218119390309</LatitudeDegrees>
              <LongitudeDegrees>-2.5863056257367134</LongitudeDegrees>
            </Position>
            <AltitudeMeters>178.8000030517578</AltitudeMeters>
            <DistanceMeters>8627.9697265625</DistanceMeters>
            <HeartRateBpm>
              <Value>120</Value>
            </HeartRateBpm>
            <Cadence>86</Cadence>
            <Extensions>
              <ns3:TPX>
                <ns3:Speed>9.321000099182129</ns3:Speed>
                <ns3:Watts>186</ns3:Watts>
              </ns3:TPX>
            </Extensions>
          </Trackpoint>
          <Trackpoint>
            <Time>2025-07-25T12:18:21.000Z</Time>
            <Position>
              <LatitudeDegrees>43.12223894521594</LatitudeDegrees>
              <LongitudeDegrees>-2.5863874331116676</LongitudeDegrees>
            </Position>
            <AltitudeMeters>178.8000030517578</AltitudeMeters>
            <DistanceMeters>8637.259765625</DistanceMeters>
            <HeartRateBpm>
              <Value>120</Value>
            </HeartRateBpm>
            <Cadence>81</Cadence>
            <Extensions>
              <ns3:TPX>
                <ns3:Speed>9.284000396728516</ns3:Speed>
                <ns3:Watts>183</ns3:Watts>
              </ns3:TPX>
            </Extensions>
          </Trackpoint>
          <Trackpoint>
            <Time>2025-07-25T12:18:22.000Z</Time>
            <Position>
              <LatitudeDegrees>43.12229719944298</LatitudeDegrees>
              <LongitudeDegrees>-2.58646572008729</LongitudeDegrees>
            </Position>
            <AltitudeMeters>178.60000610351562</AltitudeMeters>
            <DistanceMeters>8646.4404296875</DistanceMeters>
            <HeartRateBpm>
              <Value>120</Value>
            </HeartRateBpm>
            <Cadence>85</Cadence>
            <Extensions>
              <ns3:TPX>
                <ns3:Speed>9.180999755859375</ns3:Speed>
                <ns3:Watts>175</ns3:Watts>
              </ns3:TPX>
            </Extensions>
          </Trackpoint>
          <Trackpoint>
            <Time>2025-07-25T12:18:23.000Z</Time>
            <Position>
              <LatitudeDegrees>43.12235629186034</LatitudeDegrees>
              <LongitudeDegrees>-2.58654048666358</LongitudeDegrees>
            </Position>
            <AltitudeMeters>178.39999389648438</AltitudeMeters>
            <DistanceMeters>8655.599609375</DistanceMeters>
            <HeartRateBpm>
              <Value>120</Value>
            </HeartRateBpm>
            <Cadence>84</Cadence>
            <Extensions>
              <ns3:TPX>
                <ns3:Speed>9.163000106811523</ns3:Speed>
                <ns3:Watts>187</ns3:Watts>
              </ns3:TPX>
            </Extensions>
          </Trackpoint>
          <Trackpoint>
            <Time>2025-07-25T12:18:24.000Z</Time>
            <Position>
              <LatitudeDegrees>43.12241731211543</LatitudeDegrees>
              <LongitudeDegrees>-2.5866139959543943</LongitudeDegrees>
            </Position>
            <AltitudeMeters>178.39999389648438</AltitudeMeters>
            <DistanceMeters>8664.669921875</DistanceMeters>
            <HeartRateBpm>
              <Value>120</Value>
            </HeartRateBpm>
            <Cadence>85</Cadence>
            <Extensions>
              <ns3:TPX>
                <ns3:Speed>9.069000244140625</ns3:Speed>
                <ns3:Watts>164</ns3:Watts>
              </ns3:TPX>
            </Extensions>
          </Trackpoint>
          <Trackpoint>
            <Time>2025-07-25T12:18:25.000Z</Time>
            <Position>
              <LatitudeDegrees>43.12248017638922</LatitudeDegrees>
              <LongitudeDegrees>-2.586684487760067</LongitudeDegrees>
            </Position>
            <AltitudeMeters>178.1999969482422</AltitudeMeters>
            <DistanceMeters>8673.6904296875</DistanceMeters>
            <HeartRateBpm>
              <Value>120</Value>
            </HeartRateBpm>
            <Cadence>84</Cadence>
            <Extensions>
              <ns3:TPX>
                <ns3:Speed>9.02299976348877</ns3:Speed>
                <ns3:Watts>181</ns3:Watts>
              </ns3:TPX>
            </Extensions>
          </Trackpoint>
          <Trackpoint>
            <Time>2025-07-25T12:18:26.000Z</Time>
            <Position>
              <LatitudeDegrees>43.12254723161459</LatitudeDegrees>
              <LongitudeDegrees>-2.5867488607764244</LongitudeDegrees>
            </Position>
            <AltitudeMeters>178.1999969482422</AltitudeMeters>
            <DistanceMeters>8682.830078125</DistanceMeters>
            <HeartRateBpm>
              <Value>120</Value>
            </HeartRateBpm>
            <Cadence>87</Cadence>
            <Extensions>
              <ns3:TPX>
                <ns3:Speed>9.125</ns3:Speed>
                <ns3:Watts>214</ns3:Watts>
              </ns3:TPX>
            </Extensions>
          </Trackpoint>
          <Trackpoint>
            <Time>2025-07-25T12:18:27.000Z</Time>
            <Position>
              <LatitudeDegrees>43.122617388144135</LatitudeDegrees>
              <LongitudeDegrees>-2.586805857717991</LongitudeDegrees>
            </Position>
            <AltitudeMeters>178.1999969482422</AltitudeMeters>
            <DistanceMeters>8691.919921875</DistanceMeters>
            <HeartRateBpm>
              <Value>120</Value>
            </HeartRateBpm>
            <Cadence>85</Cadence>
            <Extensions>
              <ns3:TPX>
                <ns3:Speed>9.107000350952148</ns3:Speed>
                <ns3:Watts>232</ns3:Watts>
              </ns3:TPX>
            </Extensions>
          </Trackpoint>
          <Trackpoint>
            <Time>2025-07-25T12:18:28.000Z</Time>
            <Position>
              <LatitudeDegrees>43.122688718140125</LatitudeDegrees>
              <LongitudeDegrees>-2.58685564622283</LongitudeDegrees>
            </Position>
            <AltitudeMeters>178.1999969482422</AltitudeMeters>
            <DistanceMeters>8700.849609375</DistanceMeters>
            <HeartRateBpm>
              <Value>120</Value>
            </HeartRateBpm>
            <Cadence>82</Cadence>
            <Extensions>
              <ns3:TPX>
                <ns3:Speed>8.928999900817871</ns3:Speed>
                <ns3:Watts>255</ns3:Watts>
              </ns3:TPX>
            </Extensions>
          </Trackpoint>
          <Trackpoint>
            <Time>2025-07-25T12:18:29.000Z</Time>
            <Position>
              <LatitudeDegrees>43.12276465818286</LatitudeDegrees>
              <LongitudeDegrees>-2.586899483576417</LongitudeDegrees>
            </Position>
            <AltitudeMeters>178.0</AltitudeMeters>
            <DistanceMeters>8709.669921875</DistanceMeters>
            <HeartRateBpm>
              <Value>120</Value>
            </HeartRateBpm>
            <Cadence>82</Cadence>
            <Extensions>
              <ns3:TPX>
                <ns3:Speed>8.817999839782715</ns3:Speed>
                <ns3:Watts>319</ns3:Watts>
              </ns3:TPX>
            </Extensions>
          </Trackpoint>
          <Trackpoint>
            <Time>2025-07-25T12:18:30.000Z</Time>
            <Position>
              <LatitudeDegrees>43.12284244224429</LatitudeDegrees>
              <LongitudeDegrees>-2.5869343522936106</LongitudeDegrees>
            </Position>
            <AltitudeMeters>178.0</AltitudeMeters>
            <DistanceMeters>8718.419921875</DistanceMeters>
            <HeartRateBpm>
              <Value>119</Value>
            </HeartRateBpm>
            <Cadence>78</Cadence>
            <Extensions>
              <ns3:TPX>
                <ns3:Speed>8.751999855041504</ns3:Speed>
                <ns3:Watts>299</ns3:Watts>
              </ns3:TPX>
            </Extensions>
          </Trackpoint>
          <Trackpoint>
            <Time>2025-07-25T12:18:31.000Z</Time>
            <Position>
              <LatitudeDegrees>43.12291905283928</LatitudeDegrees>
              <LongitudeDegrees>-2.586960168555379</LongitudeDegrees>
            </Position>
            <AltitudeMeters>178.0</AltitudeMeters>
            <DistanceMeters>8727.1201171875</DistanceMeters>
            <HeartRateBpm>
              <Value>119</Value>
            </HeartRateBpm>
            <Cadence>78</Cadence>
            <Extensions>
              <ns3:TPX>
                <ns3:Speed>8.696000099182129</ns3:Speed>
                <ns3:Watts>265</ns3:Watts>
              </ns3:TPX>
            </Extensions>
          </Trackpoint>
          <Trackpoint>
            <Time>2025-07-25T12:18:32.000Z</Time>
            <Position>
              <LatitudeDegrees>43.12297982163727</LatitudeDegrees>
              <LongitudeDegrees>-2.5869781896471977</LongitudeDegrees>
            </Position>
            <AltitudeMeters>178.0</AltitudeMeters>
            <DistanceMeters>8735.8095703125</DistanceMeters>
            <HeartRateBpm>
              <Value>119</Value>
            </HeartRateBpm>
            <Cadence>79</Cadence>
            <Extensions>
              <ns3:TPX>
                <ns3:Speed>8.678000450134277</ns3:Speed>
                <ns3:Watts>256</ns3:Watts>
              </ns3:TPX>
            </Extensions>
          </Trackpoint>
          <Trackpoint>
            <Time>2025-07-25T12:18:33.000Z</Time>
            <Position>
              <LatitudeDegrees>43.12305651605129</LatitudeDegrees>
              <LongitudeDegrees>-2.5869998149573803</LongitudeDegrees>
            </Position>
            <AltitudeMeters>178.0</AltitudeMeters>
            <DistanceMeters>8744.3896484375</DistanceMeters>
            <HeartRateBpm>
              <Value>119</Value>
            </HeartRateBpm>
            <Cadence>78</Cadence>
            <Extensions>
              <ns3:TPX>
                <ns3:Speed>8.593999862670898</ns3:Speed>
                <ns3:Watts>213</ns3:Watts>
              </ns3:TPX>
            </Extensions>
          </Trackpoint>
          <Trackpoint>
            <Time>2025-07-25T12:18:34.000Z</Time>
            <Position>
              <LatitudeDegrees>43.12314662151039</LatitudeDegrees>
              <LongitudeDegrees>-2.587021104991436</LongitudeDegrees>
            </Position>
            <AltitudeMeters>178.0</AltitudeMeters>
            <DistanceMeters>8752.8701171875</DistanceMeters>
            <HeartRateBpm>
              <Value>119</Value>
            </HeartRateBpm>
            <Cadence>77</Cadence>
            <Extensions>
              <ns3:TPX>
                <ns3:Speed>8.472000122070312</ns3:Speed>
                <ns3:Watts>220</ns3:Watts>
              </ns3:TPX>
            </Extensions>
          </Trackpoint>
          <Trackpoint>
            <Time>2025-07-25T12:18:35.000Z</Time>
            <Position>
              <LatitudeDegrees>43.1232217233628</LatitudeDegrees>
              <LongitudeDegrees>-2.5870356895029545</LongitudeDegrees>
            </Position>
            <AltitudeMeters>178.0</AltitudeMeters>
            <DistanceMeters>8761.25</DistanceMeters>
            <HeartRateBpm>
              <Value>120</Value>
            </HeartRateBpm>
            <Cadence>77</Cadence>
            <Extensions>
              <ns3:TPX>
                <ns3:Speed>8.387999534606934</ns3:Speed>
                <ns3:Watts>269</ns3:Watts>
              </ns3:TPX>
            </Extensions>
          </Trackpoint>
          <Trackpoint>
            <Time>2025-07-25T12:18:36.000Z</Time>
            <Position>
              <LatitudeDegrees>43.12329674139619</LatitudeDegrees>
              <LongitudeDegrees>-2.587042562663555</LongitudeDegrees>
            </Position>
            <AltitudeMeters>178.0</AltitudeMeters>
            <DistanceMeters>8769.650390625</DistanceMeters>
            <HeartRateBpm>
              <Value>120</Value>
            </HeartRateBpm>
            <Cadence>78</Cadence>
            <Extensions>
              <ns3:TPX>
                <ns3:Speed>8.39799976348877</ns3:Speed>
                <ns3:Watts>253</ns3:Watts>
              </ns3:TPX>
            </Extensions>
          </Trackpoint>
          <Trackpoint>
            <Time>2025-07-25T12:18:37.000Z</Time>
            <Position>
              <LatitudeDegrees>43.12337293289602</LatitudeDegrees>
              <LongitudeDegrees>-2.587040886282921</LongitudeDegrees>
            </Position>
            <AltitudeMeters>178.0</AltitudeMeters>
            <DistanceMeters>8778.0498046875</DistanceMeters>
            <HeartRateBpm>
              <Value>120</Value>
            </HeartRateBpm>
            <Cadence>76</Cadence>
            <Extensions>
              <ns3:TPX>
                <ns3:Speed>8.39799976348877</ns3:Speed>
                <ns3:Watts>264</ns3:Watts>
              </ns3:TPX>
            </Extensions>
          </Trackpoint>
          <Trackpoint>
            <Time>2025-07-25T12:18:38.000Z</Time>
            <Position>
              <LatitudeDegrees>43.12344878911972</LatitudeDegrees>
              <LongitudeDegrees>-2.58703107945621</LongitudeDegrees>
            </Position>
            <AltitudeMeters>178.0</AltitudeMeters>
            <DistanceMeters>8786.4697265625</DistanceMeters>
            <HeartRateBpm>
              <Value>120</Value>
            </HeartRateBpm>
            <Cadence>79</Cadence>
            <Extensions>
              <ns3:TPX>
                <ns3:Speed>8.416000366210938</ns3:Speed>
                <ns3:Watts>255</ns3:Watts>
              </ns3:TPX>
            </Extensions>
          </Trackpoint>
          <Trackpoint>
            <Time>2025-07-25T12:18:39.000Z</Time>
            <Position>
              <LatitudeDegrees>43.12352288514376</LatitudeDegrees>
              <LongitudeDegrees>-2.5870107114315033</LongitudeDegrees>
            </Position>
            <AltitudeMeters>178.0</AltitudeMeters>
            <DistanceMeters>8794.8896484375</DistanceMeters>
            <HeartRateBpm>
              <Value>120</Value>
            </HeartRateBpm>
            <Cadence>77</Cadence>
            <Extensions>
              <ns3:TPX>
                <ns3:Speed>8.416000366210938</ns3:Speed>
                <ns3:Watts>215</ns3:Watts>
              </ns3:TPX>
            </Extensions>
          </Trackpoint>
          <Trackpoint>
            <Time>2025-07-25T12:18:40.000Z</Time>
            <Position>
              <LatitudeDegrees>43.12359631061554</LatitudeDegrees>
              <LongitudeDegrees>-2.5869833026081324</LongitudeDegrees>
            </Position>
            <AltitudeMeters>178.0</AltitudeMeters>
            <DistanceMeters>8803.26953125</DistanceMeters>
            <HeartRateBpm>
              <Value>120</Value>
            </HeartRateBpm>
            <Cadence>77</Cadence>
            <Extensions>
              <ns3:TPX>
                <ns3:Speed>8.387999534606934</ns3:Speed>
                <ns3:Watts>210</ns3:Watts>
              </ns3:TPX>
            </Extensions>
          </Trackpoint>
          <Trackpoint>
            <Time>2025-07-25T12:18:41.000Z</Time>
            <Position>
              <LatitudeDegrees>43.12365464866161</LatitudeDegrees>
              <LongitudeDegrees>-2.5869561452418566</LongitudeDegrees>
            </Position>
            <AltitudeMeters>178.0</AltitudeMeters>
            <DistanceMeters>8811.66015625</DistanceMeters>
            <HeartRateBpm>
              <Value>120</Value>
            </HeartRateBpm>
            <Cadence>77</Cadence>
            <Extensions>
              <ns3:TPX>
                <ns3:Speed>8.387999534606934</ns3:Speed>
                <ns3:Watts>246</ns3:Watts>
              </ns3:TPX>
            </Extensions>
          </Trackpoint>
          <Trackpoint>
            <Time>2025-07-25T12:18:42.000Z</Time>
            <Position>
              <LatitudeDegrees>43.12372664920986</LatitudeDegrees>
              <LongitudeDegrees>-2.586921276524663</LongitudeDegrees>
            </Position>
            <AltitudeMeters>178.0</AltitudeMeters>
            <DistanceMeters>8819.9296875</DistanceMeters>
            <HeartRateBpm>
              <Value>129</Value>
            </HeartRateBpm>
            <Cadence>77</Cadence>
            <Extensions>
              <ns3:TPX>
                <ns3:Speed>8.267000198364258</ns3:Speed>
                <ns3:Watts>294</ns3:Watts>
              </ns3:TPX>
            </Extensions>
          </Trackpoint>
          <Trackpoint>
            <Time>2025-07-25T12:18:43.000Z</Time>
            <Position>
              <LatitudeDegrees>43.123810635879636</LatitudeDegrees>
              <LongitudeDegrees>-2.5868810433894396</LongitudeDegrees>
            </Position>
            <AltitudeMeters>178.0</AltitudeMeters>
            <DistanceMeters>8828.0</DistanceMeters>
            <HeartRateBpm>
              <Value>129</Value>
            </HeartRateBpm>
            <Cadence>75</Cadence>
            <Extensions>
              <ns3:TPX>
                <ns3:Speed>8.079999923706055</ns3:Speed>
                <ns3:Watts>241</ns3:Watts>
              </ns3:TPX>
            </Extensions>
          </Trackpoint>
          <Trackpoint>
            <Time>2025-07-25T12:18:44.000Z</Time>
            <Position>
              <LatitudeDegrees>43.12386562116444</LatitudeDegrees>
              <LongitudeDegrees>-2.586862351745367</LongitudeDegrees>
            </Position>
            <AltitudeMeters>178.0</AltitudeMeters>
            <DistanceMeters>8835.98046875</DistanceMeters>
            <HeartRateBpm>
              <Value>129</Value>
            </HeartRateBpm>
            <Cadence>74</Cadence>
            <Extensions>
              <ns3:TPX>
                <ns3:Speed>7.978000164031982</ns3:Speed>
                <ns3:Watts>265</ns3:Watts>
              </ns3:TPX>
            </Extensions>
          </Trackpoint>
          <Trackpoint>
            <Time>2025-07-25T12:18:45.000Z</Time>
            <Position>
              <LatitudeDegrees>43.12395019456744</LatitudeDegrees>
              <LongitudeDegrees>-2.5868394691497087</LongitudeDegrees>
            </Position>
            <AltitudeMeters>178.1999969482422</AltitudeMeters>
            <DistanceMeters>8844.0</DistanceMeters>
            <HeartRateBpm>
              <Value>129</Value>
            </HeartRateBpm>
            <Cadence>73</Cadence>
            <Extensions>
              <ns3:TPX>
                <ns3:Speed>7.986999988555908</ns3:Speed>
                <ns3:Watts>235</ns3:Watts>
              </ns3:TPX>
            </Extensions>
          </Trackpoint>
          <Trackpoint>
            <Time>2025-07-25T12:18:46.000Z</Time>
            <Position>
              <LatitudeDegrees>43.12401884235442</LatitudeDegrees>
              <LongitudeDegrees>-2.5868239626288414</LongitudeDegrees>
            </Position>
            <AltitudeMeters>178.1999969482422</AltitudeMeters>
            <DistanceMeters>8851.9296875</DistanceMeters>
            <HeartRateBpm>
              <Value>128</Value>
            </HeartRateBpm>
            <Cadence>72</Cadence>
            <Extensions>
              <ns3:TPX>
                <ns3:Speed>7.949999809265137</ns3:Speed>
                <ns3:Watts>239</ns3:Watts>
              </ns3:TPX>
            </Extensions>
          </Trackpoint>
          <Trackpoint>
            <Time>2025-07-25T12:18:47.000Z</Time>
            <Position>
              <LatitudeDegrees>43.12408832833171</LatitudeDegrees>
              <LongitudeDegrees>-2.586811725050211</LongitudeDegrees>
            </Position>
            <AltitudeMeters>178.1999969482422</AltitudeMeters>
            <DistanceMeters>8859.7998046875</DistanceMeters>
            <HeartRateBpm>
              <Value>128</Value>
            </HeartRateBpm>
            <Cadence>73</Cadence>
            <Extensions>
              <ns3:TPX>
                <ns3:Speed>7.883999824523926</ns3:Speed>
                <ns3:Watts>210</ns3:Watts>
              </ns3:TPX>
            </Extensions>
          </Trackpoint>
          <Trackpoint>
            <Time>2025-07-25T12:18:48.000Z</Time>
            <Position>
              <LatitudeDegrees>43.12415689229965</LatitudeDegrees>
              <LongitudeDegrees>-2.586799655109644</LongitudeDegrees>
            </Position>
            <AltitudeMeters>178.39999389648438</AltitudeMeters>
            <DistanceMeters>8867.66015625</DistanceMeters>
            <HeartRateBpm>
              <Value>129</Value>
            </HeartRateBpm>
            <Cadence>71</Cadence>
            <Extensions>
              <ns3:TPX>
                <ns3:Speed>7.855999946594238</ns3:Speed>
                <ns3:Watts>217</ns3:Watts>
              </ns3:TPX>
            </Extensions>
          </Trackpoint>
          <Trackpoint>
            <Time>2025-07-25T12:18:49.000Z</Time>
            <Position>
              <LatitudeDegrees>43.124225959181786</LatitudeDegrees>
              <LongitudeDegrees>-2.5867888424545527</LongitudeDegrees>
            </Position>
            <AltitudeMeters>178.39999389648438</AltitudeMeters>
            <DistanceMeters>8875.490234375</DistanceMeters>
            <HeartRateBpm>
              <Value>128</Value>
            </HeartRateBpm>
            <Cadence>72</Cadence>
            <Extensions>
              <ns3:TPX>
                <ns3:Speed>7.8379998207092285</ns3:Speed>
                <ns3:Watts>209</ns3:Watts>
              </ns3:TPX>
            </Extensions>
          </Trackpoint>
          <Trackpoint>
            <Time>2025-07-25T12:18:50.000Z</Time>
            <Position>
              <LatitudeDegrees>43.124281698837876</LatitudeDegrees>
              <LongitudeDegrees>-2.5867801252752542</LongitudeDegrees>
            </Position>
            <AltitudeMeters>178.39999389648438</AltitudeMeters>
            <DistanceMeters>8883.33984375</DistanceMeters>
            <HeartRateBpm>
              <Value>128</Value>
            </HeartRateBpm>
            <Cadence>71</Cadence>
            <Extensions>
              <ns3:TPX>
                <ns3:Speed>7.8379998207092285</ns3:Speed>
                <ns3:Watts>206</ns3:Watts>
              </ns3:TPX>
            </Extensions>
          </Trackpoint>
          <Trackpoint>
            <Time>2025-07-25T12:18:51.000Z</Time>
            <Position>
              <LatitudeDegrees>43.12436300329864</LatitudeDegrees>
              <LongitudeDegrees>-2.586765121668577</LongitudeDegrees>
            </Position>
            <AltitudeMeters>178.39999389648438</AltitudeMeters>
            <DistanceMeters>8891.16015625</DistanceMeters>
            <HeartRateBpm>
              <Value>128</Value>
            </HeartRateBpm>
            <Cadence>74</Cadence>
            <Extensions>
              <ns3:TPX>
                <ns3:Speed>7.828000068664551</ns3:Speed>
                <ns3:Watts>209</ns3:Watts>
              </ns3:TPX>
            </Extensions>
          </Trackpoint>
          <Trackpoint>
            <Time>2025-07-25T12:18:52.000Z</Time>
            <Position>
              <LatitudeDegrees>43.12443123199046</LatitudeDegrees>
              <LongitudeDegrees>-2.5867515429854393</LongitudeDegrees>
            </Position>
            <AltitudeMeters>178.39999389648438</AltitudeMeters>
            <DistanceMeters>8899.0</DistanceMeters>
            <HeartRateBpm>
              <Value>129</Value>
            </HeartRateBpm>
            <Cadence>73</Cadence>
            <Extensions>
              <ns3:TPX>
                <ns3:Speed>7.828000068664551</ns3:Speed>
                <ns3:Watts>182</ns3:Watts>
              </ns3:TPX>
            </Extensions>
          </Trackpoint>
          <Trackpoint>
            <Time>2025-07-25T12:18:53.000Z</Time>
            <Position>
              <LatitudeDegrees>43.124500969424844</LatitudeDegrees>
              <LongitudeDegrees>-2.5867429934442043</LongitudeDegrees>
            </Position>
            <AltitudeMeters>178.60000610351562</AltitudeMeters>
            <DistanceMeters>8906.849609375</DistanceMeters>
            <HeartRateBpm>
              <Value>129</Value>
            </HeartRateBpm>
            <Cadence>72</Cadence>
            <Extensions>
              <ns3:TPX>
                <ns3:Speed>7.855999946594238</ns3:Speed>
                <ns3:Watts>197</ns3:Watts>
              </ns3:TPX>
            </Extensions>
          </Trackpoint>
          <Trackpoint>
            <Time>2025-07-25T12:18:54.000Z</Time>
            <Position>
              <LatitudeDegrees>43.12457204796374</LatitudeDegrees>
              <LongitudeDegrees>-2.586737545207143</LongitudeDegrees>
            </Position>
            <AltitudeMeters>178.60000610351562</AltitudeMeters>
            <DistanceMeters>8914.650390625</DistanceMeters>
            <HeartRateBpm>
              <Value>140</Value>
            </HeartRateBpm>
            <Cadence>71</Cadence>
            <Extensions>
              <ns3:TPX>
                <ns3:Speed>7.800000190734863</ns3:Speed>
                <ns3:Watts>175</ns3:Watts>
              </ns3:TPX>
            </Extensions>
          </Trackpoint>
          <Trackpoint>
            <Time>2025-07-25T12:18:55.000Z</Time>
            <Position>
              <LatitudeDegrees>43.12464044429362</LatitudeDegrees>
              <LongitudeDegrees>-2.5867317616939545</LongitudeDegrees>
            </Position>
            <AltitudeMeters>178.60000610351562</AltitudeMeters>
            <DistanceMeters>8922.4697265625</DistanceMeters>
            <HeartRateBpm>
              <Value>140</Value>
            </HeartRateBpm>
            <Cadence>71</Cadence>
            <Extensions>
              <ns3:TPX>
                <ns3:Speed>7.828000068664551</ns3:Speed>
                <ns3:Watts>180</ns3:Watts>
              </ns3:TPX>
            </Extensions>
          </Trackpoint>
          <Trackpoint>
            <Time>2025-07-25T12:18:56.000Z</Time>
            <Position>
              <LatitudeDegrees>43.12471001408994</LatitudeDegrees>
              <LongitudeDegrees>-2.586723044514656</LongitudeDegrees>
            </Position>
            <AltitudeMeters>178.60000610351562</AltitudeMeters>
            <DistanceMeters>8930.3603515625</DistanceMeters>
            <HeartRateBpm>
              <Value>140</Value>
            </HeartRateBpm>
            <Cadence>73</Cadence>
            <Extensions>
              <ns3:TPX>
                <ns3:Speed>7.875</ns3:Speed>
                <ns3:Watts>185</ns3:Watts>
              </ns3:TPX>
            </Extensions>
          </Trackpoint>
          <Trackpoint>
            <Time>2025-07-25T12:18:57.000Z</Time>
            <Position>
              <LatitudeDegrees>43.12477975152433</LatitudeDegrees>
              <LongitudeDegrees>-2.5867131538689137</LongitudeDegrees>
            </Position>
            <AltitudeMeters>178.60000610351562</AltitudeMeters>
            <DistanceMeters>8938.23046875</DistanceMeters>
            <HeartRateBpm>
              <Value>136</Value>
            </HeartRateBpm>
            <Cadence>73</Cadence>
            <Extensions>
              <ns3:TPX>
                <ns3:Speed>7.875</ns3:Speed>
                <ns3:Watts>189</ns3:Watts>
              </ns3:TPX>
            </Extensions>
          </Trackpoint>
          <Trackpoint>
            <Time>2025-07-25T12:18:58.000Z</Time>
            <Position>
              <LatitudeDegrees>43.12484932132065</LatitudeDegrees>
              <LongitudeDegrees>-2.5866994075477123</LongitudeDegrees>
            </Position>
            <AltitudeMeters>178.60000610351562</AltitudeMeters>
            <DistanceMeters>8946.1201171875</DistanceMeters>
            <HeartRateBpm>
              <Value>136</Value>
            </HeartRateBpm>
            <Cadence>72</Cadence>
            <Extensions>
              <ns3:TPX>
                <ns3:Speed>7.894000053405762</ns3:Speed>
                <ns3:Watts>189</ns3:Watts>
              </ns3:TPX>
            </Extensions>
          </Trackpoint>
          <Trackpoint>
            <Time>2025-07-25T12:18:59.000Z</Time>
            <Position>
              <LatitudeDegrees>43.124906150624156</LatitudeDegrees>
              <LongitudeDegrees>-2.5866860803216696</LongitudeDegrees>
            </Position>
            <AltitudeMeters>178.60000610351562</AltitudeMeters>
            <DistanceMeters>8954.0400390625</DistanceMeters>
            <HeartRateBpm>
              <Value>132</Value>
            </HeartRateBpm>
            <Cadence>72</Cadence>
            <Extensions>
              <ns3:TPX>
                <ns3:Speed>7.9120001792907715</ns3:Speed>
                <ns3:Watts>179</ns3:Watts>
              </ns3:TPX>
            </Extensions>
          </Trackpoint>
          <Trackpoint>
            <Time>2025-07-25T12:19:00.000Z</Time>
            <Position>
              <LatitudeDegrees>43.12499055638909</LatitudeDegrees>
              <LongitudeDegrees>-2.586665293201804</LongitudeDegrees>
            </Position>
            <AltitudeMeters>178.60000610351562</AltitudeMeters>
            <DistanceMeters>8961.9296875</DistanceMeters>
            <HeartRateBpm>
              <Value>128</Value>
            </HeartRateBpm>
            <Cadence>72</Cadence>
            <Extensions>
              <ns3:TPX>
                <ns3:Speed>7.9029998779296875</ns3:Speed>
                <ns3:Watts>195</ns3:Watts>
              </ns3:TPX>
            </Extensions>
          </Trackpoint>
          <Trackpoint>
            <Time>2025-07-25T12:19:01.000Z</Time>
            <Position>
              <LatitudeDegrees>43.12506029382348</LatitudeDegrees>
              <LongitudeDegrees>-2.586643500253558</LongitudeDegrees>
            </Position>
            <AltitudeMeters>178.60000610351562</AltitudeMeters>
            <DistanceMeters>8969.849609375</DistanceMeters>
            <HeartRateBpm>
              <Value>127</Value>
            </HeartRateBpm>
            <Cadence>73</Cadence>
            <Extensions>
              <ns3:TPX>
                <ns3:Speed>7.9120001792907715</ns3:Speed>
                <ns3:Watts>182</ns3:Watts>
              </ns3:TPX>
            </Extensions>
          </Trackpoint>
          <Trackpoint>
            <Time>2025-07-25T12:19:02.000Z</Time>
            <Position>
              <LatitudeDegrees>43.12511703930795</LatitudeDegrees>
              <LongitudeDegrees>-2.586622629314661</LongitudeDegrees>
            </Position>
            <AltitudeMeters>178.60000610351562</AltitudeMeters>
            <DistanceMeters>8977.7802734375</DistanceMeters>
            <HeartRateBpm>
              <Value>127</Value>
            </HeartRateBpm>
            <Cadence>72</Cadence>
            <Extensions>
              <ns3:TPX>
                <ns3:Speed>7.931000232696533</ns3:Speed>
                <ns3:Watts>206</ns3:Watts>
              </ns3:TPX>
            </Extensions>
          </Trackpoint>
          <Trackpoint>
            <Time>2025-07-25T12:19:03.000Z</Time>
            <Position>
              <LatitudeDegrees>43.12520110979676</LatitudeDegrees>
              <LongitudeDegrees>-2.5865991599857807</LongitudeDegrees>
            </Position>
            <AltitudeMeters>178.60000610351562</AltitudeMeters>
            <DistanceMeters>8985.740234375</DistanceMeters>
            <HeartRateBpm>
              <Value>129</Value>
            </HeartRateBpm>
            <Cadence>72</Cadence>
            <Extensions>
              <ns3:TPX>
                <ns3:Speed>7.959000110626221</ns3:Speed>
                <ns3:Watts>191</ns3:Watts>
              </ns3:TPX>
            </Extensions>
          </Trackpoint>
          <Trackpoint>
            <Time>2025-07-25T12:19:04.000Z</Time>
            <Position>
              <LatitudeDegrees>43.12527101486921</LatitudeDegrees>
              <LongitudeDegrees>-2.5865760259330273</LongitudeDegrees>
            </Position>
            <AltitudeMeters>178.60000610351562</AltitudeMeters>
            <DistanceMeters>8993.7998046875</DistanceMeters>
            <HeartRateBpm>
              <Value>129</Value>
            </HeartRateBpm>
            <Cadence>73</Cadence>
            <Extensions>
              <ns3:TPX>
                <ns3:Speed>8.052000045776367</ns3:Speed>
                <ns3:Watts>214</ns3:Watts>
              </ns3:TPX>
            </Extensions>
          </Trackpoint>
          <Trackpoint>
            <Time>2025-07-25T12:19:05.000Z</Time>
            <Position>
              <LatitudeDegrees>43.125342931598425</LatitudeDegrees>
              <LongitudeDegrees>-2.586549036204815</LongitudeDegrees>
            </Position>
            <AltitudeMeters>178.60000610351562</AltitudeMeters>
            <DistanceMeters>9001.8896484375</DistanceMeters>
            <HeartRateBpm>
              <Value>129</Value>
            </HeartRateBpm>
            <Cadence>73</Cadence>
            <Extensions>
              <ns3:TPX>
                <ns3:Speed>8.098999977111816</ns3:Speed>
                <ns3:Watts>191</ns3:Watts>
              </ns3:TPX>
            </Extensions>
          </Trackpoint>
          <Trackpoint>
            <Time>2025-07-25T12:19:06.000Z</Time>
            <Position>
              <LatitudeDegrees>43.12541367486119</LatitudeDegrees>
              <LongitudeDegrees>-2.5865208730101585</LongitudeDegrees>
            </Position>
            <AltitudeMeters>178.39999389648438</AltitudeMeters>
            <DistanceMeters>9009.9599609375</DistanceMeters>
            <HeartRateBpm>
              <Value>130</Value>
            </HeartRateBpm>
            <Cadence>74</Cadence>
            <Extensions>
              <ns3:TPX>
                <ns3:Speed>8.062000274658203</ns3:Speed>
                <ns3:Watts>175</ns3:Watts>
              </ns3:TPX>
            </Extensions>
          </Trackpoint>
          <Trackpoint>
            <Time>2025-07-25T12:19:07.000Z</Time>
            <Position>
              <LatitudeDegrees>43.125483160838485</LatitudeDegrees>
              <LongitudeDegrees>-2.5864958949387074</LongitudeDegrees>
            </Position>
            <AltitudeMeters>178.39999389648438</AltitudeMeters>
            <DistanceMeters>9017.9296875</DistanceMeters>
            <HeartRateBpm>
              <Value>129</Value>
            </HeartRateBpm>
            <Cadence>75</Cadence>
            <Extensions>
              <ns3:TPX>
                <ns3:Speed>7.978000164031982</ns3:Speed>
                <ns3:Watts>198</ns3:Watts>
              </ns3:TPX>
            </Extensions>
          </Trackpoint>
          <Trackpoint>
            <Time>2025-07-25T12:19:08.000Z</Time>
            <Position>
              <LatitudeDegrees>43.12555046752095</LatitudeDegrees>
              <LongitudeDegrees>-2.5864725094288588</LongitudeDegrees>
            </Position>
            <AltitudeMeters>178.39999389648438</AltitudeMeters>
            <DistanceMeters>9025.830078125</DistanceMeters>
            <HeartRateBpm>
              <Value>127</Value>
            </HeartRateBpm>
            <Cadence>72</Cadence>
            <Extensions>
              <ns3:TPX>
                <ns3:Speed>7.9029998779296875</ns3:Speed>
                <ns3:Watts>197</ns3:Watts>
              </ns3:TPX>
            </Extensions>
          </Trackpoint>
          <Trackpoint>
            <Time>2025-07-25T12:19:09.000Z</Time>
            <Position>
              <LatitudeDegrees>43.12561634927988</LatitudeDegrees>
              <LongitudeDegrees>-2.586446274071932</LongitudeDegrees>
            </Position>
            <AltitudeMeters>178.39999389648438</AltitudeMeters>
            <DistanceMeters>9033.66015625</DistanceMeters>
            <HeartRateBpm>
              <Value>127</Value>
            </HeartRateBpm>
            <Cadence>71</Cadence>
            <Extensions>
              <ns3:TPX>
                <ns3:Speed>7.828000068664551</ns3:Speed>
                <ns3:Watts>208</ns3:Watts>
              </ns3:TPX>
            </Extensions>
          </Trackpoint>
          <Trackpoint>
            <Time>2025-07-25T12:19:10.000Z</Time>
            <Position>
              <LatitudeDegrees>43.12568365596235</LatitudeDegrees>
              <LongitudeDegrees>-2.586419368162751</LongitudeDegrees>
            </Position>
            <AltitudeMeters>178.39999389648438</AltitudeMeters>
            <DistanceMeters>9041.490234375</DistanceMeters>
            <HeartRateBpm>
              <Value>127</Value>
            </HeartRateBpm>
            <Cadence>73</Cadence>
            <Extensions>
              <ns3:TPX>
                <ns3:Speed>7.8379998207092285</ns3:Speed>
                <ns3:Watts>201</ns3:Watts>
              </ns3:TPX>
            </Extensions>
          </Trackpoint>
          <Trackpoint>
            <Time>2025-07-25T12:19:11.000Z</Time>
            <Position>
              <LatitudeDegrees>43.12575255520642</LatitudeDegrees>
              <LongitudeDegrees>-2.5863936357200146</LongitudeDegrees>
            </Position>
            <AltitudeMeters>178.39999389648438</AltitudeMeters>
            <DistanceMeters>9049.3203125</DistanceMeters>
            <HeartRateBpm>
              <Value>127</Value>
            </HeartRateBpm>
            <Cadence>72</Cadence>
            <Extensions>
              <ns3:TPX>
                <ns3:Speed>7.828000068664551</ns3:Speed>
                <ns3:Watts>221</ns3:Watts>
              </ns3:TPX>
            </Extensions>
          </Trackpoint>
          <Trackpoint>
            <Time>2025-07-25T12:19:12.000Z</Time>
            <Position>
              <LatitudeDegrees>43.12575255520642</LatitudeDegrees>
              <LongitudeDegrees>-2.5863936357200146</LongitudeDegrees>
            </Position>
            <AltitudeMeters>178.39999389648438</AltitudeMeters>
            <DistanceMeters>9057.2197265625</DistanceMeters>
            <HeartRateBpm>
              <Value>127</Value>
            </HeartRateBpm>
            <Cadence>71</Cadence>
            <Extensions>
              <ns3:TPX>
                <ns3:Speed>7.883999824523926</ns3:Speed>
                <ns3:Watts>219</ns3:Watts>
              </ns3:TPX>
            </Extensions>
          </Trackpoint>
          <Trackpoint>
            <Time>2025-07-25T12:19:13.000Z</Time>
            <Position>
              <LatitudeDegrees>43.12582212500274</LatitudeDegrees>
              <LongitudeDegrees>-2.5863684900105</LongitudeDegrees>
            </Position>
            <AltitudeMeters>178.39999389648438</AltitudeMeters>
            <DistanceMeters>9065.150390625</DistanceMeters>
            <HeartRateBpm>
              <Value>127</Value>
            </HeartRateBpm>
            <Cadence>70</Cadence>
            <Extensions>
              <ns3:TPX>
                <ns3:Speed>7.931000232696533</ns3:Speed>
                <ns3:Watts>184</ns3:Watts>
              </ns3:TPX>
            </Extensions>
          </Trackpoint>
          <Trackpoint>
            <Time>2025-07-25T12:19:14.000Z</Time>
            <Position>
              <LatitudeDegrees>43.12593402341008</LatitudeDegrees>
              <LongitudeDegrees>-2.586328675970435</LongitudeDegrees>
            </Position>
            <AltitudeMeters>178.39999389648438</AltitudeMeters>
            <DistanceMeters>9073.08984375</DistanceMeters>
            <HeartRateBpm>
              <Value>127</Value>
            </HeartRateBpm>
            <Cadence>72</Cadence>
            <Extensions>
              <ns3:TPX>
                <ns3:Speed>7.949999809265137</ns3:Speed>
                <ns3:Watts>174</ns3:Watts>
              </ns3:TPX>
            </Extensions>
          </Trackpoint>
          <Trackpoint>
            <Time>2025-07-25T12:19:15.000Z</Time>
            <Position>
              <LatitudeDegrees>43.12600493431091</LatitudeDegrees>
              <LongitudeDegrees>-2.5863061286509037</LongitudeDegrees>
            </Position>
            <AltitudeMeters>178.39999389648438</AltitudeMeters>
            <DistanceMeters>9081.099609375</DistanceMeters>
            <HeartRateBpm>
              <Value>127</Value>
            </HeartRateBpm>
            <Cadence>74</Cadence>
            <Extensions>
              <ns3:TPX>
                <ns3:Speed>8.005999565124512</ns3:Speed>
                <ns3:Watts>131</ns3:Watts>
              </ns3:TPX>
            </Extensions>
          </Trackpoint>
          <Trackpoint>
            <Time>2025-07-25T12:19:16.000Z</Time>
            <Position>
              <LatitudeDegrees>43.12610509805381</LatitudeDegrees>
              <LongitudeDegrees>-2.5862808991223574</LongitudeDegrees>
            </Position>
            <AltitudeMeters>178.39999389648438</AltitudeMeters>
            <DistanceMeters>9089.099609375</DistanceMeters>
            <HeartRateBpm>
              <Value>127</Value>
            </HeartRateBpm>
            <Cadence>74</Cadence>
            <Extensions>
              <ns3:TPX>
                <ns3:Speed>8.005999565124512</ns3:Speed>
                <ns3:Watts>158</ns3:Watts>
              </ns3:TPX>
            </Extensions>
          </Trackpoint>
          <Trackpoint>
            <Time>2025-07-25T12:19:17.000Z</Time>
            <Position>
              <LatitudeDegrees>43.12617768533528</LatitudeDegrees>
              <LongitudeDegrees>-2.586262123659253</LongitudeDegrees>
            </Position>
            <AltitudeMeters>178.39999389648438</AltitudeMeters>
            <DistanceMeters>9097.2197265625</DistanceMeters>
            <HeartRateBpm>
              <Value>127</Value>
            </HeartRateBpm>
            <Cadence>73</Cadence>
            <Extensions>
              <ns3:TPX>
                <ns3:Speed>8.107999801635742</ns3:Speed>
                <ns3:Watts>158</ns3:Watts>
              </ns3:TPX>
            </Extensions>
          </Trackpoint>
          <Trackpoint>
            <Time>2025-07-25T12:19:18.000Z</Time>
            <Position>
              <LatitudeDegrees>43.126250943169</LatitudeDegrees>
              <LongitudeDegrees>-2.5862434320151806</LongitudeDegrees>
            </Position>
            <AltitudeMeters>178.39999389648438</AltitudeMeters>
            <DistanceMeters>9105.3701171875</DistanceMeters>
            <HeartRateBpm>
              <Value>127</Value>
            </HeartRateBpm>
            <Cadence>73</Cadence>
            <Extensions>
              <ns3:TPX>
                <ns3:Speed>8.163999557495117</ns3:Speed>
                <ns3:Watts>98</ns3:Watts>
              </ns3:TPX>
            </Extensions>
          </Trackpoint>
          <Trackpoint>
            <Time>2025-07-25T12:19:19.000Z</Time>
            <Position>
              <LatitudeDegrees>43.12632252462208</LatitudeDegrees>
              <LongitudeDegrees>-2.5862251594662666</LongitudeDegrees>
            </Position>
            <AltitudeMeters>178.1999969482422</AltitudeMeters>
            <DistanceMeters>9113.330078125</DistanceMeters>
            <HeartRateBpm>
              <Value>127</Value>
            </HeartRateBpm>
            <Cadence>73</Cadence>
            <Extensions>
              <ns3:TPX>
                <ns3:Speed>7.959000110626221</ns3:Speed>
                <ns3:Watts>57</ns3:Watts>
              </ns3:TPX>
            </Extensions>
          </Trackpoint>
          <Trackpoint>
            <Time>2025-07-25T12:19:20.000Z</Time>
            <Position>
              <LatitudeDegrees>43.126393519341946</LatitudeDegrees>
              <LongitudeDegrees>-2.586207054555416</LongitudeDegrees>
            </Position>
            <AltitudeMeters>178.1999969482422</AltitudeMeters>
            <DistanceMeters>9121.2197265625</DistanceMeters>
            <HeartRateBpm>
              <Value>127</Value>
            </HeartRateBpm>
            <Cadence>73</Cadence>
            <Extensions>
              <ns3:TPX>
                <ns3:Speed>7.883999824523926</ns3:Speed>
                <ns3:Watts>55</ns3:Watts>
              </ns3:TPX>
            </Extensions>
          </Trackpoint>
          <Trackpoint>
            <Time>2025-07-25T12:19:21.000Z</Time>
            <Position>
              <LatitudeDegrees>43.12646350823343</LatitudeDegrees>
              <LongitudeDegrees>-2.58618769235909</LongitudeDegrees>
            </Position>
            <AltitudeMeters>178.1999969482422</AltitudeMeters>
            <DistanceMeters>9129.0</DistanceMeters>
            <HeartRateBpm>
              <Value>127</Value>
            </HeartRateBpm>
            <Cadence>0</Cadence>
            <Extensions>
              <ns3:TPX>
                <ns3:Speed>7.771999835968018</ns3:Speed>
                <ns3:Watts>55</ns3:Watts>
              </ns3:TPX>
            </Extensions>
          </Trackpoint>
          <Trackpoint>
            <Time>2025-07-25T12:19:22.000Z</Time>
            <Position>
              <LatitudeDegrees>43.12653089873493</LatitudeDegrees>
              <LongitudeDegrees>-2.586170258000493</LongitudeDegrees>
            </Position>
            <AltitudeMeters>178.0</AltitudeMeters>
            <DistanceMeters>9136.7001953125</DistanceMeters>
            <HeartRateBpm>
              <Value>127</Value>
            </HeartRateBpm>
            <Cadence>0</Cadence>
            <Extensions>
              <ns3:TPX>
                <ns3:Speed>7.716000080108643</ns3:Speed>
                <ns3:Watts>54</ns3:Watts>
              </ns3:TPX>
            </Extensions>
          </Trackpoint>
          <Trackpoint>
            <Time>2025-07-25T12:19:23.000Z</Time>
            <Position>
              <LatitudeDegrees>43.12659812159836</LatitudeDegrees>
              <LongitudeDegrees>-2.5861545838415623</LongitudeDegrees>
            </Position>
            <AltitudeMeters>177.8000030517578</AltitudeMeters>
            <DistanceMeters>9144.3701171875</DistanceMeters>
            <HeartRateBpm>
              <Value>126</Value>
            </HeartRateBpm>
            <Cadence>0</Cadence>
            <Extensions>
              <ns3:TPX>
                <ns3:Speed>7.659999847412109</ns3:Speed>
                <ns3:Watts>50</ns3:Watts>
              </ns3:TPX>
            </Extensions>
          </Trackpoint>
          <Trackpoint>
            <Time>2025-07-25T12:19:24.000Z</Time>
            <Position>
              <LatitudeDegrees>43.12666542828083</LatitudeDegrees>
              <LongitudeDegrees>-2.5861368142068386</LongitudeDegrees>
            </Position>
            <AltitudeMeters>177.8000030517578</AltitudeMeters>
            <DistanceMeters>9152.009765625</DistanceMeters>
            <HeartRateBpm>
              <Value>123</Value>
            </HeartRateBpm>
            <Cadence>0</Cadence>
            <Extensions>
              <ns3:TPX>
                <ns3:Speed>7.632999897003174</ns3:Speed>
                <ns3:Watts>55</ns3:Watts>
              </ns3:TPX>
            </Extensions>
          </Trackpoint>
          <Trackpoint>
            <Time>2025-07-25T12:19:25.000Z</Time>
            <Position>
              <LatitudeDegrees>43.126733070239425</LatitudeDegrees>
              <LongitudeDegrees>-2.5861173681914806</LongitudeDegrees>
            </Position>
            <AltitudeMeters>177.60000610351562</AltitudeMeters>
            <DistanceMeters>9159.6396484375</DistanceMeters>
            <HeartRateBpm>
              <Value>122</Value>
            </HeartRateBpm>
            <Cadence>0</Cadence>
            <Extensions>
              <ns3:TPX>
                <ns3:Speed>7.632999897003174</ns3:Speed>
                <ns3:Watts>56</ns3:Watts>
              </ns3:TPX>
            </Extensions>
          </Trackpoint>
          <Trackpoint>
            <Time>2025-07-25T12:19:26.000Z</Time>
            <Position>
              <LatitudeDegrees>43.12680029310286</LatitudeDegrees>
              <LongitudeDegrees>-2.586097503080964</LongitudeDegrees>
            </Position>
            <AltitudeMeters>177.60000610351562</AltitudeMeters>
            <DistanceMeters>9167.33984375</DistanceMeters>
            <HeartRateBpm>
              <Value>122</Value>
            </HeartRateBpm>
            <Cadence>0</Cadence>
            <Extensions>
              <ns3:TPX>
                <ns3:Speed>7.697999954223633</ns3:Speed>
                <ns3:Watts>54</ns3:Watts>
              </ns3:TPX>
            </Extensions>
          </Trackpoint>
          <Trackpoint>
            <Time>2025-07-25T12:19:27.000Z</Time>
            <Position>
              <LatitudeDegrees>43.12686768360436</LatitudeDegrees>
              <LongitudeDegrees>-2.586077554151416</LongitudeDegrees>
            </Position>
            <AltitudeMeters>177.39999389648438</AltitudeMeters>
            <DistanceMeters>9175.0703125</DistanceMeters>
            <HeartRateBpm>
              <Value>120</Value>
            </HeartRateBpm>
            <Cadence>0</Cadence>
            <Extensions>
              <ns3:TPX>
                <ns3:Speed>7.716000080108643</ns3:Speed>
                <ns3:Watts>55</ns3:Watts>
              </ns3:TPX>
            </Extensions>
          </Trackpoint>
          <Trackpoint>
            <Time>2025-07-25T12:19:28.000Z</Time>
            <Position>
              <LatitudeDegrees>43.12693457119167</LatitudeDegrees>
              <LongitudeDegrees>-2.586059868335724</LongitudeDegrees>
            </Position>
            <AltitudeMeters>177.39999389648438</AltitudeMeters>
            <DistanceMeters>9182.7197265625</DistanceMeters>
            <HeartRateBpm>
              <Value>119</Value>
            </HeartRateBpm>
            <Cadence>0</Cadence>
            <Extensions>
              <ns3:TPX>
                <ns3:Speed>7.670000076293945</ns3:Speed>
                <ns3:Watts>55</ns3:Watts>
              </ns3:TPX>
            </Extensions>
          </Trackpoint>
          <Trackpoint>
            <Time>2025-07-25T12:19:29.000Z</Time>
            <Position>
              <LatitudeDegrees>43.12700305134058</LatitudeDegrees>
              <LongitudeDegrees>-2.5860423501580954</LongitudeDegrees>
            </Position>
            <AltitudeMeters>177.1999969482422</AltitudeMeters>
            <DistanceMeters>9190.3896484375</DistanceMeters>
            <HeartRateBpm>
              <Value>118</Value>
            </HeartRateBpm>
            <Cadence>0</Cadence>
            <Extensions>
              <ns3:TPX>
                <ns3:Speed>7.670000076293945</ns3:Speed>
                <ns3:Watts>53</ns3:Watts>
              </ns3:TPX>
            </Extensions>
          </Trackpoint>
          <Trackpoint>
            <Time>2025-07-25T12:19:30.000Z</Time>
            <Position>
              <LatitudeDegrees>43.12707035802305</LatitudeDegrees>
              <LongitudeDegrees>-2.586024161428213</LongitudeDegrees>
            </Position>
            <AltitudeMeters>176.8000030517578</AltitudeMeters>
            <DistanceMeters>9198.0302734375</DistanceMeters>
            <HeartRateBpm>
              <Value>118</Value>
            </HeartRateBpm>
            <Cadence>0</Cadence>
            <Extensions>
              <ns3:TPX>
                <ns3:Speed>7.642000198364258</ns3:Speed>
                <ns3:Watts>53</ns3:Watts>
              </ns3:TPX>
            </Extensions>
          </Trackpoint>
          <Trackpoint>
            <Time>2025-07-25T12:19:31.000Z</Time>
            <Position>
              <LatitudeDegrees>43.127137161791325</LatitudeDegrees>
              <LongitudeDegrees>-2.5860063917934895</LongitudeDegrees>
            </Position>
            <AltitudeMeters>176.8000030517578</AltitudeMeters>
            <DistanceMeters>9205.650390625</DistanceMeters>
            <HeartRateBpm>
              <Value>118</Value>
            </HeartRateBpm>
            <Cadence>0</Cadence>
            <Extensions>
              <ns3:TPX>
                <ns3:Speed>7.623000144958496</ns3:Speed>
                <ns3:Watts>54</ns3:Watts>
              </ns3:TPX>
            </Extensions>
          </Trackpoint>
          <Trackpoint>
            <Time>2025-07-25T12:19:32.000Z</Time>
            <Position>
              <LatitudeDegrees>43.12720438465476</LatitudeDegrees>
              <LongitudeDegrees>-2.585991220548749</LongitudeDegrees>
            </Position>
            <AltitudeMeters>176.60000610351562</AltitudeMeters>
            <DistanceMeters>9213.23046875</DistanceMeters>
            <HeartRateBpm>
              <Value>118</Value>
            </HeartRateBpm>
            <Cadence>0</Cadence>
            <Extensions>
              <ns3:TPX>
                <ns3:Speed>7.577000141143799</ns3:Speed>
                <ns3:Watts>53</ns3:Watts>
              </ns3:TPX>
            </Extensions>
          </Trackpoint>
          <Trackpoint>
            <Time>2025-07-25T12:19:33.000Z</Time>
            <Position>
              <LatitudeDegrees>43.12726699747145</LatitudeDegrees>
              <LongitudeDegrees>-2.585974959656596</LongitudeDegrees>
            </Position>
            <AltitudeMeters>176.60000610351562</AltitudeMeters>
            <DistanceMeters>9220.5302734375</DistanceMeters>
            <HeartRateBpm>
              <Value>118</Value>
            </HeartRateBpm>
            <Cadence>0</Cadence>
            <Extensions>
              <ns3:TPX>
                <ns3:Speed>7.296999931335449</ns3:Speed>
                <ns3:Watts>51</ns3:Watts>
              </ns3:TPX>
            </Extensions>
          </Trackpoint>
          <Trackpoint>
            <Time>2025-07-25T12:19:34.000Z</Time>
            <Position>
              <LatitudeDegrees>43.12732734717429</LatitudeDegrees>
              <LongitudeDegrees>-2.5859577767550945</LongitudeDegrees>
            </Position>
            <AltitudeMeters>176.60000610351562</AltitudeMeters>
            <DistanceMeters>9227.3896484375</DistanceMeters>
            <HeartRateBpm>
              <Value>118</Value>
            </HeartRateBpm>
            <Cadence>0</Cadence>
            <Extensions>
              <ns3:TPX>
                <ns3:Speed>6.857999801635742</ns3:Speed>
                <ns3:Watts>48</ns3:Watts>
              </ns3:TPX>
            </Extensions>
          </Trackpoint>
          <Trackpoint>
            <Time>2025-07-25T12:19:35.000Z</Time>
            <Position>
              <LatitudeDegrees>43.12738727778196</LatitudeDegrees>
              <LongitudeDegrees>-2.5859395880252123</LongitudeDegrees>
            </Position>
            <AltitudeMeters>176.60000610351562</AltitudeMeters>
            <DistanceMeters>9234.26953125</DistanceMeters>
            <HeartRateBpm>
              <Value>116</Value>
            </HeartRateBpm>
            <Cadence>0</Cadence>
            <Extensions>
              <ns3:TPX>
                <ns3:Speed>6.886000156402588</ns3:Speed>
                <ns3:Watts>49</ns3:Watts>
              </ns3:TPX>
            </Extensions>
          </Trackpoint>
          <Trackpoint>
            <Time>2025-07-25T12:19:36.000Z</Time>
            <Position>
              <LatitudeDegrees>43.12744821421802</LatitudeDegrees>
              <LongitudeDegrees>-2.585922572761774</LongitudeDegrees>
            </Position>
            <AltitudeMeters>176.39999389648438</AltitudeMeters>
            <DistanceMeters>9241.16015625</DistanceMeters>
            <HeartRateBpm>
              <Value>115</Value>
            </HeartRateBpm>
            <Cadence>0</Cadence>
            <Extensions>
              <ns3:TPX>
                <ns3:Speed>6.894999980926514</ns3:Speed>
                <ns3:Watts>49</ns3:Watts>
              </ns3:TPX>
            </Extensions>
          </Trackpoint>
          <Trackpoint>
            <Time>2025-07-25T12:19:37.000Z</Time>
            <Position>
              <LatitudeDegrees>43.12750772573054</LatitudeDegrees>
              <LongitudeDegrees>-2.5859035458415747</LongitudeDegrees>
            </Position>
            <AltitudeMeters>176.1999969482422</AltitudeMeters>
            <DistanceMeters>9248.099609375</DistanceMeters>
            <HeartRateBpm>
              <Value>114</Value>
            </HeartRateBpm>
            <Cadence>0</Cadence>
            <Extensions>
              <ns3:TPX>
                <ns3:Speed>6.933000087738037</ns3:Speed>
                <ns3:Watts>44</ns3:Watts>
              </ns3:TPX>
            </Extensions>
          </Trackpoint>
          <Trackpoint>
            <Time>2025-07-25T12:19:38.000Z</Time>
            <Position>
              <LatitudeDegrees>43.12756698578596</LatitudeDegrees>
              <LongitudeDegrees>-2.5858839321881533</LongitudeDegrees>
            </Position>
            <AltitudeMeters>176.0</AltitudeMeters>
            <DistanceMeters>9254.9697265625</DistanceMeters>
            <HeartRateBpm>
              <Value>114</Value>
            </HeartRateBpm>
            <Cadence>0</Cadence>
            <Extensions>
              <ns3:TPX>
                <ns3:Speed>6.876999855041504</ns3:Speed>
                <ns3:Watts>50</ns3:Watts>
              </ns3:TPX>
            </Extensions>
          </Trackpoint>
          <Trackpoint>
            <Time>2025-07-25T12:19:39.000Z</Time>
            <Position>
              <LatitudeDegrees>43.127623395994306</LatitudeDegrees>
              <LongitudeDegrees>-2.5858646538108587</LongitudeDegrees>
            </Position>
            <AltitudeMeters>175.60000610351562</AltitudeMeters>
            <DistanceMeters>9261.48046875</DistanceMeters>
            <HeartRateBpm>
              <Value>114</Value>
            </HeartRateBpm>
            <Cadence>0</Cadence>
            <Extensions>
              <ns3:TPX>
                <ns3:Speed>6.502999782562256</ns3:Speed>
                <ns3:Watts>45</ns3:Watts>
              </ns3:TPX>
            </Extensions>
          </Trackpoint>
          <Trackpoint>
            <Time>2025-07-25T12:19:40.000Z</Time>
            <Position>
              <LatitudeDegrees>43.127673184499145</LatitudeDegrees>
              <LongitudeDegrees>-2.5858457945287228</LongitudeDegrees>
            </Position>
            <AltitudeMeters>175.1999969482422</AltitudeMeters>
            <DistanceMeters>9267.0703125</DistanceMeters>
            <HeartRateBpm>
              <Value>114</Value>
            </HeartRateBpm>
            <Cadence>0</Cadence>
            <Extensions>
              <ns3:TPX>
                <ns3:Speed>5.5980000495910645</ns3:Speed>
                <ns3:Watts>39</ns3:Watts>
              </ns3:TPX>
            </Extensions>
          </Trackpoint>
          <Trackpoint>
            <Time>2025-07-25T12:19:41.000Z</Time>
            <Position>
              <LatitudeDegrees>43.12771107070148</LatitudeDegrees>
              <LongitudeDegrees>-2.5858266837894917</LongitudeDegrees>
            </Position>
            <AltitudeMeters>175.0</AltitudeMeters>
            <DistanceMeters>9271.5302734375</DistanceMeters>
            <HeartRateBpm>
              <Value>117</Value>
            </HeartRateBpm>
            <Cadence>0</Cadence>
            <Extensions>
              <ns3:TPX>
                <ns3:Speed>4.460000038146973</ns3:Speed>
                <ns3:Watts>31</ns3:Watts>
              </ns3:TPX>
            </Extensions>
          </Trackpoint>
          <Trackpoint>
            <Time>2025-07-25T12:19:42.000Z</Time>
            <Position>
              <LatitudeDegrees>43.12773546203971</LatitudeDegrees>
              <LongitudeDegrees>-2.5858038011938334</LongitudeDegrees>
            </Position>
            <AltitudeMeters>175.0</AltitudeMeters>
            <DistanceMeters>9274.919921875</DistanceMeters>
            <HeartRateBpm>
              <Value>115</Value>
            </HeartRateBpm>
            <Cadence>3</Cadence>
            <Extensions>
              <ns3:TPX>
                <ns3:Speed>3.38700008392334</ns3:Speed>
                <ns3:Watts>24</ns3:Watts>
              </ns3:TPX>
            </Extensions>
          </Trackpoint>
          <Trackpoint>
            <Time>2025-07-25T12:19:43.000Z</Time>
            <Position>
              <LatitudeDegrees>43.127749375998974</LatitudeDegrees>
              <LongitudeDegrees>-2.5857801642268896</LongitudeDegrees>
            </Position>
            <AltitudeMeters>175.0</AltitudeMeters>
            <DistanceMeters>9277.6298828125</DistanceMeters>
            <HeartRateBpm>
              <Value>114</Value>
            </HeartRateBpm>
            <Cadence>19</Cadence>
            <Extensions>
              <ns3:TPX>
                <ns3:Speed>2.7060000896453857</ns3:Speed>
                <ns3:Watts>19</ns3:Watts>
              </ns3:TPX>
            </Extensions>
          </Trackpoint>
          <Trackpoint>
            <Time>2025-07-25T12:19:44.000Z</Time>
            <Position>
              <LatitudeDegrees>43.12776203267276</LatitudeDegrees>
              <LongitudeDegrees>-2.585759963840246</LongitudeDegrees>
            </Position>
            <AltitudeMeters>175.0</AltitudeMeters>
            <DistanceMeters>9279.8603515625</DistanceMeters>
            <HeartRateBpm>
              <Value>121</Value>
            </HeartRateBpm>
            <Cadence>25</Cadence>
            <Extensions>
              <ns3:TPX>
                <ns3:Speed>2.2300000190734863</ns3:Speed>
                <ns3:Watts>16</ns3:Watts>
              </ns3:TPX>
            </Extensions>
          </Trackpoint>
          <Trackpoint>
            <Time>2025-07-25T12:19:45.000Z</Time>
            <Position>
              <LatitudeDegrees>43.127775359898806</LatitudeDegrees>
              <LongitudeDegrees>-2.585745882242918</LongitudeDegrees>
            </Position>
            <AltitudeMeters>175.0</AltitudeMeters>
            <DistanceMeters>9282.1298828125</DistanceMeters>
            <HeartRateBpm>
              <Value>121</Value>
            </HeartRateBpm>
            <Cadence>25</Cadence>
            <Extensions>
              <ns3:TPX>
                <ns3:Speed>2.2769999504089355</ns3:Speed>
                <ns3:Watts>106</ns3:Watts>
              </ns3:TPX>
            </Extensions>
          </Trackpoint>
          <Trackpoint>
            <Time>2025-07-25T12:19:46.000Z</Time>
            <Position>
              <LatitudeDegrees>43.127790028229356</LatitudeDegrees>
              <LongitudeDegrees>-2.585739763453603</LongitudeDegrees>
            </Position>
            <AltitudeMeters>175.0</AltitudeMeters>
            <DistanceMeters>9284.75</DistanceMeters>
            <HeartRateBpm>
              <Value>121</Value>
            </HeartRateBpm>
            <Cadence>25</Cadence>
            <Extensions>
              <ns3:TPX>
                <ns3:Speed>2.61299991607666</ns3:Speed>
                <ns3:Watts>17</ns3:Watts>
              </ns3:TPX>
            </Extensions>
          </Trackpoint>
          <Trackpoint>
            <Time>2025-07-25T12:19:47.000Z</Time>
            <Position>
              <LatitudeDegrees>43.12780972570181</LatitudeDegrees>
              <LongitudeDegrees>-2.5857349019497633</LongitudeDegrees>
            </Position>
            <AltitudeMeters>174.8000030517578</AltitudeMeters>
            <DistanceMeters>9287.4501953125</DistanceMeters>
            <HeartRateBpm>
              <Value>121</Value>
            </HeartRateBpm>
            <Cadence>17</Cadence>
            <Extensions>
              <ns3:TPX>
                <ns3:Speed>2.697000026702881</ns3:Speed>
                <ns3:Watts>18</ns3:Watts>
              </ns3:TPX>
            </Extensions>
          </Trackpoint>
          <Trackpoint>
            <Time>2025-07-25T12:19:48.000Z</Time>
            <Position>
              <LatitudeDegrees>43.12783026136458</LatitudeDegrees>
              <LongitudeDegrees>-2.5857315491884947</LongitudeDegrees>
            </Position>
            <AltitudeMeters>174.8000030517578</AltitudeMeters>
            <DistanceMeters>9290.2099609375</DistanceMeters>
            <HeartRateBpm>
              <Value>121</Value>
            </HeartRateBpm>
            <Cadence>17</Cadence>
            <Extensions>
              <ns3:TPX>
                <ns3:Speed>2.7709999084472656</ns3:Speed>
                <ns3:Watts>18</ns3:Watts>
              </ns3:TPX>
            </Extensions>
          </Trackpoint>
          <Trackpoint>
            <Time>2025-07-25T12:19:49.000Z</Time>
            <Position>
              <LatitudeDegrees>43.12785071320832</LatitudeDegrees>
              <LongitudeDegrees>-2.5857268553227186</LongitudeDegrees>
            </Position>
            <AltitudeMeters>174.8000030517578</AltitudeMeters>
            <DistanceMeters>9292.990234375</DistanceMeters>
            <HeartRateBpm>
              <Value>130</Value>
            </HeartRateBpm>
            <Cadence>17</Cadence>
            <Extensions>
              <ns3:TPX>
                <ns3:Speed>2.7709999084472656</ns3:Speed>
                <ns3:Watts>21</ns3:Watts>
              </ns3:TPX>
            </Extensions>
          </Trackpoint>
          <Trackpoint>
            <Time>2025-07-25T12:19:50.000Z</Time>
            <Position>
              <LatitudeDegrees>43.127865716814995</LatitudeDegrees>
              <LongitudeDegrees>-2.585719646885991</LongitudeDegrees>
            </Position>
            <AltitudeMeters>174.8000030517578</AltitudeMeters>
            <DistanceMeters>9296.080078125</DistanceMeters>
            <HeartRateBpm>
              <Value>130</Value>
            </HeartRateBpm>
            <Cadence>17</Cadence>
            <Extensions>
              <ns3:TPX>
                <ns3:Speed>3.0880000591278076</ns3:Speed>
                <ns3:Watts>21</ns3:Watts>
              </ns3:TPX>
            </Extensions>
          </Trackpoint>
          <Trackpoint>
            <Time>2025-07-25T12:19:51.000Z</Time>
            <Position>
              <LatitudeDegrees>43.127875020727515</LatitudeDegrees>
              <LongitudeDegrees>-2.585717299953103</LongitudeDegrees>
            </Position>
            <AltitudeMeters>174.8000030517578</AltitudeMeters>
            <DistanceMeters>9298.990234375</DistanceMeters>
            <HeartRateBpm>
              <Value>130</Value>
            </HeartRateBpm>
            <Cadence>0</Cadence>
            <Extensions>
              <ns3:TPX>
                <ns3:Speed>2.9110000133514404</ns3:Speed>
                <ns3:Watts>20</ns3:Watts>
              </ns3:TPX>
            </Extensions>
          </Trackpoint>
          <Trackpoint>
            <Time>2025-07-25T12:19:52.000Z</Time>
            <Position>
              <LatitudeDegrees>43.12787870876491</LatitudeDegrees>
              <LongitudeDegrees>-2.5857165455818176</LongitudeDegrees>
            </Position>
            <AltitudeMeters>174.60000610351562</AltitudeMeters>
            <DistanceMeters>9301.169921875</DistanceMeters>
            <HeartRateBpm>
              <Value>147</Value>
            </HeartRateBpm>
            <Cadence>11</Cadence>
            <Extensions>
              <ns3:TPX>
                <ns3:Speed>2.183000087738037</ns3:Speed>
                <ns3:Watts>14</ns3:Watts>
              </ns3:TPX>
            </Extensions>
          </Trackpoint>
          <Trackpoint>
            <Time>2025-07-25T12:19:53.000Z</Time>
            <Position>
              <LatitudeDegrees>43.12787870876491</LatitudeDegrees>
              <LongitudeDegrees>-2.5857165455818176</LongitudeDegrees>
            </Position>
            <AltitudeMeters>174.60000610351562</AltitudeMeters>
            <DistanceMeters>9302.509765625</DistanceMeters>
            <HeartRateBpm>
              <Value>147</Value>
            </HeartRateBpm>
            <Cadence>11</Cadence>
            <Extensions>
              <ns3:TPX>
                <ns3:Speed>1.3339999914169312</ns3:Speed>
                <ns3:Watts>10</ns3:Watts>
              </ns3:TPX>
            </Extensions>
          </Trackpoint>
          <Trackpoint>
            <Time>2025-07-25T12:19:54.000Z</Time>
            <Position>
              <LatitudeDegrees>43.12787870876491</LatitudeDegrees>
              <LongitudeDegrees>-2.5857165455818176</LongitudeDegrees>
            </Position>
            <AltitudeMeters>174.39999389648438</AltitudeMeters>
            <DistanceMeters>9303.83984375</DistanceMeters>
            <HeartRateBpm>
              <Value>144</Value>
            </HeartRateBpm>
            <Cadence>11</Cadence>
            <Extensions>
              <ns3:TPX>
                <ns3:Speed>1.3339999914169312</ns3:Speed>
                <ns3:Watts>11</ns3:Watts>
              </ns3:TPX>
            </Extensions>
          </Trackpoint>
          <Trackpoint>
            <Time>2025-07-25T12:19:55.000Z</Time>
            <Position>
              <LatitudeDegrees>43.12787870876491</LatitudeDegrees>
              <LongitudeDegrees>-2.5857165455818176</LongitudeDegrees>
            </Position>
            <AltitudeMeters>174.39999389648438</AltitudeMeters>
            <DistanceMeters>9303.83984375</DistanceMeters>
            <HeartRateBpm>
              <Value>144</Value>
            </HeartRateBpm>
            <Cadence>11</Cadence>
            <Extensions>
              <ns3:TPX>
                <ns3:Speed>0.0</ns3:Speed>
                <ns3:Watts>0</ns3:Watts>
              </ns3:TPX>
            </Extensions>
          </Trackpoint>
        </Track>
        <Extensions>
          <ns3:LX>
            <ns3:AvgSpeed>6.968999862670899</ns3:AvgSpeed>
            <ns3:MaxBikeCadence>254</ns3:MaxBikeCadence>
            <ns3:Steps>1627</ns3:Steps>
            <ns3:AvgWatts>211</ns3:AvgWatts>
            <ns3:MaxWatts>447</ns3:MaxWatts>
          </ns3:LX>
        </Extensions>
      </Lap>
      <Creator xsi:type="Device_t">
        <Name>Edge 530</Name>
        <UnitId>3395270356</UnitId>
        <ProductID>3121</ProductID>
        <Version>
          <VersionMajor>9</VersionMajor>
          <VersionMinor>81</VersionMinor>
          <BuildMajor>0</BuildMajor>
          <BuildMinor>0</BuildMinor>
        </Version>
      </Creator>
    </Activity>
  </Activities>
  <Author xsi:type="Application_t">
    <Name>Connect Api</Name>
    <Build>
      <Version>
        <VersionMajor>26</VersionMajor>
        <VersionMinor>9</VersionMinor>
        <BuildMajor>0</BuildMajor>
        <BuildMinor>0</BuildMinor>
      </Version>
    </Build>
    <LangID>en</LangID>
    <PartNumber>006-D2449-00</PartNumber>
  </Author>
</TrainingCenterDatabase>
