<?xml version="1.0" encoding="UTF-8"?>
<TrainingCenterDatabase
  xsi:schemaLocation="http://www.garmin.com/xmlschemas/TrainingCenterDatabase/v2 http://www.garmin.com/xmlschemas/TrainingCenterDatabasev2.xsd"
  xmlns:ns5="http://www.garmin.com/xmlschemas/ActivityGoals/v1"
  xmlns:ns3="http://www.garmin.com/xmlschemas/ActivityExtension/v2"
  xmlns:ns2="http://www.garmin.com/xmlschemas/UserProfile/v2"
  xmlns="http://www.garmin.com/xmlschemas/TrainingCenterDatabase/v2"
  xmlns:xsi="http://www.w3.org/2001/XMLSchema-instance" xmlns:ns4="http://www.garmin.com/xmlschemas/ProfileExtension/v1">
  <Activities>
    <Activity Sport="Other">
      <Id>2025-08-14T17:48:20.000Z</Id>
      <Lap StartTime="2025-08-14T17:48:20.000Z">
        <TotalTimeSeconds>669.419</TotalTimeSeconds>
        <DistanceMeters>1000.0</DistanceMeters>
        <MaximumSpeed>1.9589999914169312</MaximumSpeed>
        <Calories>72</Calories>
        <AverageHeartRateBpm>
          <Value>103</Value>
        </AverageHeartRateBpm>
        <MaximumHeartRateBpm>
          <Value>123</Value>
        </MaximumHeartRateBpm>
        <Intensity>Active</Intensity>
        <TriggerMethod>Manual</TriggerMethod>
        <Track>
          <Trackpoint>
            <Time>2025-08-14T17:48:20.000Z</Time>
            <Position>
              <LatitudeDegrees>43.36338001303375</LatitudeDegrees>
              <LongitudeDegrees>-2.496918411925435</LongitudeDegrees>
            </Position>
            <AltitudeMeters>18.799999237060547</AltitudeMeters>
            <DistanceMeters>0.0</DistanceMeters>
            <HeartRateBpm>
              <Value>123</Value>
            </HeartRateBpm>
            <Extensions>
              <ns3:TPX>
                <ns3:Speed>0.0</ns3:Speed>
              </ns3:TPX>
            </Extensions>
          </Trackpoint>
          <Trackpoint>
            <Time>2025-08-14T17:48:21.000Z</Time>
            <Position>
              <LatitudeDegrees>43.36337121203542</LatitudeDegrees>
              <LongitudeDegrees>-2.496931990608573</LongitudeDegrees>
            </Position>
            <AltitudeMeters>18.799999237060547</AltitudeMeters>
            <DistanceMeters>1.8200000524520874</DistanceMeters>
            <HeartRateBpm>
              <Value>123</Value>
            </HeartRateBpm>
            <Extensions>
              <ns3:TPX>
                <ns3:Speed>1.4739999771118164</ns3:Speed>
              </ns3:TPX>
            </Extensions>
          </Trackpoint>
          <Trackpoint>
            <Time>2025-08-14T17:48:25.000Z</Time>
            <Position>
              <LatitudeDegrees>43.363346317783</LatitudeDegrees>
              <LongitudeDegrees>-2.4969934299588203</LongitudeDegrees>
            </Position>
            <AltitudeMeters>18.799999237060547</AltitudeMeters>
            <DistanceMeters>7.940000057220459</DistanceMeters>
            <HeartRateBpm>
              <Value>120</Value>
            </HeartRateBpm>
            <Extensions>
              <ns3:TPX>
                <ns3:Speed>1.437000036239624</ns3:Speed>
              </ns3:TPX>
            </Extensions>
          </Trackpoint>
          <Trackpoint>
            <Time>2025-08-14T17:48:26.000Z</Time>
            <Position>
              <LatitudeDegrees>43.363343216478825</LatitudeDegrees>
              <LongitudeDegrees>-2.4970083497464657</LongitudeDegrees>
            </Position>
            <AltitudeMeters>19.0</AltitudeMeters>
            <DistanceMeters>9.09000015258789</DistanceMeters>
            <HeartRateBpm>
              <Value>120</Value>
            </HeartRateBpm>
            <Extensions>
              <ns3:TPX>
                <ns3:Speed>1.5119999647140503</ns3:Speed>
              </ns3:TPX>
            </Extensions>
          </Trackpoint>
          <Trackpoint>
            <Time>2025-08-14T17:48:33.000Z</Time>
            <Position>
              <LatitudeDegrees>43.36335411295295</LatitudeDegrees>
              <LongitudeDegrees>-2.497148411348462</LongitudeDegrees>
            </Position>
            <AltitudeMeters>19.799999237060547</AltitudeMeters>
            <DistanceMeters>18.309999465942383</DistanceMeters>
            <HeartRateBpm>
              <Value>118</Value>
            </HeartRateBpm>
            <Extensions>
              <ns3:TPX>
                <ns3:Speed>1.38100004196167</ns3:Speed>
              </ns3:TPX>
            </Extensions>
          </Trackpoint>
          <Trackpoint>
            <Time>2025-08-14T17:48:35.000Z</Time>
            <Position>
              <LatitudeDegrees>43.36335671134293</LatitudeDegrees>
              <LongitudeDegrees>-2.4971904046833515</LongitudeDegrees>
            </Position>
            <AltitudeMeters>19.799999237060547</AltitudeMeters>
            <DistanceMeters>21.270000457763672</DistanceMeters>
            <HeartRateBpm>
              <Value>116</Value>
            </HeartRateBpm>
            <Extensions>
              <ns3:TPX>
                <ns3:Speed>1.4739999771118164</ns3:Speed>
              </ns3:TPX>
            </Extensions>
          </Trackpoint>
          <Trackpoint>
            <Time>2025-08-14T17:48:41.000Z</Time>
            <Position>
              <LatitudeDegrees>43.363342210650444</LatitudeDegrees>
              <LongitudeDegrees>-2.4973137862980366</LongitudeDegrees>
            </Position>
            <AltitudeMeters>20.0</AltitudeMeters>
            <DistanceMeters>28.3799991607666</DistanceMeters>
            <HeartRateBpm>
              <Value>120</Value>
            </HeartRateBpm>
            <Extensions>
              <ns3:TPX>
                <ns3:Speed>1.4930000305175781</ns3:Speed>
              </ns3:TPX>
            </Extensions>
          </Trackpoint>
          <Trackpoint>
            <Time>2025-08-14T17:48:43.000Z</Time>
            <Position>
              <LatitudeDegrees>43.36333483457565</LatitudeDegrees>
              <LongitudeDegrees>-2.4973576236516237</LongitudeDegrees>
            </Position>
            <AltitudeMeters>20.0</AltitudeMeters>
            <DistanceMeters>31.260000228881836</DistanceMeters>
            <HeartRateBpm>
              <Value>118</Value>
            </HeartRateBpm>
            <Extensions>
              <ns3:TPX>
                <ns3:Speed>1.277999997138977</ns3:Speed>
              </ns3:TPX>
            </Extensions>
          </Trackpoint>
          <Trackpoint>
            <Time>2025-08-14T17:48:51.000Z</Time>
            <Position>
              <LatitudeDegrees>43.36327716708183</LatitudeDegrees>
              <LongitudeDegrees>-2.497513694688678</LongitudeDegrees>
            </Position>
            <AltitudeMeters>20.399999618530273</AltitudeMeters>
            <DistanceMeters>43.970001220703125</DistanceMeters>
            <HeartRateBpm>
              <Value>116</Value>
            </HeartRateBpm>
            <Extensions>
              <ns3:TPX>
                <ns3:Speed>1.5210000276565552</ns3:Speed>
              </ns3:TPX>
            </Extensions>
          </Trackpoint>
          <Trackpoint>
            <Time>2025-08-14T17:48:53.000Z</Time>
            <Position>
              <LatitudeDegrees>43.363250931724906</LatitudeDegrees>
              <LongitudeDegrees>-2.4975471384823322</LongitudeDegrees>
            </Position>
            <AltitudeMeters>20.600000381469727</AltitudeMeters>
            <DistanceMeters>46.869998931884766</DistanceMeters>
            <HeartRateBpm>
              <Value>119</Value>
            </HeartRateBpm>
            <Extensions>
              <ns3:TPX>
                <ns3:Speed>1.5859999656677246</ns3:Speed>
              </ns3:TPX>
            </Extensions>
          </Trackpoint>
          <Trackpoint>
            <Time>2025-08-14T17:48:58.000Z</Time>
            <Position>
              <LatitudeDegrees>43.36320340633392</LatitudeDegrees>
              <LongitudeDegrees>-2.4975919816643</LongitudeDegrees>
            </Position>
            <AltitudeMeters>20.600000381469727</AltitudeMeters>
            <DistanceMeters>56.43000030517578</DistanceMeters>
            <HeartRateBpm>
              <Value>122</Value>
            </HeartRateBpm>
            <Extensions>
              <ns3:TPX>
                <ns3:Speed>1.6330000162124634</ns3:Speed>
              </ns3:TPX>
            </Extensions>
          </Trackpoint>
          <Trackpoint>
            <Time>2025-08-14T17:49:00.000Z</Time>
            <Position>
              <LatitudeDegrees>43.36317700333893</LatitudeDegrees>
              <LongitudeDegrees>-2.49760958366096</LongitudeDegrees>
            </Position>
            <AltitudeMeters>20.799999237060547</AltitudeMeters>
            <DistanceMeters>59.83000183105469</DistanceMeters>
            <HeartRateBpm>
              <Value>121</Value>
            </HeartRateBpm>
            <Extensions>
              <ns3:TPX>
                <ns3:Speed>1.6799999475479126</ns3:Speed>
              </ns3:TPX>
            </Extensions>
          </Trackpoint>
          <Trackpoint>
            <Time>2025-08-14T17:49:01.000Z</Time>
            <Position>
              <LatitudeDegrees>43.363162502646446</LatitudeDegrees>
              <LongitudeDegrees>-2.497618803754449</LongitudeDegrees>
            </Position>
            <AltitudeMeters>20.799999237060547</AltitudeMeters>
            <DistanceMeters>61.459999084472656</DistanceMeters>
            <HeartRateBpm>
              <Value>120</Value>
            </HeartRateBpm>
            <Extensions>
              <ns3:TPX>
                <ns3:Speed>1.6890000104904175</ns3:Speed>
              </ns3:TPX>
            </Extensions>
          </Trackpoint>
          <Trackpoint>
            <Time>2025-08-14T17:49:07.000Z</Time>
            <Position>
              <LatitudeDegrees>43.36309980601072</LatitudeDegrees>
              <LongitudeDegrees>-2.497633807361126</LongitudeDegrees>
            </Position>
            <AltitudeMeters>21.0</AltitudeMeters>
            <DistanceMeters>70.5</DistanceMeters>
            <HeartRateBpm>
              <Value>116</Value>
            </HeartRateBpm>
            <Extensions>
              <ns3:TPX>
                <ns3:Speed>1.6419999599456787</ns3:Speed>
              </ns3:TPX>
            </Extensions>
          </Trackpoint>
          <Trackpoint>
            <Time>2025-08-14T17:49:09.000Z</Time>
            <Position>
              <LatitudeDegrees>43.36308170109987</LatitudeDegrees>
              <LongitudeDegrees>-2.497615870088339</LongitudeDegrees>
            </Position>
            <AltitudeMeters>21.200000762939453</AltitudeMeters>
            <DistanceMeters>73.0199966430664</DistanceMeters>
            <HeartRateBpm>
              <Value>115</Value>
            </HeartRateBpm>
            <Extensions>
              <ns3:TPX>
                <ns3:Speed>1.5679999589920044</ns3:Speed>
              </ns3:TPX>
            </Extensions>
          </Trackpoint>
          <Trackpoint>
            <Time>2025-08-14T17:49:13.000Z</Time>
            <Position>
              <LatitudeDegrees>43.36304448544979</LatitudeDegrees>
              <LongitudeDegrees>-2.4975919816643</LongitudeDegrees>
            </Position>
            <AltitudeMeters>21.200000762939453</AltitudeMeters>
            <DistanceMeters>77.54000091552734</DistanceMeters>
            <HeartRateBpm>
              <Value>111</Value>
            </HeartRateBpm>
            <Extensions>
              <ns3:TPX>
                <ns3:Speed>1.4839999675750732</ns3:Speed>
              </ns3:TPX>
            </Extensions>
          </Trackpoint>
          <Trackpoint>
            <Time>2025-08-14T17:49:21.000Z</Time>
            <Position>
              <LatitudeDegrees>43.36294214241207</LatitudeDegrees>
              <LongitudeDegrees>-2.49758318066597</LongitudeDegrees>
            </Position>
            <AltitudeMeters>21.200000762939453</AltitudeMeters>
            <DistanceMeters>86.62999725341797</DistanceMeters>
            <HeartRateBpm>
              <Value>110</Value>
            </HeartRateBpm>
            <Extensions>
              <ns3:TPX>
                <ns3:Speed>1.305999994277954</ns3:Speed>
              </ns3:TPX>
            </Extensions>
          </Trackpoint>
          <Trackpoint>
            <Time>2025-08-14T17:49:28.000Z</Time>
            <Position>
              <LatitudeDegrees>43.36285279132426</LatitudeDegrees>
              <LongitudeDegrees>-2.497544875368476</LongitudeDegrees>
            </Position>
            <AltitudeMeters>21.399999618530273</AltitudeMeters>
            <DistanceMeters>94.7699966430664</DistanceMeters>
            <HeartRateBpm>
              <Value>107</Value>
            </HeartRateBpm>
            <Extensions>
              <ns3:TPX>
                <ns3:Speed>1.0540000200271606</ns3:Speed>
              </ns3:TPX>
            </Extensions>
          </Trackpoint>
          <Trackpoint>
            <Time>2025-08-14T17:49:31.000Z</Time>
            <Position>
              <LatitudeDegrees>43.36281834170222</LatitudeDegrees>
              <LongitudeDegrees>-2.497529285028577</LongitudeDegrees>
            </Position>
            <AltitudeMeters>21.600000381469727</AltitudeMeters>
            <DistanceMeters>99.25</DistanceMeters>
            <HeartRateBpm>
              <Value>106</Value>
            </HeartRateBpm>
            <Extensions>
              <ns3:TPX>
                <ns3:Speed>1.0820000171661377</ns3:Speed>
              </ns3:TPX>
            </Extensions>
          </Trackpoint>
          <Trackpoint>
            <Time>2025-08-14T17:49:35.000Z</Time>
            <Position>
              <LatitudeDegrees>43.36277458816767</LatitudeDegrees>
              <LongitudeDegrees>-2.497502714395523</LongitudeDegrees>
            </Position>
            <AltitudeMeters>21.799999237060547</AltitudeMeters>
            <DistanceMeters>104.19000244140625</DistanceMeters>
            <HeartRateBpm>
              <Value>109</Value>
            </HeartRateBpm>
            <Extensions>
              <ns3:TPX>
                <ns3:Speed>1.1100000143051147</ns3:Speed>
              </ns3:TPX>
            </Extensions>
          </Trackpoint>
          <Trackpoint>
            <Time>2025-08-14T17:49:41.000Z</Time>
            <Position>
              <LatitudeDegrees>43.36268967948854</LatitudeDegrees>
              <LongitudeDegrees>-2.4974625650793314</LongitudeDegrees>
            </Position>
            <AltitudeMeters>22.0</AltitudeMeters>
            <DistanceMeters>113.05000305175781</DistanceMeters>
            <HeartRateBpm>
              <Value>112</Value>
            </HeartRateBpm>
            <Extensions>
              <ns3:TPX>
                <ns3:Speed>1.128999948501587</ns3:Speed>
              </ns3:TPX>
            </Extensions>
          </Trackpoint>
          <Trackpoint>
            <Time>2025-08-14T17:49:46.000Z</Time>
            <Position>
              <LatitudeDegrees>43.36263217963278</LatitudeDegrees>
              <LongitudeDegrees>-2.497427109628916</LongitudeDegrees>
            </Position>
            <AltitudeMeters>22.200000762939453</AltitudeMeters>
            <DistanceMeters>119.5</DistanceMeters>
            <HeartRateBpm>
              <Value>108</Value>
            </HeartRateBpm>
            <Extensions>
              <ns3:TPX>
                <ns3:Speed>1.156999945640564</ns3:Speed>
              </ns3:TPX>
            </Extensions>
          </Trackpoint>
          <Trackpoint>
            <Time>2025-08-14T17:49:47.000Z</Time>
            <Position>
              <LatitudeDegrees>43.362621534615755</LatitudeDegrees>
              <LongitudeDegrees>-2.497421493753791</LongitudeDegrees>
            </Position>
            <AltitudeMeters>22.399999618530273</AltitudeMeters>
            <DistanceMeters>120.9000015258789</DistanceMeters>
            <HeartRateBpm>
              <Value>111</Value>
            </HeartRateBpm>
            <Extensions>
              <ns3:TPX>
                <ns3:Speed>1.156999945640564</ns3:Speed>
              </ns3:TPX>
            </Extensions>
          </Trackpoint>
          <Trackpoint>
            <Time>2025-08-14T17:49:52.000Z</Time>
            <Position>
              <LatitudeDegrees>43.362563364207745</LatitudeDegrees>
              <LongitudeDegrees>-2.497394336387515</LongitudeDegrees>
            </Position>
            <AltitudeMeters>22.600000381469727</AltitudeMeters>
            <DistanceMeters>126.55999755859375</DistanceMeters>
            <HeartRateBpm>
              <Value>113</Value>
            </HeartRateBpm>
            <Extensions>
              <ns3:TPX>
                <ns3:Speed>1.1480000019073486</ns3:Speed>
              </ns3:TPX>
            </Extensions>
          </Trackpoint>
          <Trackpoint>
            <Time>2025-08-14T17:49:56.000Z</Time>
            <Position>
              <LatitudeDegrees>43.362522376701236</LatitudeDegrees>
              <LongitudeDegrees>-2.4973591323941946</LongitudeDegrees>
            </Position>
            <AltitudeMeters>22.600000381469727</AltitudeMeters>
            <DistanceMeters>131.13999938964844</DistanceMeters>
            <HeartRateBpm>
              <Value>110</Value>
            </HeartRateBpm>
            <Extensions>
              <ns3:TPX>
                <ns3:Speed>1.128999948501587</ns3:Speed>
              </ns3:TPX>
            </Extensions>
          </Trackpoint>
          <Trackpoint>
            <Time>2025-08-14T17:49:58.000Z</Time>
            <Position>
              <LatitudeDegrees>43.36250209249556</LatitudeDegrees>
              <LongitudeDegrees>-2.4973483197391033</LongitudeDegrees>
            </Position>
            <AltitudeMeters>22.399999618530273</AltitudeMeters>
            <DistanceMeters>133.94000244140625</DistanceMeters>
            <HeartRateBpm>
              <Value>110</Value>
            </HeartRateBpm>
            <Extensions>
              <ns3:TPX>
                <ns3:Speed>1.1200000047683716</ns3:Speed>
              </ns3:TPX>
            </Extensions>
          </Trackpoint>
          <Trackpoint>
            <Time>2025-08-14T17:50:00.000Z</Time>
            <Position>
              <LatitudeDegrees>43.36248239502311</LatitudeDegrees>
              <LongitudeDegrees>-2.4973373394459486</LongitudeDegrees>
            </Position>
            <AltitudeMeters>22.399999618530273</AltitudeMeters>
            <DistanceMeters>136.07000732421875</DistanceMeters>
            <HeartRateBpm>
              <Value>109</Value>
            </HeartRateBpm>
            <Extensions>
              <ns3:TPX>
                <ns3:Speed>1.1200000047683716</ns3:Speed>
              </ns3:TPX>
            </Extensions>
          </Trackpoint>
          <Trackpoint>
            <Time>2025-08-14T17:50:01.000Z</Time>
            <Position>
              <LatitudeDegrees>43.362472001463175</LatitudeDegrees>
              <LongitudeDegrees>-2.497327197343111</LongitudeDegrees>
            </Position>
            <AltitudeMeters>22.399999618530273</AltitudeMeters>
            <DistanceMeters>136.9499969482422</DistanceMeters>
            <HeartRateBpm>
              <Value>110</Value>
            </HeartRateBpm>
            <Extensions>
              <ns3:TPX>
                <ns3:Speed>1.1200000047683716</ns3:Speed>
              </ns3:TPX>
            </Extensions>
          </Trackpoint>
          <Trackpoint>
            <Time>2025-08-14T17:50:07.000Z</Time>
            <Position>
              <LatitudeDegrees>43.362411484122276</LatitudeDegrees>
              <LongitudeDegrees>-2.497256873175502</LongitudeDegrees>
            </Position>
            <AltitudeMeters>22.799999237060547</AltitudeMeters>
            <DistanceMeters>148.25999450683594</DistanceMeters>
            <HeartRateBpm>
              <Value>109</Value>
            </HeartRateBpm>
            <Extensions>
              <ns3:TPX>
                <ns3:Speed>1.1380000114440918</ns3:Speed>
              </ns3:TPX>
            </Extensions>
          </Trackpoint>
          <Trackpoint>
            <Time>2025-08-14T17:50:12.000Z</Time>
            <Position>
              <LatitudeDegrees>43.362338561564684</LatitudeDegrees>
              <LongitudeDegrees>-2.4971520993858576</LongitudeDegrees>
            </Position>
            <AltitudeMeters>23.0</AltitudeMeters>
            <DistanceMeters>159.67999267578125</DistanceMeters>
            <HeartRateBpm>
              <Value>112</Value>
            </HeartRateBpm>
            <Extensions>
              <ns3:TPX>
                <ns3:Speed>1.277999997138977</ns3:Speed>
              </ns3:TPX>
            </Extensions>
          </Trackpoint>
          <Trackpoint>
            <Time>2025-08-14T17:50:13.000Z</Time>
            <Position>
              <LatitudeDegrees>43.362321462482214</LatitudeDegrees>
              <LongitudeDegrees>-2.4971350003033876</LongitudeDegrees>
            </Position>
            <AltitudeMeters>23.0</AltitudeMeters>
            <DistanceMeters>161.2899932861328</DistanceMeters>
            <HeartRateBpm>
              <Value>113</Value>
            </HeartRateBpm>
            <Extensions>
              <ns3:TPX>
                <ns3:Speed>1.4559999704360962</ns3:Speed>
              </ns3:TPX>
            </Extensions>
          </Trackpoint>
          <Trackpoint>
            <Time>2025-08-14T17:50:14.000Z</Time>
            <Position>
              <LatitudeDegrees>43.3623066265136</LatitudeDegrees>
              <LongitudeDegrees>-2.497116979211569</LongitudeDegrees>
            </Position>
            <AltitudeMeters>23.0</AltitudeMeters>
            <DistanceMeters>163.27999877929688</DistanceMeters>
            <HeartRateBpm>
              <Value>112</Value>
            </HeartRateBpm>
            <Extensions>
              <ns3:TPX>
                <ns3:Speed>1.4930000305175781</ns3:Speed>
              </ns3:TPX>
            </Extensions>
          </Trackpoint>
          <Trackpoint>
            <Time>2025-08-14T17:50:17.000Z</Time>
            <Position>
              <LatitudeDegrees>43.36227620020509</LatitudeDegrees>
              <LongitudeDegrees>-2.497088061645627</LongitudeDegrees>
            </Position>
            <AltitudeMeters>23.200000762939453</AltitudeMeters>
            <DistanceMeters>167.52999877929688</DistanceMeters>
            <HeartRateBpm>
              <Value>109</Value>
            </HeartRateBpm>
            <Extensions>
              <ns3:TPX>
                <ns3:Speed>1.6699999570846558</ns3:Speed>
              </ns3:TPX>
            </Extensions>
          </Trackpoint>
          <Trackpoint>
            <Time>2025-08-14T17:50:18.000Z</Time>
            <Position>
              <LatitudeDegrees>43.36226295679808</LatitudeDegrees>
              <LongitudeDegrees>-2.4970828648656607</LongitudeDegrees>
            </Position>
            <AltitudeMeters>23.200000762939453</AltitudeMeters>
            <DistanceMeters>168.72999572753906</DistanceMeters>
            <HeartRateBpm>
              <Value>108</Value>
            </HeartRateBpm>
            <Extensions>
              <ns3:TPX>
                <ns3:Speed>1.277999997138977</ns3:Speed>
              </ns3:TPX>
            </Extensions>
          </Trackpoint>
          <Trackpoint>
            <Time>2025-08-14T17:50:20.000Z</Time>
            <Position>
              <LatitudeDegrees>43.36223973892629</LatitudeDegrees>
              <LongitudeDegrees>-2.497074482962489</LongitudeDegrees>
            </Position>
            <AltitudeMeters>23.200000762939453</AltitudeMeters>
            <DistanceMeters>170.9600067138672</DistanceMeters>
            <HeartRateBpm>
              <Value>109</Value>
            </HeartRateBpm>
            <Extensions>
              <ns3:TPX>
                <ns3:Speed>1.2319999933242798</ns3:Speed>
              </ns3:TPX>
            </Extensions>
          </Trackpoint>
          <Trackpoint>
            <Time>2025-08-14T17:50:23.000Z</Time>
            <Position>
              <LatitudeDegrees>43.362192548811436</LatitudeDegrees>
              <LongitudeDegrees>-2.497075069695711</LongitudeDegrees>
            </Position>
            <AltitudeMeters>23.200000762939453</AltitudeMeters>
            <DistanceMeters>175.32000732421875</DistanceMeters>
            <HeartRateBpm>
              <Value>108</Value>
            </HeartRateBpm>
            <Extensions>
              <ns3:TPX>
                <ns3:Speed>1.1759999990463257</ns3:Speed>
              </ns3:TPX>
            </Extensions>
          </Trackpoint>
          <Trackpoint>
            <Time>2025-08-14T17:50:24.000Z</Time>
            <Position>
              <LatitudeDegrees>43.362179808318615</LatitudeDegrees>
              <LongitudeDegrees>-2.4970719683915377</LongitudeDegrees>
            </Position>
            <AltitudeMeters>23.200000762939453</AltitudeMeters>
            <DistanceMeters>176.8300018310547</DistanceMeters>
            <HeartRateBpm>
              <Value>109</Value>
            </HeartRateBpm>
            <Extensions>
              <ns3:TPX>
                <ns3:Speed>1.1759999990463257</ns3:Speed>
              </ns3:TPX>
            </Extensions>
          </Trackpoint>
          <Trackpoint>
            <Time>2025-08-14T17:50:29.000Z</Time>
            <Position>
              <LatitudeDegrees>43.3621184527874</LatitudeDegrees>
              <LongitudeDegrees>-2.497037937864661</LongitudeDegrees>
            </Position>
            <AltitudeMeters>23.399999618530273</AltitudeMeters>
            <DistanceMeters>182.36000061035156</DistanceMeters>
            <HeartRateBpm>
              <Value>106</Value>
            </HeartRateBpm>
            <Extensions>
              <ns3:TPX>
                <ns3:Speed>1.128999948501587</ns3:Speed>
              </ns3:TPX>
            </Extensions>
          </Trackpoint>
          <Trackpoint>
            <Time>2025-08-14T17:50:32.000Z</Time>
            <Position>
              <LatitudeDegrees>43.362077130004764</LatitudeDegrees>
              <LongitudeDegrees>-2.4970078468322754</LongitudeDegrees>
            </Position>
            <AltitudeMeters>23.399999618530273</AltitudeMeters>
            <DistanceMeters>187.32000732421875</DistanceMeters>
            <HeartRateBpm>
              <Value>105</Value>
            </HeartRateBpm>
            <Extensions>
              <ns3:TPX>
                <ns3:Speed>1.1100000143051147</ns3:Speed>
              </ns3:TPX>
            </Extensions>
          </Trackpoint>
          <Trackpoint>
            <Time>2025-08-14T17:50:34.000Z</Time>
            <Position>
              <LatitudeDegrees>43.362055756151676</LatitudeDegrees>
              <LongitudeDegrees>-2.49698999337852</LongitudeDegrees>
            </Position>
            <AltitudeMeters>23.600000381469727</AltitudeMeters>
            <DistanceMeters>191.02999877929688</DistanceMeters>
            <HeartRateBpm>
              <Value>107</Value>
            </HeartRateBpm>
            <Extensions>
              <ns3:TPX>
                <ns3:Speed>1.128999948501587</ns3:Speed>
              </ns3:TPX>
            </Extensions>
          </Trackpoint>
          <Trackpoint>
            <Time>2025-08-14T17:50:35.000Z</Time>
            <Position>
              <LatitudeDegrees>43.36204184219241</LatitudeDegrees>
              <LongitudeDegrees>-2.496983790770173</LongitudeDegrees>
            </Position>
            <AltitudeMeters>23.600000381469727</AltitudeMeters>
            <DistanceMeters>192.13999938964844</DistanceMeters>
            <HeartRateBpm>
              <Value>106</Value>
            </HeartRateBpm>
            <Extensions>
              <ns3:TPX>
                <ns3:Speed>1.1380000114440918</ns3:Speed>
              </ns3:TPX>
            </Extensions>
          </Trackpoint>
          <Trackpoint>
            <Time>2025-08-14T17:50:39.000Z</Time>
            <Position>
              <LatitudeDegrees>43.361966740339994</LatitudeDegrees>
              <LongitudeDegrees>-2.4969813600182533</LongitudeDegrees>
            </Position>
            <AltitudeMeters>24.0</AltitudeMeters>
            <DistanceMeters>197.94000244140625</DistanceMeters>
            <HeartRateBpm>
              <Value>105</Value>
            </HeartRateBpm>
            <Extensions>
              <ns3:TPX>
                <ns3:Speed>1.1660000085830688</ns3:Speed>
              </ns3:TPX>
            </Extensions>
          </Trackpoint>
          <Trackpoint>
            <Time>2025-08-14T17:50:43.000Z</Time>
            <Position>
              <LatitudeDegrees>43.36191133596003</LatitudeDegrees>
              <LongitudeDegrees>-2.4969743192195892</LongitudeDegrees>
            </Position>
            <AltitudeMeters>24.0</AltitudeMeters>
            <DistanceMeters>204.64999389648438</DistanceMeters>
            <HeartRateBpm>
              <Value>105</Value>
            </HeartRateBpm>
            <Extensions>
              <ns3:TPX>
                <ns3:Speed>1.2319999933242798</ns3:Speed>
              </ns3:TPX>
            </Extensions>
          </Trackpoint>
          <Trackpoint>
            <Time>2025-08-14T17:50:45.000Z</Time>
            <Position>
              <LatitudeDegrees>43.36190261878073</LatitudeDegrees>
              <LongitudeDegrees>-2.4969657696783543</LongitudeDegrees>
            </Position>
            <AltitudeMeters>24.200000762939453</AltitudeMeters>
            <DistanceMeters>207.80999755859375</DistanceMeters>
            <HeartRateBpm>
              <Value>106</Value>
            </HeartRateBpm>
            <Extensions>
              <ns3:TPX>
                <ns3:Speed>1.2410000562667847</ns3:Speed>
              </ns3:TPX>
            </Extensions>
          </Trackpoint>
          <Trackpoint>
            <Time>2025-08-14T17:50:49.000Z</Time>
            <Position>
              <LatitudeDegrees>43.361863642930984</LatitudeDegrees>
              <LongitudeDegrees>-2.496934924274683</LongitudeDegrees>
            </Position>
            <AltitudeMeters>24.0</AltitudeMeters>
            <DistanceMeters>212.08999633789062</DistanceMeters>
            <HeartRateBpm>
              <Value>106</Value>
            </HeartRateBpm>
            <Extensions>
              <ns3:TPX>
                <ns3:Speed>1.2319999933242798</ns3:Speed>
              </ns3:TPX>
            </Extensions>
          </Trackpoint>
          <Trackpoint>
            <Time>2025-08-14T17:50:51.000Z</Time>
            <Position>
              <LatitudeDegrees>43.361833887174726</LatitudeDegrees>
              <LongitudeDegrees>-2.4969285540282726</LongitudeDegrees>
            </Position>
            <AltitudeMeters>24.0</AltitudeMeters>
            <DistanceMeters>215.1999969482422</DistanceMeters>
            <HeartRateBpm>
              <Value>106</Value>
            </HeartRateBpm>
            <Extensions>
              <ns3:TPX>
                <ns3:Speed>1.2319999933242798</ns3:Speed>
              </ns3:TPX>
            </Extensions>
          </Trackpoint>
          <Trackpoint>
            <Time>2025-08-14T17:50:53.000Z</Time>
            <Position>
              <LatitudeDegrees>43.36180714890361</LatitudeDegrees>
              <LongitudeDegrees>-2.4969257041811943</LongitudeDegrees>
            </Position>
            <AltitudeMeters>24.0</AltitudeMeters>
            <DistanceMeters>218.88999938964844</DistanceMeters>
            <HeartRateBpm>
              <Value>104</Value>
            </HeartRateBpm>
            <Extensions>
              <ns3:TPX>
                <ns3:Speed>1.2410000562667847</ns3:Speed>
              </ns3:TPX>
            </Extensions>
          </Trackpoint>
          <Trackpoint>
            <Time>2025-08-14T17:50:54.000Z</Time>
            <Position>
              <LatitudeDegrees>43.361792312934995</LatitudeDegrees>
              <LongitudeDegrees>-2.496922267600894</LongitudeDegrees>
            </Position>
            <AltitudeMeters>24.0</AltitudeMeters>
            <DistanceMeters>220.9600067138672</DistanceMeters>
            <HeartRateBpm>
              <Value>103</Value>
            </HeartRateBpm>
            <Extensions>
              <ns3:TPX>
                <ns3:Speed>1.25</ns3:Speed>
              </ns3:TPX>
            </Extensions>
          </Trackpoint>
          <Trackpoint>
            <Time>2025-08-14T17:51:00.000Z</Time>
            <Position>
              <LatitudeDegrees>43.36171771399677</LatitudeDegrees>
              <LongitudeDegrees>-2.496908102184534</LongitudeDegrees>
            </Position>
            <AltitudeMeters>24.399999618530273</AltitudeMeters>
            <DistanceMeters>229.39999389648438</DistanceMeters>
            <HeartRateBpm>
              <Value>105</Value>
            </HeartRateBpm>
            <Extensions>
              <ns3:TPX>
                <ns3:Speed>1.3250000476837158</ns3:Speed>
              </ns3:TPX>
            </Extensions>
          </Trackpoint>
          <Trackpoint>
            <Time>2025-08-14T17:51:03.000Z</Time>
            <Position>
              <LatitudeDegrees>43.361673625186086</LatitudeDegrees>
              <LongitudeDegrees>-2.496894607320428</LongitudeDegrees>
            </Position>
            <AltitudeMeters>24.200000762939453</AltitudeMeters>
            <DistanceMeters>232.3800048828125</DistanceMeters>
            <HeartRateBpm>
              <Value>107</Value>
            </HeartRateBpm>
            <Extensions>
              <ns3:TPX>
                <ns3:Speed>1.2130000591278076</ns3:Speed>
              </ns3:TPX>
            </Extensions>
          </Trackpoint>
          <Trackpoint>
            <Time>2025-08-14T17:51:07.000Z</Time>
            <Position>
              <LatitudeDegrees>43.361610090360045</LatitudeDegrees>
              <LongitudeDegrees>-2.4968712218105793</LongitudeDegrees>
            </Position>
            <AltitudeMeters>24.399999618530273</AltitudeMeters>
            <DistanceMeters>238.5399932861328</DistanceMeters>
            <HeartRateBpm>
              <Value>106</Value>
            </HeartRateBpm>
            <Extensions>
              <ns3:TPX>
                <ns3:Speed>1.3530000448226929</ns3:Speed>
              </ns3:TPX>
            </Extensions>
          </Trackpoint>
          <Trackpoint>
            <Time>2025-08-14T17:51:10.000Z</Time>
            <Position>
              <LatitudeDegrees>43.361557787284255</LatitudeDegrees>
              <LongitudeDegrees>-2.4968555476516485</LongitudeDegrees>
            </Position>
            <AltitudeMeters>24.200000762939453</AltitudeMeters>
            <DistanceMeters>241.49000549316406</DistanceMeters>
            <HeartRateBpm>
              <Value>107</Value>
            </HeartRateBpm>
            <Extensions>
              <ns3:TPX>
                <ns3:Speed>1.305999994277954</ns3:Speed>
              </ns3:TPX>
            </Extensions>
          </Trackpoint>
          <Trackpoint>
            <Time>2025-08-14T17:51:14.000Z</Time>
            <Position>
              <LatitudeDegrees>43.36149894632399</LatitudeDegrees>
              <LongitudeDegrees>-2.496850937604904</LongitudeDegrees>
            </Position>
            <AltitudeMeters>24.0</AltitudeMeters>
            <DistanceMeters>246.2100067138672</DistanceMeters>
            <HeartRateBpm>
              <Value>109</Value>
            </HeartRateBpm>
            <Extensions>
              <ns3:TPX>
                <ns3:Speed>1.25</ns3:Speed>
              </ns3:TPX>
            </Extensions>
          </Trackpoint>
          <Trackpoint>
            <Time>2025-08-14T17:51:16.000Z</Time>
            <Position>
              <LatitudeDegrees>43.36147245950997</LatitudeDegrees>
              <LongitudeDegrees>-2.4968516919761896</LongitudeDegrees>
            </Position>
            <AltitudeMeters>24.0</AltitudeMeters>
            <DistanceMeters>249.07000732421875</DistanceMeters>
            <HeartRateBpm>
              <Value>108</Value>
            </HeartRateBpm>
            <Extensions>
              <ns3:TPX>
                <ns3:Speed>1.25</ns3:Speed>
              </ns3:TPX>
            </Extensions>
          </Trackpoint>
          <Trackpoint>
            <Time>2025-08-14T17:51:18.000Z</Time>
            <Position>
              <LatitudeDegrees>43.36144035682082</LatitudeDegrees>
              <LongitudeDegrees>-2.49685269780457</LongitudeDegrees>
            </Position>
            <AltitudeMeters>23.799999237060547</AltitudeMeters>
            <DistanceMeters>252.19000244140625</DistanceMeters>
            <HeartRateBpm>
              <Value>109</Value>
            </HeartRateBpm>
            <Extensions>
              <ns3:TPX>
                <ns3:Speed>1.25</ns3:Speed>
              </ns3:TPX>
            </Extensions>
          </Trackpoint>
          <Trackpoint>
            <Time>2025-08-14T17:51:23.000Z</Time>
            <Position>
              <LatitudeDegrees>43.36136701516807</LatitudeDegrees>
              <LongitudeDegrees>-2.4968705512583256</LongitudeDegrees>
            </Position>
            <AltitudeMeters>23.799999237060547</AltitudeMeters>
            <DistanceMeters>261.2200012207031</DistanceMeters>
            <HeartRateBpm>
              <Value>108</Value>
            </HeartRateBpm>
            <Extensions>
              <ns3:TPX>
                <ns3:Speed>1.3250000476837158</ns3:Speed>
              </ns3:TPX>
            </Extensions>
          </Trackpoint>
          <Trackpoint>
            <Time>2025-08-14T17:51:26.000Z</Time>
            <Position>
              <LatitudeDegrees>43.36131663993001</LatitudeDegrees>
              <LongitudeDegrees>-2.4968965351581573</LongitudeDegrees>
            </Position>
            <AltitudeMeters>23.600000381469727</AltitudeMeters>
            <DistanceMeters>265.6199951171875</DistanceMeters>
            <HeartRateBpm>
              <Value>110</Value>
            </HeartRateBpm>
            <Extensions>
              <ns3:TPX>
                <ns3:Speed>1.3530000448226929</ns3:Speed>
              </ns3:TPX>
            </Extensions>
          </Trackpoint>
          <Trackpoint>
            <Time>2025-08-14T17:51:28.000Z</Time>
            <Position>
              <LatitudeDegrees>43.3612843696028</LatitudeDegrees>
              <LongitudeDegrees>-2.4969080183655024</LongitudeDegrees>
            </Position>
            <AltitudeMeters>23.399999618530273</AltitudeMeters>
            <DistanceMeters>269.9800109863281</DistanceMeters>
            <HeartRateBpm>
              <Value>110</Value>
            </HeartRateBpm>
            <Extensions>
              <ns3:TPX>
                <ns3:Speed>1.371999979019165</ns3:Speed>
              </ns3:TPX>
            </Extensions>
          </Trackpoint>
          <Trackpoint>
            <Time>2025-08-14T17:51:35.000Z</Time>
            <Position>
              <LatitudeDegrees>43.36118521168828</LatitudeDegrees>
              <LongitudeDegrees>-2.4969733972102404</LongitudeDegrees>
            </Position>
            <AltitudeMeters>23.200000762939453</AltitudeMeters>
            <DistanceMeters>282.70001220703125</DistanceMeters>
            <HeartRateBpm>
              <Value>107</Value>
            </HeartRateBpm>
            <Extensions>
              <ns3:TPX>
                <ns3:Speed>1.4839999675750732</ns3:Speed>
              </ns3:TPX>
            </Extensions>
          </Trackpoint>
          <Trackpoint>
            <Time>2025-08-14T17:51:38.000Z</Time>
            <Position>
              <LatitudeDegrees>43.361141961067915</LatitudeDegrees>
              <LongitudeDegrees>-2.497003236785531</LongitudeDegrees>
            </Position>
            <AltitudeMeters>23.0</AltitudeMeters>
            <DistanceMeters>287.3599853515625</DistanceMeters>
            <HeartRateBpm>
              <Value>108</Value>
            </HeartRateBpm>
            <Extensions>
              <ns3:TPX>
                <ns3:Speed>1.5210000276565552</ns3:Speed>
              </ns3:TPX>
            </Extensions>
          </Trackpoint>
          <Trackpoint>
            <Time>2025-08-14T17:51:41.000Z</Time>
            <Position>
              <LatitudeDegrees>43.36110072210431</LatitudeDegrees>
              <LongitudeDegrees>-2.4970317352563143</LongitudeDegrees>
            </Position>
            <AltitudeMeters>23.0</AltitudeMeters>
            <DistanceMeters>293.1300048828125</DistanceMeters>
            <HeartRateBpm>
              <Value>105</Value>
            </HeartRateBpm>
            <Extensions>
              <ns3:TPX>
                <ns3:Speed>1.6050000190734863</ns3:Speed>
              </ns3:TPX>
            </Extensions>
          </Trackpoint>
          <Trackpoint>
            <Time>2025-08-14T17:51:44.000Z</Time>
            <Position>
              <LatitudeDegrees>43.36106467992067</LatitudeDegrees>
              <LongitudeDegrees>-2.497061239555478</LongitudeDegrees>
            </Position>
            <AltitudeMeters>22.600000381469727</AltitudeMeters>
            <DistanceMeters>299.7300109863281</DistanceMeters>
            <HeartRateBpm>
              <Value>104</Value>
            </HeartRateBpm>
            <Extensions>
              <ns3:TPX>
                <ns3:Speed>1.781999945640564</ns3:Speed>
              </ns3:TPX>
            </Extensions>
          </Trackpoint>
          <Trackpoint>
            <Time>2025-08-14T17:51:46.000Z</Time>
            <Position>
              <LatitudeDegrees>43.36104498244822</LatitudeDegrees>
              <LongitudeDegrees>-2.497080769389868</LongitudeDegrees>
            </Position>
            <AltitudeMeters>22.399999618530273</AltitudeMeters>
            <DistanceMeters>302.7799987792969</DistanceMeters>
            <HeartRateBpm>
              <Value>107</Value>
            </HeartRateBpm>
            <Extensions>
              <ns3:TPX>
                <ns3:Speed>1.875</ns3:Speed>
              </ns3:TPX>
            </Extensions>
          </Trackpoint>
          <Trackpoint>
            <Time>2025-08-14T17:51:51.000Z</Time>
            <Position>
              <LatitudeDegrees>43.36098982952535</LatitudeDegrees>
              <LongitudeDegrees>-2.497124522924423</LongitudeDegrees>
            </Position>
            <AltitudeMeters>22.0</AltitudeMeters>
            <DistanceMeters>309.8299865722656</DistanceMeters>
            <HeartRateBpm>
              <Value>106</Value>
            </HeartRateBpm>
            <Extensions>
              <ns3:TPX>
                <ns3:Speed>1.819000005722046</ns3:Speed>
              </ns3:TPX>
            </Extensions>
          </Trackpoint>
          <Trackpoint>
            <Time>2025-08-14T17:51:52.000Z</Time>
            <Position>
              <LatitudeDegrees>43.3609822858125</LatitudeDegrees>
              <LongitudeDegrees>-2.4971361737698317</LongitudeDegrees>
            </Position>
            <AltitudeMeters>21.799999237060547</AltitudeMeters>
            <DistanceMeters>311.25</DistanceMeters>
            <HeartRateBpm>
              <Value>106</Value>
            </HeartRateBpm>
            <Extensions>
              <ns3:TPX>
                <ns3:Speed>1.809999942779541</ns3:Speed>
              </ns3:TPX>
            </Extensions>
          </Trackpoint>
          <Trackpoint>
            <Time>2025-08-14T17:51:53.000Z</Time>
            <Position>
              <LatitudeDegrees>43.36097214370966</LatitudeDegrees>
              <LongitudeDegrees>-2.4971521832048893</LongitudeDegrees>
            </Position>
            <AltitudeMeters>21.799999237060547</AltitudeMeters>
            <DistanceMeters>312.55999755859375</DistanceMeters>
            <HeartRateBpm>
              <Value>106</Value>
            </HeartRateBpm>
            <Extensions>
              <ns3:TPX>
                <ns3:Speed>1.8009999990463257</ns3:Speed>
              </ns3:TPX>
            </Extensions>
          </Trackpoint>
          <Trackpoint>
            <Time>2025-08-14T17:51:57.000Z</Time>
            <Position>
              <LatitudeDegrees>43.36093928664923</LatitudeDegrees>
              <LongitudeDegrees>-2.4972249381244183</LongitudeDegrees>
            </Position>
            <AltitudeMeters>21.799999237060547</AltitudeMeters>
            <DistanceMeters>318.260009765625</DistanceMeters>
            <HeartRateBpm>
              <Value>104</Value>
            </HeartRateBpm>
            <Extensions>
              <ns3:TPX>
                <ns3:Speed>1.7730000019073486</ns3:Speed>
              </ns3:TPX>
            </Extensions>
          </Trackpoint>
          <Trackpoint>
            <Time>2025-08-14T17:51:59.000Z</Time>
            <Position>
              <LatitudeDegrees>43.36092193610966</LatitudeDegrees>
              <LongitudeDegrees>-2.4972733855247498</LongitudeDegrees>
            </Position>
            <AltitudeMeters>21.600000381469727</AltitudeMeters>
            <DistanceMeters>321.4800109863281</DistanceMeters>
            <HeartRateBpm>
              <Value>104</Value>
            </HeartRateBpm>
            <Extensions>
              <ns3:TPX>
                <ns3:Speed>1.7640000581741333</ns3:Speed>
              </ns3:TPX>
            </Extensions>
          </Trackpoint>
          <Trackpoint>
            <Time>2025-08-14T17:52:04.000Z</Time>
            <Position>
              <LatitudeDegrees>43.36087851785123</LatitudeDegrees>
              <LongitudeDegrees>-2.4973620660603046</LongitudeDegrees>
            </Position>
            <AltitudeMeters>21.399999618530273</AltitudeMeters>
            <DistanceMeters>329.9200134277344</DistanceMeters>
            <HeartRateBpm>
              <Value>108</Value>
            </HeartRateBpm>
            <Extensions>
              <ns3:TPX>
                <ns3:Speed>1.7640000581741333</ns3:Speed>
              </ns3:TPX>
            </Extensions>
          </Trackpoint>
          <Trackpoint>
            <Time>2025-08-14T17:52:05.000Z</Time>
            <Position>
              <LatitudeDegrees>43.360874159261584</LatitudeDegrees>
              <LongitudeDegrees>-2.497377572581172</LongitudeDegrees>
            </Position>
            <AltitudeMeters>21.399999618530273</AltitudeMeters>
            <DistanceMeters>330.92999267578125</DistanceMeters>
            <HeartRateBpm>
              <Value>108</Value>
            </HeartRateBpm>
            <Extensions>
              <ns3:TPX>
                <ns3:Speed>1.7640000581741333</ns3:Speed>
              </ns3:TPX>
            </Extensions>
          </Trackpoint>
          <Trackpoint>
            <Time>2025-08-14T17:52:08.000Z</Time>
            <Position>
              <LatitudeDegrees>43.360862005501986</LatitudeDegrees>
              <LongitudeDegrees>-2.497432641685009</LongitudeDegrees>
            </Position>
            <AltitudeMeters>21.200000762939453</AltitudeMeters>
            <DistanceMeters>334.29998779296875</DistanceMeters>
            <HeartRateBpm>
              <Value>105</Value>
            </HeartRateBpm>
            <Extensions>
              <ns3:TPX>
                <ns3:Speed>1.6139999628067017</ns3:Speed>
              </ns3:TPX>
            </Extensions>
          </Trackpoint>
          <Trackpoint>
            <Time>2025-08-14T17:52:09.000Z</Time>
            <Position>
              <LatitudeDegrees>43.36085823364556</LatitudeDegrees>
              <LongitudeDegrees>-2.4974549375474453</LongitudeDegrees>
            </Position>
            <AltitudeMeters>21.0</AltitudeMeters>
            <DistanceMeters>336.239990234375</DistanceMeters>
            <HeartRateBpm>
              <Value>105</Value>
            </HeartRateBpm>
            <Extensions>
              <ns3:TPX>
                <ns3:Speed>1.6050000190734863</ns3:Speed>
              </ns3:TPX>
            </Extensions>
          </Trackpoint>
          <Trackpoint>
            <Time>2025-08-14T17:52:12.000Z</Time>
            <Position>
              <LatitudeDegrees>43.36085052229464</LatitudeDegrees>
              <LongitudeDegrees>-2.4975199811160564</LongitudeDegrees>
            </Position>
            <AltitudeMeters>21.0</AltitudeMeters>
            <DistanceMeters>341.1700134277344</DistanceMeters>
            <HeartRateBpm>
              <Value>105</Value>
            </HeartRateBpm>
            <Extensions>
              <ns3:TPX>
                <ns3:Speed>1.6050000190734863</ns3:Speed>
              </ns3:TPX>
            </Extensions>
          </Trackpoint>
          <Trackpoint>
            <Time>2025-08-14T17:52:15.000Z</Time>
            <Position>
              <LatitudeDegrees>43.36085010319948</LatitudeDegrees>
              <LongitudeDegrees>-2.497571613639593</LongitudeDegrees>
            </Position>
            <AltitudeMeters>20.799999237060547</AltitudeMeters>
            <DistanceMeters>345.260009765625</DistanceMeters>
            <HeartRateBpm>
              <Value>108</Value>
            </HeartRateBpm>
            <Extensions>
              <ns3:TPX>
                <ns3:Speed>1.6050000190734863</ns3:Speed>
              </ns3:TPX>
            </Extensions>
          </Trackpoint>
          <Trackpoint>
            <Time>2025-08-14T17:52:16.000Z</Time>
            <Position>
              <LatitudeDegrees>43.360851192846894</LatitudeDegrees>
              <LongitudeDegrees>-2.497584354132414</LongitudeDegrees>
            </Position>
            <AltitudeMeters>20.799999237060547</AltitudeMeters>
            <DistanceMeters>346.1700134277344</DistanceMeters>
            <HeartRateBpm>
              <Value>109</Value>
            </HeartRateBpm>
            <Extensions>
              <ns3:TPX>
                <ns3:Speed>1.5959999561309814</ns3:Speed>
              </ns3:TPX>
            </Extensions>
          </Trackpoint>
          <Trackpoint>
            <Time>2025-08-14T17:52:17.000Z</Time>
            <Position>
              <LatitudeDegrees>43.360852198675275</LatitudeDegrees>
              <LongitudeDegrees>-2.4975961726158857</LongitudeDegrees>
            </Position>
            <AltitudeMeters>20.799999237060547</AltitudeMeters>
            <DistanceMeters>346.9100036621094</DistanceMeters>
            <HeartRateBpm>
              <Value>107</Value>
            </HeartRateBpm>
            <Extensions>
              <ns3:TPX>
                <ns3:Speed>1.5679999589920044</ns3:Speed>
              </ns3:TPX>
            </Extensions>
          </Trackpoint>
          <Trackpoint>
            <Time>2025-08-14T17:52:22.000Z</Time>
            <Position>
              <LatitudeDegrees>43.360840547829866</LatitudeDegrees>
              <LongitudeDegrees>-2.497672950848937</LongitudeDegrees>
            </Position>
            <AltitudeMeters>20.799999237060547</AltitudeMeters>
            <DistanceMeters>353.0899963378906</DistanceMeters>
            <HeartRateBpm>
              <Value>104</Value>
            </HeartRateBpm>
            <Extensions>
              <ns3:TPX>
                <ns3:Speed>1.4839999675750732</ns3:Speed>
              </ns3:TPX>
            </Extensions>
          </Trackpoint>
          <Trackpoint>
            <Time>2025-08-14T17:52:24.000Z</Time>
            <Position>
              <LatitudeDegrees>43.36082990281284</LatitudeDegrees>
              <LongitudeDegrees>-2.4977099988609552</LongitudeDegrees>
            </Position>
            <AltitudeMeters>20.799999237060547</AltitudeMeters>
            <DistanceMeters>355.6400146484375</DistanceMeters>
            <HeartRateBpm>
              <Value>104</Value>
            </HeartRateBpm>
            <Extensions>
              <ns3:TPX>
                <ns3:Speed>1.4739999771118164</ns3:Speed>
              </ns3:TPX>
            </Extensions>
          </Trackpoint>
          <Trackpoint>
            <Time>2025-08-14T17:52:30.000Z</Time>
            <Position>
              <LatitudeDegrees>43.3608181681484</LatitudeDegrees>
              <LongitudeDegrees>-2.497801948338747</LongitudeDegrees>
            </Position>
            <AltitudeMeters>20.799999237060547</AltitudeMeters>
            <DistanceMeters>364.1600036621094</DistanceMeters>
            <HeartRateBpm>
              <Value>105</Value>
            </HeartRateBpm>
            <Extensions>
              <ns3:TPX>
                <ns3:Speed>1.465000033378601</ns3:Speed>
              </ns3:TPX>
            </Extensions>
          </Trackpoint>
          <Trackpoint>
            <Time>2025-08-14T17:52:36.000Z</Time>
            <Position>
              <LatitudeDegrees>43.36077977903187</LatitudeDegrees>
              <LongitudeDegrees>-2.49790420755744</LongitudeDegrees>
            </Position>
            <AltitudeMeters>20.600000381469727</AltitudeMeters>
            <DistanceMeters>371.760009765625</DistanceMeters>
            <HeartRateBpm>
              <Value>103</Value>
            </HeartRateBpm>
            <Extensions>
              <ns3:TPX>
                <ns3:Speed>1.4279999732971191</ns3:Speed>
              </ns3:TPX>
            </Extensions>
          </Trackpoint>
          <Trackpoint>
            <Time>2025-08-14T17:52:37.000Z</Time>
            <Position>
              <LatitudeDegrees>43.36077097803354</LatitudeDegrees>
              <LongitudeDegrees>-2.497916277498007</LongitudeDegrees>
            </Position>
            <AltitudeMeters>20.600000381469727</AltitudeMeters>
            <DistanceMeters>372.8399963378906</DistanceMeters>
            <HeartRateBpm>
              <Value>104</Value>
            </HeartRateBpm>
            <Extensions>
              <ns3:TPX>
                <ns3:Speed>1.4279999732971191</ns3:Speed>
              </ns3:TPX>
            </Extensions>
          </Trackpoint>
          <Trackpoint>
            <Time>2025-08-14T17:52:43.000Z</Time>
            <Position>
              <LatitudeDegrees>43.36072588339448</LatitudeDegrees>
              <LongitudeDegrees>-2.4979958217591047</LongitudeDegrees>
            </Position>
            <AltitudeMeters>20.600000381469727</AltitudeMeters>
            <DistanceMeters>383.2900085449219</DistanceMeters>
            <HeartRateBpm>
              <Value>105</Value>
            </HeartRateBpm>
            <Extensions>
              <ns3:TPX>
                <ns3:Speed>1.4279999732971191</ns3:Speed>
              </ns3:TPX>
            </Extensions>
          </Trackpoint>
          <Trackpoint>
            <Time>2025-08-14T17:52:45.000Z</Time>
            <Position>
              <LatitudeDegrees>43.36070543155074</LatitudeDegrees>
              <LongitudeDegrees>-2.4980205483734608</LongitudeDegrees>
            </Position>
            <AltitudeMeters>21.0</AltitudeMeters>
            <DistanceMeters>387.3399963378906</DistanceMeters>
            <HeartRateBpm>
              <Value>103</Value>
            </HeartRateBpm>
            <Extensions>
              <ns3:TPX>
                <ns3:Speed>1.4459999799728394</ns3:Speed>
              </ns3:TPX>
            </Extensions>
          </Trackpoint>
          <Trackpoint>
            <Time>2025-08-14T17:52:51.000Z</Time>
            <Position>
              <LatitudeDegrees>43.360640639439225</LatitudeDegrees>
              <LongitudeDegrees>-2.498080227524042</LongitudeDegrees>
            </Position>
            <AltitudeMeters>20.799999237060547</AltitudeMeters>
            <DistanceMeters>397.0400085449219</DistanceMeters>
            <HeartRateBpm>
              <Value>104</Value>
            </HeartRateBpm>
            <Extensions>
              <ns3:TPX>
                <ns3:Speed>1.4839999675750732</ns3:Speed>
              </ns3:TPX>
            </Extensions>
          </Trackpoint>
          <Trackpoint>
            <Time>2025-08-14T17:52:53.000Z</Time>
            <Position>
              <LatitudeDegrees>43.36062437854707</LatitudeDegrees>
              <LongitudeDegrees>-2.4980925489217043</LongitudeDegrees>
            </Position>
            <AltitudeMeters>20.799999237060547</AltitudeMeters>
            <DistanceMeters>399.8399963378906</DistanceMeters>
            <HeartRateBpm>
              <Value>103</Value>
            </HeartRateBpm>
            <Extensions>
              <ns3:TPX>
                <ns3:Speed>1.5210000276565552</ns3:Speed>
              </ns3:TPX>
            </Extensions>
          </Trackpoint>
          <Trackpoint>
            <Time>2025-08-14T17:52:57.000Z</Time>
            <Position>
              <LatitudeDegrees>43.36057785898447</LatitudeDegrees>
              <LongitudeDegrees>-2.4981320276856422</LongitudeDegrees>
            </Position>
            <AltitudeMeters>21.399999618530273</AltitudeMeters>
            <DistanceMeters>405.1199951171875</DistanceMeters>
            <HeartRateBpm>
              <Value>103</Value>
            </HeartRateBpm>
            <Extensions>
              <ns3:TPX>
                <ns3:Speed>1.4839999675750732</ns3:Speed>
              </ns3:TPX>
            </Extensions>
          </Trackpoint>
          <Trackpoint>
            <Time>2025-08-14T17:53:03.000Z</Time>
            <Position>
              <LatitudeDegrees>43.36050535552204</LatitudeDegrees>
              <LongitudeDegrees>-2.498181229457259</LongitudeDegrees>
            </Position>
            <AltitudeMeters>21.399999618530273</AltitudeMeters>
            <DistanceMeters>414.260009765625</DistanceMeters>
            <HeartRateBpm>
              <Value>103</Value>
            </HeartRateBpm>
            <Extensions>
              <ns3:TPX>
                <ns3:Speed>1.5019999742507935</ns3:Speed>
              </ns3:TPX>
            </Extensions>
          </Trackpoint>
          <Trackpoint>
            <Time>2025-08-14T17:53:10.000Z</Time>
            <Position>
              <LatitudeDegrees>43.36040812544525</LatitudeDegrees>
              <LongitudeDegrees>-2.4982279166579247</LongitudeDegrees>
            </Position>
            <AltitudeMeters>21.799999237060547</AltitudeMeters>
            <DistanceMeters>424.8399963378906</DistanceMeters>
            <HeartRateBpm>
              <Value>103</Value>
            </HeartRateBpm>
            <Extensions>
              <ns3:TPX>
                <ns3:Speed>1.5210000276565552</ns3:Speed>
              </ns3:TPX>
            </Extensions>
          </Trackpoint>
          <Trackpoint>
            <Time>2025-08-14T17:53:16.000Z</Time>
            <Position>
              <LatitudeDegrees>43.3603482786566</LatitudeDegrees>
              <LongitudeDegrees>-2.498286422342062</LongitudeDegrees>
            </Position>
            <AltitudeMeters>21.799999237060547</AltitudeMeters>
            <DistanceMeters>433.6400146484375</DistanceMeters>
            <HeartRateBpm>
              <Value>103</Value>
            </HeartRateBpm>
            <Extensions>
              <ns3:TPX>
                <ns3:Speed>1.5119999647140503</ns3:Speed>
              </ns3:TPX>
            </Extensions>
          </Trackpoint>
          <Trackpoint>
            <Time>2025-08-14T17:53:22.000Z</Time>
            <Position>
              <LatitudeDegrees>43.36029019206762</LatitudeDegrees>
              <LongitudeDegrees>-2.4984040204435587</LongitudeDegrees>
            </Position>
            <AltitudeMeters>21.799999237060547</AltitudeMeters>
            <DistanceMeters>443.8399963378906</DistanceMeters>
            <HeartRateBpm>
              <Value>102</Value>
            </HeartRateBpm>
            <Extensions>
              <ns3:TPX>
                <ns3:Speed>1.5299999713897705</ns3:Speed>
              </ns3:TPX>
            </Extensions>
          </Trackpoint>
          <Trackpoint>
            <Time>2025-08-14T17:53:26.000Z</Time>
            <Position>
              <LatitudeDegrees>43.36028700694442</LatitudeDegrees>
              <LongitudeDegrees>-2.498488761484623</LongitudeDegrees>
            </Position>
            <AltitudeMeters>22.0</AltitudeMeters>
            <DistanceMeters>449.70001220703125</DistanceMeters>
            <HeartRateBpm>
              <Value>105</Value>
            </HeartRateBpm>
            <Extensions>
              <ns3:TPX>
                <ns3:Speed>1.5490000247955322</ns3:Speed>
              </ns3:TPX>
            </Extensions>
          </Trackpoint>
          <Trackpoint>
            <Time>2025-08-14T17:53:27.000Z</Time>
            <Position>
              <LatitudeDegrees>43.3602914493531</LatitudeDegrees>
              <LongitudeDegrees>-2.49851256608963</LongitudeDegrees>
            </Position>
            <AltitudeMeters>22.200000762939453</AltitudeMeters>
            <DistanceMeters>451.5799865722656</DistanceMeters>
            <HeartRateBpm>
              <Value>105</Value>
            </HeartRateBpm>
            <Extensions>
              <ns3:TPX>
                <ns3:Speed>1.5490000247955322</ns3:Speed>
              </ns3:TPX>
            </Extensions>
          </Trackpoint>
          <Trackpoint>
            <Time>2025-08-14T17:53:29.000Z</Time>
            <Position>
              <LatitudeDegrees>43.36030066944659</LatitudeDegrees>
              <LongitudeDegrees>-2.498559420928359</LongitudeDegrees>
            </Position>
            <AltitudeMeters>22.200000762939453</AltitudeMeters>
            <DistanceMeters>455.32000732421875</DistanceMeters>
            <HeartRateBpm>
              <Value>105</Value>
            </HeartRateBpm>
            <Extensions>
              <ns3:TPX>
                <ns3:Speed>1.5299999713897705</ns3:Speed>
              </ns3:TPX>
            </Extensions>
          </Trackpoint>
          <Trackpoint>
            <Time>2025-08-14T17:53:36.000Z</Time>
            <Position>
              <LatitudeDegrees>43.36032665334642</LatitudeDegrees>
              <LongitudeDegrees>-2.498710546642542</LongitudeDegrees>
            </Position>
            <AltitudeMeters>22.399999618530273</AltitudeMeters>
            <DistanceMeters>466.69000244140625</DistanceMeters>
            <HeartRateBpm>
              <Value>106</Value>
            </HeartRateBpm>
            <Extensions>
              <ns3:TPX>
                <ns3:Speed>1.5679999589920044</ns3:Speed>
              </ns3:TPX>
            </Extensions>
          </Trackpoint>
          <Trackpoint>
            <Time>2025-08-14T17:53:40.000Z</Time>
            <Position>
              <LatitudeDegrees>43.36035112850368</LatitudeDegrees>
              <LongitudeDegrees>-2.4987840559333563</LongitudeDegrees>
            </Position>
            <AltitudeMeters>22.799999237060547</AltitudeMeters>
            <DistanceMeters>473.3399963378906</DistanceMeters>
            <HeartRateBpm>
              <Value>103</Value>
            </HeartRateBpm>
            <Extensions>
              <ns3:TPX>
                <ns3:Speed>1.5859999656677246</ns3:Speed>
              </ns3:TPX>
            </Extensions>
          </Trackpoint>
          <Trackpoint>
            <Time>2025-08-14T17:53:43.000Z</Time>
            <Position>
              <LatitudeDegrees>43.36035783402622</LatitudeDegrees>
              <LongitudeDegrees>-2.4988697189837694</LongitudeDegrees>
            </Position>
            <AltitudeMeters>23.0</AltitudeMeters>
            <DistanceMeters>477.79998779296875</DistanceMeters>
            <HeartRateBpm>
              <Value>105</Value>
            </HeartRateBpm>
            <Extensions>
              <ns3:TPX>
                <ns3:Speed>1.5859999656677246</ns3:Speed>
              </ns3:TPX>
            </Extensions>
          </Trackpoint>
          <Trackpoint>
            <Time>2025-08-14T17:53:44.000Z</Time>
            <Position>
              <LatitudeDegrees>43.360358672216535</LatitudeDegrees>
              <LongitudeDegrees>-2.4989038333296776</LongitudeDegrees>
            </Position>
            <AltitudeMeters>23.0</AltitudeMeters>
            <DistanceMeters>479.2699890136719</DistanceMeters>
            <HeartRateBpm>
              <Value>102</Value>
            </HeartRateBpm>
            <Extensions>
              <ns3:TPX>
                <ns3:Speed>1.5859999656677246</ns3:Speed>
              </ns3:TPX>
            </Extensions>
          </Trackpoint>
          <Trackpoint>
            <Time>2025-08-14T17:53:45.000Z</Time>
            <Position>
              <LatitudeDegrees>43.36036001332104</LatitudeDegrees>
              <LongitudeDegrees>-2.4989402946084738</LongitudeDegrees>
            </Position>
            <AltitudeMeters>23.0</AltitudeMeters>
            <DistanceMeters>481.5799865722656</DistanceMeters>
            <HeartRateBpm>
              <Value>102</Value>
            </HeartRateBpm>
            <Extensions>
              <ns3:TPX>
                <ns3:Speed>1.5679999589920044</ns3:Speed>
              </ns3:TPX>
            </Extensions>
          </Trackpoint>
          <Trackpoint>
            <Time>2025-08-14T17:53:52.000Z</Time>
            <Position>
              <LatitudeDegrees>43.360378788784146</LatitudeDegrees>
              <LongitudeDegrees>-2.4990937672555447</LongitudeDegrees>
            </Position>
            <AltitudeMeters>23.200000762939453</AltitudeMeters>
            <DistanceMeters>497.3699951171875</DistanceMeters>
            <HeartRateBpm>
              <Value>102</Value>
            </HeartRateBpm>
            <Extensions>
              <ns3:TPX>
                <ns3:Speed>1.6519999504089355</ns3:Speed>
              </ns3:TPX>
            </Extensions>
          </Trackpoint>
          <Trackpoint>
            <Time>2025-08-14T17:53:53.000Z</Time>
            <Position>
              <LatitudeDegrees>43.36038222536445</LatitudeDegrees>
              <LongitudeDegrees>-2.49910281971097</LongitudeDegrees>
            </Position>
            <AltitudeMeters>23.0</AltitudeMeters>
            <DistanceMeters>499.0799865722656</DistanceMeters>
            <HeartRateBpm>
              <Value>102</Value>
            </HeartRateBpm>
            <Extensions>
              <ns3:TPX>
                <ns3:Speed>1.7640000581741333</ns3:Speed>
              </ns3:TPX>
            </Extensions>
          </Trackpoint>
          <Trackpoint>
            <Time>2025-08-14T17:54:00.000Z</Time>
            <Position>
              <LatitudeDegrees>43.360447101294994</LatitudeDegrees>
              <LongitudeDegrees>-2.4991866387426853</LongitudeDegrees>
            </Position>
            <AltitudeMeters>22.399999618530273</AltitudeMeters>
            <DistanceMeters>509.44000244140625</DistanceMeters>
            <HeartRateBpm>
              <Value>102</Value>
            </HeartRateBpm>
            <Extensions>
              <ns3:TPX>
                <ns3:Speed>1.6139999628067017</ns3:Speed>
              </ns3:TPX>
            </Extensions>
          </Trackpoint>
          <Trackpoint>
            <Time>2025-08-14T17:54:06.000Z</Time>
            <Position>
              <LatitudeDegrees>43.360518515110016</LatitudeDegrees>
              <LongitudeDegrees>-2.4992419593036175</LongitudeDegrees>
            </Position>
            <AltitudeMeters>22.0</AltitudeMeters>
            <DistanceMeters>520.0900268554688</DistanceMeters>
            <HeartRateBpm>
              <Value>102</Value>
            </HeartRateBpm>
            <Extensions>
              <ns3:TPX>
                <ns3:Speed>1.7079999446868896</ns3:Speed>
              </ns3:TPX>
            </Extensions>
          </Trackpoint>
          <Trackpoint>
            <Time>2025-08-14T17:54:07.000Z</Time>
            <Position>
              <LatitudeDegrees>43.36053335107863</LatitudeDegrees>
              <LongitudeDegrees>-2.4992522690445185</LongitudeDegrees>
            </Position>
            <AltitudeMeters>21.799999237060547</AltitudeMeters>
            <DistanceMeters>521.6799926757812</DistanceMeters>
            <HeartRateBpm>
              <Value>102</Value>
            </HeartRateBpm>
            <Extensions>
              <ns3:TPX>
                <ns3:Speed>1.753999948501587</ns3:Speed>
              </ns3:TPX>
            </Extensions>
          </Trackpoint>
          <Trackpoint>
            <Time>2025-08-14T17:54:11.000Z</Time>
            <Position>
              <LatitudeDegrees>43.36058967746794</LatitudeDegrees>
              <LongitudeDegrees>-2.4992623273283243</LongitudeDegrees>
            </Position>
            <AltitudeMeters>21.600000381469727</AltitudeMeters>
            <DistanceMeters>528.3699951171875</DistanceMeters>
            <HeartRateBpm>
              <Value>101</Value>
            </HeartRateBpm>
            <Extensions>
              <ns3:TPX>
                <ns3:Speed>1.7730000019073486</ns3:Speed>
              </ns3:TPX>
            </Extensions>
          </Trackpoint>
          <Trackpoint>
            <Time>2025-08-14T17:54:13.000Z</Time>
            <Position>
              <LatitudeDegrees>43.36061532609165</LatitudeDegrees>
              <LongitudeDegrees>-2.4992681946605444</LongitudeDegrees>
            </Position>
            <AltitudeMeters>21.399999618530273</AltitudeMeters>
            <DistanceMeters>532.030029296875</DistanceMeters>
            <HeartRateBpm>
              <Value>105</Value>
            </HeartRateBpm>
            <Extensions>
              <ns3:TPX>
                <ns3:Speed>1.8009999990463257</ns3:Speed>
              </ns3:TPX>
            </Extensions>
          </Trackpoint>
          <Trackpoint>
            <Time>2025-08-14T17:54:15.000Z</Time>
            <Position>
              <LatitudeDegrees>43.360641561448574</LatitudeDegrees>
              <LongitudeDegrees>-2.499255035072565</LongitudeDegrees>
            </Position>
            <AltitudeMeters>21.399999618530273</AltitudeMeters>
            <DistanceMeters>534.72998046875</DistanceMeters>
            <HeartRateBpm>
              <Value>102</Value>
            </HeartRateBpm>
            <Extensions>
              <ns3:TPX>
                <ns3:Speed>1.819000005722046</ns3:Speed>
              </ns3:TPX>
            </Extensions>
          </Trackpoint>
          <Trackpoint>
            <Time>2025-08-14T17:54:16.000Z</Time>
            <Position>
              <LatitudeDegrees>43.36065363138914</LatitudeDegrees>
              <LongitudeDegrees>-2.4992487486451864</LongitudeDegrees>
            </Position>
            <AltitudeMeters>21.399999618530273</AltitudeMeters>
            <DistanceMeters>536.6199951171875</DistanceMeters>
            <HeartRateBpm>
              <Value>102</Value>
            </HeartRateBpm>
            <Extensions>
              <ns3:TPX>
                <ns3:Speed>1.819000005722046</ns3:Speed>
              </ns3:TPX>
            </Extensions>
          </Trackpoint>
          <Trackpoint>
            <Time>2025-08-14T17:54:18.000Z</Time>
            <Position>
              <LatitudeDegrees>43.36067718453705</LatitudeDegrees>
              <LongitudeDegrees>-2.49923475086689</LongitudeDegrees>
            </Position>
            <AltitudeMeters>21.0</AltitudeMeters>
            <DistanceMeters>538.6500244140625</DistanceMeters>
            <HeartRateBpm>
              <Value>101</Value>
            </HeartRateBpm>
            <Extensions>
              <ns3:TPX>
                <ns3:Speed>1.7730000019073486</ns3:Speed>
              </ns3:TPX>
            </Extensions>
          </Trackpoint>
          <Trackpoint>
            <Time>2025-08-14T17:54:21.000Z</Time>
            <Position>
              <LatitudeDegrees>43.360728062689304</LatitudeDegrees>
              <LongitudeDegrees>-2.4992189090698957</LongitudeDegrees>
            </Position>
            <AltitudeMeters>21.0</AltitudeMeters>
            <DistanceMeters>542.7899780273438</DistanceMeters>
            <HeartRateBpm>
              <Value>101</Value>
            </HeartRateBpm>
            <Extensions>
              <ns3:TPX>
                <ns3:Speed>1.7170000076293945</ns3:Speed>
              </ns3:TPX>
            </Extensions>
          </Trackpoint>
          <Trackpoint>
            <Time>2025-08-14T17:54:24.000Z</Time>
            <Position>
              <LatitudeDegrees>43.3607819583267</LatitudeDegrees>
              <LongitudeDegrees>-2.4991986248642206</LongitudeDegrees>
            </Position>
            <AltitudeMeters>21.0</AltitudeMeters>
            <DistanceMeters>548.25</DistanceMeters>
            <HeartRateBpm>
              <Value>102</Value>
            </HeartRateBpm>
            <Extensions>
              <ns3:TPX>
                <ns3:Speed>1.6890000104904175</ns3:Speed>
              </ns3:TPX>
            </Extensions>
          </Trackpoint>
          <Trackpoint>
            <Time>2025-08-14T17:54:25.000Z</Time>
            <Position>
              <LatitudeDegrees>43.36079377681017</LatitudeDegrees>
              <LongitudeDegrees>-2.499193511903286</LongitudeDegrees>
            </Position>
            <AltitudeMeters>21.0</AltitudeMeters>
            <DistanceMeters>548.47998046875</DistanceMeters>
            <HeartRateBpm>
              <Value>103</Value>
            </HeartRateBpm>
            <Extensions>
              <ns3:TPX>
                <ns3:Speed>1.6890000104904175</ns3:Speed>
              </ns3:TPX>
            </Extensions>
          </Trackpoint>
          <Trackpoint>
            <Time>2025-08-14T17:54:27.000Z</Time>
            <Position>
              <LatitudeDegrees>43.36081515066326</LatitudeDegrees>
              <LongitudeDegrees>-2.499182615429163</LongitudeDegrees>
            </Position>
            <AltitudeMeters>20.600000381469727</AltitudeMeters>
            <DistanceMeters>550.1300048828125</DistanceMeters>
            <HeartRateBpm>
              <Value>104</Value>
            </HeartRateBpm>
            <Extensions>
              <ns3:TPX>
                <ns3:Speed>1.6699999570846558</ns3:Speed>
              </ns3:TPX>
            </Extensions>
          </Trackpoint>
          <Trackpoint>
            <Time>2025-08-14T17:54:28.000Z</Time>
            <Position>
              <LatitudeDegrees>43.36082789115608</LatitudeDegrees>
              <LongitudeDegrees>-2.4991769157350063</LongitudeDegrees>
            </Position>
            <AltitudeMeters>20.600000381469727</AltitudeMeters>
            <DistanceMeters>552.739990234375</DistanceMeters>
            <HeartRateBpm>
              <Value>104</Value>
            </HeartRateBpm>
            <Extensions>
              <ns3:TPX>
                <ns3:Speed>1.6419999599456787</ns3:Speed>
              </ns3:TPX>
            </Extensions>
          </Trackpoint>
          <Trackpoint>
            <Time>2025-08-14T17:54:30.000Z</Time>
            <Position>
              <LatitudeDegrees>43.36085529997945</LatitudeDegrees>
              <LongitudeDegrees>-2.4991635885089636</LongitudeDegrees>
            </Position>
            <AltitudeMeters>20.399999618530273</AltitudeMeters>
            <DistanceMeters>555.3499755859375</DistanceMeters>
            <HeartRateBpm>
              <Value>105</Value>
            </HeartRateBpm>
            <Extensions>
              <ns3:TPX>
                <ns3:Speed>1.6139999628067017</ns3:Speed>
              </ns3:TPX>
            </Extensions>
          </Trackpoint>
          <Trackpoint>
            <Time>2025-08-14T17:54:31.000Z</Time>
            <Position>
              <LatitudeDegrees>43.36087089031935</LatitudeDegrees>
              <LongitudeDegrees>-2.499154033139348</LongitudeDegrees>
            </Position>
            <AltitudeMeters>20.399999618530273</AltitudeMeters>
            <DistanceMeters>556.739990234375</DistanceMeters>
            <HeartRateBpm>
              <Value>102</Value>
            </HeartRateBpm>
            <Extensions>
              <ns3:TPX>
                <ns3:Speed>1.6139999628067017</ns3:Speed>
              </ns3:TPX>
            </Extensions>
          </Trackpoint>
          <Trackpoint>
            <Time>2025-08-14T17:54:32.000Z</Time>
            <Position>
              <LatitudeDegrees>43.36088865995407</LatitudeDegrees>
              <LongitudeDegrees>-2.4991426337510347</LongitudeDegrees>
            </Position>
            <AltitudeMeters>20.399999618530273</AltitudeMeters>
            <DistanceMeters>558.0999755859375</DistanceMeters>
            <HeartRateBpm>
              <Value>99</Value>
            </HeartRateBpm>
            <Extensions>
              <ns3:TPX>
                <ns3:Speed>1.5770000219345093</ns3:Speed>
              </ns3:TPX>
            </Extensions>
          </Trackpoint>
          <Trackpoint>
            <Time>2025-08-14T17:54:33.000Z</Time>
            <Position>
              <LatitudeDegrees>43.360912799835205</LatitudeDegrees>
              <LongitudeDegrees>-2.4991270434111357</LongitudeDegrees>
            </Position>
            <AltitudeMeters>20.399999618530273</AltitudeMeters>
            <DistanceMeters>560.2100219726562</DistanceMeters>
            <HeartRateBpm>
              <Value>99</Value>
            </HeartRateBpm>
            <Extensions>
              <ns3:TPX>
                <ns3:Speed>1.5490000247955322</ns3:Speed>
              </ns3:TPX>
            </Extensions>
          </Trackpoint>
          <Trackpoint>
            <Time>2025-08-14T17:54:34.000Z</Time>
            <Position>
              <LatitudeDegrees>43.36093216203153</LatitudeDegrees>
              <LongitudeDegrees>-2.4991049990057945</LongitudeDegrees>
            </Position>
            <AltitudeMeters>20.399999618530273</AltitudeMeters>
            <DistanceMeters>562.1599731445312</DistanceMeters>
            <HeartRateBpm>
              <Value>103</Value>
            </HeartRateBpm>
            <Extensions>
              <ns3:TPX>
                <ns3:Speed>1.5210000276565552</ns3:Speed>
              </ns3:TPX>
            </Extensions>
          </Trackpoint>
          <Trackpoint>
            <Time>2025-08-14T17:54:35.000Z</Time>
            <Position>
              <LatitudeDegrees>43.36095177568495</LatitudeDegrees>
              <LongitudeDegrees>-2.4990941863507032</LongitudeDegrees>
            </Position>
            <AltitudeMeters>20.399999618530273</AltitudeMeters>
            <DistanceMeters>563.9099731445312</DistanceMeters>
            <HeartRateBpm>
              <Value>102</Value>
            </HeartRateBpm>
            <Extensions>
              <ns3:TPX>
                <ns3:Speed>1.5210000276565552</ns3:Speed>
              </ns3:TPX>
            </Extensions>
          </Trackpoint>
          <Trackpoint>
            <Time>2025-08-14T17:54:37.000Z</Time>
            <Position>
              <LatitudeDegrees>43.360980190336704</LatitudeDegrees>
              <LongitudeDegrees>-2.49907985329628</LongitudeDegrees>
            </Position>
            <AltitudeMeters>20.399999618530273</AltitudeMeters>
            <DistanceMeters>567.1400146484375</DistanceMeters>
            <HeartRateBpm>
              <Value>100</Value>
            </HeartRateBpm>
            <Extensions>
              <ns3:TPX>
                <ns3:Speed>1.5299999713897705</ns3:Speed>
              </ns3:TPX>
            </Extensions>
          </Trackpoint>
          <Trackpoint>
            <Time>2025-08-14T17:54:39.000Z</Time>
            <Position>
              <LatitudeDegrees>43.360993852838874</LatitudeDegrees>
              <LongitudeDegrees>-2.4990640114992857</LongitudeDegrees>
            </Position>
            <AltitudeMeters>20.200000762939453</AltitudeMeters>
            <DistanceMeters>569.4199829101562</DistanceMeters>
            <HeartRateBpm>
              <Value>99</Value>
            </HeartRateBpm>
            <Extensions>
              <ns3:TPX>
                <ns3:Speed>1.3619999885559082</ns3:Speed>
              </ns3:TPX>
            </Extensions>
          </Trackpoint>
          <Trackpoint>
            <Time>2025-08-14T17:54:43.000Z</Time>
            <Position>
              <LatitudeDegrees>43.36101908236742</LatitudeDegrees>
              <LongitudeDegrees>-2.499066609889269</LongitudeDegrees>
            </Position>
            <AltitudeMeters>20.200000762939453</AltitudeMeters>
            <DistanceMeters>571.8599853515625</DistanceMeters>
            <HeartRateBpm>
              <Value>104</Value>
            </HeartRateBpm>
            <Extensions>
              <ns3:TPX>
                <ns3:Speed>1.128999948501587</ns3:Speed>
              </ns3:TPX>
            </Extensions>
          </Trackpoint>
          <Trackpoint>
            <Time>2025-08-14T17:54:46.000Z</Time>
            <Position>
              <LatitudeDegrees>43.361040288582444</LatitudeDegrees>
              <LongitudeDegrees>-2.4990687053650618</LongitudeDegrees>
            </Position>
            <AltitudeMeters>20.200000762939453</AltitudeMeters>
            <DistanceMeters>574.8099975585938</DistanceMeters>
            <HeartRateBpm>
              <Value>100</Value>
            </HeartRateBpm>
            <Extensions>
              <ns3:TPX>
                <ns3:Speed>1.1200000047683716</ns3:Speed>
              </ns3:TPX>
            </Extensions>
          </Trackpoint>
          <Trackpoint>
            <Time>2025-08-14T17:54:47.000Z</Time>
            <Position>
              <LatitudeDegrees>43.361048670485616</LatitudeDegrees>
              <LongitudeDegrees>-2.499068286269903</LongitudeDegrees>
            </Position>
            <AltitudeMeters>20.200000762939453</AltitudeMeters>
            <DistanceMeters>578.010009765625</DistanceMeters>
            <HeartRateBpm>
              <Value>100</Value>
            </HeartRateBpm>
            <Extensions>
              <ns3:TPX>
                <ns3:Speed>1.1200000047683716</ns3:Speed>
              </ns3:TPX>
            </Extensions>
          </Trackpoint>
          <Trackpoint>
            <Time>2025-08-14T17:54:49.000Z</Time>
            <Position>
              <LatitudeDegrees>43.361065182834864</LatitudeDegrees>
              <LongitudeDegrees>-2.4990685377269983</LongitudeDegrees>
            </Position>
            <AltitudeMeters>20.200000762939453</AltitudeMeters>
            <DistanceMeters>581.3699951171875</DistanceMeters>
            <HeartRateBpm>
              <Value>97</Value>
            </HeartRateBpm>
            <Extensions>
              <ns3:TPX>
                <ns3:Speed>1.156999945640564</ns3:Speed>
              </ns3:TPX>
            </Extensions>
          </Trackpoint>
          <Trackpoint>
            <Time>2025-08-14T17:54:51.000Z</Time>
            <Position>
              <LatitudeDegrees>43.36107809096575</LatitudeDegrees>
              <LongitudeDegrees>-2.499075662344694</LongitudeDegrees>
            </Position>
            <AltitudeMeters>20.399999618530273</AltitudeMeters>
            <DistanceMeters>582.6900024414062</DistanceMeters>
            <HeartRateBpm>
              <Value>99</Value>
            </HeartRateBpm>
            <Extensions>
              <ns3:TPX>
                <ns3:Speed>1.25</ns3:Speed>
              </ns3:TPX>
            </Extensions>
          </Trackpoint>
          <Trackpoint>
            <Time>2025-08-14T17:54:55.000Z</Time>
            <Position>
              <LatitudeDegrees>43.36112117394805</LatitudeDegrees>
              <LongitudeDegrees>-2.4990873970091343</LongitudeDegrees>
            </Position>
            <AltitudeMeters>20.399999618530273</AltitudeMeters>
            <DistanceMeters>586.8400268554688</DistanceMeters>
            <HeartRateBpm>
              <Value>101</Value>
            </HeartRateBpm>
            <Extensions>
              <ns3:TPX>
                <ns3:Speed>1.1380000114440918</ns3:Speed>
              </ns3:TPX>
            </Extensions>
          </Trackpoint>
          <Trackpoint>
            <Time>2025-08-14T17:55:02.000Z</Time>
            <Position>
              <LatitudeDegrees>43.36122494190931</LatitudeDegrees>
              <LongitudeDegrees>-2.499073650687933</LongitudeDegrees>
            </Position>
            <AltitudeMeters>20.200000762939453</AltitudeMeters>
            <DistanceMeters>597.1300048828125</DistanceMeters>
            <HeartRateBpm>
              <Value>102</Value>
            </HeartRateBpm>
            <Extensions>
              <ns3:TPX>
                <ns3:Speed>1.2039999961853027</ns3:Speed>
              </ns3:TPX>
            </Extensions>
          </Trackpoint>
          <Trackpoint>
            <Time>2025-08-14T17:55:09.000Z</Time>
            <Position>
              <LatitudeDegrees>43.361332062631845</LatitudeDegrees>
              <LongitudeDegrees>-2.499108435586095</LongitudeDegrees>
            </Position>
            <AltitudeMeters>20.0</AltitudeMeters>
            <DistanceMeters>609.260009765625</DistanceMeters>
            <HeartRateBpm>
              <Value>101</Value>
            </HeartRateBpm>
            <Extensions>
              <ns3:TPX>
                <ns3:Speed>1.315999984741211</ns3:Speed>
              </ns3:TPX>
            </Extensions>
          </Trackpoint>
          <Trackpoint>
            <Time>2025-08-14T17:55:14.000Z</Time>
            <Position>
              <LatitudeDegrees>43.36141093634069</LatitudeDegrees>
              <LongitudeDegrees>-2.499125199392438</LongitudeDegrees>
            </Position>
            <AltitudeMeters>20.0</AltitudeMeters>
            <DistanceMeters>620.3699951171875</DistanceMeters>
            <HeartRateBpm>
              <Value>104</Value>
            </HeartRateBpm>
            <Extensions>
              <ns3:TPX>
                <ns3:Speed>1.5490000247955322</ns3:Speed>
              </ns3:TPX>
            </Extensions>
          </Trackpoint>
          <Trackpoint>
            <Time>2025-08-14T17:55:16.000Z</Time>
            <Position>
              <LatitudeDegrees>43.36143784224987</LatitudeDegrees>
              <LongitudeDegrees>-2.4991334974765778</LongitudeDegrees>
            </Position>
            <AltitudeMeters>20.0</AltitudeMeters>
            <DistanceMeters>624.1900024414062</DistanceMeters>
            <HeartRateBpm>
              <Value>103</Value>
            </HeartRateBpm>
            <Extensions>
              <ns3:TPX>
                <ns3:Speed>1.5959999561309814</ns3:Speed>
              </ns3:TPX>
            </Extensions>
          </Trackpoint>
          <Trackpoint>
            <Time>2025-08-14T17:55:23.000Z</Time>
            <Position>
              <LatitudeDegrees>43.3615415263921</LatitudeDegrees>
              <LongitudeDegrees>-2.49920004978776</LongitudeDegrees>
            </Position>
            <AltitudeMeters>20.200000762939453</AltitudeMeters>
            <DistanceMeters>634.760009765625</DistanceMeters>
            <HeartRateBpm>
              <Value>99</Value>
            </HeartRateBpm>
            <Extensions>
              <ns3:TPX>
                <ns3:Speed>1.6239999532699585</ns3:Speed>
              </ns3:TPX>
            </Extensions>
          </Trackpoint>
          <Trackpoint>
            <Time>2025-08-14T17:55:28.000Z</Time>
            <Position>
              <LatitudeDegrees>43.3616038877517</LatitudeDegrees>
              <LongitudeDegrees>-2.499242629855871</LongitudeDegrees>
            </Position>
            <AltitudeMeters>20.399999618530273</AltitudeMeters>
            <DistanceMeters>641.3599853515625</DistanceMeters>
            <HeartRateBpm>
              <Value>101</Value>
            </HeartRateBpm>
            <Extensions>
              <ns3:TPX>
                <ns3:Speed>1.6050000190734863</ns3:Speed>
              </ns3:TPX>
            </Extensions>
          </Trackpoint>
          <Trackpoint>
            <Time>2025-08-14T17:55:30.000Z</Time>
            <Position>
              <LatitudeDegrees>43.36162735708058</LatitudeDegrees>
              <LongitudeDegrees>-2.499253610149026</LongitudeDegrees>
            </Position>
            <AltitudeMeters>20.399999618530273</AltitudeMeters>
            <DistanceMeters>644.1300048828125</DistanceMeters>
            <HeartRateBpm>
              <Value>102</Value>
            </HeartRateBpm>
            <Extensions>
              <ns3:TPX>
                <ns3:Speed>1.5019999742507935</ns3:Speed>
              </ns3:TPX>
            </Extensions>
          </Trackpoint>
          <Trackpoint>
            <Time>2025-08-14T17:55:34.000Z</Time>
            <Position>
              <LatitudeDegrees>43.361657448112965</LatitudeDegrees>
              <LongitudeDegrees>-2.499302225187421</LongitudeDegrees>
            </Position>
            <AltitudeMeters>20.399999618530273</AltitudeMeters>
            <DistanceMeters>649.3599853515625</DistanceMeters>
            <HeartRateBpm>
              <Value>99</Value>
            </HeartRateBpm>
            <Extensions>
              <ns3:TPX>
                <ns3:Speed>1.5119999647140503</ns3:Speed>
              </ns3:TPX>
            </Extensions>
          </Trackpoint>
          <Trackpoint>
            <Time>2025-08-14T17:55:36.000Z</Time>
            <Position>
              <LatitudeDegrees>43.361673122271895</LatitudeDegrees>
              <LongitudeDegrees>-2.4993200786411762</LongitudeDegrees>
            </Position>
            <AltitudeMeters>20.200000762939453</AltitudeMeters>
            <DistanceMeters>651.5599975585938</DistanceMeters>
            <HeartRateBpm>
              <Value>100</Value>
            </HeartRateBpm>
            <Extensions>
              <ns3:TPX>
                <ns3:Speed>1.5019999742507935</ns3:Speed>
              </ns3:TPX>
            </Extensions>
          </Trackpoint>
          <Trackpoint>
            <Time>2025-08-14T17:55:40.000Z</Time>
            <Position>
              <LatitudeDegrees>43.36172215640545</LatitudeDegrees>
              <LongitudeDegrees>-2.499348158016801</LongitudeDegrees>
            </Position>
            <AltitudeMeters>20.600000381469727</AltitudeMeters>
            <DistanceMeters>657.6500244140625</DistanceMeters>
            <HeartRateBpm>
              <Value>105</Value>
            </HeartRateBpm>
            <Extensions>
              <ns3:TPX>
                <ns3:Speed>1.465000033378601</ns3:Speed>
              </ns3:TPX>
            </Extensions>
          </Trackpoint>
          <Trackpoint>
            <Time>2025-08-14T17:55:43.000Z</Time>
            <Position>
              <LatitudeDegrees>43.36174964904785</LatitudeDegrees>
              <LongitudeDegrees>-2.499385206028819</LongitudeDegrees>
            </Position>
            <AltitudeMeters>20.799999237060547</AltitudeMeters>
            <DistanceMeters>662.4600219726562</DistanceMeters>
            <HeartRateBpm>
              <Value>105</Value>
            </HeartRateBpm>
            <Extensions>
              <ns3:TPX>
                <ns3:Speed>1.4839999675750732</ns3:Speed>
              </ns3:TPX>
            </Extensions>
          </Trackpoint>
          <Trackpoint>
            <Time>2025-08-14T17:55:46.000Z</Time>
            <Position>
              <LatitudeDegrees>43.36176733486354</LatitudeDegrees>
              <LongitudeDegrees>-2.4994174763560295</LongitudeDegrees>
            </Position>
            <AltitudeMeters>20.799999237060547</AltitudeMeters>
            <DistanceMeters>666.4500122070312</DistanceMeters>
            <HeartRateBpm>
              <Value>102</Value>
            </HeartRateBpm>
            <Extensions>
              <ns3:TPX>
                <ns3:Speed>1.4930000305175781</ns3:Speed>
              </ns3:TPX>
            </Extensions>
          </Trackpoint>
          <Trackpoint>
            <Time>2025-08-14T17:55:48.000Z</Time>
            <Position>
              <LatitudeDegrees>43.36179499514401</LatitudeDegrees>
              <LongitudeDegrees>-2.499436754733324</LongitudeDegrees>
            </Position>
            <AltitudeMeters>20.799999237060547</AltitudeMeters>
            <DistanceMeters>670.5499877929688</DistanceMeters>
            <HeartRateBpm>
              <Value>104</Value>
            </HeartRateBpm>
            <Extensions>
              <ns3:TPX>
                <ns3:Speed>1.4839999675750732</ns3:Speed>
              </ns3:TPX>
            </Extensions>
          </Trackpoint>
          <Trackpoint>
            <Time>2025-08-14T17:55:50.000Z</Time>
            <Position>
              <LatitudeDegrees>43.36181259714067</LatitudeDegrees>
              <LongitudeDegrees>-2.499451506882906</LongitudeDegrees>
            </Position>
            <AltitudeMeters>20.799999237060547</AltitudeMeters>
            <DistanceMeters>672.739990234375</DistanceMeters>
            <HeartRateBpm>
              <Value>101</Value>
            </HeartRateBpm>
            <Extensions>
              <ns3:TPX>
                <ns3:Speed>1.4930000305175781</ns3:Speed>
              </ns3:TPX>
            </Extensions>
          </Trackpoint>
          <Trackpoint>
            <Time>2025-08-14T17:55:55.000Z</Time>
            <Position>
              <LatitudeDegrees>43.36185081861913</LatitudeDegrees>
              <LongitudeDegrees>-2.4995265249162912</LongitudeDegrees>
            </Position>
            <AltitudeMeters>21.0</AltitudeMeters>
            <DistanceMeters>681.7999877929688</DistanceMeters>
            <HeartRateBpm>
              <Value>102</Value>
            </HeartRateBpm>
            <Extensions>
              <ns3:TPX>
                <ns3:Speed>1.5119999647140503</ns3:Speed>
              </ns3:TPX>
            </Extensions>
          </Trackpoint>
          <Trackpoint>
            <Time>2025-08-14T17:55:56.000Z</Time>
            <Position>
              <LatitudeDegrees>43.36185375228524</LatitudeDegrees>
              <LongitudeDegrees>-2.499555442482233</LongitudeDegrees>
            </Position>
            <AltitudeMeters>20.799999237060547</AltitudeMeters>
            <DistanceMeters>683.030029296875</DistanceMeters>
            <HeartRateBpm>
              <Value>103</Value>
            </HeartRateBpm>
            <Extensions>
              <ns3:TPX>
                <ns3:Speed>1.5210000276565552</ns3:Speed>
              </ns3:TPX>
            </Extensions>
          </Trackpoint>
          <Trackpoint>
            <Time>2025-08-14T17:56:00.000Z</Time>
            <Position>
              <LatitudeDegrees>43.36187613196671</LatitudeDegrees>
              <LongitudeDegrees>-2.499639932066202</LongitudeDegrees>
            </Position>
            <AltitudeMeters>21.0</AltitudeMeters>
            <DistanceMeters>689.969970703125</DistanceMeters>
            <HeartRateBpm>
              <Value>101</Value>
            </HeartRateBpm>
            <Extensions>
              <ns3:TPX>
                <ns3:Speed>1.5859999656677246</ns3:Speed>
              </ns3:TPX>
            </Extensions>
          </Trackpoint>
          <Trackpoint>
            <Time>2025-08-14T17:56:04.000Z</Time>
            <Position>
              <LatitudeDegrees>43.36190932430327</LatitudeDegrees>
              <LongitudeDegrees>-2.4997075740247965</LongitudeDegrees>
            </Position>
            <AltitudeMeters>21.200000762939453</AltitudeMeters>
            <DistanceMeters>695.02001953125</DistanceMeters>
            <HeartRateBpm>
              <Value>100</Value>
            </HeartRateBpm>
            <Extensions>
              <ns3:TPX>
                <ns3:Speed>1.6050000190734863</ns3:Speed>
              </ns3:TPX>
            </Extensions>
          </Trackpoint>
          <Trackpoint>
            <Time>2025-08-14T17:56:06.000Z</Time>
            <Position>
              <LatitudeDegrees>43.361925166100264</LatitudeDegrees>
              <LongitudeDegrees>-2.4997343961149454</LongitudeDegrees>
            </Position>
            <AltitudeMeters>21.399999618530273</AltitudeMeters>
            <DistanceMeters>697.6799926757812</DistanceMeters>
            <HeartRateBpm>
              <Value>104</Value>
            </HeartRateBpm>
            <Extensions>
              <ns3:TPX>
                <ns3:Speed>1.5959999561309814</ns3:Speed>
              </ns3:TPX>
            </Extensions>
          </Trackpoint>
          <Trackpoint>
            <Time>2025-08-14T17:56:07.000Z</Time>
            <Position>
              <LatitudeDegrees>43.36193036288023</LatitudeDegrees>
              <LongitudeDegrees>-2.499748393893242</LongitudeDegrees>
            </Position>
            <AltitudeMeters>21.399999618530273</AltitudeMeters>
            <DistanceMeters>698.9400024414062</DistanceMeters>
            <HeartRateBpm>
              <Value>104</Value>
            </HeartRateBpm>
            <Extensions>
              <ns3:TPX>
                <ns3:Speed>1.5959999561309814</ns3:Speed>
              </ns3:TPX>
            </Extensions>
          </Trackpoint>
          <Trackpoint>
            <Time>2025-08-14T17:56:09.000Z</Time>
            <Position>
              <LatitudeDegrees>43.36193916387856</LatitudeDegrees>
              <LongitudeDegrees>-2.4997796583920717</LongitudeDegrees>
            </Position>
            <AltitudeMeters>21.600000381469727</AltitudeMeters>
            <DistanceMeters>701.3699951171875</DistanceMeters>
            <HeartRateBpm>
              <Value>101</Value>
            </HeartRateBpm>
            <Extensions>
              <ns3:TPX>
                <ns3:Speed>1.5859999656677246</ns3:Speed>
              </ns3:TPX>
            </Extensions>
          </Trackpoint>
          <Trackpoint>
            <Time>2025-08-14T17:56:12.000Z</Time>
            <Position>
              <LatitudeDegrees>43.361972607672215</LatitudeDegrees>
              <LongitudeDegrees>-2.499816119670868</LongitudeDegrees>
            </Position>
            <AltitudeMeters>21.600000381469727</AltitudeMeters>
            <DistanceMeters>707.0700073242188</DistanceMeters>
            <HeartRateBpm>
              <Value>98</Value>
            </HeartRateBpm>
            <Extensions>
              <ns3:TPX>
                <ns3:Speed>1.5679999589920044</ns3:Speed>
              </ns3:TPX>
            </Extensions>
          </Trackpoint>
          <Trackpoint>
            <Time>2025-08-14T17:56:13.000Z</Time>
            <Position>
              <LatitudeDegrees>43.36198450997472</LatitudeDegrees>
              <LongitudeDegrees>-2.499827519059181</LongitudeDegrees>
            </Position>
            <AltitudeMeters>21.600000381469727</AltitudeMeters>
            <DistanceMeters>709.1400146484375</DistanceMeters>
            <HeartRateBpm>
              <Value>98</Value>
            </HeartRateBpm>
            <Extensions>
              <ns3:TPX>
                <ns3:Speed>1.5770000219345093</ns3:Speed>
              </ns3:TPX>
            </Extensions>
          </Trackpoint>
          <Trackpoint>
            <Time>2025-08-14T17:56:20.000Z</Time>
            <Position>
              <LatitudeDegrees>43.362063048407435</LatitudeDegrees>
              <LongitudeDegrees>-2.4999158643186092</LongitudeDegrees>
            </Position>
            <AltitudeMeters>21.799999237060547</AltitudeMeters>
            <DistanceMeters>722.8699951171875</DistanceMeters>
            <HeartRateBpm>
              <Value>99</Value>
            </HeartRateBpm>
            <Extensions>
              <ns3:TPX>
                <ns3:Speed>1.5959999561309814</ns3:Speed>
              </ns3:TPX>
            </Extensions>
          </Trackpoint>
          <Trackpoint>
            <Time>2025-08-14T17:56:21.000Z</Time>
            <Position>
              <LatitudeDegrees>43.362069418653846</LatitudeDegrees>
              <LongitudeDegrees>-2.4999332148581743</LongitudeDegrees>
            </Position>
            <AltitudeMeters>21.799999237060547</AltitudeMeters>
            <DistanceMeters>724.2999877929688</DistanceMeters>
            <HeartRateBpm>
              <Value>101</Value>
            </HeartRateBpm>
            <Extensions>
              <ns3:TPX>
                <ns3:Speed>1.5490000247955322</ns3:Speed>
              </ns3:TPX>
            </Extensions>
          </Trackpoint>
          <Trackpoint>
            <Time>2025-08-14T17:56:24.000Z</Time>
            <Position>
              <LatitudeDegrees>43.36207302287221</LatitudeDegrees>
              <LongitudeDegrees>-2.4999938998371363</LongitudeDegrees>
            </Position>
            <AltitudeMeters>22.200000762939453</AltitudeMeters>
            <DistanceMeters>728.75</DistanceMeters>
            <HeartRateBpm>
              <Value>100</Value>
            </HeartRateBpm>
            <Extensions>
              <ns3:TPX>
                <ns3:Speed>1.5299999713897705</ns3:Speed>
              </ns3:TPX>
            </Extensions>
          </Trackpoint>
          <Trackpoint>
            <Time>2025-08-14T17:56:26.000Z</Time>
            <Position>
              <LatitudeDegrees>43.362078722566366</LatitudeDegrees>
              <LongitudeDegrees>-2.5000286009162664</LongitudeDegrees>
            </Position>
            <AltitudeMeters>22.200000762939453</AltitudeMeters>
            <DistanceMeters>732.0499877929688</DistanceMeters>
            <HeartRateBpm>
              <Value>100</Value>
            </HeartRateBpm>
            <Extensions>
              <ns3:TPX>
                <ns3:Speed>1.5490000247955322</ns3:Speed>
              </ns3:TPX>
            </Extensions>
          </Trackpoint>
          <Trackpoint>
            <Time>2025-08-14T17:56:32.000Z</Time>
            <Position>
              <LatitudeDegrees>43.362103030085564</LatitudeDegrees>
              <LongitudeDegrees>-2.5001148506999016</LongitudeDegrees>
            </Position>
            <AltitudeMeters>22.200000762939453</AltitudeMeters>
            <DistanceMeters>739.9400024414062</DistanceMeters>
            <HeartRateBpm>
              <Value>102</Value>
            </HeartRateBpm>
            <Extensions>
              <ns3:TPX>
                <ns3:Speed>1.5490000247955322</ns3:Speed>
              </ns3:TPX>
            </Extensions>
          </Trackpoint>
          <Trackpoint>
            <Time>2025-08-14T17:56:36.000Z</Time>
            <Position>
              <LatitudeDegrees>43.36215332150459</LatitudeDegrees>
              <LongitudeDegrees>-2.500180061906576</LongitudeDegrees>
            </Position>
            <AltitudeMeters>22.399999618530273</AltitudeMeters>
            <DistanceMeters>747.4400024414062</DistanceMeters>
            <HeartRateBpm>
              <Value>101</Value>
            </HeartRateBpm>
            <Extensions>
              <ns3:TPX>
                <ns3:Speed>1.5210000276565552</ns3:Speed>
              </ns3:TPX>
            </Extensions>
          </Trackpoint>
          <Trackpoint>
            <Time>2025-08-14T17:56:38.000Z</Time>
            <Position>
              <LatitudeDegrees>43.36215910501778</LatitudeDegrees>
              <LongitudeDegrees>-2.5002202950417995</LongitudeDegrees>
            </Position>
            <AltitudeMeters>22.799999237060547</AltitudeMeters>
            <DistanceMeters>749.97998046875</DistanceMeters>
            <HeartRateBpm>
              <Value>102</Value>
            </HeartRateBpm>
            <Extensions>
              <ns3:TPX>
                <ns3:Speed>1.5299999713897705</ns3:Speed>
              </ns3:TPX>
            </Extensions>
          </Trackpoint>
          <Trackpoint>
            <Time>2025-08-14T17:56:43.000Z</Time>
            <Position>
              <LatitudeDegrees>43.36217142641544</LatitudeDegrees>
              <LongitudeDegrees>-2.5003026891499758</LongitudeDegrees>
            </Position>
            <AltitudeMeters>22.799999237060547</AltitudeMeters>
            <DistanceMeters>757.22998046875</DistanceMeters>
            <HeartRateBpm>
              <Value>102</Value>
            </HeartRateBpm>
            <Extensions>
              <ns3:TPX>
                <ns3:Speed>1.5019999742507935</ns3:Speed>
              </ns3:TPX>
            </Extensions>
          </Trackpoint>
          <Trackpoint>
            <Time>2025-08-14T17:56:44.000Z</Time>
            <Position>
              <LatitudeDegrees>43.36217796429992</LatitudeDegrees>
              <LongitudeDegrees>-2.500311741605401</LongitudeDegrees>
            </Position>
            <AltitudeMeters>23.0</AltitudeMeters>
            <DistanceMeters>758.52001953125</DistanceMeters>
            <HeartRateBpm>
              <Value>102</Value>
            </HeartRateBpm>
            <Extensions>
              <ns3:TPX>
                <ns3:Speed>1.5019999742507935</ns3:Speed>
              </ns3:TPX>
            </Extensions>
          </Trackpoint>
          <Trackpoint>
            <Time>2025-08-14T17:56:46.000Z</Time>
            <Position>
              <LatitudeDegrees>43.36219925433397</LatitudeDegrees>
              <LongitudeDegrees>-2.5003222189843655</LongitudeDegrees>
            </Position>
            <AltitudeMeters>23.0</AltitudeMeters>
            <DistanceMeters>760.1799926757812</DistanceMeters>
            <HeartRateBpm>
              <Value>101</Value>
            </HeartRateBpm>
            <Extensions>
              <ns3:TPX>
                <ns3:Speed>1.5019999742507935</ns3:Speed>
              </ns3:TPX>
            </Extensions>
          </Trackpoint>
          <Trackpoint>
            <Time>2025-08-14T17:56:49.000Z</Time>
            <Position>
              <LatitudeDegrees>43.36223378777504</LatitudeDegrees>
              <LongitudeDegrees>-2.500345017760992</LongitudeDegrees>
            </Position>
            <AltitudeMeters>23.0</AltitudeMeters>
            <DistanceMeters>764.4500122070312</DistanceMeters>
            <HeartRateBpm>
              <Value>98</Value>
            </HeartRateBpm>
            <Extensions>
              <ns3:TPX>
                <ns3:Speed>1.4839999675750732</ns3:Speed>
              </ns3:TPX>
            </Extensions>
          </Trackpoint>
          <Trackpoint>
            <Time>2025-08-14T17:56:52.000Z</Time>
            <Position>
              <LatitudeDegrees>43.36225373670459</LatitudeDegrees>
              <LongitudeDegrees>-2.500400338321924</LongitudeDegrees>
            </Position>
            <AltitudeMeters>22.600000381469727</AltitudeMeters>
            <DistanceMeters>768.1699829101562</DistanceMeters>
            <HeartRateBpm>
              <Value>97</Value>
            </HeartRateBpm>
            <Extensions>
              <ns3:TPX>
                <ns3:Speed>1.4839999675750732</ns3:Speed>
              </ns3:TPX>
            </Extensions>
          </Trackpoint>
          <Trackpoint>
            <Time>2025-08-14T17:56:56.000Z</Time>
            <Position>
              <LatitudeDegrees>43.362267818301916</LatitudeDegrees>
              <LongitudeDegrees>-2.500456413254142</LongitudeDegrees>
            </Position>
            <AltitudeMeters>22.399999618530273</AltitudeMeters>
            <DistanceMeters>772.0399780273438</DistanceMeters>
            <HeartRateBpm>
              <Value>100</Value>
            </HeartRateBpm>
            <Extensions>
              <ns3:TPX>
                <ns3:Speed>1.4459999799728394</ns3:Speed>
              </ns3:TPX>
            </Extensions>
          </Trackpoint>
          <Trackpoint>
            <Time>2025-08-14T17:56:57.000Z</Time>
            <Position>
              <LatitudeDegrees>43.36227133870125</LatitudeDegrees>
              <LongitudeDegrees>-2.500472255051136</LongitudeDegrees>
            </Position>
            <AltitudeMeters>22.600000381469727</AltitudeMeters>
            <DistanceMeters>773.3300170898438</DistanceMeters>
            <HeartRateBpm>
              <Value>100</Value>
            </HeartRateBpm>
            <Extensions>
              <ns3:TPX>
                <ns3:Speed>1.4279999732971191</ns3:Speed>
              </ns3:TPX>
            </Extensions>
          </Trackpoint>
          <Trackpoint>
            <Time>2025-08-14T17:56:58.000Z</Time>
            <Position>
              <LatitudeDegrees>43.362278547137976</LatitudeDegrees>
              <LongitudeDegrees>-2.5004848279058933</LongitudeDegrees>
            </Position>
            <AltitudeMeters>22.600000381469727</AltitudeMeters>
            <DistanceMeters>775.3800048828125</DistanceMeters>
            <HeartRateBpm>
              <Value>97</Value>
            </HeartRateBpm>
            <Extensions>
              <ns3:TPX>
                <ns3:Speed>1.4179999828338623</ns3:Speed>
              </ns3:TPX>
            </Extensions>
          </Trackpoint>
          <Trackpoint>
            <Time>2025-08-14T17:56:59.000Z</Time>
            <Position>
              <LatitudeDegrees>43.36228315718472</LatitudeDegrees>
              <LongitudeDegrees>-2.5005020946264267</LongitudeDegrees>
            </Position>
            <AltitudeMeters>22.600000381469727</AltitudeMeters>
            <DistanceMeters>776.1300048828125</DistanceMeters>
            <HeartRateBpm>
              <Value>99</Value>
            </HeartRateBpm>
            <Extensions>
              <ns3:TPX>
                <ns3:Speed>1.399999976158142</ns3:Speed>
              </ns3:TPX>
            </Extensions>
          </Trackpoint>
          <Trackpoint>
            <Time>2025-08-14T17:57:01.000Z</Time>
            <Position>
              <LatitudeDegrees>43.362290784716606</LatitudeDegrees>
              <LongitudeDegrees>-2.500541154295206</LongitudeDegrees>
            </Position>
            <AltitudeMeters>22.799999237060547</AltitudeMeters>
            <DistanceMeters>779.0399780273438</DistanceMeters>
            <HeartRateBpm>
              <Value>98</Value>
            </HeartRateBpm>
            <Extensions>
              <ns3:TPX>
                <ns3:Speed>1.3530000448226929</ns3:Speed>
              </ns3:TPX>
            </Extensions>
          </Trackpoint>
          <Trackpoint>
            <Time>2025-08-14T17:57:09.000Z</Time>
            <Position>
              <LatitudeDegrees>43.362328335642815</LatitudeDegrees>
              <LongitudeDegrees>-2.500680210068822</LongitudeDegrees>
            </Position>
            <AltitudeMeters>22.0</AltitudeMeters>
            <DistanceMeters>790.1599731445312</DistanceMeters>
            <HeartRateBpm>
              <Value>97</Value>
            </HeartRateBpm>
            <Extensions>
              <ns3:TPX>
                <ns3:Speed>1.3619999885559082</ns3:Speed>
              </ns3:TPX>
            </Extensions>
          </Trackpoint>
          <Trackpoint>
            <Time>2025-08-14T17:57:11.000Z</Time>
            <Position>
              <LatitudeDegrees>43.36233772337437</LatitudeDegrees>
              <LongitudeDegrees>-2.500712815672159</LongitudeDegrees>
            </Position>
            <AltitudeMeters>22.0</AltitudeMeters>
            <DistanceMeters>792.6900024414062</DistanceMeters>
            <HeartRateBpm>
              <Value>97</Value>
            </HeartRateBpm>
            <Extensions>
              <ns3:TPX>
                <ns3:Speed>1.3619999885559082</ns3:Speed>
              </ns3:TPX>
            </Extensions>
          </Trackpoint>
          <Trackpoint>
            <Time>2025-08-14T17:57:15.000Z</Time>
            <Position>
              <LatitudeDegrees>43.36235482245684</LatitudeDegrees>
              <LongitudeDegrees>-2.5007743388414383</LongitudeDegrees>
            </Position>
            <AltitudeMeters>21.799999237060547</AltitudeMeters>
            <DistanceMeters>798.6199951171875</DistanceMeters>
            <HeartRateBpm>
              <Value>97</Value>
            </HeartRateBpm>
            <Extensions>
              <ns3:TPX>
                <ns3:Speed>1.3619999885559082</ns3:Speed>
              </ns3:TPX>
            </Extensions>
          </Trackpoint>
          <Trackpoint>
            <Time>2025-08-14T17:57:16.000Z</Time>
            <Position>
              <LatitudeDegrees>43.36236538365483</LatitudeDegrees>
              <LongitudeDegrees>-2.500789761543274</LongitudeDegrees>
            </Position>
            <AltitudeMeters>21.600000381469727</AltitudeMeters>
            <DistanceMeters>800.2899780273438</DistanceMeters>
            <HeartRateBpm>
              <Value>98</Value>
            </HeartRateBpm>
            <Extensions>
              <ns3:TPX>
                <ns3:Speed>1.3619999885559082</ns3:Speed>
              </ns3:TPX>
            </Extensions>
          </Trackpoint>
          <Trackpoint>
            <Time>2025-08-14T17:57:21.000Z</Time>
            <Position>
              <LatitudeDegrees>43.36238625459373</LatitudeDegrees>
              <LongitudeDegrees>-2.50086922198534</LongitudeDegrees>
            </Position>
            <AltitudeMeters>21.0</AltitudeMeters>
            <DistanceMeters>806.6099853515625</DistanceMeters>
            <HeartRateBpm>
              <Value>95</Value>
            </HeartRateBpm>
            <Extensions>
              <ns3:TPX>
                <ns3:Speed>1.3619999885559082</ns3:Speed>
              </ns3:TPX>
            </Extensions>
          </Trackpoint>
          <Trackpoint>
            <Time>2025-08-14T17:57:23.000Z</Time>
            <Position>
              <LatitudeDegrees>43.36239254102111</LatitudeDegrees>
              <LongitudeDegrees>-2.5009032525122166</LongitudeDegrees>
            </Position>
            <AltitudeMeters>20.799999237060547</AltitudeMeters>
            <DistanceMeters>809.6599731445312</DistanceMeters>
            <HeartRateBpm>
              <Value>97</Value>
            </HeartRateBpm>
            <Extensions>
              <ns3:TPX>
                <ns3:Speed>1.3619999885559082</ns3:Speed>
              </ns3:TPX>
            </Extensions>
          </Trackpoint>
          <Trackpoint>
            <Time>2025-08-14T17:57:25.000Z</Time>
            <Position>
              <LatitudeDegrees>43.36240201257169</LatitudeDegrees>
              <LongitudeDegrees>-2.500931667163968</LongitudeDegrees>
            </Position>
            <AltitudeMeters>20.799999237060547</AltitudeMeters>
            <DistanceMeters>811.4099731445312</DistanceMeters>
            <HeartRateBpm>
              <Value>98</Value>
            </HeartRateBpm>
            <Extensions>
              <ns3:TPX>
                <ns3:Speed>1.3619999885559082</ns3:Speed>
              </ns3:TPX>
            </Extensions>
          </Trackpoint>
          <Trackpoint>
            <Time>2025-08-14T17:57:27.000Z</Time>
            <Position>
              <LatitudeDegrees>43.36240787990391</LatitudeDegrees>
              <LongitudeDegrees>-2.5009583216160536</LongitudeDegrees>
            </Position>
            <AltitudeMeters>20.799999237060547</AltitudeMeters>
            <DistanceMeters>812.7999877929688</DistanceMeters>
            <HeartRateBpm>
              <Value>98</Value>
            </HeartRateBpm>
            <Extensions>
              <ns3:TPX>
                <ns3:Speed>1.3530000448226929</ns3:Speed>
              </ns3:TPX>
            </Extensions>
          </Trackpoint>
          <Trackpoint>
            <Time>2025-08-14T17:57:29.000Z</Time>
            <Position>
              <LatitudeDegrees>43.36241106502712</LatitudeDegrees>
              <LongitudeDegrees>-2.5009819585829973</LongitudeDegrees>
            </Position>
            <AltitudeMeters>20.799999237060547</AltitudeMeters>
            <DistanceMeters>815.280029296875</DistanceMeters>
            <HeartRateBpm>
              <Value>97</Value>
            </HeartRateBpm>
            <Extensions>
              <ns3:TPX>
                <ns3:Speed>1.343999981880188</ns3:Speed>
              </ns3:TPX>
            </Extensions>
          </Trackpoint>
          <Trackpoint>
            <Time>2025-08-14T17:57:33.000Z</Time>
            <Position>
              <LatitudeDegrees>43.362430511042476</LatitudeDegrees>
              <LongitudeDegrees>-2.501061586663127</LongitudeDegrees>
            </Position>
            <AltitudeMeters>20.600000381469727</AltitudeMeters>
            <DistanceMeters>821.0499877929688</DistanceMeters>
            <HeartRateBpm>
              <Value>97</Value>
            </HeartRateBpm>
            <Extensions>
              <ns3:TPX>
                <ns3:Speed>1.3339999914169312</ns3:Speed>
              </ns3:TPX>
            </Extensions>
          </Trackpoint>
          <Trackpoint>
            <Time>2025-08-14T17:57:35.000Z</Time>
            <Position>
              <LatitudeDegrees>43.36244492791593</LatitudeDegrees>
              <LongitudeDegrees>-2.501098131760955</LongitudeDegrees>
            </Position>
            <AltitudeMeters>20.399999618530273</AltitudeMeters>
            <DistanceMeters>823.4000244140625</DistanceMeters>
            <HeartRateBpm>
              <Value>97</Value>
            </HeartRateBpm>
            <Extensions>
              <ns3:TPX>
                <ns3:Speed>1.3339999914169312</ns3:Speed>
              </ns3:TPX>
            </Extensions>
          </Trackpoint>
          <Trackpoint>
            <Time>2025-08-14T17:57:37.000Z</Time>
            <Position>
              <LatitudeDegrees>43.36245959624648</LatitudeDegrees>
              <LongitudeDegrees>-2.5011412985622883</LongitudeDegrees>
            </Position>
            <AltitudeMeters>20.399999618530273</AltitudeMeters>
            <DistanceMeters>827.030029296875</DistanceMeters>
            <HeartRateBpm>
              <Value>96</Value>
            </HeartRateBpm>
            <Extensions>
              <ns3:TPX>
                <ns3:Speed>1.3339999914169312</ns3:Speed>
              </ns3:TPX>
            </Extensions>
          </Trackpoint>
          <Trackpoint>
            <Time>2025-08-14T17:57:41.000Z</Time>
            <Position>
              <LatitudeDegrees>43.3625016734004</LatitudeDegrees>
              <LongitudeDegrees>-2.501222603023052</LongitudeDegrees>
            </Position>
            <AltitudeMeters>20.200000762939453</AltitudeMeters>
            <DistanceMeters>833.2999877929688</DistanceMeters>
            <HeartRateBpm>
              <Value>98</Value>
            </HeartRateBpm>
            <Extensions>
              <ns3:TPX>
                <ns3:Speed>1.371999979019165</ns3:Speed>
              </ns3:TPX>
            </Extensions>
          </Trackpoint>
          <Trackpoint>
            <Time>2025-08-14T17:57:43.000Z</Time>
            <Position>
              <LatitudeDegrees>43.36251659318805</LatitudeDegrees>
              <LongitudeDegrees>-2.501260405406356</LongitudeDegrees>
            </Position>
            <AltitudeMeters>20.0</AltitudeMeters>
            <DistanceMeters>836.989990234375</DistanceMeters>
            <HeartRateBpm>
              <Value>98</Value>
            </HeartRateBpm>
            <Extensions>
              <ns3:TPX>
                <ns3:Speed>1.38100004196167</ns3:Speed>
              </ns3:TPX>
            </Extensions>
          </Trackpoint>
          <Trackpoint>
            <Time>2025-08-14T17:57:46.000Z</Time>
            <Position>
              <LatitudeDegrees>43.36252681910992</LatitudeDegrees>
              <LongitudeDegrees>-2.5013120379298925</LongitudeDegrees>
            </Position>
            <AltitudeMeters>19.799999237060547</AltitudeMeters>
            <DistanceMeters>843.510009765625</DistanceMeters>
            <HeartRateBpm>
              <Value>100</Value>
            </HeartRateBpm>
            <Extensions>
              <ns3:TPX>
                <ns3:Speed>1.399999976158142</ns3:Speed>
              </ns3:TPX>
            </Extensions>
          </Trackpoint>
          <Trackpoint>
            <Time>2025-08-14T17:57:47.000Z</Time>
            <Position>
              <LatitudeDegrees>43.36253830231726</LatitudeDegrees>
              <LongitudeDegrees>-2.50132218003273</LongitudeDegrees>
            </Position>
            <AltitudeMeters>19.799999237060547</AltitudeMeters>
            <DistanceMeters>844.2999877929688</DistanceMeters>
            <HeartRateBpm>
              <Value>97</Value>
            </HeartRateBpm>
            <Extensions>
              <ns3:TPX>
                <ns3:Speed>1.409000039100647</ns3:Speed>
              </ns3:TPX>
            </Extensions>
          </Trackpoint>
          <Trackpoint>
            <Time>2025-08-14T17:57:49.000Z</Time>
            <Position>
              <LatitudeDegrees>43.362550623714924</LatitudeDegrees>
              <LongitudeDegrees>-2.5013496726751328</LongitudeDegrees>
            </Position>
            <AltitudeMeters>19.799999237060547</AltitudeMeters>
            <DistanceMeters>848.0</DistanceMeters>
            <HeartRateBpm>
              <Value>98</Value>
            </HeartRateBpm>
            <Extensions>
              <ns3:TPX>
                <ns3:Speed>1.4279999732971191</ns3:Speed>
              </ns3:TPX>
            </Extensions>
          </Trackpoint>
          <Trackpoint>
            <Time>2025-08-14T17:57:52.000Z</Time>
            <Position>
              <LatitudeDegrees>43.36256118491292</LatitudeDegrees>
              <LongitudeDegrees>-2.5014169793576</LongitudeDegrees>
            </Position>
            <AltitudeMeters>19.600000381469727</AltitudeMeters>
            <DistanceMeters>854.1799926757812</DistanceMeters>
            <HeartRateBpm>
              <Value>94</Value>
            </HeartRateBpm>
            <Extensions>
              <ns3:TPX>
                <ns3:Speed>1.4459999799728394</ns3:Speed>
              </ns3:TPX>
            </Extensions>
          </Trackpoint>
          <Trackpoint>
            <Time>2025-08-14T17:57:53.000Z</Time>
            <Position>
              <LatitudeDegrees>43.36257350631058</LatitudeDegrees>
              <LongitudeDegrees>-2.501432904973626</LongitudeDegrees>
            </Position>
            <AltitudeMeters>19.399999618530273</AltitudeMeters>
            <DistanceMeters>857.3200073242188</DistanceMeters>
            <HeartRateBpm>
              <Value>95</Value>
            </HeartRateBpm>
            <Extensions>
              <ns3:TPX>
                <ns3:Speed>1.4459999799728394</ns3:Speed>
              </ns3:TPX>
            </Extensions>
          </Trackpoint>
          <Trackpoint>
            <Time>2025-08-14T17:57:55.000Z</Time>
            <Position>
              <LatitudeDegrees>43.362590689212084</LatitudeDegrees>
              <LongitudeDegrees>-2.5014648400247097</LongitudeDegrees>
            </Position>
            <AltitudeMeters>19.399999618530273</AltitudeMeters>
            <DistanceMeters>860.0</DistanceMeters>
            <HeartRateBpm>
              <Value>96</Value>
            </HeartRateBpm>
            <Extensions>
              <ns3:TPX>
                <ns3:Speed>1.4839999675750732</ns3:Speed>
              </ns3:TPX>
            </Extensions>
          </Trackpoint>
          <Trackpoint>
            <Time>2025-08-14T17:58:02.000Z</Time>
            <Position>
              <LatitudeDegrees>43.36266185157001</LatitudeDegrees>
              <LongitudeDegrees>-2.5016044825315475</LongitudeDegrees>
            </Position>
            <AltitudeMeters>18.600000381469727</AltitudeMeters>
            <DistanceMeters>868.0599975585938</DistanceMeters>
            <HeartRateBpm>
              <Value>96</Value>
            </HeartRateBpm>
            <Extensions>
              <ns3:TPX>
                <ns3:Speed>1.5579999685287476</ns3:Speed>
              </ns3:TPX>
            </Extensions>
          </Trackpoint>
          <Trackpoint>
            <Time>2025-08-14T17:58:04.000Z</Time>
            <Position>
              <LatitudeDegrees>43.36267836391926</LatitudeDegrees>
              <LongitudeDegrees>-2.5016512535512447</LongitudeDegrees>
            </Position>
            <AltitudeMeters>18.399999618530273</AltitudeMeters>
            <DistanceMeters>871.97998046875</DistanceMeters>
            <HeartRateBpm>
              <Value>97</Value>
            </HeartRateBpm>
            <Extensions>
              <ns3:TPX>
                <ns3:Speed>1.7910000085830688</ns3:Speed>
              </ns3:TPX>
            </Extensions>
          </Trackpoint>
          <Trackpoint>
            <Time>2025-08-14T17:58:07.000Z</Time>
            <Position>
              <LatitudeDegrees>43.3626898471266</LatitudeDegrees>
              <LongitudeDegrees>-2.501695593819022</LongitudeDegrees>
            </Position>
            <AltitudeMeters>18.399999618530273</AltitudeMeters>
            <DistanceMeters>877.219970703125</DistanceMeters>
            <HeartRateBpm>
              <Value>94</Value>
            </HeartRateBpm>
            <Extensions>
              <ns3:TPX>
                <ns3:Speed>1.6979999542236328</ns3:Speed>
              </ns3:TPX>
            </Extensions>
          </Trackpoint>
          <Trackpoint>
            <Time>2025-08-14T17:58:09.000Z</Time>
            <Position>
              <LatitudeDegrees>43.36268272250891</LatitudeDegrees>
              <LongitudeDegrees>-2.501738090068102</LongitudeDegrees>
            </Position>
            <AltitudeMeters>18.399999618530273</AltitudeMeters>
            <DistanceMeters>880.530029296875</DistanceMeters>
            <HeartRateBpm>
              <Value>94</Value>
            </HeartRateBpm>
            <Extensions>
              <ns3:TPX>
                <ns3:Speed>1.6699999570846558</ns3:Speed>
              </ns3:TPX>
            </Extensions>
          </Trackpoint>
          <Trackpoint>
            <Time>2025-08-14T17:58:11.000Z</Time>
            <Position>
              <LatitudeDegrees>43.362690433859825</LatitudeDegrees>
              <LongitudeDegrees>-2.501773042604327</LongitudeDegrees>
            </Position>
            <AltitudeMeters>18.0</AltitudeMeters>
            <DistanceMeters>883.4400024414062</DistanceMeters>
            <HeartRateBpm>
              <Value>93</Value>
            </HeartRateBpm>
            <Extensions>
              <ns3:TPX>
                <ns3:Speed>1.6239999532699585</ns3:Speed>
              </ns3:TPX>
            </Extensions>
          </Trackpoint>
          <Trackpoint>
            <Time>2025-08-14T17:58:12.000Z</Time>
            <Position>
              <LatitudeDegrees>43.36269588209689</LatitudeDegrees>
              <LongitudeDegrees>-2.501784944906831</LongitudeDegrees>
            </Position>
            <AltitudeMeters>17.799999237060547</AltitudeMeters>
            <DistanceMeters>884.6300048828125</DistanceMeters>
            <HeartRateBpm>
              <Value>96</Value>
            </HeartRateBpm>
            <Extensions>
              <ns3:TPX>
                <ns3:Speed>1.6239999532699585</ns3:Speed>
              </ns3:TPX>
            </Extensions>
          </Trackpoint>
          <Trackpoint>
            <Time>2025-08-14T17:58:15.000Z</Time>
            <Position>
              <LatitudeDegrees>43.3627004083246</LatitudeDegrees>
              <LongitudeDegrees>-2.5018336437642574</LongitudeDegrees>
            </Position>
            <AltitudeMeters>17.600000381469727</AltitudeMeters>
            <DistanceMeters>888.5499877929688</DistanceMeters>
            <HeartRateBpm>
              <Value>97</Value>
            </HeartRateBpm>
            <Extensions>
              <ns3:TPX>
                <ns3:Speed>1.2970000505447388</ns3:Speed>
              </ns3:TPX>
            </Extensions>
          </Trackpoint>
          <Trackpoint>
            <Time>2025-08-14T17:58:18.000Z</Time>
            <Position>
              <LatitudeDegrees>43.36269713938236</LatitudeDegrees>
              <LongitudeDegrees>-2.501902040094137</LongitudeDegrees>
            </Position>
            <AltitudeMeters>17.600000381469727</AltitudeMeters>
            <DistanceMeters>892.7999877929688</DistanceMeters>
            <HeartRateBpm>
              <Value>95</Value>
            </HeartRateBpm>
            <Extensions>
              <ns3:TPX>
                <ns3:Speed>1.3530000448226929</ns3:Speed>
              </ns3:TPX>
            </Extensions>
          </Trackpoint>
          <Trackpoint>
            <Time>2025-08-14T17:58:20.000Z</Time>
            <Position>
              <LatitudeDegrees>43.36269445717335</LatitudeDegrees>
              <LongitudeDegrees>-2.5019454583525658</LongitudeDegrees>
            </Position>
            <AltitudeMeters>17.399999618530273</AltitudeMeters>
            <DistanceMeters>895.4400024414062</DistanceMeters>
            <HeartRateBpm>
              <Value>95</Value>
            </HeartRateBpm>
            <Extensions>
              <ns3:TPX>
                <ns3:Speed>1.3250000476837158</ns3:Speed>
              </ns3:TPX>
            </Extensions>
          </Trackpoint>
          <Trackpoint>
            <Time>2025-08-14T17:58:24.000Z</Time>
            <Position>
              <LatitudeDegrees>43.36268783546984</LatitudeDegrees>
              <LongitudeDegrees>-2.502030450850725</LongitudeDegrees>
            </Position>
            <AltitudeMeters>17.0</AltitudeMeters>
            <DistanceMeters>900.75</DistanceMeters>
            <HeartRateBpm>
              <Value>95</Value>
            </HeartRateBpm>
            <Extensions>
              <ns3:TPX>
                <ns3:Speed>1.2970000505447388</ns3:Speed>
              </ns3:TPX>
            </Extensions>
          </Trackpoint>
          <Trackpoint>
            <Time>2025-08-14T17:58:27.000Z</Time>
            <Position>
              <LatitudeDegrees>43.36273452267051</LatitudeDegrees>
              <LongitudeDegrees>-2.50207856297493</LongitudeDegrees>
            </Position>
            <AltitudeMeters>17.0</AltitudeMeters>
            <DistanceMeters>905.6099853515625</DistanceMeters>
            <HeartRateBpm>
              <Value>95</Value>
            </HeartRateBpm>
            <Extensions>
              <ns3:TPX>
                <ns3:Speed>1.3530000448226929</ns3:Speed>
              </ns3:TPX>
            </Extensions>
          </Trackpoint>
          <Trackpoint>
            <Time>2025-08-14T17:58:29.000Z</Time>
            <Position>
              <LatitudeDegrees>43.36275991983712</LatitudeDegrees>
              <LongitudeDegrees>-2.5021047983318567</LongitudeDegrees>
            </Position>
            <AltitudeMeters>17.0</AltitudeMeters>
            <DistanceMeters>908.6900024414062</DistanceMeters>
            <HeartRateBpm>
              <Value>93</Value>
            </HeartRateBpm>
            <Extensions>
              <ns3:TPX>
                <ns3:Speed>1.399999976158142</ns3:Speed>
              </ns3:TPX>
            </Extensions>
          </Trackpoint>
          <Trackpoint>
            <Time>2025-08-14T17:58:32.000Z</Time>
            <Position>
              <LatitudeDegrees>43.36277048103511</LatitudeDegrees>
              <LongitudeDegrees>-2.5021519884467125</LongitudeDegrees>
            </Position>
            <AltitudeMeters>17.0</AltitudeMeters>
            <DistanceMeters>912.3800048828125</DistanceMeters>
            <HeartRateBpm>
              <Value>97</Value>
            </HeartRateBpm>
            <Extensions>
              <ns3:TPX>
                <ns3:Speed>1.38100004196167</ns3:Speed>
              </ns3:TPX>
            </Extensions>
          </Trackpoint>
          <Trackpoint>
            <Time>2025-08-14T17:58:33.000Z</Time>
            <Position>
              <LatitudeDegrees>43.36277567781508</LatitudeDegrees>
              <LongitudeDegrees>-2.502150647342205</LongitudeDegrees>
            </Position>
            <AltitudeMeters>16.799999237060547</AltitudeMeters>
            <DistanceMeters>913.8099975585938</DistanceMeters>
            <HeartRateBpm>
              <Value>98</Value>
            </HeartRateBpm>
            <Extensions>
              <ns3:TPX>
                <ns3:Speed>1.371999979019165</ns3:Speed>
              </ns3:TPX>
            </Extensions>
          </Trackpoint>
          <Trackpoint>
            <Time>2025-08-14T17:58:36.000Z</Time>
            <Position>
              <LatitudeDegrees>43.36280065588653</LatitudeDegrees>
              <LongitudeDegrees>-2.5021610409021378</LongitudeDegrees>
            </Position>
            <AltitudeMeters>16.399999618530273</AltitudeMeters>
            <DistanceMeters>918.3200073242188</DistanceMeters>
            <HeartRateBpm>
              <Value>96</Value>
            </HeartRateBpm>
            <Extensions>
              <ns3:TPX>
                <ns3:Speed>1.3619999885559082</ns3:Speed>
              </ns3:TPX>
            </Extensions>
          </Trackpoint>
          <Trackpoint>
            <Time>2025-08-14T17:58:41.000Z</Time>
            <Position>
              <LatitudeDegrees>43.36282638832927</LatitudeDegrees>
              <LongitudeDegrees>-2.5022262521088123</LongitudeDegrees>
            </Position>
            <AltitudeMeters>16.0</AltitudeMeters>
            <DistanceMeters>927.780029296875</DistanceMeters>
            <HeartRateBpm>
              <Value>96</Value>
            </HeartRateBpm>
            <Extensions>
              <ns3:TPX>
                <ns3:Speed>1.409000039100647</ns3:Speed>
              </ns3:TPX>
            </Extensions>
          </Trackpoint>
          <Trackpoint>
            <Time>2025-08-14T17:58:47.000Z</Time>
            <Position>
              <LatitudeDegrees>43.3629060164094</LatitudeDegrees>
              <LongitudeDegrees>-2.50228526070714</LongitudeDegrees>
            </Position>
            <AltitudeMeters>15.399999618530273</AltitudeMeters>
            <DistanceMeters>937.5800170898438</DistanceMeters>
            <HeartRateBpm>
              <Value>98</Value>
            </HeartRateBpm>
            <Extensions>
              <ns3:TPX>
                <ns3:Speed>1.4459999799728394</ns3:Speed>
              </ns3:TPX>
            </Extensions>
          </Trackpoint>
          <Trackpoint>
            <Time>2025-08-14T17:58:48.000Z</Time>
            <Position>
              <LatitudeDegrees>43.36291196756065</LatitudeDegrees>
              <LongitudeDegrees>-2.502295821905136</LongitudeDegrees>
            </Position>
            <AltitudeMeters>15.199999809265137</AltitudeMeters>
            <DistanceMeters>938.4000244140625</DistanceMeters>
            <HeartRateBpm>
              <Value>98</Value>
            </HeartRateBpm>
            <Extensions>
              <ns3:TPX>
                <ns3:Speed>1.4559999704360962</ns3:Speed>
              </ns3:TPX>
            </Extensions>
          </Trackpoint>
          <Trackpoint>
            <Time>2025-08-14T17:58:51.000Z</Time>
            <Position>
              <LatitudeDegrees>43.36293308995664</LatitudeDegrees>
              <LongitudeDegrees>-2.50230822712183</LongitudeDegrees>
            </Position>
            <AltitudeMeters>14.800000190734863</AltitudeMeters>
            <DistanceMeters>940.5700073242188</DistanceMeters>
            <HeartRateBpm>
              <Value>99</Value>
            </HeartRateBpm>
            <Extensions>
              <ns3:TPX>
                <ns3:Speed>1.4459999799728394</ns3:Speed>
              </ns3:TPX>
            </Extensions>
          </Trackpoint>
          <Trackpoint>
            <Time>2025-08-14T17:58:52.000Z</Time>
            <Position>
              <LatitudeDegrees>43.36293979547918</LatitudeDegrees>
              <LongitudeDegrees>-2.50231409445405</LongitudeDegrees>
            </Position>
            <AltitudeMeters>14.600000381469727</AltitudeMeters>
            <DistanceMeters>941.5700073242188</DistanceMeters>
            <HeartRateBpm>
              <Value>98</Value>
            </HeartRateBpm>
            <Extensions>
              <ns3:TPX>
                <ns3:Speed>1.437000036239624</ns3:Speed>
              </ns3:TPX>
            </Extensions>
          </Trackpoint>
          <Trackpoint>
            <Time>2025-08-14T17:58:56.000Z</Time>
            <Position>
              <LatitudeDegrees>43.36296678520739</LatitudeDegrees>
              <LongitudeDegrees>-2.502333875745535</LongitudeDegrees>
            </Position>
            <AltitudeMeters>14.800000190734863</AltitudeMeters>
            <DistanceMeters>944.3699951171875</DistanceMeters>
            <HeartRateBpm>
              <Value>97</Value>
            </HeartRateBpm>
            <Extensions>
              <ns3:TPX>
                <ns3:Speed>1.4179999828338623</ns3:Speed>
              </ns3:TPX>
            </Extensions>
          </Trackpoint>
          <Trackpoint>
            <Time>2025-08-14T17:58:58.000Z</Time>
            <Position>
              <LatitudeDegrees>43.36298832669854</LatitudeDegrees>
              <LongitudeDegrees>-2.5023145973682404</LongitudeDegrees>
            </Position>
            <AltitudeMeters>14.800000190734863</AltitudeMeters>
            <DistanceMeters>945.7999877929688</DistanceMeters>
            <HeartRateBpm>
              <Value>92</Value>
            </HeartRateBpm>
            <Extensions>
              <ns3:TPX>
                <ns3:Speed>1.409000039100647</ns3:Speed>
              </ns3:TPX>
            </Extensions>
          </Trackpoint>
          <Trackpoint>
            <Time>2025-08-14T17:59:00.000Z</Time>
            <Position>
              <LatitudeDegrees>43.36301757954061</LatitudeDegrees>
              <LongitudeDegrees>-2.5023037008941174</LongitudeDegrees>
            </Position>
            <AltitudeMeters>14.199999809265137</AltitudeMeters>
            <DistanceMeters>947.0700073242188</DistanceMeters>
            <HeartRateBpm>
              <Value>93</Value>
            </HeartRateBpm>
            <Extensions>
              <ns3:TPX>
                <ns3:Speed>1.3619999885559082</ns3:Speed>
              </ns3:TPX>
            </Extensions>
          </Trackpoint>
          <Trackpoint>
            <Time>2025-08-14T17:59:01.000Z</Time>
            <Position>
              <LatitudeDegrees>43.36302780546248</LatitudeDegrees>
              <LongitudeDegrees>-2.502295905724168</LongitudeDegrees>
            </Position>
            <AltitudeMeters>14.0</AltitudeMeters>
            <DistanceMeters>947.4199829101562</DistanceMeters>
            <HeartRateBpm>
              <Value>90</Value>
            </HeartRateBpm>
            <Extensions>
              <ns3:TPX>
                <ns3:Speed>1.343999981880188</ns3:Speed>
              </ns3:TPX>
            </Extensions>
          </Trackpoint>
          <Trackpoint>
            <Time>2025-08-14T17:59:02.000Z</Time>
            <Position>
              <LatitudeDegrees>43.363041803240776</LatitudeDegrees>
              <LongitudeDegrees>-2.502290792763233</LongitudeDegrees>
            </Position>
            <AltitudeMeters>14.0</AltitudeMeters>
            <DistanceMeters>948.0900268554688</DistanceMeters>
            <HeartRateBpm>
              <Value>89</Value>
            </HeartRateBpm>
            <Extensions>
              <ns3:TPX>
                <ns3:Speed>1.3250000476837158</ns3:Speed>
              </ns3:TPX>
            </Extensions>
          </Trackpoint>
          <Trackpoint>
            <Time>2025-08-14T17:59:04.000Z</Time>
            <Position>
              <LatitudeDegrees>43.36307952180505</LatitudeDegrees>
              <LongitudeDegrees>-2.5022854283452034</LongitudeDegrees>
            </Position>
            <AltitudeMeters>13.800000190734863</AltitudeMeters>
            <DistanceMeters>952.2999877929688</DistanceMeters>
            <HeartRateBpm>
              <Value>87</Value>
            </HeartRateBpm>
            <Extensions>
              <ns3:TPX>
                <ns3:Speed>1.315999984741211</ns3:Speed>
              </ns3:TPX>
            </Extensions>
          </Trackpoint>
          <Trackpoint>
            <Time>2025-08-14T17:59:06.000Z</Time>
            <Position>
              <LatitudeDegrees>43.363125789910555</LatitudeDegrees>
              <LongitudeDegrees>-2.5022895354777575</LongitudeDegrees>
            </Position>
            <AltitudeMeters>13.800000190734863</AltitudeMeters>
            <DistanceMeters>957.0</DistanceMeters>
            <HeartRateBpm>
              <Value>89</Value>
            </HeartRateBpm>
            <Extensions>
              <ns3:TPX>
                <ns3:Speed>1.3899999856948853</ns3:Speed>
              </ns3:TPX>
            </Extensions>
          </Trackpoint>
          <Trackpoint>
            <Time>2025-08-14T17:59:09.000Z</Time>
            <Position>
              <LatitudeDegrees>43.36318421177566</LatitudeDegrees>
              <LongitudeDegrees>-2.5022800639271736</LongitudeDegrees>
            </Position>
            <AltitudeMeters>13.399999618530273</AltitudeMeters>
            <DistanceMeters>959.3499755859375</DistanceMeters>
            <HeartRateBpm>
              <Value>89</Value>
            </HeartRateBpm>
            <Extensions>
              <ns3:TPX>
                <ns3:Speed>1.4179999828338623</ns3:Speed>
              </ns3:TPX>
            </Extensions>
          </Trackpoint>
          <Trackpoint>
            <Time>2025-08-14T17:59:10.000Z</Time>
            <Position>
              <LatitudeDegrees>43.36320910602808</LatitudeDegrees>
              <LongitudeDegrees>-2.502269083634019</LongitudeDegrees>
            </Position>
            <AltitudeMeters>13.199999809265137</AltitudeMeters>
            <DistanceMeters>961.8499755859375</DistanceMeters>
            <HeartRateBpm>
              <Value>90</Value>
            </HeartRateBpm>
            <Extensions>
              <ns3:TPX>
                <ns3:Speed>1.3619999885559082</ns3:Speed>
              </ns3:TPX>
            </Extensions>
          </Trackpoint>
          <Trackpoint>
            <Time>2025-08-14T17:59:12.000Z</Time>
            <Position>
              <LatitudeDegrees>43.36324414238334</LatitudeDegrees>
              <LongitudeDegrees>-2.5022498052567244</LongitudeDegrees>
            </Position>
            <AltitudeMeters>13.0</AltitudeMeters>
            <DistanceMeters>965.6199951171875</DistanceMeters>
            <HeartRateBpm>
              <Value>91</Value>
            </HeartRateBpm>
            <Extensions>
              <ns3:TPX>
                <ns3:Speed>1.2879999876022339</ns3:Speed>
              </ns3:TPX>
            </Extensions>
          </Trackpoint>
          <Trackpoint>
            <Time>2025-08-14T17:59:13.000Z</Time>
            <Position>
              <LatitudeDegrees>43.36326275020838</LatitudeDegrees>
              <LongitudeDegrees>-2.50223396345973</LongitudeDegrees>
            </Position>
            <AltitudeMeters>13.0</AltitudeMeters>
            <DistanceMeters>969.3499755859375</DistanceMeters>
            <HeartRateBpm>
              <Value>89</Value>
            </HeartRateBpm>
            <Extensions>
              <ns3:TPX>
                <ns3:Speed>1.2970000505447388</ns3:Speed>
              </ns3:TPX>
            </Extensions>
          </Trackpoint>
          <Trackpoint>
            <Time>2025-08-14T17:59:16.000Z</Time>
            <Position>
              <LatitudeDegrees>43.36331279017031</LatitudeDegrees>
              <LongitudeDegrees>-2.5022044591605663</LongitudeDegrees>
            </Position>
            <AltitudeMeters>12.800000190734863</AltitudeMeters>
            <DistanceMeters>977.6199951171875</DistanceMeters>
            <HeartRateBpm>
              <Value>90</Value>
            </HeartRateBpm>
            <Extensions>
              <ns3:TPX>
                <ns3:Speed>1.5019999742507935</ns3:Speed>
              </ns3:TPX>
            </Extensions>
          </Trackpoint>
          <Trackpoint>
            <Time>2025-08-14T17:59:22.000Z</Time>
            <Position>
              <LatitudeDegrees>43.36341102607548</LatitudeDegrees>
              <LongitudeDegrees>-2.5021278485655785</LongitudeDegrees>
            </Position>
            <AltitudeMeters>12.199999809265137</AltitudeMeters>
            <DistanceMeters>990.72998046875</DistanceMeters>
            <HeartRateBpm>
              <Value>88</Value>
            </HeartRateBpm>
            <Extensions>
              <ns3:TPX>
                <ns3:Speed>1.5579999685287476</ns3:Speed>
              </ns3:TPX>
            </Extensions>
          </Trackpoint>
          <Trackpoint>
            <Time>2025-08-14T17:59:24.000Z</Time>
            <Position>
              <LatitudeDegrees>43.363433154299855</LatitudeDegrees>
              <LongitudeDegrees>-2.502116532996297</LongitudeDegrees>
            </Position>
            <AltitudeMeters>12.199999809265137</AltitudeMeters>
            <DistanceMeters>994.6500244140625</DistanceMeters>
            <HeartRateBpm>
              <Value>94</Value>
            </HeartRateBpm>
            <Extensions>
              <ns3:TPX>
                <ns3:Speed>1.6050000190734863</ns3:Speed>
              </ns3:TPX>
            </Extensions>
          </Trackpoint>
          <Trackpoint>
            <Time>2025-08-14T17:59:25.000Z</Time>
            <Position>
              <LatitudeDegrees>43.36344354785979</LatitudeDegrees>
              <LongitudeDegrees>-2.5021102465689182</LongitudeDegrees>
            </Position>
            <AltitudeMeters>12.199999809265137</AltitudeMeters>
            <DistanceMeters>996.3300170898438</DistanceMeters>
            <HeartRateBpm>
              <Value>94</Value>
            </HeartRateBpm>
            <Extensions>
              <ns3:TPX>
                <ns3:Speed>1.6050000190734863</ns3:Speed>
              </ns3:TPX>
            </Extensions>
          </Trackpoint>
          <Trackpoint>
            <Time>2025-08-14T17:59:27.000Z</Time>
            <Position>
              <LatitudeDegrees>43.36346106603742</LatitudeDegrees>
              <LongitudeDegrees>-2.502098260447383</LongitudeDegrees>
            </Position>
            <AltitudeMeters>11.800000190734863</AltitudeMeters>
            <DistanceMeters>998.2999877929688</DistanceMeters>
            <HeartRateBpm>
              <Value>96</Value>
            </HeartRateBpm>
            <Extensions>
              <ns3:TPX>
                <ns3:Speed>1.6419999599456787</ns3:Speed>
              </ns3:TPX>
            </Extensions>
          </Trackpoint>
          <Trackpoint>
            <Time>2025-08-14T17:59:28.000Z</Time>
            <Position>
              <LatitudeDegrees>43.36347036994994</LatitudeDegrees>
              <LongitudeDegrees>-2.5021021999418736</LongitudeDegrees>
            </Position>
            <AltitudeMeters>11.800000190734863</AltitudeMeters>
            <DistanceMeters>999.3800048828125</DistanceMeters>
            <HeartRateBpm>
              <Value>96</Value>
            </HeartRateBpm>
            <Extensions>
              <ns3:TPX>
                <ns3:Speed>1.6239999532699585</ns3:Speed>
              </ns3:TPX>
            </Extensions>
          </Trackpoint>
          <Trackpoint>
            <Time>2025-08-14T17:59:30.000Z</Time>
            <Position>
              <LatitudeDegrees>43.36347883567214</LatitudeDegrees>
              <LongitudeDegrees>-2.5021037086844444</LongitudeDegrees>
            </Position>
            <AltitudeMeters>11.199999809265137</AltitudeMeters>
            <DistanceMeters>1000.5499877929688</DistanceMeters>
            <HeartRateBpm>
              <Value>95</Value>
            </HeartRateBpm>
            <Extensions>
              <ns3:TPX>
                <ns3:Speed>1.4459999799728394</ns3:Speed>
              </ns3:TPX>
            </Extensions>
          </Trackpoint>
        </Track>
        <Extensions>
          <ns3:LX>
            <ns3:AvgSpeed>1.49399995803833</ns3:AvgSpeed>
            <ns3:AvgRunCadence>53</ns3:AvgRunCadence>
            <ns3:MaxRunCadence>63</ns3:MaxRunCadence>
          </ns3:LX>
        </Extensions>
      </Lap>
      <Lap StartTime="2025-08-14T17:59:31.000Z">
        <TotalTimeSeconds>946.389</TotalTimeSeconds>
        <DistanceMeters>1000.0</DistanceMeters>
        <MaximumSpeed>1.8009999990463257</MaximumSpeed>
        <Calories>85</Calories>
        <AverageHeartRateBpm>
          <Value>90</Value>
        </AverageHeartRateBpm>
        <MaximumHeartRateBpm>
          <Value>104</Value>
        </MaximumHeartRateBpm>
        <Intensity>Active</Intensity>
        <TriggerMethod>Manual</TriggerMethod>
        <Track>
          <Trackpoint>
            <Time>2025-08-14T17:59:32.000Z</Time>
            <Position>
              <LatitudeDegrees>43.36348076350987</LatitudeDegrees>
              <LongitudeDegrees>-2.5021034572273493</LongitudeDegrees>
            </Position>
            <AltitudeMeters>11.0</AltitudeMeters>
            <DistanceMeters>1001.1699829101562</DistanceMeters>
            <HeartRateBpm>
              <Value>92</Value>
            </HeartRateBpm>
            <Extensions>
              <ns3:TPX>
                <ns3:Speed>1.2410000562667847</ns3:Speed>
              </ns3:TPX>
            </Extensions>
          </Trackpoint>
          <Trackpoint>
            <Time>2025-08-14T17:59:33.000Z</Time>
            <AltitudeMeters>12.600000381469727</AltitudeMeters>
            <DistanceMeters>1001.3400268554688</DistanceMeters>
            <HeartRateBpm>
              <Value>94</Value>
            </HeartRateBpm>
            <Extensions>
              <ns3:TPX>
                <ns3:Speed>1.2319999933242798</ns3:Speed>
              </ns3:TPX>
            </Extensions>
          </Trackpoint>
          <Trackpoint>
            <Time>2025-08-14T18:02:05.000Z</Time>
            <Position>
              <LatitudeDegrees>43.363497192040086</LatitudeDegrees>
              <LongitudeDegrees>-2.502069678157568</LongitudeDegrees>
            </Position>
            <AltitudeMeters>10.600000381469727</AltitudeMeters>
            <DistanceMeters>1001.3400268554688</DistanceMeters>
            <HeartRateBpm>
              <Value>85</Value>
            </HeartRateBpm>
            <Extensions>
              <ns3:TPX>
                <ns3:Speed>0.35499998927116394</ns3:Speed>
              </ns3:TPX>
            </Extensions>
          </Trackpoint>
          <Trackpoint>
            <Time>2025-08-14T18:02:06.000Z</Time>
            <Position>
              <LatitudeDegrees>43.363502053543925</LatitudeDegrees>
              <LongitudeDegrees>-2.502069091424346</LongitudeDegrees>
            </Position>
            <AltitudeMeters>10.800000190734863</AltitudeMeters>
            <DistanceMeters>1002.2000122070312</DistanceMeters>
            <HeartRateBpm>
              <Value>85</Value>
            </HeartRateBpm>
            <Extensions>
              <ns3:TPX>
                <ns3:Speed>0.0</ns3:Speed>
              </ns3:TPX>
            </Extensions>
          </Trackpoint>
          <Trackpoint>
            <Time>2025-08-14T18:02:07.000Z</Time>
            <Position>
              <LatitudeDegrees>43.36350683122873</LatitudeDegrees>
              <LongitudeDegrees>-2.502070600166917</LongitudeDegrees>
            </Position>
            <AltitudeMeters>10.800000190734863</AltitudeMeters>
            <DistanceMeters>1002.75</DistanceMeters>
            <HeartRateBpm>
              <Value>82</Value>
            </HeartRateBpm>
            <Extensions>
              <ns3:TPX>
                <ns3:Speed>0.0</ns3:Speed>
              </ns3:TPX>
            </Extensions>
          </Trackpoint>
          <Trackpoint>
            <Time>2025-08-14T18:02:12.000Z</Time>
            <Position>
              <LatitudeDegrees>43.36352468468249</LatitudeDegrees>
              <LongitudeDegrees>-2.502115275710821</LongitudeDegrees>
            </Position>
            <AltitudeMeters>11.600000381469727</AltitudeMeters>
            <DistanceMeters>1005.1099853515625</DistanceMeters>
            <HeartRateBpm>
              <Value>84</Value>
            </HeartRateBpm>
            <Extensions>
              <ns3:TPX>
                <ns3:Speed>0.0</ns3:Speed>
              </ns3:TPX>
            </Extensions>
          </Trackpoint>
          <Trackpoint>
            <Time>2025-08-14T18:02:18.000Z</Time>
            <Position>
              <LatitudeDegrees>43.3635466452688</LatitudeDegrees>
              <LongitudeDegrees>-2.5021893717348576</LongitudeDegrees>
            </Position>
            <AltitudeMeters>12.399999618530273</AltitudeMeters>
            <DistanceMeters>1010.989990234375</DistanceMeters>
            <HeartRateBpm>
              <Value>88</Value>
            </HeartRateBpm>
            <Extensions>
              <ns3:TPX>
                <ns3:Speed>0.9800000190734863</ns3:Speed>
              </ns3:TPX>
            </Extensions>
          </Trackpoint>
          <Trackpoint>
            <Time>2025-08-14T18:02:19.000Z</Time>
            <Position>
              <LatitudeDegrees>43.36354882456362</LatitudeDegrees>
              <LongitudeDegrees>-2.502202531322837</LongitudeDegrees>
            </Position>
            <AltitudeMeters>12.199999809265137</AltitudeMeters>
            <DistanceMeters>1012.239990234375</DistanceMeters>
            <HeartRateBpm>
              <Value>86</Value>
            </HeartRateBpm>
            <Extensions>
              <ns3:TPX>
                <ns3:Speed>0.9890000224113464</ns3:Speed>
              </ns3:TPX>
            </Extensions>
          </Trackpoint>
          <Trackpoint>
            <Time>2025-08-14T18:02:21.000Z</Time>
            <Position>
              <LatitudeDegrees>43.36355259642005</LatitudeDegrees>
              <LongitudeDegrees>-2.502224324271083</LongitudeDegrees>
            </Position>
            <AltitudeMeters>12.399999618530273</AltitudeMeters>
            <DistanceMeters>1014.1799926757812</DistanceMeters>
            <HeartRateBpm>
              <Value>88</Value>
            </HeartRateBpm>
            <Extensions>
              <ns3:TPX>
                <ns3:Speed>1.0080000162124634</ns3:Speed>
              </ns3:TPX>
            </Extensions>
          </Trackpoint>
          <Trackpoint>
            <Time>2025-08-14T18:02:25.000Z</Time>
            <Position>
              <LatitudeDegrees>43.36357564665377</LatitudeDegrees>
              <LongitudeDegrees>-2.502281656488776</LongitudeDegrees>
            </Position>
            <AltitudeMeters>12.600000381469727</AltitudeMeters>
            <DistanceMeters>1018.22998046875</DistanceMeters>
            <HeartRateBpm>
              <Value>90</Value>
            </HeartRateBpm>
            <Extensions>
              <ns3:TPX>
                <ns3:Speed>0.9330000281333923</ns3:Speed>
              </ns3:TPX>
            </Extensions>
          </Trackpoint>
          <Trackpoint>
            <Time>2025-08-14T18:02:28.000Z</Time>
            <Position>
              <LatitudeDegrees>43.36358503438532</LatitudeDegrees>
              <LongitudeDegrees>-2.5023209676146507</LongitudeDegrees>
            </Position>
            <AltitudeMeters>12.600000381469727</AltitudeMeters>
            <DistanceMeters>1022.489990234375</DistanceMeters>
            <HeartRateBpm>
              <Value>93</Value>
            </HeartRateBpm>
            <Extensions>
              <ns3:TPX>
                <ns3:Speed>1.0080000162124634</ns3:Speed>
              </ns3:TPX>
            </Extensions>
          </Trackpoint>
          <Trackpoint>
            <Time>2025-08-14T18:02:31.000Z</Time>
            <Position>
              <LatitudeDegrees>43.36356936022639</LatitudeDegrees>
              <LongitudeDegrees>-2.5023554172366858</LongitudeDegrees>
            </Position>
            <AltitudeMeters>12.600000381469727</AltitudeMeters>
            <DistanceMeters>1027.1700439453125</DistanceMeters>
            <HeartRateBpm>
              <Value>96</Value>
            </HeartRateBpm>
            <Extensions>
              <ns3:TPX>
                <ns3:Speed>1.1660000085830688</ns3:Speed>
              </ns3:TPX>
            </Extensions>
          </Trackpoint>
          <Trackpoint>
            <Time>2025-08-14T18:02:32.000Z</Time>
            <Position>
              <LatitudeDegrees>43.363565085455775</LatitudeDegrees>
              <LongitudeDegrees>-2.5023637153208256</LongitudeDegrees>
            </Position>
            <AltitudeMeters>12.800000190734863</AltitudeMeters>
            <DistanceMeters>1028.8900146484375</DistanceMeters>
            <HeartRateBpm>
              <Value>96</Value>
            </HeartRateBpm>
            <Extensions>
              <ns3:TPX>
                <ns3:Speed>1.2039999961853027</ns3:Speed>
              </ns3:TPX>
            </Extensions>
          </Trackpoint>
          <Trackpoint>
            <Time>2025-08-14T18:02:36.000Z</Time>
            <Position>
              <LatitudeDegrees>43.36351898498833</LatitudeDegrees>
              <LongitudeDegrees>-2.5024184491485357</LongitudeDegrees>
            </Position>
            <AltitudeMeters>12.600000381469727</AltitudeMeters>
            <DistanceMeters>1033.8399658203125</DistanceMeters>
            <HeartRateBpm>
              <Value>96</Value>
            </HeartRateBpm>
            <Extensions>
              <ns3:TPX>
                <ns3:Speed>1.2410000562667847</ns3:Speed>
              </ns3:TPX>
            </Extensions>
          </Trackpoint>
          <Trackpoint>
            <Time>2025-08-14T18:02:37.000Z</Time>
            <Position>
              <LatitudeDegrees>43.36350758560002</LatitudeDegrees>
              <LongitudeDegrees>-2.5024232268333435</LongitudeDegrees>
            </Position>
            <AltitudeMeters>12.600000381469727</AltitudeMeters>
            <DistanceMeters>1034.9100341796875</DistanceMeters>
            <HeartRateBpm>
              <Value>94</Value>
            </HeartRateBpm>
            <Extensions>
              <ns3:TPX>
                <ns3:Speed>1.2410000562667847</ns3:Speed>
              </ns3:TPX>
            </Extensions>
          </Trackpoint>
          <Trackpoint>
            <Time>2025-08-14T18:02:38.000Z</Time>
            <Position>
              <LatitudeDegrees>43.36349601857364</LatitudeDegrees>
              <LongitudeDegrees>-2.502423981204629</LongitudeDegrees>
            </Position>
            <AltitudeMeters>12.600000381469727</AltitudeMeters>
            <DistanceMeters>1035.81005859375</DistanceMeters>
            <HeartRateBpm>
              <Value>97</Value>
            </HeartRateBpm>
            <Extensions>
              <ns3:TPX>
                <ns3:Speed>1.2319999933242798</ns3:Speed>
              </ns3:TPX>
            </Extensions>
          </Trackpoint>
          <Trackpoint>
            <Time>2025-08-14T18:02:41.000Z</Time>
            <Position>
              <LatitudeDegrees>43.36345042102039</LatitudeDegrees>
              <LongitudeDegrees>-2.5024585984647274</LongitudeDegrees>
            </Position>
            <AltitudeMeters>12.800000190734863</AltitudeMeters>
            <DistanceMeters>1038.1400146484375</DistanceMeters>
            <HeartRateBpm>
              <Value>95</Value>
            </HeartRateBpm>
            <Extensions>
              <ns3:TPX>
                <ns3:Speed>1.2319999933242798</ns3:Speed>
              </ns3:TPX>
            </Extensions>
          </Trackpoint>
          <Trackpoint>
            <Time>2025-08-14T18:02:42.000Z</Time>
            <Position>
              <LatitudeDegrees>43.3634462300688</LatitudeDegrees>
              <LongitudeDegrees>-2.502469075843692</LongitudeDegrees>
            </Position>
            <AltitudeMeters>13.0</AltitudeMeters>
            <DistanceMeters>1039.0999755859375</DistanceMeters>
            <HeartRateBpm>
              <Value>96</Value>
            </HeartRateBpm>
            <Extensions>
              <ns3:TPX>
                <ns3:Speed>1.2130000591278076</ns3:Speed>
              </ns3:TPX>
            </Extensions>
          </Trackpoint>
          <Trackpoint>
            <Time>2025-08-14T18:02:45.000Z</Time>
            <Position>
              <LatitudeDegrees>43.363440027460456</LatitudeDegrees>
              <LongitudeDegrees>-2.5025088898837566</LongitudeDegrees>
            </Position>
            <AltitudeMeters>13.199999809265137</AltitudeMeters>
            <DistanceMeters>1041.8299560546875</DistanceMeters>
            <HeartRateBpm>
              <Value>98</Value>
            </HeartRateBpm>
            <Extensions>
              <ns3:TPX>
                <ns3:Speed>1.2039999961853027</ns3:Speed>
              </ns3:TPX>
            </Extensions>
          </Trackpoint>
          <Trackpoint>
            <Time>2025-08-14T18:02:48.000Z</Time>
            <Position>
              <LatitudeDegrees>43.363482439890504</LatitudeDegrees>
              <LongitudeDegrees>-2.5025224685668945</LongitudeDegrees>
            </Position>
            <AltitudeMeters>13.0</AltitudeMeters>
            <DistanceMeters>1044.9100341796875</DistanceMeters>
            <HeartRateBpm>
              <Value>96</Value>
            </HeartRateBpm>
            <Extensions>
              <ns3:TPX>
                <ns3:Speed>1.2039999961853027</ns3:Speed>
              </ns3:TPX>
            </Extensions>
          </Trackpoint>
          <Trackpoint>
            <Time>2025-08-14T18:02:51.000Z</Time>
            <Position>
              <LatitudeDegrees>43.36348713375628</LatitudeDegrees>
              <LongitudeDegrees>-2.502557085826993</LongitudeDegrees>
            </Position>
            <AltitudeMeters>13.0</AltitudeMeters>
            <DistanceMeters>1048.780029296875</DistanceMeters>
            <HeartRateBpm>
              <Value>96</Value>
            </HeartRateBpm>
            <Extensions>
              <ns3:TPX>
                <ns3:Speed>1.194000005722046</ns3:Speed>
              </ns3:TPX>
            </Extensions>
          </Trackpoint>
          <Trackpoint>
            <Time>2025-08-14T18:02:53.000Z</Time>
            <Position>
              <LatitudeDegrees>43.36348922923207</LatitudeDegrees>
              <LongitudeDegrees>-2.502576280385256</LongitudeDegrees>
            </Position>
            <AltitudeMeters>13.199999809265137</AltitudeMeters>
            <DistanceMeters>1050.4100341796875</DistanceMeters>
            <HeartRateBpm>
              <Value>95</Value>
            </HeartRateBpm>
            <Extensions>
              <ns3:TPX>
                <ns3:Speed>1.194000005722046</ns3:Speed>
              </ns3:TPX>
            </Extensions>
          </Trackpoint>
          <Trackpoint>
            <Time>2025-08-14T18:02:54.000Z</Time>
            <Position>
              <LatitudeDegrees>43.36349040269852</LatitudeDegrees>
              <LongitudeDegrees>-2.5025891046971083</LongitudeDegrees>
            </Position>
            <AltitudeMeters>13.199999809265137</AltitudeMeters>
            <DistanceMeters>1051.1099853515625</DistanceMeters>
            <HeartRateBpm>
              <Value>94</Value>
            </HeartRateBpm>
            <Extensions>
              <ns3:TPX>
                <ns3:Speed>1.184999942779541</ns3:Speed>
              </ns3:TPX>
            </Extensions>
          </Trackpoint>
          <Trackpoint>
            <Time>2025-08-14T18:02:55.000Z</Time>
            <Position>
              <LatitudeDegrees>43.36349065415561</LatitudeDegrees>
              <LongitudeDegrees>-2.5026017613708973</LongitudeDegrees>
            </Position>
            <AltitudeMeters>13.399999618530273</AltitudeMeters>
            <DistanceMeters>1052.0999755859375</DistanceMeters>
            <HeartRateBpm>
              <Value>94</Value>
            </HeartRateBpm>
            <Extensions>
              <ns3:TPX>
                <ns3:Speed>1.1660000085830688</ns3:Speed>
              </ns3:TPX>
            </Extensions>
          </Trackpoint>
          <Trackpoint>
            <Time>2025-08-14T18:02:57.000Z</Time>
            <Position>
              <LatitudeDegrees>43.36349098943174</LatitudeDegrees>
              <LongitudeDegrees>-2.5026317685842514</LongitudeDegrees>
            </Position>
            <AltitudeMeters>13.399999618530273</AltitudeMeters>
            <DistanceMeters>1054.0999755859375</DistanceMeters>
            <HeartRateBpm>
              <Value>94</Value>
            </HeartRateBpm>
            <Extensions>
              <ns3:TPX>
                <ns3:Speed>1.1480000019073486</ns3:Speed>
              </ns3:TPX>
            </Extensions>
          </Trackpoint>
          <Trackpoint>
            <Time>2025-08-14T18:03:00.000Z</Time>
            <Position>
              <LatitudeDegrees>43.36349442601204</LatitudeDegrees>
              <LongitudeDegrees>-2.5026911962777376</LongitudeDegrees>
            </Position>
            <AltitudeMeters>13.399999618530273</AltitudeMeters>
            <DistanceMeters>1057.5</DistanceMeters>
            <HeartRateBpm>
              <Value>95</Value>
            </HeartRateBpm>
            <Extensions>
              <ns3:TPX>
                <ns3:Speed>1.1200000047683716</ns3:Speed>
              </ns3:TPX>
            </Extensions>
          </Trackpoint>
          <Trackpoint>
            <Time>2025-08-14T18:03:01.000Z</Time>
            <Position>
              <LatitudeDegrees>43.36349601857364</LatitudeDegrees>
              <LongitudeDegrees>-2.5027114804834127</LongitudeDegrees>
            </Position>
            <AltitudeMeters>13.399999618530273</AltitudeMeters>
            <DistanceMeters>1058.8499755859375</DistanceMeters>
            <HeartRateBpm>
              <Value>99</Value>
            </HeartRateBpm>
            <Extensions>
              <ns3:TPX>
                <ns3:Speed>1.1200000047683716</ns3:Speed>
              </ns3:TPX>
            </Extensions>
          </Trackpoint>
          <Trackpoint>
            <Time>2025-08-14T18:03:02.000Z</Time>
            <Position>
              <LatitudeDegrees>43.36349492892623</LatitudeDegrees>
              <LongitudeDegrees>-2.5027292501181364</LongitudeDegrees>
            </Position>
            <AltitudeMeters>13.399999618530273</AltitudeMeters>
            <DistanceMeters>1060.6800537109375</DistanceMeters>
            <HeartRateBpm>
              <Value>99</Value>
            </HeartRateBpm>
            <Extensions>
              <ns3:TPX>
                <ns3:Speed>1.128999948501587</ns3:Speed>
              </ns3:TPX>
            </Extensions>
          </Trackpoint>
          <Trackpoint>
            <Time>2025-08-14T18:03:04.000Z</Time>
            <Position>
              <LatitudeDegrees>43.36349576711655</LatitudeDegrees>
              <LongitudeDegrees>-2.502759760245681</LongitudeDegrees>
            </Position>
            <AltitudeMeters>13.199999809265137</AltitudeMeters>
            <DistanceMeters>1063.68994140625</DistanceMeters>
            <HeartRateBpm>
              <Value>96</Value>
            </HeartRateBpm>
            <Extensions>
              <ns3:TPX>
                <ns3:Speed>1.1380000114440918</ns3:Speed>
              </ns3:TPX>
            </Extensions>
          </Trackpoint>
          <Trackpoint>
            <Time>2025-08-14T18:03:05.000Z</Time>
            <Position>
              <LatitudeDegrees>43.36349509656429</LatitudeDegrees>
              <LongitudeDegrees>-2.5027734227478504</LongitudeDegrees>
            </Position>
            <AltitudeMeters>13.399999618530273</AltitudeMeters>
            <DistanceMeters>1065.31005859375</DistanceMeters>
            <HeartRateBpm>
              <Value>96</Value>
            </HeartRateBpm>
            <Extensions>
              <ns3:TPX>
                <ns3:Speed>1.1480000019073486</ns3:Speed>
              </ns3:TPX>
            </Extensions>
          </Trackpoint>
          <Trackpoint>
            <Time>2025-08-14T18:03:07.000Z</Time>
            <Position>
              <LatitudeDegrees>43.363488893955946</LatitudeDegrees>
              <LongitudeDegrees>-2.502806866541505</LongitudeDegrees>
            </Position>
            <AltitudeMeters>13.399999618530273</AltitudeMeters>
            <DistanceMeters>1067.77001953125</DistanceMeters>
            <HeartRateBpm>
              <Value>101</Value>
            </HeartRateBpm>
            <Extensions>
              <ns3:TPX>
                <ns3:Speed>1.184999942779541</ns3:Speed>
              </ns3:TPX>
            </Extensions>
          </Trackpoint>
          <Trackpoint>
            <Time>2025-08-14T18:03:08.000Z</Time>
            <Position>
              <LatitudeDegrees>43.36348512209952</LatitudeDegrees>
              <LongitudeDegrees>-2.502823881804943</LongitudeDegrees>
            </Position>
            <AltitudeMeters>13.399999618530273</AltitudeMeters>
            <DistanceMeters>1068.9599609375</DistanceMeters>
            <HeartRateBpm>
              <Value>101</Value>
            </HeartRateBpm>
            <Extensions>
              <ns3:TPX>
                <ns3:Speed>1.194000005722046</ns3:Speed>
              </ns3:TPX>
            </Extensions>
          </Trackpoint>
          <Trackpoint>
            <Time>2025-08-14T18:03:10.000Z</Time>
            <Position>
              <LatitudeDegrees>43.36347749456763</LatitudeDegrees>
              <LongitudeDegrees>-2.5028626061975956</LongitudeDegrees>
            </Position>
            <AltitudeMeters>13.399999618530273</AltitudeMeters>
            <DistanceMeters>1071.4200439453125</DistanceMeters>
            <HeartRateBpm>
              <Value>104</Value>
            </HeartRateBpm>
            <Extensions>
              <ns3:TPX>
                <ns3:Speed>1.194000005722046</ns3:Speed>
              </ns3:TPX>
            </Extensions>
          </Trackpoint>
          <Trackpoint>
            <Time>2025-08-14T18:03:13.000Z</Time>
            <Position>
              <LatitudeDegrees>43.36345846764743</LatitudeDegrees>
              <LongitudeDegrees>-2.502920189872384</LongitudeDegrees>
            </Position>
            <AltitudeMeters>13.199999809265137</AltitudeMeters>
            <DistanceMeters>1075.280029296875</DistanceMeters>
            <HeartRateBpm>
              <Value>100</Value>
            </HeartRateBpm>
            <Extensions>
              <ns3:TPX>
                <ns3:Speed>1.194000005722046</ns3:Speed>
              </ns3:TPX>
            </Extensions>
          </Trackpoint>
          <Trackpoint>
            <Time>2025-08-14T18:03:15.000Z</Time>
            <Position>
              <LatitudeDegrees>43.36343290284276</LatitudeDegrees>
              <LongitudeDegrees>-2.502955561503768</LongitudeDegrees>
            </Position>
            <AltitudeMeters>13.399999618530273</AltitudeMeters>
            <DistanceMeters>1080.3599853515625</DistanceMeters>
            <HeartRateBpm>
              <Value>103</Value>
            </HeartRateBpm>
            <Extensions>
              <ns3:TPX>
                <ns3:Speed>1.2039999961853027</ns3:Speed>
              </ns3:TPX>
            </Extensions>
          </Trackpoint>
          <Trackpoint>
            <Time>2025-08-14T18:03:16.000Z</Time>
            <Position>
              <LatitudeDegrees>43.36342410184443</LatitudeDegrees>
              <LongitudeDegrees>-2.5029749237000942</LongitudeDegrees>
            </Position>
            <AltitudeMeters>13.399999618530273</AltitudeMeters>
            <DistanceMeters>1081.949951171875</DistanceMeters>
            <HeartRateBpm>
              <Value>101</Value>
            </HeartRateBpm>
            <Extensions>
              <ns3:TPX>
                <ns3:Speed>1.2039999961853027</ns3:Speed>
              </ns3:TPX>
            </Extensions>
          </Trackpoint>
          <Trackpoint>
            <Time>2025-08-14T18:03:18.000Z</Time>
            <Position>
              <LatitudeDegrees>43.36341287009418</LatitudeDegrees>
              <LongitudeDegrees>-2.50301331281662</LongitudeDegrees>
            </Position>
            <AltitudeMeters>13.399999618530273</AltitudeMeters>
            <DistanceMeters>1085.8199462890625</DistanceMeters>
            <HeartRateBpm>
              <Value>101</Value>
            </HeartRateBpm>
            <Extensions>
              <ns3:TPX>
                <ns3:Speed>1.2130000591278076</ns3:Speed>
              </ns3:TPX>
            </Extensions>
          </Trackpoint>
          <Trackpoint>
            <Time>2025-08-14T18:03:22.000Z</Time>
            <Position>
              <LatitudeDegrees>43.363420329988</LatitudeDegrees>
              <LongitudeDegrees>-2.5030505284667015</LongitudeDegrees>
            </Position>
            <AltitudeMeters>13.600000381469727</AltitudeMeters>
            <DistanceMeters>1088.8399658203125</DistanceMeters>
            <HeartRateBpm>
              <Value>102</Value>
            </HeartRateBpm>
            <Extensions>
              <ns3:TPX>
                <ns3:Speed>1.1009999513626099</ns3:Speed>
              </ns3:TPX>
            </Extensions>
          </Trackpoint>
          <Trackpoint>
            <Time>2025-08-14T18:03:23.000Z</Time>
            <Position>
              <LatitudeDegrees>43.3634274546057</LatitudeDegrees>
              <LongitudeDegrees>-2.503055389970541</LongitudeDegrees>
            </Position>
            <AltitudeMeters>13.600000381469727</AltitudeMeters>
            <DistanceMeters>1089.510009765625</DistanceMeters>
            <HeartRateBpm>
              <Value>102</Value>
            </HeartRateBpm>
            <Extensions>
              <ns3:TPX>
                <ns3:Speed>1.0920000076293945</ns3:Speed>
              </ns3:TPX>
            </Extensions>
          </Trackpoint>
          <Trackpoint>
            <Time>2025-08-14T18:03:25.000Z</Time>
            <Position>
              <LatitudeDegrees>43.36343642324209</LatitudeDegrees>
              <LongitudeDegrees>-2.5030634365975857</LongitudeDegrees>
            </Position>
            <AltitudeMeters>13.600000381469727</AltitudeMeters>
            <DistanceMeters>1091.18994140625</DistanceMeters>
            <HeartRateBpm>
              <Value>101</Value>
            </HeartRateBpm>
            <Extensions>
              <ns3:TPX>
                <ns3:Speed>1.0360000133514404</ns3:Speed>
              </ns3:TPX>
            </Extensions>
          </Trackpoint>
          <Trackpoint>
            <Time>2025-08-14T18:03:26.000Z</Time>
            <Position>
              <LatitudeDegrees>43.363438937813044</LatitudeDegrees>
              <LongitudeDegrees>-2.5030640233308077</LongitudeDegrees>
            </Position>
            <AltitudeMeters>13.600000381469727</AltitudeMeters>
            <DistanceMeters>1092.0799560546875</DistanceMeters>
            <HeartRateBpm>
              <Value>101</Value>
            </HeartRateBpm>
            <Extensions>
              <ns3:TPX>
                <ns3:Speed>1.0260000228881836</ns3:Speed>
              </ns3:TPX>
            </Extensions>
          </Trackpoint>
          <Trackpoint>
            <Time>2025-08-14T18:03:27.000Z</Time>
            <Position>
              <LatitudeDegrees>43.36344178766012</LatitudeDegrees>
              <LongitudeDegrees>-2.503066286444664</LongitudeDegrees>
            </Position>
            <AltitudeMeters>13.600000381469727</AltitudeMeters>
            <DistanceMeters>1093.8399658203125</DistanceMeters>
            <HeartRateBpm>
              <Value>102</Value>
            </HeartRateBpm>
            <Extensions>
              <ns3:TPX>
                <ns3:Speed>1.0169999599456787</ns3:Speed>
              </ns3:TPX>
            </Extensions>
          </Trackpoint>
          <Trackpoint>
            <Time>2025-08-14T18:03:28.000Z</Time>
            <Position>
              <LatitudeDegrees>43.36344371549785</LatitudeDegrees>
              <LongitudeDegrees>-2.503064274787903</LongitudeDegrees>
            </Position>
            <AltitudeMeters>13.800000190734863</AltitudeMeters>
            <DistanceMeters>1094.8399658203125</DistanceMeters>
            <HeartRateBpm>
              <Value>100</Value>
            </HeartRateBpm>
            <Extensions>
              <ns3:TPX>
                <ns3:Speed>1.0080000162124634</ns3:Speed>
              </ns3:TPX>
            </Extensions>
          </Trackpoint>
          <Trackpoint>
            <Time>2025-08-14T18:03:29.000Z</Time>
            <Position>
              <LatitudeDegrees>43.3634427934885</LatitudeDegrees>
              <LongitudeDegrees>-2.5030655320733786</LongitudeDegrees>
            </Position>
            <AltitudeMeters>13.800000190734863</AltitudeMeters>
            <DistanceMeters>1095.6300048828125</DistanceMeters>
            <HeartRateBpm>
              <Value>100</Value>
            </HeartRateBpm>
            <Extensions>
              <ns3:TPX>
                <ns3:Speed>0.9980000257492065</ns3:Speed>
              </ns3:TPX>
            </Extensions>
          </Trackpoint>
          <Trackpoint>
            <Time>2025-08-14T18:03:31.000Z</Time>
            <AltitudeMeters>13.800000190734863</AltitudeMeters>
            <DistanceMeters>1096.9100341796875</DistanceMeters>
            <HeartRateBpm>
              <Value>99</Value>
            </HeartRateBpm>
            <Extensions>
              <ns3:TPX>
                <ns3:Speed>0.9610000252723694</ns3:Speed>
              </ns3:TPX>
            </Extensions>
          </Trackpoint>
          <Trackpoint>
            <Time>2025-08-14T18:04:03.000Z</Time>
            <Position>
              <LatitudeDegrees>43.36352124810219</LatitudeDegrees>
              <LongitudeDegrees>-2.5031315814703703</LongitudeDegrees>
            </Position>
            <AltitudeMeters>13.399999618530273</AltitudeMeters>
            <DistanceMeters>1097.6700439453125</DistanceMeters>
            <HeartRateBpm>
              <Value>80</Value>
            </HeartRateBpm>
            <Extensions>
              <ns3:TPX>
                <ns3:Speed>0.0</ns3:Speed>
              </ns3:TPX>
            </Extensions>
          </Trackpoint>
          <Trackpoint>
            <Time>2025-08-14T18:04:04.000Z</Time>
            <Position>
              <LatitudeDegrees>43.36353021673858</LatitudeDegrees>
              <LongitudeDegrees>-2.503141723573208</LongitudeDegrees>
            </Position>
            <AltitudeMeters>13.399999618530273</AltitudeMeters>
            <DistanceMeters>1097.9100341796875</DistanceMeters>
            <HeartRateBpm>
              <Value>82</Value>
            </HeartRateBpm>
            <Extensions>
              <ns3:TPX>
                <ns3:Speed>0.0</ns3:Speed>
              </ns3:TPX>
            </Extensions>
          </Trackpoint>
          <Trackpoint>
            <Time>2025-08-14T18:04:05.000Z</Time>
            <Position>
              <LatitudeDegrees>43.36353750899434</LatitudeDegrees>
              <LongitudeDegrees>-2.503150776028633</LongitudeDegrees>
            </Position>
            <AltitudeMeters>13.600000381469727</AltitudeMeters>
            <DistanceMeters>1097.969970703125</DistanceMeters>
            <HeartRateBpm>
              <Value>85</Value>
            </HeartRateBpm>
            <Extensions>
              <ns3:TPX>
                <ns3:Speed>0.0</ns3:Speed>
              </ns3:TPX>
            </Extensions>
          </Trackpoint>
          <Trackpoint>
            <Time>2025-08-14T18:04:09.000Z</Time>
            <Position>
              <LatitudeDegrees>43.3635707013309</LatitudeDegrees>
              <LongitudeDegrees>-2.5031969603151083</LongitudeDegrees>
            </Position>
            <AltitudeMeters>13.600000381469727</AltitudeMeters>
            <DistanceMeters>1101.199951171875</DistanceMeters>
            <HeartRateBpm>
              <Value>88</Value>
            </HeartRateBpm>
            <Extensions>
              <ns3:TPX>
                <ns3:Speed>0.0</ns3:Speed>
              </ns3:TPX>
            </Extensions>
          </Trackpoint>
          <Trackpoint>
            <Time>2025-08-14T18:04:12.000Z</Time>
            <Position>
              <LatitudeDegrees>43.36358687840402</LatitudeDegrees>
              <LongitudeDegrees>-2.5032181665301323</LongitudeDegrees>
            </Position>
            <AltitudeMeters>14.0</AltitudeMeters>
            <DistanceMeters>1102.3599853515625</DistanceMeters>
            <HeartRateBpm>
              <Value>89</Value>
            </HeartRateBpm>
            <Extensions>
              <ns3:TPX>
                <ns3:Speed>0.7369999885559082</ns3:Speed>
              </ns3:TPX>
            </Extensions>
          </Trackpoint>
          <Trackpoint>
            <Time>2025-08-14T18:04:18.000Z</Time>
            <Position>
              <LatitudeDegrees>43.363522589206696</LatitudeDegrees>
              <LongitudeDegrees>-2.5032249558717012</LongitudeDegrees>
            </Position>
            <AltitudeMeters>14.399999618530273</AltitudeMeters>
            <DistanceMeters>1107.4200439453125</DistanceMeters>
            <HeartRateBpm>
              <Value>89</Value>
            </HeartRateBpm>
            <Extensions>
              <ns3:TPX>
                <ns3:Speed>0.0</ns3:Speed>
              </ns3:TPX>
            </Extensions>
          </Trackpoint>
          <Trackpoint>
            <Time>2025-08-14T18:06:10.000Z</Time>
            <AltitudeMeters>14.399999618530273</AltitudeMeters>
            <DistanceMeters>1108.6400146484375</DistanceMeters>
            <HeartRateBpm>
              <Value>89</Value>
            </HeartRateBpm>
            <Extensions>
              <ns3:TPX>
                <ns3:Speed>1.2130000591278076</ns3:Speed>
              </ns3:TPX>
            </Extensions>
          </Trackpoint>
          <Trackpoint>
            <Time>2025-08-14T18:06:14.000Z</Time>
            <Position>
              <LatitudeDegrees>43.36375795304775</LatitudeDegrees>
              <LongitudeDegrees>-2.5032616686075926</LongitudeDegrees>
            </Position>
            <AltitudeMeters>14.399999618530273</AltitudeMeters>
            <DistanceMeters>1108.6400146484375</DistanceMeters>
            <HeartRateBpm>
              <Value>91</Value>
            </HeartRateBpm>
            <Extensions>
              <ns3:TPX>
                <ns3:Speed>0.0</ns3:Speed>
              </ns3:TPX>
            </Extensions>
          </Trackpoint>
          <Trackpoint>
            <Time>2025-08-14T18:06:16.000Z</Time>
            <Position>
              <LatitudeDegrees>43.363809417933226</LatitudeDegrees>
              <LongitudeDegrees>-2.5032622553408146</LongitudeDegrees>
            </Position>
            <AltitudeMeters>14.800000190734863</AltitudeMeters>
            <DistanceMeters>1108.6400146484375</DistanceMeters>
            <HeartRateBpm>
              <Value>94</Value>
            </HeartRateBpm>
            <Extensions>
              <ns3:TPX>
                <ns3:Speed>0.0</ns3:Speed>
              </ns3:TPX>
            </Extensions>
          </Trackpoint>
          <Trackpoint>
            <Time>2025-08-14T18:06:17.000Z</Time>
            <Position>
              <LatitudeDegrees>43.36380782537162</LatitudeDegrees>
              <LongitudeDegrees>-2.5032657757401466</LongitudeDegrees>
            </Position>
            <AltitudeMeters>14.800000190734863</AltitudeMeters>
            <DistanceMeters>1108.6400146484375</DistanceMeters>
            <HeartRateBpm>
              <Value>93</Value>
            </HeartRateBpm>
            <Extensions>
              <ns3:TPX>
                <ns3:Speed>0.8209999799728394</ns3:Speed>
              </ns3:TPX>
            </Extensions>
          </Trackpoint>
          <Trackpoint>
            <Time>2025-08-14T18:06:18.000Z</Time>
            <Position>
              <LatitudeDegrees>43.36380514316261</LatitudeDegrees>
              <LongitudeDegrees>-2.503281533718109</LongitudeDegrees>
            </Position>
            <AltitudeMeters>15.0</AltitudeMeters>
            <DistanceMeters>1110.3299560546875</DistanceMeters>
            <HeartRateBpm>
              <Value>90</Value>
            </HeartRateBpm>
            <Extensions>
              <ns3:TPX>
                <ns3:Speed>1.305999994277954</ns3:Speed>
              </ns3:TPX>
            </Extensions>
          </Trackpoint>
          <Trackpoint>
            <Time>2025-08-14T18:06:21.000Z</Time>
            <Position>
              <LatitudeDegrees>43.36379215121269</LatitudeDegrees>
              <LongitudeDegrees>-2.503309864550829</LongitudeDegrees>
            </Position>
            <AltitudeMeters>15.399999618530273</AltitudeMeters>
            <DistanceMeters>1111.300048828125</DistanceMeters>
            <HeartRateBpm>
              <Value>87</Value>
            </HeartRateBpm>
            <Extensions>
              <ns3:TPX>
                <ns3:Speed>0.0</ns3:Speed>
              </ns3:TPX>
            </Extensions>
          </Trackpoint>
          <Trackpoint>
            <Time>2025-08-14T18:06:23.000Z</Time>
            <Position>
              <LatitudeDegrees>43.363784523680806</LatitudeDegrees>
              <LongitudeDegrees>-2.503331573680043</LongitudeDegrees>
            </Position>
            <AltitudeMeters>15.600000381469727</AltitudeMeters>
            <DistanceMeters>1113.780029296875</DistanceMeters>
            <HeartRateBpm>
              <Value>89</Value>
            </HeartRateBpm>
            <Extensions>
              <ns3:TPX>
                <ns3:Speed>0.0</ns3:Speed>
              </ns3:TPX>
            </Extensions>
          </Trackpoint>
          <Trackpoint>
            <Time>2025-08-14T18:06:29.000Z</Time>
            <Position>
              <LatitudeDegrees>43.363746805116534</LatitudeDegrees>
              <LongitudeDegrees>-2.503389911726117</LongitudeDegrees>
            </Position>
            <AltitudeMeters>15.800000190734863</AltitudeMeters>
            <DistanceMeters>1116.510009765625</DistanceMeters>
            <HeartRateBpm>
              <Value>90</Value>
            </HeartRateBpm>
            <Extensions>
              <ns3:TPX>
                <ns3:Speed>0.7369999885559082</ns3:Speed>
              </ns3:TPX>
            </Extensions>
          </Trackpoint>
          <Trackpoint>
            <Time>2025-08-14T18:06:30.000Z</Time>
            <Position>
              <LatitudeDegrees>43.36374135687947</LatitudeDegrees>
              <LongitudeDegrees>-2.5033942703157663</LongitudeDegrees>
            </Position>
            <AltitudeMeters>15.800000190734863</AltitudeMeters>
            <DistanceMeters>1117.81005859375</DistanceMeters>
            <HeartRateBpm>
              <Value>90</Value>
            </HeartRateBpm>
            <Extensions>
              <ns3:TPX>
                <ns3:Speed>0.7279999852180481</ns3:Speed>
              </ns3:TPX>
            </Extensions>
          </Trackpoint>
          <Trackpoint>
            <Time>2025-08-14T18:06:32.000Z</Time>
            <Position>
              <LatitudeDegrees>43.363729203119874</LatitudeDegrees>
              <LongitudeDegrees>-2.5033969525247812</LongitudeDegrees>
            </Position>
            <AltitudeMeters>16.0</AltitudeMeters>
            <DistanceMeters>1118.7099609375</DistanceMeters>
            <HeartRateBpm>
              <Value>90</Value>
            </HeartRateBpm>
            <Extensions>
              <ns3:TPX>
                <ns3:Speed>1.0080000162124634</ns3:Speed>
              </ns3:TPX>
            </Extensions>
          </Trackpoint>
          <Trackpoint>
            <Time>2025-08-14T18:06:34.000Z</Time>
            <Position>
              <LatitudeDegrees>43.36373079568148</LatitudeDegrees>
              <LongitudeDegrees>-2.503395192325115</LongitudeDegrees>
            </Position>
            <AltitudeMeters>16.200000762939453</AltitudeMeters>
            <DistanceMeters>1119.0899658203125</DistanceMeters>
            <HeartRateBpm>
              <Value>94</Value>
            </HeartRateBpm>
            <Extensions>
              <ns3:TPX>
                <ns3:Speed>0.8960000276565552</ns3:Speed>
              </ns3:TPX>
            </Extensions>
          </Trackpoint>
          <Trackpoint>
            <Time>2025-08-14T18:06:35.000Z</Time>
            <Position>
              <LatitudeDegrees>43.3637311309576</LatitudeDegrees>
              <LongitudeDegrees>-2.503389995545149</LongitudeDegrees>
            </Position>
            <AltitudeMeters>16.200000762939453</AltitudeMeters>
            <DistanceMeters>1119.1300048828125</DistanceMeters>
            <HeartRateBpm>
              <Value>94</Value>
            </HeartRateBpm>
            <Extensions>
              <ns3:TPX>
                <ns3:Speed>0.8399999737739563</ns3:Speed>
              </ns3:TPX>
            </Extensions>
          </Trackpoint>
          <Trackpoint>
            <Time>2025-08-14T18:06:44.000Z</Time>
            <Position>
              <LatitudeDegrees>43.36373079568148</LatitudeDegrees>
              <LongitudeDegrees>-2.5033113732934</LongitudeDegrees>
            </Position>
            <AltitudeMeters>16.200000762939453</AltitudeMeters>
            <DistanceMeters>1121.0</DistanceMeters>
            <HeartRateBpm>
              <Value>95</Value>
            </HeartRateBpm>
            <Extensions>
              <ns3:TPX>
                <ns3:Speed>0.7089999914169312</ns3:Speed>
              </ns3:TPX>
            </Extensions>
          </Trackpoint>
          <Trackpoint>
            <Time>2025-08-14T18:06:51.000Z</Time>
            <Position>
              <LatitudeDegrees>43.36374454200268</LatitudeDegrees>
              <LongitudeDegrees>-2.503320509567857</LongitudeDegrees>
            </Position>
            <AltitudeMeters>16.399999618530273</AltitudeMeters>
            <DistanceMeters>1123.18994140625</DistanceMeters>
            <HeartRateBpm>
              <Value>98</Value>
            </HeartRateBpm>
            <Extensions>
              <ns3:TPX>
                <ns3:Speed>0.0</ns3:Speed>
              </ns3:TPX>
            </Extensions>
          </Trackpoint>
          <Trackpoint>
            <Time>2025-08-14T18:06:52.000Z</Time>
            <Position>
              <LatitudeDegrees>43.363743955269456</LatitudeDegrees>
              <LongitudeDegrees>-2.5033244490623474</LongitudeDegrees>
            </Position>
            <AltitudeMeters>16.399999618530273</AltitudeMeters>
            <DistanceMeters>1123.8800048828125</DistanceMeters>
            <HeartRateBpm>
              <Value>95</Value>
            </HeartRateBpm>
            <Extensions>
              <ns3:TPX>
                <ns3:Speed>0.0</ns3:Speed>
              </ns3:TPX>
            </Extensions>
          </Trackpoint>
          <Trackpoint>
            <Time>2025-08-14T18:06:53.000Z</Time>
            <Position>
              <LatitudeDegrees>43.36374303326011</LatitudeDegrees>
              <LongitudeDegrees>-2.503330400213599</LongitudeDegrees>
            </Position>
            <AltitudeMeters>16.399999618530273</AltitudeMeters>
            <DistanceMeters>1124.0799560546875</DistanceMeters>
            <HeartRateBpm>
              <Value>95</Value>
            </HeartRateBpm>
            <Extensions>
              <ns3:TPX>
                <ns3:Speed>0.0</ns3:Speed>
              </ns3:TPX>
            </Extensions>
          </Trackpoint>
          <Trackpoint>
            <Time>2025-08-14T18:07:01.000Z</Time>
            <Position>
              <LatitudeDegrees>43.36374236270785</LatitudeDegrees>
              <LongitudeDegrees>-2.5033624190837145</LongitudeDegrees>
            </Position>
            <AltitudeMeters>16.399999618530273</AltitudeMeters>
            <DistanceMeters>1126.3699951171875</DistanceMeters>
            <HeartRateBpm>
              <Value>93</Value>
            </HeartRateBpm>
            <Extensions>
              <ns3:TPX>
                <ns3:Speed>0.0</ns3:Speed>
              </ns3:TPX>
            </Extensions>
          </Trackpoint>
          <Trackpoint>
            <Time>2025-08-14T18:07:09.000Z</Time>
            <Position>
              <LatitudeDegrees>43.363750325515866</LatitudeDegrees>
              <LongitudeDegrees>-2.5033897440880537</LongitudeDegrees>
            </Position>
            <AltitudeMeters>16.399999618530273</AltitudeMeters>
            <DistanceMeters>1129.469970703125</DistanceMeters>
            <HeartRateBpm>
              <Value>96</Value>
            </HeartRateBpm>
            <Extensions>
              <ns3:TPX>
                <ns3:Speed>0.0</ns3:Speed>
              </ns3:TPX>
            </Extensions>
          </Trackpoint>
          <Trackpoint>
            <Time>2025-08-14T18:07:19.000Z</Time>
            <Position>
              <LatitudeDegrees>43.36377044208348</LatitudeDegrees>
              <LongitudeDegrees>-2.5033576413989067</LongitudeDegrees>
            </Position>
            <AltitudeMeters>16.200000762939453</AltitudeMeters>
            <DistanceMeters>1134.6199951171875</DistanceMeters>
            <HeartRateBpm>
              <Value>97</Value>
            </HeartRateBpm>
            <Extensions>
              <ns3:TPX>
                <ns3:Speed>0.0</ns3:Speed>
              </ns3:TPX>
            </Extensions>
          </Trackpoint>
          <Trackpoint>
            <Time>2025-08-14T18:07:23.000Z</Time>
            <Position>
              <LatitudeDegrees>43.36377153173089</LatitudeDegrees>
              <LongitudeDegrees>-2.5033517740666866</LongitudeDegrees>
            </Position>
            <AltitudeMeters>16.399999618530273</AltitudeMeters>
            <DistanceMeters>1138.25</DistanceMeters>
            <HeartRateBpm>
              <Value>100</Value>
            </HeartRateBpm>
            <Extensions>
              <ns3:TPX>
                <ns3:Speed>0.0</ns3:Speed>
              </ns3:TPX>
            </Extensions>
          </Trackpoint>
          <Trackpoint>
            <Time>2025-08-14T18:07:29.000Z</Time>
            <Position>
              <LatitudeDegrees>43.363785445690155</LatitudeDegrees>
              <LongitudeDegrees>-2.50336023978889</LongitudeDegrees>
            </Position>
            <AltitudeMeters>16.399999618530273</AltitudeMeters>
            <DistanceMeters>1142.18994140625</DistanceMeters>
            <HeartRateBpm>
              <Value>97</Value>
            </HeartRateBpm>
            <Extensions>
              <ns3:TPX>
                <ns3:Speed>0.0</ns3:Speed>
              </ns3:TPX>
            </Extensions>
          </Trackpoint>
          <Trackpoint>
            <Time>2025-08-14T18:07:30.000Z</Time>
            <Position>
              <LatitudeDegrees>43.36378720588982</LatitudeDegrees>
              <LongitudeDegrees>-2.5033609103411436</LongitudeDegrees>
            </Position>
            <AltitudeMeters>16.399999618530273</AltitudeMeters>
            <DistanceMeters>1142.18994140625</DistanceMeters>
            <HeartRateBpm>
              <Value>96</Value>
            </HeartRateBpm>
            <Extensions>
              <ns3:TPX>
                <ns3:Speed>0.0</ns3:Speed>
              </ns3:TPX>
            </Extensions>
          </Trackpoint>
          <Trackpoint>
            <Time>2025-08-14T18:07:38.000Z</Time>
            <Position>
              <LatitudeDegrees>43.36377890780568</LatitudeDegrees>
              <LongitudeDegrees>-2.503349343314767</LongitudeDegrees>
            </Position>
            <AltitudeMeters>16.399999618530273</AltitudeMeters>
            <DistanceMeters>1142.18994140625</DistanceMeters>
            <HeartRateBpm>
              <Value>93</Value>
            </HeartRateBpm>
            <Extensions>
              <ns3:TPX>
                <ns3:Speed>0.0</ns3:Speed>
              </ns3:TPX>
            </Extensions>
          </Trackpoint>
          <Trackpoint>
            <Time>2025-08-14T18:07:40.000Z</Time>
            <Position>
              <LatitudeDegrees>43.363781003281474</LatitudeDegrees>
              <LongitudeDegrees>-2.503348169848323</LongitudeDegrees>
            </Position>
            <AltitudeMeters>16.399999618530273</AltitudeMeters>
            <DistanceMeters>1142.18994140625</DistanceMeters>
            <HeartRateBpm>
              <Value>87</Value>
            </HeartRateBpm>
            <Extensions>
              <ns3:TPX>
                <ns3:Speed>0.0</ns3:Speed>
              </ns3:TPX>
            </Extensions>
          </Trackpoint>
          <Trackpoint>
            <Time>2025-08-14T18:07:41.000Z</Time>
            <Position>
              <LatitudeDegrees>43.36378192529082</LatitudeDegrees>
              <LongitudeDegrees>-2.503348086029291</LongitudeDegrees>
            </Position>
            <AltitudeMeters>16.399999618530273</AltitudeMeters>
            <DistanceMeters>1142.18994140625</DistanceMeters>
            <HeartRateBpm>
              <Value>87</Value>
            </HeartRateBpm>
            <Extensions>
              <ns3:TPX>
                <ns3:Speed>0.0</ns3:Speed>
              </ns3:TPX>
            </Extensions>
          </Trackpoint>
          <Trackpoint>
            <Time>2025-08-14T18:07:42.000Z</Time>
            <Position>
              <LatitudeDegrees>43.363783434033394</LatitudeDegrees>
              <LongitudeDegrees>-2.503347834572196</LongitudeDegrees>
            </Position>
            <AltitudeMeters>16.399999618530273</AltitudeMeters>
            <DistanceMeters>1142.18994140625</DistanceMeters>
            <HeartRateBpm>
              <Value>83</Value>
            </HeartRateBpm>
            <Extensions>
              <ns3:TPX>
                <ns3:Speed>0.0</ns3:Speed>
              </ns3:TPX>
            </Extensions>
          </Trackpoint>
          <Trackpoint>
            <Time>2025-08-14T18:07:43.000Z</Time>
            <Position>
              <LatitudeDegrees>43.36378460749984</LatitudeDegrees>
              <LongitudeDegrees>-2.5033491756767035</LongitudeDegrees>
            </Position>
            <AltitudeMeters>16.399999618530273</AltitudeMeters>
            <DistanceMeters>1142.18994140625</DistanceMeters>
            <HeartRateBpm>
              <Value>78</Value>
            </HeartRateBpm>
            <Extensions>
              <ns3:TPX>
                <ns3:Speed>0.0</ns3:Speed>
              </ns3:TPX>
            </Extensions>
          </Trackpoint>
          <Trackpoint>
            <Time>2025-08-14T18:07:44.000Z</Time>
            <Position>
              <LatitudeDegrees>43.36378469131887</LatitudeDegrees>
              <LongitudeDegrees>-2.503352863714099</LongitudeDegrees>
            </Position>
            <AltitudeMeters>16.399999618530273</AltitudeMeters>
            <DistanceMeters>1142.18994140625</DistanceMeters>
            <HeartRateBpm>
              <Value>78</Value>
            </HeartRateBpm>
            <Extensions>
              <ns3:TPX>
                <ns3:Speed>0.0</ns3:Speed>
              </ns3:TPX>
            </Extensions>
          </Trackpoint>
          <Trackpoint>
            <Time>2025-08-14T18:07:45.000Z</Time>
            <Position>
              <LatitudeDegrees>43.363786451518536</LatitudeDegrees>
              <LongitudeDegrees>-2.5033550430089235</LongitudeDegrees>
            </Position>
            <AltitudeMeters>16.399999618530273</AltitudeMeters>
            <DistanceMeters>1142.18994140625</DistanceMeters>
            <HeartRateBpm>
              <Value>73</Value>
            </HeartRateBpm>
            <Extensions>
              <ns3:TPX>
                <ns3:Speed>0.0</ns3:Speed>
              </ns3:TPX>
            </Extensions>
          </Trackpoint>
          <Trackpoint>
            <Time>2025-08-14T18:07:46.000Z</Time>
            <Position>
              <LatitudeDegrees>43.36378863081336</LatitudeDegrees>
              <LongitudeDegrees>-2.5033579766750336</LongitudeDegrees>
            </Position>
            <AltitudeMeters>16.399999618530273</AltitudeMeters>
            <DistanceMeters>1142.18994140625</DistanceMeters>
            <HeartRateBpm>
              <Value>69</Value>
            </HeartRateBpm>
            <Extensions>
              <ns3:TPX>
                <ns3:Speed>0.0</ns3:Speed>
              </ns3:TPX>
            </Extensions>
          </Trackpoint>
          <Trackpoint>
            <Time>2025-08-14T18:07:47.000Z</Time>
            <Position>
              <LatitudeDegrees>43.36379047483206</LatitudeDegrees>
              <LongitudeDegrees>-2.5033586472272873</LongitudeDegrees>
            </Position>
            <AltitudeMeters>16.399999618530273</AltitudeMeters>
            <DistanceMeters>1142.18994140625</DistanceMeters>
            <HeartRateBpm>
              <Value>69</Value>
            </HeartRateBpm>
            <Extensions>
              <ns3:TPX>
                <ns3:Speed>0.0</ns3:Speed>
              </ns3:TPX>
            </Extensions>
          </Trackpoint>
          <Trackpoint>
            <Time>2025-08-14T18:07:55.000Z</Time>
            <Position>
              <LatitudeDegrees>43.3637985214591</LatitudeDegrees>
              <LongitudeDegrees>-2.5033718906342983</LongitudeDegrees>
            </Position>
            <AltitudeMeters>16.600000381469727</AltitudeMeters>
            <DistanceMeters>1142.18994140625</DistanceMeters>
            <HeartRateBpm>
              <Value>69</Value>
            </HeartRateBpm>
            <Extensions>
              <ns3:TPX>
                <ns3:Speed>0.0</ns3:Speed>
              </ns3:TPX>
            </Extensions>
          </Trackpoint>
          <Trackpoint>
            <Time>2025-08-14T18:08:04.000Z</Time>
            <Position>
              <LatitudeDegrees>43.36382383480668</LatitudeDegrees>
              <LongitudeDegrees>-2.5034044962376356</LongitudeDegrees>
            </Position>
            <AltitudeMeters>16.399999618530273</AltitudeMeters>
            <DistanceMeters>1144.8499755859375</DistanceMeters>
            <HeartRateBpm>
              <Value>69</Value>
            </HeartRateBpm>
            <Extensions>
              <ns3:TPX>
                <ns3:Speed>0.0</ns3:Speed>
              </ns3:TPX>
            </Extensions>
          </Trackpoint>
          <Trackpoint>
            <Time>2025-08-14T18:08:12.000Z</Time>
            <Position>
              <LatitudeDegrees>43.36386582814157</LatitudeDegrees>
              <LongitudeDegrees>-2.503424696624279</LongitudeDegrees>
            </Position>
            <AltitudeMeters>16.600000381469727</AltitudeMeters>
            <DistanceMeters>1144.8499755859375</DistanceMeters>
            <HeartRateBpm>
              <Value>65</Value>
            </HeartRateBpm>
            <Extensions>
              <ns3:TPX>
                <ns3:Speed>0.0</ns3:Speed>
              </ns3:TPX>
            </Extensions>
          </Trackpoint>
          <Trackpoint>
            <Time>2025-08-14T18:08:13.000Z</Time>
            <Position>
              <LatitudeDegrees>43.36386976763606</LatitudeDegrees>
              <LongitudeDegrees>-2.5034269597381353</LongitudeDegrees>
            </Position>
            <AltitudeMeters>16.600000381469727</AltitudeMeters>
            <DistanceMeters>1144.8499755859375</DistanceMeters>
            <HeartRateBpm>
              <Value>68</Value>
            </HeartRateBpm>
            <Extensions>
              <ns3:TPX>
                <ns3:Speed>0.0</ns3:Speed>
              </ns3:TPX>
            </Extensions>
          </Trackpoint>
          <Trackpoint>
            <Time>2025-08-14T18:08:20.000Z</Time>
            <Position>
              <LatitudeDegrees>43.36388158611953</LatitudeDegrees>
              <LongitudeDegrees>-2.5034286361187696</LongitudeDegrees>
            </Position>
            <AltitudeMeters>16.600000381469727</AltitudeMeters>
            <DistanceMeters>1144.8499755859375</DistanceMeters>
            <HeartRateBpm>
              <Value>69</Value>
            </HeartRateBpm>
            <Extensions>
              <ns3:TPX>
                <ns3:Speed>0.0</ns3:Speed>
              </ns3:TPX>
            </Extensions>
          </Trackpoint>
          <Trackpoint>
            <Time>2025-08-14T18:08:28.000Z</Time>
            <Position>
              <LatitudeDegrees>43.36387907154858</LatitudeDegrees>
              <LongitudeDegrees>-2.5034207571297884</LongitudeDegrees>
            </Position>
            <AltitudeMeters>16.799999237060547</AltitudeMeters>
            <DistanceMeters>1146.5799560546875</DistanceMeters>
            <HeartRateBpm>
              <Value>67</Value>
            </HeartRateBpm>
            <Extensions>
              <ns3:TPX>
                <ns3:Speed>0.0</ns3:Speed>
              </ns3:TPX>
            </Extensions>
          </Trackpoint>
          <Trackpoint>
            <Time>2025-08-14T18:08:31.000Z</Time>
            <Position>
              <LatitudeDegrees>43.36386834271252</LatitudeDegrees>
              <LongitudeDegrees>-2.503412878140807</LongitudeDegrees>
            </Position>
            <AltitudeMeters>16.799999237060547</AltitudeMeters>
            <DistanceMeters>1146.5799560546875</DistanceMeters>
            <HeartRateBpm>
              <Value>70</Value>
            </HeartRateBpm>
            <Extensions>
              <ns3:TPX>
                <ns3:Speed>0.0</ns3:Speed>
              </ns3:TPX>
            </Extensions>
          </Trackpoint>
          <Trackpoint>
            <Time>2025-08-14T18:08:33.000Z</Time>
            <Position>
              <LatitudeDegrees>43.36386138573289</LatitudeDegrees>
              <LongitudeDegrees>-2.503406088799238</LongitudeDegrees>
            </Position>
            <AltitudeMeters>17.0</AltitudeMeters>
            <DistanceMeters>1146.699951171875</DistanceMeters>
            <HeartRateBpm>
              <Value>71</Value>
            </HeartRateBpm>
            <Extensions>
              <ns3:TPX>
                <ns3:Speed>0.0</ns3:Speed>
              </ns3:TPX>
            </Extensions>
          </Trackpoint>
          <Trackpoint>
            <Time>2025-08-14T18:08:37.000Z</Time>
            <Position>
              <LatitudeDegrees>43.363853422924876</LatitudeDegrees>
              <LongitudeDegrees>-2.503396784886718</LongitudeDegrees>
            </Position>
            <AltitudeMeters>17.0</AltitudeMeters>
            <DistanceMeters>1148.489990234375</DistanceMeters>
            <HeartRateBpm>
              <Value>71</Value>
            </HeartRateBpm>
            <Extensions>
              <ns3:TPX>
                <ns3:Speed>0.0</ns3:Speed>
              </ns3:TPX>
            </Extensions>
          </Trackpoint>
          <Trackpoint>
            <Time>2025-08-14T18:08:46.000Z</Time>
            <Position>
              <LatitudeDegrees>43.36385157890618</LatitudeDegrees>
              <LongitudeDegrees>-2.503382032737136</LongitudeDegrees>
            </Position>
            <AltitudeMeters>17.0</AltitudeMeters>
            <DistanceMeters>1150.6800537109375</DistanceMeters>
            <HeartRateBpm>
              <Value>73</Value>
            </HeartRateBpm>
            <Extensions>
              <ns3:TPX>
                <ns3:Speed>0.0</ns3:Speed>
              </ns3:TPX>
            </Extensions>
          </Trackpoint>
          <Trackpoint>
            <Time>2025-08-14T18:08:57.000Z</Time>
            <Position>
              <LatitudeDegrees>43.36381838656962</LatitudeDegrees>
              <LongitudeDegrees>-2.503397036343813</LongitudeDegrees>
            </Position>
            <AltitudeMeters>16.799999237060547</AltitudeMeters>
            <DistanceMeters>1151.6700439453125</DistanceMeters>
            <HeartRateBpm>
              <Value>71</Value>
            </HeartRateBpm>
            <Extensions>
              <ns3:TPX>
                <ns3:Speed>0.0</ns3:Speed>
              </ns3:TPX>
            </Extensions>
          </Trackpoint>
          <Trackpoint>
            <Time>2025-08-14T18:09:07.000Z</Time>
            <Position>
              <LatitudeDegrees>43.363766418769956</LatitudeDegrees>
              <LongitudeDegrees>-2.503418158739805</LongitudeDegrees>
            </Position>
            <AltitudeMeters>17.200000762939453</AltitudeMeters>
            <DistanceMeters>1151.6700439453125</DistanceMeters>
            <HeartRateBpm>
              <Value>70</Value>
            </HeartRateBpm>
            <Extensions>
              <ns3:TPX>
                <ns3:Speed>0.0</ns3:Speed>
              </ns3:TPX>
            </Extensions>
          </Trackpoint>
          <Trackpoint>
            <Time>2025-08-14T18:09:12.000Z</Time>
            <Position>
              <LatitudeDegrees>43.36379835382104</LatitudeDegrees>
              <LongitudeDegrees>-2.5033956952393055</LongitudeDegrees>
            </Position>
            <AltitudeMeters>15.600000381469727</AltitudeMeters>
            <DistanceMeters>1153.010009765625</DistanceMeters>
            <HeartRateBpm>
              <Value>71</Value>
            </HeartRateBpm>
            <Extensions>
              <ns3:TPX>
                <ns3:Speed>0.0</ns3:Speed>
              </ns3:TPX>
            </Extensions>
          </Trackpoint>
          <Trackpoint>
            <Time>2025-08-14T18:09:17.000Z</Time>
            <Position>
              <LatitudeDegrees>43.363869432359934</LatitudeDegrees>
              <LongitudeDegrees>-2.5033485889434814</LongitudeDegrees>
            </Position>
            <AltitudeMeters>15.399999618530273</AltitudeMeters>
            <DistanceMeters>1159.1099853515625</DistanceMeters>
            <HeartRateBpm>
              <Value>72</Value>
            </HeartRateBpm>
            <Extensions>
              <ns3:TPX>
                <ns3:Speed>1.0360000133514404</ns3:Speed>
              </ns3:TPX>
            </Extensions>
          </Trackpoint>
          <Trackpoint>
            <Time>2025-08-14T18:09:19.000Z</Time>
            <Position>
              <LatitudeDegrees>43.36389952339232</LatitudeDegrees>
              <LongitudeDegrees>-2.5033380277454853</LongitudeDegrees>
            </Position>
            <AltitudeMeters>15.399999618530273</AltitudeMeters>
            <DistanceMeters>1171.47998046875</DistanceMeters>
            <HeartRateBpm>
              <Value>76</Value>
            </HeartRateBpm>
            <Extensions>
              <ns3:TPX>
                <ns3:Speed>1.0360000133514404</ns3:Speed>
              </ns3:TPX>
            </Extensions>
          </Trackpoint>
          <Trackpoint>
            <Time>2025-08-14T18:09:21.000Z</Time>
            <Position>
              <LatitudeDegrees>43.36392349563539</LatitudeDegrees>
              <LongitudeDegrees>-2.503330484032631</LongitudeDegrees>
            </Position>
            <AltitudeMeters>15.399999618530273</AltitudeMeters>
            <DistanceMeters>1174.5999755859375</DistanceMeters>
            <HeartRateBpm>
              <Value>76</Value>
            </HeartRateBpm>
            <Extensions>
              <ns3:TPX>
                <ns3:Speed>1.2319999933242798</ns3:Speed>
              </ns3:TPX>
            </Extensions>
          </Trackpoint>
          <Trackpoint>
            <Time>2025-08-14T18:09:22.000Z</Time>
            <Position>
              <LatitudeDegrees>43.36392651312053</LatitudeDegrees>
              <LongitudeDegrees>-2.503332244232297</LongitudeDegrees>
            </Position>
            <AltitudeMeters>15.399999618530273</AltitudeMeters>
            <DistanceMeters>1175.3900146484375</DistanceMeters>
            <HeartRateBpm>
              <Value>81</Value>
            </HeartRateBpm>
            <Extensions>
              <ns3:TPX>
                <ns3:Speed>1.2319999933242798</ns3:Speed>
              </ns3:TPX>
            </Extensions>
          </Trackpoint>
          <Trackpoint>
            <Time>2025-08-14T18:09:23.000Z</Time>
            <AltitudeMeters>15.600000381469727</AltitudeMeters>
            <DistanceMeters>1176.219970703125</DistanceMeters>
            <HeartRateBpm>
              <Value>82</Value>
            </HeartRateBpm>
            <Extensions>
              <ns3:TPX>
                <ns3:Speed>1.2039999961853027</ns3:Speed>
              </ns3:TPX>
            </Extensions>
          </Trackpoint>
          <Trackpoint>
            <Time>2025-08-14T18:09:28.000Z</Time>
            <Position>
              <LatitudeDegrees>43.36394143290818</LatitudeDegrees>
              <LongitudeDegrees>-2.5033630058169365</LongitudeDegrees>
            </Position>
            <AltitudeMeters>15.399999618530273</AltitudeMeters>
            <DistanceMeters>1176.9300537109375</DistanceMeters>
            <HeartRateBpm>
              <Value>86</Value>
            </HeartRateBpm>
            <Extensions>
              <ns3:TPX>
                <ns3:Speed>0.0</ns3:Speed>
              </ns3:TPX>
            </Extensions>
          </Trackpoint>
          <Trackpoint>
            <Time>2025-08-14T18:09:32.000Z</Time>
            <Position>
              <LatitudeDegrees>43.363971104845405</LatitudeDegrees>
              <LongitudeDegrees>-2.5034077651798725</LongitudeDegrees>
            </Position>
            <AltitudeMeters>15.399999618530273</AltitudeMeters>
            <DistanceMeters>1179.4000244140625</DistanceMeters>
            <HeartRateBpm>
              <Value>89</Value>
            </HeartRateBpm>
            <Extensions>
              <ns3:TPX>
                <ns3:Speed>0.0</ns3:Speed>
              </ns3:TPX>
            </Extensions>
          </Trackpoint>
          <Trackpoint>
            <Time>2025-08-14T18:09:37.000Z</Time>
            <Position>
              <LatitudeDegrees>43.364001950249076</LatitudeDegrees>
              <LongitudeDegrees>-2.503481777384877</LongitudeDegrees>
            </Position>
            <AltitudeMeters>16.200000762939453</AltitudeMeters>
            <DistanceMeters>1184.3499755859375</DistanceMeters>
            <HeartRateBpm>
              <Value>90</Value>
            </HeartRateBpm>
            <Extensions>
              <ns3:TPX>
                <ns3:Speed>0.0</ns3:Speed>
              </ns3:TPX>
            </Extensions>
          </Trackpoint>
          <Trackpoint>
            <Time>2025-08-14T18:09:41.000Z</Time>
            <Position>
              <LatitudeDegrees>43.36401175707579</LatitudeDegrees>
              <LongitudeDegrees>-2.503547575324774</LongitudeDegrees>
            </Position>
            <AltitudeMeters>17.0</AltitudeMeters>
            <DistanceMeters>1190.1400146484375</DistanceMeters>
            <HeartRateBpm>
              <Value>91</Value>
            </HeartRateBpm>
            <Extensions>
              <ns3:TPX>
                <ns3:Speed>0.0</ns3:Speed>
              </ns3:TPX>
            </Extensions>
          </Trackpoint>
          <Trackpoint>
            <Time>2025-08-14T18:09:44.000Z</Time>
            <Position>
              <LatitudeDegrees>43.3640350587666</LatitudeDegrees>
              <LongitudeDegrees>-2.5036153849214315</LongitudeDegrees>
            </Position>
            <AltitudeMeters>17.600000381469727</AltitudeMeters>
            <DistanceMeters>1192.7099609375</DistanceMeters>
            <HeartRateBpm>
              <Value>91</Value>
            </HeartRateBpm>
            <Extensions>
              <ns3:TPX>
                <ns3:Speed>0.289000004529953</ns3:Speed>
              </ns3:TPX>
            </Extensions>
          </Trackpoint>
          <Trackpoint>
            <Time>2025-08-14T18:09:48.000Z</Time>
            <Position>
              <LatitudeDegrees>43.36406372487545</LatitudeDegrees>
              <LongitudeDegrees>-2.5036740582436323</LongitudeDegrees>
            </Position>
            <AltitudeMeters>18.0</AltitudeMeters>
            <DistanceMeters>1201.2900390625</DistanceMeters>
            <HeartRateBpm>
              <Value>92</Value>
            </HeartRateBpm>
            <Extensions>
              <ns3:TPX>
                <ns3:Speed>0.597000002861023</ns3:Speed>
              </ns3:TPX>
            </Extensions>
          </Trackpoint>
          <Trackpoint>
            <Time>2025-08-14T18:09:49.000Z</Time>
            <Position>
              <LatitudeDegrees>43.364083506166935</LatitudeDegrees>
              <LongitudeDegrees>-2.503682440146804</LongitudeDegrees>
            </Position>
            <AltitudeMeters>18.200000762939453</AltitudeMeters>
            <DistanceMeters>1203.3199462890625</DistanceMeters>
            <HeartRateBpm>
              <Value>90</Value>
            </HeartRateBpm>
            <Extensions>
              <ns3:TPX>
                <ns3:Speed>0.6439999938011169</ns3:Speed>
              </ns3:TPX>
            </Extensions>
          </Trackpoint>
          <Trackpoint>
            <Time>2025-08-14T18:09:53.000Z</Time>
            <Position>
              <LatitudeDegrees>43.36409448646009</LatitudeDegrees>
              <LongitudeDegrees>-2.5037170574069023</LongitudeDegrees>
            </Position>
            <AltitudeMeters>19.200000762939453</AltitudeMeters>
            <DistanceMeters>1209.02001953125</DistanceMeters>
            <HeartRateBpm>
              <Value>90</Value>
            </HeartRateBpm>
            <Extensions>
              <ns3:TPX>
                <ns3:Speed>0.8960000276565552</ns3:Speed>
              </ns3:TPX>
            </Extensions>
          </Trackpoint>
          <Trackpoint>
            <Time>2025-08-14T18:09:54.000Z</Time>
            <Position>
              <LatitudeDegrees>43.364096665754914</LatitudeDegrees>
              <LongitudeDegrees>-2.50373013317585</LongitudeDegrees>
            </Position>
            <AltitudeMeters>19.399999618530273</AltitudeMeters>
            <DistanceMeters>1210.0799560546875</DistanceMeters>
            <HeartRateBpm>
              <Value>92</Value>
            </HeartRateBpm>
            <Extensions>
              <ns3:TPX>
                <ns3:Speed>0.8960000276565552</ns3:Speed>
              </ns3:TPX>
            </Extensions>
          </Trackpoint>
          <Trackpoint>
            <Time>2025-08-14T18:09:56.000Z</Time>
            <Position>
              <LatitudeDegrees>43.364104544743896</LatitudeDegrees>
              <LongitudeDegrees>-2.503756284713745</LongitudeDegrees>
            </Position>
            <AltitudeMeters>19.799999237060547</AltitudeMeters>
            <DistanceMeters>1212.5799560546875</DistanceMeters>
            <HeartRateBpm>
              <Value>91</Value>
            </HeartRateBpm>
            <Extensions>
              <ns3:TPX>
                <ns3:Speed>0.9240000247955322</ns3:Speed>
              </ns3:TPX>
            </Extensions>
          </Trackpoint>
          <Trackpoint>
            <Time>2025-08-14T18:09:58.000Z</Time>
            <Position>
              <LatitudeDegrees>43.364109825342894</LatitudeDegrees>
              <LongitudeDegrees>-2.5037753954529762</LongitudeDegrees>
            </Position>
            <AltitudeMeters>20.0</AltitudeMeters>
            <DistanceMeters>1215.3900146484375</DistanceMeters>
            <HeartRateBpm>
              <Value>90</Value>
            </HeartRateBpm>
            <Extensions>
              <ns3:TPX>
                <ns3:Speed>0.9610000252723694</ns3:Speed>
              </ns3:TPX>
            </Extensions>
          </Trackpoint>
          <Trackpoint>
            <Time>2025-08-14T18:09:59.000Z</Time>
            <Position>
              <LatitudeDegrees>43.36411200463772</LatitudeDegrees>
              <LongitudeDegrees>-2.5037830229848623</LongitudeDegrees>
            </Position>
            <AltitudeMeters>20.200000762939453</AltitudeMeters>
            <DistanceMeters>1216.9200439453125</DistanceMeters>
            <HeartRateBpm>
              <Value>90</Value>
            </HeartRateBpm>
            <Extensions>
              <ns3:TPX>
                <ns3:Speed>0.9800000190734863</ns3:Speed>
              </ns3:TPX>
            </Extensions>
          </Trackpoint>
          <Trackpoint>
            <Time>2025-08-14T18:10:00.000Z</Time>
            <Position>
              <LatitudeDegrees>43.36411493830383</LatitudeDegrees>
              <LongitudeDegrees>-2.503792243078351</LongitudeDegrees>
            </Position>
            <AltitudeMeters>20.200000762939453</AltitudeMeters>
            <DistanceMeters>1219.300048828125</DistanceMeters>
            <HeartRateBpm>
              <Value>92</Value>
            </HeartRateBpm>
            <Extensions>
              <ns3:TPX>
                <ns3:Speed>0.9980000257492065</ns3:Speed>
              </ns3:TPX>
            </Extensions>
          </Trackpoint>
          <Trackpoint>
            <Time>2025-08-14T18:10:02.000Z</Time>
            <Position>
              <LatitudeDegrees>43.36410856805742</LatitudeDegrees>
              <LongitudeDegrees>-2.5038139522075653</LongitudeDegrees>
            </Position>
            <AltitudeMeters>20.799999237060547</AltitudeMeters>
            <DistanceMeters>1221.22998046875</DistanceMeters>
            <HeartRateBpm>
              <Value>94</Value>
            </HeartRateBpm>
            <Extensions>
              <ns3:TPX>
                <ns3:Speed>1.0260000228881836</ns3:Speed>
              </ns3:TPX>
            </Extensions>
          </Trackpoint>
          <Trackpoint>
            <Time>2025-08-14T18:10:03.000Z</Time>
            <Position>
              <LatitudeDegrees>43.36411611177027</LatitudeDegrees>
              <LongitudeDegrees>-2.5038239266723394</LongitudeDegrees>
            </Position>
            <AltitudeMeters>21.0</AltitudeMeters>
            <DistanceMeters>1221.6800537109375</DistanceMeters>
            <HeartRateBpm>
              <Value>93</Value>
            </HeartRateBpm>
            <Extensions>
              <ns3:TPX>
                <ns3:Speed>1.0260000228881836</ns3:Speed>
              </ns3:TPX>
            </Extensions>
          </Trackpoint>
          <Trackpoint>
            <Time>2025-08-14T18:10:04.000Z</Time>
            <Position>
              <LatitudeDegrees>43.36410999298096</LatitudeDegrees>
              <LongitudeDegrees>-2.5038356613367796</LongitudeDegrees>
            </Position>
            <AltitudeMeters>21.200000762939453</AltitudeMeters>
            <DistanceMeters>1221.6800537109375</DistanceMeters>
            <HeartRateBpm>
              <Value>93</Value>
            </HeartRateBpm>
            <Extensions>
              <ns3:TPX>
                <ns3:Speed>1.0260000228881836</ns3:Speed>
              </ns3:TPX>
            </Extensions>
          </Trackpoint>
          <Trackpoint>
            <Time>2025-08-14T18:10:05.000Z</Time>
            <Position>
              <LatitudeDegrees>43.36410320363939</LatitudeDegrees>
              <LongitudeDegrees>-2.5038489885628223</LongitudeDegrees>
            </Position>
            <AltitudeMeters>21.399999618530273</AltitudeMeters>
            <DistanceMeters>1222.010009765625</DistanceMeters>
            <HeartRateBpm>
              <Value>93</Value>
            </HeartRateBpm>
            <Extensions>
              <ns3:TPX>
                <ns3:Speed>1.0080000162124634</ns3:Speed>
              </ns3:TPX>
            </Extensions>
          </Trackpoint>
          <Trackpoint>
            <Time>2025-08-14T18:10:08.000Z</Time>
            <Position>
              <LatitudeDegrees>43.36409482173622</LatitudeDegrees>
              <LongitudeDegrees>-2.5038898084312677</LongitudeDegrees>
            </Position>
            <AltitudeMeters>21.799999237060547</AltitudeMeters>
            <DistanceMeters>1226.969970703125</DistanceMeters>
            <HeartRateBpm>
              <Value>94</Value>
            </HeartRateBpm>
            <Extensions>
              <ns3:TPX>
                <ns3:Speed>1.0360000133514404</ns3:Speed>
              </ns3:TPX>
            </Extensions>
          </Trackpoint>
          <Trackpoint>
            <Time>2025-08-14T18:10:09.000Z</Time>
            <Position>
              <LatitudeDegrees>43.36409825831652</LatitudeDegrees>
              <LongitudeDegrees>-2.5039073266088963</LongitudeDegrees>
            </Position>
            <AltitudeMeters>21.799999237060547</AltitudeMeters>
            <DistanceMeters>1227.530029296875</DistanceMeters>
            <HeartRateBpm>
              <Value>94</Value>
            </HeartRateBpm>
            <Extensions>
              <ns3:TPX>
                <ns3:Speed>1.0449999570846558</ns3:Speed>
              </ns3:TPX>
            </Extensions>
          </Trackpoint>
          <Trackpoint>
            <Time>2025-08-14T18:10:12.000Z</Time>
            <Position>
              <LatitudeDegrees>43.36412709206343</LatitudeDegrees>
              <LongitudeDegrees>-2.503951247781515</LongitudeDegrees>
            </Position>
            <AltitudeMeters>22.399999618530273</AltitudeMeters>
            <DistanceMeters>1231.780029296875</DistanceMeters>
            <HeartRateBpm>
              <Value>94</Value>
            </HeartRateBpm>
            <Extensions>
              <ns3:TPX>
                <ns3:Speed>1.0640000104904175</ns3:Speed>
              </ns3:TPX>
            </Extensions>
          </Trackpoint>
          <Trackpoint>
            <Time>2025-08-14T18:10:13.000Z</Time>
            <Position>
              <LatitudeDegrees>43.36414444260299</LatitudeDegrees>
              <LongitudeDegrees>-2.5039666704833508</LongitudeDegrees>
            </Position>
            <AltitudeMeters>22.399999618530273</AltitudeMeters>
            <DistanceMeters>1233.300048828125</DistanceMeters>
            <HeartRateBpm>
              <Value>91</Value>
            </HeartRateBpm>
            <Extensions>
              <ns3:TPX>
                <ns3:Speed>1.0820000171661377</ns3:Speed>
              </ns3:TPX>
            </Extensions>
          </Trackpoint>
          <Trackpoint>
            <Time>2025-08-14T18:10:14.000Z</Time>
            <Position>
              <LatitudeDegrees>43.36415651254356</LatitudeDegrees>
              <LongitudeDegrees>-2.503981590270996</LongitudeDegrees>
            </Position>
            <AltitudeMeters>22.600000381469727</AltitudeMeters>
            <DistanceMeters>1234.4300537109375</DistanceMeters>
            <HeartRateBpm>
              <Value>91</Value>
            </HeartRateBpm>
            <Extensions>
              <ns3:TPX>
                <ns3:Speed>1.0920000076293945</ns3:Speed>
              </ns3:TPX>
            </Extensions>
          </Trackpoint>
          <Trackpoint>
            <Time>2025-08-14T18:10:15.000Z</Time>
            <Position>
              <LatitudeDegrees>43.36417059414089</LatitudeDegrees>
              <LongitudeDegrees>-2.5039988569915295</LongitudeDegrees>
            </Position>
            <AltitudeMeters>22.600000381469727</AltitudeMeters>
            <DistanceMeters>1235.3299560546875</DistanceMeters>
            <HeartRateBpm>
              <Value>94</Value>
            </HeartRateBpm>
            <Extensions>
              <ns3:TPX>
                <ns3:Speed>1.1009999513626099</ns3:Speed>
              </ns3:TPX>
            </Extensions>
          </Trackpoint>
          <Trackpoint>
            <Time>2025-08-14T18:10:20.000Z</Time>
            <Position>
              <LatitudeDegrees>43.36420252919197</LatitudeDegrees>
              <LongitudeDegrees>-2.5040732882916927</LongitudeDegrees>
            </Position>
            <AltitudeMeters>23.200000762939453</AltitudeMeters>
            <DistanceMeters>1240.9300537109375</DistanceMeters>
            <HeartRateBpm>
              <Value>95</Value>
            </HeartRateBpm>
            <Extensions>
              <ns3:TPX>
                <ns3:Speed>1.1009999513626099</ns3:Speed>
              </ns3:TPX>
            </Extensions>
          </Trackpoint>
          <Trackpoint>
            <Time>2025-08-14T18:10:21.000Z</Time>
            <Position>
              <LatitudeDegrees>43.36420780979097</LatitudeDegrees>
              <LongitudeDegrees>-2.504081167280674</LongitudeDegrees>
            </Position>
            <AltitudeMeters>23.200000762939453</AltitudeMeters>
            <DistanceMeters>1240.9300537109375</DistanceMeters>
            <HeartRateBpm>
              <Value>94</Value>
            </HeartRateBpm>
            <Extensions>
              <ns3:TPX>
                <ns3:Speed>1.1200000047683716</ns3:Speed>
              </ns3:TPX>
            </Extensions>
          </Trackpoint>
          <Trackpoint>
            <Time>2025-08-14T18:10:22.000Z</Time>
            <Position>
              <LatitudeDegrees>43.364213425666094</LatitudeDegrees>
              <LongitudeDegrees>-2.5040903873741627</LongitudeDegrees>
            </Position>
            <AltitudeMeters>23.399999618530273</AltitudeMeters>
            <DistanceMeters>1242.1199951171875</DistanceMeters>
            <HeartRateBpm>
              <Value>92</Value>
            </HeartRateBpm>
            <Extensions>
              <ns3:TPX>
                <ns3:Speed>1.128999948501587</ns3:Speed>
              </ns3:TPX>
            </Extensions>
          </Trackpoint>
          <Trackpoint>
            <Time>2025-08-14T18:10:23.000Z</Time>
            <Position>
              <LatitudeDegrees>43.36421610787511</LatitudeDegrees>
              <LongitudeDegrees>-2.5041034631431103</LongitudeDegrees>
            </Position>
            <AltitudeMeters>23.399999618530273</AltitudeMeters>
            <DistanceMeters>1243.18994140625</DistanceMeters>
            <HeartRateBpm>
              <Value>94</Value>
            </HeartRateBpm>
            <Extensions>
              <ns3:TPX>
                <ns3:Speed>1.128999948501587</ns3:Speed>
              </ns3:TPX>
            </Extensions>
          </Trackpoint>
          <Trackpoint>
            <Time>2025-08-14T18:10:26.000Z</Time>
            <Position>
              <LatitudeDegrees>43.36421920917928</LatitudeDegrees>
              <LongitudeDegrees>-2.5041289441287518</LongitudeDegrees>
            </Position>
            <AltitudeMeters>23.399999618530273</AltitudeMeters>
            <DistanceMeters>1245.0699462890625</DistanceMeters>
            <HeartRateBpm>
              <Value>95</Value>
            </HeartRateBpm>
            <Extensions>
              <ns3:TPX>
                <ns3:Speed>1.1100000143051147</ns3:Speed>
              </ns3:TPX>
            </Extensions>
          </Trackpoint>
          <Trackpoint>
            <Time>2025-08-14T18:10:30.000Z</Time>
            <Position>
              <LatitudeDegrees>43.36422750726342</LatitudeDegrees>
              <LongitudeDegrees>-2.5041631422936916</LongitudeDegrees>
            </Position>
            <AltitudeMeters>23.399999618530273</AltitudeMeters>
            <DistanceMeters>1247.4300537109375</DistanceMeters>
            <HeartRateBpm>
              <Value>97</Value>
            </HeartRateBpm>
            <Extensions>
              <ns3:TPX>
                <ns3:Speed>1.0360000133514404</ns3:Speed>
              </ns3:TPX>
            </Extensions>
          </Trackpoint>
          <Trackpoint>
            <Time>2025-08-14T18:10:34.000Z</Time>
            <Position>
              <LatitudeDegrees>43.36422775872052</LatitudeDegrees>
              <LongitudeDegrees>-2.5042214803397655</LongitudeDegrees>
            </Position>
            <AltitudeMeters>22.0</AltitudeMeters>
            <DistanceMeters>1251.22998046875</DistanceMeters>
            <HeartRateBpm>
              <Value>97</Value>
            </HeartRateBpm>
            <Extensions>
              <ns3:TPX>
                <ns3:Speed>1.0080000162124634</ns3:Speed>
              </ns3:TPX>
            </Extensions>
          </Trackpoint>
          <Trackpoint>
            <Time>2025-08-14T18:10:36.000Z</Time>
            <Position>
              <LatitudeDegrees>43.36423479951918</LatitudeDegrees>
              <LongitudeDegrees>-2.504244027659297</LongitudeDegrees>
            </Position>
            <AltitudeMeters>21.600000381469727</AltitudeMeters>
            <DistanceMeters>1253.2900390625</DistanceMeters>
            <HeartRateBpm>
              <Value>98</Value>
            </HeartRateBpm>
            <Extensions>
              <ns3:TPX>
                <ns3:Speed>0.9980000257492065</ns3:Speed>
              </ns3:TPX>
            </Extensions>
          </Trackpoint>
          <Trackpoint>
            <Time>2025-08-14T18:10:40.000Z</Time>
            <Position>
              <LatitudeDegrees>43.3642372302711</LatitudeDegrees>
              <LongitudeDegrees>-2.5042806565761566</LongitudeDegrees>
            </Position>
            <AltitudeMeters>21.600000381469727</AltitudeMeters>
            <DistanceMeters>1257.5</DistanceMeters>
            <HeartRateBpm>
              <Value>96</Value>
            </HeartRateBpm>
            <Extensions>
              <ns3:TPX>
                <ns3:Speed>0.9980000257492065</ns3:Speed>
              </ns3:TPX>
            </Extensions>
          </Trackpoint>
          <Trackpoint>
            <Time>2025-08-14T18:10:42.000Z</Time>
            <Position>
              <LatitudeDegrees>43.36422197520733</LatitudeDegrees>
              <LongitudeDegrees>-2.504310915246606</LongitudeDegrees>
            </Position>
            <AltitudeMeters>21.799999237060547</AltitudeMeters>
            <DistanceMeters>1261.5799560546875</DistanceMeters>
            <HeartRateBpm>
              <Value>94</Value>
            </HeartRateBpm>
            <Extensions>
              <ns3:TPX>
                <ns3:Speed>1.0080000162124634</ns3:Speed>
              </ns3:TPX>
            </Extensions>
          </Trackpoint>
          <Trackpoint>
            <Time>2025-08-14T18:10:45.000Z</Time>
            <Position>
              <LatitudeDegrees>43.36426204070449</LatitudeDegrees>
              <LongitudeDegrees>-2.504345951601863</LongitudeDegrees>
            </Position>
            <AltitudeMeters>21.799999237060547</AltitudeMeters>
            <DistanceMeters>1264.739990234375</DistanceMeters>
            <HeartRateBpm>
              <Value>94</Value>
            </HeartRateBpm>
            <Extensions>
              <ns3:TPX>
                <ns3:Speed>1.0540000200271606</ns3:Speed>
              </ns3:TPX>
            </Extensions>
          </Trackpoint>
          <Trackpoint>
            <Time>2025-08-14T18:10:47.000Z</Time>
            <Position>
              <LatitudeDegrees>43.36427888832986</LatitudeDegrees>
              <LongitudeDegrees>-2.5043743662536144</LongitudeDegrees>
            </Position>
            <AltitudeMeters>21.799999237060547</AltitudeMeters>
            <DistanceMeters>1267.0799560546875</DistanceMeters>
            <HeartRateBpm>
              <Value>93</Value>
            </HeartRateBpm>
            <Extensions>
              <ns3:TPX>
                <ns3:Speed>1.0540000200271606</ns3:Speed>
              </ns3:TPX>
            </Extensions>
          </Trackpoint>
          <Trackpoint>
            <Time>2025-08-14T18:10:52.000Z</Time>
            <Position>
              <LatitudeDegrees>43.364323982968926</LatitudeDegrees>
              <LongitudeDegrees>-2.5044332072138786</LongitudeDegrees>
            </Position>
            <AltitudeMeters>21.0</AltitudeMeters>
            <DistanceMeters>1274.0699462890625</DistanceMeters>
            <HeartRateBpm>
              <Value>93</Value>
            </HeartRateBpm>
            <Extensions>
              <ns3:TPX>
                <ns3:Speed>1.128999948501587</ns3:Speed>
              </ns3:TPX>
            </Extensions>
          </Trackpoint>
          <Trackpoint>
            <Time>2025-08-14T18:10:54.000Z</Time>
            <Position>
              <LatitudeDegrees>43.36433496326208</LatitudeDegrees>
              <LongitudeDegrees>-2.5044253282248974</LongitudeDegrees>
            </Position>
            <AltitudeMeters>20.600000381469727</AltitudeMeters>
            <DistanceMeters>1274.8900146484375</DistanceMeters>
            <HeartRateBpm>
              <Value>94</Value>
            </HeartRateBpm>
            <Extensions>
              <ns3:TPX>
                <ns3:Speed>1.1660000085830688</ns3:Speed>
              </ns3:TPX>
            </Extensions>
          </Trackpoint>
          <Trackpoint>
            <Time>2025-08-14T18:10:56.000Z</Time>
            <Position>
              <LatitudeDegrees>43.36434552446008</LatitudeDegrees>
              <LongitudeDegrees>-2.504413677379489</LongitudeDegrees>
            </Position>
            <AltitudeMeters>20.399999618530273</AltitudeMeters>
            <DistanceMeters>1275.550048828125</DistanceMeters>
            <HeartRateBpm>
              <Value>93</Value>
            </HeartRateBpm>
            <Extensions>
              <ns3:TPX>
                <ns3:Speed>1.128999948501587</ns3:Speed>
              </ns3:TPX>
            </Extensions>
          </Trackpoint>
          <Trackpoint>
            <Time>2025-08-14T18:11:00.000Z</Time>
            <Position>
              <LatitudeDegrees>43.36438776925206</LatitudeDegrees>
              <LongitudeDegrees>-2.504376294091344</LongitudeDegrees>
            </Position>
            <AltitudeMeters>20.200000762939453</AltitudeMeters>
            <DistanceMeters>1277.010009765625</DistanceMeters>
            <HeartRateBpm>
              <Value>92</Value>
            </HeartRateBpm>
            <Extensions>
              <ns3:TPX>
                <ns3:Speed>1.0729999542236328</ns3:Speed>
              </ns3:TPX>
            </Extensions>
          </Trackpoint>
          <Trackpoint>
            <Time>2025-08-14T18:11:01.000Z</Time>
            <Position>
              <LatitudeDegrees>43.36440168321133</LatitudeDegrees>
              <LongitudeDegrees>-2.5043654814362526</LongitudeDegrees>
            </Position>
            <AltitudeMeters>20.200000762939453</AltitudeMeters>
            <DistanceMeters>1278.3900146484375</DistanceMeters>
            <HeartRateBpm>
              <Value>94</Value>
            </HeartRateBpm>
            <Extensions>
              <ns3:TPX>
                <ns3:Speed>1.0729999542236328</ns3:Speed>
              </ns3:TPX>
            </Extensions>
          </Trackpoint>
          <Trackpoint>
            <Time>2025-08-14T18:11:09.000Z</Time>
            <Position>
              <LatitudeDegrees>43.36449078284204</LatitudeDegrees>
              <LongitudeDegrees>-2.5043066404759884</LongitudeDegrees>
            </Position>
            <AltitudeMeters>20.600000381469727</AltitudeMeters>
            <DistanceMeters>1285.3900146484375</DistanceMeters>
            <HeartRateBpm>
              <Value>95</Value>
            </HeartRateBpm>
            <Extensions>
              <ns3:TPX>
                <ns3:Speed>1.1100000143051147</ns3:Speed>
              </ns3:TPX>
            </Extensions>
          </Trackpoint>
          <Trackpoint>
            <Time>2025-08-14T18:11:11.000Z</Time>
            <Position>
              <LatitudeDegrees>43.36451081559062</LatitudeDegrees>
              <LongitudeDegrees>-2.5042944867163897</LongitudeDegrees>
            </Position>
            <AltitudeMeters>20.600000381469727</AltitudeMeters>
            <DistanceMeters>1287.1800537109375</DistanceMeters>
            <HeartRateBpm>
              <Value>96</Value>
            </HeartRateBpm>
            <Extensions>
              <ns3:TPX>
                <ns3:Speed>1.128999948501587</ns3:Speed>
              </ns3:TPX>
            </Extensions>
          </Trackpoint>
          <Trackpoint>
            <Time>2025-08-14T18:11:14.000Z</Time>
            <Position>
              <LatitudeDegrees>43.36454585194588</LatitudeDegrees>
              <LongitudeDegrees>-2.504260456189513</LongitudeDegrees>
            </Position>
            <AltitudeMeters>20.799999237060547</AltitudeMeters>
            <DistanceMeters>1290.010009765625</DistanceMeters>
            <HeartRateBpm>
              <Value>96</Value>
            </HeartRateBpm>
            <Extensions>
              <ns3:TPX>
                <ns3:Speed>1.1200000047683716</ns3:Speed>
              </ns3:TPX>
            </Extensions>
          </Trackpoint>
          <Trackpoint>
            <Time>2025-08-14T18:11:16.000Z</Time>
            <Position>
              <LatitudeDegrees>43.36456152610481</LatitudeDegrees>
              <LongitudeDegrees>-2.504236316308379</LongitudeDegrees>
            </Position>
            <AltitudeMeters>20.799999237060547</AltitudeMeters>
            <DistanceMeters>1293.0899658203125</DistanceMeters>
            <HeartRateBpm>
              <Value>94</Value>
            </HeartRateBpm>
            <Extensions>
              <ns3:TPX>
                <ns3:Speed>1.1200000047683716</ns3:Speed>
              </ns3:TPX>
            </Extensions>
          </Trackpoint>
          <Trackpoint>
            <Time>2025-08-14T18:11:21.000Z</Time>
            <Position>
              <LatitudeDegrees>43.36459346115589</LatitudeDegrees>
              <LongitudeDegrees>-2.504195077344775</LongitudeDegrees>
            </Position>
            <AltitudeMeters>21.200000762939453</AltitudeMeters>
            <DistanceMeters>1301.97998046875</DistanceMeters>
            <HeartRateBpm>
              <Value>94</Value>
            </HeartRateBpm>
            <Extensions>
              <ns3:TPX>
                <ns3:Speed>1.1759999990463257</ns3:Speed>
              </ns3:TPX>
            </Extensions>
          </Trackpoint>
          <Trackpoint>
            <Time>2025-08-14T18:11:23.000Z</Time>
            <Position>
              <LatitudeDegrees>43.3646326046437</LatitudeDegrees>
              <LongitudeDegrees>-2.5041840970516205</LongitudeDegrees>
            </Position>
            <AltitudeMeters>21.200000762939453</AltitudeMeters>
            <DistanceMeters>1303.9599609375</DistanceMeters>
            <HeartRateBpm>
              <Value>93</Value>
            </HeartRateBpm>
            <Extensions>
              <ns3:TPX>
                <ns3:Speed>1.1759999990463257</ns3:Speed>
              </ns3:TPX>
            </Extensions>
          </Trackpoint>
          <Trackpoint>
            <Time>2025-08-14T18:11:25.000Z</Time>
            <Position>
              <LatitudeDegrees>43.36464031599462</LatitudeDegrees>
              <LongitudeDegrees>-2.5041669979691505</LongitudeDegrees>
            </Position>
            <AltitudeMeters>21.200000762939453</AltitudeMeters>
            <DistanceMeters>1304.47998046875</DistanceMeters>
            <HeartRateBpm>
              <Value>92</Value>
            </HeartRateBpm>
            <Extensions>
              <ns3:TPX>
                <ns3:Speed>1.156999945640564</ns3:Speed>
              </ns3:TPX>
            </Extensions>
          </Trackpoint>
          <Trackpoint>
            <Time>2025-08-14T18:11:27.000Z</Time>
            <Position>
              <LatitudeDegrees>43.36464718915522</LatitudeDegrees>
              <LongitudeDegrees>-2.504144785925746</LongitudeDegrees>
            </Position>
            <AltitudeMeters>21.399999618530273</AltitudeMeters>
            <DistanceMeters>1306.0799560546875</DistanceMeters>
            <HeartRateBpm>
              <Value>95</Value>
            </HeartRateBpm>
            <Extensions>
              <ns3:TPX>
                <ns3:Speed>1.128999948501587</ns3:Speed>
              </ns3:TPX>
            </Extensions>
          </Trackpoint>
          <Trackpoint>
            <Time>2025-08-14T18:11:28.000Z</Time>
            <Position>
              <LatitudeDegrees>43.364649368450046</LatitudeDegrees>
              <LongitudeDegrees>-2.5041340570896864</LongitudeDegrees>
            </Position>
            <AltitudeMeters>21.399999618530273</AltitudeMeters>
            <DistanceMeters>1307.530029296875</DistanceMeters>
            <HeartRateBpm>
              <Value>95</Value>
            </HeartRateBpm>
            <Extensions>
              <ns3:TPX>
                <ns3:Speed>1.1200000047683716</ns3:Speed>
              </ns3:TPX>
            </Extensions>
          </Trackpoint>
          <Trackpoint>
            <Time>2025-08-14T18:11:30.000Z</Time>
            <Position>
              <LatitudeDegrees>43.36465976200998</LatitudeDegrees>
              <LongitudeDegrees>-2.50411176122725</LongitudeDegrees>
            </Position>
            <AltitudeMeters>21.600000381469727</AltitudeMeters>
            <DistanceMeters>1309.8199462890625</DistanceMeters>
            <HeartRateBpm>
              <Value>95</Value>
            </HeartRateBpm>
            <Extensions>
              <ns3:TPX>
                <ns3:Speed>1.1100000143051147</ns3:Speed>
              </ns3:TPX>
            </Extensions>
          </Trackpoint>
          <Trackpoint>
            <Time>2025-08-14T18:11:31.000Z</Time>
            <Position>
              <LatitudeDegrees>43.364669904112816</LatitudeDegrees>
              <LongitudeDegrees>-2.504102373495698</LongitudeDegrees>
            </Position>
            <AltitudeMeters>21.600000381469727</AltitudeMeters>
            <DistanceMeters>1311.02001953125</DistanceMeters>
            <HeartRateBpm>
              <Value>96</Value>
            </HeartRateBpm>
            <Extensions>
              <ns3:TPX>
                <ns3:Speed>1.1009999513626099</ns3:Speed>
              </ns3:TPX>
            </Extensions>
          </Trackpoint>
          <Trackpoint>
            <Time>2025-08-14T18:11:32.000Z</Time>
            <Position>
              <LatitudeDegrees>43.364679124206305</LatitudeDegrees>
              <LongitudeDegrees>-2.5040916446596384</LongitudeDegrees>
            </Position>
            <AltitudeMeters>21.600000381469727</AltitudeMeters>
            <DistanceMeters>1312.1199951171875</DistanceMeters>
            <HeartRateBpm>
              <Value>96</Value>
            </HeartRateBpm>
            <Extensions>
              <ns3:TPX>
                <ns3:Speed>1.1009999513626099</ns3:Speed>
              </ns3:TPX>
            </Extensions>
          </Trackpoint>
          <Trackpoint>
            <Time>2025-08-14T18:11:34.000Z</Time>
            <Position>
              <LatitudeDegrees>43.36469463072717</LatitudeDegrees>
              <LongitudeDegrees>-2.504085609689355</LongitudeDegrees>
            </Position>
            <AltitudeMeters>21.799999237060547</AltitudeMeters>
            <DistanceMeters>1314.77001953125</DistanceMeters>
            <HeartRateBpm>
              <Value>95</Value>
            </HeartRateBpm>
            <Extensions>
              <ns3:TPX>
                <ns3:Speed>1.0920000076293945</ns3:Speed>
              </ns3:TPX>
            </Extensions>
          </Trackpoint>
          <Trackpoint>
            <Time>2025-08-14T18:11:37.000Z</Time>
            <Position>
              <LatitudeDegrees>43.364900993183255</LatitudeDegrees>
              <LongitudeDegrees>-2.5040907226502895</LongitudeDegrees>
            </Position>
            <AltitudeMeters>21.799999237060547</AltitudeMeters>
            <DistanceMeters>1317.300048828125</DistanceMeters>
            <HeartRateBpm>
              <Value>96</Value>
            </HeartRateBpm>
            <Extensions>
              <ns3:TPX>
                <ns3:Speed>1.0920000076293945</ns3:Speed>
              </ns3:TPX>
            </Extensions>
          </Trackpoint>
          <Trackpoint>
            <Time>2025-08-14T18:11:39.000Z</Time>
            <Position>
              <LatitudeDegrees>43.36492655798793</LatitudeDegrees>
              <LongitudeDegrees>-2.504088208079338</LongitudeDegrees>
            </Position>
            <AltitudeMeters>21.799999237060547</AltitudeMeters>
            <DistanceMeters>1318.52001953125</DistanceMeters>
            <HeartRateBpm>
              <Value>93</Value>
            </HeartRateBpm>
            <Extensions>
              <ns3:TPX>
                <ns3:Speed>0.8579999804496765</ns3:Speed>
              </ns3:TPX>
            </Extensions>
          </Trackpoint>
          <Trackpoint>
            <Time>2025-08-14T18:11:41.000Z</Time>
            <Position>
              <LatitudeDegrees>43.36493988521397</LatitudeDegrees>
              <LongitudeDegrees>-2.504086447879672</LongitudeDegrees>
            </Position>
            <AltitudeMeters>22.0</AltitudeMeters>
            <DistanceMeters>1319.9300537109375</DistanceMeters>
            <HeartRateBpm>
              <Value>94</Value>
            </HeartRateBpm>
            <Extensions>
              <ns3:TPX>
                <ns3:Speed>0.9330000281333923</ns3:Speed>
              </ns3:TPX>
            </Extensions>
          </Trackpoint>
          <Trackpoint>
            <Time>2025-08-14T18:11:42.000Z</Time>
            <Position>
              <LatitudeDegrees>43.364949775859714</LatitudeDegrees>
              <LongitudeDegrees>-2.504083849489689</LongitudeDegrees>
            </Position>
            <AltitudeMeters>22.0</AltitudeMeters>
            <DistanceMeters>1320.199951171875</DistanceMeters>
            <HeartRateBpm>
              <Value>91</Value>
            </HeartRateBpm>
            <Extensions>
              <ns3:TPX>
                <ns3:Speed>0.9890000224113464</ns3:Speed>
              </ns3:TPX>
            </Extensions>
          </Trackpoint>
          <Trackpoint>
            <Time>2025-08-14T18:11:45.000Z</Time>
            <Position>
              <LatitudeDegrees>43.364988919347525</LatitudeDegrees>
              <LongitudeDegrees>-2.504044286906719</LongitudeDegrees>
            </Position>
            <AltitudeMeters>22.0</AltitudeMeters>
            <DistanceMeters>1324.1800537109375</DistanceMeters>
            <HeartRateBpm>
              <Value>91</Value>
            </HeartRateBpm>
            <Extensions>
              <ns3:TPX>
                <ns3:Speed>1.0449999570846558</ns3:Speed>
              </ns3:TPX>
            </Extensions>
          </Trackpoint>
          <Trackpoint>
            <Time>2025-08-14T18:11:46.000Z</Time>
            <Position>
              <LatitudeDegrees>43.3650335110724</LatitudeDegrees>
              <LongitudeDegrees>-2.504030456766486</LongitudeDegrees>
            </Position>
            <AltitudeMeters>22.0</AltitudeMeters>
            <DistanceMeters>1325.489990234375</DistanceMeters>
            <HeartRateBpm>
              <Value>94</Value>
            </HeartRateBpm>
            <Extensions>
              <ns3:TPX>
                <ns3:Speed>1.2690000534057617</ns3:Speed>
              </ns3:TPX>
            </Extensions>
          </Trackpoint>
          <Trackpoint>
            <Time>2025-08-14T18:11:47.000Z</Time>
            <Position>
              <LatitudeDegrees>43.365058824419975</LatitudeDegrees>
              <LongitudeDegrees>-2.5040228292346</LongitudeDegrees>
            </Position>
            <AltitudeMeters>22.0</AltitudeMeters>
            <DistanceMeters>1326.6099853515625</DistanceMeters>
            <HeartRateBpm>
              <Value>94</Value>
            </HeartRateBpm>
            <Extensions>
              <ns3:TPX>
                <ns3:Speed>1.371999979019165</ns3:Speed>
              </ns3:TPX>
            </Extensions>
          </Trackpoint>
          <Trackpoint>
            <Time>2025-08-14T18:11:51.000Z</Time>
            <Position>
              <LatitudeDegrees>43.36508153937757</LatitudeDegrees>
              <LongitudeDegrees>-2.5040309596806765</LongitudeDegrees>
            </Position>
            <AltitudeMeters>22.0</AltitudeMeters>
            <DistanceMeters>1329.75</DistanceMeters>
            <HeartRateBpm>
              <Value>90</Value>
            </HeartRateBpm>
            <Extensions>
              <ns3:TPX>
                <ns3:Speed>1.277999997138977</ns3:Speed>
              </ns3:TPX>
            </Extensions>
          </Trackpoint>
          <Trackpoint>
            <Time>2025-08-14T18:11:52.000Z</Time>
            <Position>
              <LatitudeDegrees>43.365080868825316</LatitudeDegrees>
              <LongitudeDegrees>-2.504024337977171</LongitudeDegrees>
            </Position>
            <AltitudeMeters>21.799999237060547</AltitudeMeters>
            <DistanceMeters>1330.31005859375</DistanceMeters>
            <HeartRateBpm>
              <Value>93</Value>
            </HeartRateBpm>
            <Extensions>
              <ns3:TPX>
                <ns3:Speed>1.222000002861023</ns3:Speed>
              </ns3:TPX>
            </Extensions>
          </Trackpoint>
          <Trackpoint>
            <Time>2025-08-14T18:11:54.000Z</Time>
            <Position>
              <LatitudeDegrees>43.365097381174564</LatitudeDegrees>
              <LongitudeDegrees>-2.5040071550756693</LongitudeDegrees>
            </Position>
            <AltitudeMeters>21.799999237060547</AltitudeMeters>
            <DistanceMeters>1332.6500244140625</DistanceMeters>
            <HeartRateBpm>
              <Value>92</Value>
            </HeartRateBpm>
            <Extensions>
              <ns3:TPX>
                <ns3:Speed>1.1380000114440918</ns3:Speed>
              </ns3:TPX>
            </Extensions>
          </Trackpoint>
          <Trackpoint>
            <Time>2025-08-14T18:11:56.000Z</Time>
            <Position>
              <LatitudeDegrees>43.36510500870645</LatitudeDegrees>
              <LongitudeDegrees>-2.5039825960993767</LongitudeDegrees>
            </Position>
            <AltitudeMeters>21.799999237060547</AltitudeMeters>
            <DistanceMeters>1334.0699462890625</DistanceMeters>
            <HeartRateBpm>
              <Value>94</Value>
            </HeartRateBpm>
            <Extensions>
              <ns3:TPX>
                <ns3:Speed>1.1009999513626099</ns3:Speed>
              </ns3:TPX>
            </Extensions>
          </Trackpoint>
          <Trackpoint>
            <Time>2025-08-14T18:11:59.000Z</Time>
            <Position>
              <LatitudeDegrees>43.36518262512982</LatitudeDegrees>
              <LongitudeDegrees>-2.5039514992386103</LongitudeDegrees>
            </Position>
            <AltitudeMeters>21.799999237060547</AltitudeMeters>
            <DistanceMeters>1336.3399658203125</DistanceMeters>
            <HeartRateBpm>
              <Value>93</Value>
            </HeartRateBpm>
            <Extensions>
              <ns3:TPX>
                <ns3:Speed>1.0640000104904175</ns3:Speed>
              </ns3:TPX>
            </Extensions>
          </Trackpoint>
          <Trackpoint>
            <Time>2025-08-14T18:12:01.000Z</Time>
            <Position>
              <LatitudeDegrees>43.3652076870203</LatitudeDegrees>
              <LongitudeDegrees>-2.5039467215538025</LongitudeDegrees>
            </Position>
            <AltitudeMeters>21.799999237060547</AltitudeMeters>
            <DistanceMeters>1336.3399658203125</DistanceMeters>
            <HeartRateBpm>
              <Value>93</Value>
            </HeartRateBpm>
            <Extensions>
              <ns3:TPX>
                <ns3:Speed>0.9330000281333923</ns3:Speed>
              </ns3:TPX>
            </Extensions>
          </Trackpoint>
          <Trackpoint>
            <Time>2025-08-14T18:12:08.000Z</Time>
            <Position>
              <LatitudeDegrees>43.3653200045228</LatitudeDegrees>
              <LongitudeDegrees>-2.503910344094038</LongitudeDegrees>
            </Position>
            <AltitudeMeters>21.600000381469727</AltitudeMeters>
            <DistanceMeters>1337.9300537109375</DistanceMeters>
            <HeartRateBpm>
              <Value>93</Value>
            </HeartRateBpm>
            <Extensions>
              <ns3:TPX>
                <ns3:Speed>1.305999994277954</ns3:Speed>
              </ns3:TPX>
            </Extensions>
          </Trackpoint>
          <Trackpoint>
            <Time>2025-08-14T18:12:10.000Z</Time>
            <Position>
              <LatitudeDegrees>43.36532679386437</LatitudeDegrees>
              <LongitudeDegrees>-2.5039163790643215</LongitudeDegrees>
            </Position>
            <AltitudeMeters>21.600000381469727</AltitudeMeters>
            <DistanceMeters>1337.9300537109375</DistanceMeters>
            <HeartRateBpm>
              <Value>95</Value>
            </HeartRateBpm>
            <Extensions>
              <ns3:TPX>
                <ns3:Speed>1.222000002861023</ns3:Speed>
              </ns3:TPX>
            </Extensions>
          </Trackpoint>
          <Trackpoint>
            <Time>2025-08-14T18:12:12.000Z</Time>
            <Position>
              <LatitudeDegrees>43.365331990644336</LatitudeDegrees>
              <LongitudeDegrees>-2.503912691026926</LongitudeDegrees>
            </Position>
            <AltitudeMeters>21.399999618530273</AltitudeMeters>
            <DistanceMeters>1338.68994140625</DistanceMeters>
            <HeartRateBpm>
              <Value>95</Value>
            </HeartRateBpm>
            <Extensions>
              <ns3:TPX>
                <ns3:Speed>1.222000002861023</ns3:Speed>
              </ns3:TPX>
            </Extensions>
          </Trackpoint>
          <Trackpoint>
            <Time>2025-08-14T18:12:14.000Z</Time>
            <Position>
              <LatitudeDegrees>43.36533500812948</LatitudeDegrees>
              <LongitudeDegrees>-2.5039024651050568</LongitudeDegrees>
            </Position>
            <AltitudeMeters>21.399999618530273</AltitudeMeters>
            <DistanceMeters>1339.239990234375</DistanceMeters>
            <HeartRateBpm>
              <Value>93</Value>
            </HeartRateBpm>
            <Extensions>
              <ns3:TPX>
                <ns3:Speed>1.1009999513626099</ns3:Speed>
              </ns3:TPX>
            </Extensions>
          </Trackpoint>
          <Trackpoint>
            <Time>2025-08-14T18:12:18.000Z</Time>
            <Position>
              <LatitudeDegrees>43.3653546217829</LatitudeDegrees>
              <LongitudeDegrees>-2.503872290253639</LongitudeDegrees>
            </Position>
            <AltitudeMeters>21.0</AltitudeMeters>
            <DistanceMeters>1342.93994140625</DistanceMeters>
            <HeartRateBpm>
              <Value>93</Value>
            </HeartRateBpm>
            <Extensions>
              <ns3:TPX>
                <ns3:Speed>0.9139999747276306</ns3:Speed>
              </ns3:TPX>
            </Extensions>
          </Trackpoint>
          <Trackpoint>
            <Time>2025-08-14T18:12:19.000Z</Time>
            <Position>
              <LatitudeDegrees>43.36536895483732</LatitudeDegrees>
              <LongitudeDegrees>-2.5038651656359434</LongitudeDegrees>
            </Position>
            <AltitudeMeters>21.0</AltitudeMeters>
            <DistanceMeters>1343.8399658203125</DistanceMeters>
            <HeartRateBpm>
              <Value>92</Value>
            </HeartRateBpm>
            <Extensions>
              <ns3:TPX>
                <ns3:Speed>0.9240000247955322</ns3:Speed>
              </ns3:TPX>
            </Extensions>
          </Trackpoint>
          <Trackpoint>
            <Time>2025-08-14T18:12:20.000Z</Time>
            <Position>
              <LatitudeDegrees>43.365375492721796</LatitudeDegrees>
              <LongitudeDegrees>-2.503864159807563</LongitudeDegrees>
            </Position>
            <AltitudeMeters>21.0</AltitudeMeters>
            <DistanceMeters>1344.6300048828125</DistanceMeters>
            <HeartRateBpm>
              <Value>92</Value>
            </HeartRateBpm>
            <Extensions>
              <ns3:TPX>
                <ns3:Speed>0.9890000224113464</ns3:Speed>
              </ns3:TPX>
            </Extensions>
          </Trackpoint>
          <Trackpoint>
            <Time>2025-08-14T18:12:21.000Z</Time>
            <Position>
              <LatitudeDegrees>43.36538152769208</LatitudeDegrees>
              <LongitudeDegrees>-2.5038644950836897</LongitudeDegrees>
            </Position>
            <AltitudeMeters>21.0</AltitudeMeters>
            <DistanceMeters>1345.300048828125</DistanceMeters>
            <HeartRateBpm>
              <Value>93</Value>
            </HeartRateBpm>
            <Extensions>
              <ns3:TPX>
                <ns3:Speed>0.9890000224113464</ns3:Speed>
              </ns3:TPX>
            </Extensions>
          </Trackpoint>
          <Trackpoint>
            <Time>2025-08-14T18:12:23.000Z</Time>
            <Position>
              <LatitudeDegrees>43.365408601239324</LatitudeDegrees>
              <LongitudeDegrees>-2.5038276985287666</LongitudeDegrees>
            </Position>
            <AltitudeMeters>20.799999237060547</AltitudeMeters>
            <DistanceMeters>1347.3900146484375</DistanceMeters>
            <HeartRateBpm>
              <Value>93</Value>
            </HeartRateBpm>
            <Extensions>
              <ns3:TPX>
                <ns3:Speed>0.9419999718666077</ns3:Speed>
              </ns3:TPX>
            </Extensions>
          </Trackpoint>
          <Trackpoint>
            <Time>2025-08-14T18:12:25.000Z</Time>
            <Position>
              <LatitudeDegrees>43.365453109145164</LatitudeDegrees>
              <LongitudeDegrees>-2.503769611939788</LongitudeDegrees>
            </Position>
            <AltitudeMeters>21.0</AltitudeMeters>
            <DistanceMeters>1354.3800048828125</DistanceMeters>
            <HeartRateBpm>
              <Value>92</Value>
            </HeartRateBpm>
            <Extensions>
              <ns3:TPX>
                <ns3:Speed>1.0260000228881836</ns3:Speed>
              </ns3:TPX>
            </Extensions>
          </Trackpoint>
          <Trackpoint>
            <Time>2025-08-14T18:12:26.000Z</Time>
            <Position>
              <LatitudeDegrees>43.36545922793448</LatitudeDegrees>
              <LongitudeDegrees>-2.503753937780857</LongitudeDegrees>
            </Position>
            <AltitudeMeters>21.0</AltitudeMeters>
            <DistanceMeters>1356.8399658203125</DistanceMeters>
            <HeartRateBpm>
              <Value>92</Value>
            </HeartRateBpm>
            <Extensions>
              <ns3:TPX>
                <ns3:Speed>1.156999945640564</ns3:Speed>
              </ns3:TPX>
            </Extensions>
          </Trackpoint>
          <Trackpoint>
            <Time>2025-08-14T18:12:32.000Z</Time>
            <Position>
              <LatitudeDegrees>43.3654841221869</LatitudeDegrees>
              <LongitudeDegrees>-2.5036131218075752</LongitudeDegrees>
            </Position>
            <AltitudeMeters>20.799999237060547</AltitudeMeters>
            <DistanceMeters>1365.6199951171875</DistanceMeters>
            <HeartRateBpm>
              <Value>90</Value>
            </HeartRateBpm>
            <Extensions>
              <ns3:TPX>
                <ns3:Speed>0.8579999804496765</ns3:Speed>
              </ns3:TPX>
            </Extensions>
          </Trackpoint>
          <Trackpoint>
            <Time>2025-08-14T18:12:35.000Z</Time>
            <Position>
              <LatitudeDegrees>43.365508345887065</LatitudeDegrees>
              <LongitudeDegrees>-2.503568949177861</LongitudeDegrees>
            </Position>
            <AltitudeMeters>20.799999237060547</AltitudeMeters>
            <DistanceMeters>1369.6099853515625</DistanceMeters>
            <HeartRateBpm>
              <Value>92</Value>
            </HeartRateBpm>
            <Extensions>
              <ns3:TPX>
                <ns3:Speed>1.38100004196167</ns3:Speed>
              </ns3:TPX>
            </Extensions>
          </Trackpoint>
          <Trackpoint>
            <Time>2025-08-14T18:12:38.000Z</Time>
            <Position>
              <LatitudeDegrees>43.36553315632045</LatitudeDegrees>
              <LongitudeDegrees>-2.503523603081703</LongitudeDegrees>
            </Position>
            <AltitudeMeters>20.799999237060547</AltitudeMeters>
            <DistanceMeters>1374.2900390625</DistanceMeters>
            <HeartRateBpm>
              <Value>89</Value>
            </HeartRateBpm>
            <Extensions>
              <ns3:TPX>
                <ns3:Speed>1.128999948501587</ns3:Speed>
              </ns3:TPX>
            </Extensions>
          </Trackpoint>
          <Trackpoint>
            <Time>2025-08-14T18:12:39.000Z</Time>
            <Position>
              <LatitudeDegrees>43.365537179633975</LatitudeDegrees>
              <LongitudeDegrees>-2.503511030226946</LongitudeDegrees>
            </Position>
            <AltitudeMeters>20.799999237060547</AltitudeMeters>
            <DistanceMeters>1376.06005859375</DistanceMeters>
            <HeartRateBpm>
              <Value>90</Value>
            </HeartRateBpm>
            <Extensions>
              <ns3:TPX>
                <ns3:Speed>1.1660000085830688</ns3:Speed>
              </ns3:TPX>
            </Extensions>
          </Trackpoint>
          <Trackpoint>
            <Time>2025-08-14T18:12:40.000Z</Time>
            <Position>
              <LatitudeDegrees>43.3655393589288</LatitudeDegrees>
              <LongitudeDegrees>-2.5035108625888824</LongitudeDegrees>
            </Position>
            <AltitudeMeters>20.799999237060547</AltitudeMeters>
            <DistanceMeters>1376.6800537109375</DistanceMeters>
            <HeartRateBpm>
              <Value>89</Value>
            </HeartRateBpm>
            <Extensions>
              <ns3:TPX>
                <ns3:Speed>1.1660000085830688</ns3:Speed>
              </ns3:TPX>
            </Extensions>
          </Trackpoint>
          <Trackpoint>
            <Time>2025-08-14T18:12:43.000Z</Time>
            <Position>
              <LatitudeDegrees>43.36554673500359</LatitudeDegrees>
              <LongitudeDegrees>-2.503488566726446</LongitudeDegrees>
            </Position>
            <AltitudeMeters>20.600000381469727</AltitudeMeters>
            <DistanceMeters>1378.77001953125</DistanceMeters>
            <HeartRateBpm>
              <Value>89</Value>
            </HeartRateBpm>
            <Extensions>
              <ns3:TPX>
                <ns3:Speed>1.1200000047683716</ns3:Speed>
              </ns3:TPX>
            </Extensions>
          </Trackpoint>
          <Trackpoint>
            <Time>2025-08-14T18:12:44.000Z</Time>
            <Position>
              <LatitudeDegrees>43.365551847964525</LatitudeDegrees>
              <LongitudeDegrees>-2.503481274470687</LongitudeDegrees>
            </Position>
            <AltitudeMeters>20.600000381469727</AltitudeMeters>
            <DistanceMeters>1378.77001953125</DistanceMeters>
            <HeartRateBpm>
              <Value>89</Value>
            </HeartRateBpm>
            <Extensions>
              <ns3:TPX>
                <ns3:Speed>1.1380000114440918</ns3:Speed>
              </ns3:TPX>
            </Extensions>
          </Trackpoint>
          <Trackpoint>
            <Time>2025-08-14T18:12:46.000Z</Time>
            <Position>
              <LatitudeDegrees>43.3655739761889</LatitudeDegrees>
              <LongitudeDegrees>-2.503473060205579</LongitudeDegrees>
            </Position>
            <AltitudeMeters>20.399999618530273</AltitudeMeters>
            <DistanceMeters>1380.0899658203125</DistanceMeters>
            <HeartRateBpm>
              <Value>87</Value>
            </HeartRateBpm>
            <Extensions>
              <ns3:TPX>
                <ns3:Speed>1.194000005722046</ns3:Speed>
              </ns3:TPX>
            </Extensions>
          </Trackpoint>
          <Trackpoint>
            <Time>2025-08-14T18:12:48.000Z</Time>
            <Position>
              <LatitudeDegrees>43.365600630640984</LatitudeDegrees>
              <LongitudeDegrees>-2.503466522321105</LongitudeDegrees>
            </Position>
            <AltitudeMeters>20.399999618530273</AltitudeMeters>
            <DistanceMeters>1380.449951171875</DistanceMeters>
            <HeartRateBpm>
              <Value>89</Value>
            </HeartRateBpm>
            <Extensions>
              <ns3:TPX>
                <ns3:Speed>1.184999942779541</ns3:Speed>
              </ns3:TPX>
            </Extensions>
          </Trackpoint>
          <Trackpoint>
            <Time>2025-08-14T18:12:50.000Z</Time>
            <Position>
              <LatitudeDegrees>43.36561035364866</LatitudeDegrees>
              <LongitudeDegrees>-2.5034437235444784</LongitudeDegrees>
            </Position>
            <AltitudeMeters>20.399999618530273</AltitudeMeters>
            <DistanceMeters>1380.9300537109375</DistanceMeters>
            <HeartRateBpm>
              <Value>90</Value>
            </HeartRateBpm>
            <Extensions>
              <ns3:TPX>
                <ns3:Speed>1.1660000085830688</ns3:Speed>
              </ns3:TPX>
            </Extensions>
          </Trackpoint>
          <Trackpoint>
            <Time>2025-08-14T18:12:51.000Z</Time>
            <Position>
              <LatitudeDegrees>43.365610940381885</LatitudeDegrees>
              <LongitudeDegrees>-2.503428300842643</LongitudeDegrees>
            </Position>
            <AltitudeMeters>20.399999618530273</AltitudeMeters>
            <DistanceMeters>1382.06005859375</DistanceMeters>
            <HeartRateBpm>
              <Value>90</Value>
            </HeartRateBpm>
            <Extensions>
              <ns3:TPX>
                <ns3:Speed>1.156999945640564</ns3:Speed>
              </ns3:TPX>
            </Extensions>
          </Trackpoint>
          <Trackpoint>
            <Time>2025-08-14T18:12:55.000Z</Time>
            <Position>
              <LatitudeDegrees>43.36564346216619</LatitudeDegrees>
              <LongitudeDegrees>-2.50344037078321</LongitudeDegrees>
            </Position>
            <AltitudeMeters>20.399999618530273</AltitudeMeters>
            <DistanceMeters>1384.4300537109375</DistanceMeters>
            <HeartRateBpm>
              <Value>88</Value>
            </HeartRateBpm>
            <Extensions>
              <ns3:TPX>
                <ns3:Speed>1.128999948501587</ns3:Speed>
              </ns3:TPX>
            </Extensions>
          </Trackpoint>
          <Trackpoint>
            <Time>2025-08-14T18:12:57.000Z</Time>
            <Position>
              <LatitudeDegrees>43.365663662552834</LatitudeDegrees>
              <LongitudeDegrees>-2.503441460430622</LongitudeDegrees>
            </Position>
            <AltitudeMeters>20.399999618530273</AltitudeMeters>
            <DistanceMeters>1385.6700439453125</DistanceMeters>
            <HeartRateBpm>
              <Value>90</Value>
            </HeartRateBpm>
            <Extensions>
              <ns3:TPX>
                <ns3:Speed>1.1200000047683716</ns3:Speed>
              </ns3:TPX>
            </Extensions>
          </Trackpoint>
          <Trackpoint>
            <Time>2025-08-14T18:13:01.000Z</Time>
            <Position>
              <LatitudeDegrees>43.365692999213934</LatitudeDegrees>
              <LongitudeDegrees>-2.5034602358937263</LongitudeDegrees>
            </Position>
            <AltitudeMeters>20.399999618530273</AltitudeMeters>
            <DistanceMeters>1386.2900390625</DistanceMeters>
            <HeartRateBpm>
              <Value>90</Value>
            </HeartRateBpm>
            <Extensions>
              <ns3:TPX>
                <ns3:Speed>1.0729999542236328</ns3:Speed>
              </ns3:TPX>
            </Extensions>
          </Trackpoint>
          <Trackpoint>
            <Time>2025-08-14T18:13:03.000Z</Time>
            <Position>
              <LatitudeDegrees>43.365703308954835</LatitudeDegrees>
              <LongitudeDegrees>-2.5034739822149277</LongitudeDegrees>
            </Position>
            <AltitudeMeters>20.399999618530273</AltitudeMeters>
            <DistanceMeters>1389.530029296875</DistanceMeters>
            <HeartRateBpm>
              <Value>92</Value>
            </HeartRateBpm>
            <Extensions>
              <ns3:TPX>
                <ns3:Speed>1.0729999542236328</ns3:Speed>
              </ns3:TPX>
            </Extensions>
          </Trackpoint>
          <Trackpoint>
            <Time>2025-08-14T18:13:06.000Z</Time>
            <Position>
              <LatitudeDegrees>43.36572661064565</LatitudeDegrees>
              <LongitudeDegrees>-2.5034552067518234</LongitudeDegrees>
            </Position>
            <AltitudeMeters>20.600000381469727</AltitudeMeters>
            <DistanceMeters>1391.6300048828125</DistanceMeters>
            <HeartRateBpm>
              <Value>92</Value>
            </HeartRateBpm>
            <Extensions>
              <ns3:TPX>
                <ns3:Speed>1.1100000143051147</ns3:Speed>
              </ns3:TPX>
            </Extensions>
          </Trackpoint>
          <Trackpoint>
            <Time>2025-08-14T18:13:09.000Z</Time>
            <Position>
              <LatitudeDegrees>43.36576181463897</LatitudeDegrees>
              <LongitudeDegrees>-2.5034716352820396</LongitudeDegrees>
            </Position>
            <AltitudeMeters>20.600000381469727</AltitudeMeters>
            <DistanceMeters>1391.6300048828125</DistanceMeters>
            <HeartRateBpm>
              <Value>95</Value>
            </HeartRateBpm>
            <Extensions>
              <ns3:TPX>
                <ns3:Speed>1.1100000143051147</ns3:Speed>
              </ns3:TPX>
            </Extensions>
          </Trackpoint>
          <Trackpoint>
            <Time>2025-08-14T18:13:11.000Z</Time>
            <Position>
              <LatitudeDegrees>43.36578033864498</LatitudeDegrees>
              <LongitudeDegrees>-2.5034804362803698</LongitudeDegrees>
            </Position>
            <AltitudeMeters>20.799999237060547</AltitudeMeters>
            <DistanceMeters>1391.8399658203125</DistanceMeters>
            <HeartRateBpm>
              <Value>96</Value>
            </HeartRateBpm>
            <Extensions>
              <ns3:TPX>
                <ns3:Speed>1.2319999933242798</ns3:Speed>
              </ns3:TPX>
            </Extensions>
          </Trackpoint>
          <Trackpoint>
            <Time>2025-08-14T18:13:15.000Z</Time>
            <Position>
              <LatitudeDegrees>43.36581545881927</LatitudeDegrees>
              <LongitudeDegrees>-2.503508096560836</LongitudeDegrees>
            </Position>
            <AltitudeMeters>20.799999237060547</AltitudeMeters>
            <DistanceMeters>1394.4300537109375</DistanceMeters>
            <HeartRateBpm>
              <Value>93</Value>
            </HeartRateBpm>
            <Extensions>
              <ns3:TPX>
                <ns3:Speed>1.0820000171661377</ns3:Speed>
              </ns3:TPX>
            </Extensions>
          </Trackpoint>
          <Trackpoint>
            <Time>2025-08-14T18:13:17.000Z</Time>
            <Position>
              <LatitudeDegrees>43.36584219709039</LatitudeDegrees>
              <LongitudeDegrees>-2.503506587818265</LongitudeDegrees>
            </Position>
            <AltitudeMeters>21.0</AltitudeMeters>
            <DistanceMeters>1395.6099853515625</DistanceMeters>
            <HeartRateBpm>
              <Value>94</Value>
            </HeartRateBpm>
            <Extensions>
              <ns3:TPX>
                <ns3:Speed>1.0640000104904175</ns3:Speed>
              </ns3:TPX>
            </Extensions>
          </Trackpoint>
          <Trackpoint>
            <Time>2025-08-14T18:13:19.000Z</Time>
            <Position>
              <LatitudeDegrees>43.365866504609585</LatitudeDegrees>
              <LongitudeDegrees>-2.503497786819935</LongitudeDegrees>
            </Position>
            <AltitudeMeters>20.799999237060547</AltitudeMeters>
            <DistanceMeters>1399.780029296875</DistanceMeters>
            <HeartRateBpm>
              <Value>91</Value>
            </HeartRateBpm>
            <Extensions>
              <ns3:TPX>
                <ns3:Speed>1.0540000200271606</ns3:Speed>
              </ns3:TPX>
            </Extensions>
          </Trackpoint>
          <Trackpoint>
            <Time>2025-08-14T18:13:21.000Z</Time>
            <Position>
              <LatitudeDegrees>43.365877820178866</LatitudeDegrees>
              <LongitudeDegrees>-2.5034967809915543</LongitudeDegrees>
            </Position>
            <AltitudeMeters>21.0</AltitudeMeters>
            <DistanceMeters>1401.6500244140625</DistanceMeters>
            <HeartRateBpm>
              <Value>91</Value>
            </HeartRateBpm>
            <Extensions>
              <ns3:TPX>
                <ns3:Speed>1.1200000047683716</ns3:Speed>
              </ns3:TPX>
            </Extensions>
          </Trackpoint>
          <Trackpoint>
            <Time>2025-08-14T18:13:24.000Z</Time>
            <Position>
              <LatitudeDegrees>43.365911934524775</LatitudeDegrees>
              <LongitudeDegrees>-2.503504492342472</LongitudeDegrees>
            </Position>
            <AltitudeMeters>21.200000762939453</AltitudeMeters>
            <DistanceMeters>1404.949951171875</DistanceMeters>
            <HeartRateBpm>
              <Value>89</Value>
            </HeartRateBpm>
            <Extensions>
              <ns3:TPX>
                <ns3:Speed>1.1009999513626099</ns3:Speed>
              </ns3:TPX>
            </Extensions>
          </Trackpoint>
          <Trackpoint>
            <Time>2025-08-14T18:13:25.000Z</Time>
            <Position>
              <LatitudeDegrees>43.36593112908304</LatitudeDegrees>
              <LongitudeDegrees>-2.5035043247044086</LongitudeDegrees>
            </Position>
            <AltitudeMeters>21.200000762939453</AltitudeMeters>
            <DistanceMeters>1406.06005859375</DistanceMeters>
            <HeartRateBpm>
              <Value>89</Value>
            </HeartRateBpm>
            <Extensions>
              <ns3:TPX>
                <ns3:Speed>1.1009999513626099</ns3:Speed>
              </ns3:TPX>
            </Extensions>
          </Trackpoint>
          <Trackpoint>
            <Time>2025-08-14T18:13:26.000Z</Time>
            <Position>
              <LatitudeDegrees>43.36594252847135</LatitudeDegrees>
              <LongitudeDegrees>-2.5035066716372967</LongitudeDegrees>
            </Position>
            <AltitudeMeters>21.200000762939453</AltitudeMeters>
            <DistanceMeters>1407.1600341796875</DistanceMeters>
            <HeartRateBpm>
              <Value>89</Value>
            </HeartRateBpm>
            <Extensions>
              <ns3:TPX>
                <ns3:Speed>1.1009999513626099</ns3:Speed>
              </ns3:TPX>
            </Extensions>
          </Trackpoint>
          <Trackpoint>
            <Time>2025-08-14T18:13:30.000Z</Time>
            <Position>
              <LatitudeDegrees>43.36600069887936</LatitudeDegrees>
              <LongitudeDegrees>-2.503526033833623</LongitudeDegrees>
            </Position>
            <AltitudeMeters>21.399999618530273</AltitudeMeters>
            <DistanceMeters>1410.0899658203125</DistanceMeters>
            <HeartRateBpm>
              <Value>92</Value>
            </HeartRateBpm>
            <Extensions>
              <ns3:TPX>
                <ns3:Speed>1.0449999570846558</ns3:Speed>
              </ns3:TPX>
            </Extensions>
          </Trackpoint>
          <Trackpoint>
            <Time>2025-08-14T18:13:32.000Z</Time>
            <Position>
              <LatitudeDegrees>43.366030706092715</LatitudeDegrees>
              <LongitudeDegrees>-2.5035403668880463</LongitudeDegrees>
            </Position>
            <AltitudeMeters>21.600000381469727</AltitudeMeters>
            <DistanceMeters>1410.0899658203125</DistanceMeters>
            <HeartRateBpm>
              <Value>94</Value>
            </HeartRateBpm>
            <Extensions>
              <ns3:TPX>
                <ns3:Speed>1.0360000133514404</ns3:Speed>
              </ns3:TPX>
            </Extensions>
          </Trackpoint>
          <Trackpoint>
            <Time>2025-08-14T18:13:38.000Z</Time>
            <Position>
              <LatitudeDegrees>43.366107400506735</LatitudeDegrees>
              <LongitudeDegrees>-2.50362167134881</LongitudeDegrees>
            </Position>
            <AltitudeMeters>22.0</AltitudeMeters>
            <DistanceMeters>1418.6099853515625</DistanceMeters>
            <HeartRateBpm>
              <Value>92</Value>
            </HeartRateBpm>
            <Extensions>
              <ns3:TPX>
                <ns3:Speed>0.9890000224113464</ns3:Speed>
              </ns3:TPX>
            </Extensions>
          </Trackpoint>
          <Trackpoint>
            <Time>2025-08-14T18:13:41.000Z</Time>
            <Position>
              <LatitudeDegrees>43.3661696780473</LatitudeDegrees>
              <LongitudeDegrees>-2.503666263073683</LongitudeDegrees>
            </Position>
            <AltitudeMeters>22.0</AltitudeMeters>
            <DistanceMeters>1419.6300048828125</DistanceMeters>
            <HeartRateBpm>
              <Value>91</Value>
            </HeartRateBpm>
            <Extensions>
              <ns3:TPX>
                <ns3:Speed>0.9700000286102295</ns3:Speed>
              </ns3:TPX>
            </Extensions>
          </Trackpoint>
          <Trackpoint>
            <Time>2025-08-14T18:13:44.000Z</Time>
            <Position>
              <LatitudeDegrees>43.36620722897351</LatitudeDegrees>
              <LongitudeDegrees>-2.503670286387205</LongitudeDegrees>
            </Position>
            <AltitudeMeters>22.200000762939453</AltitudeMeters>
            <DistanceMeters>1420.56005859375</DistanceMeters>
            <HeartRateBpm>
              <Value>94</Value>
            </HeartRateBpm>
            <Extensions>
              <ns3:TPX>
                <ns3:Speed>0.9890000224113464</ns3:Speed>
              </ns3:TPX>
            </Extensions>
          </Trackpoint>
          <Trackpoint>
            <Time>2025-08-14T18:13:46.000Z</Time>
            <Position>
              <LatitudeDegrees>43.3662473782897</LatitudeDegrees>
              <LongitudeDegrees>-2.5036713760346174</LongitudeDegrees>
            </Position>
            <AltitudeMeters>22.200000762939453</AltitudeMeters>
            <DistanceMeters>1420.56005859375</DistanceMeters>
            <HeartRateBpm>
              <Value>93</Value>
            </HeartRateBpm>
            <Extensions>
              <ns3:TPX>
                <ns3:Speed>0.9419999718666077</ns3:Speed>
              </ns3:TPX>
            </Extensions>
          </Trackpoint>
          <Trackpoint>
            <Time>2025-08-14T18:13:48.000Z</Time>
            <Position>
              <LatitudeDegrees>43.36625567637384</LatitudeDegrees>
              <LongitudeDegrees>-2.503680596128106</LongitudeDegrees>
            </Position>
            <AltitudeMeters>22.399999618530273</AltitudeMeters>
            <DistanceMeters>1420.56005859375</DistanceMeters>
            <HeartRateBpm>
              <Value>94</Value>
            </HeartRateBpm>
            <Extensions>
              <ns3:TPX>
                <ns3:Speed>0.9419999718666077</ns3:Speed>
              </ns3:TPX>
            </Extensions>
          </Trackpoint>
          <Trackpoint>
            <Time>2025-08-14T18:13:52.000Z</Time>
            <Position>
              <LatitudeDegrees>43.366256095469</LatitudeDegrees>
              <LongitudeDegrees>-2.5037328992038965</LongitudeDegrees>
            </Position>
            <AltitudeMeters>22.799999237060547</AltitudeMeters>
            <DistanceMeters>1422.5999755859375</DistanceMeters>
            <HeartRateBpm>
              <Value>94</Value>
            </HeartRateBpm>
            <Extensions>
              <ns3:TPX>
                <ns3:Speed>1.0080000162124634</ns3:Speed>
              </ns3:TPX>
            </Extensions>
          </Trackpoint>
          <Trackpoint>
            <Time>2025-08-14T18:13:53.000Z</Time>
            <Position>
              <LatitudeDegrees>43.36626682430506</LatitudeDegrees>
              <LongitudeDegrees>-2.50373893417418</LongitudeDegrees>
            </Position>
            <AltitudeMeters>22.799999237060547</AltitudeMeters>
            <DistanceMeters>1424.0</DistanceMeters>
            <HeartRateBpm>
              <Value>94</Value>
            </HeartRateBpm>
            <Extensions>
              <ns3:TPX>
                <ns3:Speed>0.9700000286102295</ns3:Speed>
              </ns3:TPX>
            </Extensions>
          </Trackpoint>
          <Trackpoint>
            <Time>2025-08-14T18:13:55.000Z</Time>
            <Position>
              <LatitudeDegrees>43.36628266610205</LatitudeDegrees>
              <LongitudeDegrees>-2.503748321905732</LongitudeDegrees>
            </Position>
            <AltitudeMeters>23.0</AltitudeMeters>
            <DistanceMeters>1425.8299560546875</DistanceMeters>
            <HeartRateBpm>
              <Value>94</Value>
            </HeartRateBpm>
            <Extensions>
              <ns3:TPX>
                <ns3:Speed>0.9520000219345093</ns3:Speed>
              </ns3:TPX>
            </Extensions>
          </Trackpoint>
          <Trackpoint>
            <Time>2025-08-14T18:13:57.000Z</Time>
            <Position>
              <LatitudeDegrees>43.36628685705364</LatitudeDegrees>
              <LongitudeDegrees>-2.503768354654312</LongitudeDegrees>
            </Position>
            <AltitudeMeters>23.200000762939453</AltitudeMeters>
            <DistanceMeters>1428.3900146484375</DistanceMeters>
            <HeartRateBpm>
              <Value>94</Value>
            </HeartRateBpm>
            <Extensions>
              <ns3:TPX>
                <ns3:Speed>0.9419999718666077</ns3:Speed>
              </ns3:TPX>
            </Extensions>
          </Trackpoint>
          <Trackpoint>
            <Time>2025-08-14T18:13:59.000Z</Time>
            <Position>
              <LatitudeDegrees>43.36627537384629</LatitudeDegrees>
              <LongitudeDegrees>-2.503797858953476</LongitudeDegrees>
            </Position>
            <AltitudeMeters>23.399999618530273</AltitudeMeters>
            <DistanceMeters>1451.239990234375</DistanceMeters>
            <HeartRateBpm>
              <Value>93</Value>
            </HeartRateBpm>
            <Extensions>
              <ns3:TPX>
                <ns3:Speed>0.9700000286102295</ns3:Speed>
              </ns3:TPX>
            </Extensions>
          </Trackpoint>
          <Trackpoint>
            <Time>2025-08-14T18:14:00.000Z</Time>
            <Position>
              <LatitudeDegrees>43.36627034470439</LatitudeDegrees>
              <LongitudeDegrees>-2.5038043968379498</LongitudeDegrees>
            </Position>
            <AltitudeMeters>23.399999618530273</AltitudeMeters>
            <DistanceMeters>1453.4200439453125</DistanceMeters>
            <HeartRateBpm>
              <Value>94</Value>
            </HeartRateBpm>
            <Extensions>
              <ns3:TPX>
                <ns3:Speed>1.1100000143051147</ns3:Speed>
              </ns3:TPX>
            </Extensions>
          </Trackpoint>
          <Trackpoint>
            <Time>2025-08-14T18:14:04.000Z</Time>
            <Position>
              <LatitudeDegrees>43.36626514792442</LatitudeDegrees>
              <LongitudeDegrees>-2.5038339011371136</LongitudeDegrees>
            </Position>
            <AltitudeMeters>23.600000381469727</AltitudeMeters>
            <DistanceMeters>1462.780029296875</DistanceMeters>
            <HeartRateBpm>
              <Value>97</Value>
            </HeartRateBpm>
            <Extensions>
              <ns3:TPX>
                <ns3:Speed>1.315999984741211</ns3:Speed>
              </ns3:TPX>
            </Extensions>
          </Trackpoint>
          <Trackpoint>
            <Time>2025-08-14T18:14:06.000Z</Time>
            <Position>
              <LatitudeDegrees>43.36627185344696</LatitudeDegrees>
              <LongitudeDegrees>-2.503853179514408</LongitudeDegrees>
            </Position>
            <AltitudeMeters>23.799999237060547</AltitudeMeters>
            <DistanceMeters>1465.22998046875</DistanceMeters>
            <HeartRateBpm>
              <Value>94</Value>
            </HeartRateBpm>
            <Extensions>
              <ns3:TPX>
                <ns3:Speed>1.343999981880188</ns3:Speed>
              </ns3:TPX>
            </Extensions>
          </Trackpoint>
          <Trackpoint>
            <Time>2025-08-14T18:14:07.000Z</Time>
            <Position>
              <LatitudeDegrees>43.3662748709321</LatitudeDegrees>
              <LongitudeDegrees>-2.5038580410182476</LongitudeDegrees>
            </Position>
            <AltitudeMeters>23.799999237060547</AltitudeMeters>
            <DistanceMeters>1466.25</DistanceMeters>
            <HeartRateBpm>
              <Value>92</Value>
            </HeartRateBpm>
            <Extensions>
              <ns3:TPX>
                <ns3:Speed>1.343999981880188</ns3:Speed>
              </ns3:TPX>
            </Extensions>
          </Trackpoint>
          <Trackpoint>
            <Time>2025-08-14T18:14:10.000Z</Time>
            <Position>
              <LatitudeDegrees>43.366290125995874</LatitudeDegrees>
              <LongitudeDegrees>-2.503892323002219</LongitudeDegrees>
            </Position>
            <AltitudeMeters>23.799999237060547</AltitudeMeters>
            <DistanceMeters>1469.0</DistanceMeters>
            <HeartRateBpm>
              <Value>89</Value>
            </HeartRateBpm>
            <Extensions>
              <ns3:TPX>
                <ns3:Speed>1.2410000562667847</ns3:Speed>
              </ns3:TPX>
            </Extensions>
          </Trackpoint>
          <Trackpoint>
            <Time>2025-08-14T18:14:11.000Z</Time>
            <Position>
              <LatitudeDegrees>43.36629666388035</LatitudeDegrees>
              <LongitudeDegrees>-2.503918642178178</LongitudeDegrees>
            </Position>
            <AltitudeMeters>24.0</AltitudeMeters>
            <DistanceMeters>1469.6300048828125</DistanceMeters>
            <HeartRateBpm>
              <Value>89</Value>
            </HeartRateBpm>
            <Extensions>
              <ns3:TPX>
                <ns3:Speed>1.2410000562667847</ns3:Speed>
              </ns3:TPX>
            </Extensions>
          </Trackpoint>
          <Trackpoint>
            <Time>2025-08-14T18:14:13.000Z</Time>
            <Position>
              <LatitudeDegrees>43.3663078956306</LatitudeDegrees>
              <LongitudeDegrees>-2.503979578614235</LongitudeDegrees>
            </Position>
            <AltitudeMeters>24.399999618530273</AltitudeMeters>
            <DistanceMeters>1471.969970703125</DistanceMeters>
            <HeartRateBpm>
              <Value>92</Value>
            </HeartRateBpm>
            <Extensions>
              <ns3:TPX>
                <ns3:Speed>1.222000002861023</ns3:Speed>
              </ns3:TPX>
            </Extensions>
          </Trackpoint>
          <Trackpoint>
            <Time>2025-08-14T18:14:15.000Z</Time>
            <Position>
              <LatitudeDegrees>43.36633631028235</LatitudeDegrees>
              <LongitudeDegrees>-2.503981003537774</LongitudeDegrees>
            </Position>
            <AltitudeMeters>24.399999618530273</AltitudeMeters>
            <DistanceMeters>1473.8399658203125</DistanceMeters>
            <HeartRateBpm>
              <Value>92</Value>
            </HeartRateBpm>
            <Extensions>
              <ns3:TPX>
                <ns3:Speed>1.25</ns3:Speed>
              </ns3:TPX>
            </Extensions>
          </Trackpoint>
          <Trackpoint>
            <Time>2025-08-14T18:14:17.000Z</Time>
            <Position>
              <LatitudeDegrees>43.366369251161814</LatitudeDegrees>
              <LongitudeDegrees>-2.5039411056786776</LongitudeDegrees>
            </Position>
            <AltitudeMeters>24.600000381469727</AltitudeMeters>
            <DistanceMeters>1476.3599853515625</DistanceMeters>
            <HeartRateBpm>
              <Value>92</Value>
            </HeartRateBpm>
            <Extensions>
              <ns3:TPX>
                <ns3:Speed>1.2319999933242798</ns3:Speed>
              </ns3:TPX>
            </Extensions>
          </Trackpoint>
          <Trackpoint>
            <Time>2025-08-14T18:14:20.000Z</Time>
            <Position>
              <LatitudeDegrees>43.36642147041857</LatitudeDegrees>
              <LongitudeDegrees>-2.503864746540785</LongitudeDegrees>
            </Position>
            <AltitudeMeters>25.0</AltitudeMeters>
            <DistanceMeters>1480.449951171875</DistanceMeters>
            <HeartRateBpm>
              <Value>94</Value>
            </HeartRateBpm>
            <Extensions>
              <ns3:TPX>
                <ns3:Speed>1.1380000114440918</ns3:Speed>
              </ns3:TPX>
            </Extensions>
          </Trackpoint>
          <Trackpoint>
            <Time>2025-08-14T18:14:21.000Z</Time>
            <Position>
              <LatitudeDegrees>43.366434294730425</LatitudeDegrees>
              <LongitudeDegrees>-2.5038542691618204</LongitudeDegrees>
            </Position>
            <AltitudeMeters>25.200000762939453</AltitudeMeters>
            <DistanceMeters>1483.010009765625</DistanceMeters>
            <HeartRateBpm>
              <Value>92</Value>
            </HeartRateBpm>
            <Extensions>
              <ns3:TPX>
                <ns3:Speed>1.1380000114440918</ns3:Speed>
              </ns3:TPX>
            </Extensions>
          </Trackpoint>
          <Trackpoint>
            <Time>2025-08-14T18:14:24.000Z</Time>
            <Position>
              <LatitudeDegrees>43.366476371884346</LatitudeDegrees>
              <LongitudeDegrees>-2.503821160644293</LongitudeDegrees>
            </Position>
            <AltitudeMeters>25.200000762939453</AltitudeMeters>
            <DistanceMeters>1487.8900146484375</DistanceMeters>
            <HeartRateBpm>
              <Value>95</Value>
            </HeartRateBpm>
            <Extensions>
              <ns3:TPX>
                <ns3:Speed>1.2599999904632568</ns3:Speed>
              </ns3:TPX>
            </Extensions>
          </Trackpoint>
          <Trackpoint>
            <Time>2025-08-14T18:14:25.000Z</Time>
            <Position>
              <LatitudeDegrees>43.36649028584361</LatitudeDegrees>
              <LongitudeDegrees>-2.5038207415491343</LongitudeDegrees>
            </Position>
            <AltitudeMeters>25.399999618530273</AltitudeMeters>
            <DistanceMeters>1489.3900146484375</DistanceMeters>
            <HeartRateBpm>
              <Value>95</Value>
            </HeartRateBpm>
            <Extensions>
              <ns3:TPX>
                <ns3:Speed>1.2690000534057617</ns3:Speed>
              </ns3:TPX>
            </Extensions>
          </Trackpoint>
          <Trackpoint>
            <Time>2025-08-14T18:14:26.000Z</Time>
            <Position>
              <LatitudeDegrees>43.36650436744094</LatitudeDegrees>
              <LongitudeDegrees>-2.5038173887878656</LongitudeDegrees>
            </Position>
            <AltitudeMeters>25.399999618530273</AltitudeMeters>
            <DistanceMeters>1490.18994140625</DistanceMeters>
            <HeartRateBpm>
              <Value>95</Value>
            </HeartRateBpm>
            <Extensions>
              <ns3:TPX>
                <ns3:Speed>1.2690000534057617</ns3:Speed>
              </ns3:TPX>
            </Extensions>
          </Trackpoint>
          <Trackpoint>
            <Time>2025-08-14T18:14:28.000Z</Time>
            <Position>
              <LatitudeDegrees>43.36653186008334</LatitudeDegrees>
              <LongitudeDegrees>-2.503820238634944</LongitudeDegrees>
            </Position>
            <AltitudeMeters>25.399999618530273</AltitudeMeters>
            <DistanceMeters>1494.06005859375</DistanceMeters>
            <HeartRateBpm>
              <Value>91</Value>
            </HeartRateBpm>
            <Extensions>
              <ns3:TPX>
                <ns3:Speed>1.2690000534057617</ns3:Speed>
              </ns3:TPX>
            </Extensions>
          </Trackpoint>
          <Trackpoint>
            <Time>2025-08-14T18:14:31.000Z</Time>
            <Position>
              <LatitudeDegrees>43.36657083593309</LatitudeDegrees>
              <LongitudeDegrees>-2.5038157124072313</LongitudeDegrees>
            </Position>
            <AltitudeMeters>25.399999618530273</AltitudeMeters>
            <DistanceMeters>1495.489990234375</DistanceMeters>
            <HeartRateBpm>
              <Value>96</Value>
            </HeartRateBpm>
            <Extensions>
              <ns3:TPX>
                <ns3:Speed>1.277999997138977</ns3:Speed>
              </ns3:TPX>
            </Extensions>
          </Trackpoint>
          <Trackpoint>
            <Time>2025-08-14T18:14:32.000Z</Time>
            <Position>
              <LatitudeDegrees>43.36658500134945</LatitudeDegrees>
              <LongitudeDegrees>-2.5038151256740093</LongitudeDegrees>
            </Position>
            <AltitudeMeters>25.399999618530273</AltitudeMeters>
            <DistanceMeters>1495.989990234375</DistanceMeters>
            <HeartRateBpm>
              <Value>96</Value>
            </HeartRateBpm>
            <Extensions>
              <ns3:TPX>
                <ns3:Speed>1.277999997138977</ns3:Speed>
              </ns3:TPX>
            </Extensions>
          </Trackpoint>
          <Trackpoint>
            <Time>2025-08-14T18:14:34.000Z</Time>
            <Position>
              <LatitudeDegrees>43.366617020219564</LatitudeDegrees>
              <LongitudeDegrees>-2.5038123596459627</LongitudeDegrees>
            </Position>
            <AltitudeMeters>25.600000381469727</AltitudeMeters>
            <DistanceMeters>1497.1800537109375</DistanceMeters>
            <HeartRateBpm>
              <Value>96</Value>
            </HeartRateBpm>
            <Extensions>
              <ns3:TPX>
                <ns3:Speed>1.25</ns3:Speed>
              </ns3:TPX>
            </Extensions>
          </Trackpoint>
          <Trackpoint>
            <Time>2025-08-14T18:14:38.000Z</Time>
            <Position>
              <LatitudeDegrees>43.366706455126405</LatitudeDegrees>
              <LongitudeDegrees>-2.50380733050406</LongitudeDegrees>
            </Position>
            <AltitudeMeters>25.799999237060547</AltitudeMeters>
            <DistanceMeters>1505.0999755859375</DistanceMeters>
            <HeartRateBpm>
              <Value>98</Value>
            </HeartRateBpm>
            <Extensions>
              <ns3:TPX>
                <ns3:Speed>1.222000002861023</ns3:Speed>
              </ns3:TPX>
            </Extensions>
          </Trackpoint>
          <Trackpoint>
            <Time>2025-08-14T18:14:42.000Z</Time>
            <Position>
              <LatitudeDegrees>43.366779293864965</LatitudeDegrees>
              <LongitudeDegrees>-2.503812862560153</LongitudeDegrees>
            </Position>
            <AltitudeMeters>26.0</AltitudeMeters>
            <DistanceMeters>1512.0899658203125</DistanceMeters>
            <HeartRateBpm>
              <Value>99</Value>
            </HeartRateBpm>
            <Extensions>
              <ns3:TPX>
                <ns3:Speed>1.277999997138977</ns3:Speed>
              </ns3:TPX>
            </Extensions>
          </Trackpoint>
          <Trackpoint>
            <Time>2025-08-14T18:14:44.000Z</Time>
            <Position>
              <LatitudeDegrees>43.36681365966797</LatitudeDegrees>
              <LongitudeDegrees>-2.5038189813494682</LongitudeDegrees>
            </Position>
            <AltitudeMeters>26.0</AltitudeMeters>
            <DistanceMeters>1515.1700439453125</DistanceMeters>
            <HeartRateBpm>
              <Value>99</Value>
            </HeartRateBpm>
            <Extensions>
              <ns3:TPX>
                <ns3:Speed>1.2879999876022339</ns3:Speed>
              </ns3:TPX>
            </Extensions>
          </Trackpoint>
          <Trackpoint>
            <Time>2025-08-14T18:14:46.000Z</Time>
            <Position>
              <LatitudeDegrees>43.36685028858483</LatitudeDegrees>
              <LongitudeDegrees>-2.503801127895713</LongitudeDegrees>
            </Position>
            <AltitudeMeters>26.200000762939453</AltitudeMeters>
            <DistanceMeters>1519.3299560546875</DistanceMeters>
            <HeartRateBpm>
              <Value>98</Value>
            </HeartRateBpm>
            <Extensions>
              <ns3:TPX>
                <ns3:Speed>1.305999994277954</ns3:Speed>
              </ns3:TPX>
            </Extensions>
          </Trackpoint>
          <Trackpoint>
            <Time>2025-08-14T18:14:49.000Z</Time>
            <Position>
              <LatitudeDegrees>43.36688540875912</LatitudeDegrees>
              <LongitudeDegrees>-2.5037779100239277</LongitudeDegrees>
            </Position>
            <AltitudeMeters>26.399999618530273</AltitudeMeters>
            <DistanceMeters>1525.0</DistanceMeters>
            <HeartRateBpm>
              <Value>94</Value>
            </HeartRateBpm>
            <Extensions>
              <ns3:TPX>
                <ns3:Speed>1.409000039100647</ns3:Speed>
              </ns3:TPX>
            </Extensions>
          </Trackpoint>
          <Trackpoint>
            <Time>2025-08-14T18:14:50.000Z</Time>
            <Position>
              <LatitudeDegrees>43.36689236573875</LatitudeDegrees>
              <LongitudeDegrees>-2.503780424594879</LongitudeDegrees>
            </Position>
            <AltitudeMeters>26.600000381469727</AltitudeMeters>
            <DistanceMeters>1527.050048828125</DistanceMeters>
            <HeartRateBpm>
              <Value>93</Value>
            </HeartRateBpm>
            <Extensions>
              <ns3:TPX>
                <ns3:Speed>1.4179999828338623</ns3:Speed>
              </ns3:TPX>
            </Extensions>
          </Trackpoint>
          <Trackpoint>
            <Time>2025-08-14T18:14:51.000Z</Time>
            <Position>
              <LatitudeDegrees>43.3669017534703</LatitudeDegrees>
              <LongitudeDegrees>-2.5037818495184183</LongitudeDegrees>
            </Position>
            <AltitudeMeters>26.600000381469727</AltitudeMeters>
            <DistanceMeters>1528.5899658203125</DistanceMeters>
            <HeartRateBpm>
              <Value>93</Value>
            </HeartRateBpm>
            <Extensions>
              <ns3:TPX>
                <ns3:Speed>1.4179999828338623</ns3:Speed>
              </ns3:TPX>
            </Extensions>
          </Trackpoint>
          <Trackpoint>
            <Time>2025-08-14T18:14:56.000Z</Time>
            <Position>
              <LatitudeDegrees>43.36696235463023</LatitudeDegrees>
              <LongitudeDegrees>-2.503811437636614</LongitudeDegrees>
            </Position>
            <AltitudeMeters>26.600000381469727</AltitudeMeters>
            <DistanceMeters>1537.8599853515625</DistanceMeters>
            <HeartRateBpm>
              <Value>94</Value>
            </HeartRateBpm>
            <Extensions>
              <ns3:TPX>
                <ns3:Speed>1.4839999675750732</ns3:Speed>
              </ns3:TPX>
            </Extensions>
          </Trackpoint>
          <Trackpoint>
            <Time>2025-08-14T18:14:58.000Z</Time>
            <Position>
              <LatitudeDegrees>43.36698272265494</LatitudeDegrees>
              <LongitudeDegrees>-2.503815460950136</LongitudeDegrees>
            </Position>
            <AltitudeMeters>26.799999237060547</AltitudeMeters>
            <DistanceMeters>1539.8599853515625</DistanceMeters>
            <HeartRateBpm>
              <Value>97</Value>
            </HeartRateBpm>
            <Extensions>
              <ns3:TPX>
                <ns3:Speed>1.5119999647140503</ns3:Speed>
              </ns3:TPX>
            </Extensions>
          </Trackpoint>
          <Trackpoint>
            <Time>2025-08-14T18:15:02.000Z</Time>
            <Position>
              <LatitudeDegrees>43.3670280687511</LatitudeDegrees>
              <LongitudeDegrees>-2.5038350746035576</LongitudeDegrees>
            </Position>
            <AltitudeMeters>27.200000762939453</AltitudeMeters>
            <DistanceMeters>1544.199951171875</DistanceMeters>
            <HeartRateBpm>
              <Value>93</Value>
            </HeartRateBpm>
            <Extensions>
              <ns3:TPX>
                <ns3:Speed>1.4559999704360962</ns3:Speed>
              </ns3:TPX>
            </Extensions>
          </Trackpoint>
          <Trackpoint>
            <Time>2025-08-14T18:15:03.000Z</Time>
            <Position>
              <LatitudeDegrees>43.3670418150723</LatitudeDegrees>
              <LongitudeDegrees>-2.50383373349905</LongitudeDegrees>
            </Position>
            <AltitudeMeters>27.399999618530273</AltitudeMeters>
            <DistanceMeters>1545.5799560546875</DistanceMeters>
            <HeartRateBpm>
              <Value>92</Value>
            </HeartRateBpm>
            <Extensions>
              <ns3:TPX>
                <ns3:Speed>1.4459999799728394</ns3:Speed>
              </ns3:TPX>
            </Extensions>
          </Trackpoint>
          <Trackpoint>
            <Time>2025-08-14T18:15:04.000Z</Time>
            <Position>
              <LatitudeDegrees>43.367055393755436</LatitudeDegrees>
              <LongitudeDegrees>-2.5038292910903692</LongitudeDegrees>
            </Position>
            <AltitudeMeters>27.399999618530273</AltitudeMeters>
            <DistanceMeters>1546.800048828125</DistanceMeters>
            <HeartRateBpm>
              <Value>91</Value>
            </HeartRateBpm>
            <Extensions>
              <ns3:TPX>
                <ns3:Speed>1.409000039100647</ns3:Speed>
              </ns3:TPX>
            </Extensions>
          </Trackpoint>
          <Trackpoint>
            <Time>2025-08-14T18:15:05.000Z</Time>
            <Position>
              <LatitudeDegrees>43.367067547515035</LatitudeDegrees>
              <LongitudeDegrees>-2.5038288719952106</LongitudeDegrees>
            </Position>
            <AltitudeMeters>27.600000381469727</AltitudeMeters>
            <DistanceMeters>1548.0899658203125</DistanceMeters>
            <HeartRateBpm>
              <Value>91</Value>
            </HeartRateBpm>
            <Extensions>
              <ns3:TPX>
                <ns3:Speed>1.371999979019165</ns3:Speed>
              </ns3:TPX>
            </Extensions>
          </Trackpoint>
          <Trackpoint>
            <Time>2025-08-14T18:15:10.000Z</Time>
            <Position>
              <LatitudeDegrees>43.36712940596044</LatitudeDegrees>
              <LongitudeDegrees>-2.503834404051304</LongitudeDegrees>
            </Position>
            <AltitudeMeters>27.799999237060547</AltitudeMeters>
            <DistanceMeters>1554.489990234375</DistanceMeters>
            <HeartRateBpm>
              <Value>91</Value>
            </HeartRateBpm>
            <Extensions>
              <ns3:TPX>
                <ns3:Speed>1.305999994277954</ns3:Speed>
              </ns3:TPX>
            </Extensions>
          </Trackpoint>
          <Trackpoint>
            <Time>2025-08-14T18:15:13.000Z</Time>
            <Position>
              <LatitudeDegrees>43.36717433296144</LatitudeDegrees>
              <LongitudeDegrees>-2.503835493698716</LongitudeDegrees>
            </Position>
            <AltitudeMeters>27.799999237060547</AltitudeMeters>
            <DistanceMeters>1558.43994140625</DistanceMeters>
            <HeartRateBpm>
              <Value>92</Value>
            </HeartRateBpm>
            <Extensions>
              <ns3:TPX>
                <ns3:Speed>1.315999984741211</ns3:Speed>
              </ns3:TPX>
            </Extensions>
          </Trackpoint>
          <Trackpoint>
            <Time>2025-08-14T18:15:16.000Z</Time>
            <Position>
              <LatitudeDegrees>43.367225378751755</LatitudeDegrees>
              <LongitudeDegrees>-2.5038401037454605</LongitudeDegrees>
            </Position>
            <AltitudeMeters>27.799999237060547</AltitudeMeters>
            <DistanceMeters>1562.739990234375</DistanceMeters>
            <HeartRateBpm>
              <Value>95</Value>
            </HeartRateBpm>
            <Extensions>
              <ns3:TPX>
                <ns3:Speed>1.277999997138977</ns3:Speed>
              </ns3:TPX>
            </Extensions>
          </Trackpoint>
          <Trackpoint>
            <Time>2025-08-14T18:15:22.000Z</Time>
            <Position>
              <LatitudeDegrees>43.3673232793808</LatitudeDegrees>
              <LongitudeDegrees>-2.5038704462349415</LongitudeDegrees>
            </Position>
            <AltitudeMeters>28.0</AltitudeMeters>
            <DistanceMeters>1572.5899658203125</DistanceMeters>
            <HeartRateBpm>
              <Value>92</Value>
            </HeartRateBpm>
            <Extensions>
              <ns3:TPX>
                <ns3:Speed>1.3250000476837158</ns3:Speed>
              </ns3:TPX>
            </Extensions>
          </Trackpoint>
          <Trackpoint>
            <Time>2025-08-14T18:15:28.000Z</Time>
            <Position>
              <LatitudeDegrees>43.36739963851869</LatitudeDegrees>
              <LongitudeDegrees>-2.5038901437073946</LongitudeDegrees>
            </Position>
            <AltitudeMeters>28.0</AltitudeMeters>
            <DistanceMeters>1579.3499755859375</DistanceMeters>
            <HeartRateBpm>
              <Value>94</Value>
            </HeartRateBpm>
            <Extensions>
              <ns3:TPX>
                <ns3:Speed>1.2879999876022339</ns3:Speed>
              </ns3:TPX>
            </Extensions>
          </Trackpoint>
          <Trackpoint>
            <Time>2025-08-14T18:15:35.000Z</Time>
            <Position>
              <LatitudeDegrees>43.36749737150967</LatitudeDegrees>
              <LongitudeDegrees>-2.5039024651050568</LongitudeDegrees>
            </Position>
            <AltitudeMeters>28.399999618530273</AltitudeMeters>
            <DistanceMeters>1589.43994140625</DistanceMeters>
            <HeartRateBpm>
              <Value>94</Value>
            </HeartRateBpm>
            <Extensions>
              <ns3:TPX>
                <ns3:Speed>1.25</ns3:Speed>
              </ns3:TPX>
            </Extensions>
          </Trackpoint>
          <Trackpoint>
            <Time>2025-08-14T18:15:37.000Z</Time>
            <Position>
              <LatitudeDegrees>43.36752042174339</LatitudeDegrees>
              <LongitudeDegrees>-2.503911852836609</LongitudeDegrees>
            </Position>
            <AltitudeMeters>28.600000381469727</AltitudeMeters>
            <DistanceMeters>1592.8199462890625</DistanceMeters>
            <HeartRateBpm>
              <Value>94</Value>
            </HeartRateBpm>
            <Extensions>
              <ns3:TPX>
                <ns3:Speed>1.2690000534057617</ns3:Speed>
              </ns3:TPX>
            </Extensions>
          </Trackpoint>
          <Trackpoint>
            <Time>2025-08-14T18:15:41.000Z</Time>
            <Position>
              <LatitudeDegrees>43.3675788436085</LatitudeDegrees>
              <LongitudeDegrees>-2.5039266888052225</LongitudeDegrees>
            </Position>
            <AltitudeMeters>28.799999237060547</AltitudeMeters>
            <DistanceMeters>1598.1099853515625</DistanceMeters>
            <HeartRateBpm>
              <Value>96</Value>
            </HeartRateBpm>
            <Extensions>
              <ns3:TPX>
                <ns3:Speed>1.277999997138977</ns3:Speed>
              </ns3:TPX>
            </Extensions>
          </Trackpoint>
          <Trackpoint>
            <Time>2025-08-14T18:15:48.000Z</Time>
            <Position>
              <LatitudeDegrees>43.36768831126392</LatitudeDegrees>
              <LongitudeDegrees>-2.503935657441616</LongitudeDegrees>
            </Position>
            <AltitudeMeters>29.200000762939453</AltitudeMeters>
            <DistanceMeters>1611.7099609375</DistanceMeters>
            <HeartRateBpm>
              <Value>97</Value>
            </HeartRateBpm>
            <Extensions>
              <ns3:TPX>
                <ns3:Speed>1.343999981880188</ns3:Speed>
              </ns3:TPX>
            </Extensions>
          </Trackpoint>
          <Trackpoint>
            <Time>2025-08-14T18:15:52.000Z</Time>
            <Position>
              <LatitudeDegrees>43.36776056326926</LatitudeDegrees>
              <LongitudeDegrees>-2.503901794552803</LongitudeDegrees>
            </Position>
            <AltitudeMeters>29.200000762939453</AltitudeMeters>
            <DistanceMeters>1619.9300537109375</DistanceMeters>
            <HeartRateBpm>
              <Value>94</Value>
            </HeartRateBpm>
            <Extensions>
              <ns3:TPX>
                <ns3:Speed>1.465000033378601</ns3:Speed>
              </ns3:TPX>
            </Extensions>
          </Trackpoint>
          <Trackpoint>
            <Time>2025-08-14T18:15:54.000Z</Time>
            <Position>
              <LatitudeDegrees>43.36778646335006</LatitudeDegrees>
              <LongitudeDegrees>-2.5038992799818516</LongitudeDegrees>
            </Position>
            <AltitudeMeters>29.200000762939453</AltitudeMeters>
            <DistanceMeters>1622.3299560546875</DistanceMeters>
            <HeartRateBpm>
              <Value>95</Value>
            </HeartRateBpm>
            <Extensions>
              <ns3:TPX>
                <ns3:Speed>1.5019999742507935</ns3:Speed>
              </ns3:TPX>
            </Extensions>
          </Trackpoint>
          <Trackpoint>
            <Time>2025-08-14T18:15:58.000Z</Time>
            <Position>
              <LatitudeDegrees>43.367821080610156</LatitudeDegrees>
              <LongitudeDegrees>-2.50392802990973</LongitudeDegrees>
            </Position>
            <AltitudeMeters>29.200000762939453</AltitudeMeters>
            <DistanceMeters>1629.3499755859375</DistanceMeters>
            <HeartRateBpm>
              <Value>90</Value>
            </HeartRateBpm>
            <Extensions>
              <ns3:TPX>
                <ns3:Speed>1.4839999675750732</ns3:Speed>
              </ns3:TPX>
            </Extensions>
          </Trackpoint>
          <Trackpoint>
            <Time>2025-08-14T18:15:59.000Z</Time>
            <Position>
              <LatitudeDegrees>43.367829881608486</LatitudeDegrees>
              <LongitudeDegrees>-2.503937082365155</LongitudeDegrees>
            </Position>
            <AltitudeMeters>29.200000762939453</AltitudeMeters>
            <DistanceMeters>1631.1500244140625</DistanceMeters>
            <HeartRateBpm>
              <Value>90</Value>
            </HeartRateBpm>
            <Extensions>
              <ns3:TPX>
                <ns3:Speed>1.5119999647140503</ns3:Speed>
              </ns3:TPX>
            </Extensions>
          </Trackpoint>
          <Trackpoint>
            <Time>2025-08-14T18:16:00.000Z</Time>
            <Position>
              <LatitudeDegrees>43.36784337647259</LatitudeDegrees>
              <LongitudeDegrees>-2.5039449613541365</LongitudeDegrees>
            </Position>
            <AltitudeMeters>29.399999618530273</AltitudeMeters>
            <DistanceMeters>1632.8399658203125</DistanceMeters>
            <HeartRateBpm>
              <Value>90</Value>
            </HeartRateBpm>
            <Extensions>
              <ns3:TPX>
                <ns3:Speed>1.5210000276565552</ns3:Speed>
              </ns3:TPX>
            </Extensions>
          </Trackpoint>
          <Trackpoint>
            <Time>2025-08-14T18:16:01.000Z</Time>
            <Position>
              <LatitudeDegrees>43.36785611696541</LatitudeDegrees>
              <LongitudeDegrees>-2.5039549358189106</LongitudeDegrees>
            </Position>
            <AltitudeMeters>29.399999618530273</AltitudeMeters>
            <DistanceMeters>1634.93994140625</DistanceMeters>
            <HeartRateBpm>
              <Value>90</Value>
            </HeartRateBpm>
            <Extensions>
              <ns3:TPX>
                <ns3:Speed>1.5210000276565552</ns3:Speed>
              </ns3:TPX>
            </Extensions>
          </Trackpoint>
          <Trackpoint>
            <Time>2025-08-14T18:16:07.000Z</Time>
            <Position>
              <LatitudeDegrees>43.36792811751366</LatitudeDegrees>
              <LongitudeDegrees>-2.504006903618574</LongitudeDegrees>
            </Position>
            <AltitudeMeters>29.799999237060547</AltitudeMeters>
            <DistanceMeters>1642.27001953125</DistanceMeters>
            <HeartRateBpm>
              <Value>90</Value>
            </HeartRateBpm>
            <Extensions>
              <ns3:TPX>
                <ns3:Speed>1.5210000276565552</ns3:Speed>
              </ns3:TPX>
            </Extensions>
          </Trackpoint>
          <Trackpoint>
            <Time>2025-08-14T18:16:14.000Z</Time>
            <Position>
              <LatitudeDegrees>43.36800104007125</LatitudeDegrees>
              <LongitudeDegrees>-2.504004053771496</LongitudeDegrees>
            </Position>
            <AltitudeMeters>29.799999237060547</AltitudeMeters>
            <DistanceMeters>1649.989990234375</DistanceMeters>
            <HeartRateBpm>
              <Value>87</Value>
            </HeartRateBpm>
            <Extensions>
              <ns3:TPX>
                <ns3:Speed>1.4459999799728394</ns3:Speed>
              </ns3:TPX>
            </Extensions>
          </Trackpoint>
          <Trackpoint>
            <Time>2025-08-14T18:16:15.000Z</Time>
            <Position>
              <LatitudeDegrees>43.3680173009634</LatitudeDegrees>
              <LongitudeDegrees>-2.50400816090405</LongitudeDegrees>
            </Position>
            <AltitudeMeters>30.0</AltitudeMeters>
            <DistanceMeters>1651.219970703125</DistanceMeters>
            <HeartRateBpm>
              <Value>91</Value>
            </HeartRateBpm>
            <Extensions>
              <ns3:TPX>
                <ns3:Speed>1.4459999799728394</ns3:Speed>
              </ns3:TPX>
            </Extensions>
          </Trackpoint>
          <Trackpoint>
            <Time>2025-08-14T18:16:20.000Z</Time>
            <Position>
              <LatitudeDegrees>43.36809349246323</LatitudeDegrees>
              <LongitudeDegrees>-2.5040356535464525</LongitudeDegrees>
            </Position>
            <AltitudeMeters>30.399999618530273</AltitudeMeters>
            <DistanceMeters>1659.3199462890625</DistanceMeters>
            <HeartRateBpm>
              <Value>92</Value>
            </HeartRateBpm>
            <Extensions>
              <ns3:TPX>
                <ns3:Speed>1.465000033378601</ns3:Speed>
              </ns3:TPX>
            </Extensions>
          </Trackpoint>
          <Trackpoint>
            <Time>2025-08-14T18:16:21.000Z</Time>
            <Position>
              <LatitudeDegrees>43.368109837174416</LatitudeDegrees>
              <LongitudeDegrees>-2.5040409341454506</LongitudeDegrees>
            </Position>
            <AltitudeMeters>30.399999618530273</AltitudeMeters>
            <DistanceMeters>1660.56005859375</DistanceMeters>
            <HeartRateBpm>
              <Value>91</Value>
            </HeartRateBpm>
            <Extensions>
              <ns3:TPX>
                <ns3:Speed>1.465000033378601</ns3:Speed>
              </ns3:TPX>
            </Extensions>
          </Trackpoint>
          <Trackpoint>
            <Time>2025-08-14T18:16:24.000Z</Time>
            <Position>
              <LatitudeDegrees>43.36814931593835</LatitudeDegrees>
              <LongitudeDegrees>-2.5040641520172358</LongitudeDegrees>
            </Position>
            <AltitudeMeters>30.600000381469727</AltitudeMeters>
            <DistanceMeters>1665.2099609375</DistanceMeters>
            <HeartRateBpm>
              <Value>88</Value>
            </HeartRateBpm>
            <Extensions>
              <ns3:TPX>
                <ns3:Speed>1.4459999799728394</ns3:Speed>
              </ns3:TPX>
            </Extensions>
          </Trackpoint>
          <Trackpoint>
            <Time>2025-08-14T18:16:28.000Z</Time>
            <Position>
              <LatitudeDegrees>43.36821645498276</LatitudeDegrees>
              <LongitudeDegrees>-2.5040872022509575</LongitudeDegrees>
            </Position>
            <AltitudeMeters>30.799999237060547</AltitudeMeters>
            <DistanceMeters>1672.97998046875</DistanceMeters>
            <HeartRateBpm>
              <Value>87</Value>
            </HeartRateBpm>
            <Extensions>
              <ns3:TPX>
                <ns3:Speed>1.4739999771118164</ns3:Speed>
              </ns3:TPX>
            </Extensions>
          </Trackpoint>
          <Trackpoint>
            <Time>2025-08-14T18:16:34.000Z</Time>
            <Position>
              <LatitudeDegrees>43.36828610859811</LatitudeDegrees>
              <LongitudeDegrees>-2.5041140243411064</LongitudeDegrees>
            </Position>
            <AltitudeMeters>30.799999237060547</AltitudeMeters>
            <DistanceMeters>1684.43994140625</DistanceMeters>
            <HeartRateBpm>
              <Value>91</Value>
            </HeartRateBpm>
            <Extensions>
              <ns3:TPX>
                <ns3:Speed>1.5679999589920044</ns3:Speed>
              </ns3:TPX>
            </Extensions>
          </Trackpoint>
          <Trackpoint>
            <Time>2025-08-14T18:16:36.000Z</Time>
            <Position>
              <LatitudeDegrees>43.368301866576076</LatitudeDegrees>
              <LongitudeDegrees>-2.504120897501707</LongitudeDegrees>
            </Position>
            <AltitudeMeters>30.799999237060547</AltitudeMeters>
            <DistanceMeters>1687.1199951171875</DistanceMeters>
            <HeartRateBpm>
              <Value>90</Value>
            </HeartRateBpm>
            <Extensions>
              <ns3:TPX>
                <ns3:Speed>1.5770000219345093</ns3:Speed>
              </ns3:TPX>
            </Extensions>
          </Trackpoint>
          <Trackpoint>
            <Time>2025-08-14T18:16:45.000Z</Time>
            <Position>
              <LatitudeDegrees>43.36844285018742</LatitudeDegrees>
              <LongitudeDegrees>-2.5041249208152294</LongitudeDegrees>
            </Position>
            <AltitudeMeters>31.200000762939453</AltitudeMeters>
            <DistanceMeters>1702.0400390625</DistanceMeters>
            <HeartRateBpm>
              <Value>86</Value>
            </HeartRateBpm>
            <Extensions>
              <ns3:TPX>
                <ns3:Speed>1.6419999599456787</ns3:Speed>
              </ns3:TPX>
            </Extensions>
          </Trackpoint>
          <Trackpoint>
            <Time>2025-08-14T18:16:48.000Z</Time>
            <Position>
              <LatitudeDegrees>43.36848400533199</LatitudeDegrees>
              <LongitudeDegrees>-2.5041366554796696</LongitudeDegrees>
            </Position>
            <AltitudeMeters>31.200000762939453</AltitudeMeters>
            <DistanceMeters>1707.3199462890625</DistanceMeters>
            <HeartRateBpm>
              <Value>89</Value>
            </HeartRateBpm>
            <Extensions>
              <ns3:TPX>
                <ns3:Speed>1.6419999599456787</ns3:Speed>
              </ns3:TPX>
            </Extensions>
          </Trackpoint>
          <Trackpoint>
            <Time>2025-08-14T18:16:50.000Z</Time>
            <Position>
              <LatitudeDegrees>43.36850378662348</LatitudeDegrees>
              <LongitudeDegrees>-2.5041602086275816</LongitudeDegrees>
            </Position>
            <AltitudeMeters>31.399999618530273</AltitudeMeters>
            <DistanceMeters>1710.780029296875</DistanceMeters>
            <HeartRateBpm>
              <Value>89</Value>
            </HeartRateBpm>
            <Extensions>
              <ns3:TPX>
                <ns3:Speed>1.6610000133514404</ns3:Speed>
              </ns3:TPX>
            </Extensions>
          </Trackpoint>
          <Trackpoint>
            <Time>2025-08-14T18:16:51.000Z</Time>
            <Position>
              <LatitudeDegrees>43.36851409636438</LatitudeDegrees>
              <LongitudeDegrees>-2.5041669979691505</LongitudeDegrees>
            </Position>
            <AltitudeMeters>31.399999618530273</AltitudeMeters>
            <DistanceMeters>1712.4200439453125</DistanceMeters>
            <HeartRateBpm>
              <Value>90</Value>
            </HeartRateBpm>
            <Extensions>
              <ns3:TPX>
                <ns3:Speed>1.6699999570846558</ns3:Speed>
              </ns3:TPX>
            </Extensions>
          </Trackpoint>
          <Trackpoint>
            <Time>2025-08-14T18:16:52.000Z</Time>
            <Position>
              <LatitudeDegrees>43.368526585400105</LatitudeDegrees>
              <LongitudeDegrees>-2.5041681714355946</LongitudeDegrees>
            </Position>
            <AltitudeMeters>31.399999618530273</AltitudeMeters>
            <DistanceMeters>1713.9100341796875</DistanceMeters>
            <HeartRateBpm>
              <Value>88</Value>
            </HeartRateBpm>
            <Extensions>
              <ns3:TPX>
                <ns3:Speed>1.6699999570846558</ns3:Speed>
              </ns3:TPX>
            </Extensions>
          </Trackpoint>
          <Trackpoint>
            <Time>2025-08-14T18:16:57.000Z</Time>
            <Position>
              <LatitudeDegrees>43.368594478815794</LatitudeDegrees>
              <LongitudeDegrees>-2.504171608015895</LongitudeDegrees>
            </Position>
            <AltitudeMeters>31.399999618530273</AltitudeMeters>
            <DistanceMeters>1721.800048828125</DistanceMeters>
            <HeartRateBpm>
              <Value>91</Value>
            </HeartRateBpm>
            <Extensions>
              <ns3:TPX>
                <ns3:Speed>1.6799999475479126</ns3:Speed>
              </ns3:TPX>
            </Extensions>
          </Trackpoint>
          <Trackpoint>
            <Time>2025-08-14T18:17:00.000Z</Time>
            <Position>
              <LatitudeDegrees>43.36863144300878</LatitudeDegrees>
              <LongitudeDegrees>-2.5041685067117214</LongitudeDegrees>
            </Position>
            <AltitudeMeters>31.399999618530273</AltitudeMeters>
            <DistanceMeters>1726.550048828125</DistanceMeters>
            <HeartRateBpm>
              <Value>89</Value>
            </HeartRateBpm>
            <Extensions>
              <ns3:TPX>
                <ns3:Speed>1.6890000104904175</ns3:Speed>
              </ns3:TPX>
            </Extensions>
          </Trackpoint>
          <Trackpoint>
            <Time>2025-08-14T18:17:04.000Z</Time>
            <Position>
              <LatitudeDegrees>43.36869581602514</LatitudeDegrees>
              <LongitudeDegrees>-2.504198681563139</LongitudeDegrees>
            </Position>
            <AltitudeMeters>32.0</AltitudeMeters>
            <DistanceMeters>1732.0</DistanceMeters>
            <HeartRateBpm>
              <Value>86</Value>
            </HeartRateBpm>
            <Extensions>
              <ns3:TPX>
                <ns3:Speed>1.6799999475479126</ns3:Speed>
              </ns3:TPX>
            </Extensions>
          </Trackpoint>
          <Trackpoint>
            <Time>2025-08-14T18:17:06.000Z</Time>
            <Position>
              <LatitudeDegrees>43.36873001419008</LatitudeDegrees>
              <LongitudeDegrees>-2.5042006094008684</LongitudeDegrees>
            </Position>
            <AltitudeMeters>31.799999237060547</AltitudeMeters>
            <DistanceMeters>1735.2900390625</DistanceMeters>
            <HeartRateBpm>
              <Value>88</Value>
            </HeartRateBpm>
            <Extensions>
              <ns3:TPX>
                <ns3:Speed>1.6050000190734863</ns3:Speed>
              </ns3:TPX>
            </Extensions>
          </Trackpoint>
          <Trackpoint>
            <Time>2025-08-14T18:17:12.000Z</Time>
            <Position>
              <LatitudeDegrees>43.36881626397371</LatitudeDegrees>
              <LongitudeDegrees>-2.5042208936065435</LongitudeDegrees>
            </Position>
            <AltitudeMeters>32.0</AltitudeMeters>
            <DistanceMeters>1748.1800537109375</DistanceMeters>
            <HeartRateBpm>
              <Value>88</Value>
            </HeartRateBpm>
            <Extensions>
              <ns3:TPX>
                <ns3:Speed>1.6519999504089355</ns3:Speed>
              </ns3:TPX>
            </Extensions>
          </Trackpoint>
          <Trackpoint>
            <Time>2025-08-14T18:17:19.000Z</Time>
            <Position>
              <LatitudeDegrees>43.36891449987888</LatitudeDegrees>
              <LongitudeDegrees>-2.504229275509715</LongitudeDegrees>
            </Position>
            <AltitudeMeters>32.400001525878906</AltitudeMeters>
            <DistanceMeters>1758.5899658203125</DistanceMeters>
            <HeartRateBpm>
              <Value>89</Value>
            </HeartRateBpm>
            <Extensions>
              <ns3:TPX>
                <ns3:Speed>1.6519999504089355</ns3:Speed>
              </ns3:TPX>
            </Extensions>
          </Trackpoint>
          <Trackpoint>
            <Time>2025-08-14T18:17:20.000Z</Time>
            <Position>
              <LatitudeDegrees>43.36892791092396</LatitudeDegrees>
              <LongitudeDegrees>-2.504231370985508</LongitudeDegrees>
            </Position>
            <AltitudeMeters>32.599998474121094</AltitudeMeters>
            <DistanceMeters>1760.22998046875</DistanceMeters>
            <HeartRateBpm>
              <Value>88</Value>
            </HeartRateBpm>
            <Extensions>
              <ns3:TPX>
                <ns3:Speed>1.6519999504089355</ns3:Speed>
              </ns3:TPX>
            </Extensions>
          </Trackpoint>
          <Trackpoint>
            <Time>2025-08-14T18:17:26.000Z</Time>
            <Position>
              <LatitudeDegrees>43.368998151272535</LatitudeDegrees>
              <LongitudeDegrees>-2.5042609591037035</LongitudeDegrees>
            </Position>
            <AltitudeMeters>33.0</AltitudeMeters>
            <DistanceMeters>1768.6300048828125</DistanceMeters>
            <HeartRateBpm>
              <Value>89</Value>
            </HeartRateBpm>
            <Extensions>
              <ns3:TPX>
                <ns3:Speed>1.6050000190734863</ns3:Speed>
              </ns3:TPX>
            </Extensions>
          </Trackpoint>
          <Trackpoint>
            <Time>2025-08-14T18:17:31.000Z</Time>
            <Position>
              <LatitudeDegrees>43.36906143464148</LatitudeDegrees>
              <LongitudeDegrees>-2.5042863562703133</LongitudeDegrees>
            </Position>
            <AltitudeMeters>33.0</AltitudeMeters>
            <DistanceMeters>1775.7099609375</DistanceMeters>
            <HeartRateBpm>
              <Value>88</Value>
            </HeartRateBpm>
            <Extensions>
              <ns3:TPX>
                <ns3:Speed>1.5959999561309814</ns3:Speed>
              </ns3:TPX>
            </Extensions>
          </Trackpoint>
          <Trackpoint>
            <Time>2025-08-14T18:17:37.000Z</Time>
            <Position>
              <LatitudeDegrees>43.36912337690592</LatitudeDegrees>
              <LongitudeDegrees>-2.504296414554119</LongitudeDegrees>
            </Position>
            <AltitudeMeters>33.0</AltitudeMeters>
            <DistanceMeters>1783.31005859375</DistanceMeters>
            <HeartRateBpm>
              <Value>93</Value>
            </HeartRateBpm>
            <Extensions>
              <ns3:TPX>
                <ns3:Speed>1.5770000219345093</ns3:Speed>
              </ns3:TPX>
            </Extensions>
          </Trackpoint>
          <Trackpoint>
            <Time>2025-08-14T18:17:39.000Z</Time>
            <Position>
              <LatitudeDegrees>43.369146678596735</LatitudeDegrees>
              <LongitudeDegrees>-2.504300270229578</LongitudeDegrees>
            </Position>
            <AltitudeMeters>33.0</AltitudeMeters>
            <DistanceMeters>1786.1500244140625</DistanceMeters>
            <HeartRateBpm>
              <Value>92</Value>
            </HeartRateBpm>
            <Extensions>
              <ns3:TPX>
                <ns3:Speed>1.5119999647140503</ns3:Speed>
              </ns3:TPX>
            </Extensions>
          </Trackpoint>
          <Trackpoint>
            <Time>2025-08-14T18:17:42.000Z</Time>
            <Position>
              <LatitudeDegrees>43.369183810427785</LatitudeDegrees>
              <LongitudeDegrees>-2.504308568313718</LongitudeDegrees>
            </Position>
            <AltitudeMeters>33.400001525878906</AltitudeMeters>
            <DistanceMeters>1790.719970703125</DistanceMeters>
            <HeartRateBpm>
              <Value>88</Value>
            </HeartRateBpm>
            <Extensions>
              <ns3:TPX>
                <ns3:Speed>1.5119999647140503</ns3:Speed>
              </ns3:TPX>
            </Extensions>
          </Trackpoint>
          <Trackpoint>
            <Time>2025-08-14T18:17:46.000Z</Time>
            <Position>
              <LatitudeDegrees>43.369237622246146</LatitudeDegrees>
              <LongitudeDegrees>-2.504319380968809</LongitudeDegrees>
            </Position>
            <AltitudeMeters>33.400001525878906</AltitudeMeters>
            <DistanceMeters>1796.22998046875</DistanceMeters>
            <HeartRateBpm>
              <Value>90</Value>
            </HeartRateBpm>
            <Extensions>
              <ns3:TPX>
                <ns3:Speed>1.5119999647140503</ns3:Speed>
              </ns3:TPX>
            </Extensions>
          </Trackpoint>
          <Trackpoint>
            <Time>2025-08-14T18:17:49.000Z</Time>
            <Position>
              <LatitudeDegrees>43.36926989257336</LatitudeDegrees>
              <LongitudeDegrees>-2.504342095926404</LongitudeDegrees>
            </Position>
            <AltitudeMeters>33.599998474121094</AltitudeMeters>
            <DistanceMeters>1800.72998046875</DistanceMeters>
            <HeartRateBpm>
              <Value>87</Value>
            </HeartRateBpm>
            <Extensions>
              <ns3:TPX>
                <ns3:Speed>1.5119999647140503</ns3:Speed>
              </ns3:TPX>
            </Extensions>
          </Trackpoint>
          <Trackpoint>
            <Time>2025-08-14T18:17:50.000Z</Time>
            <Position>
              <LatitudeDegrees>43.369282046332955</LatitudeDegrees>
              <LongitudeDegrees>-2.5043508131057024</LongitudeDegrees>
            </Position>
            <AltitudeMeters>33.599998474121094</AltitudeMeters>
            <DistanceMeters>1802.010009765625</DistanceMeters>
            <HeartRateBpm>
              <Value>87</Value>
            </HeartRateBpm>
            <Extensions>
              <ns3:TPX>
                <ns3:Speed>1.5119999647140503</ns3:Speed>
              </ns3:TPX>
            </Extensions>
          </Trackpoint>
          <Trackpoint>
            <Time>2025-08-14T18:17:52.000Z</Time>
            <Position>
              <LatitudeDegrees>43.36931029334664</LatitudeDegrees>
              <LongitudeDegrees>-2.5043602846562862</LongitudeDegrees>
            </Position>
            <AltitudeMeters>33.79999923706055</AltitudeMeters>
            <DistanceMeters>1804.6199951171875</DistanceMeters>
            <HeartRateBpm>
              <Value>90</Value>
            </HeartRateBpm>
            <Extensions>
              <ns3:TPX>
                <ns3:Speed>1.5019999742507935</ns3:Speed>
              </ns3:TPX>
            </Extensions>
          </Trackpoint>
          <Trackpoint>
            <Time>2025-08-14T18:17:53.000Z</Time>
            <Position>
              <LatitudeDegrees>43.36932680569589</LatitudeDegrees>
              <LongitudeDegrees>-2.5043675769120455</LongitudeDegrees>
            </Position>
            <AltitudeMeters>33.79999923706055</AltitudeMeters>
            <DistanceMeters>1806.3499755859375</DistanceMeters>
            <HeartRateBpm>
              <Value>90</Value>
            </HeartRateBpm>
            <Extensions>
              <ns3:TPX>
                <ns3:Speed>1.5019999742507935</ns3:Speed>
              </ns3:TPX>
            </Extensions>
          </Trackpoint>
          <Trackpoint>
            <Time>2025-08-14T18:18:00.000Z</Time>
            <Position>
              <LatitudeDegrees>43.36941925808787</LatitudeDegrees>
              <LongitudeDegrees>-2.504400936886668</LongitudeDegrees>
            </Position>
            <AltitudeMeters>33.79999923706055</AltitudeMeters>
            <DistanceMeters>1816.199951171875</DistanceMeters>
            <HeartRateBpm>
              <Value>89</Value>
            </HeartRateBpm>
            <Extensions>
              <ns3:TPX>
                <ns3:Speed>1.5119999647140503</ns3:Speed>
              </ns3:TPX>
            </Extensions>
          </Trackpoint>
          <Trackpoint>
            <Time>2025-08-14T18:18:03.000Z</Time>
            <Position>
              <LatitudeDegrees>43.36945588700473</LatitudeDegrees>
              <LongitudeDegrees>-2.504408396780491</LongitudeDegrees>
            </Position>
            <AltitudeMeters>34.20000076293945</AltitudeMeters>
            <DistanceMeters>1819.989990234375</DistanceMeters>
            <HeartRateBpm>
              <Value>92</Value>
            </HeartRateBpm>
            <Extensions>
              <ns3:TPX>
                <ns3:Speed>1.4739999771118164</ns3:Speed>
              </ns3:TPX>
            </Extensions>
          </Trackpoint>
          <Trackpoint>
            <Time>2025-08-14T18:18:06.000Z</Time>
            <Position>
              <LatitudeDegrees>43.36949301883578</LatitudeDegrees>
              <LongitudeDegrees>-2.504425747320056</LongitudeDegrees>
            </Position>
            <AltitudeMeters>34.20000076293945</AltitudeMeters>
            <DistanceMeters>1824.0999755859375</DistanceMeters>
            <HeartRateBpm>
              <Value>91</Value>
            </HeartRateBpm>
            <Extensions>
              <ns3:TPX>
                <ns3:Speed>1.465000033378601</ns3:Speed>
              </ns3:TPX>
            </Extensions>
          </Trackpoint>
          <Trackpoint>
            <Time>2025-08-14T18:18:07.000Z</Time>
            <Position>
              <LatitudeDegrees>43.36950366385281</LatitudeDegrees>
              <LongitudeDegrees>-2.5044282618910074</LongitudeDegrees>
            </Position>
            <AltitudeMeters>34.400001525878906</AltitudeMeters>
            <DistanceMeters>1825.4599609375</DistanceMeters>
            <HeartRateBpm>
              <Value>90</Value>
            </HeartRateBpm>
            <Extensions>
              <ns3:TPX>
                <ns3:Speed>1.465000033378601</ns3:Speed>
              </ns3:TPX>
            </Extensions>
          </Trackpoint>
          <Trackpoint>
            <Time>2025-08-14T18:18:15.000Z</Time>
            <Position>
              <LatitudeDegrees>43.369602570310235</LatitudeDegrees>
              <LongitudeDegrees>-2.504444355145097</LongitudeDegrees>
            </Position>
            <AltitudeMeters>34.79999923706055</AltitudeMeters>
            <DistanceMeters>1837.3499755859375</DistanceMeters>
            <HeartRateBpm>
              <Value>92</Value>
            </HeartRateBpm>
            <Extensions>
              <ns3:TPX>
                <ns3:Speed>1.4559999704360962</ns3:Speed>
              </ns3:TPX>
            </Extensions>
          </Trackpoint>
          <Trackpoint>
            <Time>2025-08-14T18:18:21.000Z</Time>
            <Position>
              <LatitudeDegrees>43.369645150378346</LatitudeDegrees>
              <LongitudeDegrees>-2.504469333216548</LongitudeDegrees>
            </Position>
            <AltitudeMeters>35.0</AltitudeMeters>
            <DistanceMeters>1844.760009765625</DistanceMeters>
            <HeartRateBpm>
              <Value>89</Value>
            </HeartRateBpm>
            <Extensions>
              <ns3:TPX>
                <ns3:Speed>1.437000036239624</ns3:Speed>
              </ns3:TPX>
            </Extensions>
          </Trackpoint>
          <Trackpoint>
            <Time>2025-08-14T18:18:22.000Z</Time>
            <Position>
              <LatitudeDegrees>43.36965898051858</LatitudeDegrees>
              <LongitudeDegrees>-2.504484336823225</LongitudeDegrees>
            </Position>
            <AltitudeMeters>35.0</AltitudeMeters>
            <DistanceMeters>1846.0999755859375</DistanceMeters>
            <HeartRateBpm>
              <Value>90</Value>
            </HeartRateBpm>
            <Extensions>
              <ns3:TPX>
                <ns3:Speed>1.399999976158142</ns3:Speed>
              </ns3:TPX>
            </Extensions>
          </Trackpoint>
          <Trackpoint>
            <Time>2025-08-14T18:18:29.000Z</Time>
            <Position>
              <LatitudeDegrees>43.3697599824518</LatitudeDegrees>
              <LongitudeDegrees>-2.5044800620526075</LongitudeDegrees>
            </Position>
            <AltitudeMeters>35.20000076293945</AltitudeMeters>
            <DistanceMeters>1854.530029296875</DistanceMeters>
            <HeartRateBpm>
              <Value>90</Value>
            </HeartRateBpm>
            <Extensions>
              <ns3:TPX>
                <ns3:Speed>1.38100004196167</ns3:Speed>
              </ns3:TPX>
            </Extensions>
          </Trackpoint>
          <Trackpoint>
            <Time>2025-08-14T18:18:35.000Z</Time>
            <Position>
              <LatitudeDegrees>43.369838604703546</LatitudeDegrees>
              <LongitudeDegrees>-2.504491964355111</LongitudeDegrees>
            </Position>
            <AltitudeMeters>35.20000076293945</AltitudeMeters>
            <DistanceMeters>1861.510009765625</DistanceMeters>
            <HeartRateBpm>
              <Value>91</Value>
            </HeartRateBpm>
            <Extensions>
              <ns3:TPX>
                <ns3:Speed>1.371999979019165</ns3:Speed>
              </ns3:TPX>
            </Extensions>
          </Trackpoint>
          <Trackpoint>
            <Time>2025-08-14T18:18:36.000Z</Time>
            <Position>
              <LatitudeDegrees>43.36985184811056</LatitudeDegrees>
              <LongitudeDegrees>-2.5044976640492678</LongitudeDegrees>
            </Position>
            <AltitudeMeters>35.20000076293945</AltitudeMeters>
            <DistanceMeters>1862.260009765625</DistanceMeters>
            <HeartRateBpm>
              <Value>92</Value>
            </HeartRateBpm>
            <Extensions>
              <ns3:TPX>
                <ns3:Speed>1.3530000448226929</ns3:Speed>
              </ns3:TPX>
            </Extensions>
          </Trackpoint>
          <Trackpoint>
            <Time>2025-08-14T18:18:38.000Z</Time>
            <Position>
              <LatitudeDegrees>43.36987582035363</LatitudeDegrees>
              <LongitudeDegrees>-2.5045119132846594</LongitudeDegrees>
            </Position>
            <AltitudeMeters>35.20000076293945</AltitudeMeters>
            <DistanceMeters>1863.3599853515625</DistanceMeters>
            <HeartRateBpm>
              <Value>91</Value>
            </HeartRateBpm>
            <Extensions>
              <ns3:TPX>
                <ns3:Speed>1.2690000534057617</ns3:Speed>
              </ns3:TPX>
            </Extensions>
          </Trackpoint>
          <Trackpoint>
            <Time>2025-08-14T18:18:41.000Z</Time>
            <Position>
              <LatitudeDegrees>43.36990951560438</LatitudeDegrees>
              <LongitudeDegrees>-2.5045406632125378</LongitudeDegrees>
            </Position>
            <AltitudeMeters>35.400001525878906</AltitudeMeters>
            <DistanceMeters>1867.0</DistanceMeters>
            <HeartRateBpm>
              <Value>91</Value>
            </HeartRateBpm>
            <Extensions>
              <ns3:TPX>
                <ns3:Speed>1.1660000085830688</ns3:Speed>
              </ns3:TPX>
            </Extensions>
          </Trackpoint>
          <Trackpoint>
            <Time>2025-08-14T18:18:42.000Z</Time>
            <Position>
              <LatitudeDegrees>43.369923178106546</LatitudeDegrees>
              <LongitudeDegrees>-2.504551140591502</LongitudeDegrees>
            </Position>
            <AltitudeMeters>35.599998474121094</AltitudeMeters>
            <DistanceMeters>1867.699951171875</DistanceMeters>
            <HeartRateBpm>
              <Value>89</Value>
            </HeartRateBpm>
            <Extensions>
              <ns3:TPX>
                <ns3:Speed>1.1480000019073486</ns3:Speed>
              </ns3:TPX>
            </Extensions>
          </Trackpoint>
          <Trackpoint>
            <Time>2025-08-14T18:18:44.000Z</Time>
            <Position>
              <LatitudeDegrees>43.36995704099536</LatitudeDegrees>
              <LongitudeDegrees>-2.5045834109187126</LongitudeDegrees>
            </Position>
            <AltitudeMeters>35.599998474121094</AltitudeMeters>
            <DistanceMeters>1870.239990234375</DistanceMeters>
            <HeartRateBpm>
              <Value>94</Value>
            </HeartRateBpm>
            <Extensions>
              <ns3:TPX>
                <ns3:Speed>1.1009999513626099</ns3:Speed>
              </ns3:TPX>
            </Extensions>
          </Trackpoint>
          <Trackpoint>
            <Time>2025-08-14T18:18:46.000Z</Time>
            <Position>
              <LatitudeDegrees>43.369981767609715</LatitudeDegrees>
              <LongitudeDegrees>-2.504599755629897</LongitudeDegrees>
            </Position>
            <AltitudeMeters>35.79999923706055</AltitudeMeters>
            <DistanceMeters>1873.1400146484375</DistanceMeters>
            <HeartRateBpm>
              <Value>91</Value>
            </HeartRateBpm>
            <Extensions>
              <ns3:TPX>
                <ns3:Speed>1.1009999513626099</ns3:Speed>
              </ns3:TPX>
            </Extensions>
          </Trackpoint>
          <Trackpoint>
            <Time>2025-08-14T18:18:49.000Z</Time>
            <Position>
              <LatitudeDegrees>43.37001227773726</LatitudeDegrees>
              <LongitudeDegrees>-2.5046164356172085</LongitudeDegrees>
            </Position>
            <AltitudeMeters>35.79999923706055</AltitudeMeters>
            <DistanceMeters>1885.72998046875</DistanceMeters>
            <HeartRateBpm>
              <Value>90</Value>
            </HeartRateBpm>
            <Extensions>
              <ns3:TPX>
                <ns3:Speed>1.1100000143051147</ns3:Speed>
              </ns3:TPX>
            </Extensions>
          </Trackpoint>
          <Trackpoint>
            <Time>2025-08-14T18:18:50.000Z</Time>
            <Position>
              <LatitudeDegrees>43.370018396526575</LatitudeDegrees>
              <LongitudeDegrees>-2.5046264939010143</LongitudeDegrees>
            </Position>
            <AltitudeMeters>35.79999923706055</AltitudeMeters>
            <DistanceMeters>1885.969970703125</DistanceMeters>
            <HeartRateBpm>
              <Value>90</Value>
            </HeartRateBpm>
            <Extensions>
              <ns3:TPX>
                <ns3:Speed>1.1660000085830688</ns3:Speed>
              </ns3:TPX>
            </Extensions>
          </Trackpoint>
          <Trackpoint>
            <Time>2025-08-14T18:18:51.000Z</Time>
            <Position>
              <LatitudeDegrees>43.3700205758214</LatitudeDegrees>
              <LongitudeDegrees>-2.5046347081661224</LongitudeDegrees>
            </Position>
            <AltitudeMeters>35.79999923706055</AltitudeMeters>
            <DistanceMeters>1886.3199462890625</DistanceMeters>
            <HeartRateBpm>
              <Value>91</Value>
            </HeartRateBpm>
            <Extensions>
              <ns3:TPX>
                <ns3:Speed>1.1759999990463257</ns3:Speed>
              </ns3:TPX>
            </Extensions>
          </Trackpoint>
          <Trackpoint>
            <Time>2025-08-14T18:18:54.000Z</Time>
            <Position>
              <LatitudeDegrees>43.370013032108545</LatitudeDegrees>
              <LongitudeDegrees>-2.504674019291997</LongitudeDegrees>
            </Position>
            <AltitudeMeters>35.79999923706055</AltitudeMeters>
            <DistanceMeters>1888.5699462890625</DistanceMeters>
            <HeartRateBpm>
              <Value>90</Value>
            </HeartRateBpm>
            <Extensions>
              <ns3:TPX>
                <ns3:Speed>1.0729999542236328</ns3:Speed>
              </ns3:TPX>
            </Extensions>
          </Trackpoint>
          <Trackpoint>
            <Time>2025-08-14T18:18:57.000Z</Time>
            <Position>
              <LatitudeDegrees>43.369991574436426</LatitudeDegrees>
              <LongitudeDegrees>-2.504731770604849</LongitudeDegrees>
            </Position>
            <AltitudeMeters>35.79999923706055</AltitudeMeters>
            <DistanceMeters>1890.9300537109375</DistanceMeters>
            <HeartRateBpm>
              <Value>93</Value>
            </HeartRateBpm>
            <Extensions>
              <ns3:TPX>
                <ns3:Speed>1.0449999570846558</ns3:Speed>
              </ns3:TPX>
            </Extensions>
          </Trackpoint>
          <Trackpoint>
            <Time>2025-08-14T18:18:59.000Z</Time>
            <Position>
              <LatitudeDegrees>43.369981264695525</LatitudeDegrees>
              <LongitudeDegrees>-2.5047647953033447</LongitudeDegrees>
            </Position>
            <AltitudeMeters>35.79999923706055</AltitudeMeters>
            <DistanceMeters>1893.989990234375</DistanceMeters>
            <HeartRateBpm>
              <Value>94</Value>
            </HeartRateBpm>
            <Extensions>
              <ns3:TPX>
                <ns3:Speed>1.0169999599456787</ns3:Speed>
              </ns3:TPX>
            </Extensions>
          </Trackpoint>
          <Trackpoint>
            <Time>2025-08-14T18:19:01.000Z</Time>
            <Position>
              <LatitudeDegrees>43.369971457868814</LatitudeDegrees>
              <LongitudeDegrees>-2.5047927908599377</LongitudeDegrees>
            </Position>
            <AltitudeMeters>35.79999923706055</AltitudeMeters>
            <DistanceMeters>1896.989990234375</DistanceMeters>
            <HeartRateBpm>
              <Value>94</Value>
            </HeartRateBpm>
            <Extensions>
              <ns3:TPX>
                <ns3:Speed>1.0640000104904175</ns3:Speed>
              </ns3:TPX>
            </Extensions>
          </Trackpoint>
          <Trackpoint>
            <Time>2025-08-14T18:19:04.000Z</Time>
            <Position>
              <LatitudeDegrees>43.36994639597833</LatitudeDegrees>
              <LongitudeDegrees>-2.5048393942415714</LongitudeDegrees>
            </Position>
            <AltitudeMeters>35.79999923706055</AltitudeMeters>
            <DistanceMeters>1900.550048828125</DistanceMeters>
            <HeartRateBpm>
              <Value>92</Value>
            </HeartRateBpm>
            <Extensions>
              <ns3:TPX>
                <ns3:Speed>1.0820000171661377</ns3:Speed>
              </ns3:TPX>
            </Extensions>
          </Trackpoint>
          <Trackpoint>
            <Time>2025-08-14T18:19:06.000Z</Time>
            <Position>
              <LatitudeDegrees>43.36991664022207</LatitudeDegrees>
              <LongitudeDegrees>-2.5048735924065113</LongitudeDegrees>
            </Position>
            <AltitudeMeters>36.0</AltitudeMeters>
            <DistanceMeters>1903.280029296875</DistanceMeters>
            <HeartRateBpm>
              <Value>92</Value>
            </HeartRateBpm>
            <Extensions>
              <ns3:TPX>
                <ns3:Speed>1.0820000171661377</ns3:Speed>
              </ns3:TPX>
            </Extensions>
          </Trackpoint>
          <Trackpoint>
            <Time>2025-08-14T18:19:11.000Z</Time>
            <Position>
              <LatitudeDegrees>43.36987355723977</LatitudeDegrees>
              <LongitudeDegrees>-2.5049668829888105</LongitudeDegrees>
            </Position>
            <AltitudeMeters>36.0</AltitudeMeters>
            <DistanceMeters>1912.3499755859375</DistanceMeters>
            <HeartRateBpm>
              <Value>92</Value>
            </HeartRateBpm>
            <Extensions>
              <ns3:TPX>
                <ns3:Speed>1.1759999990463257</ns3:Speed>
              </ns3:TPX>
            </Extensions>
          </Trackpoint>
          <Trackpoint>
            <Time>2025-08-14T18:19:12.000Z</Time>
            <Position>
              <LatitudeDegrees>43.36989467963576</LatitudeDegrees>
              <LongitudeDegrees>-2.5049895979464054</LongitudeDegrees>
            </Position>
            <AltitudeMeters>36.0</AltitudeMeters>
            <DistanceMeters>1913.5999755859375</DistanceMeters>
            <HeartRateBpm>
              <Value>91</Value>
            </HeartRateBpm>
            <Extensions>
              <ns3:TPX>
                <ns3:Speed>1.194000005722046</ns3:Speed>
              </ns3:TPX>
            </Extensions>
          </Trackpoint>
          <Trackpoint>
            <Time>2025-08-14T18:19:18.000Z</Time>
            <Position>
              <LatitudeDegrees>43.36991420947015</LatitudeDegrees>
              <LongitudeDegrees>-2.505099819973111</LongitudeDegrees>
            </Position>
            <AltitudeMeters>35.400001525878906</AltitudeMeters>
            <DistanceMeters>1921.010009765625</DistanceMeters>
            <HeartRateBpm>
              <Value>93</Value>
            </HeartRateBpm>
            <Extensions>
              <ns3:TPX>
                <ns3:Speed>1.222000002861023</ns3:Speed>
              </ns3:TPX>
            </Extensions>
          </Trackpoint>
          <Trackpoint>
            <Time>2025-08-14T18:19:25.000Z</Time>
            <Position>
              <LatitudeDegrees>43.36993558332324</LatitudeDegrees>
              <LongitudeDegrees>-2.5052095390856266</LongitudeDegrees>
            </Position>
            <AltitudeMeters>35.0</AltitudeMeters>
            <DistanceMeters>1930.800048828125</DistanceMeters>
            <HeartRateBpm>
              <Value>93</Value>
            </HeartRateBpm>
            <Extensions>
              <ns3:TPX>
                <ns3:Speed>1.2319999933242798</ns3:Speed>
              </ns3:TPX>
            </Extensions>
          </Trackpoint>
          <Trackpoint>
            <Time>2025-08-14T18:19:27.000Z</Time>
            <Position>
              <LatitudeDegrees>43.36993566714227</LatitudeDegrees>
              <LongitudeDegrees>-2.5052416417747736</LongitudeDegrees>
            </Position>
            <AltitudeMeters>34.599998474121094</AltitudeMeters>
            <DistanceMeters>1933.1800537109375</DistanceMeters>
            <HeartRateBpm>
              <Value>92</Value>
            </HeartRateBpm>
            <Extensions>
              <ns3:TPX>
                <ns3:Speed>1.2599999904632568</ns3:Speed>
              </ns3:TPX>
            </Extensions>
          </Trackpoint>
          <Trackpoint>
            <Time>2025-08-14T18:19:33.000Z</Time>
            <Position>
              <LatitudeDegrees>43.369889818131924</LatitudeDegrees>
              <LongitudeDegrees>-2.5053429789841175</LongitudeDegrees>
            </Position>
            <AltitudeMeters>34.599998474121094</AltitudeMeters>
            <DistanceMeters>1941.93994140625</DistanceMeters>
            <HeartRateBpm>
              <Value>89</Value>
            </HeartRateBpm>
            <Extensions>
              <ns3:TPX>
                <ns3:Speed>1.277999997138977</ns3:Speed>
              </ns3:TPX>
            </Extensions>
          </Trackpoint>
          <Trackpoint>
            <Time>2025-08-14T18:19:39.000Z</Time>
            <Position>
              <LatitudeDegrees>43.36985411122441</LatitudeDegrees>
              <LongitudeDegrees>-2.5054614152759314</LongitudeDegrees>
            </Position>
            <AltitudeMeters>35.20000076293945</AltitudeMeters>
            <DistanceMeters>1951.0400390625</DistanceMeters>
            <HeartRateBpm>
              <Value>85</Value>
            </HeartRateBpm>
            <Extensions>
              <ns3:TPX>
                <ns3:Speed>1.3339999914169312</ns3:Speed>
              </ns3:TPX>
            </Extensions>
          </Trackpoint>
          <Trackpoint>
            <Time>2025-08-14T18:19:40.000Z</Time>
            <Position>
              <LatitudeDegrees>43.3698514290154</LatitudeDegrees>
              <LongitudeDegrees>-2.5054801907390356</LongitudeDegrees>
            </Position>
            <AltitudeMeters>35.400001525878906</AltitudeMeters>
            <DistanceMeters>1952.969970703125</DistanceMeters>
            <HeartRateBpm>
              <Value>86</Value>
            </HeartRateBpm>
            <Extensions>
              <ns3:TPX>
                <ns3:Speed>1.343999981880188</ns3:Speed>
              </ns3:TPX>
            </Extensions>
          </Trackpoint>
          <Trackpoint>
            <Time>2025-08-14T18:19:43.000Z</Time>
            <Position>
              <LatitudeDegrees>43.369853189215064</LatitudeDegrees>
              <LongitudeDegrees>-2.5055337511003017</LongitudeDegrees>
            </Position>
            <AltitudeMeters>35.79999923706055</AltitudeMeters>
            <DistanceMeters>1957.739990234375</DistanceMeters>
            <HeartRateBpm>
              <Value>88</Value>
            </HeartRateBpm>
            <Extensions>
              <ns3:TPX>
                <ns3:Speed>1.371999979019165</ns3:Speed>
              </ns3:TPX>
            </Extensions>
          </Trackpoint>
          <Trackpoint>
            <Time>2025-08-14T18:19:48.000Z</Time>
            <Position>
              <LatitudeDegrees>43.36987095884979</LatitudeDegrees>
              <LongitudeDegrees>-2.505617318674922</LongitudeDegrees>
            </Position>
            <AltitudeMeters>36.400001525878906</AltitudeMeters>
            <DistanceMeters>1964.93994140625</DistanceMeters>
            <HeartRateBpm>
              <Value>86</Value>
            </HeartRateBpm>
            <Extensions>
              <ns3:TPX>
                <ns3:Speed>1.38100004196167</ns3:Speed>
              </ns3:TPX>
            </Extensions>
          </Trackpoint>
          <Trackpoint>
            <Time>2025-08-14T18:19:49.000Z</Time>
            <Position>
              <LatitudeDegrees>43.36986928246915</LatitudeDegrees>
              <LongitudeDegrees>-2.5056304782629013</LongitudeDegrees>
            </Position>
            <AltitudeMeters>36.400001525878906</AltitudeMeters>
            <DistanceMeters>1966.3499755859375</DistanceMeters>
            <HeartRateBpm>
              <Value>89</Value>
            </HeartRateBpm>
            <Extensions>
              <ns3:TPX>
                <ns3:Speed>1.38100004196167</ns3:Speed>
              </ns3:TPX>
            </Extensions>
          </Trackpoint>
          <Trackpoint>
            <Time>2025-08-14T18:19:52.000Z</Time>
            <Position>
              <LatitudeDegrees>43.36985888890922</LatitudeDegrees>
              <LongitudeDegrees>-2.505664760246873</LongitudeDegrees>
            </Position>
            <AltitudeMeters>36.79999923706055</AltitudeMeters>
            <DistanceMeters>1970.5899658203125</DistanceMeters>
            <HeartRateBpm>
              <Value>88</Value>
            </HeartRateBpm>
            <Extensions>
              <ns3:TPX>
                <ns3:Speed>1.3899999856948853</ns3:Speed>
              </ns3:TPX>
            </Extensions>
          </Trackpoint>
          <Trackpoint>
            <Time>2025-08-14T18:19:55.000Z</Time>
            <Position>
              <LatitudeDegrees>43.3698548655957</LatitudeDegrees>
              <LongitudeDegrees>-2.505707424134016</LongitudeDegrees>
            </Position>
            <AltitudeMeters>37.20000076293945</AltitudeMeters>
            <DistanceMeters>1974.3900146484375</DistanceMeters>
            <HeartRateBpm>
              <Value>89</Value>
            </HeartRateBpm>
            <Extensions>
              <ns3:TPX>
                <ns3:Speed>1.3899999856948853</ns3:Speed>
              </ns3:TPX>
            </Extensions>
          </Trackpoint>
          <Trackpoint>
            <Time>2025-08-14T18:20:00.000Z</Time>
            <Position>
              <LatitudeDegrees>43.36984338238835</LatitudeDegrees>
              <LongitudeDegrees>-2.5057570450007915</LongitudeDegrees>
            </Position>
            <AltitudeMeters>38.0</AltitudeMeters>
            <DistanceMeters>1979.6300048828125</DistanceMeters>
            <HeartRateBpm>
              <Value>89</Value>
            </HeartRateBpm>
            <Extensions>
              <ns3:TPX>
                <ns3:Speed>1.315999984741211</ns3:Speed>
              </ns3:TPX>
            </Extensions>
          </Trackpoint>
          <Trackpoint>
            <Time>2025-08-14T18:20:01.000Z</Time>
            <Position>
              <LatitudeDegrees>43.36984061636031</LatitudeDegrees>
              <LongitudeDegrees>-2.505764504894614</LongitudeDegrees>
            </Position>
            <AltitudeMeters>38.0</AltitudeMeters>
            <DistanceMeters>1980.6800537109375</DistanceMeters>
            <HeartRateBpm>
              <Value>92</Value>
            </HeartRateBpm>
            <Extensions>
              <ns3:TPX>
                <ns3:Speed>1.305999994277954</ns3:Speed>
              </ns3:TPX>
            </Extensions>
          </Trackpoint>
          <Trackpoint>
            <Time>2025-08-14T18:20:02.000Z</Time>
            <Position>
              <LatitudeDegrees>43.36984061636031</LatitudeDegrees>
              <LongitudeDegrees>-2.5057741440832615</LongitudeDegrees>
            </Position>
            <AltitudeMeters>38.400001525878906</AltitudeMeters>
            <DistanceMeters>1981.5</DistanceMeters>
            <HeartRateBpm>
              <Value>87</Value>
            </HeartRateBpm>
            <Extensions>
              <ns3:TPX>
                <ns3:Speed>1.2970000505447388</ns3:Speed>
              </ns3:TPX>
            </Extensions>
          </Trackpoint>
          <Trackpoint>
            <Time>2025-08-14T18:20:03.000Z</Time>
            <Position>
              <LatitudeDegrees>43.36984044872224</LatitudeDegrees>
              <LongitudeDegrees>-2.5057870522141457</LongitudeDegrees>
            </Position>
            <AltitudeMeters>38.400001525878906</AltitudeMeters>
            <DistanceMeters>1982.260009765625</DistanceMeters>
            <HeartRateBpm>
              <Value>89</Value>
            </HeartRateBpm>
            <Extensions>
              <ns3:TPX>
                <ns3:Speed>1.2879999876022339</ns3:Speed>
              </ns3:TPX>
            </Extensions>
          </Trackpoint>
          <Trackpoint>
            <Time>2025-08-14T18:20:09.000Z</Time>
            <Position>
              <LatitudeDegrees>43.369839610531926</LatitudeDegrees>
              <LongitudeDegrees>-2.5058949273079634</LongitudeDegrees>
            </Position>
            <AltitudeMeters>39.0</AltitudeMeters>
            <DistanceMeters>1987.4599609375</DistanceMeters>
            <HeartRateBpm>
              <Value>90</Value>
            </HeartRateBpm>
            <Extensions>
              <ns3:TPX>
                <ns3:Speed>1.156999945640564</ns3:Speed>
              </ns3:TPX>
            </Extensions>
          </Trackpoint>
          <Trackpoint>
            <Time>2025-08-14T18:20:15.000Z</Time>
            <Position>
              <LatitudeDegrees>43.36984061636031</LatitudeDegrees>
              <LongitudeDegrees>-2.506000204011798</LongitudeDegrees>
            </Position>
            <AltitudeMeters>39.20000076293945</AltitudeMeters>
            <DistanceMeters>1996.18994140625</DistanceMeters>
            <HeartRateBpm>
              <Value>88</Value>
            </HeartRateBpm>
            <Extensions>
              <ns3:TPX>
                <ns3:Speed>1.128999948501587</ns3:Speed>
              </ns3:TPX>
            </Extensions>
          </Trackpoint>
          <Trackpoint>
            <Time>2025-08-14T18:20:18.000Z</Time>
            <Position>
              <LatitudeDegrees>43.369850339367986</LatitudeDegrees>
              <LongitudeDegrees>-2.5060435384511948</LongitudeDegrees>
            </Position>
            <AltitudeMeters>39.400001525878906</AltitudeMeters>
            <DistanceMeters>2000.1300048828125</DistanceMeters>
            <HeartRateBpm>
              <Value>85</Value>
            </HeartRateBpm>
            <Extensions>
              <ns3:TPX>
                <ns3:Speed>1.1480000019073486</ns3:Speed>
              </ns3:TPX>
            </Extensions>
          </Trackpoint>
          <Trackpoint>
            <Time>2025-08-14T18:20:19.000Z</Time>
            <Position>
              <LatitudeDegrees>43.36985109373927</LatitudeDegrees>
              <LongitudeDegrees>-2.5060586258769035</LongitudeDegrees>
            </Position>
            <AltitudeMeters>39.599998474121094</AltitudeMeters>
            <DistanceMeters>2001.4000244140625</DistanceMeters>
            <HeartRateBpm>
              <Value>88</Value>
            </HeartRateBpm>
            <Extensions>
              <ns3:TPX>
                <ns3:Speed>1.1480000019073486</ns3:Speed>
              </ns3:TPX>
            </Extensions>
          </Trackpoint>
        </Track>
        <Extensions>
          <ns3:LX>
            <ns3:AvgSpeed>1.0570000410079956</ns3:AvgSpeed>
            <ns3:AvgRunCadence>38</ns3:AvgRunCadence>
            <ns3:MaxRunCadence>102</ns3:MaxRunCadence>
          </ns3:LX>
        </Extensions>
      </Lap>
      <Lap StartTime="2025-08-14T18:20:19.000Z">
        <TotalTimeSeconds>35.77</TotalTimeSeconds>
        <DistanceMeters>48.13</DistanceMeters>
        <MaximumSpeed>1.222000002861023</MaximumSpeed>
        <Calories>4</Calories>
        <AverageHeartRateBpm>
          <Value>95</Value>
        </AverageHeartRateBpm>
        <MaximumHeartRateBpm>
          <Value>107</Value>
        </MaximumHeartRateBpm>
        <Intensity>Active</Intensity>
        <TriggerMethod>Manual</TriggerMethod>
        <Track>
          <Trackpoint>
            <Time>2025-08-14T18:20:19.000Z</Time>
            <Position>
              <LatitudeDegrees>43.36985109373927</LatitudeDegrees>
              <LongitudeDegrees>-2.5060586258769035</LongitudeDegrees>
            </Position>
            <AltitudeMeters>39.599998474121094</AltitudeMeters>
            <DistanceMeters>2001.4000244140625</DistanceMeters>
            <HeartRateBpm>
              <Value>88</Value>
            </HeartRateBpm>
            <Extensions>
              <ns3:TPX>
                <ns3:Speed>1.1480000019073486</ns3:Speed>
              </ns3:TPX>
            </Extensions>
          </Trackpoint>
          <Trackpoint>
            <Time>2025-08-14T18:20:21.000Z</Time>
            <Position>
              <LatitudeDegrees>43.369856206700206</LatitudeDegrees>
              <LongitudeDegrees>-2.5060919020324945</LongitudeDegrees>
            </Position>
            <AltitudeMeters>39.79999923706055</AltitudeMeters>
            <DistanceMeters>2003.969970703125</DistanceMeters>
            <HeartRateBpm>
              <Value>87</Value>
            </HeartRateBpm>
            <Extensions>
              <ns3:TPX>
                <ns3:Speed>1.1480000019073486</ns3:Speed>
              </ns3:TPX>
            </Extensions>
          </Trackpoint>
          <Trackpoint>
            <Time>2025-08-14T18:20:22.000Z</Time>
            <Position>
              <LatitudeDegrees>43.36985771544278</LatitudeDegrees>
              <LongitudeDegrees>-2.5061095878481865</LongitudeDegrees>
            </Position>
            <AltitudeMeters>40.0</AltitudeMeters>
            <DistanceMeters>2005.1400146484375</DistanceMeters>
            <HeartRateBpm>
              <Value>91</Value>
            </HeartRateBpm>
            <Extensions>
              <ns3:TPX>
                <ns3:Speed>1.156999945640564</ns3:Speed>
              </ns3:TPX>
            </Extensions>
          </Trackpoint>
          <Trackpoint>
            <Time>2025-08-14T18:20:27.000Z</Time>
            <Position>
              <LatitudeDegrees>43.369859140366316</LatitudeDegrees>
              <LongitudeDegrees>-2.506193406879902</LongitudeDegrees>
            </Position>
            <AltitudeMeters>40.400001525878906</AltitudeMeters>
            <DistanceMeters>2011.9599609375</DistanceMeters>
            <HeartRateBpm>
              <Value>91</Value>
            </HeartRateBpm>
            <Extensions>
              <ns3:TPX>
                <ns3:Speed>1.156999945640564</ns3:Speed>
              </ns3:TPX>
            </Extensions>
          </Trackpoint>
          <Trackpoint>
            <Time>2025-08-14T18:20:28.000Z</Time>
            <Position>
              <LatitudeDegrees>43.36986031383276</LatitudeDegrees>
              <LongitudeDegrees>-2.506207153201103</LongitudeDegrees>
            </Position>
            <AltitudeMeters>40.400001525878906</AltitudeMeters>
            <DistanceMeters>2013.4599609375</DistanceMeters>
            <HeartRateBpm>
              <Value>93</Value>
            </HeartRateBpm>
            <Extensions>
              <ns3:TPX>
                <ns3:Speed>1.1660000085830688</ns3:Speed>
              </ns3:TPX>
            </Extensions>
          </Trackpoint>
          <Trackpoint>
            <Time>2025-08-14T18:20:33.000Z</Time>
            <Position>
              <LatitudeDegrees>43.36985335685313</LatitudeDegrees>
              <LongitudeDegrees>-2.5063078198581934</LongitudeDegrees>
            </Position>
            <AltitudeMeters>40.79999923706055</AltitudeMeters>
            <DistanceMeters>2020.5699462890625</DistanceMeters>
            <HeartRateBpm>
              <Value>89</Value>
            </HeartRateBpm>
            <Extensions>
              <ns3:TPX>
                <ns3:Speed>1.184999942779541</ns3:Speed>
              </ns3:TPX>
            </Extensions>
          </Trackpoint>
          <Trackpoint>
            <Time>2025-08-14T18:20:34.000Z</Time>
            <Position>
              <LatitudeDegrees>43.369852267205715</LatitudeDegrees>
              <LongitudeDegrees>-2.5063292775303125</LongitudeDegrees>
            </Position>
            <AltitudeMeters>41.0</AltitudeMeters>
            <DistanceMeters>2022.93994140625</DistanceMeters>
            <HeartRateBpm>
              <Value>89</Value>
            </HeartRateBpm>
            <Extensions>
              <ns3:TPX>
                <ns3:Speed>1.184999942779541</ns3:Speed>
              </ns3:TPX>
            </Extensions>
          </Trackpoint>
          <Trackpoint>
            <Time>2025-08-14T18:20:35.000Z</Time>
            <Position>
              <LatitudeDegrees>43.36985067464411</LatitudeDegrees>
              <LongitudeDegrees>-2.5063516572117805</LongitudeDegrees>
            </Position>
            <AltitudeMeters>41.0</AltitudeMeters>
            <DistanceMeters>2024.6500244140625</DistanceMeters>
            <HeartRateBpm>
              <Value>89</Value>
            </HeartRateBpm>
            <Extensions>
              <ns3:TPX>
                <ns3:Speed>1.184999942779541</ns3:Speed>
              </ns3:TPX>
            </Extensions>
          </Trackpoint>
          <Trackpoint>
            <Time>2025-08-14T18:20:42.000Z</Time>
            <Position>
              <LatitudeDegrees>43.36987053975463</LatitudeDegrees>
              <LongitudeDegrees>-2.506461711600423</LongitudeDegrees>
            </Position>
            <AltitudeMeters>41.79999923706055</AltitudeMeters>
            <DistanceMeters>2032.5699462890625</DistanceMeters>
            <HeartRateBpm>
              <Value>92</Value>
            </HeartRateBpm>
            <Extensions>
              <ns3:TPX>
                <ns3:Speed>1.2130000591278076</ns3:Speed>
              </ns3:TPX>
            </Extensions>
          </Trackpoint>
          <Trackpoint>
            <Time>2025-08-14T18:20:43.000Z</Time>
            <Position>
              <LatitudeDegrees>43.36987338960171</LatitudeDegrees>
              <LongitudeDegrees>-2.5064768828451633</LongitudeDegrees>
            </Position>
            <AltitudeMeters>42.0</AltitudeMeters>
            <DistanceMeters>2033.760009765625</DistanceMeters>
            <HeartRateBpm>
              <Value>96</Value>
            </HeartRateBpm>
            <Extensions>
              <ns3:TPX>
                <ns3:Speed>1.2130000591278076</ns3:Speed>
              </ns3:TPX>
            </Extensions>
          </Trackpoint>
          <Trackpoint>
            <Time>2025-08-14T18:20:44.000Z</Time>
            <Position>
              <LatitudeDegrees>43.36987255141139</LatitudeDegrees>
              <LongitudeDegrees>-2.506492892280221</LongitudeDegrees>
            </Position>
            <AltitudeMeters>42.0</AltitudeMeters>
            <DistanceMeters>2034.780029296875</DistanceMeters>
            <HeartRateBpm>
              <Value>96</Value>
            </HeartRateBpm>
            <Extensions>
              <ns3:TPX>
                <ns3:Speed>1.2130000591278076</ns3:Speed>
              </ns3:TPX>
            </Extensions>
          </Trackpoint>
          <Trackpoint>
            <Time>2025-08-14T18:20:45.000Z</Time>
            <Position>
              <LatitudeDegrees>43.36987313814461</LatitudeDegrees>
              <LongitudeDegrees>-2.506508147343993</LongitudeDegrees>
            </Position>
            <AltitudeMeters>42.0</AltitudeMeters>
            <DistanceMeters>2035.8499755859375</DistanceMeters>
            <HeartRateBpm>
              <Value>101</Value>
            </HeartRateBpm>
            <Extensions>
              <ns3:TPX>
                <ns3:Speed>1.2130000591278076</ns3:Speed>
              </ns3:TPX>
            </Extensions>
          </Trackpoint>
          <Trackpoint>
            <Time>2025-08-14T18:20:46.000Z</Time>
            <Position>
              <LatitudeDegrees>43.36987162940204</LatitudeDegrees>
              <LongitudeDegrees>-2.506521474570036</LongitudeDegrees>
            </Position>
            <AltitudeMeters>42.0</AltitudeMeters>
            <DistanceMeters>2036.8800048828125</DistanceMeters>
            <HeartRateBpm>
              <Value>105</Value>
            </HeartRateBpm>
            <Extensions>
              <ns3:TPX>
                <ns3:Speed>1.2130000591278076</ns3:Speed>
              </ns3:TPX>
            </Extensions>
          </Trackpoint>
          <Trackpoint>
            <Time>2025-08-14T18:20:47.000Z</Time>
            <Position>
              <LatitudeDegrees>43.369866432622075</LatitudeDegrees>
              <LongitudeDegrees>-2.5065393280237913</LongitudeDegrees>
            </Position>
            <AltitudeMeters>42.0</AltitudeMeters>
            <DistanceMeters>2038.3900146484375</DistanceMeters>
            <HeartRateBpm>
              <Value>105</Value>
            </HeartRateBpm>
            <Extensions>
              <ns3:TPX>
                <ns3:Speed>1.2039999961853027</ns3:Speed>
              </ns3:TPX>
            </Extensions>
          </Trackpoint>
          <Trackpoint>
            <Time>2025-08-14T18:20:48.000Z</Time>
            <Position>
              <LatitudeDegrees>43.36986240930855</LatitudeDegrees>
              <LongitudeDegrees>-2.5065581873059273</LongitudeDegrees>
            </Position>
            <AltitudeMeters>42.0</AltitudeMeters>
            <DistanceMeters>2039.489990234375</DistanceMeters>
            <HeartRateBpm>
              <Value>106</Value>
            </HeartRateBpm>
            <Extensions>
              <ns3:TPX>
                <ns3:Speed>1.2039999961853027</ns3:Speed>
              </ns3:TPX>
            </Extensions>
          </Trackpoint>
          <Trackpoint>
            <Time>2025-08-14T18:20:51.000Z</Time>
            <Position>
              <LatitudeDegrees>43.36985545232892</LatitudeDegrees>
              <LongitudeDegrees>-2.506590373814106</LongitudeDegrees>
            </Position>
            <AltitudeMeters>42.400001525878906</AltitudeMeters>
            <DistanceMeters>2044.050048828125</DistanceMeters>
            <HeartRateBpm>
              <Value>106</Value>
            </HeartRateBpm>
            <Extensions>
              <ns3:TPX>
                <ns3:Speed>1.2039999961853027</ns3:Speed>
              </ns3:TPX>
            </Extensions>
          </Trackpoint>
          <Trackpoint>
            <Time>2025-08-14T18:20:52.000Z</Time>
            <Position>
              <LatitudeDegrees>43.36984371766448</LatitudeDegrees>
              <LongitudeDegrees>-2.5065928045660257</LongitudeDegrees>
            </Position>
            <AltitudeMeters>42.599998474121094</AltitudeMeters>
            <DistanceMeters>2045.3599853515625</DistanceMeters>
            <HeartRateBpm>
              <Value>107</Value>
            </HeartRateBpm>
            <Extensions>
              <ns3:TPX>
                <ns3:Speed>1.2130000591278076</ns3:Speed>
              </ns3:TPX>
            </Extensions>
          </Trackpoint>
          <Trackpoint>
            <Time>2025-08-14T18:20:54.000Z</Time>
            <Position>
              <LatitudeDegrees>43.369850255548954</LatitudeDegrees>
              <LongitudeDegrees>-2.506566820666194</LongitudeDegrees>
            </Position>
            <AltitudeMeters>44.0</AltitudeMeters>
            <DistanceMeters>2048.1298828125</DistanceMeters>
            <HeartRateBpm>
              <Value>106</Value>
            </HeartRateBpm>
            <Extensions>
              <ns3:TPX>
                <ns3:Speed>1.194000005722046</ns3:Speed>
              </ns3:TPX>
            </Extensions>
          </Trackpoint>
        </Track>
        <Extensions>
          <ns3:LX>
            <ns3:AvgSpeed>1.3459999561309814</ns3:AvgSpeed>
            <ns3:AvgRunCadence>52</ns3:AvgRunCadence>
            <ns3:MaxRunCadence>53</ns3:MaxRunCadence>
          </ns3:LX>
        </Extensions>
      </Lap>
      <Creator xsi:type="Device_t">
        <Name>fenix 5X Plus</Name>
        <UnitId>3325297807</UnitId>
        <ProductID>3111</ProductID>
        <Version>
          <VersionMajor>19</VersionMajor>
          <VersionMinor>30</VersionMinor>
          <BuildMajor>0</BuildMajor>
          <BuildMinor>0</BuildMinor>
        </Version>
      </Creator>
    </Activity>
  </Activities>
  <Author xsi:type="Application_t">
    <Name>Connect Api</Name>
    <Build>
      <Version>
        <VersionMajor>26</VersionMajor>
        <VersionMinor>9</VersionMinor>
        <BuildMajor>0</BuildMajor>
        <BuildMinor>0</BuildMinor>
      </Version>
    </Build>
    <LangID>en</LangID>
    <PartNumber>006-D2449-00</PartNumber>
  </Author>
</TrainingCenterDatabase>
